warmup_conflicts,source_csv,repeat_id,base_instance_id,variant,instance_id,family,control_type,scale,benchmark_role,symmetry_strength,num_vars,num_clauses,final_cpu_lim,warmup_cpu_lim,checkpoint,plain_unguided_glucose_final_cpu_time,plain_unguided_glucose_protocol_accounted_time,plain_unguided_glucose_final_decisions,plain_unguided_glucose_final_conflicts,plain_unguided_glucose_final_solved,neutral_weighted_glucose_final_cpu_time,neutral_weighted_glucose_protocol_accounted_time,neutral_weighted_glucose_final_decisions,neutral_weighted_glucose_final_conflicts,neutral_weighted_glucose_final_solved,static_weighted_glucose_final_cpu_time,static_weighted_glucose_protocol_accounted_time,static_weighted_glucose_final_decisions,static_weighted_glucose_final_conflicts,static_weighted_glucose_final_solved,cached_trace_no_adapter_final_final_cpu_time,cached_trace_no_adapter_final_protocol_accounted_time,cached_trace_no_adapter_final_final_decisions,cached_trace_no_adapter_final_final_conflicts,cached_trace_no_adapter_final_final_solved,event_adapter_final_final_cpu_time,event_adapter_final_protocol_accounted_time,event_adapter_final_final_decisions,event_adapter_final_final_conflicts,event_adapter_final_final_solved,known_expected_result,event_adapter_final_known_expected_match,warmup_cpu_time,warmup_conflict_count,warmup_decisions,event_state_l2_sum,event_state_nonzero_vars,event_adapter_graph_gate_evidence,event_adapter_graph_gate_open,adapter_inference_wall_time,adapter_cached_final_cpu_delta,adapter_cached_protocol_delta,adapter_plain_final_cpu_delta,adapter_plain_protocol_delta,adapter_cached_decisions_delta,adapter_cached_conflicts_delta,neutral_plain_final_cpu_delta,static_neutral_final_cpu_delta,adapter_cached_final_cpu_improved,adapter_plain_final_cpu_improved,adapter_plain_protocol_improved
1,/home/sunshixin/chenchao/my_rlaf/runs/analysis/echosat_symmetry_grpo_v1_7_acceptance_iter=115_canonical_low_warmup_wc1_per_instance.csv,0,k10_color9,base,k10_color9,complete_coloring,strong_symmetry,large,main,strong,90,775,10.0,5.0,/home/sunshixin/chenchao/my_rlaf/runs/GNN_Glucose_3SAT_EchoSAT_SymmetryGRPO_v1_7_WC1_PositiveCap/iter=115.pt,4.36195,4.36195,340861.0,314066.0,True,4.16278,4.16278,322229.0,299168.0,True,4.15394,4.350485839309693,321840.0,298649.0,True,4.15394,4.3636808582092526,321840.0,298649.0,True,3.36838,3.5919112272430658,277364.0,257689.0,True,True,True,0.011722,1.0,8.0,136.93209838867188,90,0.6931471824645996,True,0.0137903690338134,-0.7855600000000003,-0.7717696309661868,-0.9935700000000001,-0.7700387727569344,-44476.0,-40960.0,-0.1991700000000005,-0.008839999999999293,True,True,True
1,/home/sunshixin/chenchao/my_rlaf/runs/analysis/echosat_symmetry_grpo_v1_7_acceptance_iter=115_canonical_low_warmup_wc1_per_instance.csv,0,k10_color9,perm_seed1730,k10_color9_perm1730,complete_coloring,strong_symmetry,large,main,strong,90,775,10.0,5.0,/home/sunshixin/chenchao/my_rlaf/runs/GNN_Glucose_3SAT_EchoSAT_SymmetryGRPO_v1_7_WC1_PositiveCap/iter=115.pt,5.54559,5.54559,413643.0,382655.0,True,4.34295,4.34295,283792.0,262594.0,True,4.10094,4.297485839309692,247778.0,229737.0,True,4.10094,4.304449552230298,247778.0,229737.0,True,3.96094,4.178239921264112,283662.0,265513.0,True,True,True,0.006016,1.0,8.0,136.98228454589844,90,0.6931471824645996,True,0.0137903690338134,-0.13999999999999968,-0.1262096309661862,-1.58465,-1.367350078735888,35884.0,35776.0,-1.2026399999999997,-0.2420100000000005,True,True,True
1,/home/sunshixin/chenchao/my_rlaf/runs/analysis/echosat_symmetry_grpo_v1_7_acceptance_iter=115_canonical_low_warmup_wc1_per_instance.csv,0,k10_color9,perm_seed1731,k10_color9_perm1731,complete_coloring,strong_symmetry,large,main,strong,90,775,10.0,5.0,/home/sunshixin/chenchao/my_rlaf/runs/GNN_Glucose_3SAT_EchoSAT_SymmetryGRPO_v1_7_WC1_PositiveCap/iter=115.pt,4.3749,4.3749,340033.0,312592.0,True,4.01652,4.01652,290369.0,269757.0,True,4.14829,4.344835839309693,290369.0,269757.0,True,4.14829,4.353158659736276,290369.0,269757.0,True,4.41972,4.638379028770089,340891.0,317138.0,True,True,True,0.007536,1.0,8.0,137.00555419921875,90,0.6931471824645996,True,0.0137903690338134,0.2714299999999996,0.2852203690338131,0.04481999999999964,0.2634790287700888,50522.0,47381.0,-0.35838000000000036,0.1317700000000004,False,False,False
1,/home/sunshixin/chenchao/my_rlaf/runs/analysis/echosat_symmetry_grpo_v1_7_acceptance_iter=115_canonical_low_warmup_wc1_per_instance.csv,0,k8_color7,base,k8_color7,complete_coloring,strong_symmetry,large,main,strong,56,372,10.0,5.0,/home/sunshixin/chenchao/my_rlaf/runs/GNN_Glucose_3SAT_EchoSAT_SymmetryGRPO_v1_7_WC1_PositiveCap/iter=115.pt,0.052843,0.052843,6158.0,5600.0,True,0.053309,0.053309,5946.0,5440.0,True,0.059792,0.2563378393096924,5946.0,5440.0,True,0.059792,0.264116650745213,5946.0,5440.0,True,0.042796,0.2609110197790265,5866.0,5315.0,True,True,True,0.007072,1.0,6.0,84.73548889160156,56,0.6931471824645996,True,0.0137903690338134,-0.016995999999999997,-0.0032056309661865345,-0.010047,0.20806801977902648,-80.0,-125.0,0.00046600000000000114,0.006482999999999996,True,True,False
1,/home/sunshixin/chenchao/my_rlaf/runs/analysis/echosat_symmetry_grpo_v1_7_acceptance_iter=115_canonical_low_warmup_wc1_per_instance.csv,0,k8_color7,perm_seed1730,k8_color7_perm1730,complete_coloring,strong_symmetry,large,main,strong,56,372,10.0,5.0,/home/sunshixin/chenchao/my_rlaf/runs/GNN_Glucose_3SAT_EchoSAT_SymmetryGRPO_v1_7_WC1_PositiveCap/iter=115.pt,0.053791,0.053791,6138.0,5624.0,True,0.055211,0.055211,6264.0,5696.0,True,0.062006,0.2585518393096924,6264.0,5696.0,True,0.062006,0.266449934226334,6264.0,5696.0,True,0.040327,0.2585613032601476,5657.0,5203.0,True,True,True,0.007205,1.0,6.0,84.79159545898438,56,0.6931471824645996,True,0.0137903690338134,-0.021678999999999997,-0.007888630966186416,-0.013463999999999997,0.20477030326014758,-607.0,-493.0,0.0014200000000000046,0.0067949999999999955,True,True,False
1,/home/sunshixin/chenchao/my_rlaf/runs/analysis/echosat_symmetry_grpo_v1_7_acceptance_iter=115_canonical_low_warmup_wc1_per_instance.csv,0,k8_color7,perm_seed1731,k8_color7_perm1731,complete_coloring,strong_symmetry,large,main,strong,56,372,10.0,5.0,/home/sunshixin/chenchao/my_rlaf/runs/GNN_Glucose_3SAT_EchoSAT_SymmetryGRPO_v1_7_WC1_PositiveCap/iter=115.pt,0.034399,0.034399,5800.0,5271.0,True,0.06946,0.06946,6148.0,5641.0,True,0.064264,0.2608098393096923,6148.0,5641.0,True,0.064264,0.2687162500360608,6148.0,5641.0,True,0.036824,0.2550666190698743,6264.0,5687.0,True,True,True,0.007201,1.0,6.0,84.7841796875,56,0.6931471824645996,True,0.0137903690338134,-0.02744,-0.013649630966186488,0.0024250000000000035,0.2206676190698743,116.0,46.0,0.035060999999999995,-0.005195999999999992,True,False,False
1,/home/sunshixin/chenchao/my_rlaf/runs/analysis/echosat_symmetry_grpo_v1_7_acceptance_iter=115_canonical_low_warmup_wc1_per_instance.csv,0,k9_color8,base,k9_color8,complete_coloring,strong_symmetry,large,main,strong,72,549,10.0,5.0,/home/sunshixin/chenchao/my_rlaf/runs/GNN_Glucose_3SAT_EchoSAT_SymmetryGRPO_v1_7_WC1_PositiveCap/iter=115.pt,0.688656,0.688656,46557.0,43529.0,True,0.73929,0.73929,44352.0,41138.0,True,0.642857,0.8394028393096924,43519.0,40436.0,True,0.642857,0.8472201640017629,43519.0,40436.0,True,0.387835,0.6059885330355763,33721.0,31431.0,True,True,True,0.007036,1.0,7.0,109.32144165039062,72,0.6931471824645996,True,0.0137903690338134,-0.255022,-0.2412316309661866,-0.30082100000000006,-0.08266746696442373,-9798.0,-9005.0,0.05063399999999996,-0.09643299999999999,True,True,True
1,/home/sunshixin/chenchao/my_rlaf/runs/analysis/echosat_symmetry_grpo_v1_7_acceptance_iter=115_canonical_low_warmup_wc1_per_instance.csv,0,k9_color8,perm_seed1730,k9_color8_perm1730,complete_coloring,strong_symmetry,large,main,strong,72,549,10.0,5.0,/home/sunshixin/chenchao/my_rlaf/runs/GNN_Glucose_3SAT_EchoSAT_SymmetryGRPO_v1_7_WC1_PositiveCap/iter=115.pt,0.468277,0.468277,39708.0,36681.0,True,0.877882,0.877882,45794.0,42555.0,True,0.657287,0.8538328393096923,45794.0,42555.0,True,0.657287,0.8630582384402156,45794.0,42555.0,True,0.435422,0.6549836074740291,40354.0,37389.0,True,True,True,0.008514,1.0,7.0,109.58531951904295,72,0.6931471824645996,True,0.0137903690338134,-0.22186499999999998,-0.2080746309661865,-0.03285500000000002,0.18670660747402906,-5440.0,-5166.0,0.40960500000000005,-0.2205950000000001,True,True,False
1,/home/sunshixin/chenchao/my_rlaf/runs/analysis/echosat_symmetry_grpo_v1_7_acceptance_iter=115_canonical_low_warmup_wc1_per_instance.csv,0,k9_color8,perm_seed1731,k9_color8_perm1731,complete_coloring,strong_symmetry,large,main,strong,72,549,10.0,5.0,/home/sunshixin/chenchao/my_rlaf/runs/GNN_Glucose_3SAT_EchoSAT_SymmetryGRPO_v1_7_WC1_PositiveCap/iter=115.pt,0.614545,0.614545,47177.0,43763.0,True,0.69822,0.69822,47579.0,44103.0,True,0.752017,0.9136023309631348,47579.0,44103.0,True,0.752017,0.9179903835166096,47579.0,44103.0,True,0.560256,0.7356075783255696,44972.0,41853.0,True,True,True,0.003724,1.0,7.0,109.56788635253906,72,0.6931471824645996,True,0.0093781948089599,-0.19176100000000007,-0.18238280519104,-0.05428900000000003,0.12106257832556955,-2607.0,-2250.0,0.08367499999999994,0.053797000000000095,True,True,False
1,/home/sunshixin/chenchao/my_rlaf/runs/analysis/echosat_symmetry_grpo_v1_7_acceptance_iter=115_canonical_low_warmup_wc1_per_instance.csv,0,php_p10_h9,base,php_p10_h9,php,strong_symmetry,large,main,strong,90,775,10.0,5.0,/home/sunshixin/chenchao/my_rlaf/runs/GNN_Glucose_3SAT_EchoSAT_SymmetryGRPO_v1_7_WC1_PositiveCap/iter=115.pt,4.30467,4.30467,340861.0,314066.0,True,4.6675,4.6675,322229.0,299168.0,True,4.14219,4.303775330963135,321840.0,298649.0,True,4.14219,4.310030248021186,321840.0,298649.0,True,3.35906,3.5362784428301453,277364.0,257689.0,True,True,True,0.00562,1.0,8.0,136.93209838867188,90,0.6931471824645996,True,0.0093781948089599,-0.7831300000000003,-0.7737518051910408,-0.9456099999999998,-0.7683915571698545,-44476.0,-40960.0,0.36283000000000065,-0.5253100000000002,True,True,True
1,/home/sunshixin/chenchao/my_rlaf/runs/analysis/echosat_symmetry_grpo_v1_7_acceptance_iter=115_canonical_low_warmup_wc1_per_instance.csv,0,php_p10_h9,perm_seed1730,php_p10_h9_perm1730,php,strong_symmetry,large,main,strong,90,775,10.0,5.0,/home/sunshixin/chenchao/my_rlaf/runs/GNN_Glucose_3SAT_EchoSAT_SymmetryGRPO_v1_7_WC1_PositiveCap/iter=115.pt,5.21413,5.21413,413643.0,382655.0,True,4.76992,4.76992,283792.0,262594.0,True,4.14972,4.311305330963135,247778.0,229737.0,True,4.14972,4.317376364418924,247778.0,229737.0,True,4.28159,4.458624559227883,297908.0,279546.0,True,True,True,0.005316,1.0,8.0,136.98228454589844,90,0.6931471824645996,True,0.0093781948089599,0.13186999999999927,0.14124819480895923,-0.9325400000000004,-0.7555054407721169,50130.0,49809.0,-0.44421,-0.6201999999999996,False,True,True
1,/home/sunshixin/chenchao/my_rlaf/runs/analysis/echosat_symmetry_grpo_v1_7_acceptance_iter=115_canonical_low_warmup_wc1_per_instance.csv,0,php_p10_h9,perm_seed1731,php_p10_h9_perm1731,php,strong_symmetry,large,main,strong,90,775,10.0,5.0,/home/sunshixin/chenchao/my_rlaf/runs/GNN_Glucose_3SAT_EchoSAT_SymmetryGRPO_v1_7_WC1_PositiveCap/iter=115.pt,4.15818,4.15818,340033.0,312592.0,True,4.48359,4.48359,290369.0,269757.0,True,4.28275,4.444335330963135,290369.0,269757.0,True,4.28275,4.450360525270045,290369.0,269757.0,True,4.31629,4.493278720079005,340891.0,317138.0,True,True,True,0.005244,1.0,8.0,137.00555419921875,90,0.6931471824645996,True,0.0093781948089599,0.03354000000000035,0.04291819480896031,0.15811000000000064,0.33509872007900565,50522.0,47381.0,0.32541000000000064,-0.20084000000000035,False,False,False
1,/home/sunshixin/chenchao/my_rlaf/runs/analysis/echosat_symmetry_grpo_v1_7_acceptance_iter=115_canonical_low_warmup_wc1_per_instance.csv,0,php_p9_h8,base,php_p9_h8,php,strong_symmetry,large,main,strong,72,549,10.0,5.0,/home/sunshixin/chenchao/my_rlaf/runs/GNN_Glucose_3SAT_EchoSAT_SymmetryGRPO_v1_7_WC1_PositiveCap/iter=115.pt,0.706595,0.706595,46557.0,43529.0,True,0.815461,0.815461,44352.0,41138.0,True,0.727036,0.8886213309631348,43519.0,40436.0,True,0.727036,0.8920829105842709,43519.0,40436.0,True,0.392643,0.5670681053932309,33721.0,31431.0,True,True,True,0.002805,1.0,7.0,109.32144165039062,72,0.6931471824645996,True,0.0093781948089599,-0.334393,-0.32501480519104,-0.31395199999999995,-0.13952689460676904,-9798.0,-9005.0,0.10886600000000002,-0.08842499999999998,True,True,True
1,/home/sunshixin/chenchao/my_rlaf/runs/analysis/echosat_symmetry_grpo_v1_7_acceptance_iter=115_canonical_low_warmup_wc1_per_instance.csv,0,php_p9_h8,perm_seed1730,php_p9_h8_perm1730,php,strong_symmetry,large,main,strong,72,549,10.0,5.0,/home/sunshixin/chenchao/my_rlaf/runs/GNN_Glucose_3SAT_EchoSAT_SymmetryGRPO_v1_7_WC1_PositiveCap/iter=115.pt,0.468772,0.468772,39708.0,36681.0,True,0.719332,0.719332,45794.0,42555.0,True,0.795963,0.9575483309631349,45794.0,42555.0,True,0.795963,0.962580569777906,45794.0,42555.0,True,0.437556,0.6135517645868659,40354.0,37389.0,True,True,True,0.004399,1.0,7.0,109.58531951904295,72,0.6931471824645996,True,0.0093781948089599,-0.358407,-0.34902880519104007,-0.03121600000000002,0.14477976458686587,-5440.0,-5166.0,0.25055999999999995,0.076631,True,True,False
1,/home/sunshixin/chenchao/my_rlaf/runs/analysis/echosat_symmetry_grpo_v1_7_acceptance_iter=115_canonical_low_warmup_wc1_per_instance.csv,0,php_p9_h8,perm_seed1731,php_p9_h8_perm1731,php,strong_symmetry,large,main,strong,72,549,10.0,5.0,/home/sunshixin/chenchao/my_rlaf/runs/GNN_Glucose_3SAT_EchoSAT_SymmetryGRPO_v1_7_WC1_PositiveCap/iter=115.pt,0.723351,0.723351,47177.0,43763.0,True,0.817431,0.817431,47579.0,44103.0,True,0.866658,1.028243330963135,47579.0,44103.0,True,0.866658,1.0319859236500264,47579.0,44103.0,True,0.541519,0.7162251184589863,44972.0,41853.0,True,True,True,0.003113,1.0,7.0,109.56788635253906,72,0.6931471824645996,True,0.0093781948089599,-0.32513900000000007,-0.3157608051910401,-0.181832,-0.007125881541013679,-2607.0,-2250.0,0.09408000000000005,0.04922700000000002,True,True,True
1,/home/sunshixin/chenchao/my_rlaf/runs/analysis/echosat_symmetry_grpo_v1_7_acceptance_iter=115_canonical_low_warmup_wc1_per_instance.csv,0,random_3sat_control_v160_c704_seed2615,base,random_3sat_control_v160_c704_seed2615,random_3sat_control,non_symmetric_control,large,control,none,160,704,10.0,5.0,/home/sunshixin/chenchao/my_rlaf/runs/GNN_Glucose_3SAT_EchoSAT_SymmetryGRPO_v1_7_WC1_PositiveCap/iter=115.pt,0.064107,0.064107,6771.0,5767.0,True,0.052682,0.052682,5702.0,4813.0,True,0.052782,0.2143673309631347,4859.0,4212.0,True,0.052782,0.2187960816175341,4859.0,4212.0,True,0.053462,0.2288542764264941,5652.0,4794.0,True,False,False,0.003479,1.0,20.0,250.25311279296875,160,0.6931471824645996,True,0.0093781948089599,0.00068,0.010058194808960003,-0.010644999999999995,0.16474727642649412,793.0,582.0,-0.011424999999999998,0.00010000000000000286,False,True,False
1,/home/sunshixin/chenchao/my_rlaf/runs/analysis/echosat_symmetry_grpo_v1_7_acceptance_iter=115_canonical_low_warmup_wc1_per_instance.csv,0,random_3sat_control_v160_c704_seed2615,perm_seed1730,random_3sat_control_v160_c704_seed2615_perm1730,random_3sat_control,non_symmetric_control,large,control,none,160,704,10.0,5.0,/home/sunshixin/chenchao/my_rlaf/runs/GNN_Glucose_3SAT_EchoSAT_SymmetryGRPO_v1_7_WC1_PositiveCap/iter=115.pt,0.113578,0.113578,8522.0,7299.0,True,0.084889,0.084889,7934.0,6809.0,True,0.050316,2.3779274463806157,4602.0,4008.0,True,0.050316,2.383958348824501,4602.0,4008.0,True,0.058688,2.431458413933754,5840.0,5008.0,True,False,False,0.005236,1.0,20.0,250.9976043701172,160,0.6931471824645996,True,0.0391280651092529,0.008371999999999997,0.047500065109252976,-0.05489,2.317880413933754,1238.0,1000.0,-0.028688999999999992,-0.034573000000000007,False,True,False
1,/home/sunshixin/chenchao/my_rlaf/runs/analysis/echosat_symmetry_grpo_v1_7_acceptance_iter=115_canonical_low_warmup_wc1_per_instance.csv,0,random_3sat_control_v160_c704_seed2615,perm_seed1731,random_3sat_control_v160_c704_seed2615_perm1731,random_3sat_control,non_symmetric_control,large,control,none,160,704,10.0,5.0,/home/sunshixin/chenchao/my_rlaf/runs/GNN_Glucose_3SAT_EchoSAT_SymmetryGRPO_v1_7_WC1_PositiveCap/iter=115.pt,0.049129,0.049129,5676.0,4847.0,True,0.111507,0.111507,8017.0,6851.0,True,0.046546,2.3741574463806154,4961.0,4384.0,True,0.046546,2.3784697635339502,4961.0,4384.0,True,0.047478,2.418529828643203,5099.0,4340.0,True,False,False,0.003512,1.0,20.0,250.14382934570312,160,0.6931471824645996,True,0.0391280651092529,0.0009320000000000023,0.04006006510925264,-0.0016509999999999997,2.3694008286432027,138.0,-44.0,0.062377999999999996,-0.06496099999999999,False,True,False
1,/home/sunshixin/chenchao/my_rlaf/runs/analysis/echosat_symmetry_grpo_v1_7_acceptance_iter=115_canonical_low_warmup_wc1_per_instance.csv,0,random_3sat_control_v180_c760_seed3301,base,random_3sat_control_v180_c760_seed3301,random_3sat_control,non_symmetric_control,large,control,none,180,760,10.0,5.0,/home/sunshixin/chenchao/my_rlaf/runs/GNN_Glucose_3SAT_EchoSAT_SymmetryGRPO_v1_7_WC1_PositiveCap/iter=115.pt,0.550654,0.550654,27442.0,23617.0,True,0.144995,0.144995,10470.0,8910.0,True,0.007167,2.334778446380615,693.0,567.0,True,0.007167,2.33934170024091,693.0,567.0,True,0.488656,2.8599587653501626,33478.0,29309.0,True,False,False,0.003697,1.0,25.0,290.802978515625,180,0.6931471824645996,True,0.0391280651092529,0.481489,0.5206170651092528,-0.061998,2.309304765350163,32785.0,28742.0,-0.405659,-0.137828,False,True,False
1,/home/sunshixin/chenchao/my_rlaf/runs/analysis/echosat_symmetry_grpo_v1_7_acceptance_iter=115_canonical_low_warmup_wc1_per_instance.csv,0,random_3sat_control_v180_c760_seed3301,perm_seed1730,random_3sat_control_v180_c760_seed3301_perm1730,random_3sat_control,non_symmetric_control,large,control,none,180,760,10.0,5.0,/home/sunshixin/chenchao/my_rlaf/runs/GNN_Glucose_3SAT_EchoSAT_SymmetryGRPO_v1_7_WC1_PositiveCap/iter=115.pt,1.09559,1.09559,47649.0,41152.0,True,0.096867,0.096867,7421.0,6253.0,True,0.009655,2.337266446380615,643.0,525.0,True,0.009655,2.341727920398533,643.0,525.0,True,0.647229,3.0184299855077867,41335.0,36434.0,True,False,False,0.003547,1.0,25.0,292.0396728515625,180,0.6931471824645996,True,0.0391280651092529,0.6375740000000001,0.6767020651092537,-0.448361,1.9228399855077867,40692.0,35909.0,-0.998723,-0.087212,False,True,False
1,/home/sunshixin/chenchao/my_rlaf/runs/analysis/echosat_symmetry_grpo_v1_7_acceptance_iter=115_canonical_low_warmup_wc1_per_instance.csv,0,random_3sat_control_v180_c760_seed3301,perm_seed1731,random_3sat_control_v180_c760_seed3301_perm1731,random_3sat_control,non_symmetric_control,large,control,none,180,760,10.0,5.0,/home/sunshixin/chenchao/my_rlaf/runs/GNN_Glucose_3SAT_EchoSAT_SymmetryGRPO_v1_7_WC1_PositiveCap/iter=115.pt,0.491934,0.491934,27197.0,23469.0,True,0.137252,0.137252,9011.0,7714.0,True,0.014502,2.342113446380615,590.0,484.0,True,0.014502,2.346517728204608,590.0,484.0,True,0.505215,2.876358793313861,33934.0,29781.0,True,False,False,0.003596,1.0,25.0,291.0475769042969,180,0.6931471824645996,True,0.0391280651092529,0.49071299999999995,0.5298410651092529,0.013280999999999987,2.384424793313861,33344.0,29297.0,-0.35468199999999994,-0.12275000000000001,False,False,False
1,/home/sunshixin/chenchao/my_rlaf/runs/analysis/echosat_symmetry_grpo_v1_7_acceptance_iter=115_canonical_low_warmup_wc1_per_instance.csv,0,random_3sat_control_v220_c928_seed3303,base,random_3sat_control_v220_c928_seed3303,random_3sat_control,non_symmetric_control,large,control,none,220,928,10.0,5.0,/home/sunshixin/chenchao/my_rlaf/runs/GNN_Glucose_3SAT_EchoSAT_SymmetryGRPO_v1_7_WC1_PositiveCap/iter=115.pt,0.724506,0.724506,30277.0,25994.0,True,0.518546,0.518546,22265.0,19025.0,True,0.005858,2.333469446380615,62.0,4.0,True,0.005858,2.3382464493496418,62.0,4.0,True,0.011596,2.3831125144588947,954.0,736.0,True,False,False,0.003959,1.0,28.0,332.48345947265625,220,0.6931471824645996,True,0.0391280651092529,0.005738,0.04486606510925295,-0.7129099999999999,1.6586065144588948,892.0,732.0,-0.20596000000000003,-0.5126879999999999,False,True,False
1,/home/sunshixin/chenchao/my_rlaf/runs/analysis/echosat_symmetry_grpo_v1_7_acceptance_iter=115_canonical_low_warmup_wc1_per_instance.csv,0,random_3sat_control_v220_c928_seed3303,perm_seed1730,random_3sat_control_v220_c928_seed3303_perm1730,random_3sat_control,non_symmetric_control,large,control,none,220,928,10.0,5.0,/home/sunshixin/chenchao/my_rlaf/runs/GNN_Glucose_3SAT_EchoSAT_SymmetryGRPO_v1_7_WC1_PositiveCap/iter=115.pt,1.54313,1.54313,52742.0,45477.0,True,0.254804,0.254804,13039.0,11071.0,True,0.00686,2.3344714463806158,62.0,4.0,True,0.00686,2.3393322557836176,62.0,4.0,True,0.008697,2.3802973208928706,640.0,470.0,True,False,False,0.004054,1.0,28.0,330.46795654296875,220,0.6931471824645996,True,0.0391280651092529,0.001837,0.04096506510925302,-1.534433,0.8371673208928707,578.0,466.0,-1.2883259999999999,-0.24794399999999997,False,True,False
1,/home/sunshixin/chenchao/my_rlaf/runs/analysis/echosat_symmetry_grpo_v1_7_acceptance_iter=115_canonical_low_warmup_wc1_per_instance.csv,0,random_3sat_control_v220_c928_seed3303,perm_seed1731,random_3sat_control_v220_c928_seed3303_perm1731,random_3sat_control,non_symmetric_control,large,control,none,220,928,10.0,5.0,/home/sunshixin/chenchao/my_rlaf/runs/GNN_Glucose_3SAT_EchoSAT_SymmetryGRPO_v1_7_WC1_PositiveCap/iter=115.pt,0.056656,0.056656,4930.0,4147.0,True,0.375278,0.375278,19684.0,16814.0,True,0.004468,2.332079446380616,63.0,4.0,True,0.004468,2.3371701679059864,63.0,4.0,True,0.007973,2.379803233015239,995.0,775.0,True,False,False,0.004022,1.0,28.0,331.7943725585937,220,0.6931471824645996,True,0.0391280651092529,0.0035049999999999994,0.04263306510925258,-0.048683,2.323147233015239,932.0,771.0,0.318622,-0.37081,False,True,False
1,/home/sunshixin/chenchao/my_rlaf/runs/analysis/echosat_symmetry_grpo_v1_7_acceptance_iter=115_canonical_low_warmup_wc1_per_instance.csv,0,random_3sat_control_v220_c942_seed3304,base,random_3sat_control_v220_c942_seed3304,random_3sat_control,non_symmetric_control,large,control,none,220,942,10.0,5.0,/home/sunshixin/chenchao/my_rlaf/runs/GNN_Glucose_3SAT_EchoSAT_SymmetryGRPO_v1_7_WC1_PositiveCap/iter=115.pt,0.665111,0.665111,35472.0,30813.0,True,1.14664,1.14664,41376.0,36046.0,True,0.552314,0.8815128372802734,26754.0,23980.0,True,0.552314,0.8867633539466262,26754.0,23980.0,True,0.640155,0.982780203861177,40296.0,36065.0,True,False,False,0.004453,1.0,24.0,322.4337158203125,220,0.6931471824645996,True,0.0081758499145507,0.08784100000000006,0.09601684991455084,-0.024955999999999978,0.31766920386117703,13542.0,12085.0,0.4815290000000001,-0.5943260000000001,False,True,False
1,/home/sunshixin/chenchao/my_rlaf/runs/analysis/echosat_symmetry_grpo_v1_7_acceptance_iter=115_canonical_low_warmup_wc1_per_instance.csv,0,random_3sat_control_v220_c942_seed3304,perm_seed1730,random_3sat_control_v220_c942_seed3304_perm1730,random_3sat_control,non_symmetric_control,large,control,none,220,942,10.0,5.0,/home/sunshixin/chenchao/my_rlaf/runs/GNN_Glucose_3SAT_EchoSAT_SymmetryGRPO_v1_7_WC1_PositiveCap/iter=115.pt,0.66331,0.66331,34825.0,30052.0,True,0.671814,0.671814,33221.0,28818.0,True,0.460551,0.7897498372802734,26445.0,23804.0,True,0.460551,0.7950890892474651,26445.0,23804.0,True,0.618868,0.961581939162016,39843.0,35462.0,True,False,False,0.004477,1.0,24.0,324.02960205078125,220,0.6931471824645996,True,0.0081758499145507,0.15831699999999999,0.16649284991455082,-0.04444199999999998,0.298271939162016,13398.0,11658.0,0.008504000000000067,-0.21126300000000003,False,True,False
1,/home/sunshixin/chenchao/my_rlaf/runs/analysis/echosat_symmetry_grpo_v1_7_acceptance_iter=115_canonical_low_warmup_wc1_per_instance.csv,0,random_3sat_control_v220_c942_seed3304,perm_seed1731,random_3sat_control_v220_c942_seed3304_perm1731,random_3sat_control,non_symmetric_control,large,control,none,220,942,10.0,5.0,/home/sunshixin/chenchao/my_rlaf/runs/GNN_Glucose_3SAT_EchoSAT_SymmetryGRPO_v1_7_WC1_PositiveCap/iter=115.pt,0.71223,0.71223,38737.0,33758.0,True,0.801042,0.801042,38909.0,33544.0,True,0.49466,0.8238588372802734,26149.0,23448.0,True,0.49466,0.8293314225792289,26149.0,23448.0,True,0.633276,0.9761232724937796,40623.0,36390.0,True,False,False,0.004529,1.0,24.0,324.64569091796875,220,0.6931471824645996,True,0.0081758499145507,0.13861599999999996,0.14679184991455074,-0.07895400000000008,0.2638932724937796,14474.0,12942.0,0.088812,-0.30638200000000004,False,True,False
1,/home/sunshixin/chenchao/my_rlaf/runs/analysis/echosat_symmetry_grpo_v1_7_acceptance_iter=115_canonical_low_warmup_wc1_per_instance.csv,0,random_3sat_control_v260_c1097_seed3305,base,random_3sat_control_v260_c1097_seed3305,random_3sat_control,non_symmetric_control,large,control,none,260,1097,10.0,5.0,/home/sunshixin/chenchao/my_rlaf/runs/GNN_Glucose_3SAT_EchoSAT_SymmetryGRPO_v1_7_WC1_PositiveCap/iter=115.pt,7.58497,7.58497,216854.0,188499.0,True,2.41425,2.41425,73626.0,64181.0,True,1.38019,1.7093888372802737,60642.0,54350.0,True,1.38019,1.7156886728100778,60642.0,54350.0,True,1.92468,2.2683545227246285,88260.0,78755.0,True,False,False,0.005303,1.0,35.0,390.6428833007813,260,0.6931471824645996,True,0.0081758499145507,0.5444899999999999,0.5526658499145507,-5.66029,-5.316615477275372,27618.0,24405.0,-5.17072,-1.03406,False,True,True
1,/home/sunshixin/chenchao/my_rlaf/runs/analysis/echosat_symmetry_grpo_v1_7_acceptance_iter=115_canonical_low_warmup_wc1_per_instance.csv,0,random_3sat_control_v260_c1097_seed3305,perm_seed1730,random_3sat_control_v260_c1097_seed3305_perm1730,random_3sat_control,non_symmetric_control,large,control,none,260,1097,10.0,5.0,/home/sunshixin/chenchao/my_rlaf/runs/GNN_Glucose_3SAT_EchoSAT_SymmetryGRPO_v1_7_WC1_PositiveCap/iter=115.pt,7.68805,7.68805,224505.0,195557.0,True,0.685417,0.685417,27246.0,23387.0,True,1.35674,1.6859388372802735,60686.0,54724.0,True,1.35674,1.6894287574866411,60686.0,54724.0,True,3.55712,3.897984607401192,157336.0,140708.0,True,False,False,0.002625,1.0,35.0,390.0680847167969,260,0.6931471824645996,True,0.0081758499145507,2.20038,2.208555849914551,-4.130929999999999,-3.7900653925988075,96650.0,85984.0,-7.002632999999999,0.671323,False,True,True
1,/home/sunshixin/chenchao/my_rlaf/runs/analysis/echosat_symmetry_grpo_v1_7_acceptance_iter=115_canonical_low_warmup_wc1_per_instance.csv,0,random_3sat_control_v260_c1097_seed3305,perm_seed1731,random_3sat_control_v260_c1097_seed3305_perm1731,random_3sat_control,non_symmetric_control,large,control,none,260,1097,10.0,5.0,/home/sunshixin/chenchao/my_rlaf/runs/GNN_Glucose_3SAT_EchoSAT_SymmetryGRPO_v1_7_WC1_PositiveCap/iter=115.pt,4.46827,4.46827,105916.0,92052.0,True,5.36313,5.36313,162997.0,142194.0,True,1.09497,1.4241688372802734,48534.0,43247.0,True,1.09497,1.4304915924597978,48534.0,43247.0,True,0.473048,0.8167454423743487,26912.0,23693.0,True,False,False,0.005482,1.0,35.0,389.6698913574219,260,0.6931471824645996,True,0.0081758499145507,-0.621922,-0.6137461500854492,-3.9952220000000005,-3.6515245576256516,-21622.0,-19554.0,0.8948599999999995,-4.26816,True,True,True
1,/home/sunshixin/chenchao/my_rlaf/runs/analysis/echosat_symmetry_grpo_v1_7_acceptance_iter=115_canonical_low_warmup_wc1_per_instance.csv,0,random_3sat_control_v260_c1113_seed3306,base,random_3sat_control_v260_c1113_seed3306,random_3sat_control,non_symmetric_control,large,control,none,260,1113,10.0,5.0,/home/sunshixin/chenchao/my_rlaf/runs/GNN_Glucose_3SAT_EchoSAT_SymmetryGRPO_v1_7_WC1_PositiveCap/iter=115.pt,5.55706,5.55706,178146.0,155541.0,True,6.23207,6.23207,186876.0,163308.0,True,6.39595,6.7251488372802735,226200.0,205404.0,True,6.39595,6.7311993140713575,226200.0,205404.0,True,5.94999,6.293415163985908,247323.0,217613.0,True,False,False,0.005047,1.0,33.0,397.6284790039063,260,0.6931471824645996,True,0.0081758499145507,-0.44596000000000036,-0.4377841500854496,0.3929299999999998,0.7363551639859081,21123.0,12209.0,0.6750100000000003,0.1638799999999998,True,False,False
1,/home/sunshixin/chenchao/my_rlaf/runs/analysis/echosat_symmetry_grpo_v1_7_acceptance_iter=115_canonical_low_warmup_wc1_per_instance.csv,0,random_3sat_control_v260_c1113_seed3306,perm_seed1730,random_3sat_control_v260_c1113_seed3306_perm1730,random_3sat_control,non_symmetric_control,large,control,none,260,1113,10.0,5.0,/home/sunshixin/chenchao/my_rlaf/runs/GNN_Glucose_3SAT_EchoSAT_SymmetryGRPO_v1_7_WC1_PositiveCap/iter=115.pt,5.45958,5.45958,171334.0,149746.0,True,6.20667,6.20667,206936.0,180741.0,True,5.64537,5.974568837280273,206101.0,186162.0,True,5.64537,5.980263255354703,206101.0,186162.0,True,5.94652,6.289589105269253,255479.0,224506.0,True,False,False,0.004819,1.0,33.0,396.3316650390625,260,0.6931471824645996,True,0.0081758499145507,0.3011499999999998,0.3093258499145506,0.4869399999999997,0.8300091052692533,49378.0,38344.0,0.74709,-0.5613000000000001,False,False,False
1,/home/sunshixin/chenchao/my_rlaf/runs/analysis/echosat_symmetry_grpo_v1_7_acceptance_iter=115_canonical_low_warmup_wc1_per_instance.csv,0,random_3sat_control_v260_c1113_seed3306,perm_seed1731,random_3sat_control_v260_c1113_seed3306_perm1731,random_3sat_control,non_symmetric_control,large,control,none,260,1113,10.0,5.0,/home/sunshixin/chenchao/my_rlaf/runs/GNN_Glucose_3SAT_EchoSAT_SymmetryGRPO_v1_7_WC1_PositiveCap/iter=115.pt,6.53598,6.53598,202621.0,177648.0,True,6.62261,6.62261,214985.0,187707.0,True,6.06361,6.162617844924927,217745.0,196903.0,True,6.06361,6.168481656769275,217745.0,196903.0,True,6.31156,6.419649115494251,257051.0,226743.0,True,False,False,0.004981,1.0,33.0,397.0461730957031,260,0.6931471824645996,True,0.0032174587249755,0.24795000000000034,0.2511674587249759,-0.22442000000000029,-0.11633088450574913,39306.0,29840.0,0.08662999999999954,-0.5590000000000002,False,True,True
1,/home/sunshixin/chenchao/my_rlaf/runs/analysis/echosat_symmetry_grpo_v1_7_acceptance_iter=115_canonical_low_warmup_wc1_per_instance.csv,0,random_3sat_control_v300_c1266_seed3307,base,random_3sat_control_v300_c1266_seed3307,random_3sat_control,non_symmetric_control,large,control,none,300,1266,10.0,5.0,/home/sunshixin/chenchao/my_rlaf/runs/GNN_Glucose_3SAT_EchoSAT_SymmetryGRPO_v1_7_WC1_PositiveCap/iter=115.pt,0.217642,0.217642,12894.0,10895.0,True,2.23308,2.23308,71356.0,61376.0,True,0.016089,0.1150968449249267,288.0,182.0,True,0.016089,0.1223551253159046,288.0,182.0,True,0.039276,0.1487595840408802,2672.0,2174.0,True,False,False,0.006363,1.0,46.0,466.681884765625,300,0.6931471824645996,True,0.0032174587249755,0.023187,0.026404458724975585,-0.178366,-0.06888241595911981,2384.0,1992.0,2.015438,-2.216991,False,True,True
1,/home/sunshixin/chenchao/my_rlaf/runs/analysis/echosat_symmetry_grpo_v1_7_acceptance_iter=115_canonical_low_warmup_wc1_per_instance.csv,0,random_3sat_control_v300_c1266_seed3307,perm_seed1730,random_3sat_control_v300_c1266_seed3307_perm1730,random_3sat_control,non_symmetric_control,large,control,none,300,1266,10.0,5.0,/home/sunshixin/chenchao/my_rlaf/runs/GNN_Glucose_3SAT_EchoSAT_SymmetryGRPO_v1_7_WC1_PositiveCap/iter=115.pt,1.54385,1.54385,43103.0,37339.0,True,1.81818,1.81818,63498.0,54506.0,True,0.00861,0.1076178449249267,321.0,205.0,True,0.00861,0.114977990950644,321.0,205.0,True,0.036139,0.1457244496756196,2531.0,2020.0,True,False,False,0.006315,1.0,46.0,465.9733581542969,300,0.6931471824645996,True,0.0032174587249755,0.027528999999999998,0.030746458724975598,-1.507711,-1.3981255503243804,2210.0,1815.0,0.27432999999999996,-1.80957,False,True,True
1,/home/sunshixin/chenchao/my_rlaf/runs/analysis/echosat_symmetry_grpo_v1_7_acceptance_iter=115_canonical_low_warmup_wc1_per_instance.csv,0,random_3sat_control_v300_c1266_seed3307,perm_seed1731,random_3sat_control_v300_c1266_seed3307_perm1731,random_3sat_control,non_symmetric_control,large,control,none,300,1266,10.0,5.0,/home/sunshixin/chenchao/my_rlaf/runs/GNN_Glucose_3SAT_EchoSAT_SymmetryGRPO_v1_7_WC1_PositiveCap/iter=115.pt,2.26504,2.26504,66962.0,57424.0,True,0.09758,0.09758,7524.0,6304.0,True,0.016014,0.1150218449249267,375.0,247.0,True,0.016014,0.1190889866674542,375.0,247.0,True,0.035989,0.1422814453924298,2464.0,2003.0,True,False,False,0.003187,1.0,46.0,465.2885437011719,300,0.6931471824645996,True,0.0032174587249755,0.019975,0.023192458724975593,-2.229051,-2.1227585546075702,2089.0,1756.0,-2.16746,-0.081566,False,True,True
1,/home/sunshixin/chenchao/my_rlaf/runs/analysis/echosat_symmetry_grpo_v1_7_acceptance_iter=115_canonical_low_warmup_wc1_per_instance.csv,0,subset_cardinality_bw10,base,subset_cardinality_bw10,subset_cardinality,weak_symmetry,large,main,weak,41,92,10.0,5.0,/home/sunshixin/chenchao/my_rlaf/runs/GNN_Glucose_3SAT_EchoSAT_SymmetryGRPO_v1_7_WC1_PositiveCap/iter=115.pt,0.00221,0.00221,193.0,141.0,True,0.004561,0.004561,237.0,193.0,True,0.001791,0.1007988449249267,162.0,142.0,True,0.001791,0.1026695583856105,162.0,142.0,True,0.003248,0.1073440171105861,179.0,151.0,True,True,True,0.001219,1.0,5.0,62.83808517456055,41,0.6931471824645996,True,0.0032174587249755,0.001457,0.0046744587249756,0.0010379999999999999,0.10513401711058609,17.0,9.0,0.002351,-0.00277,False,False,False
1,/home/sunshixin/chenchao/my_rlaf/runs/analysis/echosat_symmetry_grpo_v1_7_acceptance_iter=115_canonical_low_warmup_wc1_per_instance.csv,0,subset_cardinality_bw10,perm_seed1730,subset_cardinality_bw10_perm1730,subset_cardinality,weak_symmetry,large,main,weak,41,92,10.0,5.0,/home/sunshixin/chenchao/my_rlaf/runs/GNN_Glucose_3SAT_EchoSAT_SymmetryGRPO_v1_7_WC1_PositiveCap/iter=115.pt,0.002333,0.002333,218.0,167.0,True,0.001413,0.001413,221.0,169.0,True,0.001695,0.1007028449249267,156.0,137.0,True,0.001695,0.1016784580736756,156.0,137.0,True,0.001476,0.1046769167986512,181.0,158.0,True,True,True,0.000319,1.0,6.0,62.92706298828125,41,0.6931471824645996,True,0.0032174587249755,-0.0002189999999999998,0.002998458724975589,-0.0008569999999999999,0.1023439167986512,25.0,21.0,-0.00092,0.0002819999999999999,True,True,False
1,/home/sunshixin/chenchao/my_rlaf/runs/analysis/echosat_symmetry_grpo_v1_7_acceptance_iter=115_canonical_low_warmup_wc1_per_instance.csv,0,subset_cardinality_bw10,perm_seed1731,subset_cardinality_bw10_perm1731,subset_cardinality,weak_symmetry,large,main,weak,41,92,10.0,5.0,/home/sunshixin/chenchao/my_rlaf/runs/GNN_Glucose_3SAT_EchoSAT_SymmetryGRPO_v1_7_WC1_PositiveCap/iter=115.pt,0.001738,0.001738,202.0,147.0,True,0.000605,0.000605,247.0,155.0,True,0.001533,0.1005408449249267,203.0,164.0,True,0.001533,0.1024622652723193,203.0,164.0,True,0.002582,0.1067287239972949,174.0,147.0,True,True,True,0.001145,1.0,7.0,62.392337799072266,41,0.6931471824645996,True,0.0032174587249755,0.001049,0.004266458724975594,0.0008440000000000001,0.1049907239972949,-29.0,-17.0,-0.001133,0.0009280000000000001,False,False,False
1,/home/sunshixin/chenchao/my_rlaf/runs/analysis/echosat_symmetry_grpo_v1_7_acceptance_iter=115_canonical_low_warmup_wc1_per_instance.csv,0,subset_cardinality_bw12,base,subset_cardinality_bw12,subset_cardinality,weak_symmetry,large,main,weak,49,108,10.0,5.0,/home/sunshixin/chenchao/my_rlaf/runs/GNN_Glucose_3SAT_EchoSAT_SymmetryGRPO_v1_7_WC1_PositiveCap/iter=115.pt,0.002254,0.002254,442.0,342.0,True,0.004466,0.004466,491.0,414.0,True,0.002069,0.1010768449249267,384.0,312.0,True,0.002069,0.1030266090120673,384.0,312.0,True,0.003236,0.1074110677370429,397.0,310.0,True,True,True,0.001254,1.0,9.0,75.44426727294922,49,0.6931471824645996,True,0.0032174587249755,0.001167,0.004384458724975601,0.0009820000000000002,0.10515706773704289,13.0,-2.0,0.0022120000000000004,-0.0023970000000000003,False,False,False
1,/home/sunshixin/chenchao/my_rlaf/runs/analysis/echosat_symmetry_grpo_v1_7_acceptance_iter=115_canonical_low_warmup_wc1_per_instance.csv,0,subset_cardinality_bw12,perm_seed1730,subset_cardinality_bw12_perm1730,subset_cardinality,weak_symmetry,large,main,weak,49,108,10.0,5.0,/home/sunshixin/chenchao/my_rlaf/runs/GNN_Glucose_3SAT_EchoSAT_SymmetryGRPO_v1_7_WC1_PositiveCap/iter=115.pt,0.002166,0.002166,440.0,329.0,True,0.002863,0.002863,397.0,314.0,True,0.002331,0.042705755859375,343.0,268.0,True,0.002331,0.0445900457173585,343.0,268.0,True,0.0,0.0713227473469972,374.0,309.0,True,True,True,0.001244,1.0,7.0,73.95069122314453,49,0.6931471824645996,True,0.0290637016296386,-0.002331,0.0267327016296387,-0.002166,0.0691567473469972,31.0,41.0,0.0006970000000000001,-0.0005319999999999999,True,True,False
1,/home/sunshixin/chenchao/my_rlaf/runs/analysis/echosat_symmetry_grpo_v1_7_acceptance_iter=115_canonical_low_warmup_wc1_per_instance.csv,0,subset_cardinality_bw12,perm_seed1731,subset_cardinality_bw12_perm1731,subset_cardinality,weak_symmetry,large,main,weak,49,108,10.0,5.0,/home/sunshixin/chenchao/my_rlaf/runs/GNN_Glucose_3SAT_EchoSAT_SymmetryGRPO_v1_7_WC1_PositiveCap/iter=115.pt,0.001846,0.001846,393.0,297.0,True,0.000415,0.000415,439.0,311.0,True,0.0,0.040374755859375,363.0,285.0,True,0.0,0.0421103925893306,363.0,285.0,True,0.00054,0.0717140942189693,378.0,308.0,True,True,True,0.001101,1.0,7.0,75.07693481445312,49,0.6931471824645996,True,0.0290637016296386,0.00054,0.02960370162963869,-0.0013059999999999999,0.06986809421896929,15.0,23.0,-0.001431,-0.000415,False,True,False
1,/home/sunshixin/chenchao/my_rlaf/runs/analysis/echosat_symmetry_grpo_v1_7_acceptance_iter=115_canonical_low_warmup_wc1_per_instance.csv,0,subset_cardinality_bw8,base,subset_cardinality_bw8,subset_cardinality,weak_symmetry,medium,main,weak,33,76,10.0,5.0,/home/sunshixin/chenchao/my_rlaf/runs/GNN_Glucose_3SAT_EchoSAT_SymmetryGRPO_v1_7_WC1_PositiveCap/iter=115.pt,0.001094,0.001094,89.0,67.0,True,0.001625,0.001625,106.0,76.0,True,0.00148,0.041854755859375,84.0,69.0,True,0.00148,0.0438406158150434,84.0,69.0,True,0.001952,0.0733763174446821,97.0,83.0,True,True,True,0.001267,1.0,12.0,54.99262619018555,33,0.6931471824645996,True,0.0290637016296386,0.000472,0.029535701629638693,0.000858,0.0722823174446821,13.0,14.0,0.000531,-0.00014499999999999995,False,False,False
1,/home/sunshixin/chenchao/my_rlaf/runs/analysis/echosat_symmetry_grpo_v1_7_acceptance_iter=115_canonical_low_warmup_wc1_per_instance.csv,0,subset_cardinality_bw8,perm_seed1730,subset_cardinality_bw8_perm1730,subset_cardinality,weak_symmetry,medium,main,weak,33,76,10.0,5.0,/home/sunshixin/chenchao/my_rlaf/runs/GNN_Glucose_3SAT_EchoSAT_SymmetryGRPO_v1_7_WC1_PositiveCap/iter=115.pt,0.000932,0.000932,110.0,76.0,True,0.003115,0.003115,127.0,80.0,True,0.000337,0.040711755859375,100.0,79.0,True,0.000337,0.0426189082230925,100.0,79.0,True,0.0,0.0713456098527312,101.0,83.0,True,True,True,0.001161,1.0,5.0,49.16338348388672,33,0.6931471824645996,True,0.0290637016296386,-0.000337,0.028726701629638696,-0.000932,0.0704136098527312,1.0,4.0,0.002183,-0.002778,True,True,False
1,/home/sunshixin/chenchao/my_rlaf/runs/analysis/echosat_symmetry_grpo_v1_7_acceptance_iter=115_canonical_low_warmup_wc1_per_instance.csv,0,subset_cardinality_bw8,perm_seed1731,subset_cardinality_bw8_perm1731,subset_cardinality,weak_symmetry,medium,main,weak,33,76,10.0,5.0,/home/sunshixin/chenchao/my_rlaf/runs/GNN_Glucose_3SAT_EchoSAT_SymmetryGRPO_v1_7_WC1_PositiveCap/iter=115.pt,0.001523,0.001523,91.0,70.0,True,0.001194,0.001194,102.0,79.0,True,0.001399,0.041773755859375,81.0,70.0,True,0.001399,0.0436689131409525,81.0,70.0,True,0.0,0.0713336147705912,92.0,76.0,True,True,True,0.001237,1.0,11.0,55.44180679321289,33,0.6931471824645996,True,0.0290637016296386,-0.001399,0.027664701629638702,-0.001523,0.06981061477059121,11.0,6.0,-0.0003290000000000001,0.0002050000000000001,True,True,False
1,/home/sunshixin/chenchao/my_rlaf/runs/analysis/echosat_symmetry_grpo_v1_7_acceptance_iter=115_canonical_low_warmup_wc1_per_instance.csv,1,k10_color9,base,k10_color9,complete_coloring,strong_symmetry,large,main,strong,90,775,10.0,5.0,/home/sunshixin/chenchao/my_rlaf/runs/GNN_Glucose_3SAT_EchoSAT_SymmetryGRPO_v1_7_WC1_PositiveCap/iter=115.pt,4.22296,4.22296,340861.0,314066.0,True,4.36441,4.36441,322229.0,299168.0,True,4.41425,4.912157161712647,321840.0,298649.0,True,4.41425,4.919841278438926,321840.0,298649.0,True,3.30777,3.8749693545345063,277364.0,257689.0,True,True,True,0.003821,1.0,8.0,136.93209838867188,90,0.6931471824645996,True,0.061608076095581,-1.10648,-1.0448719239044197,-0.9151899999999995,-0.3479906454654933,-44476.0,-40960.0,0.14145000000000074,0.04983999999999966,True,True,True
1,/home/sunshixin/chenchao/my_rlaf/runs/analysis/echosat_symmetry_grpo_v1_7_acceptance_iter=115_canonical_low_warmup_wc1_per_instance.csv,1,k10_color9,perm_seed1730,k10_color9_perm1730,complete_coloring,strong_symmetry,large,main,strong,90,775,10.0,5.0,/home/sunshixin/chenchao/my_rlaf/runs/GNN_Glucose_3SAT_EchoSAT_SymmetryGRPO_v1_7_WC1_PositiveCap/iter=115.pt,4.89984,4.89984,413643.0,382655.0,True,4.26244,4.26244,283792.0,262594.0,True,4.57462,5.072527161712647,247778.0,229737.0,True,4.57462,5.081025309905589,247778.0,229737.0,True,3.89858,4.466593386001169,283662.0,265513.0,True,True,True,0.007413,1.0,8.0,136.98228454589844,90,0.6931471824645996,True,0.061608076095581,-0.6760400000000004,-0.6144319239044194,-1.0012600000000003,-0.4332466139988309,35884.0,35776.0,-0.6374000000000004,0.31218000000000057,True,True,True
1,/home/sunshixin/chenchao/my_rlaf/runs/analysis/echosat_symmetry_grpo_v1_7_acceptance_iter=115_canonical_low_warmup_wc1_per_instance.csv,1,k10_color9,perm_seed1731,k10_color9_perm1731,complete_coloring,strong_symmetry,large,main,strong,90,775,10.0,5.0,/home/sunshixin/chenchao/my_rlaf/runs/GNN_Glucose_3SAT_EchoSAT_SymmetryGRPO_v1_7_WC1_PositiveCap/iter=115.pt,4.32563,4.32563,340033.0,312592.0,True,3.91128,3.91128,290369.0,269757.0,True,4.35088,4.848787161712647,290369.0,269757.0,True,4.35088,4.8571488503772615,290369.0,269757.0,True,4.28674,4.8546169264728425,340891.0,317138.0,True,True,True,0.007236,1.0,8.0,137.00555419921875,90,0.6931471824645996,True,0.061608076095581,-0.06414000000000009,-0.002531923904419031,-0.03889000000000031,0.5289869264728422,50522.0,47381.0,-0.4143500000000002,0.4396,True,True,False
1,/home/sunshixin/chenchao/my_rlaf/runs/analysis/echosat_symmetry_grpo_v1_7_acceptance_iter=115_canonical_low_warmup_wc1_per_instance.csv,1,k8_color7,base,k8_color7,complete_coloring,strong_symmetry,large,main,strong,56,372,10.0,5.0,/home/sunshixin/chenchao/my_rlaf/runs/GNN_Glucose_3SAT_EchoSAT_SymmetryGRPO_v1_7_WC1_PositiveCap/iter=115.pt,0.053425,0.053425,6158.0,5600.0,True,0.047904,0.047904,5946.0,5440.0,True,0.041102,0.5390091617126465,5946.0,5440.0,True,0.041102,0.5425198855238557,5946.0,5440.0,True,0.043601,0.6066269616194367,5866.0,5315.0,True,True,True,0.002417,1.0,6.0,84.73548889160156,56,0.6931471824645996,True,0.061608076095581,0.0024990000000000012,0.06410707609558108,-0.009824,0.5532019616194368,-80.0,-125.0,-0.005520999999999998,-0.0068020000000000025,False,True,False
1,/home/sunshixin/chenchao/my_rlaf/runs/analysis/echosat_symmetry_grpo_v1_7_acceptance_iter=115_canonical_low_warmup_wc1_per_instance.csv,1,k8_color7,perm_seed1730,k8_color7_perm1730,complete_coloring,strong_symmetry,large,main,strong,56,372,10.0,5.0,/home/sunshixin/chenchao/my_rlaf/runs/GNN_Glucose_3SAT_EchoSAT_SymmetryGRPO_v1_7_WC1_PositiveCap/iter=115.pt,0.053927,0.053927,6138.0,5624.0,True,0.043591,0.043591,6264.0,5696.0,True,0.044173,0.5420801617126465,6264.0,5696.0,True,0.044173,0.5469286525216103,6264.0,5696.0,True,0.044493,0.6088567286171913,5657.0,5203.0,True,True,True,0.003961,1.0,6.0,84.79159545898438,56,0.6931471824645996,True,0.061608076095581,0.00032000000000000084,0.06192807609558104,-0.009434000000000005,0.5549297286171913,-607.0,-493.0,-0.010336000000000005,0.0005819999999999992,False,True,False
1,/home/sunshixin/chenchao/my_rlaf/runs/analysis/echosat_symmetry_grpo_v1_7_acceptance_iter=115_canonical_low_warmup_wc1_per_instance.csv,1,k8_color7,perm_seed1731,k8_color7_perm1731,complete_coloring,strong_symmetry,large,main,strong,56,372,10.0,5.0,/home/sunshixin/chenchao/my_rlaf/runs/GNN_Glucose_3SAT_EchoSAT_SymmetryGRPO_v1_7_WC1_PositiveCap/iter=115.pt,0.039141,0.039141,5800.0,5271.0,True,0.058084,0.058084,6148.0,5641.0,True,0.051998,0.5499051617126465,6148.0,5641.0,True,0.051998,0.5548899697628618,6148.0,5641.0,True,0.040516,0.6050160458584428,6264.0,5687.0,True,True,True,0.003897,1.0,6.0,84.7841796875,56,0.6931471824645996,True,0.061608076095581,-0.011482,0.05012607609558106,0.0013750000000000012,0.5658750458584428,116.0,46.0,0.018942999999999995,-0.006085999999999994,True,False,False
1,/home/sunshixin/chenchao/my_rlaf/runs/analysis/echosat_symmetry_grpo_v1_7_acceptance_iter=115_canonical_low_warmup_wc1_per_instance.csv,1,k9_color8,base,k9_color8,complete_coloring,strong_symmetry,large,main,strong,72,549,10.0,5.0,/home/sunshixin/chenchao/my_rlaf/runs/GNN_Glucose_3SAT_EchoSAT_SymmetryGRPO_v1_7_WC1_PositiveCap/iter=115.pt,0.70638,0.70638,46557.0,43529.0,True,0.641861,0.641861,44352.0,41138.0,True,0.78001,1.2779171617126464,43519.0,40436.0,True,0.78001,1.2866541222127674,43519.0,40436.0,True,0.388393,0.9566451983083486,33721.0,31431.0,True,True,True,0.007809,1.0,7.0,109.32144165039062,72,0.6931471824645996,True,0.061608076095581,-0.391617,-0.3300089239044188,-0.317987,0.2502651983083486,-9798.0,-9005.0,-0.06451899999999999,0.13814899999999997,True,True,False
1,/home/sunshixin/chenchao/my_rlaf/runs/analysis/echosat_symmetry_grpo_v1_7_acceptance_iter=115_canonical_low_warmup_wc1_per_instance.csv,1,k9_color8,perm_seed1730,k9_color8_perm1730,complete_coloring,strong_symmetry,large,main,strong,72,549,10.0,5.0,/home/sunshixin/chenchao/my_rlaf/runs/GNN_Glucose_3SAT_EchoSAT_SymmetryGRPO_v1_7_WC1_PositiveCap/iter=115.pt,0.482282,0.482282,39708.0,36681.0,True,0.738527,0.738527,45794.0,42555.0,True,0.661873,1.1597801617126464,45794.0,42555.0,True,0.661873,1.1683128928221465,45794.0,42555.0,True,0.435746,1.0037939689177275,40354.0,37389.0,True,True,True,0.007459,1.0,7.0,109.58531951904295,72,0.6931471824645996,True,0.061608076095581,-0.22612700000000002,-0.1645189239044189,-0.046535999999999966,0.5215119689177276,-5440.0,-5166.0,0.25624500000000006,-0.076654,True,True,False
1,/home/sunshixin/chenchao/my_rlaf/runs/analysis/echosat_symmetry_grpo_v1_7_acceptance_iter=115_canonical_low_warmup_wc1_per_instance.csv,1,k9_color8,perm_seed1731,k9_color8_perm1731,complete_coloring,strong_symmetry,large,main,strong,72,549,10.0,5.0,/home/sunshixin/chenchao/my_rlaf/runs/GNN_Glucose_3SAT_EchoSAT_SymmetryGRPO_v1_7_WC1_PositiveCap/iter=115.pt,0.625696,0.625696,47177.0,43763.0,True,0.6852,0.6852,47579.0,44103.0,True,0.755758,1.035059166534424,47579.0,44103.0,True,0.755758,1.0409868253469468,47579.0,44103.0,True,0.556626,0.9129820016317368,44972.0,41853.0,True,True,True,0.004992,1.0,7.0,109.56788635253906,72,0.6931471824645996,True,0.07112717628479,-0.1991320000000001,-0.12800482371520994,-0.06907000000000008,0.2872860016317368,-2607.0,-2250.0,0.059504,0.07055800000000001,True,True,False
1,/home/sunshixin/chenchao/my_rlaf/runs/analysis/echosat_symmetry_grpo_v1_7_acceptance_iter=115_canonical_low_warmup_wc1_per_instance.csv,1,php_p10_h9,base,php_p10_h9,php,strong_symmetry,large,main,strong,90,775,10.0,5.0,/home/sunshixin/chenchao/my_rlaf/runs/GNN_Glucose_3SAT_EchoSAT_SymmetryGRPO_v1_7_WC1_PositiveCap/iter=115.pt,4.22987,4.22987,340861.0,314066.0,True,4.1199,4.1199,322229.0,299168.0,True,4.55918,4.838481166534423,321840.0,298649.0,True,4.55918,4.84652923160243,321840.0,298649.0,True,3.30685,3.66532640788722,277364.0,257689.0,True,True,True,0.006933,1.0,8.0,136.93209838867188,90,0.6931471824645996,True,0.07112717628479,-1.2523299999999997,-1.1812028237152101,-0.9230200000000002,-0.5645435921127802,-44476.0,-40960.0,-0.10996999999999968,0.4392799999999992,True,True,True
1,/home/sunshixin/chenchao/my_rlaf/runs/analysis/echosat_symmetry_grpo_v1_7_acceptance_iter=115_canonical_low_warmup_wc1_per_instance.csv,1,php_p10_h9,perm_seed1730,php_p10_h9_perm1730,php,strong_symmetry,large,main,strong,90,775,10.0,5.0,/home/sunshixin/chenchao/my_rlaf/runs/GNN_Glucose_3SAT_EchoSAT_SymmetryGRPO_v1_7_WC1_PositiveCap/iter=115.pt,4.89793,4.89793,413643.0,382655.0,True,4.20046,4.20046,283792.0,262594.0,True,3.91706,4.196361166534424,247778.0,229737.0,True,3.91706,4.205168355668664,247778.0,229737.0,True,4.10299,4.462225531953454,297908.0,279546.0,True,True,True,0.007788,1.0,8.0,136.98228454589844,90,0.6931471824645996,True,0.07112717628479,0.18592999999999993,0.25705717628478997,-0.7949399999999995,-0.43570446804654583,50130.0,49809.0,-0.69747,-0.28339999999999943,False,True,True
1,/home/sunshixin/chenchao/my_rlaf/runs/analysis/echosat_symmetry_grpo_v1_7_acceptance_iter=115_canonical_low_warmup_wc1_per_instance.csv,1,php_p10_h9,perm_seed1731,php_p10_h9_perm1731,php,strong_symmetry,large,main,strong,90,775,10.0,5.0,/home/sunshixin/chenchao/my_rlaf/runs/GNN_Glucose_3SAT_EchoSAT_SymmetryGRPO_v1_7_WC1_PositiveCap/iter=115.pt,4.07735,4.07735,340033.0,312592.0,True,3.90769,3.90769,290369.0,269757.0,True,4.18652,4.465821166534424,290369.0,269757.0,True,4.18652,4.470407375899732,290369.0,269757.0,True,4.36972,4.724734552184522,340891.0,317138.0,True,True,True,0.003448,1.0,8.0,137.00555419921875,90,0.6931471824645996,True,0.07112717628479,0.18320000000000025,0.2543271762847903,0.29237,0.6473845521845218,50522.0,47381.0,-0.16965999999999992,0.2788299999999997,False,False,False
1,/home/sunshixin/chenchao/my_rlaf/runs/analysis/echosat_symmetry_grpo_v1_7_acceptance_iter=115_canonical_low_warmup_wc1_per_instance.csv,1,php_p9_h8,base,php_p9_h8,php,strong_symmetry,large,main,strong,72,549,10.0,5.0,/home/sunshixin/chenchao/my_rlaf/runs/GNN_Glucose_3SAT_EchoSAT_SymmetryGRPO_v1_7_WC1_PositiveCap/iter=115.pt,0.704966,0.704966,46557.0,43529.0,True,0.642494,0.642494,44352.0,41138.0,True,0.77162,1.0509211665344238,43519.0,40436.0,True,0.77162,1.0547804099835156,43519.0,40436.0,True,0.380246,0.7345335862683058,33721.0,31431.0,True,True,True,0.002862,1.0,7.0,109.32144165039062,72,0.6931471824645996,True,0.07112717628479,-0.391374,-0.32024682371520985,-0.32472,0.0295675862683058,-9798.0,-9005.0,-0.06247199999999997,0.12912599999999996,True,True,False
1,/home/sunshixin/chenchao/my_rlaf/runs/analysis/echosat_symmetry_grpo_v1_7_acceptance_iter=115_canonical_low_warmup_wc1_per_instance.csv,1,php_p9_h8,perm_seed1730,php_p9_h8_perm1730,php,strong_symmetry,large,main,strong,72,549,10.0,5.0,/home/sunshixin/chenchao/my_rlaf/runs/GNN_Glucose_3SAT_EchoSAT_SymmetryGRPO_v1_7_WC1_PositiveCap/iter=115.pt,0.484354,0.484354,39708.0,36681.0,True,0.65773,0.65773,45794.0,42555.0,True,0.73195,1.0112511665344237,45794.0,42555.0,True,0.73195,1.0182904941410422,45794.0,42555.0,True,0.440023,0.7974906704258322,40354.0,37389.0,True,True,True,0.005386,1.0,7.0,109.58531951904295,72,0.6931471824645996,True,0.07112717628479,-0.291927,-0.22079982371521,-0.04433100000000001,0.3131366704258322,-5440.0,-5166.0,0.17337600000000003,0.07421999999999995,True,True,False
1,/home/sunshixin/chenchao/my_rlaf/runs/analysis/echosat_symmetry_grpo_v1_7_acceptance_iter=115_canonical_low_warmup_wc1_per_instance.csv,1,php_p9_h8,perm_seed1731,php_p9_h8_perm1731,php,strong_symmetry,large,main,strong,72,549,10.0,5.0,/home/sunshixin/chenchao/my_rlaf/runs/GNN_Glucose_3SAT_EchoSAT_SymmetryGRPO_v1_7_WC1_PositiveCap/iter=115.pt,0.629493,0.629493,47177.0,43763.0,True,0.687711,0.687711,47579.0,44103.0,True,0.761424,1.0407251665344237,47579.0,44103.0,True,0.761424,1.047028236794412,47579.0,44103.0,True,0.561884,0.9186154130792022,44972.0,41853.0,True,True,True,0.00524,1.0,7.0,109.56788635253906,72,0.6931471824645996,True,0.07112717628479,-0.19953999999999994,-0.12841282371520968,-0.06760899999999992,0.2891224130792023,-2607.0,-2250.0,0.05821799999999999,0.07371300000000003,True,True,False
1,/home/sunshixin/chenchao/my_rlaf/runs/analysis/echosat_symmetry_grpo_v1_7_acceptance_iter=115_canonical_low_warmup_wc1_per_instance.csv,1,random_3sat_control_v160_c704_seed2615,base,random_3sat_control_v160_c704_seed2615,random_3sat_control,non_symmetric_control,large,control,none,160,704,10.0,5.0,/home/sunshixin/chenchao/my_rlaf/runs/GNN_Glucose_3SAT_EchoSAT_SymmetryGRPO_v1_7_WC1_PositiveCap/iter=115.pt,0.060186,0.060186,6771.0,5767.0,True,0.052852,0.052852,5702.0,4813.0,True,0.052439,0.3317401665344238,4859.0,4212.0,True,0.052439,0.3336682980165482,4859.0,4212.0,True,0.04997,0.4023264743013382,5652.0,4794.0,True,False,False,0.000622,1.0,20.0,250.25311279296875,160,0.6931471824645996,True,0.07112717628479,-0.002468999999999999,0.06865817628479004,-0.010216000000000003,0.3421404743013382,793.0,582.0,-0.007334,-0.00041300000000000364,True,True,False
1,/home/sunshixin/chenchao/my_rlaf/runs/analysis/echosat_symmetry_grpo_v1_7_acceptance_iter=115_canonical_low_warmup_wc1_per_instance.csv,1,random_3sat_control_v160_c704_seed2615,perm_seed1730,random_3sat_control_v160_c704_seed2615_perm1730,random_3sat_control,non_symmetric_control,large,control,none,160,704,10.0,5.0,/home/sunshixin/chenchao/my_rlaf/runs/GNN_Glucose_3SAT_EchoSAT_SymmetryGRPO_v1_7_WC1_PositiveCap/iter=115.pt,0.087702,0.087702,8522.0,7299.0,True,0.088532,0.088532,7934.0,6809.0,True,0.059512,0.2082422780151367,4602.0,4008.0,True,0.059512,0.2139119426785707,4602.0,4008.0,True,0.05866,0.2920091557065248,5840.0,5008.0,True,False,False,0.004516,1.0,20.0,250.9976043701172,160,0.6931471824645996,True,0.0789492130279541,-0.0008520000000000055,0.07809721302795411,-0.029042000000000005,0.2043071557065248,1238.0,1000.0,0.0008299999999999974,-0.029019999999999997,True,True,False
1,/home/sunshixin/chenchao/my_rlaf/runs/analysis/echosat_symmetry_grpo_v1_7_acceptance_iter=115_canonical_low_warmup_wc1_per_instance.csv,1,random_3sat_control_v160_c704_seed2615,perm_seed1731,random_3sat_control_v160_c704_seed2615_perm1731,random_3sat_control,non_symmetric_control,large,control,none,160,704,10.0,5.0,/home/sunshixin/chenchao/my_rlaf/runs/GNN_Glucose_3SAT_EchoSAT_SymmetryGRPO_v1_7_WC1_PositiveCap/iter=115.pt,0.047149,0.047149,5676.0,4847.0,True,0.09514,0.09514,8017.0,6851.0,True,0.056213,0.2049432780151367,4961.0,4384.0,True,0.056213,0.2070556579328179,4961.0,4384.0,True,0.047579,0.277370870960772,5099.0,4340.0,True,False,False,0.000683,1.0,20.0,250.14382934570312,160,0.6931471824645996,True,0.0789492130279541,-0.008633999999999996,0.0703152130279541,0.0004299999999999998,0.230221870960772,138.0,-44.0,0.047991,-0.038927,True,False,False
1,/home/sunshixin/chenchao/my_rlaf/runs/analysis/echosat_symmetry_grpo_v1_7_acceptance_iter=115_canonical_low_warmup_wc1_per_instance.csv,1,random_3sat_control_v180_c760_seed3301,base,random_3sat_control_v180_c760_seed3301,random_3sat_control,non_symmetric_control,large,control,none,180,760,10.0,5.0,/home/sunshixin/chenchao/my_rlaf/runs/GNN_Glucose_3SAT_EchoSAT_SymmetryGRPO_v1_7_WC1_PositiveCap/iter=115.pt,0.500734,0.500734,27442.0,23617.0,True,0.14183,0.14183,10470.0,8910.0,True,0.010137,0.1588672780151367,693.0,567.0,True,0.010137,0.1649204651569724,693.0,567.0,True,0.492127,0.7258596781849265,33478.0,29309.0,True,False,False,0.004837,1.0,25.0,290.802978515625,180,0.6931471824645996,True,0.0789492130279541,0.48199,0.560939213027954,-0.008607000000000031,0.22512567818492646,32785.0,28742.0,-0.358904,-0.131693,False,True,False
1,/home/sunshixin/chenchao/my_rlaf/runs/analysis/echosat_symmetry_grpo_v1_7_acceptance_iter=115_canonical_low_warmup_wc1_per_instance.csv,1,random_3sat_control_v180_c760_seed3301,perm_seed1730,random_3sat_control_v180_c760_seed3301_perm1730,random_3sat_control,non_symmetric_control,large,control,none,180,760,10.0,5.0,/home/sunshixin/chenchao/my_rlaf/runs/GNN_Glucose_3SAT_EchoSAT_SymmetryGRPO_v1_7_WC1_PositiveCap/iter=115.pt,1.05235,1.05235,47649.0,41152.0,True,0.08746,0.08746,7421.0,6253.0,True,0.007704,0.1564342780151367,643.0,525.0,True,0.007704,0.1596595374539494,643.0,525.0,True,0.62668,0.8575847504819036,41335.0,36434.0,True,False,False,0.001871,1.0,25.0,292.0396728515625,180,0.6931471824645996,True,0.0789492130279541,0.618976,0.6979252130279543,-0.4256699999999999,-0.19476524951809626,40692.0,35909.0,-0.9648899999999999,-0.079756,False,True,True
1,/home/sunshixin/chenchao/my_rlaf/runs/analysis/echosat_symmetry_grpo_v1_7_acceptance_iter=115_canonical_low_warmup_wc1_per_instance.csv,1,random_3sat_control_v180_c760_seed3301,perm_seed1731,random_3sat_control_v180_c760_seed3301_perm1731,random_3sat_control,non_symmetric_control,large,control,none,180,760,10.0,5.0,/home/sunshixin/chenchao/my_rlaf/runs/GNN_Glucose_3SAT_EchoSAT_SymmetryGRPO_v1_7_WC1_PositiveCap/iter=115.pt,0.534019,0.534019,27197.0,23469.0,True,0.124183,0.124183,9011.0,7714.0,True,0.006162,0.1548922780151367,590.0,484.0,True,0.006162,0.1599251469796896,590.0,484.0,True,0.54234,0.7750523600076438,33934.0,29781.0,True,False,False,0.003773,1.0,25.0,291.0475769042969,180,0.6931471824645996,True,0.0789492130279541,0.536178,0.6151272130279541,0.008321000000000023,0.24103336000764375,33344.0,29297.0,-0.40983600000000003,-0.118021,False,False,False
1,/home/sunshixin/chenchao/my_rlaf/runs/analysis/echosat_symmetry_grpo_v1_7_acceptance_iter=115_canonical_low_warmup_wc1_per_instance.csv,1,random_3sat_control_v220_c928_seed3303,base,random_3sat_control_v220_c928_seed3303,random_3sat_control,non_symmetric_control,large,control,none,220,928,10.0,5.0,/home/sunshixin/chenchao/my_rlaf/runs/GNN_Glucose_3SAT_EchoSAT_SymmetryGRPO_v1_7_WC1_PositiveCap/iter=115.pt,0.721363,0.721363,30277.0,25994.0,True,0.444161,0.444161,22265.0,19025.0,True,0.005184,0.1539142780151367,62.0,4.0,True,0.005184,0.1581027993046641,62.0,4.0,True,0.007865,0.2397330123326182,954.0,736.0,True,False,False,0.002845,1.0,28.0,332.48345947265625,220,0.6931471824645996,True,0.0789492130279541,0.0026810000000000002,0.08163021302795412,-0.713498,-0.48162998766738174,892.0,732.0,-0.277202,-0.43897699999999995,False,True,True
1,/home/sunshixin/chenchao/my_rlaf/runs/analysis/echosat_symmetry_grpo_v1_7_acceptance_iter=115_canonical_low_warmup_wc1_per_instance.csv,1,random_3sat_control_v220_c928_seed3303,perm_seed1730,random_3sat_control_v220_c928_seed3303_perm1730,random_3sat_control,non_symmetric_control,large,control,none,220,928,10.0,5.0,/home/sunshixin/chenchao/my_rlaf/runs/GNN_Glucose_3SAT_EchoSAT_SymmetryGRPO_v1_7_WC1_PositiveCap/iter=115.pt,1.3461,1.3461,52742.0,45477.0,True,0.205152,0.205152,13039.0,11071.0,True,0.002103,0.1508332780151367,62.0,4.0,True,0.002103,0.1545529017053246,62.0,4.0,True,0.012148,0.2435471147332787,640.0,470.0,True,False,False,0.002229,1.0,28.0,330.46795654296875,220,0.6931471824645996,True,0.0789492130279541,0.010045000000000002,0.0889942130279541,-1.333952,-1.1025528852667215,578.0,466.0,-1.140948,-0.203049,False,True,True
1,/home/sunshixin/chenchao/my_rlaf/runs/analysis/echosat_symmetry_grpo_v1_7_acceptance_iter=115_canonical_low_warmup_wc1_per_instance.csv,1,random_3sat_control_v220_c928_seed3303,perm_seed1731,random_3sat_control_v220_c928_seed3303_perm1731,random_3sat_control,non_symmetric_control,large,control,none,220,928,10.0,5.0,/home/sunshixin/chenchao/my_rlaf/runs/GNN_Glucose_3SAT_EchoSAT_SymmetryGRPO_v1_7_WC1_PositiveCap/iter=115.pt,0.060612,0.060612,4930.0,4147.0,True,0.362324,0.362324,19684.0,16814.0,True,0.005756,0.1544862780151367,63.0,4.0,True,0.005756,0.1584331213258505,63.0,4.0,True,0.014896,0.2465223343538045,995.0,775.0,True,False,False,0.002662,1.0,28.0,331.7943725585937,220,0.6931471824645996,True,0.0789492130279541,0.009139999999999999,0.088089213027954,-0.045716,0.1859103343538045,932.0,771.0,0.301712,-0.356568,False,True,False
1,/home/sunshixin/chenchao/my_rlaf/runs/analysis/echosat_symmetry_grpo_v1_7_acceptance_iter=115_canonical_low_warmup_wc1_per_instance.csv,1,random_3sat_control_v220_c942_seed3304,base,random_3sat_control_v220_c942_seed3304,random_3sat_control,non_symmetric_control,large,control,none,220,942,10.0,5.0,/home/sunshixin/chenchao/my_rlaf/runs/GNN_Glucose_3SAT_EchoSAT_SymmetryGRPO_v1_7_WC1_PositiveCap/iter=115.pt,0.634222,0.634222,35472.0,30813.0,True,1.00561,1.00561,41376.0,36046.0,True,0.54734,0.8030315283203125,26754.0,23980.0,True,0.54734,0.8050279490671158,26754.0,23980.0,True,0.595935,0.944828784409523,40296.0,36065.0,True,False,False,0.000556,1.0,24.0,322.4337158203125,220,0.6931471824645996,True,0.0912058353424072,0.048594999999999944,0.13980083534240717,-0.03828699999999996,0.31060678440952305,13542.0,12085.0,0.37138799999999994,-0.45826999999999984,False,True,False
1,/home/sunshixin/chenchao/my_rlaf/runs/analysis/echosat_symmetry_grpo_v1_7_acceptance_iter=115_canonical_low_warmup_wc1_per_instance.csv,1,random_3sat_control_v220_c942_seed3304,perm_seed1730,random_3sat_control_v220_c942_seed3304_perm1730,random_3sat_control,non_symmetric_control,large,control,none,220,942,10.0,5.0,/home/sunshixin/chenchao/my_rlaf/runs/GNN_Glucose_3SAT_EchoSAT_SymmetryGRPO_v1_7_WC1_PositiveCap/iter=115.pt,0.632036,0.632036,34825.0,30052.0,True,0.612053,0.612053,33221.0,28818.0,True,0.450481,0.7061725283203125,26445.0,23804.0,True,0.450481,0.7089662759504318,26445.0,23804.0,True,0.591573,0.941264111292839,39843.0,35462.0,True,False,False,0.00059,1.0,24.0,324.02960205078125,220,0.6931471824645996,True,0.0912058353424072,0.141092,0.23229783534240722,-0.04046300000000003,0.309228111292839,13398.0,11658.0,-0.019983000000000084,-0.16157199999999994,False,True,False
1,/home/sunshixin/chenchao/my_rlaf/runs/analysis/echosat_symmetry_grpo_v1_7_acceptance_iter=115_canonical_low_warmup_wc1_per_instance.csv,1,random_3sat_control_v220_c942_seed3304,perm_seed1731,random_3sat_control_v220_c942_seed3304_perm1731,random_3sat_control,non_symmetric_control,large,control,none,220,942,10.0,5.0,/home/sunshixin/chenchao/my_rlaf/runs/GNN_Glucose_3SAT_EchoSAT_SymmetryGRPO_v1_7_WC1_PositiveCap/iter=115.pt,0.685577,0.685577,38737.0,33758.0,True,0.839733,0.839733,38909.0,33544.0,True,0.545022,0.8007135283203125,26149.0,23448.0,True,0.545022,0.8078264802389146,26149.0,23448.0,True,0.61065,0.9646603155813218,40623.0,36390.0,True,False,False,0.004346,1.0,24.0,324.64569091796875,220,0.6931471824645996,True,0.0912058353424072,0.06562800000000002,0.15683383534240725,-0.07492699999999997,0.2790833155813218,14474.0,12942.0,0.15415599999999996,-0.29471099999999995,False,True,False
1,/home/sunshixin/chenchao/my_rlaf/runs/analysis/echosat_symmetry_grpo_v1_7_acceptance_iter=115_canonical_low_warmup_wc1_per_instance.csv,1,random_3sat_control_v260_c1097_seed3305,base,random_3sat_control_v260_c1097_seed3305,random_3sat_control,non_symmetric_control,large,control,none,260,1097,10.0,5.0,/home/sunshixin/chenchao/my_rlaf/runs/GNN_Glucose_3SAT_EchoSAT_SymmetryGRPO_v1_7_WC1_PositiveCap/iter=115.pt,6.69736,6.69736,216854.0,188499.0,True,2.3205,2.3205,73626.0,64181.0,True,1.43019,1.6858815283203126,60642.0,54350.0,True,1.43019,1.693681432021141,60642.0,54350.0,True,1.92946,2.284157267363548,88260.0,78755.0,True,False,False,0.006473,1.0,35.0,390.6428833007813,260,0.6931471824645996,True,0.0912058353424072,0.4992699999999999,0.5904758353424071,-4.7679,-4.413202732636451,27618.0,24405.0,-4.37686,-0.8903099999999999,False,True,True
1,/home/sunshixin/chenchao/my_rlaf/runs/analysis/echosat_symmetry_grpo_v1_7_acceptance_iter=115_canonical_low_warmup_wc1_per_instance.csv,1,random_3sat_control_v260_c1097_seed3305,perm_seed1730,random_3sat_control_v260_c1097_seed3305_perm1730,random_3sat_control,non_symmetric_control,large,control,none,260,1097,10.0,5.0,/home/sunshixin/chenchao/my_rlaf/runs/GNN_Glucose_3SAT_EchoSAT_SymmetryGRPO_v1_7_WC1_PositiveCap/iter=115.pt,7.17163,7.17163,224505.0,195557.0,True,0.598549,0.598549,27246.0,23387.0,True,1.44691,1.7026015283203124,60686.0,54724.0,True,1.44691,1.7111335188584924,60686.0,54724.0,True,3.58549,3.9409193542009,157336.0,140708.0,True,False,False,0.007359,1.0,35.0,390.0680847167969,260,0.6931471824645996,True,0.0912058353424072,2.13858,2.2297858353424074,-3.5861400000000003,-3.2307106457991006,96650.0,85984.0,-6.573081,0.8483609999999999,False,True,True
1,/home/sunshixin/chenchao/my_rlaf/runs/analysis/echosat_symmetry_grpo_v1_7_acceptance_iter=115_canonical_low_warmup_wc1_per_instance.csv,1,random_3sat_control_v260_c1097_seed3305,perm_seed1731,random_3sat_control_v260_c1097_seed3305_perm1731,random_3sat_control,non_symmetric_control,large,control,none,260,1097,10.0,5.0,/home/sunshixin/chenchao/my_rlaf/runs/GNN_Glucose_3SAT_EchoSAT_SymmetryGRPO_v1_7_WC1_PositiveCap/iter=115.pt,4.0049,4.0049,105916.0,92052.0,True,5.35662,5.35662,162997.0,142194.0,True,0.994306,1.2499975283203124,48534.0,43247.0,True,0.994306,1.259010611857772,48534.0,43247.0,True,0.475457,0.8313674472001791,26912.0,23693.0,True,False,False,0.007674,1.0,35.0,389.6698913574219,260,0.6931471824645996,True,0.0912058353424072,-0.518849,-0.4276431646575929,-3.529443,-3.173532552799821,-21622.0,-19554.0,1.3517200000000003,-4.3623140000000005,True,True,True
1,/home/sunshixin/chenchao/my_rlaf/runs/analysis/echosat_symmetry_grpo_v1_7_acceptance_iter=115_canonical_low_warmup_wc1_per_instance.csv,1,random_3sat_control_v260_c1113_seed3306,base,random_3sat_control_v260_c1113_seed3306,random_3sat_control,non_symmetric_control,large,control,none,260,1113,10.0,5.0,/home/sunshixin/chenchao/my_rlaf/runs/GNN_Glucose_3SAT_EchoSAT_SymmetryGRPO_v1_7_WC1_PositiveCap/iter=115.pt,5.32171,5.32171,178146.0,155541.0,True,6.28558,6.28558,186876.0,163308.0,True,5.97573,6.231421528320313,226200.0,205404.0,True,5.97573,6.236060859955073,226200.0,205404.0,True,6.02906,6.38059669529748,247323.0,217613.0,True,False,False,0.003252,1.0,33.0,397.6284790039063,260,0.6931471824645996,True,0.0912058353424072,0.05332999999999988,0.1445358353424071,0.7073499999999999,1.0588866952974794,21123.0,12209.0,0.96387,-0.30984999999999996,False,False,False
1,/home/sunshixin/chenchao/my_rlaf/runs/analysis/echosat_symmetry_grpo_v1_7_acceptance_iter=115_canonical_low_warmup_wc1_per_instance.csv,1,random_3sat_control_v260_c1113_seed3306,perm_seed1730,random_3sat_control_v260_c1113_seed3306_perm1730,random_3sat_control,non_symmetric_control,large,control,none,260,1113,10.0,5.0,/home/sunshixin/chenchao/my_rlaf/runs/GNN_Glucose_3SAT_EchoSAT_SymmetryGRPO_v1_7_WC1_PositiveCap/iter=115.pt,5.1383,5.1383,171334.0,149746.0,True,6.78549,6.78549,206936.0,180741.0,True,5.78761,6.043301528320312,206101.0,186162.0,True,5.78761,6.053400041776181,206101.0,186162.0,True,6.32829,6.685285877118588,255479.0,224506.0,True,False,False,0.008683,1.0,33.0,396.3316650390625,260,0.6931471824645996,True,0.0912058353424072,0.54068,0.6318858353424073,1.1899899999999999,1.5469858771185878,49378.0,38344.0,1.6471900000000002,-0.9978800000000003,False,False,False
1,/home/sunshixin/chenchao/my_rlaf/runs/analysis/echosat_symmetry_grpo_v1_7_acceptance_iter=115_canonical_low_warmup_wc1_per_instance.csv,1,random_3sat_control_v260_c1113_seed3306,perm_seed1731,random_3sat_control_v260_c1113_seed3306_perm1731,random_3sat_control,non_symmetric_control,large,control,none,260,1113,10.0,5.0,/home/sunshixin/chenchao/my_rlaf/runs/GNN_Glucose_3SAT_EchoSAT_SymmetryGRPO_v1_7_WC1_PositiveCap/iter=115.pt,6.27273,6.27273,202621.0,177648.0,True,6.70655,6.70655,214985.0,187707.0,True,5.63128,6.23334413269043,217745.0,196903.0,True,5.63128,6.241190840799153,217745.0,196903.0,True,6.35914,7.038914875451863,257051.0,226743.0,True,False,False,0.006369,1.0,33.0,397.0461730957031,260,0.6931471824645996,True,0.0698640346527099,0.7278599999999997,0.7977240346527097,0.08640999999999988,0.766184875451863,39306.0,29840.0,0.4338199999999999,-1.0752699999999997,False,False,False
1,/home/sunshixin/chenchao/my_rlaf/runs/analysis/echosat_symmetry_grpo_v1_7_acceptance_iter=115_canonical_low_warmup_wc1_per_instance.csv,1,random_3sat_control_v300_c1266_seed3307,base,random_3sat_control_v300_c1266_seed3307,random_3sat_control,non_symmetric_control,large,control,none,300,1266,10.0,5.0,/home/sunshixin/chenchao/my_rlaf/runs/GNN_Glucose_3SAT_EchoSAT_SymmetryGRPO_v1_7_WC1_PositiveCap/iter=115.pt,0.208648,0.208648,12894.0,10895.0,True,2.53083,2.53083,71356.0,61376.0,True,0.016868,0.6189321326904297,288.0,182.0,True,0.016868,0.6231223437678218,288.0,182.0,True,0.033409,0.7095273784205318,2672.0,2174.0,True,False,False,0.002766,1.0,46.0,466.681884765625,300,0.6931471824645996,True,0.0698640346527099,0.016541,0.08640503465270999,-0.175239,0.5008793784205319,2384.0,1992.0,2.3221819999999997,-2.513962,False,True,False
1,/home/sunshixin/chenchao/my_rlaf/runs/analysis/echosat_symmetry_grpo_v1_7_acceptance_iter=115_canonical_low_warmup_wc1_per_instance.csv,1,random_3sat_control_v300_c1266_seed3307,perm_seed1730,random_3sat_control_v300_c1266_seed3307_perm1730,random_3sat_control,non_symmetric_control,large,control,none,300,1266,10.0,5.0,/home/sunshixin/chenchao/my_rlaf/runs/GNN_Glucose_3SAT_EchoSAT_SymmetryGRPO_v1_7_WC1_PositiveCap/iter=115.pt,1.2157,1.2157,43103.0,37339.0,True,2.06903,2.06903,63498.0,54506.0,True,0.015564,0.6176281326904297,321.0,205.0,True,0.015564,0.6257556386749149,321.0,205.0,True,0.040779,0.7208346733276249,2531.0,2020.0,True,False,False,0.006623,1.0,46.0,465.9733581542969,300,0.6931471824645996,True,0.0698640346527099,0.025215,0.09507903465270995,-1.174921,-0.49486532667237515,2210.0,1815.0,0.8533300000000001,-2.0534660000000002,False,True,True
1,/home/sunshixin/chenchao/my_rlaf/runs/analysis/echosat_symmetry_grpo_v1_7_acceptance_iter=115_canonical_low_warmup_wc1_per_instance.csv,1,random_3sat_control_v300_c1266_seed3307,perm_seed1731,random_3sat_control_v300_c1266_seed3307_perm1731,random_3sat_control,non_symmetric_control,large,control,none,300,1266,10.0,5.0,/home/sunshixin/chenchao/my_rlaf/runs/GNN_Glucose_3SAT_EchoSAT_SymmetryGRPO_v1_7_WC1_PositiveCap/iter=115.pt,1.97834,1.97834,66962.0,57424.0,True,0.124312,0.124312,7524.0,6304.0,True,0.009006,0.6110701326904296,375.0,247.0,True,0.009006,0.6163119788993596,375.0,247.0,True,0.0357,0.7128700135520696,2464.0,2003.0,True,False,False,0.003821,1.0,46.0,465.2885437011719,300,0.6931471824645996,True,0.0698640346527099,0.026694000000000002,0.09655803465270996,-1.94264,-1.2654699864479304,2089.0,1756.0,-1.854028,-0.115306,False,True,True
1,/home/sunshixin/chenchao/my_rlaf/runs/analysis/echosat_symmetry_grpo_v1_7_acceptance_iter=115_canonical_low_warmup_wc1_per_instance.csv,1,subset_cardinality_bw10,base,subset_cardinality_bw10,subset_cardinality,weak_symmetry,large,main,weak,41,92,10.0,5.0,/home/sunshixin/chenchao/my_rlaf/runs/GNN_Glucose_3SAT_EchoSAT_SymmetryGRPO_v1_7_WC1_PositiveCap/iter=115.pt,0.000854,0.000854,193.0,141.0,True,0.004619,0.004619,237.0,193.0,True,0.004405,0.6064691326904297,162.0,142.0,True,0.004405,0.6074357998880744,162.0,142.0,True,0.001842,0.6747368345407844,179.0,151.0,True,True,True,0.0,1.0,5.0,62.83808517456055,41,0.6931471824645996,True,0.0698640346527099,-0.002563,0.06730103465270998,0.0009880000000000002,0.6738828345407843,17.0,9.0,0.0037649999999999997,-0.00021399999999999978,True,False,False
1,/home/sunshixin/chenchao/my_rlaf/runs/analysis/echosat_symmetry_grpo_v1_7_acceptance_iter=115_canonical_low_warmup_wc1_per_instance.csv,1,subset_cardinality_bw10,perm_seed1730,subset_cardinality_bw10_perm1730,subset_cardinality,weak_symmetry,large,main,weak,41,92,10.0,5.0,/home/sunshixin/chenchao/my_rlaf/runs/GNN_Glucose_3SAT_EchoSAT_SymmetryGRPO_v1_7_WC1_PositiveCap/iter=115.pt,0.000598,0.000598,218.0,167.0,True,0.000545,0.000545,221.0,169.0,True,0.00403,0.6060941326904297,156.0,137.0,True,0.00403,0.6089973640147447,156.0,137.0,True,0.001708,0.6765393986674547,181.0,158.0,True,True,True,0.001786,1.0,6.0,62.92706298828125,41,0.6931471824645996,True,0.0698640346527099,-0.0023219999999999994,0.06754203465271003,0.00111,0.6759413986674547,25.0,21.0,-5.299999999999999e-05,0.003485,True,False,False
1,/home/sunshixin/chenchao/my_rlaf/runs/analysis/echosat_symmetry_grpo_v1_7_acceptance_iter=115_canonical_low_warmup_wc1_per_instance.csv,1,subset_cardinality_bw10,perm_seed1731,subset_cardinality_bw10_perm1731,subset_cardinality,weak_symmetry,large,main,weak,41,92,10.0,5.0,/home/sunshixin/chenchao/my_rlaf/runs/GNN_Glucose_3SAT_EchoSAT_SymmetryGRPO_v1_7_WC1_PositiveCap/iter=115.pt,0.001497,0.001497,202.0,147.0,True,0.000424,0.000424,247.0,155.0,True,0.001868,0.6039321326904297,203.0,164.0,True,0.001868,0.6062189254306555,203.0,164.0,True,0.001439,0.6756539600833654,174.0,147.0,True,True,True,0.001375,1.0,7.0,62.392337799072266,41,0.6931471824645996,True,0.0698640346527099,-0.00042900000000000013,0.06943503465270995,-5.800000000000011e-05,0.6741569600833655,-29.0,-17.0,-0.0010730000000000002,0.001444,True,True,False
1,/home/sunshixin/chenchao/my_rlaf/runs/analysis/echosat_symmetry_grpo_v1_7_acceptance_iter=115_canonical_low_warmup_wc1_per_instance.csv,1,subset_cardinality_bw12,base,subset_cardinality_bw12,subset_cardinality,weak_symmetry,large,main,weak,49,108,10.0,5.0,/home/sunshixin/chenchao/my_rlaf/runs/GNN_Glucose_3SAT_EchoSAT_SymmetryGRPO_v1_7_WC1_PositiveCap/iter=115.pt,0.0048,0.0048,442.0,342.0,True,0.000539,0.000539,491.0,414.0,True,0.0,0.6020641326904297,384.0,312.0,True,0.0,0.6031817859038711,384.0,312.0,True,0.002056,0.675101820556581,397.0,310.0,True,True,True,0.0,1.0,9.0,75.44426727294922,49,0.6931471824645996,True,0.0698640346527099,0.002056,0.07192003465270991,-0.0027439999999999995,0.6703018205565809,13.0,-2.0,-0.004260999999999999,-0.000539,False,True,False
1,/home/sunshixin/chenchao/my_rlaf/runs/analysis/echosat_symmetry_grpo_v1_7_acceptance_iter=115_canonical_low_warmup_wc1_per_instance.csv,1,subset_cardinality_bw12,perm_seed1730,subset_cardinality_bw12_perm1730,subset_cardinality,weak_symmetry,large,main,weak,49,108,10.0,5.0,/home/sunshixin/chenchao/my_rlaf/runs/GNN_Glucose_3SAT_EchoSAT_SymmetryGRPO_v1_7_WC1_PositiveCap/iter=115.pt,0.002627,0.002627,440.0,329.0,True,0.002823,0.002823,397.0,314.0,True,0.00455,0.2361307342529296,343.0,268.0,True,0.00455,0.2389622153896093,343.0,268.0,True,0.002149,0.2667476301082372,374.0,309.0,True,True,True,0.00193,1.0,7.0,73.95069122314453,49,0.6931471824645996,True,0.0301864147186279,-0.0024010000000000004,0.027785414718627915,-0.0004780000000000001,0.2641206301082372,31.0,41.0,0.000196,0.0017270000000000002,True,True,False
1,/home/sunshixin/chenchao/my_rlaf/runs/analysis/echosat_symmetry_grpo_v1_7_acceptance_iter=115_canonical_low_warmup_wc1_per_instance.csv,1,subset_cardinality_bw12,perm_seed1731,subset_cardinality_bw12_perm1731,subset_cardinality,weak_symmetry,large,main,weak,49,108,10.0,5.0,/home/sunshixin/chenchao/my_rlaf/runs/GNN_Glucose_3SAT_EchoSAT_SymmetryGRPO_v1_7_WC1_PositiveCap/iter=115.pt,0.001972,0.001972,393.0,297.0,True,0.002439,0.002439,439.0,311.0,True,0.003321,0.2349017342529296,363.0,285.0,True,0.003321,0.2376282011488676,363.0,285.0,True,0.0,0.2644936158674955,378.0,308.0,True,True,True,0.00183,1.0,7.0,75.07693481445312,49,0.6931471824645996,True,0.0301864147186279,-0.003321,0.026865414718627884,-0.001972,0.2625216158674955,15.0,23.0,0.0004670000000000004,0.000882,True,True,False
1,/home/sunshixin/chenchao/my_rlaf/runs/analysis/echosat_symmetry_grpo_v1_7_acceptance_iter=115_canonical_low_warmup_wc1_per_instance.csv,1,subset_cardinality_bw8,base,subset_cardinality_bw8,subset_cardinality,weak_symmetry,medium,main,weak,33,76,10.0,5.0,/home/sunshixin/chenchao/my_rlaf/runs/GNN_Glucose_3SAT_EchoSAT_SymmetryGRPO_v1_7_WC1_PositiveCap/iter=115.pt,0.001231,0.001231,89.0,67.0,True,0.001462,0.001462,106.0,76.0,True,0.001293,0.2328737342529296,84.0,69.0,True,0.001293,0.2358276995139122,84.0,69.0,True,0.0,0.2647211142325401,97.0,83.0,True,True,True,0.00189,1.0,12.0,54.99262619018555,33,0.6931471824645996,True,0.0301864147186279,-0.001293,0.028893414718627886,-0.001231,0.2634901142325401,13.0,14.0,0.00023099999999999987,-0.00016899999999999988,True,True,False
1,/home/sunshixin/chenchao/my_rlaf/runs/analysis/echosat_symmetry_grpo_v1_7_acceptance_iter=115_canonical_low_warmup_wc1_per_instance.csv,1,subset_cardinality_bw8,perm_seed1730,subset_cardinality_bw8_perm1730,subset_cardinality,weak_symmetry,medium,main,weak,33,76,10.0,5.0,/home/sunshixin/chenchao/my_rlaf/runs/GNN_Glucose_3SAT_EchoSAT_SymmetryGRPO_v1_7_WC1_PositiveCap/iter=115.pt,0.000573,0.000573,110.0,76.0,True,0.001591,0.001591,127.0,80.0,True,0.002359,0.2339397342529297,100.0,79.0,True,0.002359,0.2361242519516349,100.0,79.0,True,0.001545,0.2654966666702628,101.0,83.0,True,True,True,0.001282,1.0,5.0,49.16338348388672,33,0.6931471824645996,True,0.0301864147186279,-0.000814,0.029372414718627893,0.0009719999999999999,0.2649236666702628,1.0,4.0,0.0010179999999999998,0.000768,True,False,False
1,/home/sunshixin/chenchao/my_rlaf/runs/analysis/echosat_symmetry_grpo_v1_7_acceptance_iter=115_canonical_low_warmup_wc1_per_instance.csv,1,subset_cardinality_bw8,perm_seed1731,subset_cardinality_bw8_perm1731,subset_cardinality,weak_symmetry,medium,main,weak,33,76,10.0,5.0,/home/sunshixin/chenchao/my_rlaf/runs/GNN_Glucose_3SAT_EchoSAT_SymmetryGRPO_v1_7_WC1_PositiveCap/iter=115.pt,0.001751,0.001751,91.0,70.0,True,0.001467,0.001467,102.0,79.0,True,0.0,0.2315807342529297,81.0,70.0,True,0.0,0.2341924070994258,81.0,70.0,True,0.001513,0.2658918218180537,92.0,76.0,True,True,True,0.001637,1.0,11.0,55.44180679321289,33,0.6931471824645996,True,0.0301864147186279,0.001513,0.031699414718627916,-0.00023799999999999993,0.2641408218180537,11.0,6.0,-0.00028399999999999996,-0.001467,False,True,False
1,/home/sunshixin/chenchao/my_rlaf/runs/analysis/echosat_symmetry_grpo_v1_7_acceptance_iter=115_canonical_low_warmup_wc1_per_instance.csv,2,k10_color9,base,k10_color9,complete_coloring,strong_symmetry,large,main,strong,90,775,10.0,5.0,/home/sunshixin/chenchao/my_rlaf/runs/GNN_Glucose_3SAT_EchoSAT_SymmetryGRPO_v1_7_WC1_PositiveCap/iter=115.pt,4.55506,4.55506,340861.0,314066.0,True,4.30812,4.30812,322229.0,299168.0,True,4.12772,4.635607601852417,321840.0,298649.0,True,4.12772,4.647182678508341,321840.0,298649.0,True,3.37072,3.943816368388712,277364.0,257689.0,True,True,True,0.010253,1.0,8.0,136.93209838867188,90,0.6931471824645996,True,0.053633689880371,-0.7570000000000001,-0.703366310119629,-1.1843400000000002,-0.6112436316112881,-44476.0,-40960.0,-0.24694000000000038,-0.18039999999999967,True,True,True
1,/home/sunshixin/chenchao/my_rlaf/runs/analysis/echosat_symmetry_grpo_v1_7_acceptance_iter=115_canonical_low_warmup_wc1_per_instance.csv,2,k10_color9,perm_seed1730,k10_color9_perm1730,complete_coloring,strong_symmetry,large,main,strong,90,775,10.0,5.0,/home/sunshixin/chenchao/my_rlaf/runs/GNN_Glucose_3SAT_EchoSAT_SymmetryGRPO_v1_7_WC1_PositiveCap/iter=115.pt,5.09548,5.09548,413643.0,382655.0,True,4.29835,4.29835,283792.0,262594.0,True,3.89345,4.401337601852417,247778.0,229737.0,True,3.89345,4.408108720190048,247778.0,229737.0,True,4.35855,4.926842410070419,283662.0,265513.0,True,True,True,0.005907,1.0,8.0,136.98228454589844,90,0.6931471824645996,True,0.053633689880371,0.46510000000000007,0.5187336898803707,-0.7369300000000001,-0.1686375899295811,35884.0,35776.0,-0.7971300000000001,-0.40490000000000004,False,True,True
1,/home/sunshixin/chenchao/my_rlaf/runs/analysis/echosat_symmetry_grpo_v1_7_acceptance_iter=115_canonical_low_warmup_wc1_per_instance.csv,2,k10_color9,perm_seed1731,k10_color9_perm1731,complete_coloring,strong_symmetry,large,main,strong,90,775,10.0,5.0,/home/sunshixin/chenchao/my_rlaf/runs/GNN_Glucose_3SAT_EchoSAT_SymmetryGRPO_v1_7_WC1_PositiveCap/iter=115.pt,4.19928,4.19928,340033.0,312592.0,True,3.98345,3.98345,290369.0,269757.0,True,3.93489,4.442777601852417,290369.0,269757.0,True,3.93489,4.450196648925424,290369.0,269757.0,True,4.62808,5.197020338805794,340891.0,317138.0,True,True,True,0.006588,1.0,8.0,137.00555419921875,90,0.6931471824645996,True,0.053633689880371,0.6931899999999995,0.7468236898803706,0.42879999999999985,0.9977403388057944,50522.0,47381.0,-0.21582999999999997,-0.048559999999999715,False,False,False
1,/home/sunshixin/chenchao/my_rlaf/runs/analysis/echosat_symmetry_grpo_v1_7_acceptance_iter=115_canonical_low_warmup_wc1_per_instance.csv,2,k8_color7,base,k8_color7,complete_coloring,strong_symmetry,large,main,strong,56,372,10.0,5.0,/home/sunshixin/chenchao/my_rlaf/runs/GNN_Glucose_3SAT_EchoSAT_SymmetryGRPO_v1_7_WC1_PositiveCap/iter=115.pt,0.048749,0.048749,6158.0,5600.0,True,0.055989,0.055989,5946.0,5440.0,True,0.043459,0.551346601852417,5946.0,5440.0,True,0.043459,0.5583658268501163,5946.0,5440.0,True,0.039041,0.6075815167304873,5866.0,5315.0,True,True,True,0.005204,1.0,6.0,84.73548889160156,56,0.6931471824645996,True,0.053633689880371,-0.004417999999999998,0.04921568988037106,-0.009708000000000001,0.5588325167304873,-80.0,-125.0,0.0072399999999999964,-0.01253,True,True,False
1,/home/sunshixin/chenchao/my_rlaf/runs/analysis/echosat_symmetry_grpo_v1_7_acceptance_iter=115_canonical_low_warmup_wc1_per_instance.csv,2,k8_color7,perm_seed1730,k8_color7_perm1730,complete_coloring,strong_symmetry,large,main,strong,56,372,10.0,5.0,/home/sunshixin/chenchao/my_rlaf/runs/GNN_Glucose_3SAT_EchoSAT_SymmetryGRPO_v1_7_WC1_PositiveCap/iter=115.pt,0.049466,0.049466,6138.0,5624.0,True,0.050398,0.050398,6264.0,5696.0,True,0.044153,0.552040601852417,6264.0,5696.0,True,0.044153,0.553188333769679,6264.0,5696.0,True,0.04093,0.6035990236500501,5657.0,5203.0,True,True,True,0.000396,1.0,6.0,84.79159545898438,56,0.6931471824645996,True,0.053633689880371,-0.0032229999999999967,0.05041068988037112,-0.008536000000000002,0.5541330236500501,-607.0,-493.0,0.0009319999999999953,-0.0062450000000000006,True,True,False
1,/home/sunshixin/chenchao/my_rlaf/runs/analysis/echosat_symmetry_grpo_v1_7_acceptance_iter=115_canonical_low_warmup_wc1_per_instance.csv,2,k8_color7,perm_seed1731,k8_color7_perm1731,complete_coloring,strong_symmetry,large,main,strong,56,372,10.0,5.0,/home/sunshixin/chenchao/my_rlaf/runs/GNN_Glucose_3SAT_EchoSAT_SymmetryGRPO_v1_7_WC1_PositiveCap/iter=115.pt,0.035402,0.035402,5800.0,5271.0,True,0.051655,0.051655,6148.0,5641.0,True,0.049192,0.557079601852417,6148.0,5641.0,True,0.049192,0.5605271033499241,6148.0,5641.0,True,0.030903,0.5958717932302952,6264.0,5687.0,True,True,True,0.002624,1.0,6.0,84.7841796875,56,0.6931471824645996,True,0.053633689880371,-0.018289,0.035344689880371094,-0.004499000000000003,0.5604697932302951,116.0,46.0,0.016252999999999997,-0.002463,True,True,False
1,/home/sunshixin/chenchao/my_rlaf/runs/analysis/echosat_symmetry_grpo_v1_7_acceptance_iter=115_canonical_low_warmup_wc1_per_instance.csv,2,k9_color8,base,k9_color8,complete_coloring,strong_symmetry,large,main,strong,72,549,10.0,5.0,/home/sunshixin/chenchao/my_rlaf/runs/GNN_Glucose_3SAT_EchoSAT_SymmetryGRPO_v1_7_WC1_PositiveCap/iter=115.pt,0.690468,0.690468,46557.0,43529.0,True,0.852278,0.852278,44352.0,41138.0,True,0.586047,1.093934601852417,43519.0,40436.0,True,0.586047,1.0979022944169046,43519.0,40436.0,True,0.41997,0.9854589842972756,33721.0,31431.0,True,True,True,0.003186,1.0,7.0,109.32144165039062,72,0.6931471824645996,True,0.053633689880371,-0.16607699999999997,-0.11244331011962894,-0.27049799999999996,0.29499098429727566,-9798.0,-9005.0,0.16181,-0.266231,True,True,False
1,/home/sunshixin/chenchao/my_rlaf/runs/analysis/echosat_symmetry_grpo_v1_7_acceptance_iter=115_canonical_low_warmup_wc1_per_instance.csv,2,k9_color8,perm_seed1730,k9_color8_perm1730,complete_coloring,strong_symmetry,large,main,strong,72,549,10.0,5.0,/home/sunshixin/chenchao/my_rlaf/runs/GNN_Glucose_3SAT_EchoSAT_SymmetryGRPO_v1_7_WC1_PositiveCap/iter=115.pt,0.469789,0.469789,39708.0,36681.0,True,0.673147,0.673147,45794.0,42555.0,True,0.659616,1.167503601852417,45794.0,42555.0,True,0.659616,1.1733275011096,45794.0,42555.0,True,0.441521,1.0088661909899712,40354.0,37389.0,True,True,True,0.00505,1.0,7.0,109.58531951904295,72,0.6931471824645996,True,0.053633689880371,-0.21809499999999998,-0.16446131011962883,-0.028268000000000015,0.5390771909899712,-5440.0,-5166.0,0.20335800000000004,-0.01353100000000007,True,True,False
1,/home/sunshixin/chenchao/my_rlaf/runs/analysis/echosat_symmetry_grpo_v1_7_acceptance_iter=115_canonical_low_warmup_wc1_per_instance.csv,2,k9_color8,perm_seed1731,k9_color8_perm1731,complete_coloring,strong_symmetry,large,main,strong,72,549,10.0,5.0,/home/sunshixin/chenchao/my_rlaf/runs/GNN_Glucose_3SAT_EchoSAT_SymmetryGRPO_v1_7_WC1_PositiveCap/iter=115.pt,0.623479,0.623479,47177.0,43763.0,True,0.708742,0.708742,47579.0,44103.0,True,0.683721,0.8075663388214112,47579.0,44103.0,True,0.683721,0.812985868776381,47579.0,44103.0,True,0.55742,0.6904609422321916,44972.0,41853.0,True,True,True,0.004528,1.0,7.0,109.56788635253906,72,0.6931471824645996,True,0.0037760734558105,-0.126301,-0.12252492654418945,-0.06605899999999998,0.06698194223219156,-2607.0,-2250.0,0.08526299999999998,-0.02502099999999996,True,True,False
1,/home/sunshixin/chenchao/my_rlaf/runs/analysis/echosat_symmetry_grpo_v1_7_acceptance_iter=115_canonical_low_warmup_wc1_per_instance.csv,2,php_p10_h9,base,php_p10_h9,php,strong_symmetry,large,main,strong,90,775,10.0,5.0,/home/sunshixin/chenchao/my_rlaf/runs/GNN_Glucose_3SAT_EchoSAT_SymmetryGRPO_v1_7_WC1_PositiveCap/iter=115.pt,4.29108,4.29108,340861.0,314066.0,True,4.60123,4.60123,322229.0,299168.0,True,4.15238,4.276225338821411,321840.0,298649.0,True,4.15238,4.285799747813403,321840.0,298649.0,True,3.38781,3.525005821269214,277364.0,257689.0,True,True,True,0.008791,1.0,8.0,136.93209838867188,90,0.6931471824645996,True,0.0037760734558105,-0.76457,-0.760793926544189,-0.90327,-0.7660741787307859,-44476.0,-40960.0,0.31015000000000015,-0.4488500000000002,True,True,True
1,/home/sunshixin/chenchao/my_rlaf/runs/analysis/echosat_symmetry_grpo_v1_7_acceptance_iter=115_canonical_low_warmup_wc1_per_instance.csv,2,php_p10_h9,perm_seed1730,php_p10_h9_perm1730,php,strong_symmetry,large,main,strong,90,775,10.0,5.0,/home/sunshixin/chenchao/my_rlaf/runs/GNN_Glucose_3SAT_EchoSAT_SymmetryGRPO_v1_7_WC1_PositiveCap/iter=115.pt,5.06021,5.06021,413643.0,382655.0,True,4.67626,4.67626,283792.0,262594.0,True,3.84265,3.966495338821411,247778.0,229737.0,True,3.84265,3.975608217982233,247778.0,229737.0,True,4.36026,4.496994291438043,297908.0,279546.0,True,True,True,0.008318,1.0,8.0,136.98228454589844,90,0.6931471824645996,True,0.0037760734558105,0.5176100000000003,0.5213860734558105,-0.6999499999999994,-0.5632157085619562,50130.0,49809.0,-0.38394999999999957,-0.8336100000000002,False,True,True
1,/home/sunshixin/chenchao/my_rlaf/runs/analysis/echosat_symmetry_grpo_v1_7_acceptance_iter=115_canonical_low_warmup_wc1_per_instance.csv,2,php_p10_h9,perm_seed1731,php_p10_h9_perm1731,php,strong_symmetry,large,main,strong,90,775,10.0,5.0,/home/sunshixin/chenchao/my_rlaf/runs/GNN_Glucose_3SAT_EchoSAT_SymmetryGRPO_v1_7_WC1_PositiveCap/iter=115.pt,4.37628,4.37628,340033.0,312592.0,True,4.0495,4.0495,290369.0,269757.0,True,3.90207,4.025915338821411,290369.0,269757.0,True,3.90207,4.029684722159565,290369.0,269757.0,True,4.38419,4.515580795615375,340891.0,317138.0,True,True,True,0.002961,1.0,8.0,137.00555419921875,90,0.6931471824645996,True,0.0037760734558105,0.4821200000000001,0.48589607345581065,0.007909999999999862,0.1393007956153749,50522.0,47381.0,-0.3267800000000003,-0.14742999999999995,False,False,False
1,/home/sunshixin/chenchao/my_rlaf/runs/analysis/echosat_symmetry_grpo_v1_7_acceptance_iter=115_canonical_low_warmup_wc1_per_instance.csv,2,php_p9_h8,base,php_p9_h8,php,strong_symmetry,large,main,strong,72,549,10.0,5.0,/home/sunshixin/chenchao/my_rlaf/runs/GNN_Glucose_3SAT_EchoSAT_SymmetryGRPO_v1_7_WC1_PositiveCap/iter=115.pt,0.69803,0.69803,46557.0,43529.0,True,0.642662,0.642662,44352.0,41138.0,True,0.589312,0.7131573388214111,43519.0,40436.0,True,0.589312,0.720238849239409,43519.0,40436.0,True,0.458236,0.5929389226952195,33721.0,31431.0,True,True,True,0.006279,1.0,7.0,109.32144165039062,72,0.6931471824645996,True,0.0037760734558105,-0.13107599999999997,-0.12729992654418942,-0.23979400000000006,-0.10509107730478051,-9798.0,-9005.0,-0.055368000000000084,-0.05335000000000001,True,True,True
1,/home/sunshixin/chenchao/my_rlaf/runs/analysis/echosat_symmetry_grpo_v1_7_acceptance_iter=115_canonical_low_warmup_wc1_per_instance.csv,2,php_p9_h8,perm_seed1730,php_p9_h8_perm1730,php,strong_symmetry,large,main,strong,72,549,10.0,5.0,/home/sunshixin/chenchao/my_rlaf/runs/GNN_Glucose_3SAT_EchoSAT_SymmetryGRPO_v1_7_WC1_PositiveCap/iter=115.pt,0.468626,0.468626,39708.0,36681.0,True,0.755364,0.755364,45794.0,42555.0,True,0.673157,0.7970023388214111,45794.0,42555.0,True,0.673157,0.8036409577168226,45794.0,42555.0,True,0.51361,0.6478700311726332,40354.0,37389.0,True,True,True,0.0059,1.0,7.0,109.58531951904295,72,0.6931471824645996,True,0.0037760734558105,-0.159547,-0.15577092654418945,0.044984000000000024,0.1792440311726332,-5440.0,-5166.0,0.28673800000000005,-0.08220700000000003,True,False,False
1,/home/sunshixin/chenchao/my_rlaf/runs/analysis/echosat_symmetry_grpo_v1_7_acceptance_iter=115_canonical_low_warmup_wc1_per_instance.csv,2,php_p9_h8,perm_seed1731,php_p9_h8_perm1731,php,strong_symmetry,large,main,strong,72,549,10.0,5.0,/home/sunshixin/chenchao/my_rlaf/runs/GNN_Glucose_3SAT_EchoSAT_SymmetryGRPO_v1_7_WC1_PositiveCap/iter=115.pt,0.632206,0.632206,47177.0,43763.0,True,0.680623,0.680623,47579.0,44103.0,True,0.680194,0.8040393388214111,47579.0,44103.0,True,0.680194,0.8106815591444373,47579.0,44103.0,True,0.609178,0.7434416326002479,44972.0,41853.0,True,True,True,0.005869,1.0,7.0,109.56788635253906,72,0.6931471824645996,True,0.0037760734558105,-0.07101599999999997,-0.06723992654418942,-0.02302800000000005,0.11123563260024782,-2607.0,-2250.0,0.04841699999999993,-0.0004290000000000127,True,True,False
1,/home/sunshixin/chenchao/my_rlaf/runs/analysis/echosat_symmetry_grpo_v1_7_acceptance_iter=115_canonical_low_warmup_wc1_per_instance.csv,2,random_3sat_control_v160_c704_seed2615,base,random_3sat_control_v160_c704_seed2615,random_3sat_control,non_symmetric_control,large,control,none,160,704,10.0,5.0,/home/sunshixin/chenchao/my_rlaf/runs/GNN_Glucose_3SAT_EchoSAT_SymmetryGRPO_v1_7_WC1_PositiveCap/iter=115.pt,0.063774,0.063774,6771.0,5767.0,True,0.054197,0.054197,5702.0,4813.0,True,0.061022,0.1848673388214111,4859.0,4212.0,True,0.061022,0.1875540923579335,4859.0,4212.0,True,0.049828,0.1801361658137441,5652.0,4794.0,True,False,False,0.001756,1.0,20.0,250.25311279296875,160,0.6931471824645996,True,0.0037760734558105,-0.011194000000000003,-0.007417926544189407,-0.013946,0.11636216581374409,793.0,582.0,-0.009576999999999995,0.006824999999999998,True,True,False
1,/home/sunshixin/chenchao/my_rlaf/runs/analysis/echosat_symmetry_grpo_v1_7_acceptance_iter=115_canonical_low_warmup_wc1_per_instance.csv,2,random_3sat_control_v160_c704_seed2615,perm_seed1730,random_3sat_control_v160_c704_seed2615_perm1730,random_3sat_control,non_symmetric_control,large,control,none,160,704,10.0,5.0,/home/sunshixin/chenchao/my_rlaf/runs/GNN_Glucose_3SAT_EchoSAT_SymmetryGRPO_v1_7_WC1_PositiveCap/iter=115.pt,0.094961,0.094961,8522.0,7299.0,True,0.095688,0.095688,7934.0,6809.0,True,0.053463,1.952987211883545,4602.0,4008.0,True,0.053463,1.958672495135844,4602.0,4008.0,True,0.058649,1.96855653323704,5840.0,5008.0,True,False,False,0.00472,1.0,20.0,250.9976043701172,160,0.6931471824645996,True,0.0046980381011962,0.005186000000000003,0.00988403810119598,-0.036312000000000004,1.87359553323704,1238.0,1000.0,0.0007269999999999915,-0.042225,False,True,False
1,/home/sunshixin/chenchao/my_rlaf/runs/analysis/echosat_symmetry_grpo_v1_7_acceptance_iter=115_canonical_low_warmup_wc1_per_instance.csv,2,random_3sat_control_v160_c704_seed2615,perm_seed1731,random_3sat_control_v160_c704_seed2615_perm1731,random_3sat_control,non_symmetric_control,large,control,none,160,704,10.0,5.0,/home/sunshixin/chenchao/my_rlaf/runs/GNN_Glucose_3SAT_EchoSAT_SymmetryGRPO_v1_7_WC1_PositiveCap/iter=115.pt,0.042866,0.042866,5676.0,4847.0,True,0.097256,0.097256,8017.0,6851.0,True,0.063403,1.962927211883545,4961.0,4384.0,True,0.063403,1.9668731497273448,4961.0,4384.0,True,0.050894,1.9590621878285408,5099.0,4340.0,True,False,False,0.003058,1.0,20.0,250.14382934570312,160,0.6931471824645996,True,0.0046980381011962,-0.012509,-0.007810961898804036,0.008028,1.9161961878285407,138.0,-44.0,0.054389999999999994,-0.033852999999999994,True,False,False
1,/home/sunshixin/chenchao/my_rlaf/runs/analysis/echosat_symmetry_grpo_v1_7_acceptance_iter=115_canonical_low_warmup_wc1_per_instance.csv,2,random_3sat_control_v180_c760_seed3301,base,random_3sat_control_v180_c760_seed3301,random_3sat_control,non_symmetric_control,large,control,none,180,760,10.0,5.0,/home/sunshixin/chenchao/my_rlaf/runs/GNN_Glucose_3SAT_EchoSAT_SymmetryGRPO_v1_7_WC1_PositiveCap/iter=115.pt,0.497031,0.497031,27442.0,23617.0,True,0.177584,0.177584,10470.0,8910.0,True,0.012152,1.9116762118835449,693.0,567.0,True,0.012152,1.916373228117168,693.0,567.0,True,0.491386,2.400305266218364,33478.0,29309.0,True,False,False,0.003727,1.0,25.0,290.802978515625,180,0.6931471824645996,True,0.0046980381011962,0.479234,0.4839320381011962,-0.005645000000000011,1.9032742662183642,32785.0,28742.0,-0.31944700000000004,-0.165432,False,True,False
1,/home/sunshixin/chenchao/my_rlaf/runs/analysis/echosat_symmetry_grpo_v1_7_acceptance_iter=115_canonical_low_warmup_wc1_per_instance.csv,2,random_3sat_control_v180_c760_seed3301,perm_seed1730,random_3sat_control_v180_c760_seed3301_perm1730,random_3sat_control,non_symmetric_control,large,control,none,180,760,10.0,5.0,/home/sunshixin/chenchao/my_rlaf/runs/GNN_Glucose_3SAT_EchoSAT_SymmetryGRPO_v1_7_WC1_PositiveCap/iter=115.pt,1.05942,1.05942,47649.0,41152.0,True,0.097611,0.097611,7421.0,6253.0,True,0.00639,1.9059142118835448,643.0,525.0,True,0.00639,1.910513093133092,643.0,525.0,True,0.64984,2.558661131234288,41335.0,36434.0,True,False,False,0.003652,1.0,25.0,292.0396728515625,180,0.6931471824645996,True,0.0046980381011962,0.64345,0.6481480381011961,-0.40958000000000006,1.4992411312342881,40692.0,35909.0,-0.961809,-0.091221,False,True,False
1,/home/sunshixin/chenchao/my_rlaf/runs/analysis/echosat_symmetry_grpo_v1_7_acceptance_iter=115_canonical_low_warmup_wc1_per_instance.csv,2,random_3sat_control_v180_c760_seed3301,perm_seed1731,random_3sat_control_v180_c760_seed3301_perm1731,random_3sat_control,non_symmetric_control,large,control,none,180,760,10.0,5.0,/home/sunshixin/chenchao/my_rlaf/runs/GNN_Glucose_3SAT_EchoSAT_SymmetryGRPO_v1_7_WC1_PositiveCap/iter=115.pt,0.486453,0.486453,27197.0,23469.0,True,0.126868,0.126868,9011.0,7714.0,True,0.007596,1.9071202118835449,590.0,484.0,True,0.007596,1.9119750585250852,590.0,484.0,True,0.513302,2.422379096626282,33934.0,29781.0,True,False,False,0.003897,1.0,25.0,291.0475769042969,180,0.6931471824645996,True,0.0046980381011962,0.505706,0.5104040381011967,0.026849000000000012,1.935926096626282,33344.0,29297.0,-0.35958500000000004,-0.119272,False,False,False
1,/home/sunshixin/chenchao/my_rlaf/runs/analysis/echosat_symmetry_grpo_v1_7_acceptance_iter=115_canonical_low_warmup_wc1_per_instance.csv,2,random_3sat_control_v220_c928_seed3303,base,random_3sat_control_v220_c928_seed3303,random_3sat_control,non_symmetric_control,large,control,none,220,928,10.0,5.0,/home/sunshixin/chenchao/my_rlaf/runs/GNN_Glucose_3SAT_EchoSAT_SymmetryGRPO_v1_7_WC1_PositiveCap/iter=115.pt,0.724641,0.724641,30277.0,25994.0,True,0.441886,0.441886,22265.0,19025.0,True,0.00328,1.9028042118835449,62.0,4.0,True,0.00328,1.9086435283588767,62.0,4.0,True,0.012069,1.9221305664600727,954.0,736.0,True,False,False,0.004914,1.0,28.0,332.48345947265625,220,0.6931471824645996,True,0.0046980381011962,0.008789,0.013487038101196003,-0.712572,1.1974895664600727,892.0,732.0,-0.282755,-0.438606,False,True,False
1,/home/sunshixin/chenchao/my_rlaf/runs/analysis/echosat_symmetry_grpo_v1_7_acceptance_iter=115_canonical_low_warmup_wc1_per_instance.csv,2,random_3sat_control_v220_c928_seed3303,perm_seed1730,random_3sat_control_v220_c928_seed3303_perm1730,random_3sat_control,non_symmetric_control,large,control,none,220,928,10.0,5.0,/home/sunshixin/chenchao/my_rlaf/runs/GNN_Glucose_3SAT_EchoSAT_SymmetryGRPO_v1_7_WC1_PositiveCap/iter=115.pt,1.53982,1.53982,52742.0,45477.0,True,0.230452,0.230452,13039.0,11071.0,True,0.002759,1.9022832118835449,62.0,4.0,True,0.002759,1.9036903431475165,62.0,4.0,True,0.013612,1.9192413812487128,640.0,470.0,True,False,False,0.000466,1.0,28.0,330.46795654296875,220,0.6931471824645996,True,0.0046980381011962,0.010853000000000002,0.01555103810119629,-1.526208,0.37942138124871283,578.0,466.0,-1.309368,-0.22769299999999998,False,True,False
1,/home/sunshixin/chenchao/my_rlaf/runs/analysis/echosat_symmetry_grpo_v1_7_acceptance_iter=115_canonical_low_warmup_wc1_per_instance.csv,2,random_3sat_control_v220_c928_seed3303,perm_seed1731,random_3sat_control_v220_c928_seed3303_perm1731,random_3sat_control,non_symmetric_control,large,control,none,220,928,10.0,5.0,/home/sunshixin/chenchao/my_rlaf/runs/GNN_Glucose_3SAT_EchoSAT_SymmetryGRPO_v1_7_WC1_PositiveCap/iter=115.pt,0.064447,0.064447,4930.0,4147.0,True,0.348045,0.348045,19684.0,16814.0,True,0.003204,1.902728211883545,63.0,4.0,True,0.003204,1.9081964842373131,63.0,4.0,True,0.011666,1.9213565223385096,995.0,775.0,True,False,False,0.004436,1.0,28.0,331.7943725585937,220,0.6931471824645996,True,0.0046980381011962,0.008461999999999999,0.01316003810119648,-0.05278100000000001,1.8569095223385097,932.0,771.0,0.283598,-0.344841,False,True,False
1,/home/sunshixin/chenchao/my_rlaf/runs/analysis/echosat_symmetry_grpo_v1_7_acceptance_iter=115_canonical_low_warmup_wc1_per_instance.csv,2,random_3sat_control_v220_c942_seed3304,base,random_3sat_control_v220_c942_seed3304,random_3sat_control,non_symmetric_control,large,control,none,220,942,10.0,5.0,/home/sunshixin/chenchao/my_rlaf/runs/GNN_Glucose_3SAT_EchoSAT_SymmetryGRPO_v1_7_WC1_PositiveCap/iter=115.pt,0.664636,0.664636,35472.0,30813.0,True,0.932768,0.932768,41376.0,36046.0,True,0.466322,1.0635879587860106,26754.0,23980.0,True,0.466322,1.064510018426299,26754.0,23980.0,True,0.637371,1.327259572320342,40296.0,36065.0,True,False,False,0.0,1.0,24.0,322.4337158203125,220,0.6931471824645996,True,0.0917005538940429,0.171049,0.262749553894043,-0.027264999999999984,0.662623572320342,13542.0,12085.0,0.26813200000000004,-0.466446,False,True,False
1,/home/sunshixin/chenchao/my_rlaf/runs/analysis/echosat_symmetry_grpo_v1_7_acceptance_iter=115_canonical_low_warmup_wc1_per_instance.csv,2,random_3sat_control_v220_c942_seed3304,perm_seed1730,random_3sat_control_v220_c942_seed3304_perm1730,random_3sat_control,non_symmetric_control,large,control,none,220,942,10.0,5.0,/home/sunshixin/chenchao/my_rlaf/runs/GNN_Glucose_3SAT_EchoSAT_SymmetryGRPO_v1_7_WC1_PositiveCap/iter=115.pt,0.664249,0.664249,34825.0,30052.0,True,0.614772,0.614772,33221.0,28818.0,True,0.474,1.0712659587860107,26445.0,23804.0,True,0.474,1.074190566649914,26445.0,23804.0,True,0.617236,1.3091271205439567,39843.0,35462.0,True,False,False,0.001953,1.0,24.0,324.02960205078125,220,0.6931471824645996,True,0.0917005538940429,0.14323600000000003,0.23493655389404267,-0.04701299999999997,0.6448781205439568,13398.0,11658.0,-0.04947699999999999,-0.140772,False,True,False
1,/home/sunshixin/chenchao/my_rlaf/runs/analysis/echosat_symmetry_grpo_v1_7_acceptance_iter=115_canonical_low_warmup_wc1_per_instance.csv,2,random_3sat_control_v220_c942_seed3304,perm_seed1731,random_3sat_control_v220_c942_seed3304_perm1731,random_3sat_control,non_symmetric_control,large,control,none,220,942,10.0,5.0,/home/sunshixin/chenchao/my_rlaf/runs/GNN_Glucose_3SAT_EchoSAT_SymmetryGRPO_v1_7_WC1_PositiveCap/iter=115.pt,0.796407,0.796407,38737.0,33758.0,True,0.766902,0.766902,38909.0,33544.0,True,0.472566,1.0698319587860108,26149.0,23448.0,True,0.472566,1.0746986596058608,26149.0,23448.0,True,0.684235,1.3780682134999038,40623.0,36390.0,True,False,False,0.003857,1.0,24.0,324.64569091796875,220,0.6931471824645996,True,0.0917005538940429,0.21166900000000005,0.3033695538940431,-0.11217199999999994,0.5816612134999039,14474.0,12942.0,-0.029505000000000003,-0.294336,False,True,False
1,/home/sunshixin/chenchao/my_rlaf/runs/analysis/echosat_symmetry_grpo_v1_7_acceptance_iter=115_canonical_low_warmup_wc1_per_instance.csv,2,random_3sat_control_v260_c1097_seed3305,base,random_3sat_control_v260_c1097_seed3305,random_3sat_control,non_symmetric_control,large,control,none,260,1097,10.0,5.0,/home/sunshixin/chenchao/my_rlaf/runs/GNN_Glucose_3SAT_EchoSAT_SymmetryGRPO_v1_7_WC1_PositiveCap/iter=115.pt,6.75758,6.75758,216854.0,188499.0,True,2.31587,2.31587,73626.0,64181.0,True,1.5166,2.1138659587860107,60642.0,54350.0,True,1.5166,2.120587513716817,60642.0,54350.0,True,1.97969,2.67537806761086,88260.0,78755.0,True,False,False,0.00573,1.0,35.0,390.6428833007813,260,0.6931471824645996,True,0.0917005538940429,0.46309,0.5547905538940427,-4.77789,-4.08220193238914,27618.0,24405.0,-4.4417100000000005,-0.7992699999999999,False,True,True
1,/home/sunshixin/chenchao/my_rlaf/runs/analysis/echosat_symmetry_grpo_v1_7_acceptance_iter=115_canonical_low_warmup_wc1_per_instance.csv,2,random_3sat_control_v260_c1097_seed3305,perm_seed1730,random_3sat_control_v260_c1097_seed3305_perm1730,random_3sat_control,non_symmetric_control,large,control,none,260,1097,10.0,5.0,/home/sunshixin/chenchao/my_rlaf/runs/GNN_Glucose_3SAT_EchoSAT_SymmetryGRPO_v1_7_WC1_PositiveCap/iter=115.pt,7.42498,7.42498,224505.0,195557.0,True,0.619949,0.619949,27246.0,23387.0,True,1.47819,2.0754559587860104,60686.0,54724.0,True,1.47819,2.081590255905628,60686.0,54724.0,True,3.60107,4.296170809799671,157336.0,140708.0,True,False,False,0.004999,1.0,35.0,390.0680847167969,260,0.6931471824645996,True,0.0917005538940429,2.1228800000000003,2.214580553894043,-3.8239099999999997,-3.1288091902003288,96650.0,85984.0,-6.805031,0.8582409999999999,False,True,True
1,/home/sunshixin/chenchao/my_rlaf/runs/analysis/echosat_symmetry_grpo_v1_7_acceptance_iter=115_canonical_low_warmup_wc1_per_instance.csv,2,random_3sat_control_v260_c1097_seed3305,perm_seed1731,random_3sat_control_v260_c1097_seed3305_perm1731,random_3sat_control,non_symmetric_control,large,control,none,260,1097,10.0,5.0,/home/sunshixin/chenchao/my_rlaf/runs/GNN_Glucose_3SAT_EchoSAT_SymmetryGRPO_v1_7_WC1_PositiveCap/iter=115.pt,3.56078,3.56078,105916.0,92052.0,True,5.5326,5.5326,162997.0,142194.0,True,1.03057,1.6278359587860107,48534.0,43247.0,True,1.03057,1.6358280464702248,48534.0,43247.0,True,0.479012,1.1759706003642678,26912.0,23693.0,True,False,False,0.006934,1.0,35.0,389.6698913574219,260,0.6931471824645996,True,0.0917005538940429,-0.551558,-0.459857446105957,-3.081768,-2.3848093996357322,-21622.0,-19554.0,1.9718200000000006,-4.50203,True,True,True
1,/home/sunshixin/chenchao/my_rlaf/runs/analysis/echosat_symmetry_grpo_v1_7_acceptance_iter=115_canonical_low_warmup_wc1_per_instance.csv,2,random_3sat_control_v260_c1113_seed3306,base,random_3sat_control_v260_c1113_seed3306,random_3sat_control,non_symmetric_control,large,control,none,260,1113,10.0,5.0,/home/sunshixin/chenchao/my_rlaf/runs/GNN_Glucose_3SAT_EchoSAT_SymmetryGRPO_v1_7_WC1_PositiveCap/iter=115.pt,5.42367,5.42367,178146.0,155541.0,True,6.0452,6.0452,186876.0,163308.0,True,6.32242,6.919685958786011,226200.0,205404.0,True,6.32242,6.921255961397708,226200.0,205404.0,True,5.97992,6.67045651529175,247323.0,217613.0,True,False,False,0.000432,1.0,33.0,397.6284790039063,260,0.6931471824645996,True,0.0917005538940429,-0.34250000000000025,-0.2507994461059573,0.5562499999999995,1.2467865152917499,21123.0,12209.0,0.6215299999999999,0.2772199999999998,True,False,False
1,/home/sunshixin/chenchao/my_rlaf/runs/analysis/echosat_symmetry_grpo_v1_7_acceptance_iter=115_canonical_low_warmup_wc1_per_instance.csv,2,random_3sat_control_v260_c1113_seed3306,perm_seed1730,random_3sat_control_v260_c1113_seed3306_perm1730,random_3sat_control,non_symmetric_control,large,control,none,260,1113,10.0,5.0,/home/sunshixin/chenchao/my_rlaf/runs/GNN_Glucose_3SAT_EchoSAT_SymmetryGRPO_v1_7_WC1_PositiveCap/iter=115.pt,4.65681,4.65681,171334.0,149746.0,True,6.59595,6.59595,206936.0,180741.0,True,5.55429,6.151555958786011,206101.0,186162.0,True,5.55429,6.158830630348563,206101.0,186162.0,True,6.10739,6.803631184242606,255479.0,224506.0,True,False,False,0.006224,1.0,33.0,396.3316650390625,260,0.6931471824645996,True,0.0917005538940429,0.5530999999999997,0.6448005538940436,1.4505799999999995,2.146821184242606,49378.0,38344.0,1.93914,-1.0416600000000003,False,False,False
1,/home/sunshixin/chenchao/my_rlaf/runs/analysis/echosat_symmetry_grpo_v1_7_acceptance_iter=115_canonical_low_warmup_wc1_per_instance.csv,2,random_3sat_control_v260_c1113_seed3306,perm_seed1731,random_3sat_control_v260_c1113_seed3306_perm1731,random_3sat_control,non_symmetric_control,large,control,none,260,1113,10.0,5.0,/home/sunshixin/chenchao/my_rlaf/runs/GNN_Glucose_3SAT_EchoSAT_SymmetryGRPO_v1_7_WC1_PositiveCap/iter=115.pt,6.39313,6.39313,202621.0,177648.0,True,6.8795,6.8795,214985.0,187707.0,True,5.96548,6.40564695022583,217745.0,196903.0,True,5.96548,6.406623104806543,217745.0,196903.0,True,6.3137,6.823296655145287,257051.0,226743.0,True,False,False,0.0,1.0,33.0,397.0461730957031,260,0.6931471824645996,True,0.0684535503387451,0.34821999999999953,0.41667355033874465,-0.07943000000000033,0.4301666551452872,39306.0,29840.0,0.48636999999999997,-0.9140199999999998,False,True,False
1,/home/sunshixin/chenchao/my_rlaf/runs/analysis/echosat_symmetry_grpo_v1_7_acceptance_iter=115_canonical_low_warmup_wc1_per_instance.csv,2,random_3sat_control_v300_c1266_seed3307,base,random_3sat_control_v300_c1266_seed3307,random_3sat_control,non_symmetric_control,large,control,none,300,1266,10.0,5.0,/home/sunshixin/chenchao/my_rlaf/runs/GNN_Glucose_3SAT_EchoSAT_SymmetryGRPO_v1_7_WC1_PositiveCap/iter=115.pt,0.271563,0.271563,12894.0,10895.0,True,2.50309,2.50309,71356.0,61376.0,True,0.008237,0.4484039502258301,288.0,182.0,True,0.008237,0.4529314153698087,288.0,182.0,True,0.041884,0.5550319657085538,2672.0,2174.0,True,False,False,0.003433,1.0,46.0,466.681884765625,300,0.6931471824645996,True,0.0684535503387451,0.033646999999999996,0.10210055033874516,-0.229679,0.28346896570855384,2384.0,1992.0,2.231527,-2.494853,False,True,False
1,/home/sunshixin/chenchao/my_rlaf/runs/analysis/echosat_symmetry_grpo_v1_7_acceptance_iter=115_canonical_low_warmup_wc1_per_instance.csv,2,random_3sat_control_v300_c1266_seed3307,perm_seed1730,random_3sat_control_v300_c1266_seed3307_perm1730,random_3sat_control,non_symmetric_control,large,control,none,300,1266,10.0,5.0,/home/sunshixin/chenchao/my_rlaf/runs/GNN_Glucose_3SAT_EchoSAT_SymmetryGRPO_v1_7_WC1_PositiveCap/iter=115.pt,1.3318,1.3318,43103.0,37339.0,True,2.07107,2.07107,63498.0,54506.0,True,0.01005,0.4502169502258301,321.0,205.0,True,0.01005,0.4578065609847307,321.0,205.0,True,0.03471,0.5509201113234758,2531.0,2020.0,True,False,False,0.006513,1.0,46.0,465.9733581542969,300,0.6931471824645996,True,0.0684535503387451,0.024659999999999998,0.09311355033874513,-1.29709,-0.7808798886765242,2210.0,1815.0,0.7392700000000001,-2.06102,False,True,True
1,/home/sunshixin/chenchao/my_rlaf/runs/analysis/echosat_symmetry_grpo_v1_7_acceptance_iter=115_canonical_low_warmup_wc1_per_instance.csv,2,random_3sat_control_v300_c1266_seed3307,perm_seed1731,random_3sat_control_v300_c1266_seed3307_perm1731,random_3sat_control,non_symmetric_control,large,control,none,300,1266,10.0,5.0,/home/sunshixin/chenchao/my_rlaf/runs/GNN_Glucose_3SAT_EchoSAT_SymmetryGRPO_v1_7_WC1_PositiveCap/iter=115.pt,2.13128,2.13128,66962.0,57424.0,True,0.118018,0.118018,7524.0,6304.0,True,0.009096,0.44926295022583,375.0,247.0,True,0.009096,0.4536284948063492,375.0,247.0,True,0.032018,0.5450040451450944,2464.0,2003.0,True,False,False,0.003235,1.0,46.0,465.2885437011719,300,0.6931471824645996,True,0.0684535503387451,0.022921999999999998,0.09137555033874517,-2.099262,-1.5862759548549055,2089.0,1756.0,-2.0132619999999997,-0.10892199999999999,False,True,True
1,/home/sunshixin/chenchao/my_rlaf/runs/analysis/echosat_symmetry_grpo_v1_7_acceptance_iter=115_canonical_low_warmup_wc1_per_instance.csv,2,subset_cardinality_bw10,base,subset_cardinality_bw10,subset_cardinality,weak_symmetry,large,main,weak,41,92,10.0,5.0,/home/sunshixin/chenchao/my_rlaf/runs/GNN_Glucose_3SAT_EchoSAT_SymmetryGRPO_v1_7_WC1_PositiveCap/iter=115.pt,0.003601,0.003601,193.0,141.0,True,0.00256,0.00256,237.0,193.0,True,0.00162,0.4417869502258301,162.0,142.0,True,0.00162,0.4438809302708507,162.0,142.0,True,0.001835,0.5125494806095958,179.0,151.0,True,True,True,0.00129,1.0,5.0,62.83808517456055,41,0.6931471824645996,True,0.0684535503387451,0.00021500000000000013,0.06866855033874514,-0.001766,0.5089484806095959,17.0,9.0,-0.0010409999999999998,-0.0009400000000000003,False,True,False
1,/home/sunshixin/chenchao/my_rlaf/runs/analysis/echosat_symmetry_grpo_v1_7_acceptance_iter=115_canonical_low_warmup_wc1_per_instance.csv,2,subset_cardinality_bw10,perm_seed1730,subset_cardinality_bw10_perm1730,subset_cardinality,weak_symmetry,large,main,weak,41,92,10.0,5.0,/home/sunshixin/chenchao/my_rlaf/runs/GNN_Glucose_3SAT_EchoSAT_SymmetryGRPO_v1_7_WC1_PositiveCap/iter=115.pt,0.00158,0.00158,218.0,167.0,True,0.002178,0.002178,221.0,169.0,True,0.001438,0.4416049502258301,156.0,137.0,True,0.001438,0.4438523488819003,156.0,137.0,True,0.0,0.5108678992206455,181.0,158.0,True,True,True,0.001476,1.0,6.0,62.92706298828125,41,0.6931471824645996,True,0.0684535503387451,-0.001438,0.06701555033874518,-0.00158,0.5092878992206454,25.0,21.0,0.0005979999999999998,-0.0007399999999999998,True,True,False
1,/home/sunshixin/chenchao/my_rlaf/runs/analysis/echosat_symmetry_grpo_v1_7_acceptance_iter=115_canonical_low_warmup_wc1_per_instance.csv,2,subset_cardinality_bw10,perm_seed1731,subset_cardinality_bw10_perm1731,subset_cardinality,weak_symmetry,large,main,weak,41,92,10.0,5.0,/home/sunshixin/chenchao/my_rlaf/runs/GNN_Glucose_3SAT_EchoSAT_SymmetryGRPO_v1_7_WC1_PositiveCap/iter=115.pt,0.003108,0.003108,202.0,147.0,True,0.002115,0.002115,247.0,155.0,True,0.0,0.4401669502258301,203.0,164.0,True,0.0,0.4420880889852047,203.0,164.0,True,0.000552,0.5110936393239498,174.0,147.0,True,True,True,0.001127,1.0,7.0,62.392337799072266,41,0.6931471824645996,True,0.0684535503387451,0.000552,0.06900555033874511,-0.002556,0.5079856393239498,-29.0,-17.0,-0.000993,-0.002115,False,True,False
1,/home/sunshixin/chenchao/my_rlaf/runs/analysis/echosat_symmetry_grpo_v1_7_acceptance_iter=115_canonical_low_warmup_wc1_per_instance.csv,2,subset_cardinality_bw12,base,subset_cardinality_bw12,subset_cardinality,weak_symmetry,large,main,weak,49,108,10.0,5.0,/home/sunshixin/chenchao/my_rlaf/runs/GNN_Glucose_3SAT_EchoSAT_SymmetryGRPO_v1_7_WC1_PositiveCap/iter=115.pt,0.002117,0.002117,442.0,342.0,True,0.003402,0.003402,491.0,414.0,True,0.002332,0.4424989502258301,384.0,312.0,True,0.002332,0.4445416112231612,384.0,312.0,True,0.001917,0.5125801615619063,397.0,310.0,True,True,True,0.001187,1.0,9.0,75.44426727294922,49,0.6931471824645996,True,0.0684535503387451,-0.0004149999999999998,0.06803855033874512,-0.00019999999999999987,0.5104631615619063,13.0,-2.0,0.0012850000000000001,-0.0010700000000000002,True,True,False
1,/home/sunshixin/chenchao/my_rlaf/runs/analysis/echosat_symmetry_grpo_v1_7_acceptance_iter=115_canonical_low_warmup_wc1_per_instance.csv,2,subset_cardinality_bw12,perm_seed1730,subset_cardinality_bw12_perm1730,subset_cardinality,weak_symmetry,large,main,weak,49,108,10.0,5.0,/home/sunshixin/chenchao/my_rlaf/runs/GNN_Glucose_3SAT_EchoSAT_SymmetryGRPO_v1_7_WC1_PositiveCap/iter=115.pt,0.004082,0.004082,440.0,329.0,True,0.000391,0.000391,397.0,314.0,True,0.002344,0.0560093995513916,343.0,268.0,True,0.002344,0.057326787725687,343.0,268.0,True,0.00338,0.0882719216368198,374.0,309.0,True,True,True,0.000516,1.0,7.0,73.95069122314453,49,0.6931471824645996,True,0.0299091339111328,0.001036,0.030945133911132794,-0.0007019999999999995,0.08418992163681979,31.0,41.0,-0.003691,0.001953,False,True,False
1,/home/sunshixin/chenchao/my_rlaf/runs/analysis/echosat_symmetry_grpo_v1_7_acceptance_iter=115_canonical_low_warmup_wc1_per_instance.csv,2,subset_cardinality_bw12,perm_seed1731,subset_cardinality_bw12_perm1731,subset_cardinality,weak_symmetry,large,main,weak,49,108,10.0,5.0,/home/sunshixin/chenchao/my_rlaf/runs/GNN_Glucose_3SAT_EchoSAT_SymmetryGRPO_v1_7_WC1_PositiveCap/iter=115.pt,0.002752,0.002752,393.0,297.0,True,0.000371,0.000371,439.0,311.0,True,0.005496,0.0591613995513916,363.0,285.0,True,0.005496,0.0616054260134696,363.0,285.0,True,0.002981,0.0889995599246025,378.0,308.0,True,True,True,0.001629,1.0,7.0,75.07693481445312,49,0.6931471824645996,True,0.0299091339111328,-0.002515,0.0273941339111329,0.00022900000000000004,0.0862475599246025,15.0,23.0,-0.0023810000000000003,0.005125,True,False,False
1,/home/sunshixin/chenchao/my_rlaf/runs/analysis/echosat_symmetry_grpo_v1_7_acceptance_iter=115_canonical_low_warmup_wc1_per_instance.csv,2,subset_cardinality_bw8,base,subset_cardinality_bw8,subset_cardinality,weak_symmetry,medium,main,weak,33,76,10.0,5.0,/home/sunshixin/chenchao/my_rlaf/runs/GNN_Glucose_3SAT_EchoSAT_SymmetryGRPO_v1_7_WC1_PositiveCap/iter=115.pt,0.001553,0.001553,89.0,67.0,True,0.0,0.0,106.0,76.0,True,0.001493,0.0551583995513916,84.0,69.0,True,0.001493,0.0573121090015173,84.0,69.0,True,0.003551,0.0892792429126501,97.0,83.0,True,True,True,0.001356,1.0,12.0,54.99262619018555,33,0.6931471824645996,True,0.0299091339111328,0.002058,0.0319671339111328,0.0019979999999999998,0.0877262429126501,13.0,14.0,-0.001553,0.001493,False,False,False
1,/home/sunshixin/chenchao/my_rlaf/runs/analysis/echosat_symmetry_grpo_v1_7_acceptance_iter=115_canonical_low_warmup_wc1_per_instance.csv,2,subset_cardinality_bw8,perm_seed1730,subset_cardinality_bw8_perm1730,subset_cardinality,weak_symmetry,medium,main,weak,33,76,10.0,5.0,/home/sunshixin/chenchao/my_rlaf/runs/GNN_Glucose_3SAT_EchoSAT_SymmetryGRPO_v1_7_WC1_PositiveCap/iter=115.pt,0.001402,0.001402,110.0,76.0,True,0.001685,0.001685,127.0,80.0,True,0.001762,0.0554273995513916,100.0,79.0,True,0.001762,0.0572008134676814,100.0,79.0,True,0.000349,0.0856969473788142,101.0,83.0,True,True,True,0.001016,1.0,5.0,49.16338348388672,33,0.6931471824645996,True,0.0299091339111328,-0.0014129999999999998,0.0284961339111328,-0.0010530000000000001,0.0842949473788142,1.0,4.0,0.00028300000000000005,7.699999999999981e-05,True,True,False
1,/home/sunshixin/chenchao/my_rlaf/runs/analysis/echosat_symmetry_grpo_v1_7_acceptance_iter=115_canonical_low_warmup_wc1_per_instance.csv,2,subset_cardinality_bw8,perm_seed1731,subset_cardinality_bw8_perm1731,subset_cardinality,weak_symmetry,medium,main,weak,33,76,10.0,5.0,/home/sunshixin/chenchao/my_rlaf/runs/GNN_Glucose_3SAT_EchoSAT_SymmetryGRPO_v1_7_WC1_PositiveCap/iter=115.pt,0.001523,0.001523,91.0,70.0,True,0.001619,0.001619,102.0,79.0,True,0.001352,0.0550173995513916,81.0,70.0,True,0.001352,0.0573314978711605,81.0,70.0,True,0.001993,0.0878816317822933,92.0,76.0,True,True,True,0.001541,1.0,11.0,55.44180679321289,33,0.6931471824645996,True,0.0299091339111328,0.0006410000000000001,0.0305501339111328,0.00046999999999999993,0.0863586317822933,11.0,6.0,9.599999999999995e-05,-0.0002670000000000001,False,False,False
3,/home/sunshixin/chenchao/my_rlaf/runs/analysis/echosat_symmetry_grpo_v1_7_acceptance_iter=115_canonical_low_warmup_wc3_per_instance.csv,0,k10_color9,base,k10_color9,complete_coloring,strong_symmetry,large,main,strong,90,775,10.0,5.0,/home/sunshixin/chenchao/my_rlaf/runs/GNN_Glucose_3SAT_EchoSAT_SymmetryGRPO_v1_7_WC1_PositiveCap/iter=115.pt,4.2439,4.2439,340861.0,314066.0,True,4.38332,4.38332,322229.0,299168.0,True,5.55003,5.938028580932617,321840.0,298649.0,True,5.55003,5.950983771870791,321840.0,298649.0,True,4.29311,4.749885429051578,330685.0,310429.0,True,True,True,0.010476,3.0,9.0,195.45620727539065,90,1.0986123085021973,True,0.0558216571807861,-1.2569199999999991,-1.201098342819213,0.04921000000000042,0.5059854290515782,8845.0,11780.0,0.13942000000000032,1.1667099999999992,True,False,False
3,/home/sunshixin/chenchao/my_rlaf/runs/analysis/echosat_symmetry_grpo_v1_7_acceptance_iter=115_canonical_low_warmup_wc3_per_instance.csv,0,k10_color9,perm_seed1730,k10_color9_perm1730,complete_coloring,strong_symmetry,large,main,strong,90,775,10.0,5.0,/home/sunshixin/chenchao/my_rlaf/runs/GNN_Glucose_3SAT_EchoSAT_SymmetryGRPO_v1_7_WC1_PositiveCap/iter=115.pt,4.87205,4.87205,413643.0,382655.0,True,4.19165,4.19165,283792.0,262594.0,True,4.53264,4.920638580932617,247778.0,229737.0,True,4.53264,4.930788159205913,247778.0,229737.0,True,3.6686,4.1225698163867,310574.0,289011.0,True,True,True,0.008875,3.0,9.0,194.30953979492188,90,1.0986123085021973,True,0.0558216571807861,-0.8640399999999997,-0.8082183428192131,-1.2034499999999997,-0.7494801836132998,62796.0,59274.0,-0.6803999999999997,0.3409899999999997,True,True,True
3,/home/sunshixin/chenchao/my_rlaf/runs/analysis/echosat_symmetry_grpo_v1_7_acceptance_iter=115_canonical_low_warmup_wc3_per_instance.csv,0,k10_color9,perm_seed1731,k10_color9_perm1731,complete_coloring,strong_symmetry,large,main,strong,90,775,10.0,5.0,/home/sunshixin/chenchao/my_rlaf/runs/GNN_Glucose_3SAT_EchoSAT_SymmetryGRPO_v1_7_WC1_PositiveCap/iter=115.pt,4.08731,4.08731,340033.0,312592.0,True,4.28151,4.28151,290369.0,269757.0,True,4.21338,4.601378580932617,290369.0,269757.0,True,4.21338,4.606441560049772,290369.0,269757.0,True,4.82416,5.273043217230558,375342.0,353249.0,True,True,True,0.003647,3.0,9.0,193.47189331054688,90,1.0986123085021973,True,0.0558216571807861,0.6107800000000001,0.6666016571807862,0.7368499999999996,1.185733217230558,84973.0,83492.0,0.19419999999999948,-0.06813000000000002,False,False,False
3,/home/sunshixin/chenchao/my_rlaf/runs/analysis/echosat_symmetry_grpo_v1_7_acceptance_iter=115_canonical_low_warmup_wc3_per_instance.csv,0,k8_color7,base,k8_color7,complete_coloring,strong_symmetry,large,main,strong,56,372,10.0,5.0,/home/sunshixin/chenchao/my_rlaf/runs/GNN_Glucose_3SAT_EchoSAT_SymmetryGRPO_v1_7_WC1_PositiveCap/iter=115.pt,0.053506,0.053506,6158.0,5600.0,True,0.041966,0.041966,5946.0,5440.0,True,0.040514,0.4285125809326172,5946.0,5440.0,True,0.040514,0.4334440756000876,5946.0,5440.0,True,0.038818,0.4875697327808738,5508.0,5073.0,True,True,True,0.003629,3.0,7.0,125.01708984375,56,1.0986123085021973,True,0.0558216571807861,-0.001696000000000003,0.05412565718078621,-0.014688,0.4340637327808738,-438.0,-367.0,-0.011539999999999995,-0.001452000000000002,True,True,False
3,/home/sunshixin/chenchao/my_rlaf/runs/analysis/echosat_symmetry_grpo_v1_7_acceptance_iter=115_canonical_low_warmup_wc3_per_instance.csv,0,k8_color7,perm_seed1730,k8_color7_perm1730,complete_coloring,strong_symmetry,large,main,strong,56,372,10.0,5.0,/home/sunshixin/chenchao/my_rlaf/runs/GNN_Glucose_3SAT_EchoSAT_SymmetryGRPO_v1_7_WC1_PositiveCap/iter=115.pt,0.049381,0.049381,6138.0,5624.0,True,0.046947,0.046947,6264.0,5696.0,True,0.047796,0.4357945809326172,6264.0,5696.0,True,0.047796,0.4406990879284143,6264.0,5696.0,True,0.039017,0.4877417451092005,5916.0,5386.0,True,True,True,0.003787,3.0,7.0,125.1129913330078,56,1.0986123085021973,True,0.0558216571807861,-0.008778999999999995,0.04704265718078621,-0.010363999999999998,0.4383607451092005,-348.0,-310.0,-0.0024339999999999987,0.0008489999999999956,True,True,False
3,/home/sunshixin/chenchao/my_rlaf/runs/analysis/echosat_symmetry_grpo_v1_7_acceptance_iter=115_canonical_low_warmup_wc3_per_instance.csv,0,k8_color7,perm_seed1731,k8_color7_perm1731,complete_coloring,strong_symmetry,large,main,strong,56,372,10.0,5.0,/home/sunshixin/chenchao/my_rlaf/runs/GNN_Glucose_3SAT_EchoSAT_SymmetryGRPO_v1_7_WC1_PositiveCap/iter=115.pt,0.043929,0.043929,5800.0,5271.0,True,0.063165,0.063165,6148.0,5641.0,True,0.062028,0.4500265809326171,6148.0,5641.0,True,0.062028,0.4546524783353209,6148.0,5641.0,True,0.036712,0.4851581355161071,6094.0,5636.0,True,True,True,0.003484,3.0,7.0,125.51768493652344,56,1.0986123085021973,True,0.0558216571807861,-0.025315999999999998,0.030505657180786183,-0.007217000000000001,0.4412291355161071,-54.0,-5.0,0.019235999999999996,-0.0011369999999999991,True,True,False
3,/home/sunshixin/chenchao/my_rlaf/runs/analysis/echosat_symmetry_grpo_v1_7_acceptance_iter=115_canonical_low_warmup_wc3_per_instance.csv,0,k9_color8,base,k9_color8,complete_coloring,strong_symmetry,large,main,strong,72,549,10.0,5.0,/home/sunshixin/chenchao/my_rlaf/runs/GNN_Glucose_3SAT_EchoSAT_SymmetryGRPO_v1_7_WC1_PositiveCap/iter=115.pt,0.696994,0.696994,46557.0,43529.0,True,0.656227,0.656227,44352.0,41138.0,True,0.770341,1.1583395809326174,43519.0,40436.0,True,0.770341,1.1624904046999216,43519.0,40436.0,True,0.438562,0.8865330618807077,40846.0,38032.0,True,True,True,0.003017,3.0,8.0,158.36375427246094,72,1.0986123085021973,True,0.0558216571807861,-0.33177900000000005,-0.2759573428192139,-0.258432,0.18953906188070768,-2673.0,-2404.0,-0.040767,0.11411400000000005,True,True,False
3,/home/sunshixin/chenchao/my_rlaf/runs/analysis/echosat_symmetry_grpo_v1_7_acceptance_iter=115_canonical_low_warmup_wc3_per_instance.csv,0,k9_color8,perm_seed1730,k9_color8_perm1730,complete_coloring,strong_symmetry,large,main,strong,72,549,10.0,5.0,/home/sunshixin/chenchao/my_rlaf/runs/GNN_Glucose_3SAT_EchoSAT_SymmetryGRPO_v1_7_WC1_PositiveCap/iter=115.pt,0.480552,0.480552,39708.0,36681.0,True,0.823028,0.823028,45794.0,42555.0,True,0.842185,1.2301835809326171,45794.0,42555.0,True,0.842185,1.2340427408288717,45794.0,42555.0,True,0.407739,0.8554183980096579,44156.0,40692.0,True,True,True,0.002613,3.0,10.0,157.64891052246094,72,1.0986123085021973,True,0.0558216571807861,-0.43444599999999994,-0.37862434281921376,-0.07281299999999996,0.37486639800965793,-1638.0,-1863.0,0.342476,0.01915699999999998,True,True,False
3,/home/sunshixin/chenchao/my_rlaf/runs/analysis/echosat_symmetry_grpo_v1_7_acceptance_iter=115_canonical_low_warmup_wc3_per_instance.csv,0,k9_color8,perm_seed1731,k9_color8_perm1731,complete_coloring,strong_symmetry,large,main,strong,72,549,10.0,5.0,/home/sunshixin/chenchao/my_rlaf/runs/GNN_Glucose_3SAT_EchoSAT_SymmetryGRPO_v1_7_WC1_PositiveCap/iter=115.pt,0.62579,0.62579,47177.0,43763.0,True,0.752369,0.752369,47579.0,44103.0,True,0.867443,1.103864346664429,47579.0,44103.0,True,0.867443,1.110096560288906,47579.0,44103.0,True,0.471688,0.7896343859877586,42320.0,39581.0,True,True,True,0.004871,3.0,8.0,158.0809783935547,72,1.0986123085021973,True,0.0752928256988525,-0.39575499999999997,-0.3204621743011473,-0.15410199999999996,0.16384438598775863,-5259.0,-4522.0,0.126579,0.11507400000000001,True,True,False
3,/home/sunshixin/chenchao/my_rlaf/runs/analysis/echosat_symmetry_grpo_v1_7_acceptance_iter=115_canonical_low_warmup_wc3_per_instance.csv,0,php_p10_h9,base,php_p10_h9,php,strong_symmetry,large,main,strong,90,775,10.0,5.0,/home/sunshixin/chenchao/my_rlaf/runs/GNN_Glucose_3SAT_EchoSAT_SymmetryGRPO_v1_7_WC1_PositiveCap/iter=115.pt,4.31573,4.31573,340861.0,314066.0,True,4.74446,4.74446,322229.0,299168.0,True,5.07827,5.3146913466644286,321840.0,298649.0,True,5.07827,5.3228633882218,321840.0,298649.0,True,4.11728,4.437166213920653,330685.0,310429.0,True,True,True,0.006934,3.0,9.0,195.45620727539065,90,1.0986123085021973,True,0.0752928256988525,-0.9609899999999998,-0.8856971743011472,-0.19845000000000024,0.12143621392065285,8845.0,11780.0,0.42872999999999983,0.3338099999999997,True,True,False
3,/home/sunshixin/chenchao/my_rlaf/runs/analysis/echosat_symmetry_grpo_v1_7_acceptance_iter=115_canonical_low_warmup_wc3_per_instance.csv,0,php_p10_h9,perm_seed1730,php_p10_h9_perm1730,php,strong_symmetry,large,main,strong,90,775,10.0,5.0,/home/sunshixin/chenchao/my_rlaf/runs/GNN_Glucose_3SAT_EchoSAT_SymmetryGRPO_v1_7_WC1_PositiveCap/iter=115.pt,5.09243,5.09243,413643.0,382655.0,True,4.953,4.953,283792.0,262594.0,True,4.49217,4.7285913466644285,247778.0,229737.0,True,4.49217,4.738697644646525,247778.0,229737.0,True,3.81809,4.139910470345378,336407.0,312644.0,True,True,True,0.008766,3.0,9.0,194.30953979492188,90,1.0986123085021973,True,0.0752928256988525,-0.6740799999999996,-0.5987871743011466,-1.27434,-0.952519529654622,88629.0,82907.0,-0.13942999999999994,-0.4608300000000005,True,True,True
3,/home/sunshixin/chenchao/my_rlaf/runs/analysis/echosat_symmetry_grpo_v1_7_acceptance_iter=115_canonical_low_warmup_wc3_per_instance.csv,0,php_p10_h9,perm_seed1731,php_p10_h9_perm1731,php,strong_symmetry,large,main,strong,90,775,10.0,5.0,/home/sunshixin/chenchao/my_rlaf/runs/GNN_Glucose_3SAT_EchoSAT_SymmetryGRPO_v1_7_WC1_PositiveCap/iter=115.pt,4.0183,4.0183,340033.0,312592.0,True,4.28847,4.28847,290369.0,269757.0,True,5.22981,5.466231346664428,290369.0,269757.0,True,5.22981,5.475520515925169,290369.0,269757.0,True,4.82227,5.143273341624021,375342.0,353249.0,True,True,True,0.008128,3.0,9.0,193.47189331054688,90,1.0986123085021973,True,0.0752928256988525,-0.40754,-0.3322471743011475,0.8039699999999996,1.1249733416240213,84973.0,83492.0,0.27017000000000024,0.9413399999999994,True,False,False
3,/home/sunshixin/chenchao/my_rlaf/runs/analysis/echosat_symmetry_grpo_v1_7_acceptance_iter=115_canonical_low_warmup_wc3_per_instance.csv,0,php_p9_h8,base,php_p9_h8,php,strong_symmetry,large,main,strong,72,549,10.0,5.0,/home/sunshixin/chenchao/my_rlaf/runs/GNN_Glucose_3SAT_EchoSAT_SymmetryGRPO_v1_7_WC1_PositiveCap/iter=115.pt,0.708652,0.708652,46557.0,43529.0,True,0.706731,0.706731,44352.0,41138.0,True,0.669439,0.9058603466644288,43519.0,40436.0,True,0.669439,0.9126408111464978,43519.0,40436.0,True,0.438379,0.7568736368453504,40846.0,38032.0,True,True,True,0.005406,3.0,8.0,158.36375427246094,72,1.0986123085021973,True,0.0752928256988525,-0.23106,-0.1557671743011474,-0.27027299999999993,0.04822163684535041,-2673.0,-2404.0,-0.0019209999999999505,-0.03729199999999999,True,True,False
3,/home/sunshixin/chenchao/my_rlaf/runs/analysis/echosat_symmetry_grpo_v1_7_acceptance_iter=115_canonical_low_warmup_wc3_per_instance.csv,0,php_p9_h8,perm_seed1730,php_p9_h8_perm1730,php,strong_symmetry,large,main,strong,72,549,10.0,5.0,/home/sunshixin/chenchao/my_rlaf/runs/GNN_Glucose_3SAT_EchoSAT_SymmetryGRPO_v1_7_WC1_PositiveCap/iter=115.pt,0.532263,0.532263,39708.0,36681.0,True,0.659359,0.659359,45794.0,42555.0,True,0.671048,0.9074693466644288,45794.0,42555.0,True,0.671048,0.9117800261554718,45794.0,42555.0,True,0.406813,0.7228378518543244,44156.0,40692.0,True,True,True,0.002708,3.0,10.0,157.64891052246094,72,1.0986123085021973,True,0.0752928256988525,-0.264235,-0.18894217430114746,-0.12545000000000006,0.19057485185432432,-1638.0,-1863.0,0.127096,0.01168899999999995,True,True,False
3,/home/sunshixin/chenchao/my_rlaf/runs/analysis/echosat_symmetry_grpo_v1_7_acceptance_iter=115_canonical_low_warmup_wc3_per_instance.csv,0,php_p9_h8,perm_seed1731,php_p9_h8_perm1731,php,strong_symmetry,large,main,strong,72,549,10.0,5.0,/home/sunshixin/chenchao/my_rlaf/runs/GNN_Glucose_3SAT_EchoSAT_SymmetryGRPO_v1_7_WC1_PositiveCap/iter=115.pt,0.852526,0.852526,47177.0,43763.0,True,0.781219,0.781219,47579.0,44103.0,True,0.749986,0.9864073466644288,47579.0,44103.0,True,0.749986,0.9913701111046672,47579.0,44103.0,True,0.601025,0.9177019368035196,42320.0,39581.0,True,True,True,0.003181,3.0,8.0,158.0809783935547,72,1.0986123085021973,True,0.0752928256988525,-0.148961,-0.07366817430114758,-0.251501,0.06517593680351963,-5259.0,-4522.0,-0.07130700000000001,-0.031232999999999955,True,True,False
3,/home/sunshixin/chenchao/my_rlaf/runs/analysis/echosat_symmetry_grpo_v1_7_acceptance_iter=115_canonical_low_warmup_wc3_per_instance.csv,0,random_3sat_control_v160_c704_seed2615,base,random_3sat_control_v160_c704_seed2615,random_3sat_control,non_symmetric_control,large,control,none,160,704,10.0,5.0,/home/sunshixin/chenchao/my_rlaf/runs/GNN_Glucose_3SAT_EchoSAT_SymmetryGRPO_v1_7_WC1_PositiveCap/iter=115.pt,0.0641,0.0641,6771.0,5767.0,True,0.067141,0.067141,5702.0,4813.0,True,0.061495,0.2979163466644287,4859.0,4212.0,True,0.061495,0.3042284363831282,4859.0,4212.0,True,0.057059,0.3750852620819807,4927.0,4155.0,True,False,False,0.004467,3.0,22.0,360.5569458007813,160,1.0986123085021973,True,0.0752928256988525,-0.0044360000000000024,0.07085682569885249,-0.007041000000000006,0.3109852620819807,68.0,-57.0,0.003041000000000002,-0.005646000000000005,True,True,False
3,/home/sunshixin/chenchao/my_rlaf/runs/analysis/echosat_symmetry_grpo_v1_7_acceptance_iter=115_canonical_low_warmup_wc3_per_instance.csv,0,random_3sat_control_v160_c704_seed2615,perm_seed1730,random_3sat_control_v160_c704_seed2615_perm1730,random_3sat_control,non_symmetric_control,large,control,none,160,704,10.0,5.0,/home/sunshixin/chenchao/my_rlaf/runs/GNN_Glucose_3SAT_EchoSAT_SymmetryGRPO_v1_7_WC1_PositiveCap/iter=115.pt,0.087706,0.087706,8522.0,7299.0,True,0.097049,0.097049,7934.0,6809.0,True,0.053869,0.2449090390625,4602.0,4008.0,True,0.053869,0.2466076521473527,4602.0,4008.0,True,0.065639,0.33908806321913,5380.0,4655.0,True,False,False,0.0005,3.0,22.0,363.3272399902344,160,1.0986123085021973,True,0.0807104110717773,0.011770000000000003,0.09248041107177729,-0.022067000000000003,0.25138206321913,778.0,647.0,0.00934299999999999,-0.043179999999999996,False,True,False
3,/home/sunshixin/chenchao/my_rlaf/runs/analysis/echosat_symmetry_grpo_v1_7_acceptance_iter=115_canonical_low_warmup_wc3_per_instance.csv,0,random_3sat_control_v160_c704_seed2615,perm_seed1731,random_3sat_control_v160_c704_seed2615_perm1731,random_3sat_control,non_symmetric_control,large,control,none,160,704,10.0,5.0,/home/sunshixin/chenchao/my_rlaf/runs/GNN_Glucose_3SAT_EchoSAT_SymmetryGRPO_v1_7_WC1_PositiveCap/iter=115.pt,0.047238,0.047238,5676.0,4847.0,True,0.115481,0.115481,8017.0,6851.0,True,0.064039,0.2550790390625,4961.0,4384.0,True,0.064039,0.2618003533114195,4961.0,4384.0,True,0.058991,0.3374627643831968,6020.0,5153.0,True,False,False,0.005538,3.0,22.0,364.4381408691406,160,1.0986123085021973,True,0.0807104110717773,-0.005047999999999997,0.07566241107177729,0.011753,0.2902247643831968,1059.0,769.0,0.068243,-0.051442,True,False,False
3,/home/sunshixin/chenchao/my_rlaf/runs/analysis/echosat_symmetry_grpo_v1_7_acceptance_iter=115_canonical_low_warmup_wc3_per_instance.csv,0,random_3sat_control_v180_c760_seed3301,base,random_3sat_control_v180_c760_seed3301,random_3sat_control,non_symmetric_control,large,control,none,180,760,10.0,5.0,/home/sunshixin/chenchao/my_rlaf/runs/GNN_Glucose_3SAT_EchoSAT_SymmetryGRPO_v1_7_WC1_PositiveCap/iter=115.pt,0.48974,0.48974,27442.0,23617.0,True,0.177642,0.177642,10470.0,8910.0,True,0.008118,0.1991580390625,693.0,567.0,True,0.008118,0.2054174149134159,693.0,567.0,True,0.783238,1.0612478259851932,42529.0,37408.0,True,False,False,0.004936,3.0,28.0,430.4636840820313,180,1.0986123085021973,True,0.0807104110717773,0.77512,0.8558304110717773,0.293498,0.5715078259851931,41836.0,36841.0,-0.312098,-0.169524,False,False,False
3,/home/sunshixin/chenchao/my_rlaf/runs/analysis/echosat_symmetry_grpo_v1_7_acceptance_iter=115_canonical_low_warmup_wc3_per_instance.csv,0,random_3sat_control_v180_c760_seed3301,perm_seed1730,random_3sat_control_v180_c760_seed3301_perm1730,random_3sat_control,non_symmetric_control,large,control,none,180,760,10.0,5.0,/home/sunshixin/chenchao/my_rlaf/runs/GNN_Glucose_3SAT_EchoSAT_SymmetryGRPO_v1_7_WC1_PositiveCap/iter=115.pt,1.06127,1.06127,47649.0,41152.0,True,0.095248,0.095248,7421.0,6253.0,True,0.007667,0.1987070390625,643.0,525.0,True,0.007667,0.2007051071121692,643.0,525.0,True,0.642571,0.9163195181839466,39152.0,34393.0,True,False,False,0.000522,3.0,28.0,431.2578125,180,1.0986123085021973,True,0.0807104110717773,0.634904,0.7156144110717775,-0.41869899999999993,-0.1449504818160533,38509.0,33868.0,-0.9660219999999999,-0.08758099999999999,False,True,True
3,/home/sunshixin/chenchao/my_rlaf/runs/analysis/echosat_symmetry_grpo_v1_7_acceptance_iter=115_canonical_low_warmup_wc3_per_instance.csv,0,random_3sat_control_v180_c760_seed3301,perm_seed1731,random_3sat_control_v180_c760_seed3301_perm1731,random_3sat_control,non_symmetric_control,large,control,none,180,760,10.0,5.0,/home/sunshixin/chenchao/my_rlaf/runs/GNN_Glucose_3SAT_EchoSAT_SymmetryGRPO_v1_7_WC1_PositiveCap/iter=115.pt,0.606365,0.606365,27197.0,23469.0,True,0.136447,0.136447,9011.0,7714.0,True,0.010822,0.2018620390625,590.0,484.0,True,0.010822,0.2081986714054942,590.0,484.0,True,0.18989,0.4679770824772715,12380.0,10712.0,True,False,False,0.004841,3.0,28.0,430.8958129882813,180,1.0986123085021973,True,0.0807104110717773,0.179068,0.2597784110717773,-0.41647500000000004,-0.13838791752272855,11790.0,10228.0,-0.46991800000000006,-0.12562500000000001,False,True,True
3,/home/sunshixin/chenchao/my_rlaf/runs/analysis/echosat_symmetry_grpo_v1_7_acceptance_iter=115_canonical_low_warmup_wc3_per_instance.csv,0,random_3sat_control_v220_c928_seed3303,base,random_3sat_control_v220_c928_seed3303,random_3sat_control,non_symmetric_control,large,control,none,220,928,10.0,5.0,/home/sunshixin/chenchao/my_rlaf/runs/GNN_Glucose_3SAT_EchoSAT_SymmetryGRPO_v1_7_WC1_PositiveCap/iter=115.pt,0.744744,0.744744,30277.0,25994.0,True,0.47773,0.47773,22265.0,19025.0,True,0.005089,0.1961290390625,62.0,4.0,True,0.005089,0.1982144280192852,62.0,4.0,True,0.005417,0.2792528390910626,334.0,228.0,True,False,False,0.000692,3.0,39.0,455.798828125,220,1.0986123085021973,True,0.0807104110717773,0.00032800000000000017,0.08103841107177737,-0.739327,-0.4654911609089374,272.0,224.0,-0.267014,-0.472641,False,True,True
3,/home/sunshixin/chenchao/my_rlaf/runs/analysis/echosat_symmetry_grpo_v1_7_acceptance_iter=115_canonical_low_warmup_wc3_per_instance.csv,0,random_3sat_control_v220_c928_seed3303,perm_seed1730,random_3sat_control_v220_c928_seed3303_perm1730,random_3sat_control,non_symmetric_control,large,control,none,220,928,10.0,5.0,/home/sunshixin/chenchao/my_rlaf/runs/GNN_Glucose_3SAT_EchoSAT_SymmetryGRPO_v1_7_WC1_PositiveCap/iter=115.pt,1.35716,1.35716,52742.0,45477.0,True,0.206995,0.206995,13039.0,11071.0,True,0.005182,0.1962220390625,62.0,4.0,True,0.005182,0.2025835737689137,62.0,4.0,True,0.002967,0.2810789848406911,349.0,246.0,True,False,False,0.004846,3.0,39.0,453.5053405761719,220,1.0986123085021973,True,0.0807104110717773,-0.002215,0.0784954110717774,-1.354193,-1.0760810151593088,287.0,242.0,-1.1501649999999999,-0.20181300000000002,True,True,True
3,/home/sunshixin/chenchao/my_rlaf/runs/analysis/echosat_symmetry_grpo_v1_7_acceptance_iter=115_canonical_low_warmup_wc3_per_instance.csv,0,random_3sat_control_v220_c928_seed3303,perm_seed1731,random_3sat_control_v220_c928_seed3303_perm1731,random_3sat_control,non_symmetric_control,large,control,none,220,928,10.0,5.0,/home/sunshixin/chenchao/my_rlaf/runs/GNN_Glucose_3SAT_EchoSAT_SymmetryGRPO_v1_7_WC1_PositiveCap/iter=115.pt,0.061891,0.061891,4930.0,4147.0,True,0.432254,0.432254,19684.0,16814.0,True,0.002859,0.1938990390625,63.0,4.0,True,0.002859,0.1976858025313019,63.0,4.0,True,0.00701,0.2825472136030793,337.0,216.0,True,False,False,0.002102,3.0,39.0,458.748046875,220,1.0986123085021973,True,0.0807104110717773,0.004151,0.08486141107177736,-0.054881,0.22065621360307927,274.0,212.0,0.370363,-0.429395,False,True,False
3,/home/sunshixin/chenchao/my_rlaf/runs/analysis/echosat_symmetry_grpo_v1_7_acceptance_iter=115_canonical_low_warmup_wc3_per_instance.csv,0,random_3sat_control_v220_c942_seed3304,base,random_3sat_control_v220_c942_seed3304,random_3sat_control,non_symmetric_control,large,control,none,220,942,10.0,5.0,/home/sunshixin/chenchao/my_rlaf/runs/GNN_Glucose_3SAT_EchoSAT_SymmetryGRPO_v1_7_WC1_PositiveCap/iter=115.pt,0.620209,0.620209,35472.0,30813.0,True,0.961605,0.961605,41376.0,36046.0,True,0.477683,1.4818884653167723,26754.0,23980.0,True,0.477683,1.4860662027404905,26754.0,23980.0,True,0.689524,1.7951874666412473,39389.0,35200.0,True,False,False,0.002764,3.0,26.0,416.5282897949219,220,1.0986123085021973,True,0.0972802639007568,0.211841,0.3091212639007568,0.06931500000000002,1.1749784666412473,12635.0,11220.0,0.34139600000000003,-0.483922,False,False,False
3,/home/sunshixin/chenchao/my_rlaf/runs/analysis/echosat_symmetry_grpo_v1_7_acceptance_iter=115_canonical_low_warmup_wc3_per_instance.csv,0,random_3sat_control_v220_c942_seed3304,perm_seed1730,random_3sat_control_v220_c942_seed3304_perm1730,random_3sat_control,non_symmetric_control,large,control,none,220,942,10.0,5.0,/home/sunshixin/chenchao/my_rlaf/runs/GNN_Glucose_3SAT_EchoSAT_SymmetryGRPO_v1_7_WC1_PositiveCap/iter=115.pt,0.653022,0.653022,34825.0,30052.0,True,0.596148,0.596148,33221.0,28818.0,True,0.520231,1.5244364653167723,26445.0,23804.0,True,0.520231,1.5335453571028117,26445.0,23804.0,True,0.707368,1.817962621003568,42055.0,37683.0,True,False,False,0.007665,3.0,26.0,423.32037353515625,220,1.0986123085021973,True,0.0972802639007568,0.187137,0.2844172639007563,0.054346000000000005,1.164940621003568,15610.0,13879.0,-0.05687399999999998,-0.07591700000000001,False,False,False
3,/home/sunshixin/chenchao/my_rlaf/runs/analysis/echosat_symmetry_grpo_v1_7_acceptance_iter=115_canonical_low_warmup_wc3_per_instance.csv,0,random_3sat_control_v220_c942_seed3304,perm_seed1731,random_3sat_control_v220_c942_seed3304_perm1731,random_3sat_control,non_symmetric_control,large,control,none,220,942,10.0,5.0,/home/sunshixin/chenchao/my_rlaf/runs/GNN_Glucose_3SAT_EchoSAT_SymmetryGRPO_v1_7_WC1_PositiveCap/iter=115.pt,0.71038,0.71038,38737.0,33758.0,True,0.918717,0.918717,38909.0,33544.0,True,0.512855,1.5170604653167723,26149.0,23448.0,True,0.512855,1.520980107383311,26149.0,23448.0,True,0.796186,1.901591371284068,39837.0,35656.0,True,False,False,0.002523,3.0,26.0,418.775390625,220,1.0986123085021973,True,0.0972802639007568,0.283331,0.38061126390075706,0.08580599999999994,1.191211371284068,13688.0,12208.0,0.208337,-0.40586200000000006,False,False,False
3,/home/sunshixin/chenchao/my_rlaf/runs/analysis/echosat_symmetry_grpo_v1_7_acceptance_iter=115_canonical_low_warmup_wc3_per_instance.csv,0,random_3sat_control_v260_c1097_seed3305,base,random_3sat_control_v260_c1097_seed3305,random_3sat_control,non_symmetric_control,large,control,none,260,1097,10.0,5.0,/home/sunshixin/chenchao/my_rlaf/runs/GNN_Glucose_3SAT_EchoSAT_SymmetryGRPO_v1_7_WC1_PositiveCap/iter=115.pt,7.07459,7.07459,216854.0,188499.0,True,2.37511,2.37511,73626.0,64181.0,True,1.61103,2.6152354653167724,60642.0,54350.0,True,1.61103,2.6229740387058853,60642.0,54350.0,True,0.543225,1.6524493026066422,26462.0,23255.0,True,False,False,0.006341,3.0,35.0,492.83697509765625,260,1.0986123085021973,True,0.0972802639007568,-1.067805,-0.9705247360992431,-6.531365,-5.422140697393358,-34180.0,-31095.0,-4.699479999999999,-0.7640799999999999,True,True,True
3,/home/sunshixin/chenchao/my_rlaf/runs/analysis/echosat_symmetry_grpo_v1_7_acceptance_iter=115_canonical_low_warmup_wc3_per_instance.csv,0,random_3sat_control_v260_c1097_seed3305,perm_seed1730,random_3sat_control_v260_c1097_seed3305_perm1730,random_3sat_control,non_symmetric_control,large,control,none,260,1097,10.0,5.0,/home/sunshixin/chenchao/my_rlaf/runs/GNN_Glucose_3SAT_EchoSAT_SymmetryGRPO_v1_7_WC1_PositiveCap/iter=115.pt,7.52314,7.52314,224505.0,195557.0,True,0.612499,0.612499,27246.0,23387.0,True,1.5011,2.505305465316773,60686.0,54724.0,True,1.5011,2.512882504352808,60686.0,54724.0,True,0.628503,1.7375657682535648,33862.0,29743.0,True,False,False,0.006028,3.0,35.0,494.8829650878906,260,1.0986123085021973,True,0.0972802639007568,-0.8725970000000001,-0.775316736099243,-6.8946369999999995,-5.785574231746435,-26824.0,-24981.0,-6.910641,0.8886010000000001,True,True,True
3,/home/sunshixin/chenchao/my_rlaf/runs/analysis/echosat_symmetry_grpo_v1_7_acceptance_iter=115_canonical_low_warmup_wc3_per_instance.csv,0,random_3sat_control_v260_c1097_seed3305,perm_seed1731,random_3sat_control_v260_c1097_seed3305_perm1731,random_3sat_control,non_symmetric_control,large,control,none,260,1097,10.0,5.0,/home/sunshixin/chenchao/my_rlaf/runs/GNN_Glucose_3SAT_EchoSAT_SymmetryGRPO_v1_7_WC1_PositiveCap/iter=115.pt,3.98011,3.98011,105916.0,92052.0,True,5.89995,5.89995,162997.0,142194.0,True,1.10531,2.1095154653167727,48534.0,43247.0,True,1.10531,2.1199843786242605,48534.0,43247.0,True,0.895964,2.0079186425250173,44541.0,39321.0,True,False,False,0.00892,3.0,35.0,493.7220764160156,260,1.0986123085021973,True,0.0972802639007568,-0.20934600000000003,-0.1120657360992432,-3.0841459999999996,-1.9721913574749825,-3993.0,-3926.0,1.9198399999999998,-4.794639999999999,True,True,True
3,/home/sunshixin/chenchao/my_rlaf/runs/analysis/echosat_symmetry_grpo_v1_7_acceptance_iter=115_canonical_low_warmup_wc3_per_instance.csv,0,random_3sat_control_v260_c1113_seed3306,base,random_3sat_control_v260_c1113_seed3306,random_3sat_control,non_symmetric_control,large,control,none,260,1113,10.0,5.0,/home/sunshixin/chenchao/my_rlaf/runs/GNN_Glucose_3SAT_EchoSAT_SymmetryGRPO_v1_7_WC1_PositiveCap/iter=115.pt,5.4803,5.4803,178146.0,155541.0,True,6.03939,6.03939,186876.0,163308.0,True,6.38395,7.388155465316772,226200.0,205404.0,True,6.38395,7.392678049078702,226200.0,205404.0,True,6.30863,7.414638312979459,264353.0,233153.0,True,False,False,0.003047,3.0,34.0,480.0674743652344,260,0.6931471824645996,True,0.0972802639007568,-0.07531999999999961,0.021960263900757226,0.8283300000000002,1.9343383129794596,38153.0,27749.0,0.5590900000000003,0.34455999999999953,True,False,False
3,/home/sunshixin/chenchao/my_rlaf/runs/analysis/echosat_symmetry_grpo_v1_7_acceptance_iter=115_canonical_low_warmup_wc3_per_instance.csv,0,random_3sat_control_v260_c1113_seed3306,perm_seed1730,random_3sat_control_v260_c1113_seed3306_perm1730,random_3sat_control,non_symmetric_control,large,control,none,260,1113,10.0,5.0,/home/sunshixin/chenchao/my_rlaf/runs/GNN_Glucose_3SAT_EchoSAT_SymmetryGRPO_v1_7_WC1_PositiveCap/iter=115.pt,5.13425,5.13425,171334.0,149746.0,True,6.82424,6.82424,206936.0,180741.0,True,5.51829,6.522495465316773,206101.0,186162.0,True,5.51829,6.53223520659405,206101.0,186162.0,True,6.03613,7.147355470494807,256383.0,226098.0,True,False,False,0.008248,3.0,34.0,478.7396240234375,260,0.6931471824645996,True,0.0972802639007568,0.5178399999999996,0.6151202639007565,0.9018800000000002,2.013105470494807,50282.0,39936.0,1.6899899999999999,-1.3059499999999993,False,False,False
3,/home/sunshixin/chenchao/my_rlaf/runs/analysis/echosat_symmetry_grpo_v1_7_acceptance_iter=115_canonical_low_warmup_wc3_per_instance.csv,0,random_3sat_control_v260_c1113_seed3306,perm_seed1731,random_3sat_control_v260_c1113_seed3306_perm1731,random_3sat_control,non_symmetric_control,large,control,none,260,1113,10.0,5.0,/home/sunshixin/chenchao/my_rlaf/runs/GNN_Glucose_3SAT_EchoSAT_SymmetryGRPO_v1_7_WC1_PositiveCap/iter=115.pt,6.48746,6.48746,202621.0,177648.0,True,7.11284,7.11284,214985.0,187707.0,True,6.33483,6.555904104309082,217745.0,196903.0,True,6.33483,6.5617678345419765,217745.0,196903.0,True,5.90183,6.197002993462265,254755.0,224313.0,True,False,False,0.004263,3.0,34.0,481.5274658203125,260,0.6931471824645996,True,0.068235158920288,-0.43299999999999983,-0.36476484107971174,-0.5856299999999992,-0.29045700653773476,37010.0,27410.0,0.6253800000000007,-0.7780100000000001,True,True,True
3,/home/sunshixin/chenchao/my_rlaf/runs/analysis/echosat_symmetry_grpo_v1_7_acceptance_iter=115_canonical_low_warmup_wc3_per_instance.csv,0,random_3sat_control_v300_c1266_seed3307,base,random_3sat_control_v300_c1266_seed3307,random_3sat_control,non_symmetric_control,large,control,none,300,1266,10.0,5.0,/home/sunshixin/chenchao/my_rlaf/runs/GNN_Glucose_3SAT_EchoSAT_SymmetryGRPO_v1_7_WC1_PositiveCap/iter=115.pt,0.216197,0.216197,12894.0,10895.0,True,2.60727,2.60727,71356.0,61376.0,True,0.006352,0.227426104309082,288.0,182.0,True,0.006352,0.2394411216297745,288.0,182.0,True,0.053821,0.3551452805500626,3076.0,2489.0,True,False,False,0.010413,3.0,48.0,628.0397338867188,300,1.0986123085021973,True,0.068235158920288,0.047469,0.11570415892028812,-0.162376,0.13894828055006261,2788.0,2307.0,2.391073,-2.600918,False,True,False
3,/home/sunshixin/chenchao/my_rlaf/runs/analysis/echosat_symmetry_grpo_v1_7_acceptance_iter=115_canonical_low_warmup_wc3_per_instance.csv,0,random_3sat_control_v300_c1266_seed3307,perm_seed1730,random_3sat_control_v300_c1266_seed3307_perm1730,random_3sat_control,non_symmetric_control,large,control,none,300,1266,10.0,5.0,/home/sunshixin/chenchao/my_rlaf/runs/GNN_Glucose_3SAT_EchoSAT_SymmetryGRPO_v1_7_WC1_PositiveCap/iter=115.pt,1.27801,1.27801,43103.0,37339.0,True,2.06995,2.06995,63498.0,54506.0,True,0.010918,0.231992104309082,321.0,205.0,True,0.010918,0.2414028117606043,321.0,205.0,True,0.050573,0.3492929706808924,2712.0,2153.0,True,False,False,0.007897,3.0,48.0,619.230712890625,300,1.0986123085021973,True,0.068235158920288,0.039654999999999996,0.10789015892028808,-1.2274370000000001,-0.9287170293191077,2391.0,1948.0,0.7919399999999999,-2.0590319999999998,False,True,True
3,/home/sunshixin/chenchao/my_rlaf/runs/analysis/echosat_symmetry_grpo_v1_7_acceptance_iter=115_canonical_low_warmup_wc3_per_instance.csv,0,random_3sat_control_v300_c1266_seed3307,perm_seed1731,random_3sat_control_v300_c1266_seed3307_perm1731,random_3sat_control,non_symmetric_control,large,control,none,300,1266,10.0,5.0,/home/sunshixin/chenchao/my_rlaf/runs/GNN_Glucose_3SAT_EchoSAT_SymmetryGRPO_v1_7_WC1_PositiveCap/iter=115.pt,2.06211,2.06211,66962.0,57424.0,True,0.118436,0.118436,7524.0,6304.0,True,0.007613,0.228687104309082,375.0,247.0,True,0.007613,0.2382616904450059,375.0,247.0,True,0.038875,0.337758849365294,2340.0,1888.0,True,False,False,0.008093,3.0,48.0,626.5236206054688,300,1.0986123085021973,True,0.068235158920288,0.031262,0.0994971589202881,-2.023235,-1.724351150634706,1965.0,1641.0,-1.9436740000000001,-0.110823,False,True,True
3,/home/sunshixin/chenchao/my_rlaf/runs/analysis/echosat_symmetry_grpo_v1_7_acceptance_iter=115_canonical_low_warmup_wc3_per_instance.csv,0,subset_cardinality_bw10,base,subset_cardinality_bw10,subset_cardinality,weak_symmetry,large,main,weak,41,92,10.0,5.0,/home/sunshixin/chenchao/my_rlaf/runs/GNN_Glucose_3SAT_EchoSAT_SymmetryGRPO_v1_7_WC1_PositiveCap/iter=115.pt,0.001685,0.001685,193.0,141.0,True,0.001579,0.001579,237.0,193.0,True,0.002286,0.223360104309082,162.0,142.0,True,0.002286,0.226284769519031,162.0,142.0,True,0.002384,0.2946179284393191,188.0,155.0,True,True,True,0.002005,3.0,8.0,94.86821746826172,41,1.0986123085021973,True,0.068235158920288,9.8e-05,0.0683331589202881,0.0006989999999999998,0.2929329284393191,26.0,13.0,-0.00010599999999999997,0.0007069999999999997,False,False,False
3,/home/sunshixin/chenchao/my_rlaf/runs/analysis/echosat_symmetry_grpo_v1_7_acceptance_iter=115_canonical_low_warmup_wc3_per_instance.csv,0,subset_cardinality_bw10,perm_seed1730,subset_cardinality_bw10_perm1730,subset_cardinality,weak_symmetry,large,main,weak,41,92,10.0,5.0,/home/sunshixin/chenchao/my_rlaf/runs/GNN_Glucose_3SAT_EchoSAT_SymmetryGRPO_v1_7_WC1_PositiveCap/iter=115.pt,0.001282,0.001282,218.0,167.0,True,0.000569,0.000569,221.0,169.0,True,0.002648,0.223722104309082,156.0,137.0,True,0.002648,0.2260287434660196,156.0,137.0,True,0.002343,0.2939589023863077,176.0,144.0,True,True,True,0.001445,3.0,10.0,98.69181823730467,41,1.0986123085021973,True,0.068235158920288,-0.00030500000000000015,0.06793015892028809,0.001061,0.29267690238630767,20.0,7.0,-0.000713,0.002079,True,False,False
3,/home/sunshixin/chenchao/my_rlaf/runs/analysis/echosat_symmetry_grpo_v1_7_acceptance_iter=115_canonical_low_warmup_wc3_per_instance.csv,0,subset_cardinality_bw10,perm_seed1731,subset_cardinality_bw10_perm1731,subset_cardinality,weak_symmetry,large,main,weak,41,92,10.0,5.0,/home/sunshixin/chenchao/my_rlaf/runs/GNN_Glucose_3SAT_EchoSAT_SymmetryGRPO_v1_7_WC1_PositiveCap/iter=115.pt,0.001196,0.001196,202.0,147.0,True,0.0,0.0,247.0,155.0,True,0.002318,0.223392104309082,203.0,164.0,True,0.002318,0.224304660733819,203.0,164.0,True,0.00208,0.2923018196541071,196.0,141.0,True,True,True,0.0,3.0,7.0,87.48927307128906,41,1.0986123085021973,True,0.068235158920288,-0.00023800000000000036,0.06799715892028813,0.0008839999999999998,0.29110581965410715,-7.0,-23.0,-0.001196,0.002318,True,False,False
3,/home/sunshixin/chenchao/my_rlaf/runs/analysis/echosat_symmetry_grpo_v1_7_acceptance_iter=115_canonical_low_warmup_wc3_per_instance.csv,0,subset_cardinality_bw12,base,subset_cardinality_bw12,subset_cardinality,weak_symmetry,large,main,weak,49,108,10.0,5.0,/home/sunshixin/chenchao/my_rlaf/runs/GNN_Glucose_3SAT_EchoSAT_SymmetryGRPO_v1_7_WC1_PositiveCap/iter=115.pt,0.0018,0.0018,442.0,342.0,True,0.004845,0.004845,491.0,414.0,True,0.003726,0.224800104309082,384.0,312.0,True,0.003726,0.2260624989513754,384.0,312.0,True,0.002925,0.2934966578716635,421.0,308.0,True,True,True,0.000376,3.0,12.0,104.73371887207033,49,0.6931471824645996,True,0.068235158920288,-0.0008010000000000001,0.06743415892028812,0.0011250000000000001,0.2916966578716635,37.0,-4.0,0.0030450000000000004,-0.0011190000000000002,True,False,False
3,/home/sunshixin/chenchao/my_rlaf/runs/analysis/echosat_symmetry_grpo_v1_7_acceptance_iter=115_canonical_low_warmup_wc3_per_instance.csv,0,subset_cardinality_bw12,perm_seed1730,subset_cardinality_bw12_perm1730,subset_cardinality,weak_symmetry,large,main,weak,49,108,10.0,5.0,/home/sunshixin/chenchao/my_rlaf/runs/GNN_Glucose_3SAT_EchoSAT_SymmetryGRPO_v1_7_WC1_PositiveCap/iter=115.pt,0.005147,0.005147,440.0,329.0,True,0.003734,0.003734,397.0,314.0,True,0.0,0.2879977226257324,343.0,268.0,True,0.0,0.2907595870136618,343.0,268.0,True,0.002726,0.3231861046680808,385.0,317.0,True,True,True,0.001889,3.0,9.0,101.82083892822266,49,1.0986123085021973,True,0.0297005176544189,0.002726,0.03242651765441901,-0.0024209999999999995,0.3180391046680808,42.0,49.0,-0.0014129999999999998,-0.003734,False,True,False
3,/home/sunshixin/chenchao/my_rlaf/runs/analysis/echosat_symmetry_grpo_v1_7_acceptance_iter=115_canonical_low_warmup_wc3_per_instance.csv,0,subset_cardinality_bw12,perm_seed1731,subset_cardinality_bw12_perm1731,subset_cardinality,weak_symmetry,large,main,weak,49,108,10.0,5.0,/home/sunshixin/chenchao/my_rlaf/runs/GNN_Glucose_3SAT_EchoSAT_SymmetryGRPO_v1_7_WC1_PositiveCap/iter=115.pt,0.0019,0.0019,393.0,297.0,True,0.00267,0.00267,439.0,311.0,True,0.002734,0.2907317226257324,363.0,285.0,True,0.002734,0.292976885487318,363.0,285.0,True,0.002696,0.3226394031417369,348.0,296.0,True,True,True,0.001374,3.0,11.0,104.3914794921875,49,1.0986123085021973,True,0.0297005176544189,-3.799999999999984e-05,0.029662517654418907,0.000796,0.3207394031417369,-15.0,11.0,0.0007700000000000001,6.399999999999982e-05,True,False,False
3,/home/sunshixin/chenchao/my_rlaf/runs/analysis/echosat_symmetry_grpo_v1_7_acceptance_iter=115_canonical_low_warmup_wc3_per_instance.csv,0,subset_cardinality_bw8,base,subset_cardinality_bw8,subset_cardinality,weak_symmetry,medium,main,weak,33,76,10.0,5.0,/home/sunshixin/chenchao/my_rlaf/runs/GNN_Glucose_3SAT_EchoSAT_SymmetryGRPO_v1_7_WC1_PositiveCap/iter=115.pt,0.000893,0.000893,89.0,67.0,True,0.001486,0.001486,106.0,76.0,True,0.00209,0.2900877226257324,84.0,69.0,True,0.00209,0.2917497927141189,84.0,69.0,True,0.001587,0.3209473103685379,94.0,76.0,True,True,True,0.000805,3.0,13.0,75.20963287353516,33,1.0986123085021973,True,0.0297005176544189,-0.0005029999999999998,0.029197517654419025,0.0006940000000000001,0.32005431036853793,10.0,7.0,0.0005929999999999999,0.0006039999999999999,True,False,False
3,/home/sunshixin/chenchao/my_rlaf/runs/analysis/echosat_symmetry_grpo_v1_7_acceptance_iter=115_canonical_low_warmup_wc3_per_instance.csv,0,subset_cardinality_bw8,perm_seed1730,subset_cardinality_bw8_perm1730,subset_cardinality,weak_symmetry,medium,main,weak,33,76,10.0,5.0,/home/sunshixin/chenchao/my_rlaf/runs/GNN_Glucose_3SAT_EchoSAT_SymmetryGRPO_v1_7_WC1_PositiveCap/iter=115.pt,0.001783,0.001783,110.0,76.0,True,0.003189,0.003189,127.0,80.0,True,0.002253,0.2902507226257324,100.0,79.0,True,0.002253,0.2913906406311989,100.0,79.0,True,0.001377,0.3202151582856178,119.0,76.0,True,True,True,0.00035,3.0,15.0,80.51530456542969,33,1.0986123085021973,True,0.0297005176544189,-0.0008759999999999998,0.028824517654418902,-0.0004060000000000001,0.31843215828561783,19.0,-3.0,0.001406,-0.0009360000000000002,True,True,False
3,/home/sunshixin/chenchao/my_rlaf/runs/analysis/echosat_symmetry_grpo_v1_7_acceptance_iter=115_canonical_low_warmup_wc3_per_instance.csv,0,subset_cardinality_bw8,perm_seed1731,subset_cardinality_bw8_perm1731,subset_cardinality,weak_symmetry,medium,main,weak,33,76,10.0,5.0,/home/sunshixin/chenchao/my_rlaf/runs/GNN_Glucose_3SAT_EchoSAT_SymmetryGRPO_v1_7_WC1_PositiveCap/iter=115.pt,0.001054,0.001054,91.0,70.0,True,0.001697,0.001697,102.0,79.0,True,0.001827,0.2898247226257324,81.0,70.0,True,0.001827,0.2922337575306296,81.0,70.0,True,0.0,0.3201072751850485,91.0,76.0,True,True,True,0.001586,3.0,12.0,79.57261657714844,33,1.0986123085021973,True,0.0297005176544189,-0.001827,0.027873517654418922,-0.001054,0.3190532751850485,10.0,6.0,0.0006429999999999999,0.00013000000000000012,True,True,False
3,/home/sunshixin/chenchao/my_rlaf/runs/analysis/echosat_symmetry_grpo_v1_7_acceptance_iter=115_canonical_low_warmup_wc3_per_instance.csv,1,k10_color9,base,k10_color9,complete_coloring,strong_symmetry,large,main,strong,90,775,10.0,5.0,/home/sunshixin/chenchao/my_rlaf/runs/GNN_Glucose_3SAT_EchoSAT_SymmetryGRPO_v1_7_WC1_PositiveCap/iter=115.pt,4.27316,4.27316,340861.0,314066.0,True,4.66868,4.66868,322229.0,299168.0,True,5.09747,5.604634001464844,321840.0,298649.0,True,5.09747,5.615075889582038,321840.0,298649.0,True,3.8436,4.420476509928108,330685.0,310429.0,True,True,True,0.008165,3.0,9.0,195.45620727539065,90,1.0986123085021973,True,0.0592706203460693,-1.2538700000000005,-1.1945993796539307,-0.42955999999999994,0.14731650992810774,8845.0,11780.0,0.3955200000000003,0.4287900000000002,True,True,False
3,/home/sunshixin/chenchao/my_rlaf/runs/analysis/echosat_symmetry_grpo_v1_7_acceptance_iter=115_canonical_low_warmup_wc3_per_instance.csv,1,k10_color9,perm_seed1730,k10_color9_perm1730,complete_coloring,strong_symmetry,large,main,strong,90,775,10.0,5.0,/home/sunshixin/chenchao/my_rlaf/runs/GNN_Glucose_3SAT_EchoSAT_SymmetryGRPO_v1_7_WC1_PositiveCap/iter=115.pt,4.98672,4.98672,413643.0,382655.0,True,4.46718,4.46718,283792.0,262594.0,True,5.11871,5.625874001464844,247778.0,229737.0,True,5.11871,5.637176689172387,247778.0,229737.0,True,3.57496,4.152697309518456,310574.0,289011.0,True,True,True,0.010425,3.0,9.0,194.30953979492188,90,1.0986123085021973,True,0.0592706203460693,-1.5437500000000002,-1.4844793796539308,-1.4117600000000001,-0.834022690481544,62796.0,59274.0,-0.5195400000000001,0.6515300000000002,True,True,True
3,/home/sunshixin/chenchao/my_rlaf/runs/analysis/echosat_symmetry_grpo_v1_7_acceptance_iter=115_canonical_low_warmup_wc3_per_instance.csv,1,k10_color9,perm_seed1731,k10_color9_perm1731,complete_coloring,strong_symmetry,large,main,strong,90,775,10.0,5.0,/home/sunshixin/chenchao/my_rlaf/runs/GNN_Glucose_3SAT_EchoSAT_SymmetryGRPO_v1_7_WC1_PositiveCap/iter=115.pt,4.15332,4.15332,340033.0,312592.0,True,3.92134,3.92134,290369.0,269757.0,True,4.77661,5.283774001464844,290369.0,269757.0,True,4.77661,5.2915570483439565,290369.0,269757.0,True,4.7465,5.320717668690026,375342.0,353249.0,True,True,True,0.006794,3.0,9.0,193.47189331054688,90,1.0986123085021973,True,0.0592706203460693,-0.030109999999999637,0.0291606203460697,0.5931800000000003,1.1673976686900263,84973.0,83492.0,-0.23198000000000008,0.85527,True,False,False
3,/home/sunshixin/chenchao/my_rlaf/runs/analysis/echosat_symmetry_grpo_v1_7_acceptance_iter=115_canonical_low_warmup_wc3_per_instance.csv,1,k8_color7,base,k8_color7,complete_coloring,strong_symmetry,large,main,strong,56,372,10.0,5.0,/home/sunshixin/chenchao/my_rlaf/runs/GNN_Glucose_3SAT_EchoSAT_SymmetryGRPO_v1_7_WC1_PositiveCap/iter=115.pt,0.05161,0.05161,6158.0,5600.0,True,0.048703,0.048703,5946.0,5440.0,True,0.048075,0.5552390014648437,5946.0,5440.0,True,0.048075,0.5591522017925381,5946.0,5440.0,True,0.033492,0.6038398221386074,5508.0,5073.0,True,True,True,0.003014,3.0,7.0,125.01708984375,56,1.0986123085021973,True,0.0592706203460693,-0.014582999999999999,0.04468762034606932,-0.018118000000000002,0.5522298221386074,-438.0,-367.0,-0.002907,-0.0006280000000000036,True,True,False
3,/home/sunshixin/chenchao/my_rlaf/runs/analysis/echosat_symmetry_grpo_v1_7_acceptance_iter=115_canonical_low_warmup_wc3_per_instance.csv,1,k8_color7,perm_seed1730,k8_color7_perm1730,complete_coloring,strong_symmetry,large,main,strong,56,372,10.0,5.0,/home/sunshixin/chenchao/my_rlaf/runs/GNN_Glucose_3SAT_EchoSAT_SymmetryGRPO_v1_7_WC1_PositiveCap/iter=115.pt,0.048348,0.048348,6138.0,5624.0,True,0.052817,0.052817,6264.0,5696.0,True,0.046528,0.5536920014648438,6264.0,5696.0,True,0.046528,0.5568381965572238,6264.0,5696.0,True,0.037293,0.6068738169032931,5916.0,5386.0,True,True,True,0.002323,3.0,7.0,125.1129913330078,56,1.0986123085021973,True,0.0592706203460693,-0.009235,0.05003562034606934,-0.011055000000000002,0.5585258169032932,-348.0,-310.0,0.004469000000000001,-0.006289000000000003,True,True,False
3,/home/sunshixin/chenchao/my_rlaf/runs/analysis/echosat_symmetry_grpo_v1_7_acceptance_iter=115_canonical_low_warmup_wc3_per_instance.csv,1,k8_color7,perm_seed1731,k8_color7_perm1731,complete_coloring,strong_symmetry,large,main,strong,56,372,10.0,5.0,/home/sunshixin/chenchao/my_rlaf/runs/GNN_Glucose_3SAT_EchoSAT_SymmetryGRPO_v1_7_WC1_PositiveCap/iter=115.pt,0.037389,0.037389,5800.0,5271.0,True,0.059551,0.059551,6148.0,5641.0,True,0.052676,0.5598400014648437,6148.0,5641.0,True,0.052676,0.5654426137592792,6148.0,5641.0,True,0.038968,0.6110052341053486,6094.0,5636.0,True,True,True,0.004783,3.0,7.0,125.51768493652344,56,1.0986123085021973,True,0.0592706203460693,-0.013707999999999998,0.045562620346069393,0.001579000000000004,0.5736162341053486,-54.0,-5.0,0.022162,-0.006874999999999999,True,False,False
3,/home/sunshixin/chenchao/my_rlaf/runs/analysis/echosat_symmetry_grpo_v1_7_acceptance_iter=115_canonical_low_warmup_wc3_per_instance.csv,1,k9_color8,base,k9_color8,complete_coloring,strong_symmetry,large,main,strong,72,549,10.0,5.0,/home/sunshixin/chenchao/my_rlaf/runs/GNN_Glucose_3SAT_EchoSAT_SymmetryGRPO_v1_7_WC1_PositiveCap/iter=115.pt,0.706534,0.706534,46557.0,43529.0,True,0.829717,0.829717,44352.0,41138.0,True,0.647803,1.154967001464844,43519.0,40436.0,True,0.647803,1.1625660959840416,43519.0,40436.0,True,0.421786,0.995819716330111,40846.0,38032.0,True,True,True,0.006683,3.0,8.0,158.36375427246094,72,1.0986123085021973,True,0.0592706203460693,-0.22601700000000002,-0.16674637965393058,-0.284748,0.289285716330111,-2673.0,-2404.0,0.12318300000000004,-0.18191400000000002,True,True,False
3,/home/sunshixin/chenchao/my_rlaf/runs/analysis/echosat_symmetry_grpo_v1_7_acceptance_iter=115_canonical_low_warmup_wc3_per_instance.csv,1,k9_color8,perm_seed1730,k9_color8_perm1730,complete_coloring,strong_symmetry,large,main,strong,72,549,10.0,5.0,/home/sunshixin/chenchao/my_rlaf/runs/GNN_Glucose_3SAT_EchoSAT_SymmetryGRPO_v1_7_WC1_PositiveCap/iter=115.pt,0.561069,0.561069,39708.0,36681.0,True,0.837252,0.837252,45794.0,42555.0,True,0.759737,1.2669010014648436,45794.0,42555.0,True,0.759737,1.2683399034070373,45794.0,42555.0,True,0.395434,0.9633075237531066,44156.0,40692.0,True,True,True,0.000557,3.0,10.0,157.64891052246094,72,1.0986123085021973,True,0.0592706203460693,-0.364303,-0.3050323796539307,-0.16563500000000003,0.40223852375310654,-1638.0,-1863.0,0.27618299999999996,-0.077515,True,True,False
3,/home/sunshixin/chenchao/my_rlaf/runs/analysis/echosat_symmetry_grpo_v1_7_acceptance_iter=115_canonical_low_warmup_wc3_per_instance.csv,1,k9_color8,perm_seed1731,k9_color8_perm1731,complete_coloring,strong_symmetry,large,main,strong,72,549,10.0,5.0,/home/sunshixin/chenchao/my_rlaf/runs/GNN_Glucose_3SAT_EchoSAT_SymmetryGRPO_v1_7_WC1_PositiveCap/iter=115.pt,0.626642,0.626642,47177.0,43763.0,True,0.732779,0.732779,47579.0,44103.0,True,0.862452,1.093847959854126,47579.0,44103.0,True,0.862452,1.10091970644176,47579.0,44103.0,True,0.453357,0.6964860280817747,42320.0,39581.0,True,True,True,0.006228,3.0,8.0,158.0809783935547,72,1.0986123085021973,True,0.0046613216400146,-0.409095,-0.4044336783599852,-0.17328500000000002,0.0698440280817747,-5259.0,-4522.0,0.10613699999999993,0.12967300000000004,True,True,False
3,/home/sunshixin/chenchao/my_rlaf/runs/analysis/echosat_symmetry_grpo_v1_7_acceptance_iter=115_canonical_low_warmup_wc3_per_instance.csv,1,php_p10_h9,base,php_p10_h9,php,strong_symmetry,large,main,strong,90,775,10.0,5.0,/home/sunshixin/chenchao/my_rlaf/runs/GNN_Glucose_3SAT_EchoSAT_SymmetryGRPO_v1_7_WC1_PositiveCap/iter=115.pt,4.27166,4.27166,340861.0,314066.0,True,4.82996,4.82996,322229.0,299168.0,True,4.2813,4.512695959854126,321840.0,298649.0,True,4.2813,4.5203480872036215,321840.0,298649.0,True,3.84506,4.088769408843636,330685.0,310429.0,True,True,True,0.006797,3.0,9.0,195.45620727539065,90,1.0986123085021973,True,0.0046613216400146,-0.43623999999999974,-0.4315786783599851,-0.42659999999999965,-0.1828905911563634,8845.0,11780.0,0.5583,-0.5486599999999999,True,True,True
3,/home/sunshixin/chenchao/my_rlaf/runs/analysis/echosat_symmetry_grpo_v1_7_acceptance_iter=115_canonical_low_warmup_wc3_per_instance.csv,1,php_p10_h9,perm_seed1730,php_p10_h9_perm1730,php,strong_symmetry,large,main,strong,90,775,10.0,5.0,/home/sunshixin/chenchao/my_rlaf/runs/GNN_Glucose_3SAT_EchoSAT_SymmetryGRPO_v1_7_WC1_PositiveCap/iter=115.pt,4.97804,4.97804,413643.0,382655.0,True,4.93191,4.93191,283792.0,262594.0,True,3.84326,4.074655959854126,247778.0,229737.0,True,3.84326,4.079829442859888,247778.0,229737.0,True,3.7437,3.984930764499903,336407.0,312644.0,True,True,True,0.00421,3.0,9.0,194.30953979492188,90,1.0986123085021973,True,0.0046613216400146,-0.09955999999999987,-0.09489867835998478,-1.23434,-0.9931092355000972,88629.0,82907.0,-0.04612999999999978,-1.0886500000000003,True,True,True
3,/home/sunshixin/chenchao/my_rlaf/runs/analysis/echosat_symmetry_grpo_v1_7_acceptance_iter=115_canonical_low_warmup_wc3_per_instance.csv,1,php_p10_h9,perm_seed1731,php_p10_h9_perm1731,php,strong_symmetry,large,main,strong,90,775,10.0,5.0,/home/sunshixin/chenchao/my_rlaf/runs/GNN_Glucose_3SAT_EchoSAT_SymmetryGRPO_v1_7_WC1_PositiveCap/iter=115.pt,4.17251,4.17251,340033.0,312592.0,True,4.02206,4.02206,290369.0,269757.0,True,3.96459,4.195985959854125,290369.0,269757.0,True,3.96459,4.212463003387809,290369.0,269757.0,True,4.81597,5.068504325027823,375342.0,353249.0,True,True,True,0.015591,3.0,9.0,193.47189331054688,90,1.0986123085021973,True,0.0046613216400146,0.8513800000000002,0.8560413216400145,0.6434600000000001,0.8959943250278233,84973.0,83492.0,-0.1504500000000002,-0.05746999999999991,False,False,False
3,/home/sunshixin/chenchao/my_rlaf/runs/analysis/echosat_symmetry_grpo_v1_7_acceptance_iter=115_canonical_low_warmup_wc3_per_instance.csv,1,php_p9_h8,base,php_p9_h8,php,strong_symmetry,large,main,strong,72,549,10.0,5.0,/home/sunshixin/chenchao/my_rlaf/runs/GNN_Glucose_3SAT_EchoSAT_SymmetryGRPO_v1_7_WC1_PositiveCap/iter=115.pt,0.692007,0.692007,46557.0,43529.0,True,0.693079,0.693079,44352.0,41138.0,True,0.634478,0.865873959854126,43519.0,40436.0,True,0.634478,0.8720370525314808,43519.0,40436.0,True,0.410342,0.6525623741714954,40846.0,38032.0,True,True,True,0.005336,3.0,8.0,158.36375427246094,72,1.0986123085021973,True,0.0046613216400146,-0.224136,-0.21947467835998535,-0.28166500000000005,-0.03944462582850461,-2673.0,-2404.0,0.0010719999999999619,-0.058601000000000014,True,True,True
3,/home/sunshixin/chenchao/my_rlaf/runs/analysis/echosat_symmetry_grpo_v1_7_acceptance_iter=115_canonical_low_warmup_wc3_per_instance.csv,1,php_p9_h8,perm_seed1730,php_p9_h8_perm1730,php,strong_symmetry,large,main,strong,72,549,10.0,5.0,/home/sunshixin/chenchao/my_rlaf/runs/GNN_Glucose_3SAT_EchoSAT_SymmetryGRPO_v1_7_WC1_PositiveCap/iter=115.pt,0.474783,0.474783,39708.0,36681.0,True,0.653461,0.653461,45794.0,42555.0,True,0.732944,0.964339959854126,45794.0,42555.0,True,0.732944,0.9696239813919068,45794.0,42555.0,True,0.399124,0.6404653030319214,44156.0,40692.0,True,True,True,0.004443,3.0,10.0,157.64891052246094,72,1.0986123085021973,True,0.0046613216400146,-0.33382000000000006,-0.32915867835998536,-0.07565900000000003,0.16568230303192139,-1638.0,-1863.0,0.17867799999999995,0.07948300000000008,True,True,False
3,/home/sunshixin/chenchao/my_rlaf/runs/analysis/echosat_symmetry_grpo_v1_7_acceptance_iter=115_canonical_low_warmup_wc3_per_instance.csv,1,php_p9_h8,perm_seed1731,php_p9_h8_perm1731,php,strong_symmetry,large,main,strong,72,549,10.0,5.0,/home/sunshixin/chenchao/my_rlaf/runs/GNN_Glucose_3SAT_EchoSAT_SymmetryGRPO_v1_7_WC1_PositiveCap/iter=115.pt,0.632288,0.632288,47177.0,43763.0,True,0.690981,0.690981,47579.0,44103.0,True,0.755847,0.987242959854126,47579.0,44103.0,True,0.755847,0.9881895067588689,47579.0,44103.0,True,0.465768,0.7027718283988833,42320.0,39581.0,True,True,True,0.0,3.0,8.0,158.0809783935547,72,1.0986123085021973,True,0.0046613216400146,-0.29007900000000003,-0.28541767835998555,-0.16651999999999995,0.07048382839888334,-5259.0,-4522.0,0.058692999999999995,0.06486600000000009,True,True,False
3,/home/sunshixin/chenchao/my_rlaf/runs/analysis/echosat_symmetry_grpo_v1_7_acceptance_iter=115_canonical_low_warmup_wc3_per_instance.csv,1,random_3sat_control_v160_c704_seed2615,base,random_3sat_control_v160_c704_seed2615,random_3sat_control,non_symmetric_control,large,control,none,160,704,10.0,5.0,/home/sunshixin/chenchao/my_rlaf/runs/GNN_Glucose_3SAT_EchoSAT_SymmetryGRPO_v1_7_WC1_PositiveCap/iter=115.pt,0.063977,0.063977,6771.0,5767.0,True,0.054079,0.054079,5702.0,4813.0,True,0.048581,0.2799769598541259,4859.0,4212.0,True,0.048581,0.280937390915811,4859.0,4212.0,True,0.047594,0.2846117125558257,4927.0,4155.0,True,False,False,0.0,3.0,22.0,360.5569458007813,160,1.0986123085021973,True,0.0046613216400146,-0.0009870000000000018,0.0036743216400146883,-0.01638300000000001,0.22063471255582567,68.0,-57.0,-0.009898000000000004,-0.005498000000000003,True,True,False
3,/home/sunshixin/chenchao/my_rlaf/runs/analysis/echosat_symmetry_grpo_v1_7_acceptance_iter=115_canonical_low_warmup_wc3_per_instance.csv,1,random_3sat_control_v160_c704_seed2615,perm_seed1730,random_3sat_control_v160_c704_seed2615_perm1730,random_3sat_control,non_symmetric_control,large,control,none,160,704,10.0,5.0,/home/sunshixin/chenchao/my_rlaf/runs/GNN_Glucose_3SAT_EchoSAT_SymmetryGRPO_v1_7_WC1_PositiveCap/iter=115.pt,0.091497,0.091497,8522.0,7299.0,True,0.101661,0.101661,7934.0,6809.0,True,0.053536,0.2037571093902588,4602.0,4008.0,True,0.053536,0.2084198247328996,4602.0,4008.0,True,0.051407,0.2121263578749895,5380.0,4655.0,True,False,False,0.003825,3.0,22.0,363.3272399902344,160,1.0986123085021973,True,0.0058355331420898,-0.002128999999999999,0.0037065331420899073,-0.040089999999999994,0.12062935787498952,778.0,647.0,0.010164000000000006,-0.048125,True,True,False
3,/home/sunshixin/chenchao/my_rlaf/runs/analysis/echosat_symmetry_grpo_v1_7_acceptance_iter=115_canonical_low_warmup_wc3_per_instance.csv,1,random_3sat_control_v160_c704_seed2615,perm_seed1731,random_3sat_control_v160_c704_seed2615_perm1731,random_3sat_control,non_symmetric_control,large,control,none,160,704,10.0,5.0,/home/sunshixin/chenchao/my_rlaf/runs/GNN_Glucose_3SAT_EchoSAT_SymmetryGRPO_v1_7_WC1_PositiveCap/iter=115.pt,0.054771,0.054771,5676.0,4847.0,True,0.10562,0.10562,8017.0,6851.0,True,0.063459,0.2136801093902587,4961.0,4384.0,True,0.063459,0.2182241785265207,4961.0,4384.0,True,0.058085,0.2186857116686105,6020.0,5153.0,True,False,False,0.003598,3.0,22.0,364.4381408691406,160,1.0986123085021973,True,0.0058355331420898,-0.005374000000000004,0.00046153314208979834,0.0033139999999999975,0.1639147116686105,1059.0,769.0,0.050849000000000005,-0.042161000000000004,True,False,False
3,/home/sunshixin/chenchao/my_rlaf/runs/analysis/echosat_symmetry_grpo_v1_7_acceptance_iter=115_canonical_low_warmup_wc3_per_instance.csv,1,random_3sat_control_v180_c760_seed3301,base,random_3sat_control_v180_c760_seed3301,random_3sat_control,non_symmetric_control,large,control,none,180,760,10.0,5.0,/home/sunshixin/chenchao/my_rlaf/runs/GNN_Glucose_3SAT_EchoSAT_SymmetryGRPO_v1_7_WC1_PositiveCap/iter=115.pt,0.499965,0.499965,27442.0,23617.0,True,0.154187,0.154187,10470.0,8910.0,True,0.01014,0.1603611093902588,693.0,567.0,True,0.01014,0.161801033219397,693.0,567.0,True,0.681252,0.8387485663614869,42529.0,37408.0,True,False,False,0.000405,3.0,28.0,430.4636840820313,180,1.0986123085021973,True,0.0058355331420898,0.6711119999999999,0.6769475331420899,0.18128699999999998,0.3387835663614869,41836.0,36841.0,-0.34577800000000003,-0.14404699999999998,False,False,False
3,/home/sunshixin/chenchao/my_rlaf/runs/analysis/echosat_symmetry_grpo_v1_7_acceptance_iter=115_canonical_low_warmup_wc3_per_instance.csv,1,random_3sat_control_v180_c760_seed3301,perm_seed1730,random_3sat_control_v180_c760_seed3301_perm1730,random_3sat_control,non_symmetric_control,large,control,none,180,760,10.0,5.0,/home/sunshixin/chenchao/my_rlaf/runs/GNN_Glucose_3SAT_EchoSAT_SymmetryGRPO_v1_7_WC1_PositiveCap/iter=115.pt,1.04975,1.04975,47649.0,41152.0,True,0.084179,0.084179,7421.0,6253.0,True,0.011537,0.1617581093902587,643.0,525.0,True,0.011537,0.1664515915223956,643.0,525.0,True,0.590127,0.7508771246644854,39152.0,34393.0,True,False,False,0.003753,3.0,28.0,431.2578125,180,1.0986123085021973,True,0.0058355331420898,0.5785899999999999,0.5844255331420898,-0.459623,-0.29887287533551454,38509.0,33868.0,-0.965571,-0.072642,False,True,True
3,/home/sunshixin/chenchao/my_rlaf/runs/analysis/echosat_symmetry_grpo_v1_7_acceptance_iter=115_canonical_low_warmup_wc3_per_instance.csv,1,random_3sat_control_v180_c760_seed3301,perm_seed1731,random_3sat_control_v180_c760_seed3301_perm1731,random_3sat_control,non_symmetric_control,large,control,none,180,760,10.0,5.0,/home/sunshixin/chenchao/my_rlaf/runs/GNN_Glucose_3SAT_EchoSAT_SymmetryGRPO_v1_7_WC1_PositiveCap/iter=115.pt,0.494041,0.494041,27197.0,23469.0,True,0.126477,0.126477,9011.0,7714.0,True,0.009406,0.1596271093902588,590.0,484.0,True,0.009406,0.161015294311881,590.0,484.0,True,0.147765,0.3052098274539709,12380.0,10712.0,True,False,False,0.000433,3.0,28.0,430.8958129882813,180,1.0986123085021973,True,0.0058355331420898,0.138359,0.1441945331420899,-0.34627600000000003,-0.1888311725460291,11790.0,10228.0,-0.367564,-0.11707100000000001,False,True,True
3,/home/sunshixin/chenchao/my_rlaf/runs/analysis/echosat_symmetry_grpo_v1_7_acceptance_iter=115_canonical_low_warmup_wc3_per_instance.csv,1,random_3sat_control_v220_c928_seed3303,base,random_3sat_control_v220_c928_seed3303,random_3sat_control,non_symmetric_control,large,control,none,220,928,10.0,5.0,/home/sunshixin/chenchao/my_rlaf/runs/GNN_Glucose_3SAT_EchoSAT_SymmetryGRPO_v1_7_WC1_PositiveCap/iter=115.pt,0.720383,0.720383,30277.0,25994.0,True,0.4474,0.4474,22265.0,19025.0,True,0.006519,0.1567401093902587,62.0,4.0,True,0.006519,0.1578527539508938,62.0,4.0,True,0.011028,0.1681972870929837,334.0,228.0,True,False,False,0.0,3.0,39.0,455.798828125,220,1.0986123085021973,True,0.0058355331420898,0.004509,0.010344533142089912,-0.709355,-0.5521857129070162,272.0,224.0,-0.272983,-0.440881,False,True,True
3,/home/sunshixin/chenchao/my_rlaf/runs/analysis/echosat_symmetry_grpo_v1_7_acceptance_iter=115_canonical_low_warmup_wc3_per_instance.csv,1,random_3sat_control_v220_c928_seed3303,perm_seed1730,random_3sat_control_v220_c928_seed3303_perm1730,random_3sat_control,non_symmetric_control,large,control,none,220,928,10.0,5.0,/home/sunshixin/chenchao/my_rlaf/runs/GNN_Glucose_3SAT_EchoSAT_SymmetryGRPO_v1_7_WC1_PositiveCap/iter=115.pt,1.42805,1.42805,52742.0,45477.0,True,0.206594,0.206594,13039.0,11071.0,True,0.005236,0.1554571093902587,62.0,4.0,True,0.005236,0.160371878586173,62.0,4.0,True,0.011123,0.1720944117282629,349.0,246.0,True,False,False,0.003915,3.0,39.0,453.5053405761719,220,1.0986123085021973,True,0.0058355331420898,0.005886999999999999,0.011722533142089903,-1.416927,-1.2559555882717373,287.0,242.0,-1.221456,-0.201358,False,True,True
3,/home/sunshixin/chenchao/my_rlaf/runs/analysis/echosat_symmetry_grpo_v1_7_acceptance_iter=115_canonical_low_warmup_wc3_per_instance.csv,1,random_3sat_control_v220_c928_seed3303,perm_seed1731,random_3sat_control_v220_c928_seed3303_perm1731,random_3sat_control,non_symmetric_control,large,control,none,220,928,10.0,5.0,/home/sunshixin/chenchao/my_rlaf/runs/GNN_Glucose_3SAT_EchoSAT_SymmetryGRPO_v1_7_WC1_PositiveCap/iter=115.pt,0.056651,0.056651,4930.0,4147.0,True,0.359457,0.359457,19684.0,16814.0,True,0.005214,0.1554351093902587,63.0,4.0,True,0.005214,0.1605937671865225,63.0,4.0,True,0.006042,0.1672573003286123,337.0,216.0,True,False,False,0.004173,3.0,39.0,458.748046875,220,1.0986123085021973,True,0.0058355331420898,0.0008279999999999997,0.006663533142089811,-0.050609,0.1106063003286123,274.0,212.0,0.302806,-0.35424300000000003,False,True,False
3,/home/sunshixin/chenchao/my_rlaf/runs/analysis/echosat_symmetry_grpo_v1_7_acceptance_iter=115_canonical_low_warmup_wc3_per_instance.csv,1,random_3sat_control_v220_c942_seed3304,base,random_3sat_control_v220_c942_seed3304,random_3sat_control,non_symmetric_control,large,control,none,220,942,10.0,5.0,/home/sunshixin/chenchao/my_rlaf/runs/GNN_Glucose_3SAT_EchoSAT_SymmetryGRPO_v1_7_WC1_PositiveCap/iter=115.pt,0.666016,0.666016,35472.0,30813.0,True,0.932303,0.932303,41376.0,36046.0,True,0.475293,0.7107199027709961,26754.0,23980.0,True,0.475293,0.7159588402718305,26754.0,23980.0,True,0.628981,0.8855481674050093,39389.0,35200.0,True,False,False,0.004182,3.0,26.0,416.5282897949219,220,1.0986123085021973,True,0.0159013271331787,0.153688,0.16958932713317876,-0.03703500000000004,0.21953216740500925,12635.0,11220.0,0.26628699999999994,-0.45700999999999997,False,True,False
3,/home/sunshixin/chenchao/my_rlaf/runs/analysis/echosat_symmetry_grpo_v1_7_acceptance_iter=115_canonical_low_warmup_wc3_per_instance.csv,1,random_3sat_control_v220_c942_seed3304,perm_seed1730,random_3sat_control_v220_c942_seed3304_perm1730,random_3sat_control,non_symmetric_control,large,control,none,220,942,10.0,5.0,/home/sunshixin/chenchao/my_rlaf/runs/GNN_Glucose_3SAT_EchoSAT_SymmetryGRPO_v1_7_WC1_PositiveCap/iter=115.pt,0.664866,0.664866,34825.0,30052.0,True,0.646603,0.646603,33221.0,28818.0,True,0.437796,0.6732229027709962,26445.0,23804.0,True,0.437796,0.6787750338650942,26445.0,23804.0,True,0.669251,0.9261313609982728,42055.0,37683.0,True,False,False,0.004511,3.0,26.0,423.32037353515625,220,1.0986123085021973,True,0.0159013271331787,0.23145500000000002,0.24735632713317857,0.004385000000000083,0.2612653609982728,15610.0,13879.0,-0.018262999999999918,-0.20880700000000002,False,False,False
3,/home/sunshixin/chenchao/my_rlaf/runs/analysis/echosat_symmetry_grpo_v1_7_acceptance_iter=115_canonical_low_warmup_wc3_per_instance.csv,1,random_3sat_control_v220_c942_seed3304,perm_seed1731,random_3sat_control_v220_c942_seed3304_perm1731,random_3sat_control,non_symmetric_control,large,control,none,220,942,10.0,5.0,/home/sunshixin/chenchao/my_rlaf/runs/GNN_Glucose_3SAT_EchoSAT_SymmetryGRPO_v1_7_WC1_PositiveCap/iter=115.pt,0.718191,0.718191,38737.0,33758.0,True,0.781171,0.781171,38909.0,33544.0,True,0.452215,0.6876419027709961,26149.0,23448.0,True,0.452215,0.6890785770666004,26149.0,23448.0,True,0.643954,0.8967189041997791,39837.0,35656.0,True,False,False,0.000394,3.0,26.0,418.775390625,220,1.0986123085021973,True,0.0159013271331787,0.19173900000000005,0.2076403271331787,-0.074237,0.17852790419977904,13688.0,12208.0,0.06297999999999992,-0.32895599999999997,False,True,False
3,/home/sunshixin/chenchao/my_rlaf/runs/analysis/echosat_symmetry_grpo_v1_7_acceptance_iter=115_canonical_low_warmup_wc3_per_instance.csv,1,random_3sat_control_v260_c1097_seed3305,base,random_3sat_control_v260_c1097_seed3305,random_3sat_control,non_symmetric_control,large,control,none,260,1097,10.0,5.0,/home/sunshixin/chenchao/my_rlaf/runs/GNN_Glucose_3SAT_EchoSAT_SymmetryGRPO_v1_7_WC1_PositiveCap/iter=115.pt,6.80077,6.80077,216854.0,188499.0,True,2.31407,2.31407,73626.0,64181.0,True,1.43772,1.6731469027709962,60642.0,54350.0,True,1.43772,1.6796340893581512,60642.0,54350.0,True,0.451943,0.7097584164913296,26462.0,23255.0,True,False,False,0.005405,3.0,35.0,492.83697509765625,260,1.0986123085021973,True,0.0159013271331787,-0.9857770000000001,-0.9698756728668215,-6.348827,-6.091011583508671,-34180.0,-31095.0,-4.4867,-0.87635,True,True,True
3,/home/sunshixin/chenchao/my_rlaf/runs/analysis/echosat_symmetry_grpo_v1_7_acceptance_iter=115_canonical_low_warmup_wc3_per_instance.csv,1,random_3sat_control_v260_c1097_seed3305,perm_seed1730,random_3sat_control_v260_c1097_seed3305_perm1730,random_3sat_control,non_symmetric_control,large,control,none,260,1097,10.0,5.0,/home/sunshixin/chenchao/my_rlaf/runs/GNN_Glucose_3SAT_EchoSAT_SymmetryGRPO_v1_7_WC1_PositiveCap/iter=115.pt,7.34941,7.34941,224505.0,195557.0,True,0.608703,0.608703,27246.0,23387.0,True,1.46314,1.6985669027709962,60686.0,54724.0,True,1.46314,1.7048318690274358,60686.0,54724.0,True,0.586269,0.8438621961606145,33862.0,29743.0,True,False,False,0.005162,3.0,35.0,494.8829650878906,260,1.0986123085021973,True,0.0159013271331787,-0.8768710000000001,-0.8609696728668212,-6.763141,-6.505547803839385,-26824.0,-24981.0,-6.740707,0.8544370000000001,True,True,True
3,/home/sunshixin/chenchao/my_rlaf/runs/analysis/echosat_symmetry_grpo_v1_7_acceptance_iter=115_canonical_low_warmup_wc3_per_instance.csv,1,random_3sat_control_v260_c1097_seed3305,perm_seed1731,random_3sat_control_v260_c1097_seed3305_perm1731,random_3sat_control,non_symmetric_control,large,control,none,260,1097,10.0,5.0,/home/sunshixin/chenchao/my_rlaf/runs/GNN_Glucose_3SAT_EchoSAT_SymmetryGRPO_v1_7_WC1_PositiveCap/iter=115.pt,3.91908,3.91908,105916.0,92052.0,True,5.50971,5.50971,162997.0,142194.0,True,1.10396,1.339386902770996,48534.0,43247.0,True,1.10396,1.3458868414099217,48534.0,43247.0,True,0.854754,1.1125821685431003,44541.0,39321.0,True,False,False,0.005477,3.0,35.0,493.7220764160156,260,1.0986123085021973,True,0.0159013271331787,-0.24920600000000004,-0.23330467286682133,-3.0643260000000003,-2.8064978314569,-3993.0,-3926.0,1.59063,-4.40575,True,True,True
3,/home/sunshixin/chenchao/my_rlaf/runs/analysis/echosat_symmetry_grpo_v1_7_acceptance_iter=115_canonical_low_warmup_wc3_per_instance.csv,1,random_3sat_control_v260_c1113_seed3306,base,random_3sat_control_v260_c1113_seed3306,random_3sat_control,non_symmetric_control,large,control,none,260,1113,10.0,5.0,/home/sunshixin/chenchao/my_rlaf/runs/GNN_Glucose_3SAT_EchoSAT_SymmetryGRPO_v1_7_WC1_PositiveCap/iter=115.pt,5.41524,5.41524,178146.0,155541.0,True,6.04814,6.04814,186876.0,163308.0,True,6.44133,6.676756902770996,226200.0,205404.0,True,6.44133,6.680047554718077,226200.0,205404.0,True,6.48395,6.738568881851256,264353.0,233153.0,True,False,False,0.002217,3.0,34.0,480.0674743652344,260,0.6931471824645996,True,0.0159013271331787,0.042620000000000324,0.058521327133179035,1.0687100000000003,1.323328881851256,38153.0,27749.0,0.6329000000000002,0.3931899999999997,False,False,False
3,/home/sunshixin/chenchao/my_rlaf/runs/analysis/echosat_symmetry_grpo_v1_7_acceptance_iter=115_canonical_low_warmup_wc3_per_instance.csv,1,random_3sat_control_v260_c1113_seed3306,perm_seed1730,random_3sat_control_v260_c1113_seed3306_perm1730,random_3sat_control,non_symmetric_control,large,control,none,260,1113,10.0,5.0,/home/sunshixin/chenchao/my_rlaf/runs/GNN_Glucose_3SAT_EchoSAT_SymmetryGRPO_v1_7_WC1_PositiveCap/iter=115.pt,5.08971,5.08971,171334.0,149746.0,True,6.98977,6.98977,206936.0,180741.0,True,5.88518,6.120606902770996,206101.0,186162.0,True,5.88518,6.126524600088418,206101.0,186162.0,True,6.23781,6.495055927221596,256383.0,226098.0,True,False,False,0.004787,3.0,34.0,478.7396240234375,260,0.6931471824645996,True,0.0159013271331787,0.35262999999999955,0.36853132713317827,1.1480999999999995,1.405345927221596,50282.0,39936.0,1.9000599999999999,-1.10459,False,False,False
3,/home/sunshixin/chenchao/my_rlaf/runs/analysis/echosat_symmetry_grpo_v1_7_acceptance_iter=115_canonical_low_warmup_wc3_per_instance.csv,1,random_3sat_control_v260_c1113_seed3306,perm_seed1731,random_3sat_control_v260_c1113_seed3306_perm1731,random_3sat_control,non_symmetric_control,large,control,none,260,1113,10.0,5.0,/home/sunshixin/chenchao/my_rlaf/runs/GNN_Glucose_3SAT_EchoSAT_SymmetryGRPO_v1_7_WC1_PositiveCap/iter=115.pt,6.43088,6.43088,202621.0,177648.0,True,7.0244,7.0244,214985.0,187707.0,True,5.96754,6.239719126739502,217745.0,196903.0,True,5.96754,6.246724027556478,217745.0,196903.0,True,6.08877,6.373292219542563,254755.0,224313.0,True,False,False,0.005965,3.0,34.0,481.5274658203125,260,0.6931471824645996,True,0.0053381919860839,0.12123000000000062,0.1265681919860846,-0.3421099999999999,-0.05758778045743718,37010.0,27410.0,0.5935199999999998,-1.0568600000000004,False,True,True
3,/home/sunshixin/chenchao/my_rlaf/runs/analysis/echosat_symmetry_grpo_v1_7_acceptance_iter=115_canonical_low_warmup_wc3_per_instance.csv,1,random_3sat_control_v300_c1266_seed3307,base,random_3sat_control_v300_c1266_seed3307,random_3sat_control,non_symmetric_control,large,control,none,300,1266,10.0,5.0,/home/sunshixin/chenchao/my_rlaf/runs/GNN_Glucose_3SAT_EchoSAT_SymmetryGRPO_v1_7_WC1_PositiveCap/iter=115.pt,0.217057,0.217057,12894.0,10895.0,True,2.58715,2.58715,71356.0,61376.0,True,0.008209,0.280388126739502,288.0,182.0,True,0.008209,0.2877094858313203,288.0,182.0,True,0.043824,0.3286626778174043,3076.0,2489.0,True,False,False,0.006242,3.0,48.0,628.0397338867188,300,1.0986123085021973,True,0.0053381919860839,0.035615,0.04095319198608405,-0.173233,0.11160567781740433,2788.0,2307.0,2.370093,-2.578941,False,True,False
3,/home/sunshixin/chenchao/my_rlaf/runs/analysis/echosat_symmetry_grpo_v1_7_acceptance_iter=115_canonical_low_warmup_wc3_per_instance.csv,1,random_3sat_control_v300_c1266_seed3307,perm_seed1730,random_3sat_control_v300_c1266_seed3307_perm1730,random_3sat_control,non_symmetric_control,large,control,none,300,1266,10.0,5.0,/home/sunshixin/chenchao/my_rlaf/runs/GNN_Glucose_3SAT_EchoSAT_SymmetryGRPO_v1_7_WC1_PositiveCap/iter=115.pt,1.27587,1.27587,43103.0,37339.0,True,2.08459,2.08459,63498.0,54506.0,True,0.008534,0.2807131267395019,321.0,205.0,True,0.008534,0.2881037917988896,321.0,205.0,True,0.034519,0.3194269837849736,2712.0,2153.0,True,False,False,0.006185,3.0,48.0,619.230712890625,300,1.0986123085021973,True,0.0053381919860839,0.025985,0.031323191986083965,-1.241351,-0.9564430162150265,2391.0,1948.0,0.8087199999999999,-2.076056,False,True,True
3,/home/sunshixin/chenchao/my_rlaf/runs/analysis/echosat_symmetry_grpo_v1_7_acceptance_iter=115_canonical_low_warmup_wc3_per_instance.csv,1,random_3sat_control_v300_c1266_seed3307,perm_seed1731,random_3sat_control_v300_c1266_seed3307_perm1731,random_3sat_control,non_symmetric_control,large,control,none,300,1266,10.0,5.0,/home/sunshixin/chenchao/my_rlaf/runs/GNN_Glucose_3SAT_EchoSAT_SymmetryGRPO_v1_7_WC1_PositiveCap/iter=115.pt,2.05327,2.05327,66962.0,57424.0,True,0.116619,0.116619,7524.0,6304.0,True,0.005874,0.2780531267395019,375.0,247.0,True,0.005874,0.2874556662402153,375.0,247.0,True,0.033435,0.3203548582262993,2340.0,1888.0,True,False,False,0.008297,3.0,48.0,626.5236206054688,300,1.0986123085021973,True,0.0053381919860839,0.027561,0.03289919198608399,-2.019835,-1.7329151417737005,1965.0,1641.0,-1.936651,-0.110745,False,True,True
3,/home/sunshixin/chenchao/my_rlaf/runs/analysis/echosat_symmetry_grpo_v1_7_acceptance_iter=115_canonical_low_warmup_wc3_per_instance.csv,1,subset_cardinality_bw10,base,subset_cardinality_bw10,subset_cardinality,weak_symmetry,large,main,weak,41,92,10.0,5.0,/home/sunshixin/chenchao/my_rlaf/runs/GNN_Glucose_3SAT_EchoSAT_SymmetryGRPO_v1_7_WC1_PositiveCap/iter=115.pt,0.0,0.0,193.0,141.0,True,0.001925,0.001925,237.0,193.0,True,0.001936,0.2741151267395019,162.0,142.0,True,0.001936,0.276169471619308,162.0,142.0,True,0.000459,0.2800306636053919,188.0,155.0,True,True,True,0.001282,3.0,8.0,94.86821746826172,41,1.0986123085021973,True,0.0053381919860839,-0.001477,0.0038611919860839228,0.000459,0.2800306636053919,26.0,13.0,0.001925,1.0999999999999942e-05,True,False,False
3,/home/sunshixin/chenchao/my_rlaf/runs/analysis/echosat_symmetry_grpo_v1_7_acceptance_iter=115_canonical_low_warmup_wc3_per_instance.csv,1,subset_cardinality_bw10,perm_seed1730,subset_cardinality_bw10_perm1730,subset_cardinality,weak_symmetry,large,main,weak,41,92,10.0,5.0,/home/sunshixin/chenchao/my_rlaf/runs/GNN_Glucose_3SAT_EchoSAT_SymmetryGRPO_v1_7_WC1_PositiveCap/iter=115.pt,0.001558,0.001558,218.0,167.0,True,0.001873,0.001873,221.0,169.0,True,0.0,0.2721791267395019,156.0,137.0,True,0.0,0.2733670342728496,156.0,137.0,True,0.001662,0.2803672262589335,176.0,144.0,True,True,True,0.000275,3.0,10.0,98.69181823730467,41,1.0986123085021973,True,0.0053381919860839,0.001662,0.007000191986083926,0.00010400000000000014,0.2788092262589335,20.0,7.0,0.0003150000000000002,-0.001873,False,False,False
3,/home/sunshixin/chenchao/my_rlaf/runs/analysis/echosat_symmetry_grpo_v1_7_acceptance_iter=115_canonical_low_warmup_wc3_per_instance.csv,1,subset_cardinality_bw10,perm_seed1731,subset_cardinality_bw10_perm1731,subset_cardinality,weak_symmetry,large,main,weak,41,92,10.0,5.0,/home/sunshixin/chenchao/my_rlaf/runs/GNN_Glucose_3SAT_EchoSAT_SymmetryGRPO_v1_7_WC1_PositiveCap/iter=115.pt,0.003598,0.003598,202.0,147.0,True,0.001764,0.001764,247.0,155.0,True,0.0,0.2721791267395019,203.0,164.0,True,0.0,0.2741254938556552,203.0,164.0,True,0.001439,0.2809026858417392,196.0,141.0,True,True,True,0.001128,3.0,7.0,87.48927307128906,41,1.0986123085021973,True,0.0053381919860839,0.001439,0.006777191986084008,-0.0021590000000000003,0.27730468584173923,-7.0,-23.0,-0.0018340000000000001,-0.001764,False,True,False
3,/home/sunshixin/chenchao/my_rlaf/runs/analysis/echosat_symmetry_grpo_v1_7_acceptance_iter=115_canonical_low_warmup_wc3_per_instance.csv,1,subset_cardinality_bw12,base,subset_cardinality_bw12,subset_cardinality,weak_symmetry,large,main,weak,49,108,10.0,5.0,/home/sunshixin/chenchao/my_rlaf/runs/GNN_Glucose_3SAT_EchoSAT_SymmetryGRPO_v1_7_WC1_PositiveCap/iter=115.pt,0.002505,0.002505,442.0,342.0,True,0.002468,0.002468,491.0,414.0,True,0.002722,0.2749011267395019,384.0,312.0,True,0.002722,0.2770469835485816,384.0,312.0,True,0.002191,0.2818541755346656,421.0,308.0,True,True,True,0.001351,3.0,12.0,104.73371887207033,49,0.6931471824645996,True,0.0053381919860839,-0.0005310000000000002,0.004807191986083981,-0.00031400000000000004,0.2793491755346656,37.0,-4.0,-3.699999999999971e-05,0.0002539999999999999,True,True,False
3,/home/sunshixin/chenchao/my_rlaf/runs/analysis/echosat_symmetry_grpo_v1_7_acceptance_iter=115_canonical_low_warmup_wc3_per_instance.csv,1,subset_cardinality_bw12,perm_seed1730,subset_cardinality_bw12_perm1730,subset_cardinality,weak_symmetry,large,main,weak,49,108,10.0,5.0,/home/sunshixin/chenchao/my_rlaf/runs/GNN_Glucose_3SAT_EchoSAT_SymmetryGRPO_v1_7_WC1_PositiveCap/iter=115.pt,0.0,0.0,440.0,329.0,True,0.002158,0.002158,397.0,314.0,True,0.003546,0.2615361218414306,343.0,268.0,True,0.003546,0.2633922776355147,343.0,268.0,True,0.002358,0.2817805887469649,385.0,317.0,True,True,True,0.001057,3.0,9.0,101.82083892822266,49,1.0986123085021973,True,0.0195763111114501,-0.0011880000000000003,0.018388311111450173,0.002358,0.2817805887469649,42.0,49.0,0.002158,0.001388,True,False,False
3,/home/sunshixin/chenchao/my_rlaf/runs/analysis/echosat_symmetry_grpo_v1_7_acceptance_iter=115_canonical_low_warmup_wc3_per_instance.csv,1,subset_cardinality_bw12,perm_seed1731,subset_cardinality_bw12_perm1731,subset_cardinality,weak_symmetry,large,main,weak,49,108,10.0,5.0,/home/sunshixin/chenchao/my_rlaf/runs/GNN_Glucose_3SAT_EchoSAT_SymmetryGRPO_v1_7_WC1_PositiveCap/iter=115.pt,0.000321,0.000321,393.0,297.0,True,0.002048,0.002048,439.0,311.0,True,0.00344,0.2614301218414306,363.0,285.0,True,0.00344,0.2626374479585886,363.0,285.0,True,0.002117,0.2808907590700388,348.0,296.0,True,True,True,0.0003,3.0,11.0,104.3914794921875,49,1.0986123085021973,True,0.0195763111114501,-0.001323,0.018253311111450177,0.0017959999999999999,0.2805697590700388,-15.0,11.0,0.0017269999999999998,0.001392,True,False,False
3,/home/sunshixin/chenchao/my_rlaf/runs/analysis/echosat_symmetry_grpo_v1_7_acceptance_iter=115_canonical_low_warmup_wc3_per_instance.csv,1,subset_cardinality_bw8,base,subset_cardinality_bw8,subset_cardinality,weak_symmetry,medium,main,weak,33,76,10.0,5.0,/home/sunshixin/chenchao/my_rlaf/runs/GNN_Glucose_3SAT_EchoSAT_SymmetryGRPO_v1_7_WC1_PositiveCap/iter=115.pt,0.002114,0.002114,89.0,67.0,True,0.001191,0.001191,106.0,76.0,True,0.002564,0.2605541218414307,84.0,69.0,True,0.002564,0.2613448137759566,84.0,69.0,True,0.000906,0.2792631248874068,94.0,76.0,True,True,True,0.0,3.0,13.0,75.20963287353516,33,1.0986123085021973,True,0.0195763111114501,-0.0016579999999999998,0.017918311111450202,-0.0012079999999999999,0.2771491248874068,10.0,7.0,-0.000923,0.0013729999999999999,True,True,False
3,/home/sunshixin/chenchao/my_rlaf/runs/analysis/echosat_symmetry_grpo_v1_7_acceptance_iter=115_canonical_low_warmup_wc3_per_instance.csv,1,subset_cardinality_bw8,perm_seed1730,subset_cardinality_bw8_perm1730,subset_cardinality,weak_symmetry,medium,main,weak,33,76,10.0,5.0,/home/sunshixin/chenchao/my_rlaf/runs/GNN_Glucose_3SAT_EchoSAT_SymmetryGRPO_v1_7_WC1_PositiveCap/iter=115.pt,0.002081,0.002081,110.0,76.0,True,0.0,0.0,127.0,80.0,True,0.001383,0.2593731218414307,100.0,79.0,True,0.001383,0.2616760615382195,100.0,79.0,True,0.001187,0.2810563726496696,119.0,76.0,True,True,True,0.001508,3.0,15.0,80.51530456542969,33,1.0986123085021973,True,0.0195763111114501,-0.000196,0.01938031111145011,-0.000894,0.2789753726496696,19.0,-3.0,-0.002081,0.001383,True,True,False
3,/home/sunshixin/chenchao/my_rlaf/runs/analysis/echosat_symmetry_grpo_v1_7_acceptance_iter=115_canonical_low_warmup_wc3_per_instance.csv,1,subset_cardinality_bw8,perm_seed1731,subset_cardinality_bw8_perm1731,subset_cardinality,weak_symmetry,medium,main,weak,33,76,10.0,5.0,/home/sunshixin/chenchao/my_rlaf/runs/GNN_Glucose_3SAT_EchoSAT_SymmetryGRPO_v1_7_WC1_PositiveCap/iter=115.pt,0.002001,0.002001,91.0,70.0,True,0.001165,0.001165,102.0,79.0,True,0.001121,0.2591111218414306,81.0,70.0,True,0.001121,0.261249162751019,81.0,70.0,True,0.001161,0.2808654738624692,91.0,76.0,True,True,True,0.001352,3.0,12.0,79.57261657714844,33,1.0986123085021973,True,0.0195763111114501,3.999999999999989e-05,0.01961631111145018,-0.0008400000000000003,0.2788644738624692,10.0,6.0,-0.0008360000000000002,-4.3999999999999985e-05,False,True,False
3,/home/sunshixin/chenchao/my_rlaf/runs/analysis/echosat_symmetry_grpo_v1_7_acceptance_iter=115_canonical_low_warmup_wc3_per_instance.csv,2,k10_color9,base,k10_color9,complete_coloring,strong_symmetry,large,main,strong,90,775,10.0,5.0,/home/sunshixin/chenchao/my_rlaf/runs/GNN_Glucose_3SAT_EchoSAT_SymmetryGRPO_v1_7_WC1_PositiveCap/iter=115.pt,4.28498,4.28498,340861.0,314066.0,True,4.22508,4.22508,322229.0,299168.0,True,4.20873,4.416936176757813,321840.0,298649.0,True,4.20873,4.426751220336795,321840.0,298649.0,True,4.2583,4.538603305755496,330685.0,310429.0,True,True,True,0.007914,3.0,9.0,195.45620727539065,90,1.0986123085021973,True,0.0622820854187011,0.049570000000000114,0.1118520854187004,-0.026679999999999815,0.25362330575549574,8845.0,11780.0,-0.05989999999999984,-0.016350000000000087,False,True,False
3,/home/sunshixin/chenchao/my_rlaf/runs/analysis/echosat_symmetry_grpo_v1_7_acceptance_iter=115_canonical_low_warmup_wc3_per_instance.csv,2,k10_color9,perm_seed1730,k10_color9_perm1730,complete_coloring,strong_symmetry,large,main,strong,90,775,10.0,5.0,/home/sunshixin/chenchao/my_rlaf/runs/GNN_Glucose_3SAT_EchoSAT_SymmetryGRPO_v1_7_WC1_PositiveCap/iter=115.pt,5.01176,5.01176,413643.0,382655.0,True,4.24101,4.24101,283792.0,262594.0,True,4.49702,4.7052261767578125,247778.0,229737.0,True,4.49702,4.709979233524144,247778.0,229737.0,True,3.61261,3.887851318942845,310574.0,289011.0,True,True,True,0.003444,3.0,9.0,194.30953979492188,90,1.0986123085021973,True,0.0622820854187011,-0.8844099999999999,-0.8221279145812987,-1.3991499999999997,-1.1239086810571548,62796.0,59274.0,-0.7707499999999996,0.25600999999999985,True,True,True
3,/home/sunshixin/chenchao/my_rlaf/runs/analysis/echosat_symmetry_grpo_v1_7_acceptance_iter=115_canonical_low_warmup_wc3_per_instance.csv,2,k10_color9,perm_seed1731,k10_color9_perm1731,complete_coloring,strong_symmetry,large,main,strong,90,775,10.0,5.0,/home/sunshixin/chenchao/my_rlaf/runs/GNN_Glucose_3SAT_EchoSAT_SymmetryGRPO_v1_7_WC1_PositiveCap/iter=115.pt,4.26991,4.26991,340033.0,312592.0,True,3.9451,3.9451,290369.0,269757.0,True,4.29802,4.506226176757813,290369.0,269757.0,True,4.29802,4.516765431729198,290369.0,269757.0,True,4.77567,5.0566975171478985,375342.0,353249.0,True,True,True,0.009099,3.0,9.0,193.47189331054688,90,1.0986123085021973,True,0.0622820854187011,0.4776499999999997,0.5399320854187009,0.5057599999999995,0.7867875171478982,84973.0,83492.0,-0.32481000000000027,0.3529200000000001,False,False,False
3,/home/sunshixin/chenchao/my_rlaf/runs/analysis/echosat_symmetry_grpo_v1_7_acceptance_iter=115_canonical_low_warmup_wc3_per_instance.csv,2,k8_color7,base,k8_color7,complete_coloring,strong_symmetry,large,main,strong,56,372,10.0,5.0,/home/sunshixin/chenchao/my_rlaf/runs/GNN_Glucose_3SAT_EchoSAT_SymmetryGRPO_v1_7_WC1_PositiveCap/iter=115.pt,0.052498,0.052498,6158.0,5600.0,True,0.056759,0.056759,5946.0,5440.0,True,0.045066,0.2532721767578125,5946.0,5440.0,True,0.045066,0.2567305767579674,5946.0,5440.0,True,0.050994,0.3249406621766686,5508.0,5073.0,True,True,True,0.000737,3.0,7.0,125.01708984375,56,1.0986123085021973,True,0.0622820854187011,0.005927999999999996,0.06821008541870122,-0.0015040000000000053,0.2724426621766686,-438.0,-367.0,0.004260999999999994,-0.011692999999999995,False,True,False
3,/home/sunshixin/chenchao/my_rlaf/runs/analysis/echosat_symmetry_grpo_v1_7_acceptance_iter=115_canonical_low_warmup_wc3_per_instance.csv,2,k8_color7,perm_seed1730,k8_color7_perm1730,complete_coloring,strong_symmetry,large,main,strong,56,372,10.0,5.0,/home/sunshixin/chenchao/my_rlaf/runs/GNN_Glucose_3SAT_EchoSAT_SymmetryGRPO_v1_7_WC1_PositiveCap/iter=115.pt,0.049189,0.049189,6138.0,5624.0,True,0.046706,0.046706,6264.0,5696.0,True,0.043611,0.2518171767578125,6264.0,5696.0,True,0.043611,0.2537268335811495,6264.0,5696.0,True,0.039261,0.3116589189998507,5916.0,5386.0,True,True,True,0.000746,3.0,7.0,125.1129913330078,56,1.0986123085021973,True,0.0622820854187011,-0.00435,0.05793208541870121,-0.009928,0.2624699189998507,-348.0,-310.0,-0.002482999999999999,-0.0030950000000000005,True,True,False
3,/home/sunshixin/chenchao/my_rlaf/runs/analysis/echosat_symmetry_grpo_v1_7_acceptance_iter=115_canonical_low_warmup_wc3_per_instance.csv,2,k8_color7,perm_seed1731,k8_color7_perm1731,complete_coloring,strong_symmetry,large,main,strong,56,372,10.0,5.0,/home/sunshixin/chenchao/my_rlaf/runs/GNN_Glucose_3SAT_EchoSAT_SymmetryGRPO_v1_7_WC1_PositiveCap/iter=115.pt,0.038367,0.038367,5800.0,5271.0,True,0.055895,0.055895,6148.0,5641.0,True,0.051582,0.2597881767578125,6148.0,5641.0,True,0.051582,0.2615985558162331,6148.0,5641.0,True,0.041048,0.3133466412349343,6094.0,5636.0,True,True,True,0.000555,3.0,7.0,125.51768493652344,56,1.0986123085021973,True,0.0622820854187011,-0.010534000000000002,0.051748085418701184,0.002681000000000003,0.2749796412349343,-54.0,-5.0,0.017528000000000002,-0.004312999999999997,True,False,False
3,/home/sunshixin/chenchao/my_rlaf/runs/analysis/echosat_symmetry_grpo_v1_7_acceptance_iter=115_canonical_low_warmup_wc3_per_instance.csv,2,k9_color8,base,k9_color8,complete_coloring,strong_symmetry,large,main,strong,72,549,10.0,5.0,/home/sunshixin/chenchao/my_rlaf/runs/GNN_Glucose_3SAT_EchoSAT_SymmetryGRPO_v1_7_WC1_PositiveCap/iter=115.pt,0.698755,0.698755,46557.0,43529.0,True,0.640985,0.640985,44352.0,41138.0,True,0.648299,0.8565051767578125,43519.0,40436.0,True,0.648299,0.8616576023504138,43519.0,40436.0,True,0.420228,0.6958686877691149,40846.0,38032.0,True,True,True,0.003626,3.0,8.0,158.36375427246094,72,1.0986123085021973,True,0.0622820854187011,-0.22807099999999997,-0.16578891458129885,-0.278527,-0.002886312230885091,-2673.0,-2404.0,-0.05776999999999999,0.007313999999999932,True,True,True
3,/home/sunshixin/chenchao/my_rlaf/runs/analysis/echosat_symmetry_grpo_v1_7_acceptance_iter=115_canonical_low_warmup_wc3_per_instance.csv,2,k9_color8,perm_seed1730,k9_color8_perm1730,complete_coloring,strong_symmetry,large,main,strong,72,549,10.0,5.0,/home/sunshixin/chenchao/my_rlaf/runs/GNN_Glucose_3SAT_EchoSAT_SymmetryGRPO_v1_7_WC1_PositiveCap/iter=115.pt,0.471986,0.471986,39708.0,36681.0,True,0.669012,0.669012,45794.0,42555.0,True,0.807452,1.0156581767578126,45794.0,42555.0,True,0.807452,1.0213422352300283,45794.0,42555.0,True,0.397261,0.6734333206487297,44156.0,40692.0,True,True,True,0.00357,3.0,10.0,157.64891052246094,72,1.0986123085021973,True,0.0622820854187011,-0.410191,-0.3479089145812986,-0.07472500000000004,0.20144732064872972,-1638.0,-1863.0,0.19702600000000003,0.1384399999999999,True,True,False
3,/home/sunshixin/chenchao/my_rlaf/runs/analysis/echosat_symmetry_grpo_v1_7_acceptance_iter=115_canonical_low_warmup_wc3_per_instance.csv,2,k9_color8,perm_seed1731,k9_color8_perm1731,complete_coloring,strong_symmetry,large,main,strong,72,549,10.0,5.0,/home/sunshixin/chenchao/my_rlaf/runs/GNN_Glucose_3SAT_EchoSAT_SymmetryGRPO_v1_7_WC1_PositiveCap/iter=115.pt,0.62356,0.62356,47177.0,43763.0,True,0.672808,0.672808,47579.0,44103.0,True,0.826886,0.924135984741211,47579.0,44103.0,True,0.826886,0.9301457649819852,47579.0,44103.0,True,0.455516,0.6257251325051785,42320.0,39581.0,True,True,True,0.003957,3.0,8.0,158.0809783935547,72,1.0986123085021973,True,0.0669493675231933,-0.37137000000000003,-0.30442063247680673,-0.16804400000000003,0.0021651325051784687,-5259.0,-4522.0,0.04924799999999996,0.15407800000000005,True,True,False
3,/home/sunshixin/chenchao/my_rlaf/runs/analysis/echosat_symmetry_grpo_v1_7_acceptance_iter=115_canonical_low_warmup_wc3_per_instance.csv,2,php_p10_h9,base,php_p10_h9,php,strong_symmetry,large,main,strong,90,775,10.0,5.0,/home/sunshixin/chenchao/my_rlaf/runs/GNN_Glucose_3SAT_EchoSAT_SymmetryGRPO_v1_7_WC1_PositiveCap/iter=115.pt,4.28918,4.28918,340861.0,314066.0,True,4.15523,4.15523,322229.0,299168.0,True,4.49565,4.592899984741211,321840.0,298649.0,True,4.49565,4.597852823582769,321840.0,298649.0,True,3.95044,4.119592191105962,330685.0,310429.0,True,True,True,0.003888,3.0,9.0,195.45620727539065,90,1.0986123085021973,True,0.0669493675231933,-0.5452100000000004,-0.4782606324768066,-0.33874000000000004,-0.1695878088940379,8845.0,11780.0,-0.13394999999999957,0.34041999999999994,True,True,True
3,/home/sunshixin/chenchao/my_rlaf/runs/analysis/echosat_symmetry_grpo_v1_7_acceptance_iter=115_canonical_low_warmup_wc3_per_instance.csv,2,php_p10_h9,perm_seed1730,php_p10_h9_perm1730,php,strong_symmetry,large,main,strong,90,775,10.0,5.0,/home/sunshixin/chenchao/my_rlaf/runs/GNN_Glucose_3SAT_EchoSAT_SymmetryGRPO_v1_7_WC1_PositiveCap/iter=115.pt,4.98556,4.98556,413643.0,382655.0,True,4.2584,4.2584,283792.0,262594.0,True,4.21819,4.315439984741211,247778.0,229737.0,True,4.21819,4.324149946635961,247778.0,229737.0,True,3.84806,4.020969314159155,336407.0,312644.0,True,True,True,0.00766,3.0,9.0,194.30953979492188,90,1.0986123085021973,True,0.0669493675231933,-0.37013000000000007,-0.30318063247680627,-1.1375000000000006,-0.9645906858408457,88629.0,82907.0,-0.7271600000000005,-0.04021000000000008,True,True,True
3,/home/sunshixin/chenchao/my_rlaf/runs/analysis/echosat_symmetry_grpo_v1_7_acceptance_iter=115_canonical_low_warmup_wc3_per_instance.csv,2,php_p10_h9,perm_seed1731,php_p10_h9_perm1731,php,strong_symmetry,large,main,strong,90,775,10.0,5.0,/home/sunshixin/chenchao/my_rlaf/runs/GNN_Glucose_3SAT_EchoSAT_SymmetryGRPO_v1_7_WC1_PositiveCap/iter=115.pt,4.70527,4.70527,340033.0,312592.0,True,3.94117,3.94117,290369.0,269757.0,True,4.20036,4.297609984741211,290369.0,269757.0,True,4.20036,4.306205901810646,290369.0,269757.0,True,4.83954,5.01233526933384,375342.0,353249.0,True,True,True,0.007562,3.0,9.0,193.47189331054688,90,1.0986123085021973,True,0.0669493675231933,0.6391800000000005,0.7061293675231939,0.13427000000000078,0.30706526933384026,84973.0,83492.0,-0.7640999999999996,0.2591899999999998,False,False,False
3,/home/sunshixin/chenchao/my_rlaf/runs/analysis/echosat_symmetry_grpo_v1_7_acceptance_iter=115_canonical_low_warmup_wc3_per_instance.csv,2,php_p9_h8,base,php_p9_h8,php,strong_symmetry,large,main,strong,72,549,10.0,5.0,/home/sunshixin/chenchao/my_rlaf/runs/GNN_Glucose_3SAT_EchoSAT_SymmetryGRPO_v1_7_WC1_PositiveCap/iter=115.pt,0.767169,0.767169,46557.0,43529.0,True,0.640589,0.640589,44352.0,41138.0,True,0.598327,0.695576984741211,43519.0,40436.0,True,0.598327,0.7009719458490015,43519.0,40436.0,True,0.439274,0.6088683133721948,40846.0,38032.0,True,True,True,0.004112,3.0,8.0,158.36375427246094,72,1.0986123085021973,True,0.0669493675231933,-0.15905300000000006,-0.09210363247680664,-0.327895,-0.15830068662780516,-2673.0,-2404.0,-0.12658000000000003,-0.04226199999999991,True,True,True
3,/home/sunshixin/chenchao/my_rlaf/runs/analysis/echosat_symmetry_grpo_v1_7_acceptance_iter=115_canonical_low_warmup_wc3_per_instance.csv,2,php_p9_h8,perm_seed1730,php_p9_h8_perm1730,php,strong_symmetry,large,main,strong,72,549,10.0,5.0,/home/sunshixin/chenchao/my_rlaf/runs/GNN_Glucose_3SAT_EchoSAT_SymmetryGRPO_v1_7_WC1_PositiveCap/iter=115.pt,0.472865,0.472865,39708.0,36681.0,True,0.657065,0.657065,45794.0,42555.0,True,0.65746,0.754709984741211,45794.0,42555.0,True,0.65746,0.7609001321920157,45794.0,42555.0,True,0.405055,0.5754444997152091,44156.0,40692.0,True,True,True,0.005019,3.0,10.0,157.64891052246094,72,1.0986123085021973,True,0.0669493675231933,-0.25240500000000005,-0.18545563247680663,-0.06780999999999998,0.10257949971520908,-1638.0,-1863.0,0.18420000000000003,0.0003950000000000342,True,True,False
3,/home/sunshixin/chenchao/my_rlaf/runs/analysis/echosat_symmetry_grpo_v1_7_acceptance_iter=115_canonical_low_warmup_wc3_per_instance.csv,2,php_p9_h8,perm_seed1731,php_p9_h8_perm1731,php,strong_symmetry,large,main,strong,72,549,10.0,5.0,/home/sunshixin/chenchao/my_rlaf/runs/GNN_Glucose_3SAT_EchoSAT_SymmetryGRPO_v1_7_WC1_PositiveCap/iter=115.pt,0.621925,0.621925,47177.0,43763.0,True,0.705771,0.705771,47579.0,44103.0,True,0.682875,0.780124984741211,47579.0,44103.0,True,0.682875,0.7819613416818977,47579.0,44103.0,True,0.46489,0.6309257092050911,42320.0,39581.0,True,True,True,0.000642,3.0,8.0,158.0809783935547,72,1.0986123085021973,True,0.0669493675231933,-0.21798499999999998,-0.15103563247680662,-0.15703499999999992,0.009000709205091106,-5259.0,-4522.0,0.08384600000000009,-0.022896000000000027,True,True,False
3,/home/sunshixin/chenchao/my_rlaf/runs/analysis/echosat_symmetry_grpo_v1_7_acceptance_iter=115_canonical_low_warmup_wc3_per_instance.csv,2,random_3sat_control_v160_c704_seed2615,base,random_3sat_control_v160_c704_seed2615,random_3sat_control,non_symmetric_control,large,control,none,160,704,10.0,5.0,/home/sunshixin/chenchao/my_rlaf/runs/GNN_Glucose_3SAT_EchoSAT_SymmetryGRPO_v1_7_WC1_PositiveCap/iter=115.pt,0.071267,0.071267,6771.0,5767.0,True,0.048126,0.048126,5702.0,4813.0,True,0.04778,0.1450299847412109,4859.0,4212.0,True,0.04778,0.1515070217863321,4859.0,4212.0,True,0.050962,0.2216383893095255,4927.0,4155.0,True,False,False,0.005006,3.0,22.0,360.5569458007813,160,1.0986123085021973,True,0.0669493675231933,0.0031819999999999973,0.0701313675231934,-0.020304999999999997,0.1503713893095255,68.0,-57.0,-0.023140999999999995,-0.0003459999999999991,False,True,False
3,/home/sunshixin/chenchao/my_rlaf/runs/analysis/echosat_symmetry_grpo_v1_7_acceptance_iter=115_canonical_low_warmup_wc3_per_instance.csv,2,random_3sat_control_v160_c704_seed2615,perm_seed1730,random_3sat_control_v160_c704_seed2615_perm1730,random_3sat_control,non_symmetric_control,large,control,none,160,704,10.0,5.0,/home/sunshixin/chenchao/my_rlaf/runs/GNN_Glucose_3SAT_EchoSAT_SymmetryGRPO_v1_7_WC1_PositiveCap/iter=115.pt,0.083801,0.083801,8522.0,7299.0,True,0.111469,0.111469,7934.0,6809.0,True,0.045217,0.2007963285369873,4602.0,4008.0,True,0.045217,0.2027311695026755,4602.0,4008.0,True,0.051119,0.2849514335102439,5380.0,4655.0,True,False,False,0.000377,3.0,22.0,363.3272399902344,160,1.0986123085021973,True,0.0763182640075683,0.0059019999999999975,0.08222026400756838,-0.032682,0.20115043351024386,778.0,647.0,0.027667999999999998,-0.066252,False,True,False
3,/home/sunshixin/chenchao/my_rlaf/runs/analysis/echosat_symmetry_grpo_v1_7_acceptance_iter=115_canonical_low_warmup_wc3_per_instance.csv,2,random_3sat_control_v160_c704_seed2615,perm_seed1731,random_3sat_control_v160_c704_seed2615_perm1731,random_3sat_control,non_symmetric_control,large,control,none,160,704,10.0,5.0,/home/sunshixin/chenchao/my_rlaf/runs/GNN_Glucose_3SAT_EchoSAT_SymmetryGRPO_v1_7_WC1_PositiveCap/iter=115.pt,0.050592,0.050592,5676.0,4847.0,True,0.130066,0.130066,8017.0,6851.0,True,0.050129,0.2057083285369873,4961.0,4384.0,True,0.050129,0.2107367130295634,4961.0,4384.0,True,0.053229,0.2901549770371318,6020.0,5153.0,True,False,False,0.003518,3.0,22.0,364.4381408691406,160,1.0986123085021973,True,0.0763182640075683,0.0030999999999999986,0.07941826400756838,0.0026370000000000005,0.23956297703713178,1059.0,769.0,0.07947399999999999,-0.07993699999999998,False,False,False
3,/home/sunshixin/chenchao/my_rlaf/runs/analysis/echosat_symmetry_grpo_v1_7_acceptance_iter=115_canonical_low_warmup_wc3_per_instance.csv,2,random_3sat_control_v180_c760_seed3301,base,random_3sat_control_v180_c760_seed3301,random_3sat_control,non_symmetric_control,large,control,none,180,760,10.0,5.0,/home/sunshixin/chenchao/my_rlaf/runs/GNN_Glucose_3SAT_EchoSAT_SymmetryGRPO_v1_7_WC1_PositiveCap/iter=115.pt,0.498788,0.498788,27442.0,23617.0,True,0.185972,0.185972,10470.0,8910.0,True,0.008923,0.1645023285369873,693.0,567.0,True,0.008923,0.1698466233068704,693.0,567.0,True,0.648449,0.8856908873144389,42529.0,37408.0,True,False,False,0.003692,3.0,28.0,430.4636840820313,180,1.0986123085021973,True,0.0763182640075683,0.639526,0.7158442640075685,0.14966100000000004,0.3869028873144389,41836.0,36841.0,-0.312816,-0.177049,False,False,False
3,/home/sunshixin/chenchao/my_rlaf/runs/analysis/echosat_symmetry_grpo_v1_7_acceptance_iter=115_canonical_low_warmup_wc3_per_instance.csv,2,random_3sat_control_v180_c760_seed3301,perm_seed1730,random_3sat_control_v180_c760_seed3301_perm1730,random_3sat_control,non_symmetric_control,large,control,none,180,760,10.0,5.0,/home/sunshixin/chenchao/my_rlaf/runs/GNN_Glucose_3SAT_EchoSAT_SymmetryGRPO_v1_7_WC1_PositiveCap/iter=115.pt,1.05451,1.05451,47649.0,41152.0,True,0.091148,0.091148,7421.0,6253.0,True,0.00841,0.1639893285369873,643.0,525.0,True,0.00841,0.1691451677009463,643.0,525.0,True,0.585468,0.8225214317085147,39152.0,34393.0,True,False,False,0.00359,3.0,28.0,431.2578125,180,1.0986123085021973,True,0.0763182640075683,0.577058,0.6533762640075684,-0.46904200000000007,-0.2319885682914854,38509.0,33868.0,-0.963362,-0.082738,False,True,True
3,/home/sunshixin/chenchao/my_rlaf/runs/analysis/echosat_symmetry_grpo_v1_7_acceptance_iter=115_canonical_low_warmup_wc3_per_instance.csv,2,random_3sat_control_v180_c760_seed3301,perm_seed1731,random_3sat_control_v180_c760_seed3301_perm1731,random_3sat_control,non_symmetric_control,large,control,none,180,760,10.0,5.0,/home/sunshixin/chenchao/my_rlaf/runs/GNN_Glucose_3SAT_EchoSAT_SymmetryGRPO_v1_7_WC1_PositiveCap/iter=115.pt,0.494131,0.494131,27197.0,23469.0,True,0.132667,0.132667,9011.0,7714.0,True,0.008101,0.1636803285369873,590.0,484.0,True,0.008101,0.1700827739486098,590.0,484.0,True,0.149219,0.3875190379561781,12380.0,10712.0,True,False,False,0.004964,3.0,28.0,430.8958129882813,180,1.0986123085021973,True,0.0763182640075683,0.141118,0.2174362640075683,-0.344912,-0.1066119620438219,11790.0,10228.0,-0.361464,-0.12456600000000001,False,True,True
3,/home/sunshixin/chenchao/my_rlaf/runs/analysis/echosat_symmetry_grpo_v1_7_acceptance_iter=115_canonical_low_warmup_wc3_per_instance.csv,2,random_3sat_control_v220_c928_seed3303,base,random_3sat_control_v220_c928_seed3303,random_3sat_control,non_symmetric_control,large,control,none,220,928,10.0,5.0,/home/sunshixin/chenchao/my_rlaf/runs/GNN_Glucose_3SAT_EchoSAT_SymmetryGRPO_v1_7_WC1_PositiveCap/iter=115.pt,0.725069,0.725069,30277.0,25994.0,True,0.476607,0.476607,22265.0,19025.0,True,0.004326,0.1599053285369873,62.0,4.0,True,0.004326,0.1656611020643711,62.0,4.0,True,0.004459,0.2421123660719394,334.0,228.0,True,False,False,0.004126,3.0,39.0,455.798828125,220,1.0986123085021973,True,0.0763182640075683,0.0001330000000000003,0.0764512640075683,-0.72061,-0.48295663392806054,272.0,224.0,-0.24846199999999996,-0.472281,False,True,True
3,/home/sunshixin/chenchao/my_rlaf/runs/analysis/echosat_symmetry_grpo_v1_7_acceptance_iter=115_canonical_low_warmup_wc3_per_instance.csv,2,random_3sat_control_v220_c928_seed3303,perm_seed1730,random_3sat_control_v220_c928_seed3303_perm1730,random_3sat_control,non_symmetric_control,large,control,none,220,928,10.0,5.0,/home/sunshixin/chenchao/my_rlaf/runs/GNN_Glucose_3SAT_EchoSAT_SymmetryGRPO_v1_7_WC1_PositiveCap/iter=115.pt,1.42468,1.42468,52742.0,45477.0,True,0.245131,0.245131,13039.0,11071.0,True,0.004301,0.1598803285369873,62.0,4.0,True,0.004301,0.1656445333997011,62.0,4.0,True,0.006498,0.2441597974072694,349.0,246.0,True,False,False,0.0043,3.0,39.0,453.5053405761719,220,1.0986123085021973,True,0.0763182640075683,0.002197,0.07851526400756831,-1.418182,-1.1805202025927306,287.0,242.0,-1.179549,-0.24083,False,True,True
3,/home/sunshixin/chenchao/my_rlaf/runs/analysis/echosat_symmetry_grpo_v1_7_acceptance_iter=115_canonical_low_warmup_wc3_per_instance.csv,2,random_3sat_control_v220_c928_seed3303,perm_seed1731,random_3sat_control_v220_c928_seed3303_perm1731,random_3sat_control,non_symmetric_control,large,control,none,220,928,10.0,5.0,/home/sunshixin/chenchao/my_rlaf/runs/GNN_Glucose_3SAT_EchoSAT_SymmetryGRPO_v1_7_WC1_PositiveCap/iter=115.pt,0.05664,0.05664,4930.0,4147.0,True,0.380356,0.380356,19684.0,16814.0,True,0.004062,0.1596413285369873,63.0,4.0,True,0.004062,0.1629662714880705,63.0,4.0,True,0.008763,0.2439855354956388,337.0,216.0,True,False,False,0.001858,3.0,39.0,458.748046875,220,1.0986123085021973,True,0.0763182640075683,0.004701,0.08101926400756831,-0.047877,0.18734553549563882,274.0,212.0,0.323716,-0.376294,False,True,False
3,/home/sunshixin/chenchao/my_rlaf/runs/analysis/echosat_symmetry_grpo_v1_7_acceptance_iter=115_canonical_low_warmup_wc3_per_instance.csv,2,random_3sat_control_v220_c942_seed3304,base,random_3sat_control_v220_c942_seed3304,random_3sat_control,non_symmetric_control,large,control,none,220,942,10.0,5.0,/home/sunshixin/chenchao/my_rlaf/runs/GNN_Glucose_3SAT_EchoSAT_SymmetryGRPO_v1_7_WC1_PositiveCap/iter=115.pt,0.652577,0.652577,35472.0,30813.0,True,0.994412,0.994412,41376.0,36046.0,True,0.443183,0.7309587549285889,26754.0,23980.0,True,0.443183,0.7384027101022601,26754.0,23980.0,True,0.629547,1.0210711267587542,39389.0,35200.0,True,False,False,0.006023,3.0,26.0,416.5282897949219,220,1.0986123085021973,True,0.0963044166564941,0.18636399999999997,0.2826684166564941,-0.023029999999999995,0.36849412675875426,12635.0,11220.0,0.341835,-0.551229,False,True,False
3,/home/sunshixin/chenchao/my_rlaf/runs/analysis/echosat_symmetry_grpo_v1_7_acceptance_iter=115_canonical_low_warmup_wc3_per_instance.csv,2,random_3sat_control_v220_c942_seed3304,perm_seed1730,random_3sat_control_v220_c942_seed3304_perm1730,random_3sat_control,non_symmetric_control,large,control,none,220,942,10.0,5.0,/home/sunshixin/chenchao/my_rlaf/runs/GNN_Glucose_3SAT_EchoSAT_SymmetryGRPO_v1_7_WC1_PositiveCap/iter=115.pt,0.656152,0.656152,34825.0,30052.0,True,0.618341,0.618341,33221.0,28818.0,True,0.467047,0.7548227549285889,26445.0,23804.0,True,0.467047,0.761346259321332,26445.0,23804.0,True,0.654051,1.044654675977826,42055.0,37683.0,True,False,False,0.005014,3.0,26.0,423.32037353515625,220,1.0986123085021973,True,0.0963044166564941,0.18700400000000006,0.28330841665649387,-0.0021009999999999085,0.38850267597782595,15610.0,13879.0,-0.03781099999999993,-0.15129400000000004,False,True,False
3,/home/sunshixin/chenchao/my_rlaf/runs/analysis/echosat_symmetry_grpo_v1_7_acceptance_iter=115_canonical_low_warmup_wc3_per_instance.csv,2,random_3sat_control_v220_c942_seed3304,perm_seed1731,random_3sat_control_v220_c942_seed3304_perm1731,random_3sat_control,non_symmetric_control,large,control,none,220,942,10.0,5.0,/home/sunshixin/chenchao/my_rlaf/runs/GNN_Glucose_3SAT_EchoSAT_SymmetryGRPO_v1_7_WC1_PositiveCap/iter=115.pt,0.719886,0.719886,38737.0,33758.0,True,0.946159,0.946159,38909.0,33544.0,True,0.423241,0.7110167549285888,26149.0,23448.0,True,0.423241,0.71606731831038,26149.0,23448.0,True,0.635234,1.024364734966874,39837.0,35656.0,True,False,False,0.003683,3.0,26.0,418.775390625,220,1.0986123085021973,True,0.0963044166564941,0.211993,0.3082974166564941,-0.08465200000000006,0.30447873496687405,13688.0,12208.0,0.22627299999999995,-0.522918,False,True,False
3,/home/sunshixin/chenchao/my_rlaf/runs/analysis/echosat_symmetry_grpo_v1_7_acceptance_iter=115_canonical_low_warmup_wc3_per_instance.csv,2,random_3sat_control_v260_c1097_seed3305,base,random_3sat_control_v260_c1097_seed3305,random_3sat_control,non_symmetric_control,large,control,none,260,1097,10.0,5.0,/home/sunshixin/chenchao/my_rlaf/runs/GNN_Glucose_3SAT_EchoSAT_SymmetryGRPO_v1_7_WC1_PositiveCap/iter=115.pt,6.76833,6.76833,216854.0,188499.0,True,2.36037,2.36037,73626.0,64181.0,True,1.62042,1.9081957549285888,60642.0,54350.0,True,1.62042,1.913166519979477,60642.0,54350.0,True,0.453379,0.8424299366359711,26462.0,23255.0,True,False,False,0.003384,3.0,35.0,492.83697509765625,260,1.0986123085021973,True,0.0963044166564941,-1.167041,-1.0707365833435059,-6.314951,-5.925900063364029,-34180.0,-31095.0,-4.407959999999999,-0.7399500000000001,True,True,True
3,/home/sunshixin/chenchao/my_rlaf/runs/analysis/echosat_symmetry_grpo_v1_7_acceptance_iter=115_canonical_low_warmup_wc3_per_instance.csv,2,random_3sat_control_v260_c1097_seed3305,perm_seed1730,random_3sat_control_v260_c1097_seed3305_perm1730,random_3sat_control,non_symmetric_control,large,control,none,260,1097,10.0,5.0,/home/sunshixin/chenchao/my_rlaf/runs/GNN_Glucose_3SAT_EchoSAT_SymmetryGRPO_v1_7_WC1_PositiveCap/iter=115.pt,7.28667,7.28667,224505.0,195557.0,True,0.627196,0.627196,27246.0,23387.0,True,1.61732,1.905095754928589,60686.0,54724.0,True,1.61732,1.9134488691885472,60686.0,54724.0,True,0.624032,1.0164652858450414,33862.0,29743.0,True,False,False,0.006832,3.0,35.0,494.8829650878906,260,1.0986123085021973,True,0.0963044166564941,-0.9932880000000001,-0.8969835833435058,-6.662638,-6.270204714154959,-26824.0,-24981.0,-6.659474,0.9901240000000001,True,True,True
3,/home/sunshixin/chenchao/my_rlaf/runs/analysis/echosat_symmetry_grpo_v1_7_acceptance_iter=115_canonical_low_warmup_wc3_per_instance.csv,2,random_3sat_control_v260_c1097_seed3305,perm_seed1731,random_3sat_control_v260_c1097_seed3305_perm1731,random_3sat_control,non_symmetric_control,large,control,none,260,1097,10.0,5.0,/home/sunshixin/chenchao/my_rlaf/runs/GNN_Glucose_3SAT_EchoSAT_SymmetryGRPO_v1_7_WC1_PositiveCap/iter=115.pt,3.85988,3.85988,105916.0,92052.0,True,5.45885,5.45885,162997.0,142194.0,True,1.10281,1.390585754928589,48534.0,43247.0,True,1.10281,1.3989219615385533,48534.0,43247.0,True,0.855016,1.2474323781950474,44541.0,39321.0,True,False,False,0.006826,3.0,35.0,493.7220764160156,260,1.0986123085021973,True,0.0963044166564941,-0.24779400000000007,-0.15148958334350593,-3.004864,-2.612447621804953,-3993.0,-3926.0,1.59897,-4.35604,True,True,True
3,/home/sunshixin/chenchao/my_rlaf/runs/analysis/echosat_symmetry_grpo_v1_7_acceptance_iter=115_canonical_low_warmup_wc3_per_instance.csv,2,random_3sat_control_v260_c1113_seed3306,base,random_3sat_control_v260_c1113_seed3306,random_3sat_control,non_symmetric_control,large,control,none,260,1113,10.0,5.0,/home/sunshixin/chenchao/my_rlaf/runs/GNN_Glucose_3SAT_EchoSAT_SymmetryGRPO_v1_7_WC1_PositiveCap/iter=115.pt,5.5045,5.5045,178146.0,155541.0,True,5.98599,5.98599,186876.0,163308.0,True,6.33629,6.624065754928589,226200.0,205404.0,True,6.33629,6.629322978562117,226200.0,205404.0,True,6.55132,6.940657395218611,264353.0,233153.0,True,False,False,0.00356,3.0,34.0,480.0674743652344,260,0.6931471824645996,True,0.0963044166564941,0.2150299999999996,0.31133441665649375,1.0468199999999994,1.4361573952186104,38153.0,27749.0,0.48149,0.35029999999999983,False,False,False
3,/home/sunshixin/chenchao/my_rlaf/runs/analysis/echosat_symmetry_grpo_v1_7_acceptance_iter=115_canonical_low_warmup_wc3_per_instance.csv,2,random_3sat_control_v260_c1113_seed3306,perm_seed1730,random_3sat_control_v260_c1113_seed3306_perm1730,random_3sat_control,non_symmetric_control,large,control,none,260,1113,10.0,5.0,/home/sunshixin/chenchao/my_rlaf/runs/GNN_Glucose_3SAT_EchoSAT_SymmetryGRPO_v1_7_WC1_PositiveCap/iter=115.pt,4.8631,4.8631,171334.0,149746.0,True,6.72139,6.72139,206936.0,180741.0,True,5.84197,6.129745754928589,206101.0,186162.0,True,5.84197,6.137940303567946,206101.0,186162.0,True,6.33081,6.72308472022444,256383.0,226098.0,True,False,False,0.006745,3.0,34.0,478.7396240234375,260,0.6931471824645996,True,0.0963044166564941,0.4888399999999997,0.5851444166564939,1.4677099999999994,1.85998472022444,50282.0,39936.0,1.8582900000000002,-0.8794200000000005,False,False,False
3,/home/sunshixin/chenchao/my_rlaf/runs/analysis/echosat_symmetry_grpo_v1_7_acceptance_iter=115_canonical_low_warmup_wc3_per_instance.csv,2,random_3sat_control_v260_c1113_seed3306,perm_seed1731,random_3sat_control_v260_c1113_seed3306_perm1731,random_3sat_control,non_symmetric_control,large,control,none,260,1113,10.0,5.0,/home/sunshixin/chenchao/my_rlaf/runs/GNN_Glucose_3SAT_EchoSAT_SymmetryGRPO_v1_7_WC1_PositiveCap/iter=115.pt,6.40214,6.40214,202621.0,177648.0,True,6.80295,6.80295,214985.0,187707.0,True,6.20878,6.384960362701416,217745.0,196903.0,True,6.20878,6.389981235562861,217745.0,196903.0,True,6.05326,6.30262463049084,254755.0,224313.0,True,False,False,0.003555,3.0,34.0,481.5274658203125,260,0.6931471824645996,True,0.0681633949279785,-0.1555200000000001,-0.08735660507202159,-0.3488800000000003,-0.0995153695091604,37010.0,27410.0,0.4008099999999999,-0.5941700000000001,True,True,True
3,/home/sunshixin/chenchao/my_rlaf/runs/analysis/echosat_symmetry_grpo_v1_7_acceptance_iter=115_canonical_low_warmup_wc3_per_instance.csv,2,random_3sat_control_v300_c1266_seed3307,base,random_3sat_control_v300_c1266_seed3307,random_3sat_control,non_symmetric_control,large,control,none,300,1266,10.0,5.0,/home/sunshixin/chenchao/my_rlaf/runs/GNN_Glucose_3SAT_EchoSAT_SymmetryGRPO_v1_7_WC1_PositiveCap/iter=115.pt,0.217118,0.217118,12894.0,10895.0,True,2.49424,2.49424,71356.0,61376.0,True,0.009452,0.185632362701416,288.0,182.0,True,0.009452,0.1905669069775938,288.0,182.0,True,0.044221,0.2934993019055724,3076.0,2489.0,True,False,False,0.003263,3.0,48.0,628.0397338867188,300,1.0986123085021973,True,0.0681633949279785,0.034769,0.1029323949279786,-0.172897,0.07638130190557238,2788.0,2307.0,2.277122,-2.484788,False,True,False
3,/home/sunshixin/chenchao/my_rlaf/runs/analysis/echosat_symmetry_grpo_v1_7_acceptance_iter=115_canonical_low_warmup_wc3_per_instance.csv,2,random_3sat_control_v300_c1266_seed3307,perm_seed1730,random_3sat_control_v300_c1266_seed3307_perm1730,random_3sat_control,non_symmetric_control,large,control,none,300,1266,10.0,5.0,/home/sunshixin/chenchao/my_rlaf/runs/GNN_Glucose_3SAT_EchoSAT_SymmetryGRPO_v1_7_WC1_PositiveCap/iter=115.pt,1.27906,1.27906,43103.0,37339.0,True,2.164,2.164,63498.0,54506.0,True,0.006973,0.183153362701416,321.0,205.0,True,0.006973,0.191913081913948,321.0,205.0,True,0.038549,0.2916524768419266,2712.0,2153.0,True,False,False,0.007108,3.0,48.0,619.230712890625,300,1.0986123085021973,True,0.0681633949279785,0.031576,0.09973939492797856,-1.2405110000000001,-0.9874075231580735,2391.0,1948.0,0.8849400000000001,-2.1570270000000002,False,True,True
3,/home/sunshixin/chenchao/my_rlaf/runs/analysis/echosat_symmetry_grpo_v1_7_acceptance_iter=115_canonical_low_warmup_wc3_per_instance.csv,2,random_3sat_control_v300_c1266_seed3307,perm_seed1731,random_3sat_control_v300_c1266_seed3307_perm1731,random_3sat_control,non_symmetric_control,large,control,none,300,1266,10.0,5.0,/home/sunshixin/chenchao/my_rlaf/runs/GNN_Glucose_3SAT_EchoSAT_SymmetryGRPO_v1_7_WC1_PositiveCap/iter=115.pt,2.08532,2.08532,66962.0,57424.0,True,0.116202,0.116202,7524.0,6304.0,True,0.009543,0.185723362701416,375.0,247.0,True,0.009543,0.194530276289463,375.0,247.0,True,0.036417,0.2895676712174415,2340.0,1888.0,True,False,False,0.00716,3.0,48.0,626.5236206054688,300,1.0986123085021973,True,0.0681633949279785,0.026874,0.09503739492797847,-2.0489029999999997,-1.7957523287825583,1965.0,1641.0,-1.969118,-0.106659,False,True,True
3,/home/sunshixin/chenchao/my_rlaf/runs/analysis/echosat_symmetry_grpo_v1_7_acceptance_iter=115_canonical_low_warmup_wc3_per_instance.csv,2,subset_cardinality_bw10,base,subset_cardinality_bw10,subset_cardinality,weak_symmetry,large,main,weak,41,92,10.0,5.0,/home/sunshixin/chenchao/my_rlaf/runs/GNN_Glucose_3SAT_EchoSAT_SymmetryGRPO_v1_7_WC1_PositiveCap/iter=115.pt,0.001552,0.001552,193.0,141.0,True,0.004498,0.004498,237.0,193.0,True,0.001706,0.177886362701416,162.0,142.0,True,0.001706,0.1809462754044533,162.0,142.0,True,0.000622,0.2480256703324318,188.0,155.0,True,True,True,0.001835,3.0,8.0,94.86821746826172,41,1.0986123085021973,True,0.0681633949279785,-0.001084,0.06707939492797851,-0.0009299999999999999,0.2464736703324318,26.0,13.0,0.0029460000000000003,-0.002792,True,True,False
3,/home/sunshixin/chenchao/my_rlaf/runs/analysis/echosat_symmetry_grpo_v1_7_acceptance_iter=115_canonical_low_warmup_wc3_per_instance.csv,2,subset_cardinality_bw10,perm_seed1730,subset_cardinality_bw10_perm1730,subset_cardinality,weak_symmetry,large,main,weak,41,92,10.0,5.0,/home/sunshixin/chenchao/my_rlaf/runs/GNN_Glucose_3SAT_EchoSAT_SymmetryGRPO_v1_7_WC1_PositiveCap/iter=115.pt,0.001265,0.001265,218.0,167.0,True,0.002026,0.002026,221.0,169.0,True,0.001672,0.177852362701416,156.0,137.0,True,0.001672,0.1792252038882374,156.0,137.0,True,0.000436,0.2461525988162159,176.0,144.0,True,True,True,0.0,3.0,10.0,98.69181823730467,41,1.0986123085021973,True,0.0681633949279785,-0.0012360000000000001,0.0669273949279785,-0.0008290000000000001,0.2448875988162159,20.0,7.0,0.000761,-0.00035399999999999993,True,True,False
3,/home/sunshixin/chenchao/my_rlaf/runs/analysis/echosat_symmetry_grpo_v1_7_acceptance_iter=115_canonical_low_warmup_wc3_per_instance.csv,2,subset_cardinality_bw10,perm_seed1731,subset_cardinality_bw10_perm1731,subset_cardinality,weak_symmetry,large,main,weak,41,92,10.0,5.0,/home/sunshixin/chenchao/my_rlaf/runs/GNN_Glucose_3SAT_EchoSAT_SymmetryGRPO_v1_7_WC1_PositiveCap/iter=115.pt,0.001433,0.001433,202.0,147.0,True,0.00276,0.00276,247.0,155.0,True,0.001999,0.178179362701416,203.0,164.0,True,0.001999,0.1820619978963136,203.0,164.0,True,0.001876,0.2501023928242922,196.0,141.0,True,True,True,0.001829,3.0,7.0,87.48927307128906,41,1.0986123085021973,True,0.0681633949279785,-0.00012299999999999985,0.06804039492797859,0.00044300000000000003,0.2486693928242922,-7.0,-23.0,0.0013269999999999998,-0.000761,True,False,False
3,/home/sunshixin/chenchao/my_rlaf/runs/analysis/echosat_symmetry_grpo_v1_7_acceptance_iter=115_canonical_low_warmup_wc3_per_instance.csv,2,subset_cardinality_bw12,base,subset_cardinality_bw12,subset_cardinality,weak_symmetry,large,main,weak,49,108,10.0,5.0,/home/sunshixin/chenchao/my_rlaf/runs/GNN_Glucose_3SAT_EchoSAT_SymmetryGRPO_v1_7_WC1_PositiveCap/iter=115.pt,0.001834,0.001834,442.0,342.0,True,0.000414,0.000414,491.0,414.0,True,0.003034,0.179214362701416,384.0,312.0,True,0.003034,0.1817406818429231,384.0,312.0,True,0.000544,0.2474140767709016,421.0,308.0,True,True,True,0.000517,3.0,12.0,104.73371887207033,49,0.6931471824645996,True,0.0681633949279785,-0.00249,0.0656733949279785,-0.00129,0.2455800767709016,37.0,-4.0,-0.0014199999999999998,0.00262,True,True,False
3,/home/sunshixin/chenchao/my_rlaf/runs/analysis/echosat_symmetry_grpo_v1_7_acceptance_iter=115_canonical_low_warmup_wc3_per_instance.csv,2,subset_cardinality_bw12,perm_seed1730,subset_cardinality_bw12_perm1730,subset_cardinality,weak_symmetry,large,main,weak,49,108,10.0,5.0,/home/sunshixin/chenchao/my_rlaf/runs/GNN_Glucose_3SAT_EchoSAT_SymmetryGRPO_v1_7_WC1_PositiveCap/iter=115.pt,0.0,0.0,440.0,329.0,True,0.002164,0.002164,397.0,314.0,True,0.002966,0.1525684131774902,343.0,268.0,True,0.002966,0.1550207664344906,343.0,268.0,True,0.002189,0.1847332111671566,385.0,317.0,True,True,True,0.001436,3.0,9.0,101.82083892822266,49,1.0986123085021973,True,0.030489444732666,-0.0007769999999999999,0.029712444732666016,0.002189,0.1847332111671566,42.0,49.0,0.002164,0.0008019999999999998,True,False,False
3,/home/sunshixin/chenchao/my_rlaf/runs/analysis/echosat_symmetry_grpo_v1_7_acceptance_iter=115_canonical_low_warmup_wc3_per_instance.csv,2,subset_cardinality_bw12,perm_seed1731,subset_cardinality_bw12_perm1731,subset_cardinality,weak_symmetry,large,main,weak,49,108,10.0,5.0,/home/sunshixin/chenchao/my_rlaf/runs/GNN_Glucose_3SAT_EchoSAT_SymmetryGRPO_v1_7_WC1_PositiveCap/iter=115.pt,0.001722,0.001722,393.0,297.0,True,0.002027,0.002027,439.0,311.0,True,0.002597,0.1521994131774902,363.0,285.0,True,0.002597,0.1555072885105013,363.0,285.0,True,0.002247,0.1856467332431674,348.0,296.0,True,True,True,0.002343,3.0,11.0,104.3914794921875,49,1.0986123085021973,True,0.030489444732666,-0.00035000000000000005,0.03013944473266611,0.0005249999999999999,0.1839247332431674,-15.0,11.0,0.00030500000000000015,0.0005699999999999998,True,False,False
3,/home/sunshixin/chenchao/my_rlaf/runs/analysis/echosat_symmetry_grpo_v1_7_acceptance_iter=115_canonical_low_warmup_wc3_per_instance.csv,2,subset_cardinality_bw8,base,subset_cardinality_bw8,subset_cardinality,weak_symmetry,medium,main,weak,33,76,10.0,5.0,/home/sunshixin/chenchao/my_rlaf/runs/GNN_Glucose_3SAT_EchoSAT_SymmetryGRPO_v1_7_WC1_PositiveCap/iter=115.pt,0.000889,0.000889,89.0,67.0,True,0.001151,0.001151,106.0,76.0,True,0.001666,0.1512684131774902,84.0,69.0,True,0.001666,0.1537244196137785,84.0,69.0,True,0.001518,0.1840658643464446,94.0,76.0,True,True,True,0.001519,3.0,13.0,75.20963287353516,33,1.0986123085021973,True,0.030489444732666,-0.0001479999999999999,0.03034144473266609,0.000629,0.1831768643464446,10.0,7.0,0.00026199999999999986,0.000515,True,False,False
3,/home/sunshixin/chenchao/my_rlaf/runs/analysis/echosat_symmetry_grpo_v1_7_acceptance_iter=115_canonical_low_warmup_wc3_per_instance.csv,2,subset_cardinality_bw8,perm_seed1730,subset_cardinality_bw8_perm1730,subset_cardinality,weak_symmetry,medium,main,weak,33,76,10.0,5.0,/home/sunshixin/chenchao/my_rlaf/runs/GNN_Glucose_3SAT_EchoSAT_SymmetryGRPO_v1_7_WC1_PositiveCap/iter=115.pt,0.000388,0.000388,110.0,76.0,True,0.000274,0.000274,127.0,80.0,True,0.001332,0.1509344131774902,100.0,79.0,True,0.001332,0.154058060129702,100.0,79.0,True,0.001496,0.1847115048623681,119.0,76.0,True,True,True,0.002125,3.0,15.0,80.51530456542969,33,1.0986123085021973,True,0.030489444732666,0.00016399999999999987,0.030653444732666096,0.001108,0.1843235048623681,19.0,-3.0,-0.000114,0.0010580000000000001,False,False,False
3,/home/sunshixin/chenchao/my_rlaf/runs/analysis/echosat_symmetry_grpo_v1_7_acceptance_iter=115_canonical_low_warmup_wc3_per_instance.csv,2,subset_cardinality_bw8,perm_seed1731,subset_cardinality_bw8_perm1731,subset_cardinality,weak_symmetry,medium,main,weak,33,76,10.0,5.0,/home/sunshixin/chenchao/my_rlaf/runs/GNN_Glucose_3SAT_EchoSAT_SymmetryGRPO_v1_7_WC1_PositiveCap/iter=115.pt,0.001029,0.001029,91.0,70.0,True,0.001197,0.001197,102.0,79.0,True,0.001328,0.1509304131774902,81.0,70.0,True,0.001328,0.1531720942216515,81.0,70.0,True,0.001305,0.1836385389543175,91.0,76.0,True,True,True,0.001016,3.0,12.0,79.57261657714844,33,1.0986123085021973,True,0.030489444732666,-2.3000000000000017e-05,0.030466444732665993,0.000276,0.1826095389543175,10.0,6.0,0.00016799999999999996,0.00013100000000000004,True,False,False
