warmup_conflicts,checkpoint_order,source_csv,repeat_id,base_instance_id,variant,instance_id,family,control_type,scale,benchmark_role,symmetry_strength,num_vars,num_clauses,final_cpu_lim,warmup_cpu_lim,checkpoint,plain_unguided_glucose_final_cpu_time,plain_unguided_glucose_protocol_accounted_time,plain_unguided_glucose_final_decisions,plain_unguided_glucose_final_conflicts,plain_unguided_glucose_final_solved,neutral_weighted_glucose_final_cpu_time,neutral_weighted_glucose_protocol_accounted_time,neutral_weighted_glucose_final_decisions,neutral_weighted_glucose_final_conflicts,neutral_weighted_glucose_final_solved,static_weighted_glucose_final_cpu_time,static_weighted_glucose_protocol_accounted_time,static_weighted_glucose_final_decisions,static_weighted_glucose_final_conflicts,static_weighted_glucose_final_solved,cached_trace_no_adapter_final_final_cpu_time,cached_trace_no_adapter_final_protocol_accounted_time,cached_trace_no_adapter_final_final_decisions,cached_trace_no_adapter_final_final_conflicts,cached_trace_no_adapter_final_final_solved,event_adapter_final_final_cpu_time,event_adapter_final_protocol_accounted_time,event_adapter_final_final_decisions,event_adapter_final_final_conflicts,event_adapter_final_final_solved,known_expected_result,event_adapter_final_known_expected_match,warmup_cpu_time,warmup_conflict_count,warmup_decisions,event_state_l2_sum,event_state_nonzero_vars,event_adapter_graph_gate_evidence,event_adapter_graph_gate_open,adapter_inference_wall_time,adapter_cached_final_cpu_delta,adapter_cached_protocol_delta,adapter_plain_final_cpu_delta,adapter_plain_protocol_delta,adapter_cached_decisions_delta,adapter_cached_conflicts_delta,neutral_plain_final_cpu_delta,static_neutral_final_cpu_delta,adapter_cached_final_cpu_improved,adapter_plain_final_cpu_improved,adapter_plain_protocol_improved,search_ok,search_blowup,random_control
1,50.0,/home/sunshixin/chenchao/my_rlaf/runs/analysis/echosat_symmetry_grpo_v1_7_acceptance_iter=50_canonical_low_warmup_wc1_per_instance.csv,0,k10_color9,base,k10_color9,complete_coloring,strong_symmetry,large,main,strong,90,775,10.0,5.0,iter=50,4.32823,4.32823,340861.0,314066.0,True,4.1475,4.1475,322229.0,299168.0,True,4.50031,4.667842444000244,321840.0,298649.0,True,4.50031,4.682708847287893,321840.0,298649.0,True,3.41425,3.609632884687185,275905.0,254385.0,True,True,True,0.0126,1.0,8.0,136.93209838867188,90,0.6931471824645996,True,0.0129840373992919,-1.0860599999999998,-1.0730759626007085,-0.9139799999999996,-0.7185971153128148,-45935.0,-44264.0,-0.1807299999999996,0.3528099999999998,True,True,True,True,False,False
1,50.0,/home/sunshixin/chenchao/my_rlaf/runs/analysis/echosat_symmetry_grpo_v1_7_acceptance_iter=50_canonical_low_warmup_wc1_per_instance.csv,0,k10_color9,perm_seed1730,k10_color9_perm1730,complete_coloring,strong_symmetry,large,main,strong,90,775,10.0,5.0,iter=50,5.0366,5.0366,413643.0,382655.0,True,4.2341,4.2341,283792.0,262594.0,True,4.71538,4.882912444000244,247778.0,229737.0,True,4.71538,4.893954630808532,247778.0,229737.0,True,3.71427,3.905828668207824,250180.0,231632.0,True,True,True,0.010145,1.0,8.0,136.98228454589844,90,0.6931471824645996,True,0.0129840373992919,-1.0011099999999995,-0.9881259626007086,-1.32233,-1.130771331792176,2402.0,1895.0,-0.8025000000000002,0.4812799999999999,True,True,True,False,True,False
1,50.0,/home/sunshixin/chenchao/my_rlaf/runs/analysis/echosat_symmetry_grpo_v1_7_acceptance_iter=50_canonical_low_warmup_wc1_per_instance.csv,0,k10_color9,perm_seed1731,k10_color9_perm1731,complete_coloring,strong_symmetry,large,main,strong,90,775,10.0,5.0,iter=50,4.11724,4.11724,340033.0,312592.0,True,4.29384,4.29384,290369.0,269757.0,True,4.15952,4.327052444000244,290369.0,269757.0,True,4.15952,4.3394285458689925,290369.0,269757.0,True,4.45972,4.652612583268285,323520.0,300987.0,True,True,True,0.011565,1.0,8.0,137.00555419921875,90,0.6931471824645996,True,0.0129840373992919,0.3002000000000002,0.3131840373992922,0.3424800000000001,0.535372583268285,33151.0,31230.0,0.1766000000000005,-0.1343200000000006,False,False,False,False,True,False
1,50.0,/home/sunshixin/chenchao/my_rlaf/runs/analysis/echosat_symmetry_grpo_v1_7_acceptance_iter=50_canonical_low_warmup_wc1_per_instance.csv,0,k8_color7,base,k8_color7,complete_coloring,strong_symmetry,large,main,strong,56,372,10.0,5.0,iter=50,0.050525,0.050525,6158.0,5600.0,True,0.043297,0.043297,5946.0,5440.0,True,0.049896,0.2174284440002441,5946.0,5440.0,True,0.049896,0.2253643979377746,5946.0,5440.0,True,0.042294,0.2307464353370666,6149.0,5633.0,True,True,True,0.007136,1.0,6.0,84.73548889160156,56,0.6931471824645996,True,0.0129840373992919,-0.007602,0.0053820373992919,-0.008231,0.1802214353370665,203.0,193.0,-0.0072279999999999,0.006599,True,True,False,False,True,False
1,50.0,/home/sunshixin/chenchao/my_rlaf/runs/analysis/echosat_symmetry_grpo_v1_7_acceptance_iter=50_canonical_low_warmup_wc1_per_instance.csv,0,k8_color7,perm_seed1730,k8_color7_perm1730,complete_coloring,strong_symmetry,large,main,strong,56,372,10.0,5.0,iter=50,0.044055,0.044055,6138.0,5624.0,True,0.041471,0.041471,6264.0,5696.0,True,0.051428,0.2189604440002441,6264.0,5696.0,True,0.051428,0.2271522551648616,6264.0,5696.0,True,0.041063,0.2297712925641536,5889.0,5353.0,True,True,True,0.00749,1.0,6.0,84.79159545898438,56,0.6931471824645996,True,0.0129840373992919,-0.010365,0.002619037399292,-0.0029919999999999,0.1857162925641536,-375.0,-343.0,-0.0025839999999999,0.009957,True,True,False,True,False,False
1,50.0,/home/sunshixin/chenchao/my_rlaf/runs/analysis/echosat_symmetry_grpo_v1_7_acceptance_iter=50_canonical_low_warmup_wc1_per_instance.csv,0,k8_color7,perm_seed1731,k8_color7_perm1731,complete_coloring,strong_symmetry,large,main,strong,56,372,10.0,5.0,iter=50,0.04447,0.04447,5800.0,5271.0,True,0.056237,0.056237,6148.0,5641.0,True,0.061767,0.2292994440002441,6148.0,5641.0,True,0.061767,0.2374135100283027,6148.0,5641.0,True,0.041094,0.2297245474275946,6230.0,5694.0,True,True,True,0.007301,1.0,6.0,84.7841796875,56,0.6931471824645996,True,0.0129840373992919,-0.020673,-0.007688962600708,-0.003376,0.1852545474275946,82.0,53.0,0.011767,0.00553,True,True,False,False,True,False
1,50.0,/home/sunshixin/chenchao/my_rlaf/runs/analysis/echosat_symmetry_grpo_v1_7_acceptance_iter=50_canonical_low_warmup_wc1_per_instance.csv,0,k9_color8,base,k9_color8,complete_coloring,strong_symmetry,large,main,strong,72,549,10.0,5.0,iter=50,0.712872,0.712872,46557.0,43529.0,True,0.634641,0.634641,44352.0,41138.0,True,0.777309,0.9448414440002442,43519.0,40436.0,True,0.777309,0.9559598945122362,43519.0,40436.0,True,0.500026,0.6916609319115281,38337.0,35916.0,True,True,True,0.010325,1.0,7.0,109.32144165039062,72,0.6931471824645996,True,0.0129840373992919,-0.277283,-0.264298962600708,-0.2128459999999999,-0.0212110680884718,-5182.0,-4520.0,-0.0782309999999999,0.142668,True,True,True,True,False,False
1,50.0,/home/sunshixin/chenchao/my_rlaf/runs/analysis/echosat_symmetry_grpo_v1_7_acceptance_iter=50_canonical_low_warmup_wc1_per_instance.csv,0,k9_color8,perm_seed1730,k9_color8_perm1730,complete_coloring,strong_symmetry,large,main,strong,72,549,10.0,5.0,iter=50,0.451538,0.451538,39708.0,36681.0,True,0.664488,0.664488,45794.0,42555.0,True,0.84822,1.015752444000244,45794.0,42555.0,True,0.84822,1.017058092762113,45794.0,42555.0,True,0.398422,0.5802441301614046,39478.0,36526.0,True,True,True,0.000528,1.0,7.0,109.58531951904295,72,0.6931471824645996,True,0.0129840373992919,-0.449798,-0.4368139626007082,-0.053116,0.1287061301614046,-6316.0,-6029.0,0.2129499999999999,0.183732,True,True,False,True,False,False
1,50.0,/home/sunshixin/chenchao/my_rlaf/runs/analysis/echosat_symmetry_grpo_v1_7_acceptance_iter=50_canonical_low_warmup_wc1_per_instance.csv,0,k9_color8,perm_seed1731,k9_color8_perm1731,complete_coloring,strong_symmetry,large,main,strong,72,549,10.0,5.0,iter=50,0.778097,0.778097,47177.0,43763.0,True,0.676853,0.676853,47579.0,44103.0,True,0.682022,0.8529905325622559,47579.0,44103.0,True,0.682022,0.8563062005869746,47579.0,44103.0,True,0.443409,0.6248531489359737,39067.0,36227.0,True,True,True,0.002485,1.0,7.0,109.56788635253906,72,0.6931471824645996,True,0.007159948348999,-0.238613,-0.2314530516510009,-0.334688,-0.1532438510640263,-8512.0,-7876.0,-0.101244,0.0051689999999999,True,True,True,True,False,False
1,50.0,/home/sunshixin/chenchao/my_rlaf/runs/analysis/echosat_symmetry_grpo_v1_7_acceptance_iter=50_canonical_low_warmup_wc1_per_instance.csv,0,php_p10_h9,base,php_p10_h9,php,strong_symmetry,large,main,strong,90,775,10.0,5.0,iter=50,4.40607,4.40607,340861.0,314066.0,True,4.14565,4.14565,322229.0,299168.0,True,4.19449,4.365458532562256,321840.0,298649.0,True,4.19449,4.3755649635870455,321840.0,298649.0,True,3.42353,3.611764911936045,275905.0,254385.0,True,True,True,0.009212,1.0,8.0,136.93209838867188,90,0.6931471824645996,True,0.007159948348999,-0.7709600000000001,-0.7638000516510006,-0.9825399999999996,-0.7943050880639548,-45935.0,-44264.0,-0.2604199999999999,0.0488400000000002,True,True,True,True,False,False
1,50.0,/home/sunshixin/chenchao/my_rlaf/runs/analysis/echosat_symmetry_grpo_v1_7_acceptance_iter=50_canonical_low_warmup_wc1_per_instance.csv,0,php_p10_h9,perm_seed1730,php_p10_h9_perm1730,php,strong_symmetry,large,main,strong,90,775,10.0,5.0,iter=50,5.01152,5.01152,413643.0,382655.0,True,4.2248,4.2248,283792.0,262594.0,True,4.27701,4.447978532562256,247778.0,229737.0,True,4.27701,4.455002373836994,247778.0,229737.0,True,3.5096,3.694752322185993,250180.0,231632.0,True,True,True,0.006251,1.0,8.0,136.98228454589844,90,0.6931471824645996,True,0.007159948348999,-0.7674099999999999,-0.7602500516510009,-1.50192,-1.3167676778140072,2402.0,1895.0,-0.7867199999999999,0.0522099999999996,True,True,True,False,True,False
1,50.0,/home/sunshixin/chenchao/my_rlaf/runs/analysis/echosat_symmetry_grpo_v1_7_acceptance_iter=50_canonical_low_warmup_wc1_per_instance.csv,0,php_p10_h9,perm_seed1731,php_p10_h9_perm1731,php,strong_symmetry,large,main,strong,90,775,10.0,5.0,iter=50,4.76068,4.76068,340033.0,312592.0,True,3.94224,3.94224,290369.0,269757.0,True,4.2175,4.388468532562256,290369.0,269757.0,True,4.2175,4.395516269769312,290369.0,269757.0,True,4.08702,4.27219621811831,323520.0,300987.0,True,True,True,0.006274,1.0,8.0,137.00555419921875,90,0.6931471824645996,True,0.007159948348999,-0.1304800000000003,-0.1233200516510022,-0.6736599999999999,-0.4884837818816896,33151.0,31230.0,-0.8184399999999998,0.2752600000000003,True,True,True,False,True,False
1,50.0,/home/sunshixin/chenchao/my_rlaf/runs/analysis/echosat_symmetry_grpo_v1_7_acceptance_iter=50_canonical_low_warmup_wc1_per_instance.csv,0,php_p9_h8,base,php_p9_h8,php,strong_symmetry,large,main,strong,72,549,10.0,5.0,iter=50,0.688356,0.688356,46557.0,43529.0,True,0.642004,0.642004,44352.0,41138.0,True,0.596283,0.7672515325622559,43519.0,40436.0,True,0.596283,0.7719885955494642,43519.0,40436.0,True,0.511971,0.6948365438984632,38337.0,35916.0,True,True,True,0.003987,1.0,7.0,109.32144165039062,72,0.6931471824645996,True,0.007159948348999,-0.084312,-0.077152051651001,-0.176385,0.0064805438984631,-5182.0,-4520.0,-0.0463519999999999,-0.045721,True,True,False,True,False,False
1,50.0,/home/sunshixin/chenchao/my_rlaf/runs/analysis/echosat_symmetry_grpo_v1_7_acceptance_iter=50_canonical_low_warmup_wc1_per_instance.csv,0,php_p9_h8,perm_seed1730,php_p9_h8_perm1730,php,strong_symmetry,large,main,strong,72,549,10.0,5.0,iter=50,0.486054,0.486054,39708.0,36681.0,True,0.655095,0.655095,45794.0,42555.0,True,0.655857,0.8268255325622559,45794.0,42555.0,True,0.655857,0.8315278913301826,45794.0,42555.0,True,0.403909,0.5867398396791816,39478.0,36526.0,True,True,True,0.003849,1.0,7.0,109.58531951904295,72,0.6931471824645996,True,0.007159948348999,-0.251948,-0.2447880516510009,-0.0821449999999999,0.1006858396791816,-6316.0,-6029.0,0.169041,0.000762,True,True,False,True,False,False
1,50.0,/home/sunshixin/chenchao/my_rlaf/runs/analysis/echosat_symmetry_grpo_v1_7_acceptance_iter=50_canonical_low_warmup_wc1_per_instance.csv,0,php_p9_h8,perm_seed1731,php_p9_h8_perm1731,php,strong_symmetry,large,main,strong,72,549,10.0,5.0,iter=50,0.613271,0.613271,47177.0,43763.0,True,0.674821,0.674821,47579.0,44103.0,True,0.820548,0.991516532562256,47579.0,44103.0,True,0.820548,0.9961115269938708,47579.0,44103.0,True,0.47631,0.6590334753428697,41102.0,37964.0,True,True,True,0.003828,1.0,7.0,109.56788635253906,72,0.6931471824645996,True,0.007159948348999,-0.344238,-0.3370780516510011,-0.136961,0.0457624753428697,-6477.0,-6139.0,0.0615499999999999,0.145727,True,True,False,True,False,False
1,50.0,/home/sunshixin/chenchao/my_rlaf/runs/analysis/echosat_symmetry_grpo_v1_7_acceptance_iter=50_canonical_low_warmup_wc1_per_instance.csv,0,random_3sat_control_v160_c704_seed2615,base,random_3sat_control_v160_c704_seed2615,random_3sat_control,non_symmetric_control,large,control,none,160,704,10.0,5.0,iter=50,0.062026,0.062026,6771.0,5767.0,True,0.05247,0.05247,5702.0,4813.0,True,0.052058,0.2230265325622558,4859.0,4212.0,True,0.052058,0.2239151996316313,4859.0,4212.0,True,0.049245,0.2282621479806303,5576.0,4777.0,True,False,False,0.0,1.0,20.0,250.25311279296875,160,0.6931471824645996,True,0.007159948348999,-0.002813,0.0043469483489989,-0.012781,0.1662361479806303,717.0,565.0,-0.0095559999999999,-0.000412,True,True,False,False,True,True
1,50.0,/home/sunshixin/chenchao/my_rlaf/runs/analysis/echosat_symmetry_grpo_v1_7_acceptance_iter=50_canonical_low_warmup_wc1_per_instance.csv,0,random_3sat_control_v160_c704_seed2615,perm_seed1730,random_3sat_control_v160_c704_seed2615_perm1730,random_3sat_control,non_symmetric_control,large,control,none,160,704,10.0,5.0,iter=50,0.093805,0.093805,8522.0,7299.0,True,0.08845,0.08845,7934.0,6809.0,True,0.045342,0.2210030870361328,4602.0,4008.0,True,0.045342,0.2254221515974998,4602.0,4008.0,True,0.04747,0.2309418943037987,5025.0,4323.0,True,False,False,0.003554,1.0,20.0,250.9976043701172,160,0.6931471824645996,True,0.0033917427062988,0.0021279999999999,0.0055197427062989,-0.046335,0.1371368943037987,423.0,315.0,-0.0053549999999999,-0.043108,False,True,False,False,True,True
1,50.0,/home/sunshixin/chenchao/my_rlaf/runs/analysis/echosat_symmetry_grpo_v1_7_acceptance_iter=50_canonical_low_warmup_wc1_per_instance.csv,0,random_3sat_control_v160_c704_seed2615,perm_seed1731,random_3sat_control_v160_c704_seed2615_perm1731,random_3sat_control,non_symmetric_control,large,control,none,160,704,10.0,5.0,iter=50,0.056329,0.056329,5676.0,4847.0,True,0.095381,0.095381,8017.0,6851.0,True,0.054406,0.2300670870361328,4961.0,4384.0,True,0.054406,0.2345455831381082,4961.0,4384.0,True,0.053825,0.237356325844407,5804.0,4967.0,True,False,False,0.003538,1.0,20.0,250.14382934570312,160,0.6931471824645996,True,0.0033917427062988,-0.000581,0.0028107427062988,-0.0025039999999999,0.181027325844407,843.0,583.0,0.0390519999999999,-0.0409749999999999,True,True,False,False,True,True
1,50.0,/home/sunshixin/chenchao/my_rlaf/runs/analysis/echosat_symmetry_grpo_v1_7_acceptance_iter=50_canonical_low_warmup_wc1_per_instance.csv,0,random_3sat_control_v180_c760_seed3301,base,random_3sat_control_v180_c760_seed3301,random_3sat_control,non_symmetric_control,large,control,none,180,760,10.0,5.0,iter=50,0.522829,0.522829,27442.0,23617.0,True,0.141951,0.141951,10470.0,8910.0,True,0.014556,0.1902170870361328,693.0,567.0,True,0.014556,0.1947256996415853,693.0,567.0,True,0.641107,0.8246684423478842,40918.0,36229.0,True,False,False,0.003587,1.0,25.0,290.802978515625,180,0.6931471824645996,True,0.0033917427062988,0.626551,0.6299427427062989,0.118278,0.3018394423478842,40225.0,35662.0,-0.380878,-0.1273949999999999,False,False,False,False,True,True
1,50.0,/home/sunshixin/chenchao/my_rlaf/runs/analysis/echosat_symmetry_grpo_v1_7_acceptance_iter=50_canonical_low_warmup_wc1_per_instance.csv,0,random_3sat_control_v180_c760_seed3301,perm_seed1730,random_3sat_control_v180_c760_seed3301_perm1730,random_3sat_control,non_symmetric_control,large,control,none,180,760,10.0,5.0,iter=50,1.10597,1.10597,47649.0,41152.0,True,0.088398,0.088398,7421.0,6253.0,True,0.015112,0.1907730870361328,643.0,525.0,True,0.015112,0.1952129843217134,643.0,525.0,True,0.555832,0.7393247270280123,31948.0,28037.0,True,False,False,0.003558,1.0,25.0,292.0396728515625,180,0.6931471824645996,True,0.0033917427062988,0.54072,0.5441117427062989,-0.5501379999999999,-0.3666452729719875,31305.0,27512.0,-1.017572,-0.073286,False,True,True,False,True,True
1,50.0,/home/sunshixin/chenchao/my_rlaf/runs/analysis/echosat_symmetry_grpo_v1_7_acceptance_iter=50_canonical_low_warmup_wc1_per_instance.csv,0,random_3sat_control_v180_c760_seed3301,perm_seed1731,random_3sat_control_v180_c760_seed3301_perm1731,random_3sat_control,non_symmetric_control,large,control,none,180,760,10.0,5.0,iter=50,0.586809,0.586809,27197.0,23469.0,True,0.122887,0.122887,9011.0,7714.0,True,0.01387,0.1895310870361328,590.0,484.0,True,0.01387,0.1908627431797385,590.0,484.0,True,0.651792,0.8321764858860374,41749.0,36909.0,True,False,False,0.000349,1.0,25.0,291.0475769042969,180,0.6931471824645996,True,0.0033917427062988,0.637922,0.6413137427062989,0.064983,0.2453674858860374,41159.0,36425.0,-0.463922,-0.109017,False,False,False,False,True,True
1,50.0,/home/sunshixin/chenchao/my_rlaf/runs/analysis/echosat_symmetry_grpo_v1_7_acceptance_iter=50_canonical_low_warmup_wc1_per_instance.csv,0,random_3sat_control_v220_c928_seed3303,base,random_3sat_control_v220_c928_seed3303,random_3sat_control,non_symmetric_control,large,control,none,220,928,10.0,5.0,iter=50,0.785575,0.785575,30277.0,25994.0,True,0.44366,0.44366,22265.0,19025.0,True,0.002878,0.1785390870361328,62.0,4.0,True,0.002878,0.1836935197809338,62.0,4.0,True,0.009954,0.1941612624872326,779.0,606.0,True,False,False,0.004187,1.0,28.0,332.48345947265625,220,0.6931471824645996,True,0.0033917427062988,0.0070759999999999,0.0104677427062988,-0.775621,-0.5914137375127675,717.0,602.0,-0.341915,-0.440782,False,True,True,False,True,True
1,50.0,/home/sunshixin/chenchao/my_rlaf/runs/analysis/echosat_symmetry_grpo_v1_7_acceptance_iter=50_canonical_low_warmup_wc1_per_instance.csv,0,random_3sat_control_v220_c928_seed3303,perm_seed1730,random_3sat_control_v220_c928_seed3303_perm1730,random_3sat_control,non_symmetric_control,large,control,none,220,928,10.0,5.0,iter=50,1.4352,1.4352,52742.0,45477.0,True,0.200788,0.200788,13039.0,11071.0,True,0.005599,0.1812600870361328,62.0,4.0,True,0.005599,0.1866003669046163,62.0,4.0,True,0.008678,0.1930711096109151,596.0,452.0,True,False,False,0.004269,1.0,28.0,330.46795654296875,220,0.6931471824645996,True,0.0033917427062988,0.003079,0.0064707427062987,-1.426522,-1.242128890389085,534.0,448.0,-1.234412,-0.195189,False,True,True,False,True,True
1,50.0,/home/sunshixin/chenchao/my_rlaf/runs/analysis/echosat_symmetry_grpo_v1_7_acceptance_iter=50_canonical_low_warmup_wc1_per_instance.csv,0,random_3sat_control_v220_c928_seed3303,perm_seed1731,random_3sat_control_v220_c928_seed3303_perm1731,random_3sat_control,non_symmetric_control,large,control,none,220,928,10.0,5.0,iter=50,0.061363,0.061363,4930.0,4147.0,True,0.361244,0.361244,19684.0,16814.0,True,0.005801,0.1814620870361328,63.0,4.0,True,0.005801,0.1865469015927314,63.0,4.0,True,0.011077,0.1952146442990303,849.0,670.0,True,False,False,0.004121,1.0,28.0,331.7943725585937,220,0.6931471824645996,True,0.0033917427062988,0.005276,0.0086677427062988,-0.050286,0.1338516442990303,786.0,666.0,0.299881,-0.355443,False,True,False,False,True,True
1,50.0,/home/sunshixin/chenchao/my_rlaf/runs/analysis/echosat_symmetry_grpo_v1_7_acceptance_iter=50_canonical_low_warmup_wc1_per_instance.csv,0,random_3sat_control_v220_c942_seed3304,base,random_3sat_control_v220_c942_seed3304,random_3sat_control,non_symmetric_control,large,control,none,220,942,10.0,5.0,iter=50,0.711877,0.711877,35472.0,30813.0,True,0.965342,0.965342,41376.0,36046.0,True,0.448127,0.6638998672027587,26754.0,23980.0,True,0.448127,0.6694116222188473,26754.0,23980.0,True,0.627135,0.8628112829091549,39651.0,35316.0,True,False,False,0.004509,1.0,24.0,322.4337158203125,220,0.6931471824645996,True,0.0143916606903076,0.179008,0.1933996606903075,-0.0847419999999999,0.1509342829091549,12897.0,11336.0,0.253465,-0.517215,False,True,False,False,True,True
1,50.0,/home/sunshixin/chenchao/my_rlaf/runs/analysis/echosat_symmetry_grpo_v1_7_acceptance_iter=50_canonical_low_warmup_wc1_per_instance.csv,0,random_3sat_control_v220_c942_seed3304,perm_seed1730,random_3sat_control_v220_c942_seed3304_perm1730,random_3sat_control,non_symmetric_control,large,control,none,220,942,10.0,5.0,iter=50,0.671527,0.671527,34825.0,30052.0,True,0.628861,0.628861,33221.0,28818.0,True,0.422356,0.6381288672027587,26445.0,23804.0,True,0.422356,0.6443418987414241,26445.0,23804.0,True,0.66892,0.9052975594317316,38918.0,34667.0,True,False,False,0.005404,1.0,24.0,324.02960205078125,220,0.6931471824645996,True,0.0143916606903076,0.2465639999999999,0.2609556606903075,-0.002607,0.2337705594317316,12473.0,10863.0,-0.0426659999999999,-0.206505,False,True,False,False,True,True
1,50.0,/home/sunshixin/chenchao/my_rlaf/runs/analysis/echosat_symmetry_grpo_v1_7_acceptance_iter=50_canonical_low_warmup_wc1_per_instance.csv,0,random_3sat_control_v220_c942_seed3304,perm_seed1731,random_3sat_control_v220_c942_seed3304_perm1731,random_3sat_control,non_symmetric_control,large,control,none,220,942,10.0,5.0,iter=50,0.841996,0.841996,38737.0,33758.0,True,0.86724,0.86724,38909.0,33544.0,True,0.495606,0.7113788672027588,26149.0,23448.0,True,0.495606,0.7126228127311468,26149.0,23448.0,True,0.769359,1.0007674734214544,38654.0,34629.0,True,False,False,0.000417,1.0,24.0,324.64569091796875,220,0.6931471824645996,True,0.0143916606903076,0.273753,0.2881446606903076,-0.0726369999999999,0.1587714734214544,12505.0,11181.0,0.025244,-0.371634,False,True,False,False,True,True
1,50.0,/home/sunshixin/chenchao/my_rlaf/runs/analysis/echosat_symmetry_grpo_v1_7_acceptance_iter=50_canonical_low_warmup_wc1_per_instance.csv,0,random_3sat_control_v260_c1097_seed3305,base,random_3sat_control_v260_c1097_seed3305,random_3sat_control,non_symmetric_control,large,control,none,260,1097,10.0,5.0,iter=50,7.24786,7.24786,216854.0,188499.0,True,2.35924,2.35924,73626.0,64181.0,True,1.61515,1.8309228672027589,60642.0,54350.0,True,1.61515,1.837301139922023,60642.0,54350.0,True,1.08994,1.3264828006123304,53780.0,47404.0,True,False,False,0.005298,1.0,35.0,390.6428833007813,260,0.6931471824645996,True,0.0143916606903076,-0.5252100000000002,-0.5108183393096926,-6.157920000000001,-5.92137719938767,-6862.0,-6946.0,-4.88862,-0.7440899999999997,True,True,True,True,False,True
1,50.0,/home/sunshixin/chenchao/my_rlaf/runs/analysis/echosat_symmetry_grpo_v1_7_acceptance_iter=50_canonical_low_warmup_wc1_per_instance.csv,0,random_3sat_control_v260_c1097_seed3305,perm_seed1730,random_3sat_control_v260_c1097_seed3305_perm1730,random_3sat_control,non_symmetric_control,large,control,none,260,1097,10.0,5.0,iter=50,7.39402,7.39402,224505.0,195557.0,True,0.610446,0.610446,27246.0,23387.0,True,1.4995,1.7152728672027588,60686.0,54724.0,True,1.4995,1.7218632442029118,60686.0,54724.0,True,1.63496,1.87171490489322,77655.0,69047.0,True,False,False,0.005483,1.0,35.0,390.0680847167969,260,0.6931471824645996,True,0.0143916606903076,0.1354599999999999,0.1498516606903077,-5.75906,-5.5223050951067805,16969.0,14323.0,-6.783574,0.889054,False,True,True,False,True,True
1,50.0,/home/sunshixin/chenchao/my_rlaf/runs/analysis/echosat_symmetry_grpo_v1_7_acceptance_iter=50_canonical_low_warmup_wc1_per_instance.csv,0,random_3sat_control_v260_c1097_seed3305,perm_seed1731,random_3sat_control_v260_c1097_seed3305_perm1731,random_3sat_control,non_symmetric_control,large,control,none,260,1097,10.0,5.0,iter=50,4.06514,4.06514,105916.0,92052.0,True,5.47482,5.47482,162997.0,142194.0,True,1.10922,1.3249928672027589,48534.0,43247.0,True,1.10922,1.3313298533903957,48534.0,43247.0,True,0.971866,1.2083675140807033,59080.0,52233.0,True,False,False,0.005399,1.0,35.0,389.6698913574219,260,0.6931471824645996,True,0.0143916606903076,-0.1373540000000001,-0.1229623393096923,-3.0932740000000005,-2.856772485919297,10546.0,8986.0,1.4096799999999998,-4.365600000000001,True,True,True,False,True,True
1,50.0,/home/sunshixin/chenchao/my_rlaf/runs/analysis/echosat_symmetry_grpo_v1_7_acceptance_iter=50_canonical_low_warmup_wc1_per_instance.csv,0,random_3sat_control_v260_c1113_seed3306,base,random_3sat_control_v260_c1113_seed3306,random_3sat_control,non_symmetric_control,large,control,none,260,1113,10.0,5.0,iter=50,5.77175,5.77175,178146.0,155541.0,True,6.00887,6.00887,186876.0,163308.0,True,7.5418,7.757572867202759,226200.0,205404.0,True,7.5418,7.763860603267014,226200.0,205404.0,True,6.15013,6.3865822639573215,271876.0,239281.0,True,False,False,0.005236,1.0,33.0,397.6284790039063,260,0.6931471824645996,True,0.0143916606903076,-1.3916700000000004,-1.3772783393096928,0.3783799999999999,0.6148322639573216,45676.0,33877.0,0.23712,1.5329300000000003,True,False,False,False,True,True
1,50.0,/home/sunshixin/chenchao/my_rlaf/runs/analysis/echosat_symmetry_grpo_v1_7_acceptance_iter=50_canonical_low_warmup_wc1_per_instance.csv,0,random_3sat_control_v260_c1113_seed3306,perm_seed1730,random_3sat_control_v260_c1113_seed3306_perm1730,random_3sat_control,non_symmetric_control,large,control,none,260,1113,10.0,5.0,iter=50,5.36695,5.36695,171334.0,149746.0,True,6.97598,6.97598,206936.0,180741.0,True,5.44087,5.656642867202759,206101.0,186162.0,True,5.44087,5.663204830357433,206101.0,186162.0,True,6.40109,6.63781649104774,263518.0,232369.0,True,False,False,0.00553,1.0,33.0,396.3316650390625,260,0.6931471824645996,True,0.0143916606903076,0.9602199999999996,0.9746116606903072,1.0341399999999998,1.27086649104774,57417.0,46207.0,1.6090299999999995,-1.5351099999999995,False,False,False,False,True,True
1,50.0,/home/sunshixin/chenchao/my_rlaf/runs/analysis/echosat_symmetry_grpo_v1_7_acceptance_iter=50_canonical_low_warmup_wc1_per_instance.csv,0,random_3sat_control_v260_c1113_seed3306,perm_seed1731,random_3sat_control_v260_c1113_seed3306_perm1731,random_3sat_control,non_symmetric_control,large,control,none,260,1113,10.0,5.0,iter=50,6.51043,6.51043,202621.0,177648.0,True,6.92224,6.92224,214985.0,187707.0,True,6.14743,6.322515783004761,217745.0,196903.0,True,6.14743,6.328409516174018,217745.0,196903.0,True,6.895,7.079012915755927,265073.0,234293.0,True,False,False,0.004947,1.0,33.0,397.0461730957031,260,0.6931471824645996,True,0.0030333995819091,0.7475699999999996,0.7506033995819088,0.3845699999999992,0.5685829157559263,47328.0,37390.0,0.41181,-0.7748100000000004,False,False,False,False,True,True
1,50.0,/home/sunshixin/chenchao/my_rlaf/runs/analysis/echosat_symmetry_grpo_v1_7_acceptance_iter=50_canonical_low_warmup_wc1_per_instance.csv,0,random_3sat_control_v300_c1266_seed3307,base,random_3sat_control_v300_c1266_seed3307,random_3sat_control,non_symmetric_control,large,control,none,300,1266,10.0,5.0,iter=50,0.267727,0.267727,12894.0,10895.0,True,2.50903,2.50903,71356.0,61376.0,True,0.010952,0.1860377830047607,288.0,182.0,True,0.010952,0.1947070972648263,288.0,182.0,True,0.044928,0.2317164968467354,2612.0,2047.0,True,False,False,0.007668,1.0,46.0,466.681884765625,300,0.6931471824645996,True,0.0030333995819091,0.033976,0.0370093995819091,-0.222799,-0.0360105031532645,2324.0,1865.0,2.2413030000000003,-2.498078,False,True,True,False,True,True
1,50.0,/home/sunshixin/chenchao/my_rlaf/runs/analysis/echosat_symmetry_grpo_v1_7_acceptance_iter=50_canonical_low_warmup_wc1_per_instance.csv,0,random_3sat_control_v300_c1266_seed3307,perm_seed1730,random_3sat_control_v300_c1266_seed3307_perm1730,random_3sat_control,non_symmetric_control,large,control,none,300,1266,10.0,5.0,iter=50,1.3898,1.3898,43103.0,37339.0,True,2.11185,2.11185,63498.0,54506.0,True,0.011644,0.1867297830047607,321.0,205.0,True,0.011644,0.1961168448828458,321.0,205.0,True,0.032486,0.219992244464755,2305.0,1828.0,True,False,False,0.008324,1.0,46.0,465.9733581542969,300,0.6931471824645996,True,0.0030333995819091,0.020842,0.0238753995819091,-1.357314,-1.1698077555352449,1984.0,1623.0,0.7220500000000001,-2.100206,False,True,True,False,True,True
1,50.0,/home/sunshixin/chenchao/my_rlaf/runs/analysis/echosat_symmetry_grpo_v1_7_acceptance_iter=50_canonical_low_warmup_wc1_per_instance.csv,0,random_3sat_control_v300_c1266_seed3307,perm_seed1731,random_3sat_control_v300_c1266_seed3307_perm1731,random_3sat_control,non_symmetric_control,large,control,none,300,1266,10.0,5.0,iter=50,2.23364,2.23364,66962.0,57424.0,True,0.119311,0.119311,7524.0,6304.0,True,0.011432,0.1865177830047607,375.0,247.0,True,0.011432,0.1938071185938716,375.0,247.0,True,0.041159,0.2265675181757807,2556.0,2015.0,True,False,False,0.0063,1.0,46.0,465.2885437011719,300,0.6931471824645996,True,0.0030333995819091,0.029727,0.0327603995819091,-2.192481,-2.007072481824219,2181.0,1768.0,-2.114329,-0.107879,False,True,True,False,True,True
1,50.0,/home/sunshixin/chenchao/my_rlaf/runs/analysis/echosat_symmetry_grpo_v1_7_acceptance_iter=50_canonical_low_warmup_wc1_per_instance.csv,0,subset_cardinality_bw10,base,subset_cardinality_bw10,subset_cardinality,weak_symmetry,large,main,weak,41,92,10.0,5.0,iter=50,0.0,0.0,193.0,141.0,True,0.00192,0.00192,237.0,193.0,True,0.000396,0.1754817830047607,162.0,142.0,True,0.000396,0.178279411545217,162.0,142.0,True,0.004326,0.1852428111271262,179.0,149.0,True,True,True,0.002046,1.0,5.0,62.83808517456055,41,0.6931471824645996,True,0.0030333995819091,0.00393,0.0069633995819091,0.004326,0.1852428111271262,17.0,7.0,0.00192,-0.001524,False,False,False,False,True,False
1,50.0,/home/sunshixin/chenchao/my_rlaf/runs/analysis/echosat_symmetry_grpo_v1_7_acceptance_iter=50_canonical_low_warmup_wc1_per_instance.csv,0,subset_cardinality_bw10,perm_seed1730,subset_cardinality_bw10_perm1730,subset_cardinality,weak_symmetry,large,main,weak,41,92,10.0,5.0,iter=50,0.001957,0.001957,218.0,167.0,True,0.001902,0.001902,221.0,169.0,True,0.000432,0.1755177830047607,156.0,137.0,True,0.000432,0.1774448299863934,156.0,137.0,True,0.002208,0.1822542295683026,171.0,150.0,True,True,True,0.001108,1.0,6.0,62.92706298828125,41,0.6931471824645996,True,0.0030333995819091,0.0017759999999999,0.0048093995819091,0.0002509999999999,0.1802972295683026,15.0,13.0,-5.499999999999993e-05,-0.00147,False,False,False,False,True,False
1,50.0,/home/sunshixin/chenchao/my_rlaf/runs/analysis/echosat_symmetry_grpo_v1_7_acceptance_iter=50_canonical_low_warmup_wc1_per_instance.csv,0,subset_cardinality_bw10,perm_seed1731,subset_cardinality_bw10_perm1731,subset_cardinality,weak_symmetry,large,main,weak,41,92,10.0,5.0,iter=50,0.002038,0.002038,202.0,147.0,True,0.001331,0.001331,247.0,155.0,True,0.000372,0.1754577830047607,203.0,164.0,True,0.000372,0.1777710969136953,203.0,164.0,True,0.001914,0.1823464964956045,176.0,147.0,True,True,True,0.001511,1.0,7.0,62.392337799072266,41,0.6931471824645996,True,0.0030333995819091,0.001542,0.0045753995819091,-0.0001239999999999,0.1803084964956045,-27.0,-17.0,-0.000707,-0.000959,False,True,False,True,False,False
1,50.0,/home/sunshixin/chenchao/my_rlaf/runs/analysis/echosat_symmetry_grpo_v1_7_acceptance_iter=50_canonical_low_warmup_wc1_per_instance.csv,0,subset_cardinality_bw12,base,subset_cardinality_bw12,subset_cardinality,weak_symmetry,large,main,weak,49,108,10.0,5.0,iter=50,0.002607,0.002607,442.0,342.0,True,0.002743,0.002743,491.0,414.0,True,0.000363,0.1754487830047607,384.0,312.0,True,0.000363,0.1774345442466736,384.0,312.0,True,0.003209,0.1833139438285827,409.0,329.0,True,True,True,0.001205,1.0,9.0,75.44426727294922,49,0.6931471824645996,True,0.0030333995819091,0.002846,0.0058793995819091,0.000602,0.1807069438285827,25.0,17.0,0.000136,-0.00238,False,False,False,False,True,False
1,50.0,/home/sunshixin/chenchao/my_rlaf/runs/analysis/echosat_symmetry_grpo_v1_7_acceptance_iter=50_canonical_low_warmup_wc1_per_instance.csv,0,subset_cardinality_bw12,perm_seed1730,subset_cardinality_bw12_perm1730,subset_cardinality,weak_symmetry,large,main,weak,49,108,10.0,5.0,iter=50,0.002837,0.002837,440.0,329.0,True,0.002441,0.002441,397.0,314.0,True,0.002525,0.0486873668670654,343.0,268.0,True,0.002525,0.0508048613579869,343.0,268.0,True,0.002068,0.0718143549645543,349.0,287.0,True,True,True,0.001358,1.0,7.0,73.95069122314453,49,0.6931471824645996,True,0.0214664936065673,-0.0004569999999999,0.0210094936065673,-0.000769,0.0689773549645542,6.0,19.0,-0.000396,8.399999999999987e-05,True,True,False,False,True,False
1,50.0,/home/sunshixin/chenchao/my_rlaf/runs/analysis/echosat_symmetry_grpo_v1_7_acceptance_iter=50_canonical_low_warmup_wc1_per_instance.csv,0,subset_cardinality_bw12,perm_seed1731,subset_cardinality_bw12_perm1731,subset_cardinality,weak_symmetry,large,main,weak,49,108,10.0,5.0,iter=50,0.002474,0.002474,393.0,297.0,True,0.000545,0.000545,439.0,311.0,True,0.0,0.0461623668670654,363.0,285.0,True,0.0,0.0473622406836152,363.0,285.0,True,0.002738,0.0715667342901826,377.0,305.0,True,True,True,0.000373,1.0,7.0,75.07693481445312,49,0.6931471824645996,True,0.0214664936065673,0.002738,0.0242044936065673,0.0002639999999999,0.0690927342901825,14.0,20.0,-0.001929,-0.000545,False,False,False,False,True,False
1,50.0,/home/sunshixin/chenchao/my_rlaf/runs/analysis/echosat_symmetry_grpo_v1_7_acceptance_iter=50_canonical_low_warmup_wc1_per_instance.csv,0,subset_cardinality_bw8,base,subset_cardinality_bw8,subset_cardinality,weak_symmetry,medium,main,weak,33,76,10.0,5.0,iter=50,0.001913,0.001913,89.0,67.0,True,0.001684,0.001684,106.0,76.0,True,0.001687,0.0478493668670654,84.0,69.0,True,0.001687,0.0501476444544196,84.0,69.0,True,0.0015,0.071427138060987,97.0,83.0,True,True,True,0.001496,1.0,12.0,54.99262619018555,33,0.6931471824645996,True,0.0214664936065673,-0.0001869999999999,0.0212794936065673,-0.0004129999999999,0.069514138060987,13.0,14.0,-0.000229,2.9999999999999645e-06,True,True,False,False,True,False
1,50.0,/home/sunshixin/chenchao/my_rlaf/runs/analysis/echosat_symmetry_grpo_v1_7_acceptance_iter=50_canonical_low_warmup_wc1_per_instance.csv,0,subset_cardinality_bw8,perm_seed1730,subset_cardinality_bw8_perm1730,subset_cardinality,weak_symmetry,medium,main,weak,33,76,10.0,5.0,iter=50,0.001792,0.001792,110.0,76.0,True,0.0,0.0,127.0,80.0,True,0.000403,0.0465653668670654,100.0,79.0,True,0.000403,0.0484763958970308,100.0,79.0,True,0.001564,0.0711038895035982,106.0,84.0,True,True,True,0.001248,1.0,5.0,49.16338348388672,33,0.6931471824645996,True,0.0214664936065673,0.001161,0.0226274936065673,-0.0002279999999999,0.0693118895035981,6.0,5.0,-0.001792,0.000403,False,True,False,False,True,False
1,50.0,/home/sunshixin/chenchao/my_rlaf/runs/analysis/echosat_symmetry_grpo_v1_7_acceptance_iter=50_canonical_low_warmup_wc1_per_instance.csv,0,subset_cardinality_bw8,perm_seed1731,subset_cardinality_bw8_perm1731,subset_cardinality,weak_symmetry,medium,main,weak,33,76,10.0,5.0,iter=50,0.001903,0.001903,91.0,70.0,True,0.00045,0.00045,102.0,79.0,True,0.001626,0.0477883668670654,81.0,70.0,True,0.001626,0.0497610991064906,81.0,70.0,True,0.00197,0.0715715927130579,92.0,76.0,True,True,True,0.001301,1.0,11.0,55.44180679321289,33,0.6931471824645996,True,0.0214664936065673,0.0003439999999999,0.0218104936065672,6.7e-05,0.0696685927130578,11.0,6.0,-0.0014529999999999,0.001176,False,False,False,False,True,False
1,50.0,/home/sunshixin/chenchao/my_rlaf/runs/analysis/echosat_symmetry_grpo_v1_7_acceptance_iter=50_canonical_low_warmup_wc1_per_instance.csv,1,k10_color9,base,k10_color9,complete_coloring,strong_symmetry,large,main,strong,90,775,10.0,5.0,iter=50,4.1329,4.1329,340861.0,314066.0,True,4.45814,4.45814,322229.0,299168.0,True,4.33781,5.7979666791534425,321840.0,298649.0,True,4.33781,5.806591601445556,321840.0,298649.0,True,3.34653,4.860076358601928,275905.0,254385.0,True,True,True,0.007058,1.0,8.0,136.93209838867188,90,0.6931471824645996,True,0.044764757156372,-0.9912800000000002,-0.9465152428436276,-0.7863700000000002,0.7271763586019278,-45935.0,-44264.0,0.32524,-0.12033,True,True,False,True,False,False
1,50.0,/home/sunshixin/chenchao/my_rlaf/runs/analysis/echosat_symmetry_grpo_v1_7_acceptance_iter=50_canonical_low_warmup_wc1_per_instance.csv,1,k10_color9,perm_seed1730,k10_color9_perm1730,complete_coloring,strong_symmetry,large,main,strong,90,775,10.0,5.0,iter=50,4.83146,4.83146,413643.0,382655.0,True,4.68329,4.68329,283792.0,262594.0,True,3.85782,5.317976679153443,247778.0,229737.0,True,3.85782,5.32616563902682,247778.0,229737.0,True,3.39925,4.9123603961831925,250180.0,231632.0,True,True,True,0.007221,1.0,8.0,136.98228454589844,90,0.6931471824645996,True,0.044764757156372,-0.4585699999999999,-0.4138052428436278,-1.43221,0.0809003961831926,2402.0,1895.0,-0.1481699999999994,-0.8254700000000006,True,True,False,False,True,False
1,50.0,/home/sunshixin/chenchao/my_rlaf/runs/analysis/echosat_symmetry_grpo_v1_7_acceptance_iter=50_canonical_low_warmup_wc1_per_instance.csv,1,k10_color9,perm_seed1731,k10_color9_perm1731,complete_coloring,strong_symmetry,large,main,strong,90,775,10.0,5.0,iter=50,4.33082,4.33082,340033.0,312592.0,True,4.30624,4.30624,290369.0,269757.0,True,4.1927,5.652856679153443,290369.0,269757.0,True,4.1927,5.6607758468464615,290369.0,269757.0,True,4.17966,5.692500604002833,323520.0,300987.0,True,True,True,0.006811,1.0,8.0,137.00555419921875,90,0.6931471824645996,True,0.044764757156372,-0.0130400000000001,0.0317247571563719,-0.1511599999999999,1.3616806040028333,33151.0,31230.0,-0.0245800000000002,-0.1135399999999995,True,True,False,False,True,False
1,50.0,/home/sunshixin/chenchao/my_rlaf/runs/analysis/echosat_symmetry_grpo_v1_7_acceptance_iter=50_canonical_low_warmup_wc1_per_instance.csv,1,k8_color7,base,k8_color7,complete_coloring,strong_symmetry,large,main,strong,56,372,10.0,5.0,iter=50,0.047287,0.047287,6158.0,5600.0,True,0.048305,0.048305,5946.0,5440.0,True,0.035847,1.4960036791534423,5946.0,5440.0,True,0.035847,1.5013046479874252,5946.0,5440.0,True,0.039889,1.5501114051437974,6149.0,5633.0,True,True,True,0.004257,1.0,6.0,84.73548889160156,56,0.6931471824645996,True,0.044764757156372,0.004042,0.0488067571563721,-0.007398,1.5028244051437971,203.0,193.0,0.0010179999999999,-0.012458,False,True,False,False,True,False
1,50.0,/home/sunshixin/chenchao/my_rlaf/runs/analysis/echosat_symmetry_grpo_v1_7_acceptance_iter=50_canonical_low_warmup_wc1_per_instance.csv,1,k8_color7,perm_seed1730,k8_color7_perm1730,complete_coloring,strong_symmetry,large,main,strong,56,372,10.0,5.0,iter=50,0.044141,0.044141,6138.0,5624.0,True,0.043291,0.043291,6264.0,5696.0,True,0.057561,1.5177176791534424,6264.0,5696.0,True,0.057561,1.5233181544072627,6264.0,5696.0,True,0.04246,1.5529819115636347,5889.0,5353.0,True,True,True,0.004646,1.0,6.0,84.79159545898438,56,0.6931471824645996,True,0.044764757156372,-0.015101,0.029663757156372,-0.001681,1.5088409115636348,-375.0,-343.0,-0.0008499999999999,0.0142699999999999,True,True,False,True,False,False
1,50.0,/home/sunshixin/chenchao/my_rlaf/runs/analysis/echosat_symmetry_grpo_v1_7_acceptance_iter=50_canonical_low_warmup_wc1_per_instance.csv,1,k8_color7,perm_seed1731,k8_color7_perm1731,complete_coloring,strong_symmetry,large,main,strong,56,372,10.0,5.0,iter=50,0.034553,0.034553,5800.0,5271.0,True,0.0519,0.0519,6148.0,5641.0,True,0.051416,1.5115726791534423,6148.0,5641.0,True,0.051416,1.516397923692584,6148.0,5641.0,True,0.042618,1.5523646808489562,6230.0,5694.0,True,True,True,0.003746,1.0,6.0,84.7841796875,56,0.6931471824645996,True,0.044764757156372,-0.008798,0.0359667571563722,0.008065,1.517811680848956,82.0,53.0,0.017347,-0.0004839999999999,True,False,False,False,True,False
1,50.0,/home/sunshixin/chenchao/my_rlaf/runs/analysis/echosat_symmetry_grpo_v1_7_acceptance_iter=50_canonical_low_warmup_wc1_per_instance.csv,1,k9_color8,base,k9_color8,complete_coloring,strong_symmetry,large,main,strong,72,549,10.0,5.0,iter=50,0.602165,0.602165,46557.0,43529.0,True,0.717307,0.717307,44352.0,41138.0,True,0.577875,2.0380316791534425,43519.0,40436.0,True,0.577875,2.043266522976994,43519.0,40436.0,True,0.5129,2.0230562801333667,38337.0,35916.0,True,True,True,0.004219,1.0,7.0,109.32144165039062,72,0.6931471824645996,True,0.044764757156372,-0.064975,-0.0202102428436274,-0.0892649999999999,1.4208912801333669,-5182.0,-4520.0,0.115142,-0.139432,True,True,False,True,False,False
1,50.0,/home/sunshixin/chenchao/my_rlaf/runs/analysis/echosat_symmetry_grpo_v1_7_acceptance_iter=50_canonical_low_warmup_wc1_per_instance.csv,1,k9_color8,perm_seed1730,k9_color8_perm1730,complete_coloring,strong_symmetry,large,main,strong,72,549,10.0,5.0,iter=50,0.411943,0.411943,39708.0,36681.0,True,0.71054,0.71054,45794.0,42555.0,True,0.644945,2.1051016791534423,45794.0,42555.0,True,0.644945,2.110981030635953,45794.0,42555.0,True,0.40793,1.9187307877923248,39478.0,36526.0,True,True,True,0.004882,1.0,7.0,109.58531951904295,72,0.6931471824645996,True,0.044764757156372,-0.2370149999999999,-0.1922502428436283,-0.0040129999999999,1.5067877877923248,-6316.0,-6029.0,0.2985969999999999,-0.0655949999999999,True,True,False,True,False,False
1,50.0,/home/sunshixin/chenchao/my_rlaf/runs/analysis/echosat_symmetry_grpo_v1_7_acceptance_iter=50_canonical_low_warmup_wc1_per_instance.csv,1,k9_color8,perm_seed1731,k9_color8_perm1731,complete_coloring,strong_symmetry,large,main,strong,72,549,10.0,5.0,iter=50,0.538269,0.538269,47177.0,43763.0,True,0.689726,0.689726,47579.0,44103.0,True,0.678841,0.8192626289520264,47579.0,44103.0,True,0.678841,0.8260892175562978,47579.0,44103.0,True,0.463196,0.679001479976952,39067.0,36227.0,True,True,True,0.005877,1.0,7.0,109.56788635253906,72,0.6931471824645996,True,0.0685572624206543,-0.215645,-0.1470877375793458,-0.075073,0.140732479976952,-8512.0,-7876.0,0.1514569999999999,-0.0108849999999999,True,True,False,True,False,False
1,50.0,/home/sunshixin/chenchao/my_rlaf/runs/analysis/echosat_symmetry_grpo_v1_7_acceptance_iter=50_canonical_low_warmup_wc1_per_instance.csv,1,php_p10_h9,base,php_p10_h9,php,strong_symmetry,large,main,strong,90,775,10.0,5.0,iter=50,4.14034,4.14034,340861.0,314066.0,True,4.10842,4.10842,322229.0,299168.0,True,4.23852,4.378941628952027,321840.0,298649.0,True,4.23852,4.38691011436224,321840.0,298649.0,True,3.33467,3.551617376782894,275905.0,254385.0,True,True,True,0.006995,1.0,8.0,136.93209838867188,90,0.6931471824645996,True,0.0685572624206543,-0.9038500000000004,-0.835292737579346,-0.8056700000000001,-0.5887226232171061,-45935.0,-44264.0,-0.0319200000000003,0.1301000000000005,True,True,True,True,False,False
1,50.0,/home/sunshixin/chenchao/my_rlaf/runs/analysis/echosat_symmetry_grpo_v1_7_acceptance_iter=50_canonical_low_warmup_wc1_per_instance.csv,1,php_p10_h9,perm_seed1730,php_p10_h9_perm1730,php,strong_symmetry,large,main,strong,90,775,10.0,5.0,iter=50,4.89732,4.89732,413643.0,382655.0,True,4.25087,4.25087,283792.0,262594.0,True,4.16108,4.3015016289520265,247778.0,229737.0,True,4.16108,4.306505443375647,247778.0,229737.0,True,3.39846,3.6124427057963016,250180.0,231632.0,True,True,True,0.003874,1.0,8.0,136.98228454589844,90,0.6931471824645996,True,0.0685572624206543,-0.7626200000000001,-0.6940627375793453,-1.4988599999999996,-1.284877294203698,2402.0,1895.0,-0.6464499999999997,-0.0897899999999998,True,True,True,False,True,False
1,50.0,/home/sunshixin/chenchao/my_rlaf/runs/analysis/echosat_symmetry_grpo_v1_7_acceptance_iter=50_canonical_low_warmup_wc1_per_instance.csv,1,php_p10_h9,perm_seed1731,php_p10_h9_perm1731,php,strong_symmetry,large,main,strong,90,775,10.0,5.0,iter=50,4.07355,4.07355,340033.0,312592.0,True,3.8583,3.8583,290369.0,269757.0,True,3.93985,4.080271628952026,290369.0,269757.0,True,3.93985,4.088749164833188,290369.0,269757.0,True,3.99656,4.214016427253842,323520.0,300987.0,True,True,True,0.007511,1.0,8.0,137.00555419921875,90,0.6931471824645996,True,0.0685572624206543,0.0567100000000002,0.1252672624206541,-0.0769899999999998,0.140466427253842,33151.0,31230.0,-0.2152500000000001,0.08155,False,True,False,False,True,False
1,50.0,/home/sunshixin/chenchao/my_rlaf/runs/analysis/echosat_symmetry_grpo_v1_7_acceptance_iter=50_canonical_low_warmup_wc1_per_instance.csv,1,php_p9_h8,base,php_p9_h8,php,strong_symmetry,large,main,strong,72,549,10.0,5.0,iter=50,0.647537,0.647537,46557.0,43529.0,True,0.635475,0.635475,44352.0,41138.0,True,0.576293,0.7167146289520264,43519.0,40436.0,True,0.576293,0.7229821829066874,43519.0,40436.0,True,0.508838,0.7240844453273416,38337.0,35916.0,True,True,True,0.005129,1.0,7.0,109.32144165039062,72,0.6931471824645996,True,0.0685572624206543,-0.067455,0.0011022624206542,-0.138699,0.0765474453273415,-5182.0,-4520.0,-0.012062,-0.0591819999999999,True,True,False,True,False,False
1,50.0,/home/sunshixin/chenchao/my_rlaf/runs/analysis/echosat_symmetry_grpo_v1_7_acceptance_iter=50_canonical_low_warmup_wc1_per_instance.csv,1,php_p9_h8,perm_seed1730,php_p9_h8_perm1730,php,strong_symmetry,large,main,strong,72,549,10.0,5.0,iter=50,0.412304,0.412304,39708.0,36681.0,True,0.657172,0.657172,45794.0,42555.0,True,0.650643,0.7910646289520263,45794.0,42555.0,True,0.650643,0.794821433632791,45794.0,42555.0,True,0.403835,0.6165706960534454,39478.0,36526.0,True,True,True,0.002714,1.0,7.0,109.58531951904295,72,0.6931471824645996,True,0.0685572624206543,-0.2468079999999999,-0.1782507375793456,-0.008469,0.2042666960534453,-6316.0,-6029.0,0.2448679999999999,-0.006529,True,True,False,True,False,False
1,50.0,/home/sunshixin/chenchao/my_rlaf/runs/analysis/echosat_symmetry_grpo_v1_7_acceptance_iter=50_canonical_low_warmup_wc1_per_instance.csv,1,php_p9_h8,perm_seed1731,php_p9_h8_perm1731,php,strong_symmetry,large,main,strong,72,549,10.0,5.0,iter=50,0.617939,0.617939,47177.0,43763.0,True,0.673449,0.673449,47579.0,44103.0,True,0.678797,0.8192186289520264,47579.0,44103.0,True,0.678797,0.8268591997153163,47579.0,44103.0,True,0.445666,0.6622854621359706,41102.0,37964.0,True,True,True,0.006649,1.0,7.0,109.56788635253906,72,0.6931471824645996,True,0.0685572624206543,-0.2331309999999999,-0.1645737375793456,-0.172273,0.0443464621359706,-6477.0,-6139.0,0.0555099999999999,0.005348,True,True,False,True,False,False
1,50.0,/home/sunshixin/chenchao/my_rlaf/runs/analysis/echosat_symmetry_grpo_v1_7_acceptance_iter=50_canonical_low_warmup_wc1_per_instance.csv,1,random_3sat_control_v160_c704_seed2615,base,random_3sat_control_v160_c704_seed2615,random_3sat_control,non_symmetric_control,large,control,none,160,704,10.0,5.0,iter=50,0.063438,0.063438,6771.0,5767.0,True,0.055778,0.055778,5702.0,4813.0,True,0.048341,0.1887626289520263,4859.0,4212.0,True,0.048341,0.1925290553588271,4859.0,4212.0,True,0.057872,0.2706173177794814,5576.0,4777.0,True,False,False,0.0025,1.0,20.0,250.25311279296875,160,0.6931471824645996,True,0.0685572624206543,0.0095309999999999,0.0780882624206542,-0.0055659999999999,0.2071793177794814,717.0,565.0,-0.0076599999999999,-0.0074369999999999,False,True,False,False,True,True
1,50.0,/home/sunshixin/chenchao/my_rlaf/runs/analysis/echosat_symmetry_grpo_v1_7_acceptance_iter=50_canonical_low_warmup_wc1_per_instance.csv,1,random_3sat_control_v160_c704_seed2615,perm_seed1730,random_3sat_control_v160_c704_seed2615_perm1730,random_3sat_control,non_symmetric_control,large,control,none,160,704,10.0,5.0,iter=50,0.094982,0.094982,8522.0,7299.0,True,0.091853,0.091853,7934.0,6809.0,True,0.049954,0.5547259478607178,4602.0,4008.0,True,0.049954,0.5615175159919858,4602.0,4008.0,True,0.044291,0.6372777986152768,5025.0,4323.0,True,False,False,0.005687,1.0,20.0,250.9976043701172,160,0.6931471824645996,True,0.081423282623291,-0.005663,0.0757602826232909,-0.050691,0.5422957986152768,423.0,315.0,-0.0031289999999999,-0.041899,True,True,False,False,True,True
1,50.0,/home/sunshixin/chenchao/my_rlaf/runs/analysis/echosat_symmetry_grpo_v1_7_acceptance_iter=50_canonical_low_warmup_wc1_per_instance.csv,1,random_3sat_control_v160_c704_seed2615,perm_seed1731,random_3sat_control_v160_c704_seed2615_perm1731,random_3sat_control,non_symmetric_control,large,control,none,160,704,10.0,5.0,iter=50,0.056579,0.056579,5676.0,4847.0,True,0.107612,0.107612,8017.0,6851.0,True,0.050188,0.5549599478607178,4961.0,4384.0,True,0.050188,0.5568990278026462,4961.0,4384.0,True,0.054861,0.6429953104259373,5804.0,4967.0,True,False,False,0.000797,1.0,20.0,250.14382934570312,160,0.6931471824645996,True,0.081423282623291,0.0046729999999999,0.086096282623291,-0.0017179999999999,0.5864163104259372,843.0,583.0,0.051033,-0.0574239999999999,False,True,False,False,True,True
1,50.0,/home/sunshixin/chenchao/my_rlaf/runs/analysis/echosat_symmetry_grpo_v1_7_acceptance_iter=50_canonical_low_warmup_wc1_per_instance.csv,1,random_3sat_control_v180_c760_seed3301,base,random_3sat_control_v180_c760_seed3301,random_3sat_control,non_symmetric_control,large,control,none,180,760,10.0,5.0,iter=50,0.505107,0.505107,27442.0,23617.0,True,0.129187,0.129187,10470.0,8910.0,True,0.010595,0.5153669478607178,693.0,567.0,True,0.010595,0.5229071907055974,693.0,567.0,True,0.612057,1.2057924733288885,40918.0,36229.0,True,False,False,0.006286,1.0,25.0,290.802978515625,180,0.6931471824645996,True,0.081423282623291,0.6014619999999999,0.6828852826232911,0.1069499999999999,0.7006854733288885,40225.0,35662.0,-0.37592,-0.118592,False,False,False,False,True,True
1,50.0,/home/sunshixin/chenchao/my_rlaf/runs/analysis/echosat_symmetry_grpo_v1_7_acceptance_iter=50_canonical_low_warmup_wc1_per_instance.csv,1,random_3sat_control_v180_c760_seed3301,perm_seed1730,random_3sat_control_v180_c760_seed3301_perm1730,random_3sat_control,non_symmetric_control,large,control,none,180,760,10.0,5.0,iter=50,1.10874,1.10874,47649.0,41152.0,True,0.085092,0.085092,7421.0,6253.0,True,0.011952,0.5167239478607177,643.0,525.0,True,0.011952,0.5205164194040894,643.0,525.0,True,0.459748,1.0497357020273803,31948.0,28037.0,True,False,False,0.001827,1.0,25.0,292.0396728515625,180,0.6931471824645996,True,0.081423282623291,0.4477959999999999,0.5292192826232909,-0.648992,-0.0590042979726197,31305.0,27512.0,-1.023648,-0.07314,False,True,True,False,True,True
1,50.0,/home/sunshixin/chenchao/my_rlaf/runs/analysis/echosat_symmetry_grpo_v1_7_acceptance_iter=50_canonical_low_warmup_wc1_per_instance.csv,1,random_3sat_control_v180_c760_seed3301,perm_seed1731,random_3sat_control_v180_c760_seed3301_perm1731,random_3sat_control,non_symmetric_control,large,control,none,180,760,10.0,5.0,iter=50,0.488409,0.488409,27197.0,23469.0,True,0.108814,0.108814,9011.0,7714.0,True,0.007654,0.5124259478607178,590.0,484.0,True,0.007654,0.5232127981591225,590.0,484.0,True,0.604979,1.2019610807824137,41749.0,36909.0,True,False,False,0.004701,1.0,25.0,291.0475769042969,180,0.6931471824645996,True,0.081423282623291,0.597325,0.6787482826232912,0.11657,0.7135520807824137,41159.0,36425.0,-0.379595,-0.10116,False,False,False,False,True,True
1,50.0,/home/sunshixin/chenchao/my_rlaf/runs/analysis/echosat_symmetry_grpo_v1_7_acceptance_iter=50_canonical_low_warmup_wc1_per_instance.csv,1,random_3sat_control_v220_c928_seed3303,base,random_3sat_control_v220_c928_seed3303,random_3sat_control,non_symmetric_control,large,control,none,220,928,10.0,5.0,iter=50,0.72654,0.72654,30277.0,25994.0,True,0.388648,0.388648,22265.0,19025.0,True,0.002668,0.5074399478607178,62.0,4.0,True,0.002668,0.5117356882306934,62.0,4.0,True,0.005829,0.5963199708539844,779.0,606.0,True,False,False,0.002862,1.0,28.0,332.48345947265625,220,0.6931471824645996,True,0.081423282623291,0.003161,0.0845842826232909,-0.720711,-0.1302200291460156,717.0,602.0,-0.3378919999999999,-0.38598,False,True,True,False,True,True
1,50.0,/home/sunshixin/chenchao/my_rlaf/runs/analysis/echosat_symmetry_grpo_v1_7_acceptance_iter=50_canonical_low_warmup_wc1_per_instance.csv,1,random_3sat_control_v220_c928_seed3303,perm_seed1730,random_3sat_control_v220_c928_seed3303_perm1730,random_3sat_control,non_symmetric_control,large,control,none,220,928,10.0,5.0,iter=50,1.42511,1.42511,52742.0,45477.0,True,0.172109,0.172109,13039.0,11071.0,True,0.00665,0.5114219478607178,62.0,4.0,True,0.00665,0.5135932324004173,62.0,4.0,True,0.016127,0.6044935150237083,596.0,452.0,True,False,False,0.00067,1.0,28.0,330.46795654296875,220,0.6931471824645996,True,0.081423282623291,0.009477,0.0909002826232909,-1.408983,-0.8206164849762918,534.0,448.0,-1.253001,-0.165459,False,True,True,False,True,True
1,50.0,/home/sunshixin/chenchao/my_rlaf/runs/analysis/echosat_symmetry_grpo_v1_7_acceptance_iter=50_canonical_low_warmup_wc1_per_instance.csv,1,random_3sat_control_v220_c928_seed3303,perm_seed1731,random_3sat_control_v220_c928_seed3303_perm1731,random_3sat_control,non_symmetric_control,large,control,none,220,928,10.0,5.0,iter=50,0.070159,0.070159,4930.0,4147.0,True,0.329028,0.329028,19684.0,16814.0,True,0.003335,0.5081069478607178,63.0,4.0,True,0.003335,0.5136613728473782,63.0,4.0,True,0.017517,0.6092666554706693,849.0,670.0,True,False,False,0.004077,1.0,28.0,331.7943725585937,220,0.6931471824645996,True,0.081423282623291,0.014182,0.095605282623291,-0.0526419999999999,0.5391076554706693,786.0,666.0,0.258869,-0.325693,False,True,False,False,True,True
1,50.0,/home/sunshixin/chenchao/my_rlaf/runs/analysis/echosat_symmetry_grpo_v1_7_acceptance_iter=50_canonical_low_warmup_wc1_per_instance.csv,1,random_3sat_control_v220_c942_seed3304,base,random_3sat_control_v220_c942_seed3304,random_3sat_control,non_symmetric_control,large,control,none,220,942,10.0,5.0,iter=50,0.656729,0.656729,35472.0,30813.0,True,0.885158,0.885158,41376.0,36046.0,True,0.547566,1.1374788913879397,26754.0,23980.0,True,0.547566,1.1445419478625656,26754.0,23980.0,True,0.617044,1.3025073345660567,39651.0,35316.0,True,False,False,0.00567,1.0,24.0,322.4337158203125,220,0.6931471824645996,True,0.0884873867034912,0.069478,0.1579653867034911,-0.0396849999999999,0.6457783345660567,12897.0,11336.0,0.228429,-0.337592,False,True,False,False,True,True
1,50.0,/home/sunshixin/chenchao/my_rlaf/runs/analysis/echosat_symmetry_grpo_v1_7_acceptance_iter=50_canonical_low_warmup_wc1_per_instance.csv,1,random_3sat_control_v220_c942_seed3304,perm_seed1730,random_3sat_control_v220_c942_seed3304_perm1730,random_3sat_control,non_symmetric_control,large,control,none,220,942,10.0,5.0,iter=50,0.658997,0.658997,34825.0,30052.0,True,0.624743,0.624743,33221.0,28818.0,True,0.436518,1.0264308913879394,26445.0,23804.0,True,0.436518,1.0305180361074209,26445.0,23804.0,True,0.622408,1.3048954228109122,38918.0,34667.0,True,False,False,0.002602,1.0,24.0,324.02960205078125,220,0.6931471824645996,True,0.0884873867034912,0.1858899999999999,0.2743773867034913,-0.036589,0.6458984228109121,12473.0,10863.0,-0.034254,-0.188225,False,True,False,False,True,True
1,50.0,/home/sunshixin/chenchao/my_rlaf/runs/analysis/echosat_symmetry_grpo_v1_7_acceptance_iter=50_canonical_low_warmup_wc1_per_instance.csv,1,random_3sat_control_v220_c942_seed3304,perm_seed1731,random_3sat_control_v220_c942_seed3304_perm1731,random_3sat_control,non_symmetric_control,large,control,none,220,942,10.0,5.0,iter=50,0.716802,0.716802,38737.0,33758.0,True,0.731577,0.731577,38909.0,33544.0,True,0.420973,1.0108858913879395,26149.0,23448.0,True,0.420973,1.0177864568968416,26149.0,23448.0,True,0.607026,1.2923268436003328,38654.0,34629.0,True,False,False,0.00559,1.0,24.0,324.64569091796875,220,0.6931471824645996,True,0.0884873867034912,0.1860529999999999,0.2745403867034912,-0.1097760000000001,0.5755248436003327,12505.0,11181.0,0.0147749999999999,-0.310604,False,True,False,False,True,True
1,50.0,/home/sunshixin/chenchao/my_rlaf/runs/analysis/echosat_symmetry_grpo_v1_7_acceptance_iter=50_canonical_low_warmup_wc1_per_instance.csv,1,random_3sat_control_v260_c1097_seed3305,base,random_3sat_control_v260_c1097_seed3305,random_3sat_control,non_symmetric_control,large,control,none,260,1097,10.0,5.0,iter=50,6.87254,6.87254,216854.0,188499.0,True,2.33243,2.33243,73626.0,64181.0,True,1.78425,2.37416289138794,60642.0,54350.0,True,1.78425,2.3832050852030515,60642.0,54350.0,True,1.04274,1.7301824719065428,53780.0,47404.0,True,False,False,0.0075,1.0,35.0,390.6428833007813,260,0.6931471824645996,True,0.0884873867034912,-0.7415099999999999,-0.6530226132965087,-5.8298,-5.1423575280934575,-6862.0,-6946.0,-4.54011,-0.5481800000000001,True,True,True,True,False,True
1,50.0,/home/sunshixin/chenchao/my_rlaf/runs/analysis/echosat_symmetry_grpo_v1_7_acceptance_iter=50_canonical_low_warmup_wc1_per_instance.csv,1,random_3sat_control_v260_c1097_seed3305,perm_seed1730,random_3sat_control_v260_c1097_seed3305_perm1730,random_3sat_control,non_symmetric_control,large,control,none,260,1097,10.0,5.0,iter=50,7.44142,7.44142,224505.0,195557.0,True,0.614317,0.614317,27246.0,23387.0,True,1.64751,2.2374228913879395,60686.0,54724.0,True,1.64751,2.24148261980623,60686.0,54724.0,True,1.66431,2.346770006509721,77655.0,69047.0,True,False,False,0.002575,1.0,35.0,390.0680847167969,260,0.6931471824645996,True,0.0884873867034912,0.0167999999999999,0.1052873867034911,-5.77711,-5.094649993490279,16969.0,14323.0,-6.827103,1.033193,False,True,True,False,True,True
1,50.0,/home/sunshixin/chenchao/my_rlaf/runs/analysis/echosat_symmetry_grpo_v1_7_acceptance_iter=50_canonical_low_warmup_wc1_per_instance.csv,1,random_3sat_control_v260_c1097_seed3305,perm_seed1731,random_3sat_control_v260_c1097_seed3305_perm1731,random_3sat_control,non_symmetric_control,large,control,none,260,1097,10.0,5.0,iter=50,3.95598,3.95598,105916.0,92052.0,True,5.36102,5.36102,162997.0,142194.0,True,1.11071,1.7006228913879395,48534.0,43247.0,True,1.11071,1.7056381059902908,48534.0,43247.0,True,1.18579,1.8692054926937816,59080.0,52233.0,True,False,False,0.003495,1.0,35.0,389.6698913574219,260,0.6931471824645996,True,0.0884873867034912,0.0750799999999998,0.1635673867034908,-2.77019,-2.0867745073062185,10546.0,8986.0,1.40504,-4.25031,False,True,True,False,True,True
1,50.0,/home/sunshixin/chenchao/my_rlaf/runs/analysis/echosat_symmetry_grpo_v1_7_acceptance_iter=50_canonical_low_warmup_wc1_per_instance.csv,1,random_3sat_control_v260_c1113_seed3306,base,random_3sat_control_v260_c1113_seed3306,random_3sat_control,non_symmetric_control,large,control,none,260,1113,10.0,5.0,iter=50,5.6701,5.6701,178146.0,155541.0,True,5.89501,5.89501,186876.0,163308.0,True,6.36947,6.959382891387939,226200.0,205404.0,True,6.36947,6.969055559975505,226200.0,205404.0,True,6.59262,7.280692946678997,271876.0,239281.0,True,False,False,0.00834,1.0,33.0,397.6284790039063,260,0.6931471824645996,True,0.0884873867034912,0.2231500000000004,0.3116373867034916,0.9225200000000005,1.610592946678997,45676.0,33877.0,0.2249100000000004,0.4744599999999996,False,False,False,False,True,True
1,50.0,/home/sunshixin/chenchao/my_rlaf/runs/analysis/echosat_symmetry_grpo_v1_7_acceptance_iter=50_canonical_low_warmup_wc1_per_instance.csv,1,random_3sat_control_v260_c1113_seed3306,perm_seed1730,random_3sat_control_v260_c1113_seed3306_perm1730,random_3sat_control,non_symmetric_control,large,control,none,260,1113,10.0,5.0,iter=50,5.23157,5.23157,171334.0,149746.0,True,6.84938,6.84938,206936.0,180741.0,True,5.48804,6.077952891387939,206101.0,186162.0,True,5.48804,6.083005014372766,206101.0,186162.0,True,6.47945,7.162902401076257,263518.0,232369.0,True,False,False,0.0037,1.0,33.0,396.3316650390625,260,0.6931471824645996,True,0.0884873867034912,0.99141,1.0798973867034911,1.2478800000000003,1.9313324010762576,57417.0,46207.0,1.6178100000000004,-1.3613400000000002,False,False,False,False,True,True
1,50.0,/home/sunshixin/chenchao/my_rlaf/runs/analysis/echosat_symmetry_grpo_v1_7_acceptance_iter=50_canonical_low_warmup_wc1_per_instance.csv,1,random_3sat_control_v260_c1113_seed3306,perm_seed1731,random_3sat_control_v260_c1113_seed3306_perm1731,random_3sat_control,non_symmetric_control,large,control,none,260,1113,10.0,5.0,iter=50,6.6348,6.6348,202621.0,177648.0,True,6.79704,6.79704,214985.0,187707.0,True,6.23851,6.4828542344665525,217745.0,196903.0,True,6.23851,6.489779849625766,217745.0,196903.0,True,6.40115,6.717966362229526,265073.0,234293.0,True,False,False,0.005424,1.0,33.0,397.0461730957031,260,0.6931471824645996,True,0.0655465126037597,0.1626400000000005,0.2281865126037603,-0.2336499999999999,0.0831663622295257,47328.0,37390.0,0.1622399999999997,-0.5585300000000002,False,True,False,False,True,True
1,50.0,/home/sunshixin/chenchao/my_rlaf/runs/analysis/echosat_symmetry_grpo_v1_7_acceptance_iter=50_canonical_low_warmup_wc1_per_instance.csv,1,random_3sat_control_v300_c1266_seed3307,base,random_3sat_control_v300_c1266_seed3307,random_3sat_control,non_symmetric_control,large,control,none,300,1266,10.0,5.0,iter=50,0.216688,0.216688,12894.0,10895.0,True,2.51828,2.51828,71356.0,61376.0,True,0.008464,0.2528082344665527,288.0,182.0,True,0.008464,0.2584610452371836,288.0,182.0,True,0.037334,0.3528775578409433,2612.0,2047.0,True,False,False,0.004116,1.0,46.0,466.681884765625,300,0.6931471824645996,True,0.0655465126037597,0.02887,0.0944165126037597,-0.1793539999999999,0.1361895578409433,2324.0,1865.0,2.301592,-2.509816,False,True,False,False,True,True
1,50.0,/home/sunshixin/chenchao/my_rlaf/runs/analysis/echosat_symmetry_grpo_v1_7_acceptance_iter=50_canonical_low_warmup_wc1_per_instance.csv,1,random_3sat_control_v300_c1266_seed3307,perm_seed1730,random_3sat_control_v300_c1266_seed3307_perm1730,random_3sat_control,non_symmetric_control,large,control,none,300,1266,10.0,5.0,iter=50,1.28358,1.28358,43103.0,37339.0,True,2.28008,2.28008,63498.0,54506.0,True,0.013442,0.2577862344665527,321.0,205.0,True,0.013442,0.2634931389961839,321.0,205.0,True,0.028472,0.3440696515999436,2305.0,1828.0,True,False,False,0.00421,1.0,46.0,465.9733581542969,300,0.6931471824645996,True,0.0655465126037597,0.01503,0.0805765126037597,-1.255108,-0.9395103484000564,1984.0,1623.0,0.9965,-2.266638,False,True,True,False,True,True
1,50.0,/home/sunshixin/chenchao/my_rlaf/runs/analysis/echosat_symmetry_grpo_v1_7_acceptance_iter=50_canonical_low_warmup_wc1_per_instance.csv,1,random_3sat_control_v300_c1266_seed3307,perm_seed1731,random_3sat_control_v300_c1266_seed3307_perm1731,random_3sat_control,non_symmetric_control,large,control,none,300,1266,10.0,5.0,iter=50,2.0494,2.0494,66962.0,57424.0,True,0.117773,0.117773,7524.0,6304.0,True,0.010702,0.2550462344665527,375.0,247.0,True,0.010702,0.2617847740460038,375.0,247.0,True,0.032898,0.3495272866497635,2556.0,2015.0,True,False,False,0.005164,1.0,46.0,465.2885437011719,300,0.6931471824645996,True,0.0655465126037597,0.0221959999999999,0.0877425126037597,-2.016502,-1.6998727133502365,2181.0,1768.0,-1.931627,-0.107071,False,True,True,False,True,True
1,50.0,/home/sunshixin/chenchao/my_rlaf/runs/analysis/echosat_symmetry_grpo_v1_7_acceptance_iter=50_canonical_low_warmup_wc1_per_instance.csv,1,subset_cardinality_bw10,base,subset_cardinality_bw10,subset_cardinality,weak_symmetry,large,main,weak,41,92,10.0,5.0,iter=50,0.001613,0.001613,193.0,141.0,True,0.002449,0.002449,237.0,193.0,True,0.000425,0.2447692344665527,162.0,142.0,True,0.000425,0.2459579913645982,162.0,142.0,True,0.001862,0.312941503968358,179.0,149.0,True,True,True,0.0,1.0,5.0,62.83808517456055,41,0.6931471824645996,True,0.0655465126037597,0.001437,0.0669835126037598,0.0002489999999999,0.311328503968358,17.0,7.0,0.0008359999999999,-0.0020239999999999,False,False,False,False,True,False
1,50.0,/home/sunshixin/chenchao/my_rlaf/runs/analysis/echosat_symmetry_grpo_v1_7_acceptance_iter=50_canonical_low_warmup_wc1_per_instance.csv,1,subset_cardinality_bw10,perm_seed1730,subset_cardinality_bw10_perm1730,subset_cardinality,weak_symmetry,large,main,weak,41,92,10.0,5.0,iter=50,0.0,0.0,218.0,167.0,True,0.002553,0.002553,221.0,169.0,True,0.000425,0.2447692344665527,156.0,137.0,True,0.000425,0.2460268949044942,156.0,137.0,True,0.001873,0.313021407508254,171.0,150.0,True,True,True,0.000292,1.0,6.0,62.92706298828125,41,0.6931471824645996,True,0.0655465126037597,0.001448,0.0669945126037598,0.001873,0.313021407508254,15.0,13.0,0.002553,-0.002128,False,False,False,False,True,False
1,50.0,/home/sunshixin/chenchao/my_rlaf/runs/analysis/echosat_symmetry_grpo_v1_7_acceptance_iter=50_canonical_low_warmup_wc1_per_instance.csv,1,subset_cardinality_bw10,perm_seed1731,subset_cardinality_bw10_perm1731,subset_cardinality,weak_symmetry,large,main,weak,41,92,10.0,5.0,iter=50,0.001217,0.001217,202.0,147.0,True,0.000478,0.000478,247.0,155.0,True,0.0,0.2443442344665527,203.0,164.0,True,0.0,0.2453873623162508,203.0,164.0,True,0.001861,0.3127948749200105,176.0,147.0,True,True,True,0.0,1.0,7.0,62.392337799072266,41,0.6931471824645996,True,0.0655465126037597,0.001861,0.0674075126037597,0.000644,0.3115778749200105,-27.0,-17.0,-0.000739,-0.000478,False,False,False,True,False,False
1,50.0,/home/sunshixin/chenchao/my_rlaf/runs/analysis/echosat_symmetry_grpo_v1_7_acceptance_iter=50_canonical_low_warmup_wc1_per_instance.csv,1,subset_cardinality_bw12,base,subset_cardinality_bw12,subset_cardinality,weak_symmetry,large,main,weak,49,108,10.0,5.0,iter=50,0.001812,0.001812,442.0,342.0,True,0.000466,0.000466,491.0,414.0,True,0.002656,0.2470002344665527,384.0,312.0,True,0.002656,0.2505600745680332,384.0,312.0,True,0.000393,0.3138435871717929,409.0,329.0,True,True,True,0.002513,1.0,9.0,75.44426727294922,49,0.6931471824645996,True,0.0655465126037597,-0.002263,0.0632835126037597,-0.001419,0.3120315871717929,25.0,17.0,-0.001346,0.00219,True,True,False,False,True,False
1,50.0,/home/sunshixin/chenchao/my_rlaf/runs/analysis/echosat_symmetry_grpo_v1_7_acceptance_iter=50_canonical_low_warmup_wc1_per_instance.csv,1,subset_cardinality_bw12,perm_seed1730,subset_cardinality_bw12_perm1730,subset_cardinality,weak_symmetry,large,main,weak,49,108,10.0,5.0,iter=50,0.0,0.0,440.0,329.0,True,0.003611,0.003611,397.0,314.0,True,0.0,0.1357588768005371,343.0,268.0,True,0.0,0.1392689755018949,343.0,268.0,True,0.002349,0.1724540808485746,349.0,287.0,True,True,True,0.002534,1.0,7.0,73.95069122314453,49,0.6931471824645996,True,0.0308361053466796,0.002349,0.0331851053466797,0.002349,0.1724540808485746,6.0,19.0,0.003611,-0.003611,False,False,False,False,True,False
1,50.0,/home/sunshixin/chenchao/my_rlaf/runs/analysis/echosat_symmetry_grpo_v1_7_acceptance_iter=50_canonical_low_warmup_wc1_per_instance.csv,1,subset_cardinality_bw12,perm_seed1731,subset_cardinality_bw12_perm1731,subset_cardinality,weak_symmetry,large,main,weak,49,108,10.0,5.0,iter=50,0.001936,0.001936,393.0,297.0,True,0.002806,0.002806,439.0,311.0,True,0.002356,0.1381148768005371,363.0,285.0,True,0.002356,0.1405316813354492,363.0,285.0,True,0.000348,0.1693597866821289,377.0,305.0,True,True,True,0.001332,1.0,7.0,75.07693481445312,49,0.6931471824645996,True,0.0308361053466796,-0.002008,0.0288281053466797,-0.001588,0.1674237866821289,14.0,20.0,0.0008699999999999,-0.0004499999999999,True,True,False,False,True,False
1,50.0,/home/sunshixin/chenchao/my_rlaf/runs/analysis/echosat_symmetry_grpo_v1_7_acceptance_iter=50_canonical_low_warmup_wc1_per_instance.csv,1,subset_cardinality_bw8,base,subset_cardinality_bw8,subset_cardinality,weak_symmetry,medium,main,weak,33,76,10.0,5.0,iter=50,0.000955,0.000955,89.0,67.0,True,0.001707,0.001707,106.0,76.0,True,0.001693,0.1374518768005371,84.0,69.0,True,0.001693,0.1402390335789322,84.0,69.0,True,0.001419,0.1708011389256119,97.0,83.0,True,True,True,0.001767,1.0,12.0,54.99262619018555,33,0.6931471824645996,True,0.0308361053466796,-0.000274,0.0305621053466797,0.0004639999999999,0.1698461389256119,13.0,14.0,0.000752,-1.3999999999999908e-05,True,False,False,False,True,False
1,50.0,/home/sunshixin/chenchao/my_rlaf/runs/analysis/echosat_symmetry_grpo_v1_7_acceptance_iter=50_canonical_low_warmup_wc1_per_instance.csv,1,subset_cardinality_bw8,perm_seed1730,subset_cardinality_bw8_perm1730,subset_cardinality,weak_symmetry,medium,main,weak,33,76,10.0,5.0,iter=50,0.001335,0.001335,110.0,76.0,True,0.002042,0.002042,127.0,80.0,True,0.001533,0.1372918768005371,100.0,79.0,True,0.001533,0.1393163705253005,100.0,79.0,True,0.000376,0.1689954758719802,106.0,84.0,True,True,True,0.001121,1.0,5.0,49.16338348388672,33,0.6931471824645996,True,0.0308361053466796,-0.001157,0.0296791053466796,-0.000959,0.1676604758719801,6.0,5.0,0.000707,-0.0005089999999999,True,True,False,False,True,False
1,50.0,/home/sunshixin/chenchao/my_rlaf/runs/analysis/echosat_symmetry_grpo_v1_7_acceptance_iter=50_canonical_low_warmup_wc1_per_instance.csv,1,subset_cardinality_bw8,perm_seed1731,subset_cardinality_bw8_perm1731,subset_cardinality,weak_symmetry,medium,main,weak,33,76,10.0,5.0,iter=50,0.000931,0.000931,91.0,70.0,True,0.001424,0.001424,102.0,79.0,True,0.000338,0.1360968768005371,81.0,70.0,True,0.000338,0.1386019648438096,81.0,70.0,True,0.001411,0.1705110701904892,92.0,76.0,True,True,True,0.001461,1.0,11.0,55.44180679321289,33,0.6931471824645996,True,0.0308361053466796,0.001073,0.0319091053466795,0.0004799999999999,0.1695800701904892,11.0,6.0,0.000493,-0.001086,False,False,False,False,True,False
1,50.0,/home/sunshixin/chenchao/my_rlaf/runs/analysis/echosat_symmetry_grpo_v1_7_acceptance_iter=50_canonical_low_warmup_wc1_per_instance.csv,2,k10_color9,base,k10_color9,complete_coloring,strong_symmetry,large,main,strong,90,775,10.0,5.0,iter=50,4.22593,4.22593,340861.0,314066.0,True,4.6947,4.6947,322229.0,299168.0,True,4.82343,6.571901736907959,321840.0,298649.0,True,4.82343,6.577206289548457,321840.0,298649.0,True,3.37373,5.1868908739753365,275905.0,254385.0,True,True,True,0.003513,1.0,8.0,136.93209838867188,90,0.6931471824645996,True,0.0593845844268798,-1.4497,-1.39031541557312,-0.8521999999999998,0.9609608739753366,-45935.0,-44264.0,0.4687700000000001,0.12873,True,True,False,True,False,False
1,50.0,/home/sunshixin/chenchao/my_rlaf/runs/analysis/echosat_symmetry_grpo_v1_7_acceptance_iter=50_canonical_low_warmup_wc1_per_instance.csv,2,k10_color9,perm_seed1730,k10_color9_perm1730,complete_coloring,strong_symmetry,large,main,strong,90,775,10.0,5.0,iter=50,4.92763,4.92763,413643.0,382655.0,True,4.8172,4.8172,283792.0,262594.0,True,4.79223,6.540701736907959,247778.0,229737.0,True,4.79223,6.545409832550884,247778.0,229737.0,True,3.46361,5.276174416977764,250180.0,231632.0,True,True,True,0.003675,1.0,8.0,136.98228454589844,90,0.6931471824645996,True,0.0593845844268798,-1.32862,-1.26923541557312,-1.4640199999999997,0.3485444169777638,2402.0,1895.0,-0.11043,-0.0249699999999997,True,True,False,False,True,False
1,50.0,/home/sunshixin/chenchao/my_rlaf/runs/analysis/echosat_symmetry_grpo_v1_7_acceptance_iter=50_canonical_low_warmup_wc1_per_instance.csv,2,k10_color9,perm_seed1731,k10_color9_perm1731,complete_coloring,strong_symmetry,large,main,strong,90,775,10.0,5.0,iter=50,4.09311,4.09311,340033.0,312592.0,True,3.92713,3.92713,290369.0,269757.0,True,3.98908,5.737551736907959,290369.0,269757.0,True,3.98908,5.745890438117325,290369.0,269757.0,True,4.0884,5.904595022544205,323520.0,300987.0,True,True,True,0.007339,1.0,8.0,137.00555419921875,90,0.6931471824645996,True,0.0593845844268798,0.09932,0.1587045844268804,-0.0047100000000002,1.811485022544205,33151.0,31230.0,-0.1659800000000002,0.0619499999999999,False,True,False,False,True,False
1,50.0,/home/sunshixin/chenchao/my_rlaf/runs/analysis/echosat_symmetry_grpo_v1_7_acceptance_iter=50_canonical_low_warmup_wc1_per_instance.csv,2,k8_color7,base,k8_color7,complete_coloring,strong_symmetry,large,main,strong,56,372,10.0,5.0,iter=50,0.048698,0.048698,6158.0,5600.0,True,0.053441,0.053441,5946.0,5440.0,True,0.049466,1.797937736907959,5946.0,5440.0,True,0.049466,1.8022970463761687,5946.0,5440.0,True,0.041204,1.8534196308030488,6149.0,5633.0,True,True,True,0.000899,1.0,6.0,84.73548889160156,56,0.6931471824645996,True,0.0593845844268798,-0.008262,0.0511225844268801,-0.007494,1.804721630803049,203.0,193.0,0.004743,-0.0039749999999999,True,True,False,False,True,False
1,50.0,/home/sunshixin/chenchao/my_rlaf/runs/analysis/echosat_symmetry_grpo_v1_7_acceptance_iter=50_canonical_low_warmup_wc1_per_instance.csv,2,k8_color7,perm_seed1730,k8_color7_perm1730,complete_coloring,strong_symmetry,large,main,strong,56,372,10.0,5.0,iter=50,0.037973,0.037973,6138.0,5624.0,True,0.058052,0.058052,6264.0,5696.0,True,0.050391,1.798862736907959,6264.0,5696.0,True,0.050391,1.7998289952549935,6264.0,5696.0,True,0.039859,1.8486815796818727,5889.0,5353.0,True,True,True,0.0,1.0,6.0,84.79159545898438,56,0.6931471824645996,True,0.0593845844268798,-0.010532,0.0488525844268796,0.0018859999999999,1.8107085796818727,-375.0,-343.0,0.020079,-0.007661,True,False,False,True,False,False
1,50.0,/home/sunshixin/chenchao/my_rlaf/runs/analysis/echosat_symmetry_grpo_v1_7_acceptance_iter=50_canonical_low_warmup_wc1_per_instance.csv,2,k8_color7,perm_seed1731,k8_color7_perm1731,complete_coloring,strong_symmetry,large,main,strong,56,372,10.0,5.0,iter=50,0.035266,0.035266,5800.0,5271.0,True,0.044251,0.044251,6148.0,5641.0,True,0.055333,1.803804736907959,6148.0,5641.0,True,0.055333,1.8048596981422904,6148.0,5641.0,True,0.040033,1.84894428256917,6230.0,5694.0,True,True,True,0.0,1.0,6.0,84.7841796875,56,0.6931471824645996,True,0.0593845844268798,-0.0153,0.0440845844268795,0.004767,1.81367828256917,82.0,53.0,0.008985,0.011082,True,False,False,False,True,False
1,50.0,/home/sunshixin/chenchao/my_rlaf/runs/analysis/echosat_symmetry_grpo_v1_7_acceptance_iter=50_canonical_low_warmup_wc1_per_instance.csv,2,k9_color8,base,k9_color8,complete_coloring,strong_symmetry,large,main,strong,72,549,10.0,5.0,iter=50,0.694854,0.694854,46557.0,43529.0,True,0.852961,0.852961,44352.0,41138.0,True,0.60764,2.356111736907959,43519.0,40436.0,True,0.60764,2.3622169012218714,43519.0,40436.0,True,0.478693,2.292654485648751,38337.0,35916.0,True,True,True,0.005135,1.0,7.0,109.32144165039062,72,0.6931471824645996,True,0.0593845844268798,-0.1289469999999999,-0.0695624155731202,-0.216161,1.597800485648751,-5182.0,-4520.0,0.158107,-0.245321,True,True,False,True,False,False
1,50.0,/home/sunshixin/chenchao/my_rlaf/runs/analysis/echosat_symmetry_grpo_v1_7_acceptance_iter=50_canonical_low_warmup_wc1_per_instance.csv,2,k9_color8,perm_seed1730,k9_color8_perm1730,complete_coloring,strong_symmetry,large,main,strong,72,549,10.0,5.0,iter=50,0.444228,0.444228,39708.0,36681.0,True,0.862342,0.862342,45794.0,42555.0,True,0.776896,2.525367736907959,45794.0,42555.0,True,0.776896,2.5305335515046714,45794.0,42555.0,True,0.373207,2.186229135931552,39478.0,36526.0,True,True,True,0.004105,1.0,7.0,109.58531951904295,72,0.6931471824645996,True,0.0593845844268798,-0.403689,-0.3443044155731196,-0.071021,1.7420011359315517,-6316.0,-6029.0,0.418114,-0.085446,True,True,False,True,False,False
1,50.0,/home/sunshixin/chenchao/my_rlaf/runs/analysis/echosat_symmetry_grpo_v1_7_acceptance_iter=50_canonical_low_warmup_wc1_per_instance.csv,2,k9_color8,perm_seed1731,k9_color8_perm1731,complete_coloring,strong_symmetry,large,main,strong,72,549,10.0,5.0,iter=50,0.59301,0.59301,47177.0,43763.0,True,0.682775,0.682775,47579.0,44103.0,True,0.84235,1.4929928718566896,47579.0,44103.0,True,0.84235,1.496477016643286,47579.0,44103.0,True,0.433326,1.156300911311865,39067.0,36227.0,True,True,True,0.00251,1.0,7.0,109.56788635253906,72,0.6931471824645996,True,0.0688478946685791,-0.409024,-0.3401761053314209,-0.159684,0.5632909113118649,-8512.0,-7876.0,0.0897649999999999,0.159575,True,True,False,True,False,False
1,50.0,/home/sunshixin/chenchao/my_rlaf/runs/analysis/echosat_symmetry_grpo_v1_7_acceptance_iter=50_canonical_low_warmup_wc1_per_instance.csv,2,php_p10_h9,base,php_p10_h9,php,strong_symmetry,large,main,strong,90,775,10.0,5.0,iter=50,4.23113,4.23113,340861.0,314066.0,True,4.14597,4.14597,322229.0,299168.0,True,4.30562,4.95626287185669,321840.0,298649.0,True,4.30562,4.960863416501343,321840.0,298649.0,True,3.40746,4.131551311169922,275905.0,254385.0,True,True,True,0.003431,1.0,8.0,136.93209838867188,90,0.6931471824645996,True,0.0688478946685791,-0.8981600000000003,-0.8293121053314216,-0.8236700000000003,-0.0995786888300784,-45935.0,-44264.0,-0.0851600000000001,0.15965,True,True,True,True,False,False
1,50.0,/home/sunshixin/chenchao/my_rlaf/runs/analysis/echosat_symmetry_grpo_v1_7_acceptance_iter=50_canonical_low_warmup_wc1_per_instance.csv,2,php_p10_h9,perm_seed1730,php_p10_h9_perm1730,php,strong_symmetry,large,main,strong,90,775,10.0,5.0,iter=50,4.92532,4.92532,413643.0,382655.0,True,4.60492,4.60492,283792.0,262594.0,True,3.84759,4.49823287185669,247778.0,229737.0,True,3.84759,4.506694954220652,247778.0,229737.0,True,3.45387,4.181822848889232,250180.0,231632.0,True,True,True,0.00743,1.0,8.0,136.98228454589844,90,0.6931471824645996,True,0.0688478946685791,-0.3937199999999996,-0.3248721053314201,-1.47145,-0.743497151110768,2402.0,1895.0,-0.3204000000000002,-0.7573300000000001,True,True,True,False,True,False
1,50.0,/home/sunshixin/chenchao/my_rlaf/runs/analysis/echosat_symmetry_grpo_v1_7_acceptance_iter=50_canonical_low_warmup_wc1_per_instance.csv,2,php_p10_h9,perm_seed1731,php_p10_h9_perm1731,php,strong_symmetry,large,main,strong,90,775,10.0,5.0,iter=50,4.14367,4.14367,340033.0,312592.0,True,4.14606,4.14606,290369.0,269757.0,True,4.04148,4.692122871856689,290369.0,269757.0,True,4.04148,4.702209169514894,290369.0,269757.0,True,4.08865,4.818227064183474,323520.0,300987.0,True,True,True,0.008972,1.0,8.0,137.00555419921875,90,0.6931471824645996,True,0.0688478946685791,0.0471700000000003,0.1160178946685794,-0.0550199999999998,0.6745570641834737,33151.0,31230.0,0.0023900000000001,-0.1045800000000003,False,True,False,False,True,False
1,50.0,/home/sunshixin/chenchao/my_rlaf/runs/analysis/echosat_symmetry_grpo_v1_7_acceptance_iter=50_canonical_low_warmup_wc1_per_instance.csv,2,php_p9_h8,base,php_p9_h8,php,strong_symmetry,large,main,strong,72,549,10.0,5.0,iter=50,0.682167,0.682167,46557.0,43529.0,True,0.850313,0.850313,44352.0,41138.0,True,0.711647,1.3622898718566896,43519.0,40436.0,True,0.711647,1.3686338410529495,43519.0,40436.0,True,0.514214,1.2400487357215284,38337.0,35916.0,True,True,True,0.005283,1.0,7.0,109.32144165039062,72,0.6931471824645996,True,0.0688478946685791,-0.197433,-0.1285851053314211,-0.167953,0.5578817357215284,-5182.0,-4520.0,0.168146,-0.1386659999999999,True,True,False,True,False,False
1,50.0,/home/sunshixin/chenchao/my_rlaf/runs/analysis/echosat_symmetry_grpo_v1_7_acceptance_iter=50_canonical_low_warmup_wc1_per_instance.csv,2,php_p9_h8,perm_seed1730,php_p9_h8_perm1730,php,strong_symmetry,large,main,strong,72,549,10.0,5.0,iter=50,0.459491,0.459491,39708.0,36681.0,True,0.653852,0.653852,45794.0,42555.0,True,0.727629,1.378271871856689,45794.0,42555.0,True,0.727629,1.3840410664666891,45794.0,42555.0,True,0.392897,1.1181569611352682,39478.0,36526.0,True,True,True,0.004673,1.0,7.0,109.58531951904295,72,0.6931471824645996,True,0.0688478946685791,-0.334732,-0.2658841053314209,-0.0665939999999999,0.6586659611352682,-6316.0,-6029.0,0.194361,0.0737769999999999,True,True,False,True,False,False
1,50.0,/home/sunshixin/chenchao/my_rlaf/runs/analysis/echosat_symmetry_grpo_v1_7_acceptance_iter=50_canonical_low_warmup_wc1_per_instance.csv,2,php_p9_h8,perm_seed1731,php_p9_h8_perm1731,php,strong_symmetry,large,main,strong,72,549,10.0,5.0,iter=50,0.62955,0.62955,47177.0,43763.0,True,0.824398,0.824398,47579.0,44103.0,True,0.757037,1.4076798718566894,47579.0,44103.0,True,0.757037,1.4135647768734096,47579.0,44103.0,True,0.483971,1.209346671541989,41102.0,37964.0,True,True,True,0.004905,1.0,7.0,109.56788635253906,72,0.6931471824645996,True,0.0688478946685791,-0.273066,-0.2042181053314207,-0.145579,0.5797966715419889,-6477.0,-6139.0,0.1948479999999999,-0.067361,True,True,False,True,False,False
1,50.0,/home/sunshixin/chenchao/my_rlaf/runs/analysis/echosat_symmetry_grpo_v1_7_acceptance_iter=50_canonical_low_warmup_wc1_per_instance.csv,2,random_3sat_control_v160_c704_seed2615,base,random_3sat_control_v160_c704_seed2615,random_3sat_control,non_symmetric_control,large,control,none,160,704,10.0,5.0,iter=50,0.063882,0.063882,6771.0,5767.0,True,0.067005,0.067005,5702.0,4813.0,True,0.044331,0.6949738718566895,4859.0,4212.0,True,0.044331,0.7008668895010353,4859.0,4212.0,True,0.046737,0.7721207841696144,5576.0,4777.0,True,False,False,0.004646,1.0,20.0,250.25311279296875,160,0.6931471824645996,True,0.0688478946685791,0.0024059999999999,0.0712538946685791,-0.0171449999999999,0.7082387841696144,717.0,565.0,0.003123,-0.0226739999999999,False,True,False,False,True,True
1,50.0,/home/sunshixin/chenchao/my_rlaf/runs/analysis/echosat_symmetry_grpo_v1_7_acceptance_iter=50_canonical_low_warmup_wc1_per_instance.csv,2,random_3sat_control_v160_c704_seed2615,perm_seed1730,random_3sat_control_v160_c704_seed2615_perm1730,random_3sat_control,non_symmetric_control,large,control,none,160,704,10.0,5.0,iter=50,0.095359,0.095359,8522.0,7299.0,True,0.111072,0.111072,7934.0,6809.0,True,0.052415,0.7640095816040039,4602.0,4008.0,True,0.052415,0.7708443220220208,4602.0,4008.0,True,0.054824,0.8563998941350579,5025.0,4323.0,True,False,False,0.005517,1.0,20.0,250.9976043701172,160,0.6931471824645996,True,0.0831465721130371,0.0024089999999999,0.0855555721130371,-0.040535,0.7610408941350579,423.0,315.0,0.015713,-0.058657,False,True,False,False,True,True
1,50.0,/home/sunshixin/chenchao/my_rlaf/runs/analysis/echosat_symmetry_grpo_v1_7_acceptance_iter=50_canonical_low_warmup_wc1_per_instance.csv,2,random_3sat_control_v160_c704_seed2615,perm_seed1731,random_3sat_control_v160_c704_seed2615_perm1731,random_3sat_control,non_symmetric_control,large,control,none,160,704,10.0,5.0,iter=50,0.04704,0.04704,5676.0,4847.0,True,0.119415,0.119415,8017.0,6851.0,True,0.050228,0.761822581604004,4961.0,4384.0,True,0.050228,0.7658418062632084,4961.0,4384.0,True,0.053572,0.8523323783762454,5804.0,4967.0,True,False,False,0.00286,1.0,20.0,250.14382934570312,160,0.6931471824645996,True,0.0831465721130371,0.0033439999999999,0.086490572113037,0.006532,0.8052923783762455,843.0,583.0,0.072375,-0.069187,False,False,False,False,True,True
1,50.0,/home/sunshixin/chenchao/my_rlaf/runs/analysis/echosat_symmetry_grpo_v1_7_acceptance_iter=50_canonical_low_warmup_wc1_per_instance.csv,2,random_3sat_control_v180_c760_seed3301,base,random_3sat_control_v180_c760_seed3301,random_3sat_control,non_symmetric_control,large,control,none,180,760,10.0,5.0,iter=50,0.492302,0.492302,27442.0,23617.0,True,0.174292,0.174292,10470.0,8910.0,True,0.00903,0.7206245816040039,693.0,567.0,True,0.00903,0.7238139940137267,693.0,567.0,True,0.635097,1.4330275661267635,40918.0,36229.0,True,False,False,0.001896,1.0,25.0,290.802978515625,180,0.6931471824645996,True,0.0831465721130371,0.626067,0.7092135721130368,0.142795,0.9407255661267636,40225.0,35662.0,-0.31801,-0.165262,False,False,False,False,True,True
1,50.0,/home/sunshixin/chenchao/my_rlaf/runs/analysis/echosat_symmetry_grpo_v1_7_acceptance_iter=50_canonical_low_warmup_wc1_per_instance.csv,2,random_3sat_control_v180_c760_seed3301,perm_seed1730,random_3sat_control_v180_c760_seed3301_perm1730,random_3sat_control,non_symmetric_control,large,control,none,180,760,10.0,5.0,iter=50,1.04841,1.04841,47649.0,41152.0,True,0.095586,0.095586,7421.0,6253.0,True,0.008817,0.7204115816040039,643.0,525.0,True,0.008817,0.726404841443479,643.0,525.0,True,0.458694,1.259428413556516,31948.0,28037.0,True,False,False,0.004831,1.0,25.0,292.0396728515625,180,0.6931471824645996,True,0.0831465721130371,0.4498769999999999,0.5330235721130369,-0.5897160000000001,0.2110184135565158,31305.0,27512.0,-0.952824,-0.086769,False,True,False,False,True,True
1,50.0,/home/sunshixin/chenchao/my_rlaf/runs/analysis/echosat_symmetry_grpo_v1_7_acceptance_iter=50_canonical_low_warmup_wc1_per_instance.csv,2,random_3sat_control_v180_c760_seed3301,perm_seed1731,random_3sat_control_v180_c760_seed3301_perm1731,random_3sat_control,non_symmetric_control,large,control,none,180,760,10.0,5.0,iter=50,0.493754,0.493754,27197.0,23469.0,True,0.152886,0.152886,9011.0,7714.0,True,0.008559,0.7201535816040039,590.0,484.0,True,0.008559,0.7235146520420312,590.0,484.0,True,0.681101,1.4792032241550683,41749.0,36909.0,True,False,False,0.00203,1.0,25.0,291.0475769042969,180,0.6931471824645996,True,0.0831465721130371,0.672542,0.7556885721130371,0.1873469999999999,0.9854492241550684,41159.0,36425.0,-0.340868,-0.1443269999999999,False,False,False,False,True,True
1,50.0,/home/sunshixin/chenchao/my_rlaf/runs/analysis/echosat_symmetry_grpo_v1_7_acceptance_iter=50_canonical_low_warmup_wc1_per_instance.csv,2,random_3sat_control_v220_c928_seed3303,base,random_3sat_control_v220_c928_seed3303,random_3sat_control,non_symmetric_control,large,control,none,220,928,10.0,5.0,iter=50,0.72789,0.72789,30277.0,25994.0,True,0.559469,0.559469,22265.0,19025.0,True,0.000407,0.712001581604004,62.0,4.0,True,0.000407,0.7189602251580358,62.0,4.0,True,0.011535,0.8132347972710728,779.0,606.0,True,False,False,0.005703,1.0,28.0,332.48345947265625,220,0.6931471824645996,True,0.0831465721130371,0.011128,0.094274572113037,-0.7163550000000001,0.0853447972710728,717.0,602.0,-0.168421,-0.559062,False,True,False,False,True,True
1,50.0,/home/sunshixin/chenchao/my_rlaf/runs/analysis/echosat_symmetry_grpo_v1_7_acceptance_iter=50_canonical_low_warmup_wc1_per_instance.csv,2,random_3sat_control_v220_c928_seed3303,perm_seed1730,random_3sat_control_v220_c928_seed3303_perm1730,random_3sat_control,non_symmetric_control,large,control,none,220,928,10.0,5.0,iter=50,1.4258,1.4258,52742.0,45477.0,True,0.252097,0.252097,13039.0,11071.0,True,0.000109,0.7117035816040039,62.0,4.0,True,0.000109,0.7184049088097215,62.0,4.0,True,0.007299,0.8087414809227587,596.0,452.0,True,False,False,0.005437,1.0,28.0,330.46795654296875,220,0.6931471824645996,True,0.0831465721130371,0.00719,0.0903365721130371,-1.418501,-0.6170585190772413,534.0,448.0,-1.173703,-0.251988,False,True,True,False,True,True
1,50.0,/home/sunshixin/chenchao/my_rlaf/runs/analysis/echosat_symmetry_grpo_v1_7_acceptance_iter=50_canonical_low_warmup_wc1_per_instance.csv,2,random_3sat_control_v220_c928_seed3303,perm_seed1731,random_3sat_control_v220_c928_seed3303_perm1731,random_3sat_control,non_symmetric_control,large,control,none,220,928,10.0,5.0,iter=50,0.056654,0.056654,4930.0,4147.0,True,0.436325,0.436325,19684.0,16814.0,True,0.004149,0.7157435816040039,63.0,4.0,True,0.004149,0.7224739254165291,63.0,4.0,True,0.013633,0.8151044975295663,849.0,670.0,True,False,False,0.005242,1.0,28.0,331.7943725585937,220,0.6931471824645996,True,0.0831465721130371,0.009484,0.0926305721130371,-0.043021,0.7584504975295663,786.0,666.0,0.379671,-0.432176,False,True,False,False,True,True
1,50.0,/home/sunshixin/chenchao/my_rlaf/runs/analysis/echosat_symmetry_grpo_v1_7_acceptance_iter=50_canonical_low_warmup_wc1_per_instance.csv,2,random_3sat_control_v220_c942_seed3304,base,random_3sat_control_v220_c942_seed3304,random_3sat_control,non_symmetric_control,large,control,none,220,942,10.0,5.0,iter=50,0.658319,0.658319,35472.0,30813.0,True,0.969487,0.969487,41376.0,36046.0,True,0.441632,1.794661727935791,26754.0,23980.0,True,0.441632,1.801495005096972,26754.0,23980.0,True,0.737885,2.1896068689275383,39651.0,35316.0,True,False,False,0.005506,1.0,24.0,322.4337158203125,220,0.6931471824645996,True,0.0918588638305664,0.296253,0.3881118638305663,0.079566,1.5312878689275382,12897.0,11336.0,0.311168,-0.527855,False,False,False,False,True,True
1,50.0,/home/sunshixin/chenchao/my_rlaf/runs/analysis/echosat_symmetry_grpo_v1_7_acceptance_iter=50_canonical_low_warmup_wc1_per_instance.csv,2,random_3sat_control_v220_c942_seed3304,perm_seed1730,random_3sat_control_v220_c942_seed3304_perm1730,random_3sat_control,non_symmetric_control,large,control,none,220,942,10.0,5.0,iter=50,0.660435,0.660435,34825.0,30052.0,True,0.721128,0.721128,33221.0,28818.0,True,0.426703,1.779732727935791,26445.0,23804.0,True,0.426703,1.7858506775792242,26445.0,23804.0,True,0.7195,2.1705065414097904,38918.0,34667.0,True,False,False,0.00472,1.0,24.0,324.02960205078125,220,0.6931471824645996,True,0.0918588638305664,0.292797,0.3846558638305661,0.059065,1.5100715414097905,12473.0,10863.0,0.060693,-0.294425,False,False,False,False,True,True
1,50.0,/home/sunshixin/chenchao/my_rlaf/runs/analysis/echosat_symmetry_grpo_v1_7_acceptance_iter=50_canonical_low_warmup_wc1_per_instance.csv,2,random_3sat_control_v220_c942_seed3304,perm_seed1731,random_3sat_control_v220_c942_seed3304_perm1731,random_3sat_control,non_symmetric_control,large,control,none,220,942,10.0,5.0,iter=50,0.70977,0.70977,38737.0,33758.0,True,0.785053,0.785053,38909.0,33544.0,True,0.526264,1.8792937279357909,26149.0,23448.0,True,0.526264,1.8837428380007148,26149.0,23448.0,True,0.618698,2.068035701831281,38654.0,34629.0,True,False,False,0.003112,1.0,24.0,324.64569091796875,220,0.6931471824645996,True,0.0918588638305664,0.092434,0.1842928638305663,-0.091072,1.3582657018312811,12505.0,11181.0,0.0752829999999999,-0.258789,False,True,False,False,True,True
1,50.0,/home/sunshixin/chenchao/my_rlaf/runs/analysis/echosat_symmetry_grpo_v1_7_acceptance_iter=50_canonical_low_warmup_wc1_per_instance.csv,2,random_3sat_control_v260_c1097_seed3305,base,random_3sat_control_v260_c1097_seed3305,random_3sat_control,non_symmetric_control,large,control,none,260,1097,10.0,5.0,iter=50,6.87364,6.87364,216854.0,188499.0,True,2.35007,2.35007,73626.0,64181.0,True,1.69245,3.045479727935791,60642.0,54350.0,True,1.69245,3.0536158100370168,60642.0,54350.0,True,1.05419,2.507214673867584,53780.0,47404.0,True,False,False,0.006741,1.0,35.0,390.6428833007813,260,0.6931471824645996,True,0.0918588638305664,-0.63826,-0.546401136169433,-5.81945,-4.366425326132417,-6862.0,-6946.0,-4.523569999999999,-0.6576200000000001,True,True,True,True,False,True
1,50.0,/home/sunshixin/chenchao/my_rlaf/runs/analysis/echosat_symmetry_grpo_v1_7_acceptance_iter=50_canonical_low_warmup_wc1_per_instance.csv,2,random_3sat_control_v260_c1097_seed3305,perm_seed1730,random_3sat_control_v260_c1097_seed3305_perm1730,random_3sat_control,non_symmetric_control,large,control,none,260,1097,10.0,5.0,iter=50,7.41564,7.41564,224505.0,195557.0,True,0.600849,0.600849,27246.0,23387.0,True,1.71404,3.067069727935791,60686.0,54724.0,True,1.71404,3.0711007979971767,60686.0,54724.0,True,1.67102,3.119939661827744,77655.0,69047.0,True,False,False,0.002566,1.0,35.0,390.0680847167969,260,0.6931471824645996,True,0.0918588638305664,-0.04302,0.048838863830567,-5.744619999999999,-4.2957003381722565,16969.0,14323.0,-6.814791,1.113191,True,True,True,False,True,True
1,50.0,/home/sunshixin/chenchao/my_rlaf/runs/analysis/echosat_symmetry_grpo_v1_7_acceptance_iter=50_canonical_low_warmup_wc1_per_instance.csv,2,random_3sat_control_v260_c1097_seed3305,perm_seed1731,random_3sat_control_v260_c1097_seed3305_perm1731,random_3sat_control,non_symmetric_control,large,control,none,260,1097,10.0,5.0,iter=50,3.94905,3.94905,105916.0,92052.0,True,5.55924,5.55924,162997.0,142194.0,True,1.03484,2.387869727935791,48534.0,43247.0,True,1.03484,2.399410598138213,48534.0,43247.0,True,1.21642,2.67284946196878,59080.0,52233.0,True,False,False,0.009354,1.0,35.0,389.6698913574219,260,0.6931471824645996,True,0.0918588638305664,0.18158,0.2734388638305671,-2.7326300000000003,-1.2762005380312202,10546.0,8986.0,1.6101899999999998,-4.5244,False,True,True,False,True,True
1,50.0,/home/sunshixin/chenchao/my_rlaf/runs/analysis/echosat_symmetry_grpo_v1_7_acceptance_iter=50_canonical_low_warmup_wc1_per_instance.csv,2,random_3sat_control_v260_c1113_seed3306,base,random_3sat_control_v260_c1113_seed3306,random_3sat_control,non_symmetric_control,large,control,none,260,1113,10.0,5.0,iter=50,5.49965,5.49965,178146.0,155541.0,True,6.34623,6.34623,186876.0,163308.0,True,6.31155,7.664579727935791,226200.0,205404.0,True,6.31155,7.675589771808446,226200.0,205404.0,True,7.42339,8.879288635639012,271876.0,239281.0,True,False,False,0.008306,1.0,33.0,397.6284790039063,260,0.6931471824645996,True,0.0918588638305664,1.11184,1.2036988638305663,1.9237400000000004,3.3796386356390125,45676.0,33877.0,0.8465800000000003,-0.0346799999999998,False,False,False,False,True,True
1,50.0,/home/sunshixin/chenchao/my_rlaf/runs/analysis/echosat_symmetry_grpo_v1_7_acceptance_iter=50_canonical_low_warmup_wc1_per_instance.csv,2,random_3sat_control_v260_c1113_seed3306,perm_seed1730,random_3sat_control_v260_c1113_seed3306_perm1730,random_3sat_control,non_symmetric_control,large,control,none,260,1113,10.0,5.0,iter=50,5.13249,5.13249,171334.0,149746.0,True,6.93194,6.93194,206936.0,180741.0,True,5.67398,7.027009727935791,206101.0,186162.0,True,5.67398,7.034773041750372,206101.0,186162.0,True,6.69201,8.144661905580937,263518.0,232369.0,True,False,False,0.006423,1.0,33.0,396.3316650390625,260,0.6931471824645996,True,0.0918588638305664,1.0180299999999995,1.109888863830565,1.55952,3.0121719055809377,57417.0,46207.0,1.7994500000000002,-1.2579599999999995,False,False,False,False,True,True
1,50.0,/home/sunshixin/chenchao/my_rlaf/runs/analysis/echosat_symmetry_grpo_v1_7_acceptance_iter=50_canonical_low_warmup_wc1_per_instance.csv,2,random_3sat_control_v260_c1113_seed3306,perm_seed1731,random_3sat_control_v260_c1113_seed3306_perm1731,random_3sat_control,non_symmetric_control,large,control,none,260,1113,10.0,5.0,iter=50,6.65609,6.65609,202621.0,177648.0,True,7.0342,7.0342,214985.0,187707.0,True,5.9752,6.320344510269165,217745.0,196903.0,True,5.9752,6.324362801597298,217745.0,196903.0,True,6.40893,6.830223004844367,265073.0,234293.0,True,False,False,0.002818,1.0,33.0,397.0461730957031,260,0.6931471824645996,True,0.0721302032470703,0.4337299999999997,0.5058602032470692,-0.24716,0.174133004844367,47328.0,37390.0,0.3781100000000004,-1.0590000000000002,False,True,False,False,True,True
1,50.0,/home/sunshixin/chenchao/my_rlaf/runs/analysis/echosat_symmetry_grpo_v1_7_acceptance_iter=50_canonical_low_warmup_wc1_per_instance.csv,2,random_3sat_control_v300_c1266_seed3307,base,random_3sat_control_v300_c1266_seed3307,random_3sat_control,non_symmetric_control,large,control,none,300,1266,10.0,5.0,iter=50,0.216945,0.216945,12894.0,10895.0,True,2.55972,2.55972,71356.0,61376.0,True,0.010701,0.355845510269165,288.0,182.0,True,0.010701,0.3656164357702732,288.0,182.0,True,0.033422,0.4604676390173435,2612.0,2047.0,True,False,False,0.008547,1.0,46.0,466.681884765625,300,0.6931471824645996,True,0.0721302032470703,0.0227209999999999,0.0948512032470703,-0.183523,0.2435226390173435,2324.0,1865.0,2.342775,-2.549019,False,True,False,False,True,True
1,50.0,/home/sunshixin/chenchao/my_rlaf/runs/analysis/echosat_symmetry_grpo_v1_7_acceptance_iter=50_canonical_low_warmup_wc1_per_instance.csv,2,random_3sat_control_v300_c1266_seed3307,perm_seed1730,random_3sat_control_v300_c1266_seed3307_perm1730,random_3sat_control,non_symmetric_control,large,control,none,300,1266,10.0,5.0,iter=50,1.27815,1.27815,43103.0,37339.0,True,2.09451,2.09451,63498.0,54506.0,True,0.017017,0.362161510269165,321.0,205.0,True,0.017017,0.3713765129402876,321.0,205.0,True,0.040979,0.4674687161873579,2305.0,1828.0,True,False,False,0.007794,1.0,46.0,465.9733581542969,300,0.6931471824645996,True,0.0721302032470703,0.023962,0.0960922032470703,-1.2371709999999998,-0.810681283812642,1984.0,1623.0,0.8163600000000002,-2.077493,False,True,True,False,True,True
1,50.0,/home/sunshixin/chenchao/my_rlaf/runs/analysis/echosat_symmetry_grpo_v1_7_acceptance_iter=50_canonical_low_warmup_wc1_per_instance.csv,2,random_3sat_control_v300_c1266_seed3307,perm_seed1731,random_3sat_control_v300_c1266_seed3307_perm1731,random_3sat_control,non_symmetric_control,large,control,none,300,1266,10.0,5.0,iter=50,2.08504,2.08504,66962.0,57424.0,True,0.110628,0.110628,7524.0,6304.0,True,0.009085,0.354229510269165,375.0,247.0,True,0.009085,0.3598268175709248,375.0,247.0,True,0.043565,0.4664370208179951,2556.0,2015.0,True,False,False,0.004195,1.0,46.0,465.2885437011719,300,0.6931471824645996,True,0.0721302032470703,0.03448,0.1066102032470703,-2.041475,-1.618602979182005,2181.0,1768.0,-1.974412,-0.101543,False,True,True,False,True,True
1,50.0,/home/sunshixin/chenchao/my_rlaf/runs/analysis/echosat_symmetry_grpo_v1_7_acceptance_iter=50_canonical_low_warmup_wc1_per_instance.csv,2,subset_cardinality_bw10,base,subset_cardinality_bw10,subset_cardinality,weak_symmetry,large,main,weak,41,92,10.0,5.0,iter=50,0.001638,0.001638,193.0,141.0,True,0.000467,0.000467,237.0,193.0,True,0.000422,0.345566510269165,162.0,142.0,True,0.000422,0.3483818498401045,162.0,142.0,True,0.0,0.4200900530871749,179.0,149.0,True,True,True,0.00167,1.0,5.0,62.83808517456055,41,0.6931471824645996,True,0.0721302032470703,-0.000422,0.0717082032470703,-0.001638,0.4184520530871749,17.0,7.0,-0.001171,-4.500000000000001e-05,True,True,False,False,True,False
1,50.0,/home/sunshixin/chenchao/my_rlaf/runs/analysis/echosat_symmetry_grpo_v1_7_acceptance_iter=50_canonical_low_warmup_wc1_per_instance.csv,2,subset_cardinality_bw10,perm_seed1730,subset_cardinality_bw10_perm1730,subset_cardinality,weak_symmetry,large,main,weak,41,92,10.0,5.0,iter=50,0.001664,0.001664,218.0,167.0,True,0.001054,0.001054,221.0,169.0,True,0.000747,0.345891510269165,156.0,137.0,True,0.000747,0.3486878728153705,156.0,137.0,True,0.002465,0.4225360760624408,171.0,150.0,True,True,True,0.001722,1.0,6.0,62.92706298828125,41,0.6931471824645996,True,0.0721302032470703,0.001718,0.0738482032470703,0.000801,0.4208720760624408,15.0,13.0,-0.0006099999999999,-0.000307,False,False,False,False,True,False
1,50.0,/home/sunshixin/chenchao/my_rlaf/runs/analysis/echosat_symmetry_grpo_v1_7_acceptance_iter=50_canonical_low_warmup_wc1_per_instance.csv,2,subset_cardinality_bw10,perm_seed1731,subset_cardinality_bw10_perm1731,subset_cardinality,weak_symmetry,large,main,weak,41,92,10.0,5.0,iter=50,0.000288,0.000288,202.0,147.0,True,0.001689,0.001689,247.0,155.0,True,0.0,0.345144510269165,203.0,164.0,True,0.0,0.3486206647233367,203.0,164.0,True,0.003103,0.423853867970407,176.0,147.0,True,True,True,0.002272,1.0,7.0,62.392337799072266,41,0.6931471824645996,True,0.0721302032470703,0.003103,0.0752332032470702,0.002815,0.4235658679704069,-27.0,-17.0,0.001401,-0.001689,False,False,False,True,False,False
1,50.0,/home/sunshixin/chenchao/my_rlaf/runs/analysis/echosat_symmetry_grpo_v1_7_acceptance_iter=50_canonical_low_warmup_wc1_per_instance.csv,2,subset_cardinality_bw12,base,subset_cardinality_bw12,subset_cardinality,weak_symmetry,large,main,weak,49,108,10.0,5.0,iter=50,0.001964,0.001964,442.0,342.0,True,0.002571,0.002571,491.0,414.0,True,0.000632,0.345776510269165,384.0,312.0,True,0.000632,0.3467795633084774,384.0,312.0,True,0.00343,0.4217077665555477,409.0,329.0,True,True,True,0.0,1.0,9.0,75.44426727294922,49,0.6931471824645996,True,0.0721302032470703,0.002798,0.0749282032470702,0.0014659999999999,0.4197437665555477,25.0,17.0,0.0006069999999999,-0.001939,False,False,False,False,True,False
1,50.0,/home/sunshixin/chenchao/my_rlaf/runs/analysis/echosat_symmetry_grpo_v1_7_acceptance_iter=50_canonical_low_warmup_wc1_per_instance.csv,2,subset_cardinality_bw12,perm_seed1730,subset_cardinality_bw12_perm1730,subset_cardinality,weak_symmetry,large,main,weak,49,108,10.0,5.0,iter=50,0.001748,0.001748,440.0,329.0,True,0.002282,0.002282,397.0,314.0,True,0.002861,0.2617568740234375,343.0,268.0,True,0.002861,0.264687387121737,343.0,268.0,True,0.003663,0.2953265186219811,349.0,287.0,True,True,True,0.001776,1.0,7.0,73.95069122314453,49,0.6931471824645996,True,0.0298371315002441,0.000802,0.0306391315002441,0.001915,0.2935785186219811,6.0,19.0,0.000534,0.0005789999999999,False,False,False,False,True,False
1,50.0,/home/sunshixin/chenchao/my_rlaf/runs/analysis/echosat_symmetry_grpo_v1_7_acceptance_iter=50_canonical_low_warmup_wc1_per_instance.csv,2,subset_cardinality_bw12,perm_seed1731,subset_cardinality_bw12_perm1731,subset_cardinality,weak_symmetry,large,main,weak,49,108,10.0,5.0,iter=50,0.001757,0.001757,393.0,297.0,True,0.002337,0.002337,439.0,311.0,True,0.00309,0.2619858740234375,363.0,285.0,True,0.00309,0.2646943338167071,363.0,285.0,True,0.0,0.2914414653169512,377.0,305.0,True,True,True,0.001644,1.0,7.0,75.07693481445312,49,0.6931471824645996,True,0.0298371315002441,-0.00309,0.0267471315002441,-0.001757,0.2896844653169512,14.0,20.0,0.00058,0.0007529999999999,True,True,False,False,True,False
1,50.0,/home/sunshixin/chenchao/my_rlaf/runs/analysis/echosat_symmetry_grpo_v1_7_acceptance_iter=50_canonical_low_warmup_wc1_per_instance.csv,2,subset_cardinality_bw8,base,subset_cardinality_bw8,subset_cardinality,weak_symmetry,medium,main,weak,33,76,10.0,5.0,iter=50,0.000901,0.000901,89.0,67.0,True,0.000974,0.000974,106.0,76.0,True,0.001954,0.2608498740234375,84.0,69.0,True,0.001954,0.2634670776277185,84.0,69.0,True,0.0,0.2913502091279626,97.0,83.0,True,True,True,0.00141,1.0,12.0,54.99262619018555,33,0.6931471824645996,True,0.0298371315002441,-0.001954,0.0278831315002441,-0.000901,0.2904492091279626,13.0,14.0,7.300000000000004e-05,0.00098,True,True,False,False,True,False
1,50.0,/home/sunshixin/chenchao/my_rlaf/runs/analysis/echosat_symmetry_grpo_v1_7_acceptance_iter=50_canonical_low_warmup_wc1_per_instance.csv,2,subset_cardinality_bw8,perm_seed1730,subset_cardinality_bw8_perm1730,subset_cardinality,weak_symmetry,medium,main,weak,33,76,10.0,5.0,iter=50,0.000931,0.000931,110.0,76.0,True,0.00162,0.00162,127.0,80.0,True,0.001823,0.2607188740234375,100.0,79.0,True,0.001823,0.2622022930757403,100.0,79.0,True,0.001151,0.2913674245759844,106.0,84.0,True,True,True,0.000449,1.0,5.0,49.16338348388672,33,0.6931471824645996,True,0.0298371315002441,-0.000672,0.0291651315002441,0.0002199999999999,0.2904364245759844,6.0,5.0,0.0006889999999999,0.000203,True,False,False,False,True,False
1,50.0,/home/sunshixin/chenchao/my_rlaf/runs/analysis/echosat_symmetry_grpo_v1_7_acceptance_iter=50_canonical_low_warmup_wc1_per_instance.csv,2,subset_cardinality_bw8,perm_seed1731,subset_cardinality_bw8_perm1731,subset_cardinality,weak_symmetry,medium,main,weak,33,76,10.0,5.0,iter=50,0.000892,0.000892,91.0,70.0,True,0.0,0.0,102.0,79.0,True,0.001616,0.2605118740234375,81.0,70.0,True,0.001616,0.2628467883566022,81.0,70.0,True,0.000579,0.2916469198568463,92.0,76.0,True,True,True,0.001324,1.0,11.0,55.44180679321289,33,0.6931471824645996,True,0.0298371315002441,-0.001037,0.0288001315002441,-0.000313,0.2907549198568463,11.0,6.0,-0.000892,0.001616,True,True,False,False,True,False
3,50.0,/home/sunshixin/chenchao/my_rlaf/runs/analysis/echosat_symmetry_grpo_v1_7_acceptance_iter=50_canonical_low_warmup_wc3_per_instance.csv,0,k10_color9,base,k10_color9,complete_coloring,strong_symmetry,large,main,strong,90,775,10.0,5.0,iter=50,4.3812,4.3812,340861.0,314066.0,True,4.16074,4.16074,322229.0,299168.0,True,4.08372,4.442685635299682,321840.0,298649.0,True,4.08372,4.45256354725784,321840.0,298649.0,True,3.47266,3.8998421893782016,320878.0,297689.0,True,True,True,0.007436,3.0,9.0,195.45620727539065,90,1.0986123085021973,True,0.0583386421203613,-0.6110599999999997,-0.5527213578796388,-0.90854,-0.4813578106217981,-962.0,-960.0,-0.2204600000000001,-0.07702,True,True,True,True,False,False
3,50.0,/home/sunshixin/chenchao/my_rlaf/runs/analysis/echosat_symmetry_grpo_v1_7_acceptance_iter=50_canonical_low_warmup_wc3_per_instance.csv,0,k10_color9,perm_seed1730,k10_color9_perm1730,complete_coloring,strong_symmetry,large,main,strong,90,775,10.0,5.0,iter=50,5.15622,5.15622,413643.0,382655.0,True,4.90042,4.90042,283792.0,262594.0,True,3.9304,4.289365635299683,247778.0,229737.0,True,3.9304,4.29758241449821,247778.0,229737.0,True,3.83215,4.257671056618571,329760.0,309263.0,True,True,True,0.006943,3.0,9.0,194.30953979492188,90,1.0986123085021973,True,0.0583386421203613,-0.0982500000000001,-0.0399113578796388,-1.3240700000000003,-0.8985489433814289,81982.0,79526.0,-0.2557999999999998,-0.9700200000000004,True,True,True,False,True,False
3,50.0,/home/sunshixin/chenchao/my_rlaf/runs/analysis/echosat_symmetry_grpo_v1_7_acceptance_iter=50_canonical_low_warmup_wc3_per_instance.csv,0,k10_color9,perm_seed1731,k10_color9_perm1731,complete_coloring,strong_symmetry,large,main,strong,90,775,10.0,5.0,iter=50,4.15804,4.15804,340033.0,312592.0,True,4.42675,4.42675,290369.0,269757.0,True,4.4863,4.845265635299683,290369.0,269757.0,True,4.4863,4.854038962078988,290369.0,269757.0,True,4.96437,5.390447604199349,384998.0,361413.0,True,True,True,0.007565,3.0,9.0,193.47189331054688,90,1.0986123085021973,True,0.0583386421203613,0.4780699999999998,0.5364086421203611,0.80633,1.2324076041993497,94629.0,91656.0,0.2687100000000004,0.0595499999999997,False,False,False,False,True,False
3,50.0,/home/sunshixin/chenchao/my_rlaf/runs/analysis/echosat_symmetry_grpo_v1_7_acceptance_iter=50_canonical_low_warmup_wc3_per_instance.csv,0,k8_color7,base,k8_color7,complete_coloring,strong_symmetry,large,main,strong,56,372,10.0,5.0,iter=50,0.052614,0.052614,6158.0,5600.0,True,0.04434,0.04434,5946.0,5440.0,True,0.04186,0.4008256352996826,5946.0,5440.0,True,0.04186,0.4056646118583679,5946.0,5440.0,True,0.03965,0.4617932539787293,5475.0,5038.0,True,True,True,0.003759,3.0,7.0,125.01708984375,56,1.0986123085021973,True,0.0583386421203613,-0.00221,0.0561286421203613,-0.012964,0.4091792539787293,-471.0,-402.0,-0.008274,-0.0024799999999999,True,True,False,True,False,False
3,50.0,/home/sunshixin/chenchao/my_rlaf/runs/analysis/echosat_symmetry_grpo_v1_7_acceptance_iter=50_canonical_low_warmup_wc3_per_instance.csv,0,k8_color7,perm_seed1730,k8_color7_perm1730,complete_coloring,strong_symmetry,large,main,strong,56,372,10.0,5.0,iter=50,0.053832,0.053832,6138.0,5624.0,True,0.056343,0.056343,6264.0,5696.0,True,0.051008,0.4099736352996826,6264.0,5696.0,True,0.051008,0.4150995946057438,6264.0,5696.0,True,0.041875,0.4643052367261052,5486.0,5050.0,True,True,True,0.003835,3.0,7.0,125.1129913330078,56,1.0986123085021973,True,0.0583386421203613,-0.0091329999999999,0.0492056421203613,-0.0119569999999999,0.4104732367261052,-778.0,-646.0,0.0025109999999999,-0.0053349999999999,True,True,False,True,False,False
3,50.0,/home/sunshixin/chenchao/my_rlaf/runs/analysis/echosat_symmetry_grpo_v1_7_acceptance_iter=50_canonical_low_warmup_wc3_per_instance.csv,0,k8_color7,perm_seed1731,k8_color7_perm1731,complete_coloring,strong_symmetry,large,main,strong,56,372,10.0,5.0,iter=50,0.038258,0.038258,5800.0,5271.0,True,0.063609,0.063609,6148.0,5641.0,True,0.04916,0.4081256352996826,6148.0,5641.0,True,0.04916,0.4133201817460656,6148.0,5641.0,True,0.038168,0.4606668238664269,5943.0,5428.0,True,True,True,0.004033,3.0,7.0,125.51768493652344,56,1.0986123085021973,True,0.0583386421203613,-0.010992,0.0473466421203612,-8.99999999999998e-05,0.4224088238664268,-205.0,-213.0,0.025351,-0.0144489999999999,True,True,False,True,False,False
3,50.0,/home/sunshixin/chenchao/my_rlaf/runs/analysis/echosat_symmetry_grpo_v1_7_acceptance_iter=50_canonical_low_warmup_wc3_per_instance.csv,0,k9_color8,base,k9_color8,complete_coloring,strong_symmetry,large,main,strong,72,549,10.0,5.0,iter=50,0.694953,0.694953,46557.0,43529.0,True,0.727566,0.727566,44352.0,41138.0,True,0.577898,0.9368636352996826,43519.0,40436.0,True,0.577898,0.9441279292325974,43519.0,40436.0,True,0.420161,0.8447295713529587,39662.0,36951.0,True,True,True,0.00615,3.0,8.0,158.36375427246094,72,1.0986123085021973,True,0.0583386421203613,-0.157737,-0.0993983578796386,-0.274792,0.1497765713529586,-3857.0,-3485.0,0.032613,-0.149668,True,True,False,True,False,False
3,50.0,/home/sunshixin/chenchao/my_rlaf/runs/analysis/echosat_symmetry_grpo_v1_7_acceptance_iter=50_canonical_low_warmup_wc3_per_instance.csv,0,k9_color8,perm_seed1730,k9_color8_perm1730,complete_coloring,strong_symmetry,large,main,strong,72,549,10.0,5.0,iter=50,0.481512,0.481512,39708.0,36681.0,True,0.730517,0.730517,45794.0,42555.0,True,0.842361,1.2013266352996823,45794.0,42555.0,True,0.842361,1.206728102772832,45794.0,42555.0,True,0.412555,0.8352607448931932,42716.0,39743.0,True,True,True,0.004154,3.0,10.0,157.64891052246094,72,1.0986123085021973,True,0.0583386421203613,-0.429806,-0.3714673578796388,-0.0689569999999999,0.3537487448931932,-3078.0,-2812.0,0.2490049999999999,0.111844,True,True,False,True,False,False
3,50.0,/home/sunshixin/chenchao/my_rlaf/runs/analysis/echosat_symmetry_grpo_v1_7_acceptance_iter=50_canonical_low_warmup_wc3_per_instance.csv,0,k9_color8,perm_seed1731,k9_color8_perm1731,complete_coloring,strong_symmetry,large,main,strong,72,549,10.0,5.0,iter=50,0.631685,0.631685,47177.0,43763.0,True,0.7488,0.7488,47579.0,44103.0,True,0.819668,0.9812378337554932,47579.0,44103.0,True,0.819668,0.9873602339938878,47579.0,44103.0,True,0.539203,0.7816437500766515,43092.0,40198.0,True,True,True,0.004868,3.0,8.0,158.0809783935547,72,1.0986123085021973,True,0.0747485160827636,-0.2804649999999999,-0.2057164839172363,-0.092482,0.1499587500766515,-4487.0,-3905.0,0.1171149999999999,0.0708679999999999,True,True,False,True,False,False
3,50.0,/home/sunshixin/chenchao/my_rlaf/runs/analysis/echosat_symmetry_grpo_v1_7_acceptance_iter=50_canonical_low_warmup_wc3_per_instance.csv,0,php_p10_h9,base,php_p10_h9,php,strong_symmetry,large,main,strong,90,775,10.0,5.0,iter=50,4.35031,4.35031,340861.0,314066.0,True,5.41427,5.41427,322229.0,299168.0,True,4.07781,4.2393798337554935,321840.0,298649.0,True,4.07781,4.244737879881323,321840.0,298649.0,True,3.49947,3.741146395964086,320878.0,297689.0,True,True,True,0.004101,3.0,9.0,195.45620727539065,90,1.0986123085021973,True,0.0747485160827636,-0.5783400000000003,-0.5035914839172371,-0.8508400000000003,-0.6091636040359143,-962.0,-960.0,1.0639599999999998,-1.3364599999999998,True,True,True,True,False,False
3,50.0,/home/sunshixin/chenchao/my_rlaf/runs/analysis/echosat_symmetry_grpo_v1_7_acceptance_iter=50_canonical_low_warmup_wc3_per_instance.csv,0,php_p10_h9,perm_seed1730,php_p10_h9_perm1730,php,strong_symmetry,large,main,strong,90,775,10.0,5.0,iter=50,5.01999,5.01999,413643.0,382655.0,True,4.24404,4.24404,283792.0,262594.0,True,3.81938,3.980949833755493,247778.0,229737.0,True,3.81938,3.985456540054322,247778.0,229737.0,True,4.03906,4.279885056137085,367014.0,343397.0,True,True,True,0.003389,3.0,9.0,194.30953979492188,90,1.0986123085021973,True,0.0747485160827636,0.2196799999999998,0.2944285160827635,-0.98093,-0.7401049438629146,119236.0,113660.0,-0.7759499999999999,-0.4246599999999998,False,True,True,False,True,False
3,50.0,/home/sunshixin/chenchao/my_rlaf/runs/analysis/echosat_symmetry_grpo_v1_7_acceptance_iter=50_canonical_low_warmup_wc3_per_instance.csv,0,php_p10_h9,perm_seed1731,php_p10_h9_perm1731,php,strong_symmetry,large,main,strong,90,775,10.0,5.0,iter=50,4.2068,4.2068,340033.0,312592.0,True,4.30044,4.30044,290369.0,269757.0,True,4.19573,4.357299833755493,290369.0,269757.0,True,4.19573,4.366921901021183,290369.0,269757.0,True,4.98131,5.227250417103946,384998.0,361413.0,True,True,True,0.008463,3.0,9.0,193.47189331054688,90,1.0986123085021973,True,0.0747485160827636,0.7855799999999995,0.8603285160827632,0.7745099999999994,1.0204504171039457,94629.0,91656.0,0.0936399999999997,-0.1047099999999998,False,False,False,False,True,False
3,50.0,/home/sunshixin/chenchao/my_rlaf/runs/analysis/echosat_symmetry_grpo_v1_7_acceptance_iter=50_canonical_low_warmup_wc3_per_instance.csv,0,php_p9_h8,base,php_p9_h8,php,strong_symmetry,large,main,strong,72,549,10.0,5.0,iter=50,0.700833,0.700833,46557.0,43529.0,True,0.714782,0.714782,44352.0,41138.0,True,0.691133,0.8527028337554932,43519.0,40436.0,True,0.691133,0.8589979422222376,43519.0,40436.0,True,0.415545,0.6581584583050013,39662.0,36951.0,True,True,True,0.005015,3.0,8.0,158.36375427246094,72,1.0986123085021973,True,0.0747485160827636,-0.275588,-0.2008394839172362,-0.285288,-0.0426745416949987,-3857.0,-3485.0,0.0139489999999999,-0.023649,True,True,True,True,False,False
3,50.0,/home/sunshixin/chenchao/my_rlaf/runs/analysis/echosat_symmetry_grpo_v1_7_acceptance_iter=50_canonical_low_warmup_wc3_per_instance.csv,0,php_p9_h8,perm_seed1730,php_p9_h8_perm1730,php,strong_symmetry,large,main,strong,72,549,10.0,5.0,iter=50,0.476242,0.476242,39708.0,36681.0,True,0.73208,0.73208,45794.0,42555.0,True,0.92703,1.0885998337554932,45794.0,42555.0,True,0.92703,1.0961254299643637,45794.0,42555.0,True,0.424559,0.6684029460471272,42716.0,39743.0,True,True,True,0.00625,3.0,10.0,157.64891052246094,72,1.0986123085021973,True,0.0747485160827636,-0.502471,-0.4277224839172364,-0.0516829999999999,0.1921609460471272,-3078.0,-2812.0,0.2558379999999999,0.19495,True,True,False,True,False,False
3,50.0,/home/sunshixin/chenchao/my_rlaf/runs/analysis/echosat_symmetry_grpo_v1_7_acceptance_iter=50_canonical_low_warmup_wc3_per_instance.csv,0,php_p9_h8,perm_seed1731,php_p9_h8_perm1731,php,strong_symmetry,large,main,strong,72,549,10.0,5.0,iter=50,0.622769,0.622769,47177.0,43763.0,True,0.753752,0.753752,47579.0,44103.0,True,0.74706,0.9086298337554932,47579.0,44103.0,True,0.74706,0.9147382149714828,47579.0,44103.0,True,0.541741,0.7841677310542464,43092.0,40198.0,True,True,True,0.004906,3.0,8.0,158.0809783935547,72,1.0986123085021973,True,0.0747485160827636,-0.2053189999999999,-0.1305704839172363,-0.0810279999999999,0.1613987310542464,-4487.0,-3905.0,0.1309829999999999,-0.006692,True,True,False,True,False,False
3,50.0,/home/sunshixin/chenchao/my_rlaf/runs/analysis/echosat_symmetry_grpo_v1_7_acceptance_iter=50_canonical_low_warmup_wc3_per_instance.csv,0,random_3sat_control_v160_c704_seed2615,base,random_3sat_control_v160_c704_seed2615,random_3sat_control,non_symmetric_control,large,control,none,160,704,10.0,5.0,iter=50,0.062174,0.062174,6771.0,5767.0,True,0.057349,0.057349,5702.0,4813.0,True,0.052845,0.2144148337554931,4859.0,4212.0,True,0.052845,0.2195207486834526,4859.0,4212.0,True,0.050828,0.2922522647662163,5400.0,4612.0,True,False,False,0.003864,3.0,22.0,360.5569458007813,160,1.0986123085021973,True,0.0747485160827636,-0.002017,0.0727315160827637,-0.011346,0.2300782647662163,541.0,400.0,-0.004825,-0.0045039999999999,True,True,False,False,True,True
3,50.0,/home/sunshixin/chenchao/my_rlaf/runs/analysis/echosat_symmetry_grpo_v1_7_acceptance_iter=50_canonical_low_warmup_wc3_per_instance.csv,0,random_3sat_control_v160_c704_seed2615,perm_seed1730,random_3sat_control_v160_c704_seed2615_perm1730,random_3sat_control,non_symmetric_control,large,control,none,160,704,10.0,5.0,iter=50,0.094216,0.094216,8522.0,7299.0,True,0.091307,0.091307,7934.0,6809.0,True,0.05245,0.2281480419158935,4602.0,4008.0,True,0.05245,0.2313393686568141,4602.0,4008.0,True,0.05137,0.2642631032454371,5575.0,4694.0,True,False,False,0.001774,3.0,22.0,363.3272399902344,160,1.0986123085021973,True,0.034003734588623,-0.0010799999999999,0.032923734588623,-0.0428459999999999,0.1700471032454371,973.0,686.0,-0.0029089999999999,-0.038857,True,True,False,False,True,True
3,50.0,/home/sunshixin/chenchao/my_rlaf/runs/analysis/echosat_symmetry_grpo_v1_7_acceptance_iter=50_canonical_low_warmup_wc3_per_instance.csv,0,random_3sat_control_v160_c704_seed2615,perm_seed1731,random_3sat_control_v160_c704_seed2615_perm1731,random_3sat_control,non_symmetric_control,large,control,none,160,704,10.0,5.0,iter=50,0.043206,0.043206,5676.0,4847.0,True,0.105308,0.105308,8017.0,6851.0,True,0.058139,0.2338370419158935,4961.0,4384.0,True,0.058139,0.2402526508411169,4961.0,4384.0,True,0.057914,0.27403138542974,4925.0,4142.0,True,False,False,0.00506,3.0,22.0,364.4381408691406,160,1.0986123085021973,True,0.034003734588623,-0.000225,0.033778734588623,0.0147079999999999,0.23082538542974,-36.0,-242.0,0.062102,-0.0471689999999999,True,False,False,True,False,True
3,50.0,/home/sunshixin/chenchao/my_rlaf/runs/analysis/echosat_symmetry_grpo_v1_7_acceptance_iter=50_canonical_low_warmup_wc3_per_instance.csv,0,random_3sat_control_v180_c760_seed3301,base,random_3sat_control_v180_c760_seed3301,random_3sat_control,non_symmetric_control,large,control,none,180,760,10.0,5.0,iter=50,0.497545,0.497545,27442.0,23617.0,True,0.146473,0.146473,10470.0,8910.0,True,0.011045,0.1867430419158935,693.0,567.0,True,0.011045,0.1926074065124392,693.0,567.0,True,0.152491,0.3680571411010622,12622.0,10794.0,True,False,False,0.004429,3.0,28.0,430.4636840820313,180,1.0986123085021973,True,0.034003734588623,0.141446,0.1754497345886229,-0.345054,-0.1294878588989378,11929.0,10227.0,-0.351072,-0.135428,False,True,True,False,True,True
3,50.0,/home/sunshixin/chenchao/my_rlaf/runs/analysis/echosat_symmetry_grpo_v1_7_acceptance_iter=50_canonical_low_warmup_wc3_per_instance.csv,0,random_3sat_control_v180_c760_seed3301,perm_seed1730,random_3sat_control_v180_c760_seed3301_perm1730,random_3sat_control,non_symmetric_control,large,control,none,180,760,10.0,5.0,iter=50,1.25615,1.25615,47649.0,41152.0,True,0.09666,0.09666,7421.0,6253.0,True,0.009932,0.1856300419158935,643.0,525.0,True,0.009932,0.1890252501015067,643.0,525.0,True,0.193497,0.4065939846901297,14777.0,12731.0,True,False,False,0.002045,3.0,28.0,431.2578125,180,1.0986123085021973,True,0.034003734588623,0.183565,0.217568734588623,-1.062653,-0.8495560153098705,14134.0,12206.0,-1.15949,-0.086728,False,True,True,False,True,True
3,50.0,/home/sunshixin/chenchao/my_rlaf/runs/analysis/echosat_symmetry_grpo_v1_7_acceptance_iter=50_canonical_low_warmup_wc3_per_instance.csv,0,random_3sat_control_v180_c760_seed3301,perm_seed1731,random_3sat_control_v180_c760_seed3301_perm1731,random_3sat_control,non_symmetric_control,large,control,none,180,760,10.0,5.0,iter=50,0.578329,0.578329,27197.0,23469.0,True,0.133051,0.133051,9011.0,7714.0,True,0.009955,0.1856530419158935,590.0,484.0,True,0.009955,0.1895924803546071,590.0,484.0,True,0.178074,0.3917152149432301,13820.0,12036.0,True,False,False,0.00253,3.0,28.0,430.8958129882813,180,1.0986123085021973,True,0.034003734588623,0.168119,0.2021227345886229,-0.4002549999999999,-0.1866137850567699,13230.0,11552.0,-0.4452779999999999,-0.123096,False,True,True,False,True,True
3,50.0,/home/sunshixin/chenchao/my_rlaf/runs/analysis/echosat_symmetry_grpo_v1_7_acceptance_iter=50_canonical_low_warmup_wc3_per_instance.csv,0,random_3sat_control_v220_c928_seed3303,base,random_3sat_control_v220_c928_seed3303,random_3sat_control,non_symmetric_control,large,control,none,220,928,10.0,5.0,iter=50,0.728093,0.728093,30277.0,25994.0,True,0.476951,0.476951,22265.0,19025.0,True,0.005614,0.1813120419158935,62.0,4.0,True,0.005614,0.1853856818793416,62.0,4.0,True,0.008275,0.2220504164679646,324.0,241.0,True,False,False,0.002678,3.0,39.0,455.798828125,220,1.0986123085021973,True,0.034003734588623,0.0026609999999999,0.036664734588623,-0.719818,-0.5060425835320354,262.0,237.0,-0.251142,-0.471337,False,True,True,False,True,True
3,50.0,/home/sunshixin/chenchao/my_rlaf/runs/analysis/echosat_symmetry_grpo_v1_7_acceptance_iter=50_canonical_low_warmup_wc3_per_instance.csv,0,random_3sat_control_v220_c928_seed3303,perm_seed1730,random_3sat_control_v220_c928_seed3303_perm1730,random_3sat_control,non_symmetric_control,large,control,none,220,928,10.0,5.0,iter=50,1.48149,1.48149,52742.0,45477.0,True,0.214074,0.214074,13039.0,11071.0,True,0.005829,0.1815270419158935,62.0,4.0,True,0.005829,0.1876281100232601,62.0,4.0,True,0.006993,0.2227958446118831,388.0,282.0,True,False,False,0.004648,3.0,39.0,453.5053405761719,220,1.0986123085021973,True,0.034003734588623,0.001164,0.0351677345886229,-1.474497,-1.2586941553881168,326.0,278.0,-1.267416,-0.2082449999999999,False,True,True,False,True,True
3,50.0,/home/sunshixin/chenchao/my_rlaf/runs/analysis/echosat_symmetry_grpo_v1_7_acceptance_iter=50_canonical_low_warmup_wc3_per_instance.csv,0,random_3sat_control_v220_c928_seed3303,perm_seed1731,random_3sat_control_v220_c928_seed3303_perm1731,random_3sat_control,non_symmetric_control,large,control,none,220,928,10.0,5.0,iter=50,0.065152,0.065152,4930.0,4147.0,True,0.377086,0.377086,19684.0,16814.0,True,0.005829,0.1815270419158935,63.0,4.0,True,0.005829,0.1883579550198316,63.0,4.0,True,0.002709,0.2192416896084547,393.0,249.0,True,False,False,0.005217,3.0,39.0,458.748046875,220,1.0986123085021973,True,0.034003734588623,-0.00312,0.030883734588623,-0.062443,0.1540896896084547,330.0,245.0,0.311934,-0.371257,True,True,False,False,True,True
3,50.0,/home/sunshixin/chenchao/my_rlaf/runs/analysis/echosat_symmetry_grpo_v1_7_acceptance_iter=50_canonical_low_warmup_wc3_per_instance.csv,0,random_3sat_control_v220_c942_seed3304,base,random_3sat_control_v220_c942_seed3304,random_3sat_control,non_symmetric_control,large,control,none,220,942,10.0,5.0,iter=50,0.758722,0.758722,35472.0,30813.0,True,1.0404,1.0404,41376.0,36046.0,True,0.510553,1.0699158883361817,26754.0,23980.0,True,0.510553,1.0752671358186006,26754.0,23980.0,True,0.683437,1.3402958635255098,40521.0,36417.0,True,False,False,0.003702,3.0,26.0,416.5282897949219,220,1.0986123085021973,True,0.0921447277069091,0.1728839999999999,0.2650287277069092,-0.075285,0.5815738635255098,13767.0,12437.0,0.281678,-0.529847,False,True,False,False,True,True
3,50.0,/home/sunshixin/chenchao/my_rlaf/runs/analysis/echosat_symmetry_grpo_v1_7_acceptance_iter=50_canonical_low_warmup_wc3_per_instance.csv,0,random_3sat_control_v220_c942_seed3304,perm_seed1730,random_3sat_control_v220_c942_seed3304_perm1730,random_3sat_control,non_symmetric_control,large,control,none,220,942,10.0,5.0,iter=50,0.668106,0.668106,34825.0,30052.0,True,0.620771,0.620771,33221.0,28818.0,True,0.46885,1.0282128883361816,26445.0,23804.0,True,0.46885,1.0336461988860368,26445.0,23804.0,True,0.641425,1.298365926592946,41164.0,36824.0,True,False,False,0.00284,3.0,26.0,423.32037353515625,220,1.0986123085021973,True,0.0921447277069091,0.172575,0.2647197277069091,-0.0266809999999999,0.6302599265929459,14719.0,13020.0,-0.047335,-0.1519209999999999,False,True,False,False,True,True
3,50.0,/home/sunshixin/chenchao/my_rlaf/runs/analysis/echosat_symmetry_grpo_v1_7_acceptance_iter=50_canonical_low_warmup_wc3_per_instance.csv,0,random_3sat_control_v220_c942_seed3304,perm_seed1731,random_3sat_control_v220_c942_seed3304_perm1731,random_3sat_control,non_symmetric_control,large,control,none,220,942,10.0,5.0,iter=50,0.769954,0.769954,38737.0,33758.0,True,0.806314,0.806314,38909.0,33544.0,True,0.466923,1.0262858883361816,26149.0,23448.0,True,0.466923,1.0333538699459432,26149.0,23448.0,True,0.740607,1.399182597652853,39928.0,35906.0,True,False,False,0.005661,3.0,26.0,418.775390625,220,1.0986123085021973,True,0.0921447277069091,0.273684,0.3658287277069096,-0.029347,0.6292285976528529,13779.0,12458.0,0.0363599999999999,-0.339391,False,True,False,False,True,True
3,50.0,/home/sunshixin/chenchao/my_rlaf/runs/analysis/echosat_symmetry_grpo_v1_7_acceptance_iter=50_canonical_low_warmup_wc3_per_instance.csv,0,random_3sat_control_v260_c1097_seed3305,base,random_3sat_control_v260_c1097_seed3305,random_3sat_control,non_symmetric_control,large,control,none,260,1097,10.0,5.0,iter=50,6.69093,6.69093,216854.0,188499.0,True,2.53112,2.53112,73626.0,64181.0,True,1.41738,1.9767428883361813,60642.0,54350.0,True,1.41738,1.9843308570740816,60642.0,54350.0,True,0.558583,1.217678584780991,32342.0,28420.0,True,False,False,0.006312,3.0,35.0,492.83697509765625,260,1.0986123085021973,True,0.0921447277069091,-0.858797,-0.7666522722930906,-6.132346999999999,-5.473251415219009,-28300.0,-25930.0,-4.15981,-1.11374,True,True,True,True,False,True
3,50.0,/home/sunshixin/chenchao/my_rlaf/runs/analysis/echosat_symmetry_grpo_v1_7_acceptance_iter=50_canonical_low_warmup_wc3_per_instance.csv,0,random_3sat_control_v260_c1097_seed3305,perm_seed1730,random_3sat_control_v260_c1097_seed3305_perm1730,random_3sat_control,non_symmetric_control,large,control,none,260,1097,10.0,5.0,iter=50,7.84332,7.84332,224505.0,195557.0,True,0.572821,0.572821,27246.0,23387.0,True,1.46714,2.0265028883361818,60686.0,54724.0,True,1.46714,2.0315084766440394,60686.0,54724.0,True,0.759345,1.4158582043509482,40444.0,35663.0,True,False,False,0.003728,3.0,35.0,494.8829650878906,260,1.0986123085021973,True,0.0921447277069091,-0.7077950000000001,-0.6156502722930912,-7.083975000000001,-6.427461795649052,-20242.0,-19061.0,-7.270499,0.8943190000000001,True,True,True,True,False,True
3,50.0,/home/sunshixin/chenchao/my_rlaf/runs/analysis/echosat_symmetry_grpo_v1_7_acceptance_iter=50_canonical_low_warmup_wc3_per_instance.csv,0,random_3sat_control_v260_c1097_seed3305,perm_seed1731,random_3sat_control_v260_c1097_seed3305_perm1731,random_3sat_control,non_symmetric_control,large,control,none,260,1097,10.0,5.0,iter=50,4.05294,4.05294,105916.0,92052.0,True,5.56157,5.56157,162997.0,142194.0,True,1.10425,1.6636128883361816,48534.0,43247.0,True,1.10425,1.6723327842513918,48534.0,43247.0,True,0.809252,1.469479511958301,42143.0,37319.0,True,False,False,0.007437,3.0,35.0,493.7220764160156,260,1.0986123085021973,True,0.0921447277069091,-0.294998,-0.2028532722930907,-3.243688000000001,-2.583460488041699,-6391.0,-5928.0,1.5086299999999992,-4.457319999999999,True,True,True,True,False,True
3,50.0,/home/sunshixin/chenchao/my_rlaf/runs/analysis/echosat_symmetry_grpo_v1_7_acceptance_iter=50_canonical_low_warmup_wc3_per_instance.csv,0,random_3sat_control_v260_c1113_seed3306,base,random_3sat_control_v260_c1113_seed3306,random_3sat_control,non_symmetric_control,large,control,none,260,1113,10.0,5.0,iter=50,5.53939,5.53939,178146.0,155541.0,True,6.0827,6.0827,186876.0,163308.0,True,6.28234,6.841702888336181,226200.0,205404.0,True,6.28234,6.849938798125147,226200.0,205404.0,True,6.58636,7.246103525832057,269374.0,237868.0,True,False,False,0.006721,3.0,34.0,480.0674743652344,260,0.6931471824645996,True,0.0921447277069091,0.3040200000000004,0.3961647277069096,1.04697,1.7067135258320567,43174.0,32464.0,0.54331,0.1996399999999996,False,False,False,False,True,True
3,50.0,/home/sunshixin/chenchao/my_rlaf/runs/analysis/echosat_symmetry_grpo_v1_7_acceptance_iter=50_canonical_low_warmup_wc3_per_instance.csv,0,random_3sat_control_v260_c1113_seed3306,perm_seed1730,random_3sat_control_v260_c1113_seed3306_perm1730,random_3sat_control,non_symmetric_control,large,control,none,260,1113,10.0,5.0,iter=50,5.16097,5.16097,171334.0,149746.0,True,6.87307,6.87307,206936.0,180741.0,True,5.32781,5.887172888336182,206101.0,186162.0,True,5.32781,5.8967140641884805,206101.0,186162.0,True,6.46952,7.1305687918953895,268641.0,236554.0,True,False,False,0.007973,3.0,34.0,478.7396240234375,260,0.6931471824645996,True,0.0921447277069091,1.1417099999999998,1.233854727706909,1.3085500000000003,1.9695987918953897,62540.0,50392.0,1.7121000000000004,-1.54526,False,False,False,False,True,True
3,50.0,/home/sunshixin/chenchao/my_rlaf/runs/analysis/echosat_symmetry_grpo_v1_7_acceptance_iter=50_canonical_low_warmup_wc3_per_instance.csv,0,random_3sat_control_v260_c1113_seed3306,perm_seed1731,random_3sat_control_v260_c1113_seed3306_perm1731,random_3sat_control,non_symmetric_control,large,control,none,260,1113,10.0,5.0,iter=50,6.34269,6.34269,202621.0,177648.0,True,7.0983,7.0983,214985.0,187707.0,True,5.93937,6.323420369262696,217745.0,196903.0,True,5.93937,6.331789827147007,217745.0,196903.0,True,6.73967,7.202162001219273,276640.0,244237.0,True,False,False,0.006883,3.0,34.0,481.5274658203125,260,0.6931471824645996,True,0.0700721740722656,0.8003,0.8703721740722656,0.3969800000000001,0.8594720012192729,58895.0,47334.0,0.7556099999999999,-1.1589299999999998,False,False,False,False,True,True
3,50.0,/home/sunshixin/chenchao/my_rlaf/runs/analysis/echosat_symmetry_grpo_v1_7_acceptance_iter=50_canonical_low_warmup_wc3_per_instance.csv,0,random_3sat_control_v300_c1266_seed3307,base,random_3sat_control_v300_c1266_seed3307,random_3sat_control,non_symmetric_control,large,control,none,300,1266,10.0,5.0,iter=50,0.217145,0.217145,12894.0,10895.0,True,2.54139,2.54139,71356.0,61376.0,True,0.007498,0.3915483692626953,288.0,182.0,True,0.007498,0.4017960189385414,288.0,182.0,True,0.03284,0.497210193010807,2446.0,1976.0,True,False,False,0.008769,3.0,48.0,628.0397338867188,300,1.0986123085021973,True,0.0700721740722656,0.025342,0.0954141740722656,-0.184305,0.280065193010807,2158.0,1794.0,2.324245,-2.533892,False,True,False,False,True,True
3,50.0,/home/sunshixin/chenchao/my_rlaf/runs/analysis/echosat_symmetry_grpo_v1_7_acceptance_iter=50_canonical_low_warmup_wc3_per_instance.csv,0,random_3sat_control_v300_c1266_seed3307,perm_seed1730,random_3sat_control_v300_c1266_seed3307_perm1730,random_3sat_control,non_symmetric_control,large,control,none,300,1266,10.0,5.0,iter=50,1.15692,1.15692,43103.0,37339.0,True,2.06321,2.06321,63498.0,54506.0,True,0.0102,0.3942503692626953,321.0,205.0,True,0.0102,0.3999332062995434,321.0,205.0,True,0.039784,0.499589380371809,3066.0,2476.0,True,False,False,0.00406,3.0,48.0,619.230712890625,300,1.0986123085021973,True,0.0700721740722656,0.029584,0.0996561740722656,-1.117136,-0.657330619628191,2745.0,2271.0,0.9062900000000004,-2.05301,False,True,True,False,True,True
3,50.0,/home/sunshixin/chenchao/my_rlaf/runs/analysis/echosat_symmetry_grpo_v1_7_acceptance_iter=50_canonical_low_warmup_wc3_per_instance.csv,0,random_3sat_control_v300_c1266_seed3307,perm_seed1731,random_3sat_control_v300_c1266_seed3307_perm1731,random_3sat_control,non_symmetric_control,large,control,none,300,1266,10.0,5.0,iter=50,2.01456,2.01456,66962.0,57424.0,True,0.135915,0.135915,7524.0,6304.0,True,0.013111,0.3971613692626953,375.0,247.0,True,0.013111,0.4070721357498169,375.0,247.0,True,0.035212,0.4992453098220825,2498.0,1946.0,True,False,False,0.00838,3.0,48.0,626.5236206054688,300,1.0986123085021973,True,0.0700721740722656,0.022101,0.0921731740722656,-1.979348,-1.5153146901779175,2123.0,1699.0,-1.878645,-0.122804,False,True,True,False,True,True
3,50.0,/home/sunshixin/chenchao/my_rlaf/runs/analysis/echosat_symmetry_grpo_v1_7_acceptance_iter=50_canonical_low_warmup_wc3_per_instance.csv,0,subset_cardinality_bw10,base,subset_cardinality_bw10,subset_cardinality,weak_symmetry,large,main,weak,41,92,10.0,5.0,iter=50,0.003401,0.003401,193.0,141.0,True,0.001573,0.001573,237.0,193.0,True,0.00181,0.3858603692626953,162.0,142.0,True,0.00181,0.3870722052654624,162.0,142.0,True,0.001726,0.457060379337728,186.0,159.0,True,True,True,0.0,3.0,8.0,94.86821746826172,41,1.0986123085021973,True,0.0700721740722656,-8.399999999999987e-05,0.0699881740722656,-0.0016749999999999,0.453659379337728,24.0,17.0,-0.001828,0.000237,True,True,False,False,True,False
3,50.0,/home/sunshixin/chenchao/my_rlaf/runs/analysis/echosat_symmetry_grpo_v1_7_acceptance_iter=50_canonical_low_warmup_wc3_per_instance.csv,0,subset_cardinality_bw10,perm_seed1730,subset_cardinality_bw10_perm1730,subset_cardinality,weak_symmetry,large,main,weak,41,92,10.0,5.0,iter=50,0.003324,0.003324,218.0,167.0,True,0.000692,0.000692,221.0,169.0,True,0.001563,0.3856133692626953,156.0,137.0,True,0.001563,0.3886153847670555,156.0,137.0,True,0.001517,0.4586415588393211,177.0,145.0,True,True,True,0.001822,3.0,10.0,98.69181823730467,41,1.0986123085021973,True,0.0700721740722656,-4.6000000000000034e-05,0.0700261740722656,-0.001807,0.4553175588393211,21.0,8.0,-0.002632,0.0008709999999999,True,True,False,False,True,False
3,50.0,/home/sunshixin/chenchao/my_rlaf/runs/analysis/echosat_symmetry_grpo_v1_7_acceptance_iter=50_canonical_low_warmup_wc3_per_instance.csv,0,subset_cardinality_bw10,perm_seed1731,subset_cardinality_bw10_perm1731,subset_cardinality,weak_symmetry,large,main,weak,41,92,10.0,5.0,iter=50,0.000419,0.000419,202.0,147.0,True,0.004332,0.004332,247.0,155.0,True,0.0,0.3840503692626953,203.0,164.0,True,0.0,0.3856379188829064,203.0,164.0,True,0.001702,0.457412092955172,215.0,153.0,True,True,True,0.000529,3.0,7.0,87.48927307128906,41,1.0986123085021973,True,0.0700721740722656,0.001702,0.0717741740722656,0.0012829999999999,0.456993092955172,12.0,-11.0,0.003913,-0.004332,False,False,False,False,True,False
3,50.0,/home/sunshixin/chenchao/my_rlaf/runs/analysis/echosat_symmetry_grpo_v1_7_acceptance_iter=50_canonical_low_warmup_wc3_per_instance.csv,0,subset_cardinality_bw12,base,subset_cardinality_bw12,subset_cardinality,weak_symmetry,large,main,weak,49,108,10.0,5.0,iter=50,0.002671,0.002671,442.0,342.0,True,0.002471,0.002471,491.0,414.0,True,0.0,0.3840503692626953,384.0,312.0,True,0.0,0.387023871848762,384.0,312.0,True,0.002179,0.4592750459210276,423.0,304.0,True,True,True,0.001793,3.0,12.0,104.73371887207033,49,0.6931471824645996,True,0.0700721740722656,0.002179,0.0722511740722655,-0.000492,0.4566040459210276,39.0,-8.0,-0.0002,-0.002471,False,True,False,False,True,False
3,50.0,/home/sunshixin/chenchao/my_rlaf/runs/analysis/echosat_symmetry_grpo_v1_7_acceptance_iter=50_canonical_low_warmup_wc3_per_instance.csv,0,subset_cardinality_bw12,perm_seed1730,subset_cardinality_bw12_perm1730,subset_cardinality,weak_symmetry,large,main,weak,49,108,10.0,5.0,iter=50,0.000423,0.000423,440.0,329.0,True,0.00602,0.00602,397.0,314.0,True,0.000391,0.0605170662078857,343.0,268.0,True,0.000391,0.0634445282934308,343.0,268.0,True,0.002002,0.1037723213537335,389.0,311.0,True,True,True,0.001776,3.0,9.0,101.82083892822266,49,1.0986123085021973,True,0.0387167930603027,0.0016109999999999,0.0403277930603027,0.0015789999999999,0.1033493213537335,46.0,43.0,0.005597,-0.005629,False,False,False,False,True,False
3,50.0,/home/sunshixin/chenchao/my_rlaf/runs/analysis/echosat_symmetry_grpo_v1_7_acceptance_iter=50_canonical_low_warmup_wc3_per_instance.csv,0,subset_cardinality_bw12,perm_seed1731,subset_cardinality_bw12_perm1731,subset_cardinality,weak_symmetry,large,main,weak,49,108,10.0,5.0,iter=50,0.000476,0.000476,393.0,297.0,True,0.003489,0.003489,439.0,311.0,True,0.002342,0.0624680662078857,363.0,285.0,True,0.002342,0.0654119681998491,363.0,285.0,True,0.00205,0.1038367612601518,348.0,296.0,True,True,True,0.001872,3.0,11.0,104.3914794921875,49,1.0986123085021973,True,0.0387167930603027,-0.0002919999999999,0.0384247930603027,0.001574,0.1033607612601518,-15.0,11.0,0.003013,-0.001147,True,False,False,False,True,False
3,50.0,/home/sunshixin/chenchao/my_rlaf/runs/analysis/echosat_symmetry_grpo_v1_7_acceptance_iter=50_canonical_low_warmup_wc3_per_instance.csv,0,subset_cardinality_bw8,base,subset_cardinality_bw8,subset_cardinality,weak_symmetry,medium,main,weak,33,76,10.0,5.0,iter=50,0.000831,0.000831,89.0,67.0,True,0.000457,0.000457,106.0,76.0,True,0.001663,0.0617890662078857,84.0,69.0,True,0.001663,0.0628427655001282,84.0,69.0,True,0.001148,0.101044558560431,94.0,76.0,True,True,True,0.0,3.0,13.0,75.20963287353516,33,1.0986123085021973,True,0.0387167930603027,-0.000515,0.0382017930603028,0.0003169999999999,0.100213558560431,10.0,7.0,-0.000374,0.001206,True,False,False,False,True,False
3,50.0,/home/sunshixin/chenchao/my_rlaf/runs/analysis/echosat_symmetry_grpo_v1_7_acceptance_iter=50_canonical_low_warmup_wc3_per_instance.csv,0,subset_cardinality_bw8,perm_seed1730,subset_cardinality_bw8_perm1730,subset_cardinality,weak_symmetry,medium,main,weak,33,76,10.0,5.0,iter=50,0.001516,0.001516,110.0,76.0,True,0.000605,0.000605,127.0,80.0,True,0.000489,0.0606150662078857,100.0,79.0,True,0.000489,0.0639130343334078,100.0,79.0,True,0.001141,0.1032818273937106,119.0,76.0,True,True,True,0.002133,3.0,15.0,80.51530456542969,33,1.0986123085021973,True,0.0387167930603027,0.000652,0.0393687930603028,-0.0003749999999999,0.1017658273937106,19.0,-3.0,-0.000911,-0.000116,False,True,False,False,True,False
3,50.0,/home/sunshixin/chenchao/my_rlaf/runs/analysis/echosat_symmetry_grpo_v1_7_acceptance_iter=50_canonical_low_warmup_wc3_per_instance.csv,0,subset_cardinality_bw8,perm_seed1731,subset_cardinality_bw8_perm1731,subset_cardinality,weak_symmetry,medium,main,weak,33,76,10.0,5.0,iter=50,0.0,0.0,91.0,70.0,True,0.000397,0.000397,102.0,79.0,True,0.001761,0.0618870662078857,81.0,70.0,True,0.001761,0.0651211414194107,81.0,70.0,True,0.001132,0.1032089344797134,91.0,76.0,True,True,True,0.002224,3.0,12.0,79.57261657714844,33,1.0986123085021973,True,0.0387167930603027,-0.000629,0.0380877930603027,0.001132,0.1032089344797134,10.0,6.0,0.000397,0.001364,True,False,False,False,True,False
3,50.0,/home/sunshixin/chenchao/my_rlaf/runs/analysis/echosat_symmetry_grpo_v1_7_acceptance_iter=50_canonical_low_warmup_wc3_per_instance.csv,1,k10_color9,base,k10_color9,complete_coloring,strong_symmetry,large,main,strong,90,775,10.0,5.0,iter=50,4.28573,4.28573,340861.0,314066.0,True,4.53237,4.53237,322229.0,299168.0,True,4.16899,5.08436880897522,321840.0,298649.0,True,4.16899,5.093141078963399,321840.0,298649.0,True,3.70735,4.688466430068135,320878.0,297689.0,True,True,True,0.006797,3.0,9.0,195.45620727539065,90,1.0986123085021973,True,0.0569653511047363,-0.46164,-0.4046746488952637,-0.5783800000000001,0.4027364300681348,-962.0,-960.0,0.2466400000000002,-0.3633800000000002,True,True,False,True,False,False
3,50.0,/home/sunshixin/chenchao/my_rlaf/runs/analysis/echosat_symmetry_grpo_v1_7_acceptance_iter=50_canonical_low_warmup_wc3_per_instance.csv,1,k10_color9,perm_seed1730,k10_color9_perm1730,complete_coloring,strong_symmetry,large,main,strong,90,775,10.0,5.0,iter=50,5.14268,5.14268,413643.0,382655.0,True,4.18718,4.18718,283792.0,262594.0,True,3.88417,4.79954880897522,247778.0,229737.0,True,3.88417,4.809851508862257,247778.0,229737.0,True,4.18967,5.172316859966993,329760.0,309263.0,True,True,True,0.009018,3.0,9.0,194.30953979492188,90,1.0986123085021973,True,0.0569653511047363,0.3054999999999994,0.3624653511047357,-0.9530100000000008,0.0296368599669927,81982.0,79526.0,-0.9555000000000008,-0.3030099999999995,False,True,False,False,True,False
3,50.0,/home/sunshixin/chenchao/my_rlaf/runs/analysis/echosat_symmetry_grpo_v1_7_acceptance_iter=50_canonical_low_warmup_wc3_per_instance.csv,1,k10_color9,perm_seed1731,k10_color9_perm1731,complete_coloring,strong_symmetry,large,main,strong,90,775,10.0,5.0,iter=50,4.14447,4.14447,340033.0,312592.0,True,3.92896,3.92896,290369.0,269757.0,True,4.26404,5.179418808975219,290369.0,269757.0,True,4.26404,5.18810264777863,290369.0,269757.0,True,4.87875,5.859777998883367,384998.0,361413.0,True,True,True,0.006829,3.0,9.0,193.47189331054688,90,1.0986123085021973,True,0.0569653511047363,0.6147100000000005,0.6716753511047378,0.73428,1.7153079988833673,94629.0,91656.0,-0.2155100000000001,0.3350799999999996,False,False,False,False,True,False
3,50.0,/home/sunshixin/chenchao/my_rlaf/runs/analysis/echosat_symmetry_grpo_v1_7_acceptance_iter=50_canonical_low_warmup_wc3_per_instance.csv,1,k8_color7,base,k8_color7,complete_coloring,strong_symmetry,large,main,strong,56,372,10.0,5.0,iter=50,0.048877,0.048877,6158.0,5600.0,True,0.04848,0.04848,5946.0,5440.0,True,0.044612,0.9599908089752196,5946.0,5440.0,True,0.044612,0.9666008512251972,5946.0,5440.0,True,0.037685,1.0166392023299338,5475.0,5038.0,True,True,True,0.005067,3.0,7.0,125.01708984375,56,1.0986123085021973,True,0.0569653511047363,-0.0069269999999999,0.0500383511047365,-0.0111919999999999,0.9677622023299338,-471.0,-402.0,-0.0003969999999999,-0.003868,True,True,False,True,False,False
3,50.0,/home/sunshixin/chenchao/my_rlaf/runs/analysis/echosat_symmetry_grpo_v1_7_acceptance_iter=50_canonical_low_warmup_wc3_per_instance.csv,1,k8_color7,perm_seed1730,k8_color7_perm1730,complete_coloring,strong_symmetry,large,main,strong,56,372,10.0,5.0,iter=50,0.057547,0.057547,6138.0,5624.0,True,0.05095,0.05095,6264.0,5696.0,True,0.051338,0.9667168089752196,6264.0,5696.0,True,0.051338,0.9686510486750006,6264.0,5696.0,True,0.037342,1.011620399779737,5486.0,5050.0,True,True,True,0.000879,3.0,7.0,125.1129913330078,56,1.0986123085021973,True,0.0569653511047363,-0.013996,0.0429693511047364,-0.020205,0.954073399779737,-778.0,-646.0,-0.0065969999999999,0.0003879999999999,True,True,False,True,False,False
3,50.0,/home/sunshixin/chenchao/my_rlaf/runs/analysis/echosat_symmetry_grpo_v1_7_acceptance_iter=50_canonical_low_warmup_wc3_per_instance.csv,1,k8_color7,perm_seed1731,k8_color7_perm1731,complete_coloring,strong_symmetry,large,main,strong,56,372,10.0,5.0,iter=50,0.046759,0.046759,5800.0,5271.0,True,0.067308,0.067308,6148.0,5641.0,True,0.055494,0.9708728089752198,6148.0,5641.0,True,0.055494,0.9724278899814488,6148.0,5641.0,True,0.03389,1.007789241086185,5943.0,5428.0,True,True,True,0.000579,3.0,7.0,125.51768493652344,56,1.0986123085021973,True,0.0569653511047363,-0.0216039999999999,0.0353613511047362,-0.0128689999999999,0.9610302410861852,-205.0,-213.0,0.020549,-0.011814,True,True,False,True,False,False
3,50.0,/home/sunshixin/chenchao/my_rlaf/runs/analysis/echosat_symmetry_grpo_v1_7_acceptance_iter=50_canonical_low_warmup_wc3_per_instance.csv,1,k9_color8,base,k9_color8,complete_coloring,strong_symmetry,large,main,strong,72,549,10.0,5.0,iter=50,0.700871,0.700871,46557.0,43529.0,True,0.749763,0.749763,44352.0,41138.0,True,0.775916,1.6912948089752198,43519.0,40436.0,True,0.775916,1.6990263971322777,43519.0,40436.0,True,0.415841,1.3959167482370138,39662.0,36951.0,True,True,True,0.006749,3.0,8.0,158.36375427246094,72,1.0986123085021973,True,0.0569653511047363,-0.360075,-0.3031096488952638,-0.28503,0.6950457482370138,-3857.0,-3485.0,0.0488919999999999,0.026153,True,True,False,True,False,False
3,50.0,/home/sunshixin/chenchao/my_rlaf/runs/analysis/echosat_symmetry_grpo_v1_7_acceptance_iter=50_canonical_low_warmup_wc3_per_instance.csv,1,k9_color8,perm_seed1730,k9_color8_perm1730,complete_coloring,strong_symmetry,large,main,strong,72,549,10.0,5.0,iter=50,0.477019,0.477019,39708.0,36681.0,True,0.65557,0.65557,45794.0,42555.0,True,0.867192,1.7825708089752197,45794.0,42555.0,True,0.867192,1.7927492474939228,45794.0,42555.0,True,0.414994,1.397516598598659,42716.0,39743.0,True,True,True,0.009156,3.0,10.0,157.64891052246094,72,1.0986123085021973,True,0.0569653511047363,-0.452198,-0.3952326488952637,-0.062025,0.920497598598659,-3078.0,-2812.0,0.1785509999999999,0.2116219999999999,True,True,False,True,False,False
3,50.0,/home/sunshixin/chenchao/my_rlaf/runs/analysis/echosat_symmetry_grpo_v1_7_acceptance_iter=50_canonical_low_warmup_wc3_per_instance.csv,1,k9_color8,perm_seed1731,k9_color8_perm1731,complete_coloring,strong_symmetry,large,main,strong,72,549,10.0,5.0,iter=50,0.625634,0.625634,47177.0,43763.0,True,0.675017,0.675017,47579.0,44103.0,True,0.885725,1.0841676975250245,47579.0,44103.0,True,0.885725,1.089025724815905,47579.0,44103.0,True,0.522927,0.7949418666616083,43092.0,40198.0,True,True,True,0.003873,3.0,8.0,158.0809783935547,72,1.0986123085021973,True,0.0687141418457031,-0.3627979999999999,-0.2940838581542967,-0.1027069999999999,0.1693078666616082,-4487.0,-3905.0,0.0493829999999999,0.210708,True,True,False,True,False,False
3,50.0,/home/sunshixin/chenchao/my_rlaf/runs/analysis/echosat_symmetry_grpo_v1_7_acceptance_iter=50_canonical_low_warmup_wc3_per_instance.csv,1,php_p10_h9,base,php_p10_h9,php,strong_symmetry,large,main,strong,90,775,10.0,5.0,iter=50,4.73201,4.73201,340861.0,314066.0,True,4.09571,4.09571,322229.0,299168.0,True,4.18048,4.378922697525025,321840.0,298649.0,True,4.18048,4.382799929479301,321840.0,298649.0,True,3.47736,3.748394071325004,320878.0,297689.0,True,True,True,0.002769,3.0,9.0,195.45620727539065,90,1.0986123085021973,True,0.0687141418457031,-0.7031200000000002,-0.6344058581542971,-1.2546499999999998,-0.983615928674996,-962.0,-960.0,-0.6362999999999994,0.0847699999999997,True,True,True,True,False,False
3,50.0,/home/sunshixin/chenchao/my_rlaf/runs/analysis/echosat_symmetry_grpo_v1_7_acceptance_iter=50_canonical_low_warmup_wc3_per_instance.csv,1,php_p10_h9,perm_seed1730,php_p10_h9_perm1730,php,strong_symmetry,large,main,strong,90,775,10.0,5.0,iter=50,5.00307,5.00307,413643.0,382655.0,True,4.17061,4.17061,283792.0,262594.0,True,4.22159,4.420032697525024,247778.0,229737.0,True,4.22159,4.428172183493137,247778.0,229737.0,True,4.04774,4.32303632533884,367014.0,343397.0,True,True,True,0.007001,3.0,9.0,194.30953979492188,90,1.0986123085021973,True,0.0687141418457031,-0.1738499999999998,-0.1051358581542967,-0.95533,-0.6800336746611597,119236.0,113660.0,-0.8324600000000002,0.05098,True,True,True,False,True,False
3,50.0,/home/sunshixin/chenchao/my_rlaf/runs/analysis/echosat_symmetry_grpo_v1_7_acceptance_iter=50_canonical_low_warmup_wc3_per_instance.csv,1,php_p10_h9,perm_seed1731,php_p10_h9_perm1731,php,strong_symmetry,large,main,strong,90,775,10.0,5.0,iter=50,4.15417,4.15417,340033.0,312592.0,True,3.97279,3.97279,290369.0,269757.0,True,4.32811,4.526552697525024,290369.0,269757.0,True,4.32811,4.532360416583538,290369.0,269757.0,True,4.92161,5.194574558429242,384998.0,361413.0,True,True,True,0.004482,3.0,9.0,193.47189331054688,90,1.0986123085021973,True,0.0687141418457031,0.5935000000000006,0.6622141418457037,0.7674400000000006,1.040404558429242,94629.0,91656.0,-0.1813799999999998,0.3553199999999998,False,False,False,False,True,False
3,50.0,/home/sunshixin/chenchao/my_rlaf/runs/analysis/echosat_symmetry_grpo_v1_7_acceptance_iter=50_canonical_low_warmup_wc3_per_instance.csv,1,php_p9_h8,base,php_p9_h8,php,strong_symmetry,large,main,strong,72,549,10.0,5.0,iter=50,0.690887,0.690887,46557.0,43529.0,True,0.640503,0.640503,44352.0,41138.0,True,0.642332,0.8407746975250244,43519.0,40436.0,True,0.642332,0.8423097874982953,43519.0,40436.0,True,0.427104,0.6957959293439984,39662.0,36951.0,True,True,True,0.000421,3.0,8.0,158.36375427246094,72,1.0986123085021973,True,0.0687141418457031,-0.215228,-0.1465138581542969,-0.263783,0.0049089293439983,-3857.0,-3485.0,-0.0503839999999999,0.0018289999999999,True,True,False,True,False,False
3,50.0,/home/sunshixin/chenchao/my_rlaf/runs/analysis/echosat_symmetry_grpo_v1_7_acceptance_iter=50_canonical_low_warmup_wc3_per_instance.csv,1,php_p9_h8,perm_seed1730,php_p9_h8_perm1730,php,strong_symmetry,large,main,strong,72,549,10.0,5.0,iter=50,0.478759,0.478759,39708.0,36681.0,True,0.771433,0.771433,45794.0,42555.0,True,0.653631,0.8520736975250244,45794.0,42555.0,True,0.653631,0.8585508575671315,45794.0,42555.0,True,0.433252,0.7068859994128347,42716.0,39743.0,True,True,True,0.005273,3.0,10.0,157.64891052246094,72,1.0986123085021973,True,0.0687141418457031,-0.2203789999999999,-0.1516648581542967,-0.0455069999999999,0.2281269994128347,-3078.0,-2812.0,0.292674,-0.117802,True,True,False,True,False,False
3,50.0,/home/sunshixin/chenchao/my_rlaf/runs/analysis/echosat_symmetry_grpo_v1_7_acceptance_iter=50_canonical_low_warmup_wc3_per_instance.csv,1,php_p9_h8,perm_seed1731,php_p9_h8_perm1731,php,strong_symmetry,large,main,strong,72,549,10.0,5.0,iter=50,0.625401,0.625401,47177.0,43763.0,True,0.684158,0.684158,47579.0,44103.0,True,0.78394,0.9823826975250244,47579.0,44103.0,True,0.78394,0.9872974509927034,47579.0,44103.0,True,0.516714,0.7887855928384065,43092.0,40198.0,True,True,True,0.003779,3.0,8.0,158.0809783935547,72,1.0986123085021973,True,0.0687141418457031,-0.2672259999999999,-0.1985118581542968,-0.1086869999999999,0.1633845928384065,-4487.0,-3905.0,0.058757,0.0997819999999999,True,True,False,True,False,False
3,50.0,/home/sunshixin/chenchao/my_rlaf/runs/analysis/echosat_symmetry_grpo_v1_7_acceptance_iter=50_canonical_low_warmup_wc3_per_instance.csv,1,random_3sat_control_v160_c704_seed2615,base,random_3sat_control_v160_c704_seed2615,random_3sat_control,non_symmetric_control,large,control,none,160,704,10.0,5.0,iter=50,0.063814,0.063814,6771.0,5767.0,True,0.056814,0.056814,5702.0,4813.0,True,0.044185,0.2426276975250244,4859.0,4212.0,True,0.044185,0.2438573962947726,4859.0,4212.0,True,0.058241,0.3266275381404757,5400.0,4612.0,True,False,False,0.0,3.0,22.0,360.5569458007813,160,1.0986123085021973,True,0.0687141418457031,0.0140559999999999,0.082770141845703,-0.0055729999999999,0.2628135381404757,541.0,400.0,-0.0069999999999999,-0.012629,False,True,False,False,True,True
3,50.0,/home/sunshixin/chenchao/my_rlaf/runs/analysis/echosat_symmetry_grpo_v1_7_acceptance_iter=50_canonical_low_warmup_wc3_per_instance.csv,1,random_3sat_control_v160_c704_seed2615,perm_seed1730,random_3sat_control_v160_c704_seed2615_perm1730,random_3sat_control,non_symmetric_control,large,control,none,160,704,10.0,5.0,iter=50,0.099571,0.099571,8522.0,7299.0,True,0.106858,0.106858,7934.0,6809.0,True,0.045002,0.172537343170166,4602.0,4008.0,True,0.045002,0.1776192159546017,4602.0,4008.0,True,0.047506,0.1891890824249386,5575.0,4694.0,True,False,False,0.003779,3.0,22.0,363.3272399902344,160,1.0986123085021973,True,0.0090658664703369,0.0025039999999999,0.0115698664703368,-0.052065,0.0896180824249385,973.0,686.0,0.0072869999999999,-0.0618559999999999,False,True,False,False,True,True
3,50.0,/home/sunshixin/chenchao/my_rlaf/runs/analysis/echosat_symmetry_grpo_v1_7_acceptance_iter=50_canonical_low_warmup_wc3_per_instance.csv,1,random_3sat_control_v160_c704_seed2615,perm_seed1731,random_3sat_control_v160_c704_seed2615_perm1731,random_3sat_control,non_symmetric_control,large,control,none,160,704,10.0,5.0,iter=50,0.050286,0.050286,5676.0,4847.0,True,0.102804,0.102804,8017.0,6851.0,True,0.052272,0.179807343170166,4961.0,4384.0,True,0.052272,0.1855881913266778,4961.0,4384.0,True,0.049598,0.1919800577970147,4925.0,4142.0,True,False,False,0.00441,3.0,22.0,364.4381408691406,160,1.0986123085021973,True,0.0090658664703369,-0.0026739999999999,0.0063918664703369,-0.0006879999999999,0.1416940577970147,-36.0,-242.0,0.052518,-0.050532,True,True,False,True,False,True
3,50.0,/home/sunshixin/chenchao/my_rlaf/runs/analysis/echosat_symmetry_grpo_v1_7_acceptance_iter=50_canonical_low_warmup_wc3_per_instance.csv,1,random_3sat_control_v180_c760_seed3301,base,random_3sat_control_v180_c760_seed3301,random_3sat_control,non_symmetric_control,large,control,none,180,760,10.0,5.0,iter=50,0.496643,0.496643,27442.0,23617.0,True,0.152736,0.152736,10470.0,8910.0,True,0.016558,0.144093343170166,693.0,567.0,True,0.016558,0.1460634508098363,693.0,567.0,True,0.151798,0.2903693172801733,12622.0,10794.0,True,False,False,0.000554,3.0,28.0,430.4636840820313,180,1.0986123085021973,True,0.0090658664703369,0.13524,0.144305866470337,-0.344845,-0.2062736827198267,11929.0,10227.0,-0.3439069999999999,-0.136178,False,True,True,False,True,True
3,50.0,/home/sunshixin/chenchao/my_rlaf/runs/analysis/echosat_symmetry_grpo_v1_7_acceptance_iter=50_canonical_low_warmup_wc3_per_instance.csv,1,random_3sat_control_v180_c760_seed3301,perm_seed1730,random_3sat_control_v180_c760_seed3301_perm1730,random_3sat_control,non_symmetric_control,large,control,none,180,760,10.0,5.0,iter=50,1.04664,1.04664,47649.0,41152.0,True,0.091239,0.091239,7421.0,6253.0,True,0.004678,0.132213343170166,643.0,525.0,True,0.004678,0.1363222888077497,643.0,525.0,True,0.183539,0.3242491552780867,14777.0,12731.0,True,False,False,0.002809,3.0,28.0,431.2578125,180,1.0986123085021973,True,0.0090658664703369,0.178861,0.187926866470337,-0.863101,-0.7223908447219134,14134.0,12206.0,-0.955401,-0.086561,False,True,True,False,True,True
3,50.0,/home/sunshixin/chenchao/my_rlaf/runs/analysis/echosat_symmetry_grpo_v1_7_acceptance_iter=50_canonical_low_warmup_wc3_per_instance.csv,1,random_3sat_control_v180_c760_seed3301,perm_seed1731,random_3sat_control_v180_c760_seed3301_perm1731,random_3sat_control,non_symmetric_control,large,control,none,180,760,10.0,5.0,iter=50,0.494881,0.494881,27197.0,23469.0,True,0.132398,0.132398,9011.0,7714.0,True,0.011452,0.138987343170166,590.0,484.0,True,0.011452,0.1460665987715124,590.0,484.0,True,0.173994,0.3176744652418494,13820.0,12036.0,True,False,False,0.005648,3.0,28.0,430.8958129882813,180,1.0986123085021973,True,0.0090658664703369,0.162542,0.171607866470337,-0.320887,-0.1772065347581506,13230.0,11552.0,-0.362483,-0.1209459999999999,False,True,True,False,True,True
3,50.0,/home/sunshixin/chenchao/my_rlaf/runs/analysis/echosat_symmetry_grpo_v1_7_acceptance_iter=50_canonical_low_warmup_wc3_per_instance.csv,1,random_3sat_control_v220_c928_seed3303,base,random_3sat_control_v220_c928_seed3303,random_3sat_control,non_symmetric_control,large,control,none,220,928,10.0,5.0,iter=50,0.725134,0.725134,30277.0,25994.0,True,0.452812,0.452812,22265.0,19025.0,True,0.00779,0.135325343170166,62.0,4.0,True,0.00779,0.1387943760331273,62.0,4.0,True,0.006642,0.1467122425034642,324.0,241.0,True,False,False,0.002058,3.0,39.0,455.798828125,220,1.0986123085021973,True,0.0090658664703369,-0.0011479999999999,0.0079178664703369,-0.7184919999999999,-0.5784217574965358,262.0,237.0,-0.2723219999999999,-0.445022,True,True,True,False,True,True
3,50.0,/home/sunshixin/chenchao/my_rlaf/runs/analysis/echosat_symmetry_grpo_v1_7_acceptance_iter=50_canonical_low_warmup_wc3_per_instance.csv,1,random_3sat_control_v220_c928_seed3303,perm_seed1730,random_3sat_control_v220_c928_seed3303_perm1730,random_3sat_control,non_symmetric_control,large,control,none,220,928,10.0,5.0,iter=50,1.42482,1.42482,52742.0,45477.0,True,0.221051,0.221051,13039.0,11071.0,True,0.006867,0.134402343170166,62.0,4.0,True,0.006867,0.1419114394239783,62.0,4.0,True,0.009179,0.1532893058943152,388.0,282.0,True,False,False,0.00609,3.0,39.0,453.5053405761719,220,1.0986123085021973,True,0.0090658664703369,0.002312,0.0113778664703368,-1.415641,-1.2715306941056848,326.0,278.0,-1.203769,-0.2141839999999999,False,True,True,False,True,True
3,50.0,/home/sunshixin/chenchao/my_rlaf/runs/analysis/echosat_symmetry_grpo_v1_7_acceptance_iter=50_canonical_low_warmup_wc3_per_instance.csv,1,random_3sat_control_v220_c928_seed3303,perm_seed1731,random_3sat_control_v220_c928_seed3303_perm1731,random_3sat_control,non_symmetric_control,large,control,none,220,928,10.0,5.0,iter=50,0.052725,0.052725,4930.0,4147.0,True,0.381397,0.381397,19684.0,16814.0,True,0.002322,0.129857343170166,63.0,4.0,True,0.002322,0.1352793495905995,63.0,4.0,True,0.009849,0.1518722160609364,393.0,249.0,True,False,False,0.004059,3.0,39.0,458.748046875,220,1.0986123085021973,True,0.0090658664703369,0.007527,0.0165928664703368,-0.042876,0.0991472160609364,330.0,245.0,0.3286719999999999,-0.379075,False,True,False,False,True,True
3,50.0,/home/sunshixin/chenchao/my_rlaf/runs/analysis/echosat_symmetry_grpo_v1_7_acceptance_iter=50_canonical_low_warmup_wc3_per_instance.csv,1,random_3sat_control_v220_c942_seed3304,base,random_3sat_control_v220_c942_seed3304,random_3sat_control,non_symmetric_control,large,control,none,220,942,10.0,5.0,iter=50,0.658752,0.658752,35472.0,30813.0,True,1.01059,1.01059,41376.0,36046.0,True,0.530593,0.7001951556854248,26754.0,23980.0,True,0.530593,0.7066815480998159,26754.0,23980.0,True,0.703976,0.978854478443444,40521.0,36417.0,True,False,False,0.005067,3.0,26.0,416.5282897949219,220,1.0986123085021973,True,0.0987899303436279,0.173383,0.2721729303436281,0.045224,0.3201024784434439,13767.0,12437.0,0.3518380000000001,-0.4799970000000001,False,False,False,False,True,True
3,50.0,/home/sunshixin/chenchao/my_rlaf/runs/analysis/echosat_symmetry_grpo_v1_7_acceptance_iter=50_canonical_low_warmup_wc3_per_instance.csv,1,random_3sat_control_v220_c942_seed3304,perm_seed1730,random_3sat_control_v220_c942_seed3304_perm1730,random_3sat_control,non_symmetric_control,large,control,none,220,942,10.0,5.0,iter=50,0.6561,0.6561,34825.0,30052.0,True,0.578634,0.578634,33221.0,28818.0,True,0.461379,0.6309811556854248,26445.0,23804.0,True,0.461379,0.6369027065353393,26445.0,23804.0,True,0.730606,1.0049196368789672,41164.0,36824.0,True,False,False,0.004304,3.0,26.0,423.32037353515625,220,1.0986123085021973,True,0.0987899303436279,0.269227,0.3680169303436279,0.0745059999999999,0.3488196368789672,14719.0,13020.0,-0.077466,-0.117255,False,False,False,False,True,True
3,50.0,/home/sunshixin/chenchao/my_rlaf/runs/analysis/echosat_symmetry_grpo_v1_7_acceptance_iter=50_canonical_low_warmup_wc3_per_instance.csv,1,random_3sat_control_v220_c942_seed3304,perm_seed1731,random_3sat_control_v220_c942_seed3304_perm1731,random_3sat_control,non_symmetric_control,large,control,none,220,942,10.0,5.0,iter=50,0.712713,0.712713,38737.0,33758.0,True,1.00484,1.00484,38909.0,33544.0,True,0.423372,0.5929741556854249,26149.0,23448.0,True,0.423372,0.5978891572152376,26149.0,23448.0,True,0.686571,0.9598780875588656,39928.0,35906.0,True,False,False,0.003491,3.0,26.0,418.775390625,220,1.0986123085021973,True,0.0987899303436279,0.263199,0.361988930343628,-0.026142,0.2471650875588655,13779.0,12458.0,0.2921269999999999,-0.5814679999999999,False,True,False,False,True,True
3,50.0,/home/sunshixin/chenchao/my_rlaf/runs/analysis/echosat_symmetry_grpo_v1_7_acceptance_iter=50_canonical_low_warmup_wc3_per_instance.csv,1,random_3sat_control_v260_c1097_seed3305,base,random_3sat_control_v260_c1097_seed3305,random_3sat_control,non_symmetric_control,large,control,none,260,1097,10.0,5.0,iter=50,6.81069,6.81069,216854.0,188499.0,True,2.2918,2.2918,73626.0,64181.0,True,1.64072,1.8103221556854248,60642.0,54350.0,True,1.64072,1.8179189626601933,60642.0,54350.0,True,0.563476,0.8394648930038213,32342.0,28420.0,True,False,False,0.006161,3.0,35.0,492.83697509765625,260,1.0986123085021973,True,0.0987899303436279,-1.077244,-0.978454069656372,-6.2472140000000005,-5.971225106996179,-28300.0,-25930.0,-4.518890000000001,-0.6510799999999999,True,True,True,True,False,True
3,50.0,/home/sunshixin/chenchao/my_rlaf/runs/analysis/echosat_symmetry_grpo_v1_7_acceptance_iter=50_canonical_low_warmup_wc3_per_instance.csv,1,random_3sat_control_v260_c1097_seed3305,perm_seed1730,random_3sat_control_v260_c1097_seed3305_perm1730,random_3sat_control,non_symmetric_control,large,control,none,260,1097,10.0,5.0,iter=50,7.32119,7.32119,224505.0,195557.0,True,0.60246,0.60246,27246.0,23387.0,True,1.60905,1.778652155685425,60686.0,54724.0,True,1.60905,1.786946492504239,60686.0,54724.0,True,0.90597,1.182656422847867,40444.0,35663.0,True,False,False,0.006746,3.0,35.0,494.8829650878906,260,1.0986123085021973,True,0.0987899303436279,-0.70308,-0.604290069656372,-6.41522,-6.138533577152133,-20242.0,-19061.0,-6.71873,1.00659,True,True,True,True,False,True
3,50.0,/home/sunshixin/chenchao/my_rlaf/runs/analysis/echosat_symmetry_grpo_v1_7_acceptance_iter=50_canonical_low_warmup_wc3_per_instance.csv,1,random_3sat_control_v260_c1097_seed3305,perm_seed1731,random_3sat_control_v260_c1097_seed3305_perm1731,random_3sat_control,non_symmetric_control,large,control,none,260,1097,10.0,5.0,iter=50,3.79692,3.79692,105916.0,92052.0,True,5.48658,5.48658,162997.0,142194.0,True,1.02983,1.1994321556854248,48534.0,43247.0,True,1.02983,1.2079243086072804,48534.0,43247.0,True,0.756691,1.0335752389509083,42143.0,37319.0,True,False,False,0.007,3.0,35.0,493.7220764160156,260,1.0986123085021973,True,0.0987899303436279,-0.273139,-0.1743490696563721,-3.040229,-2.763344761049092,-6391.0,-5928.0,1.68966,-4.45675,True,True,True,True,False,True
3,50.0,/home/sunshixin/chenchao/my_rlaf/runs/analysis/echosat_symmetry_grpo_v1_7_acceptance_iter=50_canonical_low_warmup_wc3_per_instance.csv,1,random_3sat_control_v260_c1113_seed3306,base,random_3sat_control_v260_c1113_seed3306,random_3sat_control,non_symmetric_control,large,control,none,260,1113,10.0,5.0,iter=50,5.50063,5.50063,178146.0,155541.0,True,6.04171,6.04171,186876.0,163308.0,True,6.20404,6.373642155685425,226200.0,205404.0,True,6.20404,6.380315841089785,226200.0,205404.0,True,6.90053,7.175595771433413,269374.0,237868.0,True,False,False,0.00512,3.0,34.0,480.0674743652344,260,0.6931471824645996,True,0.0987899303436279,0.6964899999999998,0.7952799303436278,1.3998999999999997,1.6749657714334123,43174.0,32464.0,0.54108,0.1623299999999998,False,False,False,False,True,True
3,50.0,/home/sunshixin/chenchao/my_rlaf/runs/analysis/echosat_symmetry_grpo_v1_7_acceptance_iter=50_canonical_low_warmup_wc3_per_instance.csv,1,random_3sat_control_v260_c1113_seed3306,perm_seed1730,random_3sat_control_v260_c1113_seed3306_perm1730,random_3sat_control,non_symmetric_control,large,control,none,260,1113,10.0,5.0,iter=50,4.94416,4.94416,171334.0,149746.0,True,6.90961,6.90961,206936.0,180741.0,True,5.64906,5.818662155685425,206101.0,186162.0,True,5.64906,5.822418002646149,206101.0,186162.0,True,6.51189,6.784037932989777,268641.0,236554.0,True,False,False,0.002328,3.0,34.0,478.7396240234375,260,0.6931471824645996,True,0.0987899303436279,0.8628299999999998,0.9616199303436276,1.56773,1.8398779329897763,62540.0,50392.0,1.96545,-1.2605499999999994,False,False,False,False,True,True
3,50.0,/home/sunshixin/chenchao/my_rlaf/runs/analysis/echosat_symmetry_grpo_v1_7_acceptance_iter=50_canonical_low_warmup_wc3_per_instance.csv,1,random_3sat_control_v260_c1113_seed3306,perm_seed1731,random_3sat_control_v260_c1113_seed3306_perm1731,random_3sat_control,non_symmetric_control,large,control,none,260,1113,10.0,5.0,iter=50,6.47465,6.47465,202621.0,177648.0,True,6.87185,6.87185,214985.0,187707.0,True,5.8374,6.104511301422119,217745.0,196903.0,True,5.8374,6.114287027727663,217745.0,196903.0,True,6.66298,7.008929737536013,276640.0,244237.0,True,False,False,0.008385,3.0,34.0,481.5274658203125,260,0.6931471824645996,True,0.0690627098083496,0.8255800000000004,0.89464270980835,0.1883300000000005,0.5342797375360133,58895.0,47334.0,0.3972000000000006,-1.0344500000000003,False,False,False,False,True,True
3,50.0,/home/sunshixin/chenchao/my_rlaf/runs/analysis/echosat_symmetry_grpo_v1_7_acceptance_iter=50_canonical_low_warmup_wc3_per_instance.csv,1,random_3sat_control_v300_c1266_seed3307,base,random_3sat_control_v300_c1266_seed3307,random_3sat_control,non_symmetric_control,large,control,none,300,1266,10.0,5.0,iter=50,0.21555,0.21555,12894.0,10895.0,True,2.48424,2.48424,71356.0,61376.0,True,0.008482,0.2755933014221191,288.0,182.0,True,0.008482,0.286650979978621,288.0,182.0,True,0.036749,0.3839806897869706,2446.0,1976.0,True,False,False,0.009486,3.0,48.0,628.0397338867188,300,1.0986123085021973,True,0.0690627098083496,0.0282669999999999,0.0973297098083496,-0.178801,0.1684306897869706,2158.0,1794.0,2.26869,-2.475758,False,True,False,False,True,True
3,50.0,/home/sunshixin/chenchao/my_rlaf/runs/analysis/echosat_symmetry_grpo_v1_7_acceptance_iter=50_canonical_low_warmup_wc3_per_instance.csv,1,random_3sat_control_v300_c1266_seed3307,perm_seed1730,random_3sat_control_v300_c1266_seed3307_perm1730,random_3sat_control,non_symmetric_control,large,control,none,300,1266,10.0,5.0,iter=50,1.27011,1.27011,43103.0,37339.0,True,2.05064,2.05064,63498.0,54506.0,True,0.005545,0.2726563014221191,321.0,205.0,True,0.005545,0.2833958466647863,321.0,205.0,True,0.04514,0.3920535564731359,3066.0,2476.0,True,False,False,0.009308,3.0,48.0,619.230712890625,300,1.0986123085021973,True,0.0690627098083496,0.039595,0.1086577098083496,-1.22497,-0.8780564435268642,2745.0,2271.0,0.78053,-2.045095,False,True,True,False,True,True
3,50.0,/home/sunshixin/chenchao/my_rlaf/runs/analysis/echosat_symmetry_grpo_v1_7_acceptance_iter=50_canonical_low_warmup_wc3_per_instance.csv,1,random_3sat_control_v300_c1266_seed3307,perm_seed1731,random_3sat_control_v300_c1266_seed3307_perm1731,random_3sat_control,non_symmetric_control,large,control,none,300,1266,10.0,5.0,iter=50,2.07232,2.07232,66962.0,57424.0,True,0.118612,0.118612,7524.0,6304.0,True,0.009371,0.2764823014221191,375.0,247.0,True,0.009371,0.2842752398047447,375.0,247.0,True,0.033421,0.3773879496130943,2498.0,1946.0,True,False,False,0.006345,3.0,48.0,626.5236206054688,300,1.0986123085021973,True,0.0690627098083496,0.02405,0.0931127098083496,-2.038899,-1.6949320503869056,2123.0,1699.0,-1.953708,-0.1092409999999999,False,True,True,False,True,True
3,50.0,/home/sunshixin/chenchao/my_rlaf/runs/analysis/echosat_symmetry_grpo_v1_7_acceptance_iter=50_canonical_low_warmup_wc3_per_instance.csv,1,subset_cardinality_bw10,base,subset_cardinality_bw10,subset_cardinality,weak_symmetry,large,main,weak,41,92,10.0,5.0,iter=50,0.001869,0.001869,193.0,141.0,True,0.000411,0.000411,237.0,193.0,True,0.001691,0.2688023014221191,162.0,142.0,True,0.001691,0.2703872480935454,162.0,142.0,True,0.00189,0.339648957901895,186.0,159.0,True,True,True,0.000455,3.0,8.0,94.86821746826172,41,1.0986123085021973,True,0.0690627098083496,0.0001989999999999,0.0692617098083495,2.099999999999997e-05,0.3377799579018949,24.0,17.0,-0.001458,0.0012799999999999,False,False,False,False,True,False
3,50.0,/home/sunshixin/chenchao/my_rlaf/runs/analysis/echosat_symmetry_grpo_v1_7_acceptance_iter=50_canonical_low_warmup_wc3_per_instance.csv,1,subset_cardinality_bw10,perm_seed1730,subset_cardinality_bw10_perm1730,subset_cardinality,weak_symmetry,large,main,weak,41,92,10.0,5.0,iter=50,0.001469,0.001469,218.0,167.0,True,0.001606,0.001606,221.0,169.0,True,0.000394,0.2675053014221191,156.0,137.0,True,0.000394,0.2698664169883132,156.0,137.0,True,0.001814,0.3403491267966628,177.0,145.0,True,True,True,0.00128,3.0,10.0,98.69181823730467,41,1.0986123085021973,True,0.0690627098083496,0.00142,0.0704827098083495,0.000345,0.3388801267966628,21.0,8.0,0.0001369999999999,-0.001212,False,False,False,False,True,False
3,50.0,/home/sunshixin/chenchao/my_rlaf/runs/analysis/echosat_symmetry_grpo_v1_7_acceptance_iter=50_canonical_low_warmup_wc3_per_instance.csv,1,subset_cardinality_bw10,perm_seed1731,subset_cardinality_bw10_perm1731,subset_cardinality,weak_symmetry,large,main,weak,41,92,10.0,5.0,iter=50,0.0,0.0,202.0,147.0,True,0.001568,0.001568,247.0,155.0,True,0.001658,0.2687693014221191,203.0,164.0,True,0.001658,0.2711557249547243,203.0,164.0,True,0.002279,0.3408394347630739,215.0,153.0,True,True,True,0.001314,3.0,7.0,87.48927307128906,41,1.0986123085021973,True,0.0690627098083496,0.000621,0.0696837098083495,0.002279,0.3408394347630739,12.0,-11.0,0.001568,9.000000000000002e-05,False,False,False,False,True,False
3,50.0,/home/sunshixin/chenchao/my_rlaf/runs/analysis/echosat_symmetry_grpo_v1_7_acceptance_iter=50_canonical_low_warmup_wc3_per_instance.csv,1,subset_cardinality_bw12,base,subset_cardinality_bw12,subset_cardinality,weak_symmetry,large,main,weak,49,108,10.0,5.0,iter=50,0.001904,0.001904,442.0,342.0,True,0.002511,0.002511,491.0,414.0,True,0.002601,0.2697123014221191,384.0,312.0,True,0.002601,0.2713968361748457,384.0,312.0,True,0.003204,0.3410625459831953,423.0,304.0,True,True,True,0.000591,3.0,12.0,104.73371887207033,49,0.6931471824645996,True,0.0690627098083496,0.0006029999999999,0.0696657098083495,0.0012999999999999,0.3391585459831953,39.0,-8.0,0.000607,8.99999999999998e-05,False,False,False,False,True,False
3,50.0,/home/sunshixin/chenchao/my_rlaf/runs/analysis/echosat_symmetry_grpo_v1_7_acceptance_iter=50_canonical_low_warmup_wc3_per_instance.csv,1,subset_cardinality_bw12,perm_seed1730,subset_cardinality_bw12_perm1730,subset_cardinality,weak_symmetry,large,main,weak,49,108,10.0,5.0,iter=50,0.001833,0.001833,440.0,329.0,True,0.00217,0.00217,397.0,314.0,True,0.00241,0.2314272576904296,343.0,268.0,True,0.00241,0.2330519185307621,343.0,268.0,True,0.003709,0.2650070178502202,389.0,311.0,True,True,True,0.000545,3.0,9.0,101.82083892822266,49,1.0986123085021973,True,0.030656099319458,0.001299,0.031955099319458,0.001876,0.2631740178502202,46.0,43.0,0.000337,0.0002399999999999,False,False,False,False,True,False
3,50.0,/home/sunshixin/chenchao/my_rlaf/runs/analysis/echosat_symmetry_grpo_v1_7_acceptance_iter=50_canonical_low_warmup_wc3_per_instance.csv,1,subset_cardinality_bw12,perm_seed1731,subset_cardinality_bw12_perm1731,subset_cardinality,weak_symmetry,large,main,weak,49,108,10.0,5.0,iter=50,0.0,0.0,393.0,297.0,True,0.002101,0.002101,439.0,311.0,True,0.002459,0.2314762576904296,363.0,285.0,True,0.002459,0.2337926432584524,363.0,285.0,True,0.003329,0.2653187425779104,348.0,296.0,True,True,True,0.001154,3.0,11.0,104.3914794921875,49,1.0986123085021973,True,0.030656099319458,0.00087,0.0315260993194579,0.003329,0.2653187425779104,-15.0,11.0,0.002101,0.0003579999999999,False,False,False,False,True,False
3,50.0,/home/sunshixin/chenchao/my_rlaf/runs/analysis/echosat_symmetry_grpo_v1_7_acceptance_iter=50_canonical_low_warmup_wc3_per_instance.csv,1,subset_cardinality_bw8,base,subset_cardinality_bw8,subset_cardinality,weak_symmetry,medium,main,weak,33,76,10.0,5.0,iter=50,0.001085,0.001085,89.0,67.0,True,0.00145,0.00145,106.0,76.0,True,0.001254,0.2302712576904297,84.0,69.0,True,0.001254,0.2329133062625527,84.0,69.0,True,0.003683,0.2659984055820107,94.0,76.0,True,True,True,0.000972,3.0,13.0,75.20963287353516,33,1.0986123085021973,True,0.030656099319458,0.002429,0.033085099319458,0.002598,0.2649134055820107,10.0,7.0,0.0003649999999999,-0.000196,False,False,False,False,True,False
3,50.0,/home/sunshixin/chenchao/my_rlaf/runs/analysis/echosat_symmetry_grpo_v1_7_acceptance_iter=50_canonical_low_warmup_wc3_per_instance.csv,1,subset_cardinality_bw8,perm_seed1730,subset_cardinality_bw8_perm1730,subset_cardinality,weak_symmetry,medium,main,weak,33,76,10.0,5.0,iter=50,0.000978,0.000978,110.0,76.0,True,0.00148,0.00148,127.0,80.0,True,0.001654,0.2306712576904296,100.0,79.0,True,0.001654,0.2330741848857998,100.0,79.0,True,0.000559,0.2626352842052578,119.0,76.0,True,True,True,0.001354,3.0,15.0,80.51530456542969,33,1.0986123085021973,True,0.030656099319458,-0.001095,0.0295610993194579,-0.0004189999999999,0.2616572842052578,19.0,-3.0,0.000502,0.000174,True,True,False,False,True,False
3,50.0,/home/sunshixin/chenchao/my_rlaf/runs/analysis/echosat_symmetry_grpo_v1_7_acceptance_iter=50_canonical_low_warmup_wc3_per_instance.csv,1,subset_cardinality_bw8,perm_seed1731,subset_cardinality_bw8_perm1731,subset_cardinality,weak_symmetry,medium,main,weak,33,76,10.0,5.0,iter=50,0.000924,0.000924,91.0,70.0,True,0.001272,0.001272,102.0,79.0,True,0.000263,0.2292802576904297,81.0,70.0,True,0.000263,0.2315706457589864,81.0,70.0,True,0.0,0.2619637450784444,91.0,76.0,True,True,True,0.00135,3.0,12.0,79.57261657714844,33,1.0986123085021973,True,0.030656099319458,-0.000263,0.0303930993194579,-0.000924,0.2610397450784444,10.0,6.0,0.0003479999999999,-0.001009,True,True,False,False,True,False
3,50.0,/home/sunshixin/chenchao/my_rlaf/runs/analysis/echosat_symmetry_grpo_v1_7_acceptance_iter=50_canonical_low_warmup_wc3_per_instance.csv,2,k10_color9,base,k10_color9,complete_coloring,strong_symmetry,large,main,strong,90,775,10.0,5.0,iter=50,4.22355,4.22355,340861.0,314066.0,True,4.21857,4.21857,322229.0,299168.0,True,4.41176,4.925078061828613,321840.0,298649.0,True,4.41176,4.930735379783988,321840.0,298649.0,True,3.49504,4.072529497978568,320878.0,297689.0,True,True,True,0.003498,3.0,9.0,195.45620727539065,90,1.0986123085021973,True,0.05851411819458,-0.9167200000000002,-0.8582058818054197,-0.7285100000000004,-0.1510205020214323,-962.0,-960.0,-0.0049800000000006,0.1931900000000004,True,True,True,True,False,False
3,50.0,/home/sunshixin/chenchao/my_rlaf/runs/analysis/echosat_symmetry_grpo_v1_7_acceptance_iter=50_canonical_low_warmup_wc3_per_instance.csv,2,k10_color9,perm_seed1730,k10_color9_perm1730,complete_coloring,strong_symmetry,large,main,strong,90,775,10.0,5.0,iter=50,4.9177,4.9177,413643.0,382655.0,True,4.21908,4.21908,283792.0,262594.0,True,3.82534,4.338658061828614,247778.0,229737.0,True,3.82534,4.350416052336335,247778.0,229737.0,True,3.80304,4.386630170530916,329760.0,309263.0,True,True,True,0.010589,3.0,9.0,194.30953979492188,90,1.0986123085021973,True,0.05851411819458,-0.0222999999999999,0.0362141181945805,-1.1146599999999998,-0.5310698294690841,81982.0,79526.0,-0.69862,-0.3937399999999997,True,True,True,False,True,False
3,50.0,/home/sunshixin/chenchao/my_rlaf/runs/analysis/echosat_symmetry_grpo_v1_7_acceptance_iter=50_canonical_low_warmup_wc3_per_instance.csv,2,k10_color9,perm_seed1731,k10_color9_perm1731,complete_coloring,strong_symmetry,large,main,strong,90,775,10.0,5.0,iter=50,4.09117,4.09117,340033.0,312592.0,True,3.95108,3.95108,290369.0,269757.0,True,3.95465,4.467968061828613,290369.0,269757.0,True,3.95465,4.481107850378752,290369.0,269757.0,True,5.04981,5.634781968573332,384998.0,361413.0,True,True,True,0.012075,3.0,9.0,193.47189331054688,90,1.0986123085021973,True,0.05851411819458,1.09516,1.15367411819458,0.95864,1.543611968573332,94629.0,91656.0,-0.1400899999999998,0.0035699999999998,False,False,False,False,True,False
3,50.0,/home/sunshixin/chenchao/my_rlaf/runs/analysis/echosat_symmetry_grpo_v1_7_acceptance_iter=50_canonical_low_warmup_wc3_per_instance.csv,2,k8_color7,base,k8_color7,complete_coloring,strong_symmetry,large,main,strong,56,372,10.0,5.0,iter=50,0.050596,0.050596,6158.0,5600.0,True,0.047627,0.047627,5946.0,5440.0,True,0.048036,0.5613540618286132,5946.0,5440.0,True,0.048036,0.5679866933098435,5946.0,5440.0,True,0.037278,0.6157428115044237,5475.0,5038.0,True,True,True,0.003599,3.0,7.0,125.01708984375,56,1.0986123085021973,True,0.05851411819458,-0.010758,0.0477561181945801,-0.013318,0.5651468115044237,-471.0,-402.0,-0.0029689999999999,0.0004089999999999,True,True,False,True,False,False
3,50.0,/home/sunshixin/chenchao/my_rlaf/runs/analysis/echosat_symmetry_grpo_v1_7_acceptance_iter=50_canonical_low_warmup_wc3_per_instance.csv,2,k8_color7,perm_seed1730,k8_color7_perm1730,complete_coloring,strong_symmetry,large,main,strong,56,372,10.0,5.0,iter=50,0.047322,0.047322,6138.0,5624.0,True,0.043755,0.043755,6264.0,5696.0,True,0.040757,0.5540750618286133,6264.0,5696.0,True,0.040757,0.5588843269546628,6264.0,5696.0,True,0.039517,0.6161584451492429,5486.0,5050.0,True,True,True,0.003656,3.0,7.0,125.1129913330078,56,1.0986123085021973,True,0.05851411819458,-0.00124,0.05727411819458,-0.007805,0.5688364451492429,-778.0,-646.0,-0.003567,-0.002998,True,True,False,True,False,False
3,50.0,/home/sunshixin/chenchao/my_rlaf/runs/analysis/echosat_symmetry_grpo_v1_7_acceptance_iter=50_canonical_low_warmup_wc3_per_instance.csv,2,k8_color7,perm_seed1731,k8_color7_perm1731,complete_coloring,strong_symmetry,large,main,strong,56,372,10.0,5.0,iter=50,0.036655,0.036655,5800.0,5271.0,True,0.048301,0.048301,6148.0,5641.0,True,0.05853,0.5718480618286133,6148.0,5641.0,True,0.05853,0.5766235293465852,6148.0,5641.0,True,0.03611,0.6127176475411653,5943.0,5428.0,True,True,True,0.003675,3.0,7.0,125.51768493652344,56,1.0986123085021973,True,0.05851411819458,-0.0224199999999999,0.03609411819458,-0.0005449999999999,0.5760626475411653,-205.0,-213.0,0.0116459999999999,0.010229,True,True,False,True,False,False
3,50.0,/home/sunshixin/chenchao/my_rlaf/runs/analysis/echosat_symmetry_grpo_v1_7_acceptance_iter=50_canonical_low_warmup_wc3_per_instance.csv,2,k9_color8,base,k9_color8,complete_coloring,strong_symmetry,large,main,strong,72,549,10.0,5.0,iter=50,0.669584,0.669584,46557.0,43529.0,True,0.627656,0.627656,44352.0,41138.0,True,0.570737,1.084055061828613,43519.0,40436.0,True,0.570737,1.0937740909534095,43519.0,40436.0,True,0.41496,0.9965112091479896,39662.0,36951.0,True,True,True,0.008432,3.0,8.0,158.36375427246094,72,1.0986123085021973,True,0.05851411819458,-0.155777,-0.0972628818054198,-0.2546239999999999,0.3269272091479897,-3857.0,-3485.0,-0.0419279999999999,-0.0569189999999999,True,True,False,True,False,False
3,50.0,/home/sunshixin/chenchao/my_rlaf/runs/analysis/echosat_symmetry_grpo_v1_7_acceptance_iter=50_canonical_low_warmup_wc3_per_instance.csv,2,k9_color8,perm_seed1730,k9_color8_perm1730,complete_coloring,strong_symmetry,large,main,strong,72,549,10.0,5.0,iter=50,0.451559,0.451559,39708.0,36681.0,True,0.832812,0.832812,45794.0,42555.0,True,0.649812,1.1631300618286131,45794.0,42555.0,True,0.649812,1.1728050445363525,45794.0,42555.0,True,0.411362,0.9928691627309324,42716.0,39743.0,True,True,True,0.008399,3.0,10.0,157.64891052246094,72,1.0986123085021973,True,0.05851411819458,-0.2384499999999999,-0.17993588180542,-0.0401969999999999,0.5413101627309325,-3078.0,-2812.0,0.381253,-0.183,True,True,False,True,False,False
3,50.0,/home/sunshixin/chenchao/my_rlaf/runs/analysis/echosat_symmetry_grpo_v1_7_acceptance_iter=50_canonical_low_warmup_wc3_per_instance.csv,2,k9_color8,perm_seed1731,k9_color8_perm1731,complete_coloring,strong_symmetry,large,main,strong,72,549,10.0,5.0,iter=50,0.603485,0.603485,47177.0,43763.0,True,0.671921,0.671921,47579.0,44103.0,True,0.669516,0.960139664855957,47579.0,44103.0,True,0.669516,0.9661786787348984,47579.0,44103.0,True,0.517104,0.8814966286860704,43092.0,40198.0,True,True,True,0.004889,3.0,8.0,158.0809783935547,72,1.0986123085021973,True,0.0677299499511718,-0.152412,-0.084682050048828,-0.086381,0.2780116286860703,-4487.0,-3905.0,0.0684359999999999,-0.0024049999999999,True,True,False,True,False,False
3,50.0,/home/sunshixin/chenchao/my_rlaf/runs/analysis/echosat_symmetry_grpo_v1_7_acceptance_iter=50_canonical_low_warmup_wc3_per_instance.csv,2,php_p10_h9,base,php_p10_h9,php,strong_symmetry,large,main,strong,90,775,10.0,5.0,iter=50,4.23619,4.23619,340861.0,314066.0,True,4.34614,4.34614,322229.0,299168.0,True,4.13125,4.421873664855957,321840.0,298649.0,True,4.13125,4.429494627795934,321840.0,298649.0,True,3.90105,4.267024577747106,320878.0,297689.0,True,True,True,0.006342,3.0,9.0,195.45620727539065,90,1.0986123085021973,True,0.0677299499511718,-0.2301999999999995,-0.162470050048828,-0.3351399999999995,0.0308345777471066,-962.0,-960.0,0.1099500000000004,-0.2148900000000004,True,True,False,True,False,False
3,50.0,/home/sunshixin/chenchao/my_rlaf/runs/analysis/echosat_symmetry_grpo_v1_7_acceptance_iter=50_canonical_low_warmup_wc3_per_instance.csv,2,php_p10_h9,perm_seed1730,php_p10_h9_perm1730,php,strong_symmetry,large,main,strong,90,775,10.0,5.0,iter=50,5.00221,5.00221,413643.0,382655.0,True,4.28544,4.28544,283792.0,262594.0,True,3.77409,4.064713664855957,247778.0,229737.0,True,3.77409,4.071165309879899,247778.0,229737.0,True,4.17581,4.540615259831071,367014.0,343397.0,True,True,True,0.005217,3.0,9.0,194.30953979492188,90,1.0986123085021973,True,0.0677299499511718,0.4017200000000001,0.4694499499511719,-0.8263999999999996,-0.4615947401689286,119236.0,113660.0,-0.7167699999999995,-0.5113500000000002,False,True,True,False,True,False
3,50.0,/home/sunshixin/chenchao/my_rlaf/runs/analysis/echosat_symmetry_grpo_v1_7_acceptance_iter=50_canonical_low_warmup_wc3_per_instance.csv,2,php_p10_h9,perm_seed1731,php_p10_h9_perm1731,php,strong_symmetry,large,main,strong,90,775,10.0,5.0,iter=50,4.34118,4.34118,340033.0,312592.0,True,4.16186,4.16186,290369.0,269757.0,True,3.94455,4.235173664855957,290369.0,269757.0,True,3.94455,4.243737422247768,290369.0,269757.0,True,4.97915,5.346067372198939,384998.0,361413.0,True,True,True,0.007249,3.0,9.0,193.47189331054688,90,1.0986123085021973,True,0.0677299499511718,1.0345999999999995,1.1023299499511712,0.6379700000000001,1.0048873721989393,94629.0,91656.0,-0.1793199999999997,-0.2173099999999999,False,False,False,False,True,False
3,50.0,/home/sunshixin/chenchao/my_rlaf/runs/analysis/echosat_symmetry_grpo_v1_7_acceptance_iter=50_canonical_low_warmup_wc3_per_instance.csv,2,php_p9_h8,base,php_p9_h8,php,strong_symmetry,large,main,strong,72,549,10.0,5.0,iter=50,0.682937,0.682937,46557.0,43529.0,True,0.636537,0.636537,44352.0,41138.0,True,0.572952,0.863575664855957,43519.0,40436.0,True,0.572952,0.8685495833200216,43519.0,40436.0,True,0.429709,0.7930365332711935,39662.0,36951.0,True,True,True,0.003818,3.0,8.0,158.36375427246094,72,1.0986123085021973,True,0.0677299499511718,-0.143243,-0.0755130500488281,-0.253228,0.1100995332711934,-3857.0,-3485.0,-0.0464,-0.063585,True,True,False,True,False,False
3,50.0,/home/sunshixin/chenchao/my_rlaf/runs/analysis/echosat_symmetry_grpo_v1_7_acceptance_iter=50_canonical_low_warmup_wc3_per_instance.csv,2,php_p9_h8,perm_seed1730,php_p9_h8_perm1730,php,strong_symmetry,large,main,strong,72,549,10.0,5.0,iter=50,0.463011,0.463011,39708.0,36681.0,True,0.681164,0.681164,45794.0,42555.0,True,0.676432,0.9670556648559572,45794.0,42555.0,True,0.676432,0.9720448303978444,45794.0,42555.0,True,0.433154,0.7964967803490162,42716.0,39743.0,True,True,True,0.003766,3.0,10.0,157.64891052246094,72,1.0986123085021973,True,0.0677299499511718,-0.243278,-0.1755480500488282,-0.029857,0.3334857803490161,-3078.0,-2812.0,0.2181529999999999,-0.0047319999999999,True,True,False,True,False,False
3,50.0,/home/sunshixin/chenchao/my_rlaf/runs/analysis/echosat_symmetry_grpo_v1_7_acceptance_iter=50_canonical_low_warmup_wc3_per_instance.csv,2,php_p9_h8,perm_seed1731,php_p9_h8_perm1731,php,strong_symmetry,large,main,strong,72,549,10.0,5.0,iter=50,0.634538,0.634538,47177.0,43763.0,True,0.678302,0.678302,47579.0,44103.0,True,0.672232,0.9628556648559572,47579.0,44103.0,True,0.672232,0.9680480639290214,47579.0,44103.0,True,0.51838,0.8819260138801932,43092.0,40198.0,True,True,True,0.003877,3.0,8.0,158.0809783935547,72,1.0986123085021973,True,0.0677299499511718,-0.1538520000000001,-0.0861220500488282,-0.1161580000000001,0.2473880138801931,-4487.0,-3905.0,0.0437639999999999,-0.0060699999999999,True,True,False,True,False,False
3,50.0,/home/sunshixin/chenchao/my_rlaf/runs/analysis/echosat_symmetry_grpo_v1_7_acceptance_iter=50_canonical_low_warmup_wc3_per_instance.csv,2,random_3sat_control_v160_c704_seed2615,base,random_3sat_control_v160_c704_seed2615,random_3sat_control,non_symmetric_control,large,control,none,160,704,10.0,5.0,iter=50,0.059861,0.059861,6771.0,5767.0,True,0.052632,0.052632,5702.0,4813.0,True,0.043029,0.333652664855957,4859.0,4212.0,True,0.043029,0.3399556148487925,4859.0,4212.0,True,0.051386,0.4160425647999644,5400.0,4612.0,True,False,False,0.005012,3.0,22.0,360.5569458007813,160,1.0986123085021973,True,0.0677299499511718,0.008357,0.0760869499511718,-0.0084749999999999,0.3561815647999644,541.0,400.0,-0.0072289999999999,-0.009603,False,True,False,False,True,True
3,50.0,/home/sunshixin/chenchao/my_rlaf/runs/analysis/echosat_symmetry_grpo_v1_7_acceptance_iter=50_canonical_low_warmup_wc3_per_instance.csv,2,random_3sat_control_v160_c704_seed2615,perm_seed1730,random_3sat_control_v160_c704_seed2615_perm1730,random_3sat_control,non_symmetric_control,large,control,none,160,704,10.0,5.0,iter=50,0.103207,0.103207,8522.0,7299.0,True,0.088667,0.088667,7934.0,6809.0,True,0.043894,0.7892982434692383,4602.0,4008.0,True,0.043894,0.7942250422079563,4602.0,4008.0,True,0.05174,0.8822447730581761,5575.0,4694.0,True,False,False,0.003533,3.0,22.0,363.3272399902344,160,1.0986123085021973,True,0.0801737308502197,0.0078459999999999,0.0880197308502197,-0.0514669999999999,0.7790377730581761,973.0,686.0,-0.0145399999999999,-0.0447729999999999,False,True,False,False,True,True
3,50.0,/home/sunshixin/chenchao/my_rlaf/runs/analysis/echosat_symmetry_grpo_v1_7_acceptance_iter=50_canonical_low_warmup_wc3_per_instance.csv,2,random_3sat_control_v160_c704_seed2615,perm_seed1731,random_3sat_control_v160_c704_seed2615_perm1731,random_3sat_control,non_symmetric_control,large,control,none,160,704,10.0,5.0,iter=50,0.04697,0.04697,5676.0,4847.0,True,0.101325,0.101325,8017.0,6851.0,True,0.052467,0.7978712434692383,4961.0,4384.0,True,0.052467,0.799549185932994,4961.0,4384.0,True,0.045064,0.8723199167832136,4925.0,4142.0,True,False,False,0.000275,3.0,22.0,364.4381408691406,160,1.0986123085021973,True,0.0801737308502197,-0.007403,0.0727707308502196,-0.0019059999999999,0.8253499167832137,-36.0,-242.0,0.054355,-0.048858,True,True,False,True,False,True
3,50.0,/home/sunshixin/chenchao/my_rlaf/runs/analysis/echosat_symmetry_grpo_v1_7_acceptance_iter=50_canonical_low_warmup_wc3_per_instance.csv,2,random_3sat_control_v180_c760_seed3301,base,random_3sat_control_v180_c760_seed3301,random_3sat_control,non_symmetric_control,large,control,none,180,760,10.0,5.0,iter=50,0.496837,0.496837,27442.0,23617.0,True,0.179391,0.179391,10470.0,8910.0,True,0.008959,0.7543632434692383,693.0,567.0,True,0.008959,0.7594897950115205,693.0,567.0,True,0.147291,0.97799552586174,12622.0,10794.0,True,False,False,0.003785,3.0,28.0,430.4636840820313,180,1.0986123085021973,True,0.0801737308502197,0.138332,0.2185057308502195,-0.3495459999999999,0.48115852586174,11929.0,10227.0,-0.317446,-0.170432,False,True,False,False,True,True
3,50.0,/home/sunshixin/chenchao/my_rlaf/runs/analysis/echosat_symmetry_grpo_v1_7_acceptance_iter=50_canonical_low_warmup_wc3_per_instance.csv,2,random_3sat_control_v180_c760_seed3301,perm_seed1730,random_3sat_control_v180_c760_seed3301_perm1730,random_3sat_control,non_symmetric_control,large,control,none,180,760,10.0,5.0,iter=50,1.05031,1.05031,47649.0,41152.0,True,0.085784,0.085784,7421.0,6253.0,True,0.004047,0.7494512434692383,643.0,525.0,True,0.004047,0.7545438377609849,643.0,525.0,True,0.198662,1.0293325686112045,14777.0,12731.0,True,False,False,0.003763,3.0,28.0,431.2578125,180,1.0986123085021973,True,0.0801737308502197,0.194615,0.2747887308502196,-0.8516480000000001,-0.0209774313887955,14134.0,12206.0,-0.964526,-0.081737,False,True,True,False,True,True
3,50.0,/home/sunshixin/chenchao/my_rlaf/runs/analysis/echosat_symmetry_grpo_v1_7_acceptance_iter=50_canonical_low_warmup_wc3_per_instance.csv,2,random_3sat_control_v180_c760_seed3301,perm_seed1731,random_3sat_control_v180_c760_seed3301_perm1731,random_3sat_control,non_symmetric_control,large,control,none,180,760,10.0,5.0,iter=50,0.49353,0.49353,27197.0,23469.0,True,0.126855,0.126855,9011.0,7714.0,True,0.011893,0.7572972434692383,590.0,484.0,True,0.011893,0.7632235972858668,590.0,484.0,True,0.203823,1.0353273281360864,13820.0,12036.0,True,False,False,0.004439,3.0,28.0,430.8958129882813,180,1.0986123085021973,True,0.0801737308502197,0.19193,0.2721037308502196,-0.289707,0.5417973281360864,13230.0,11552.0,-0.366675,-0.114962,False,True,False,False,True,True
3,50.0,/home/sunshixin/chenchao/my_rlaf/runs/analysis/echosat_symmetry_grpo_v1_7_acceptance_iter=50_canonical_low_warmup_wc3_per_instance.csv,2,random_3sat_control_v220_c928_seed3303,base,random_3sat_control_v220_c928_seed3303,random_3sat_control,non_symmetric_control,large,control,none,220,928,10.0,5.0,iter=50,0.724835,0.724835,30277.0,25994.0,True,0.536583,0.536583,22265.0,19025.0,True,0.00048,0.7458842434692383,62.0,4.0,True,0.00048,0.7514458263575435,62.0,4.0,True,0.003735,0.8348745572077633,324.0,241.0,True,False,False,0.004109,3.0,39.0,455.798828125,220,1.0986123085021973,True,0.0801737308502197,0.003255,0.0834287308502197,-0.7211,0.1100395572077632,262.0,237.0,-0.1882519999999999,-0.536103,False,True,False,False,True,True
3,50.0,/home/sunshixin/chenchao/my_rlaf/runs/analysis/echosat_symmetry_grpo_v1_7_acceptance_iter=50_canonical_low_warmup_wc3_per_instance.csv,2,random_3sat_control_v220_c928_seed3303,perm_seed1730,random_3sat_control_v220_c928_seed3303_perm1730,random_3sat_control,non_symmetric_control,large,control,none,220,928,10.0,5.0,iter=50,1.62526,1.62526,52742.0,45477.0,True,0.201086,0.201086,13039.0,11071.0,True,0.003953,0.7493572434692383,62.0,4.0,True,0.003953,0.7511814981360435,62.0,4.0,True,0.008762,0.8361642289862633,388.0,282.0,True,False,False,0.000424,3.0,39.0,453.5053405761719,220,1.0986123085021973,True,0.0801737308502197,0.004809,0.0849827308502197,-1.616498,-0.7890957710137366,326.0,278.0,-1.4241739999999998,-0.1971329999999999,False,True,True,False,True,True
3,50.0,/home/sunshixin/chenchao/my_rlaf/runs/analysis/echosat_symmetry_grpo_v1_7_acceptance_iter=50_canonical_low_warmup_wc3_per_instance.csv,2,random_3sat_control_v220_c928_seed3303,perm_seed1731,random_3sat_control_v220_c928_seed3303_perm1731,random_3sat_control,non_symmetric_control,large,control,none,220,928,10.0,5.0,iter=50,0.05611,0.05611,4930.0,4147.0,True,0.445387,0.445387,19684.0,16814.0,True,0.003003,0.7484072434692383,63.0,4.0,True,0.003003,0.7540356276780367,63.0,4.0,True,0.003101,0.8343073585282564,393.0,249.0,True,False,False,0.004247,3.0,39.0,458.748046875,220,1.0986123085021973,True,0.0801737308502197,9.8e-05,0.0802717308502197,-0.053009,0.7781973585282564,330.0,245.0,0.389277,-0.442384,False,True,False,False,True,True
3,50.0,/home/sunshixin/chenchao/my_rlaf/runs/analysis/echosat_symmetry_grpo_v1_7_acceptance_iter=50_canonical_low_warmup_wc3_per_instance.csv,2,random_3sat_control_v220_c942_seed3304,base,random_3sat_control_v220_c942_seed3304,random_3sat_control,non_symmetric_control,large,control,none,220,942,10.0,5.0,iter=50,0.663577,0.663577,35472.0,30813.0,True,1.06151,1.06151,41376.0,36046.0,True,0.469437,0.6665321557159424,26754.0,23980.0,True,0.469437,0.6724855903204083,26754.0,23980.0,True,0.860682,1.1450165438421367,40521.0,36417.0,True,False,False,0.004436,3.0,26.0,416.5282897949219,220,1.0986123085021973,True,0.0812859535217285,0.3912449999999999,0.4725309535217283,0.1971049999999999,0.4814395438421367,13767.0,12437.0,0.397933,-0.592073,False,False,False,False,True,True
3,50.0,/home/sunshixin/chenchao/my_rlaf/runs/analysis/echosat_symmetry_grpo_v1_7_acceptance_iter=50_canonical_low_warmup_wc3_per_instance.csv,2,random_3sat_control_v220_c942_seed3304,perm_seed1730,random_3sat_control_v220_c942_seed3304_perm1730,random_3sat_control,non_symmetric_control,large,control,none,220,942,10.0,5.0,iter=50,0.664067,0.664067,34825.0,30052.0,True,0.633891,0.633891,33221.0,28818.0,True,0.459426,0.6565211557159424,26445.0,23804.0,True,0.459426,0.6624778185793757,26445.0,23804.0,True,0.772368,1.0567057721011044,41164.0,36824.0,True,False,False,0.004489,3.0,26.0,423.32037353515625,220,1.0986123085021973,True,0.0812859535217285,0.312942,0.3942279535217287,0.108301,0.3926387721011044,14719.0,13020.0,-0.0301759999999999,-0.1744649999999999,False,False,False,False,True,True
3,50.0,/home/sunshixin/chenchao/my_rlaf/runs/analysis/echosat_symmetry_grpo_v1_7_acceptance_iter=50_canonical_low_warmup_wc3_per_instance.csv,2,random_3sat_control_v220_c942_seed3304,perm_seed1731,random_3sat_control_v220_c942_seed3304_perm1731,random_3sat_control,non_symmetric_control,large,control,none,220,942,10.0,5.0,iter=50,0.708754,0.708754,38737.0,33758.0,True,0.794438,0.794438,38909.0,33544.0,True,0.417956,0.6150511557159424,26149.0,23448.0,True,0.417956,0.6183671839222908,26149.0,23448.0,True,0.719676,1.0013731374440191,39928.0,35906.0,True,False,False,0.001905,3.0,26.0,418.775390625,220,1.0986123085021973,True,0.0812859535217285,0.30172,0.3830059535217283,0.0109219999999999,0.2926191374440191,13779.0,12458.0,0.0856839999999999,-0.376482,False,False,False,False,True,True
3,50.0,/home/sunshixin/chenchao/my_rlaf/runs/analysis/echosat_symmetry_grpo_v1_7_acceptance_iter=50_canonical_low_warmup_wc3_per_instance.csv,2,random_3sat_control_v260_c1097_seed3305,base,random_3sat_control_v260_c1097_seed3305,random_3sat_control,non_symmetric_control,large,control,none,260,1097,10.0,5.0,iter=50,6.84113,6.84113,216854.0,188499.0,True,2.61898,2.61898,73626.0,64181.0,True,1.48187,1.6789651557159424,60642.0,54350.0,True,1.48187,1.6859015401780606,60642.0,54350.0,True,0.70138,0.986697493699789,32342.0,28420.0,True,False,False,0.00543,3.0,35.0,492.83697509765625,260,1.0986123085021973,True,0.0812859535217285,-0.78049,-0.6992040464782716,-6.139749999999999,-5.854432506300211,-28300.0,-25930.0,-4.222149999999999,-1.13711,True,True,True,True,False,True
3,50.0,/home/sunshixin/chenchao/my_rlaf/runs/analysis/echosat_symmetry_grpo_v1_7_acceptance_iter=50_canonical_low_warmup_wc3_per_instance.csv,2,random_3sat_control_v260_c1097_seed3305,perm_seed1730,random_3sat_control_v260_c1097_seed3305_perm1730,random_3sat_control,non_symmetric_control,large,control,none,260,1097,10.0,5.0,iter=50,7.38824,7.38824,224505.0,195557.0,True,0.603482,0.603482,27246.0,23387.0,True,1.5973,1.7943951557159423,60686.0,54724.0,True,1.5973,1.8032962586093544,60686.0,54724.0,True,0.815641,1.102923212131083,40444.0,35663.0,True,False,False,0.007191,3.0,35.0,494.8829650878906,260,1.0986123085021973,True,0.0812859535217285,-0.781659,-0.7003730464782714,-6.572598999999999,-6.285316787868917,-20242.0,-19061.0,-6.784758,0.993818,True,True,True,True,False,True
3,50.0,/home/sunshixin/chenchao/my_rlaf/runs/analysis/echosat_symmetry_grpo_v1_7_acceptance_iter=50_canonical_low_warmup_wc3_per_instance.csv,2,random_3sat_control_v260_c1097_seed3305,perm_seed1731,random_3sat_control_v260_c1097_seed3305_perm1731,random_3sat_control,non_symmetric_control,large,control,none,260,1097,10.0,5.0,iter=50,3.85018,3.85018,105916.0,92052.0,True,5.2642,5.2642,162997.0,142194.0,True,1.1778,1.3748951557159423,48534.0,43247.0,True,1.1778,1.3792144145601988,48534.0,43247.0,True,1.03469,1.3173903680819274,42143.0,37319.0,True,False,False,0.002615,3.0,35.0,493.7220764160156,260,1.0986123085021973,True,0.0812859535217285,-0.1431099999999998,-0.0618240464782713,-2.81549,-2.5327896319180727,-6391.0,-5928.0,1.4140199999999998,-4.086399999999999,True,True,True,True,False,True
3,50.0,/home/sunshixin/chenchao/my_rlaf/runs/analysis/echosat_symmetry_grpo_v1_7_acceptance_iter=50_canonical_low_warmup_wc3_per_instance.csv,2,random_3sat_control_v260_c1113_seed3306,base,random_3sat_control_v260_c1113_seed3306,random_3sat_control,non_symmetric_control,large,control,none,260,1113,10.0,5.0,iter=50,5.74455,5.74455,178146.0,155541.0,True,5.92727,5.92727,186876.0,163308.0,True,6.16932,6.366415155715942,226200.0,205404.0,True,6.16932,6.374531657625735,226200.0,205404.0,True,6.84071,7.127207611147463,269374.0,237868.0,True,False,False,0.006505,3.0,34.0,480.0674743652344,260,0.6931471824645996,True,0.0812859535217285,0.6713899999999997,0.7526759535217273,1.0961599999999994,1.3826576111474624,43174.0,32464.0,0.1827199999999997,0.2420499999999998,False,False,False,False,True,True
3,50.0,/home/sunshixin/chenchao/my_rlaf/runs/analysis/echosat_symmetry_grpo_v1_7_acceptance_iter=50_canonical_low_warmup_wc3_per_instance.csv,2,random_3sat_control_v260_c1113_seed3306,perm_seed1730,random_3sat_control_v260_c1113_seed3306_perm1730,random_3sat_control,non_symmetric_control,large,control,none,260,1113,10.0,5.0,iter=50,5.01455,5.01455,171334.0,149746.0,True,6.83878,6.83878,206936.0,180741.0,True,5.49313,5.690225155715942,206101.0,186162.0,True,5.49313,5.698209787584483,206101.0,186162.0,True,6.38533,6.671695741106212,268641.0,236554.0,True,False,False,0.006429,3.0,34.0,478.7396240234375,260,0.6931471824645996,True,0.0812859535217285,0.8921999999999999,0.9734859535217284,1.37078,1.6571457411062118,62540.0,50392.0,1.82423,-1.34565,False,False,False,False,True,True
3,50.0,/home/sunshixin/chenchao/my_rlaf/runs/analysis/echosat_symmetry_grpo_v1_7_acceptance_iter=50_canonical_low_warmup_wc3_per_instance.csv,2,random_3sat_control_v260_c1113_seed3306,perm_seed1731,random_3sat_control_v260_c1113_seed3306_perm1731,random_3sat_control,non_symmetric_control,large,control,none,260,1113,10.0,5.0,iter=50,6.47366,6.47366,202621.0,177648.0,True,6.76058,6.76058,214985.0,187707.0,True,6.04622,6.559799845428467,217745.0,196903.0,True,6.04622,6.566272479311943,217745.0,196903.0,True,7.30971,7.91180493498516,276640.0,244237.0,True,False,False,0.004897,3.0,34.0,481.5274658203125,260,0.6931471824645996,True,0.0820424556732177,1.26349,1.3455324556732169,0.8360500000000002,1.4381449349851598,58895.0,47334.0,0.2869200000000003,-0.7143600000000001,False,False,False,False,True,True
3,50.0,/home/sunshixin/chenchao/my_rlaf/runs/analysis/echosat_symmetry_grpo_v1_7_acceptance_iter=50_canonical_low_warmup_wc3_per_instance.csv,2,random_3sat_control_v300_c1266_seed3307,base,random_3sat_control_v300_c1266_seed3307,random_3sat_control,non_symmetric_control,large,control,none,300,1266,10.0,5.0,iter=50,0.223106,0.223106,12894.0,10895.0,True,2.50066,2.50066,71356.0,61376.0,True,0.008571,0.5221508454284668,288.0,182.0,True,0.008571,0.5319138519932628,288.0,182.0,True,0.043177,0.6485623076664806,2446.0,1976.0,True,False,False,0.008167,3.0,48.0,628.0397338867188,300,1.0986123085021973,True,0.0820424556732177,0.034606,0.1166484556732178,-0.179929,0.4254563076664805,2158.0,1794.0,2.277554,-2.492089,False,True,False,False,True,True
3,50.0,/home/sunshixin/chenchao/my_rlaf/runs/analysis/echosat_symmetry_grpo_v1_7_acceptance_iter=50_canonical_low_warmup_wc3_per_instance.csv,2,random_3sat_control_v300_c1266_seed3307,perm_seed1730,random_3sat_control_v300_c1266_seed3307_perm1730,random_3sat_control,non_symmetric_control,large,control,none,300,1266,10.0,5.0,iter=50,1.27058,1.27058,43103.0,37339.0,True,2.46782,2.46782,63498.0,54506.0,True,0.008944,0.5225238454284667,321.0,205.0,True,0.008944,0.5303062880926728,321.0,205.0,True,0.047439,0.6508437437658906,3066.0,2476.0,True,False,False,0.006185,3.0,48.0,619.230712890625,300,1.0986123085021973,True,0.0820424556732177,0.038495,0.1205374556732178,-1.223141,-0.6197362562341094,2745.0,2271.0,1.19724,-2.458876,False,True,True,False,True,True
3,50.0,/home/sunshixin/chenchao/my_rlaf/runs/analysis/echosat_symmetry_grpo_v1_7_acceptance_iter=50_canonical_low_warmup_wc3_per_instance.csv,2,random_3sat_control_v300_c1266_seed3307,perm_seed1731,random_3sat_control_v300_c1266_seed3307_perm1731,random_3sat_control,non_symmetric_control,large,control,none,300,1266,10.0,5.0,iter=50,2.05684,2.05684,66962.0,57424.0,True,0.112145,0.112145,7524.0,6304.0,True,0.009154,0.5227338454284668,375.0,247.0,True,0.009154,0.5304762660967708,375.0,247.0,True,0.039157,0.6425217217699886,2498.0,1946.0,True,False,False,0.00619,3.0,48.0,626.5236206054688,300,1.0986123085021973,True,0.0820424556732177,0.0300029999999999,0.1120454556732177,-2.017683,-1.4143182782300112,2123.0,1699.0,-1.944695,-0.102991,False,True,True,False,True,True
3,50.0,/home/sunshixin/chenchao/my_rlaf/runs/analysis/echosat_symmetry_grpo_v1_7_acceptance_iter=50_canonical_low_warmup_wc3_per_instance.csv,2,subset_cardinality_bw10,base,subset_cardinality_bw10,subset_cardinality,weak_symmetry,large,main,weak,41,92,10.0,5.0,iter=50,0.001645,0.001645,193.0,141.0,True,0.001941,0.001941,237.0,193.0,True,0.001748,0.5153278454284668,162.0,142.0,True,0.001748,0.518091028562963,162.0,142.0,True,0.003801,0.6021864842361808,186.0,159.0,True,True,True,0.00137,3.0,8.0,94.86821746826172,41,1.0986123085021973,True,0.0820424556732177,0.002053,0.0840954556732178,0.002156,0.6005414842361808,24.0,17.0,0.000296,-0.000193,False,False,False,False,True,False
3,50.0,/home/sunshixin/chenchao/my_rlaf/runs/analysis/echosat_symmetry_grpo_v1_7_acceptance_iter=50_canonical_low_warmup_wc3_per_instance.csv,2,subset_cardinality_bw10,perm_seed1730,subset_cardinality_bw10_perm1730,subset_cardinality,weak_symmetry,large,main,weak,41,92,10.0,5.0,iter=50,0.000937,0.000937,218.0,167.0,True,0.0,0.0,221.0,169.0,True,0.001517,0.5150968454284668,156.0,137.0,True,0.001517,0.5184559453213811,156.0,137.0,True,0.0,0.5989814009945988,177.0,145.0,True,True,True,0.001034,3.0,10.0,98.69181823730467,41,1.0986123085021973,True,0.0820424556732177,-0.001517,0.0805254556732177,-0.000937,0.5980444009945989,21.0,8.0,-0.000937,0.001517,True,True,False,False,True,False
3,50.0,/home/sunshixin/chenchao/my_rlaf/runs/analysis/echosat_symmetry_grpo_v1_7_acceptance_iter=50_canonical_low_warmup_wc3_per_instance.csv,2,subset_cardinality_bw10,perm_seed1731,subset_cardinality_bw10_perm1731,subset_cardinality,weak_symmetry,large,main,weak,41,92,10.0,5.0,iter=50,0.001673,0.001673,202.0,147.0,True,0.000344,0.000344,247.0,155.0,True,0.001781,0.5153608454284668,203.0,164.0,True,0.001781,0.5182310877300501,203.0,164.0,True,0.002306,0.6007985434032679,215.0,153.0,True,True,True,0.001351,3.0,7.0,87.48927307128906,41,1.0986123085021973,True,0.0820424556732177,0.0005249999999999,0.0825674556732177,0.0006329999999999,0.5991255434032678,12.0,-11.0,-0.0013289999999999,0.001437,False,False,False,False,True,False
3,50.0,/home/sunshixin/chenchao/my_rlaf/runs/analysis/echosat_symmetry_grpo_v1_7_acceptance_iter=50_canonical_low_warmup_wc3_per_instance.csv,2,subset_cardinality_bw12,base,subset_cardinality_bw12,subset_cardinality,weak_symmetry,large,main,weak,49,108,10.0,5.0,iter=50,0.002389,0.002389,442.0,342.0,True,0.002724,0.002724,491.0,414.0,True,0.002176,0.5157558454284668,384.0,312.0,True,0.002176,0.5182215780559182,384.0,312.0,True,0.004547,0.602635033729136,423.0,304.0,True,True,True,0.001529,3.0,12.0,104.73371887207033,49,0.6931471824645996,True,0.0820424556732177,0.002371,0.0844134556732177,0.0021579999999999,0.600246033729136,39.0,-8.0,0.0003349999999999,-0.0005479999999999,False,False,False,False,True,False
3,50.0,/home/sunshixin/chenchao/my_rlaf/runs/analysis/echosat_symmetry_grpo_v1_7_acceptance_iter=50_canonical_low_warmup_wc3_per_instance.csv,2,subset_cardinality_bw12,perm_seed1730,subset_cardinality_bw12_perm1730,subset_cardinality,weak_symmetry,large,main,weak,49,108,10.0,5.0,iter=50,0.000822,0.000822,440.0,329.0,True,0.002259,0.002259,397.0,314.0,True,0.002061,0.0427766944274902,343.0,268.0,True,0.002061,0.0441182778638005,343.0,268.0,True,0.003016,0.0751528810589909,389.0,311.0,True,True,True,0.000398,3.0,9.0,101.82083892822266,49,1.0986123085021973,True,0.0300796031951904,0.000955,0.0310346031951904,0.0021939999999999,0.0743308810589909,46.0,43.0,0.001437,-0.000198,False,False,False,False,True,False
3,50.0,/home/sunshixin/chenchao/my_rlaf/runs/analysis/echosat_symmetry_grpo_v1_7_acceptance_iter=50_canonical_low_warmup_wc3_per_instance.csv,2,subset_cardinality_bw12,perm_seed1731,subset_cardinality_bw12_perm1731,subset_cardinality,weak_symmetry,large,main,weak,49,108,10.0,5.0,iter=50,0.002121,0.002121,393.0,297.0,True,0.002224,0.002224,439.0,311.0,True,0.001967,0.0426826944274902,363.0,285.0,True,0.001967,0.0436288576273322,363.0,285.0,True,0.002895,0.0746364608225226,348.0,296.0,True,True,True,0.0,3.0,11.0,104.3914794921875,49,1.0986123085021973,True,0.0300796031951904,0.000928,0.0310076031951903,0.000774,0.0725154608225226,-15.0,11.0,0.0001029999999999,-0.0002569999999999,False,False,False,False,True,False
3,50.0,/home/sunshixin/chenchao/my_rlaf/runs/analysis/echosat_symmetry_grpo_v1_7_acceptance_iter=50_canonical_low_warmup_wc3_per_instance.csv,2,subset_cardinality_bw8,base,subset_cardinality_bw8,subset_cardinality,weak_symmetry,medium,main,weak,33,76,10.0,5.0,iter=50,0.0012,0.0012,89.0,67.0,True,0.001521,0.001521,106.0,76.0,True,0.001173,0.0418886944274902,84.0,69.0,True,0.001173,0.0441609610137939,84.0,69.0,True,0.002446,0.0755135642089843,94.0,76.0,True,True,True,0.001233,3.0,13.0,75.20963287353516,33,1.0986123085021973,True,0.0300796031951904,0.0012729999999999,0.0313526031951903,0.001246,0.0743135642089842,10.0,7.0,0.000321,-0.000348,False,False,False,False,True,False
3,50.0,/home/sunshixin/chenchao/my_rlaf/runs/analysis/echosat_symmetry_grpo_v1_7_acceptance_iter=50_canonical_low_warmup_wc3_per_instance.csv,2,subset_cardinality_bw8,perm_seed1730,subset_cardinality_bw8_perm1730,subset_cardinality,weak_symmetry,medium,main,weak,33,76,10.0,5.0,iter=50,0.000955,0.000955,110.0,76.0,True,0.001646,0.001646,127.0,80.0,True,0.001139,0.0418546944274902,100.0,79.0,True,0.001139,0.0441934259666204,100.0,79.0,True,0.001831,0.0749650291618108,119.0,76.0,True,True,True,0.001178,3.0,15.0,80.51530456542969,33,1.0986123085021973,True,0.0300796031951904,0.0006919999999999,0.0307716031951904,0.0008759999999999,0.0740100291618108,19.0,-3.0,0.0006909999999999,-0.0005069999999999,False,False,False,False,True,False
3,50.0,/home/sunshixin/chenchao/my_rlaf/runs/analysis/echosat_symmetry_grpo_v1_7_acceptance_iter=50_canonical_low_warmup_wc3_per_instance.csv,2,subset_cardinality_bw8,perm_seed1731,subset_cardinality_bw8_perm1731,subset_cardinality,weak_symmetry,medium,main,weak,33,76,10.0,5.0,iter=50,0.000901,0.000901,91.0,70.0,True,0.001302,0.001302,102.0,79.0,True,0.001419,0.0421346944274902,81.0,70.0,True,0.001419,0.0442780833793282,81.0,70.0,True,0.000582,0.0735206865745186,91.0,76.0,True,True,True,0.001087,3.0,12.0,79.57261657714844,33,1.0986123085021973,True,0.0300796031951904,-0.0008369999999999,0.0292426031951904,-0.0003189999999999,0.0726196865745186,10.0,6.0,0.000401,0.0001169999999999,True,True,False,False,True,False
1,80.0,/home/sunshixin/chenchao/my_rlaf/runs/analysis/echosat_symmetry_grpo_v1_7_acceptance_iter=80_canonical_low_warmup_wc1_per_instance.csv,0,k10_color9,base,k10_color9,complete_coloring,strong_symmetry,large,main,strong,90,775,10.0,5.0,iter=80,4.64098,4.64098,340861.0,314066.0,True,4.42169,4.42169,322229.0,299168.0,True,4.46196,5.421944064102173,321840.0,298649.0,True,4.46196,5.431241925308824,321840.0,298649.0,True,2.90945,3.88595886927855,217726.0,202143.0,True,True,True,0.006947,1.0,8.0,136.93209838867188,90,0.6931471824645996,True,0.0072269439697265,-1.5525100000000005,-1.5452830560302742,-1.7315299999999998,-0.7550211307214498,-104114.0,-96506.0,-0.2192899999999999,0.0402700000000004,True,True,True,True,False,False
1,80.0,/home/sunshixin/chenchao/my_rlaf/runs/analysis/echosat_symmetry_grpo_v1_7_acceptance_iter=80_canonical_low_warmup_wc1_per_instance.csv,0,k10_color9,perm_seed1730,k10_color9_perm1730,complete_coloring,strong_symmetry,large,main,strong,90,775,10.0,5.0,iter=80,5.69156,5.69156,413643.0,382655.0,True,4.41577,4.41577,283792.0,262594.0,True,4.77998,5.739964064102173,247778.0,229737.0,True,4.77998,5.750057701042354,247778.0,229737.0,True,4.42927,5.40657464501208,298490.0,278650.0,True,True,True,0.008881,1.0,8.0,136.98228454589844,90,0.6931471824645996,True,0.0072269439697265,-0.3507100000000003,-0.3434830560302737,-1.26229,-0.2849853549879197,50712.0,48913.0,-1.2757899999999998,0.3642099999999999,True,True,True,False,True,False
1,80.0,/home/sunshixin/chenchao/my_rlaf/runs/analysis/echosat_symmetry_grpo_v1_7_acceptance_iter=80_canonical_low_warmup_wc1_per_instance.csv,0,k10_color9,perm_seed1731,k10_color9_perm1731,complete_coloring,strong_symmetry,large,main,strong,90,775,10.0,5.0,iter=80,4.09025,4.09025,340033.0,312592.0,True,4.1533,4.1533,290369.0,269757.0,True,4.41274,5.372724064102173,290369.0,269757.0,True,4.41274,5.379200824754238,290369.0,269757.0,True,4.79145,5.765137768723965,356144.0,332389.0,True,True,True,0.00559,1.0,8.0,137.00555419921875,90,0.6931471824645996,True,0.0072269439697265,0.3787099999999999,0.3859369439697264,0.7012,1.6748877687239645,65775.0,62632.0,0.0630499999999996,0.2594400000000005,False,False,False,False,True,False
1,80.0,/home/sunshixin/chenchao/my_rlaf/runs/analysis/echosat_symmetry_grpo_v1_7_acceptance_iter=80_canonical_low_warmup_wc1_per_instance.csv,0,k8_color7,base,k8_color7,complete_coloring,strong_symmetry,large,main,strong,56,372,10.0,5.0,iter=80,0.054897,0.054897,6158.0,5600.0,True,0.045556,0.045556,5946.0,5440.0,True,0.038925,0.9989090641021728,5946.0,5440.0,True,0.038925,1.0046257400199772,5946.0,5440.0,True,0.041934,1.0148616839897036,6019.0,5507.0,True,True,True,0.004675,1.0,6.0,84.73548889160156,56,0.6931471824645996,True,0.0072269439697265,0.0030089999999999,0.0102359439697263,-0.012963,0.9599646839897036,73.0,67.0,-0.009341,-0.0066309999999999,False,True,False,False,True,False
1,80.0,/home/sunshixin/chenchao/my_rlaf/runs/analysis/echosat_symmetry_grpo_v1_7_acceptance_iter=80_canonical_low_warmup_wc1_per_instance.csv,0,k8_color7,perm_seed1730,k8_color7_perm1730,complete_coloring,strong_symmetry,large,main,strong,56,372,10.0,5.0,iter=80,0.055685,0.055685,6138.0,5624.0,True,0.04649,0.04649,6264.0,5696.0,True,0.042852,1.0028360641021727,6264.0,5696.0,True,0.042852,1.0073681919261217,6264.0,5696.0,True,0.041789,1.0135321358958482,5544.0,5098.0,True,True,True,0.003737,1.0,6.0,84.79159545898438,56,0.6931471824645996,True,0.0072269439697265,-0.001063,0.0061639439697265,-0.0138959999999999,0.9578471358958482,-720.0,-598.0,-0.009195,-0.0036379999999999,True,True,False,True,False,False
1,80.0,/home/sunshixin/chenchao/my_rlaf/runs/analysis/echosat_symmetry_grpo_v1_7_acceptance_iter=80_canonical_low_warmup_wc1_per_instance.csv,0,k8_color7,perm_seed1731,k8_color7_perm1731,complete_coloring,strong_symmetry,large,main,strong,56,372,10.0,5.0,iter=80,0.042678,0.042678,5800.0,5271.0,True,0.055313,0.055313,6148.0,5641.0,True,0.053896,1.0138800641021728,6148.0,5641.0,True,0.053896,1.0192695689691305,6148.0,5641.0,True,0.039165,1.011765512938857,6122.0,5622.0,True,True,True,0.004521,1.0,6.0,84.7841796875,56,0.6931471824645996,True,0.0072269439697265,-0.014731,-0.0075040560302734,-0.003513,0.969087512938857,-26.0,-19.0,0.012635,-0.001417,True,True,False,True,False,False
1,80.0,/home/sunshixin/chenchao/my_rlaf/runs/analysis/echosat_symmetry_grpo_v1_7_acceptance_iter=80_canonical_low_warmup_wc1_per_instance.csv,0,k9_color8,base,k9_color8,complete_coloring,strong_symmetry,large,main,strong,72,549,10.0,5.0,iter=80,0.67774,0.67774,46557.0,43529.0,True,0.850391,0.850391,44352.0,41138.0,True,0.643351,1.6033350641021729,43519.0,40436.0,True,0.643351,1.6082608315988778,43519.0,40436.0,True,0.534165,1.5063017755686046,39397.0,36642.0,True,True,True,0.004088,1.0,7.0,109.32144165039062,72,0.6931471824645996,True,0.0072269439697265,-0.109186,-0.1019590560302732,-0.143575,0.8285617755686046,-4122.0,-3794.0,0.172651,-0.20704,True,True,False,True,False,False
1,80.0,/home/sunshixin/chenchao/my_rlaf/runs/analysis/echosat_symmetry_grpo_v1_7_acceptance_iter=80_canonical_low_warmup_wc1_per_instance.csv,0,k9_color8,perm_seed1730,k9_color8_perm1730,complete_coloring,strong_symmetry,large,main,strong,72,549,10.0,5.0,iter=80,0.442978,0.442978,39708.0,36681.0,True,0.728446,0.728446,45794.0,42555.0,True,0.968441,1.9284250641021727,45794.0,42555.0,True,0.968441,1.9333277329363825,45794.0,42555.0,True,0.476084,1.448197676906109,44234.0,40845.0,True,True,True,0.004088,1.0,7.0,109.58531951904295,72,0.6931471824645996,True,0.0072269439697265,-0.492357,-0.4851300560302736,0.033106,1.0052196769061088,-1560.0,-1710.0,0.285468,0.2399949999999999,True,False,False,True,False,False
1,80.0,/home/sunshixin/chenchao/my_rlaf/runs/analysis/echosat_symmetry_grpo_v1_7_acceptance_iter=80_canonical_low_warmup_wc1_per_instance.csv,0,k9_color8,perm_seed1731,k9_color8_perm1731,complete_coloring,strong_symmetry,large,main,strong,72,549,10.0,5.0,iter=80,0.589231,0.589231,47177.0,43763.0,True,0.688938,0.688938,47579.0,44103.0,True,0.751735,0.8398685735321045,47579.0,44103.0,True,0.751735,0.8469443317381145,47579.0,44103.0,True,0.393493,0.4935465204282999,36801.0,34234.0,True,True,True,0.006021,1.0,7.0,109.56788635253906,72,0.6931471824645996,True,0.0048441886901855,-0.358242,-0.3533978113098145,-0.1957379999999999,-0.0956844795717,-10778.0,-9869.0,0.0997070000000001,0.0627969999999999,True,True,True,True,False,False
1,80.0,/home/sunshixin/chenchao/my_rlaf/runs/analysis/echosat_symmetry_grpo_v1_7_acceptance_iter=80_canonical_low_warmup_wc1_per_instance.csv,0,php_p10_h9,base,php_p10_h9,php,strong_symmetry,large,main,strong,90,775,10.0,5.0,iter=80,4.24097,4.24097,340861.0,314066.0,True,4.40221,4.40221,322229.0,299168.0,True,4.15378,4.241913573532105,321840.0,298649.0,True,4.15378,4.24653917708236,321840.0,298649.0,True,2.90265,3.0002533657725454,217726.0,202143.0,True,True,True,0.003823,1.0,8.0,136.93209838867188,90,0.6931471824645996,True,0.0048441886901855,-1.2511300000000003,-1.2462858113098143,-1.33832,-1.2407166342274545,-104114.0,-96506.0,0.1612400000000002,-0.2484299999999999,True,True,True,True,False,False
1,80.0,/home/sunshixin/chenchao/my_rlaf/runs/analysis/echosat_symmetry_grpo_v1_7_acceptance_iter=80_canonical_low_warmup_wc1_per_instance.csv,0,php_p10_h9,perm_seed1730,php_p10_h9_perm1730,php,strong_symmetry,large,main,strong,90,775,10.0,5.0,iter=80,4.87646,4.87646,413643.0,382655.0,True,4.22051,4.22051,283792.0,262594.0,True,4.45525,4.543383573532105,247778.0,229737.0,True,4.45525,4.547916612635255,247778.0,229737.0,True,4.26651,4.364020801325441,298490.0,278650.0,True,True,True,0.003495,1.0,8.0,136.98228454589844,90,0.6931471824645996,True,0.0048441886901855,-0.1887400000000001,-0.1838958113098145,-0.6099499999999995,-0.5124391986745591,50712.0,48913.0,-0.6559499999999998,0.2347400000000004,True,True,True,False,True,False
1,80.0,/home/sunshixin/chenchao/my_rlaf/runs/analysis/echosat_symmetry_grpo_v1_7_acceptance_iter=80_canonical_low_warmup_wc1_per_instance.csv,0,php_p10_h9,perm_seed1731,php_p10_h9_perm1731,php,strong_symmetry,large,main,strong,90,775,10.0,5.0,iter=80,4.25401,4.25401,340033.0,312592.0,True,4.21344,4.21344,290369.0,269757.0,True,4.86723,4.955363573532105,290369.0,269757.0,True,4.86723,4.96066066863519,290369.0,269757.0,True,4.9096,5.007874857325375,356144.0,332389.0,True,True,True,0.003387,1.0,8.0,137.00555419921875,90,0.6931471824645996,True,0.0048441886901855,0.04237,0.0472141886901855,0.6555900000000001,0.7538648573253752,65775.0,62632.0,-0.0405699999999997,0.6537899999999999,False,False,False,False,True,False
1,80.0,/home/sunshixin/chenchao/my_rlaf/runs/analysis/echosat_symmetry_grpo_v1_7_acceptance_iter=80_canonical_low_warmup_wc1_per_instance.csv,0,php_p9_h8,base,php_p9_h8,php,strong_symmetry,large,main,strong,72,549,10.0,5.0,iter=80,0.686041,0.686041,46557.0,43529.0,True,0.847992,0.847992,44352.0,41138.0,True,0.637302,0.7254355735321045,43519.0,40436.0,True,0.637302,0.7280148546273113,43519.0,40436.0,True,0.52828,0.6238370433174968,39397.0,36642.0,True,True,True,0.000399,1.0,7.0,109.32144165039062,72,0.6931471824645996,True,0.0048441886901855,-0.109022,-0.1041778113098145,-0.157761,-0.0622039566825032,-4122.0,-3794.0,0.1619509999999999,-0.2106899999999999,True,True,True,True,False,False
1,80.0,/home/sunshixin/chenchao/my_rlaf/runs/analysis/echosat_symmetry_grpo_v1_7_acceptance_iter=80_canonical_low_warmup_wc1_per_instance.csv,0,php_p9_h8,perm_seed1730,php_p9_h8_perm1730,php,strong_symmetry,large,main,strong,72,549,10.0,5.0,iter=80,0.46539,0.46539,39708.0,36681.0,True,0.764456,0.764456,45794.0,42555.0,True,0.744669,0.8328025735321045,45794.0,42555.0,True,0.744669,0.8397296325332523,45794.0,42555.0,True,0.479103,0.5790078212234377,44234.0,40845.0,True,True,True,0.004927,1.0,7.0,109.58531951904295,72,0.6931471824645996,True,0.0048441886901855,-0.265566,-0.2607218113098145,0.0137129999999999,0.1136178212234377,-1560.0,-1710.0,0.299066,-0.019787,True,False,False,True,False,False
1,80.0,/home/sunshixin/chenchao/my_rlaf/runs/analysis/echosat_symmetry_grpo_v1_7_acceptance_iter=80_canonical_low_warmup_wc1_per_instance.csv,0,php_p9_h8,perm_seed1731,php_p9_h8_perm1731,php,strong_symmetry,large,main,strong,72,549,10.0,5.0,iter=80,0.706165,0.706165,47177.0,43763.0,True,0.725261,0.725261,47579.0,44103.0,True,0.681479,0.7696125735321044,47579.0,44103.0,True,0.681479,0.7756104768768548,47579.0,44103.0,True,0.41546,0.5144356655670405,36219.0,33463.0,True,True,True,0.005207,1.0,7.0,109.56788635253906,72,0.6931471824645996,True,0.0048441886901855,-0.2660189999999999,-0.2611748113098143,-0.290705,-0.1917293344329595,-11360.0,-10640.0,0.019096,-0.0437820000000001,True,True,True,True,False,False
1,80.0,/home/sunshixin/chenchao/my_rlaf/runs/analysis/echosat_symmetry_grpo_v1_7_acceptance_iter=80_canonical_low_warmup_wc1_per_instance.csv,0,random_3sat_control_v160_c704_seed2615,base,random_3sat_control_v160_c704_seed2615,random_3sat_control,non_symmetric_control,large,control,none,160,704,10.0,5.0,iter=80,0.0625,0.0625,6771.0,5767.0,True,0.064439,0.064439,5702.0,4813.0,True,0.059258,0.1473915735321045,4859.0,4212.0,True,0.059258,0.1544152231836915,4859.0,4212.0,True,0.051677,0.151678411873877,5471.0,4688.0,True,False,False,0.006068,1.0,20.0,250.25311279296875,160,0.6931471824645996,True,0.0048441886901855,-0.0075809999999999,-0.0027368113098144,-0.010823,0.089178411873877,612.0,476.0,0.0019389999999999,-0.0051809999999999,True,True,False,False,True,True
1,80.0,/home/sunshixin/chenchao/my_rlaf/runs/analysis/echosat_symmetry_grpo_v1_7_acceptance_iter=80_canonical_low_warmup_wc1_per_instance.csv,0,random_3sat_control_v160_c704_seed2615,perm_seed1730,random_3sat_control_v160_c704_seed2615_perm1730,random_3sat_control,non_symmetric_control,large,control,none,160,704,10.0,5.0,iter=80,0.113955,0.113955,8522.0,7299.0,True,0.081614,0.081614,7934.0,6809.0,True,0.045454,0.2299947485961914,4602.0,4008.0,True,0.045454,0.2351685939778089,4602.0,4008.0,True,0.054934,0.3263627472676039,5473.0,4688.0,True,False,False,0.004198,1.0,20.0,250.9976043701172,160,0.6931471824645996,True,0.0817141532897949,0.0094799999999999,0.091194153289795,-0.059021,0.2124077472676039,871.0,680.0,-0.0323409999999999,-0.03616,False,True,False,False,True,True
1,80.0,/home/sunshixin/chenchao/my_rlaf/runs/analysis/echosat_symmetry_grpo_v1_7_acceptance_iter=80_canonical_low_warmup_wc1_per_instance.csv,0,random_3sat_control_v160_c704_seed2615,perm_seed1731,random_3sat_control_v160_c704_seed2615_perm1731,random_3sat_control,non_symmetric_control,large,control,none,160,704,10.0,5.0,iter=80,0.05571,0.05571,5676.0,4847.0,True,0.100638,0.100638,8017.0,6851.0,True,0.050203,0.2347437485961914,4961.0,4384.0,True,0.050203,0.2361605814746618,4961.0,4384.0,True,0.047195,0.3148667347644567,5559.0,4673.0,True,False,False,0.000493,1.0,20.0,250.14382934570312,160,0.6931471824645996,True,0.0817141532897949,-0.0030079999999999,0.0787061532897949,-0.008515,0.2591567347644567,598.0,289.0,0.044928,-0.050435,True,True,False,False,True,True
1,80.0,/home/sunshixin/chenchao/my_rlaf/runs/analysis/echosat_symmetry_grpo_v1_7_acceptance_iter=80_canonical_low_warmup_wc1_per_instance.csv,0,random_3sat_control_v180_c760_seed3301,base,random_3sat_control_v180_c760_seed3301,random_3sat_control,non_symmetric_control,large,control,none,180,760,10.0,5.0,iter=80,0.560316,0.560316,27442.0,23617.0,True,0.148704,0.148704,10470.0,8910.0,True,0.009244,0.1937847485961914,693.0,567.0,True,0.009244,0.200624765184164,693.0,567.0,True,0.611384,0.884478918473959,41817.0,36891.0,True,False,False,0.00564,1.0,25.0,290.802978515625,180,0.6931471824645996,True,0.0817141532897949,0.60214,0.683854153289795,0.051068,0.3241629184739589,41124.0,36324.0,-0.411612,-0.13946,False,False,False,False,True,True
1,80.0,/home/sunshixin/chenchao/my_rlaf/runs/analysis/echosat_symmetry_grpo_v1_7_acceptance_iter=80_canonical_low_warmup_wc1_per_instance.csv,0,random_3sat_control_v180_c760_seed3301,perm_seed1730,random_3sat_control_v180_c760_seed3301_perm1730,random_3sat_control,non_symmetric_control,large,control,none,180,760,10.0,5.0,iter=80,1.05477,1.05477,47649.0,41152.0,True,0.096606,0.096606,7421.0,6253.0,True,0.008701,0.1932417485961914,643.0,525.0,True,0.008701,0.1989410377506613,643.0,525.0,True,0.481362,0.7533161910404562,33548.0,29357.0,True,False,False,0.004601,1.0,25.0,292.0396728515625,180,0.6931471824645996,True,0.0817141532897949,0.472661,0.5543751532897949,-0.5734079999999999,-0.3014538089595437,32905.0,28832.0,-0.958164,-0.087905,False,True,True,False,True,True
1,80.0,/home/sunshixin/chenchao/my_rlaf/runs/analysis/echosat_symmetry_grpo_v1_7_acceptance_iter=80_canonical_low_warmup_wc1_per_instance.csv,0,random_3sat_control_v180_c760_seed3301,perm_seed1731,random_3sat_control_v180_c760_seed3301_perm1731,random_3sat_control,non_symmetric_control,large,control,none,180,760,10.0,5.0,iter=80,0.646667,0.646667,27197.0,23469.0,True,0.127258,0.127258,9011.0,7714.0,True,0.004187,0.1887277485961914,590.0,484.0,True,0.004187,0.1926484769454002,590.0,484.0,True,0.637706,0.9078816302351952,43169.0,38129.0,True,False,False,0.002812,1.0,25.0,291.0475769042969,180,0.6931471824645996,True,0.0817141532897949,0.6335189999999999,0.715233153289795,-0.0089609999999999,0.2612146302351952,42579.0,37645.0,-0.519409,-0.123071,False,True,False,False,True,True
1,80.0,/home/sunshixin/chenchao/my_rlaf/runs/analysis/echosat_symmetry_grpo_v1_7_acceptance_iter=80_canonical_low_warmup_wc1_per_instance.csv,0,random_3sat_control_v220_c928_seed3303,base,random_3sat_control_v220_c928_seed3303,random_3sat_control,non_symmetric_control,large,control,none,220,928,10.0,5.0,iter=80,0.788494,0.788494,30277.0,25994.0,True,0.446042,0.446042,22265.0,19025.0,True,0.005293,0.1898337485961914,62.0,4.0,True,0.005293,0.1962731599847078,62.0,4.0,True,0.017668,0.2903623132745028,673.0,525.0,True,False,False,0.005433,1.0,28.0,332.48345947265625,220,0.6931471824645996,True,0.0817141532897949,0.012375,0.094089153289795,-0.770826,-0.4981316867254972,611.0,521.0,-0.342452,-0.440749,False,True,True,False,True,True
1,80.0,/home/sunshixin/chenchao/my_rlaf/runs/analysis/echosat_symmetry_grpo_v1_7_acceptance_iter=80_canonical_low_warmup_wc1_per_instance.csv,0,random_3sat_control_v220_c928_seed3303,perm_seed1730,random_3sat_control_v220_c928_seed3303_perm1730,random_3sat_control,non_symmetric_control,large,control,none,220,928,10.0,5.0,iter=80,1.49441,1.49441,52742.0,45477.0,True,0.207566,0.207566,13039.0,11071.0,True,0.005364,0.1899047485961914,62.0,4.0,True,0.005364,0.1951646036421656,62.0,4.0,True,0.015212,0.2867267569319606,668.0,531.0,True,False,False,0.004085,1.0,28.0,330.46795654296875,220,0.6931471824645996,True,0.0817141532897949,0.0098479999999999,0.091562153289795,-1.479198,-1.207683243068039,606.0,527.0,-1.286844,-0.202202,False,True,True,False,True,True
1,80.0,/home/sunshixin/chenchao/my_rlaf/runs/analysis/echosat_symmetry_grpo_v1_7_acceptance_iter=80_canonical_low_warmup_wc1_per_instance.csv,0,random_3sat_control_v220_c928_seed3303,perm_seed1731,random_3sat_control_v220_c928_seed3303_perm1731,random_3sat_control,non_symmetric_control,large,control,none,220,928,10.0,5.0,iter=80,0.057256,0.057256,4930.0,4147.0,True,0.356055,0.356055,19684.0,16814.0,True,0.005329,0.1898697485961914,63.0,4.0,True,0.005329,0.1954494532423615,63.0,4.0,True,0.010707,0.2825416065321565,822.0,632.0,True,False,False,0.004465,1.0,28.0,331.7943725585937,220,0.6931471824645996,True,0.0817141532897949,0.0053779999999999,0.087092153289795,-0.046549,0.2252856065321564,759.0,628.0,0.298799,-0.350726,False,True,False,False,True,True
1,80.0,/home/sunshixin/chenchao/my_rlaf/runs/analysis/echosat_symmetry_grpo_v1_7_acceptance_iter=80_canonical_low_warmup_wc1_per_instance.csv,0,random_3sat_control_v220_c942_seed3304,base,random_3sat_control_v220_c942_seed3304,random_3sat_control,non_symmetric_control,large,control,none,220,942,10.0,5.0,iter=80,0.742464,0.742464,35472.0,30813.0,True,0.964584,0.964584,41376.0,36046.0,True,0.480082,0.7411055214233399,26754.0,23980.0,True,0.480082,0.7449412353859544,26754.0,23980.0,True,0.66387,1.0064489238014818,40303.0,36145.0,True,False,False,0.00269,1.0,24.0,322.4337158203125,220,0.6931471824645996,True,0.0777196884155273,0.1837879999999999,0.2615076884155274,-0.078594,0.2639849238014817,13549.0,12165.0,0.2221199999999999,-0.484502,False,True,False,False,True,True
1,80.0,/home/sunshixin/chenchao/my_rlaf/runs/analysis/echosat_symmetry_grpo_v1_7_acceptance_iter=80_canonical_low_warmup_wc1_per_instance.csv,0,random_3sat_control_v220_c942_seed3304,perm_seed1730,random_3sat_control_v220_c942_seed3304_perm1730,random_3sat_control,non_symmetric_control,large,control,none,220,942,10.0,5.0,iter=80,0.638115,0.638115,34825.0,30052.0,True,0.621997,0.621997,33221.0,28818.0,True,0.502256,0.7632795214233399,26445.0,23804.0,True,0.502256,0.7700046408703327,26445.0,23804.0,True,0.602689,0.94815732928586,39714.0,35415.0,True,False,False,0.005593,1.0,24.0,324.02960205078125,220,0.6931471824645996,True,0.0777196884155273,0.100433,0.1781526884155273,-0.0354259999999999,0.31004232928586,13269.0,11611.0,-0.0161179999999999,-0.1197409999999999,False,True,False,False,True,True
1,80.0,/home/sunshixin/chenchao/my_rlaf/runs/analysis/echosat_symmetry_grpo_v1_7_acceptance_iter=80_canonical_low_warmup_wc1_per_instance.csv,0,random_3sat_control_v220_c942_seed3304,perm_seed1731,random_3sat_control_v220_c942_seed3304_perm1731,random_3sat_control,non_symmetric_control,large,control,none,220,942,10.0,5.0,iter=80,0.712338,0.712338,38737.0,33758.0,True,0.799155,0.799155,38909.0,33544.0,True,0.490387,0.7514105214233399,26149.0,23448.0,True,0.490387,0.7601267651433349,26149.0,23448.0,True,0.647919,0.9953784535588622,40803.0,36445.0,True,False,False,0.007714,1.0,24.0,324.64569091796875,220,0.6931471824645996,True,0.0777196884155273,0.157532,0.2352516884155273,-0.064419,0.2830404535588622,14654.0,12997.0,0.0868169999999999,-0.3087679999999999,False,True,False,False,True,True
1,80.0,/home/sunshixin/chenchao/my_rlaf/runs/analysis/echosat_symmetry_grpo_v1_7_acceptance_iter=80_canonical_low_warmup_wc1_per_instance.csv,0,random_3sat_control_v260_c1097_seed3305,base,random_3sat_control_v260_c1097_seed3305,random_3sat_control,non_symmetric_control,large,control,none,260,1097,10.0,5.0,iter=80,6.86472,6.86472,216854.0,188499.0,True,2.28024,2.28024,73626.0,64181.0,True,1.55858,1.81960352142334,60642.0,54350.0,True,1.55858,1.8276535044772624,60642.0,54350.0,True,1.76373,2.11052319289279,80287.0,71600.0,True,False,False,0.006912,1.0,35.0,390.6428833007813,260,0.6931471824645996,True,0.0777196884155273,0.2051499999999999,0.2828696884155275,-5.10099,-4.75419680710721,19645.0,17250.0,-4.58448,-0.72166,False,True,True,False,True,True
1,80.0,/home/sunshixin/chenchao/my_rlaf/runs/analysis/echosat_symmetry_grpo_v1_7_acceptance_iter=80_canonical_low_warmup_wc1_per_instance.csv,0,random_3sat_control_v260_c1097_seed3305,perm_seed1730,random_3sat_control_v260_c1097_seed3305_perm1730,random_3sat_control,non_symmetric_control,large,control,none,260,1097,10.0,5.0,iter=80,7.37414,7.37414,224505.0,195557.0,True,0.644387,0.644387,27246.0,23387.0,True,1.51048,1.77150352142334,60686.0,54724.0,True,1.51048,1.775206160480976,60686.0,54724.0,True,1.45328,1.795725848896503,69741.0,62000.0,True,False,False,0.00264,1.0,35.0,390.0680847167969,260,0.6931471824645996,True,0.0777196884155273,-0.0572000000000001,0.0205196884155272,-5.920859999999999,-5.578414151103496,9055.0,7276.0,-6.729753,0.866093,True,True,True,False,True,True
1,80.0,/home/sunshixin/chenchao/my_rlaf/runs/analysis/echosat_symmetry_grpo_v1_7_acceptance_iter=80_canonical_low_warmup_wc1_per_instance.csv,0,random_3sat_control_v260_c1097_seed3305,perm_seed1731,random_3sat_control_v260_c1097_seed3305_perm1731,random_3sat_control,non_symmetric_control,large,control,none,260,1097,10.0,5.0,iter=80,4.00219,4.00219,105916.0,92052.0,True,5.5251,5.5251,162997.0,142194.0,True,1.10621,1.3672335214233398,48534.0,43247.0,True,1.10621,1.373838031843066,48534.0,43247.0,True,1.75872,2.104067720258594,80122.0,71235.0,True,False,False,0.005496,1.0,35.0,389.6698913574219,260,0.6931471824645996,True,0.0777196884155273,0.6525100000000001,0.7302296884155277,-2.2434699999999994,-1.898122279741406,31588.0,27988.0,1.5229100000000004,-4.41889,False,True,True,False,True,True
1,80.0,/home/sunshixin/chenchao/my_rlaf/runs/analysis/echosat_symmetry_grpo_v1_7_acceptance_iter=80_canonical_low_warmup_wc1_per_instance.csv,0,random_3sat_control_v260_c1113_seed3306,base,random_3sat_control_v260_c1113_seed3306,random_3sat_control,non_symmetric_control,large,control,none,260,1113,10.0,5.0,iter=80,5.47903,5.47903,178146.0,155541.0,True,6.00798,6.00798,186876.0,163308.0,True,6.4425,6.70352352142334,226200.0,205404.0,True,6.4425,6.711034626169503,226200.0,205404.0,True,6.66152,7.00777431458503,262785.0,231853.0,True,False,False,0.006475,1.0,33.0,397.6284790039063,260,0.6931471824645996,True,0.0777196884155273,0.2190200000000004,0.2967396884155278,1.1824900000000005,1.5287443145850306,36585.0,26449.0,0.52895,0.43452,False,False,False,False,True,True
1,80.0,/home/sunshixin/chenchao/my_rlaf/runs/analysis/echosat_symmetry_grpo_v1_7_acceptance_iter=80_canonical_low_warmup_wc1_per_instance.csv,0,random_3sat_control_v260_c1113_seed3306,perm_seed1730,random_3sat_control_v260_c1113_seed3306_perm1730,random_3sat_control,non_symmetric_control,large,control,none,260,1113,10.0,5.0,iter=80,5.16899,5.16899,171334.0,149746.0,True,6.87559,6.87559,206936.0,180741.0,True,5.60591,5.86693352142334,206101.0,186162.0,True,5.60591,5.871403623811602,206101.0,186162.0,True,6.3065,6.64971331222713,254223.0,224105.0,True,False,False,0.003285,1.0,33.0,396.3316650390625,260,0.6931471824645996,True,0.0777196884155273,0.70059,0.7783096884155274,1.1375099999999998,1.4807233122271295,48122.0,37943.0,1.7066,-1.26968,False,False,False,False,True,True
1,80.0,/home/sunshixin/chenchao/my_rlaf/runs/analysis/echosat_symmetry_grpo_v1_7_acceptance_iter=80_canonical_low_warmup_wc1_per_instance.csv,0,random_3sat_control_v260_c1113_seed3306,perm_seed1731,random_3sat_control_v260_c1113_seed3306_perm1731,random_3sat_control,non_symmetric_control,large,control,none,260,1113,10.0,5.0,iter=80,6.482,6.482,202621.0,177648.0,True,7.18044,7.18044,214985.0,187707.0,True,6.19264,6.556631737365723,217745.0,196903.0,True,6.19264,6.56401034088403,217745.0,196903.0,True,6.34226,6.716556690523922,255321.0,225161.0,True,False,False,0.006305,1.0,33.0,397.0461730957031,260,0.6931471824645996,True,0.0029263496398925,0.1496199999999996,0.1525463496398922,-0.1397400000000006,0.234556690523922,37576.0,28258.0,0.6984399999999997,-0.9878,False,True,False,False,True,True
1,80.0,/home/sunshixin/chenchao/my_rlaf/runs/analysis/echosat_symmetry_grpo_v1_7_acceptance_iter=80_canonical_low_warmup_wc1_per_instance.csv,0,random_3sat_control_v300_c1266_seed3307,base,random_3sat_control_v300_c1266_seed3307,random_3sat_control,non_symmetric_control,large,control,none,300,1266,10.0,5.0,iter=80,0.209105,0.209105,12894.0,10895.0,True,2.49013,2.49013,71356.0,61376.0,True,0.015012,0.3790037373657227,288.0,182.0,True,0.015012,0.386916330421567,288.0,182.0,True,0.033618,0.4084486800614595,2565.0,2058.0,True,False,False,0.006623,1.0,46.0,466.681884765625,300,0.6931471824645996,True,0.0029263496398925,0.018606,0.0215323496398925,-0.175487,0.1993436800614595,2277.0,1876.0,2.281025,-2.475118,False,True,False,False,True,True
1,80.0,/home/sunshixin/chenchao/my_rlaf/runs/analysis/echosat_symmetry_grpo_v1_7_acceptance_iter=80_canonical_low_warmup_wc1_per_instance.csv,0,random_3sat_control_v300_c1266_seed3307,perm_seed1730,random_3sat_control_v300_c1266_seed3307_perm1730,random_3sat_control,non_symmetric_control,large,control,none,300,1266,10.0,5.0,iter=80,1.31241,1.31241,43103.0,37339.0,True,2.01736,2.01736,63498.0,54506.0,True,0.010709,0.3747007373657227,321.0,205.0,True,0.010709,0.3837075729965568,321.0,205.0,True,0.038877,0.4148019226364493,2937.0,2391.0,True,False,False,0.007905,1.0,46.0,465.9733581542969,300,0.6931471824645996,True,0.0029263496398925,0.028168,0.0310943496398925,-1.273533,-0.8976080773635507,2616.0,2186.0,0.70495,-2.006651,False,True,True,False,True,True
1,80.0,/home/sunshixin/chenchao/my_rlaf/runs/analysis/echosat_symmetry_grpo_v1_7_acceptance_iter=80_canonical_low_warmup_wc1_per_instance.csv,0,random_3sat_control_v300_c1266_seed3307,perm_seed1731,random_3sat_control_v300_c1266_seed3307_perm1731,random_3sat_control,non_symmetric_control,large,control,none,300,1266,10.0,5.0,iter=80,2.07771,2.07771,66962.0,57424.0,True,0.116673,0.116673,7524.0,6304.0,True,0.013513,0.3775047373657226,375.0,247.0,True,0.013513,0.3852495925976634,375.0,247.0,True,0.043488,0.418150942237556,3076.0,2480.0,True,False,False,0.006515,1.0,46.0,465.2885437011719,300,0.6931471824645996,True,0.0029263496398925,0.0299749999999999,0.0329013496398926,-2.034222,-1.6595590577624442,2701.0,2233.0,-1.961037,-0.10316,False,True,True,False,True,True
1,80.0,/home/sunshixin/chenchao/my_rlaf/runs/analysis/echosat_symmetry_grpo_v1_7_acceptance_iter=80_canonical_low_warmup_wc1_per_instance.csv,0,subset_cardinality_bw10,base,subset_cardinality_bw10,subset_cardinality,weak_symmetry,large,main,weak,41,92,10.0,5.0,iter=80,0.001746,0.001746,193.0,141.0,True,0.001965,0.001965,237.0,193.0,True,0.002419,0.3664107373657226,162.0,142.0,True,0.002419,0.3692444355614781,162.0,142.0,True,0.001861,0.3716127852013707,179.0,151.0,True,True,True,0.001924,1.0,5.0,62.83808517456055,41,0.6931471824645996,True,0.0029263496398925,-0.000558,0.0023683496398925,0.000115,0.3698667852013707,17.0,9.0,0.000219,0.000454,True,False,False,False,True,False
1,80.0,/home/sunshixin/chenchao/my_rlaf/runs/analysis/echosat_symmetry_grpo_v1_7_acceptance_iter=80_canonical_low_warmup_wc1_per_instance.csv,0,subset_cardinality_bw10,perm_seed1730,subset_cardinality_bw10_perm1730,subset_cardinality,weak_symmetry,large,main,weak,41,92,10.0,5.0,iter=80,0.000343,0.000343,218.0,167.0,True,0.001638,0.001638,221.0,169.0,True,0.002182,0.3661737373657227,156.0,137.0,True,0.002182,0.3690091056793928,156.0,137.0,True,0.001467,0.3712204553192854,181.0,158.0,True,True,True,0.001768,1.0,6.0,62.92706298828125,41,0.6931471824645996,True,0.0029263496398925,-0.0007149999999999,0.0022113496398925,0.001124,0.3708774553192854,25.0,21.0,0.001295,0.000544,True,False,False,False,True,False
1,80.0,/home/sunshixin/chenchao/my_rlaf/runs/analysis/echosat_symmetry_grpo_v1_7_acceptance_iter=80_canonical_low_warmup_wc1_per_instance.csv,0,subset_cardinality_bw10,perm_seed1731,subset_cardinality_bw10_perm1731,subset_cardinality,weak_symmetry,large,main,weak,41,92,10.0,5.0,iter=80,0.001405,0.001405,202.0,147.0,True,0.000343,0.000343,247.0,155.0,True,0.002108,0.3660997373657226,203.0,164.0,True,0.002108,0.3673907927869558,203.0,164.0,True,0.001457,0.3696661424268484,175.0,147.0,True,True,True,0.000495,1.0,7.0,62.392337799072266,41,0.6931471824645996,True,0.0029263496398925,-0.000651,0.0022753496398926,5.199999999999996e-05,0.3682611424268484,-28.0,-17.0,-0.001062,0.001765,True,False,False,True,False,False
1,80.0,/home/sunshixin/chenchao/my_rlaf/runs/analysis/echosat_symmetry_grpo_v1_7_acceptance_iter=80_canonical_low_warmup_wc1_per_instance.csv,0,subset_cardinality_bw12,base,subset_cardinality_bw12,subset_cardinality,weak_symmetry,large,main,weak,49,108,10.0,5.0,iter=80,0.002043,0.002043,442.0,342.0,True,0.000971,0.000971,491.0,414.0,True,0.0,0.3639917373657226,384.0,312.0,True,0.0,0.3654348047482967,384.0,312.0,True,0.002183,0.3705441543881893,390.0,307.0,True,True,True,0.000605,1.0,9.0,75.44426727294922,49,0.6931471824645996,True,0.0029263496398925,0.002183,0.0051093496398925,0.0001399999999999,0.3685011543881892,6.0,-5.0,-0.001072,-0.000971,False,False,False,False,True,False
1,80.0,/home/sunshixin/chenchao/my_rlaf/runs/analysis/echosat_symmetry_grpo_v1_7_acceptance_iter=80_canonical_low_warmup_wc1_per_instance.csv,0,subset_cardinality_bw12,perm_seed1730,subset_cardinality_bw12_perm1730,subset_cardinality,weak_symmetry,large,main,weak,49,108,10.0,5.0,iter=80,0.001904,0.001904,440.0,329.0,True,0.002219,0.002219,397.0,314.0,True,0.002825,0.2332615634918212,343.0,268.0,True,0.002825,0.2348723457054495,343.0,268.0,True,0.002018,0.2642484225639701,332.0,273.0,True,True,True,0.000522,1.0,7.0,73.95069122314453,49,0.6931471824645996,True,0.0301830768585205,-0.000807,0.0293760768585205,0.0001139999999999,0.26234442256397,-11.0,5.0,0.0003149999999999,0.0006059999999999,True,False,False,False,True,False
1,80.0,/home/sunshixin/chenchao/my_rlaf/runs/analysis/echosat_symmetry_grpo_v1_7_acceptance_iter=80_canonical_low_warmup_wc1_per_instance.csv,0,subset_cardinality_bw12,perm_seed1731,subset_cardinality_bw12_perm1731,subset_cardinality,weak_symmetry,large,main,weak,49,108,10.0,5.0,iter=80,0.0,0.0,393.0,297.0,True,0.002627,0.002627,439.0,311.0,True,0.002686,0.2331225634918212,363.0,285.0,True,0.002686,0.2353875727124214,363.0,285.0,True,0.002041,0.2649256495709419,371.0,306.0,True,True,True,0.001421,1.0,7.0,75.07693481445312,49,0.6931471824645996,True,0.0301830768585205,-0.000645,0.0295380768585205,0.002041,0.2649256495709419,8.0,21.0,0.002627,5.9000000000000025e-05,True,False,False,False,True,False
1,80.0,/home/sunshixin/chenchao/my_rlaf/runs/analysis/echosat_symmetry_grpo_v1_7_acceptance_iter=80_canonical_low_warmup_wc1_per_instance.csv,0,subset_cardinality_bw8,base,subset_cardinality_bw8,subset_cardinality,weak_symmetry,medium,main,weak,33,76,10.0,5.0,iter=80,0.000337,0.000337,89.0,67.0,True,0.000319,0.000319,106.0,76.0,True,0.001647,0.2320835634918213,84.0,69.0,True,0.001647,0.2345836077468395,84.0,69.0,True,0.001144,0.26426368460536,97.0,83.0,True,True,True,0.001611,1.0,12.0,54.99262619018555,33,0.6931471824645996,True,0.0301830768585205,-0.000503,0.0296800768585204,0.000807,0.26392668460536,13.0,14.0,-1.8000000000000004e-05,0.001328,True,False,False,False,True,False
1,80.0,/home/sunshixin/chenchao/my_rlaf/runs/analysis/echosat_symmetry_grpo_v1_7_acceptance_iter=80_canonical_low_warmup_wc1_per_instance.csv,0,subset_cardinality_bw8,perm_seed1730,subset_cardinality_bw8_perm1730,subset_cardinality,weak_symmetry,medium,main,weak,33,76,10.0,5.0,iter=80,0.001202,0.001202,110.0,76.0,True,0.001292,0.001292,127.0,80.0,True,0.000537,0.2309735634918213,100.0,79.0,True,0.000537,0.2317069707061052,100.0,79.0,True,0.001135,0.2624880475646257,101.0,83.0,True,True,True,0.0,1.0,5.0,49.16338348388672,33,0.6931471824645996,True,0.0301830768585205,0.0005979999999999,0.0307810768585204,-6.7e-05,0.2612860475646257,1.0,4.0,9.000000000000002e-05,-0.0007549999999999,False,True,False,False,True,False
1,80.0,/home/sunshixin/chenchao/my_rlaf/runs/analysis/echosat_symmetry_grpo_v1_7_acceptance_iter=80_canonical_low_warmup_wc1_per_instance.csv,0,subset_cardinality_bw8,perm_seed1731,subset_cardinality_bw8_perm1731,subset_cardinality,weak_symmetry,medium,main,weak,33,76,10.0,5.0,iter=80,0.000958,0.000958,91.0,70.0,True,0.001263,0.001263,102.0,79.0,True,0.001756,0.2321925634918213,81.0,70.0,True,0.001756,0.2331855172691345,81.0,70.0,True,0.001098,0.262710594127655,92.0,76.0,True,True,True,0.0,1.0,11.0,55.44180679321289,33,0.6931471824645996,True,0.0301830768585205,-0.000658,0.0295250768585205,0.00014,0.261752594127655,11.0,6.0,0.000305,0.000493,True,False,False,False,True,False
1,80.0,/home/sunshixin/chenchao/my_rlaf/runs/analysis/echosat_symmetry_grpo_v1_7_acceptance_iter=80_canonical_low_warmup_wc1_per_instance.csv,1,k10_color9,base,k10_color9,complete_coloring,strong_symmetry,large,main,strong,90,775,10.0,5.0,iter=80,4.2592,4.2592,340861.0,314066.0,True,4.16536,4.16536,322229.0,299168.0,True,4.03211,4.56392004524231,321840.0,298649.0,True,4.03211,4.5744916180673245,321840.0,298649.0,True,2.94038,3.539663072992861,217726.0,202143.0,True,True,True,0.00882,1.0,8.0,136.93209838867188,90,0.6931471824645996,True,0.0569014549255371,-1.09173,-1.0348285450744634,-1.3188199999999997,-0.7195369270071388,-104114.0,-96506.0,-0.0938400000000001,-0.1332499999999994,True,True,True,True,False,False
1,80.0,/home/sunshixin/chenchao/my_rlaf/runs/analysis/echosat_symmetry_grpo_v1_7_acceptance_iter=80_canonical_low_warmup_wc1_per_instance.csv,1,k10_color9,perm_seed1730,k10_color9_perm1730,complete_coloring,strong_symmetry,large,main,strong,90,775,10.0,5.0,iter=80,4.96012,4.96012,413643.0,382655.0,True,4.24733,4.24733,283792.0,262594.0,True,3.74963,4.281440045242309,247778.0,229737.0,True,3.74963,4.289306396274387,247778.0,229737.0,True,4.4728,5.069377851199925,298490.0,278650.0,True,True,True,0.006867,1.0,8.0,136.98228454589844,90,0.6931471824645996,True,0.0569014549255371,0.7231700000000005,0.7800714549255376,-0.4873199999999995,0.1092578511999251,50712.0,48913.0,-0.71279,-0.4977,False,True,False,False,True,False
1,80.0,/home/sunshixin/chenchao/my_rlaf/runs/analysis/echosat_symmetry_grpo_v1_7_acceptance_iter=80_canonical_low_warmup_wc1_per_instance.csv,1,k10_color9,perm_seed1731,k10_color9_perm1731,complete_coloring,strong_symmetry,large,main,strong,90,775,10.0,5.0,iter=80,4.05501,4.05501,340033.0,312592.0,True,4.09525,4.09525,290369.0,269757.0,True,4.20973,4.74154004524231,290369.0,269757.0,True,4.20973,4.749293620083511,290369.0,269757.0,True,4.74049,5.336955075009048,356144.0,332389.0,True,True,True,0.006838,1.0,8.0,137.00555419921875,90,0.6931471824645996,True,0.0569014549255371,0.5307599999999999,0.587661454925537,0.6854800000000001,1.2819450750090482,65775.0,62632.0,0.0402399999999998,0.1144800000000003,False,False,False,False,True,False
1,80.0,/home/sunshixin/chenchao/my_rlaf/runs/analysis/echosat_symmetry_grpo_v1_7_acceptance_iter=80_canonical_low_warmup_wc1_per_instance.csv,1,k8_color7,base,k8_color7,complete_coloring,strong_symmetry,large,main,strong,56,372,10.0,5.0,iter=80,0.050536,0.050536,6158.0,5600.0,True,0.044556,0.044556,5946.0,5440.0,True,0.040215,0.5720250452423096,5946.0,5440.0,True,0.040215,0.5766223149046302,5946.0,5440.0,True,0.040464,0.6337727698301674,6019.0,5507.0,True,True,True,0.003735,1.0,6.0,84.73548889160156,56,0.6931471824645996,True,0.0569014549255371,0.0002489999999999,0.0571504549255371,-0.0100719999999999,0.5832367698301674,73.0,67.0,-0.0059799999999999,-0.0043409999999999,False,True,False,False,True,False
1,80.0,/home/sunshixin/chenchao/my_rlaf/runs/analysis/echosat_symmetry_grpo_v1_7_acceptance_iter=80_canonical_low_warmup_wc1_per_instance.csv,1,k8_color7,perm_seed1730,k8_color7_perm1730,complete_coloring,strong_symmetry,large,main,strong,56,372,10.0,5.0,iter=80,0.048001,0.048001,6138.0,5624.0,True,0.047331,0.047331,6264.0,5696.0,True,0.046716,0.5785260452423096,6264.0,5696.0,True,0.046716,0.5841050748943091,6264.0,5696.0,True,0.040422,0.6347125298198462,5544.0,5098.0,True,True,True,0.004712,1.0,6.0,84.79159545898438,56,0.6931471824645996,True,0.0569014549255371,-0.006294,0.050607454925537,-0.007579,0.5867115298198462,-720.0,-598.0,-0.00067,-0.0006149999999999,True,True,False,True,False,False
1,80.0,/home/sunshixin/chenchao/my_rlaf/runs/analysis/echosat_symmetry_grpo_v1_7_acceptance_iter=80_canonical_low_warmup_wc1_per_instance.csv,1,k8_color7,perm_seed1731,k8_color7_perm1731,complete_coloring,strong_symmetry,large,main,strong,56,372,10.0,5.0,iter=80,0.036886,0.036886,5800.0,5271.0,True,0.051764,0.051764,6148.0,5641.0,True,0.051653,0.5834630452423095,6148.0,5641.0,True,0.051653,0.5848736034927964,6148.0,5641.0,True,0.041418,0.6315400584183335,6122.0,5622.0,True,True,True,0.000564,1.0,6.0,84.7841796875,56,0.6931471824645996,True,0.0569014549255371,-0.0102349999999999,0.0466664549255371,0.004532,0.5946540584183335,-26.0,-19.0,0.0148779999999999,-0.0001109999999999,True,False,False,True,False,False
1,80.0,/home/sunshixin/chenchao/my_rlaf/runs/analysis/echosat_symmetry_grpo_v1_7_acceptance_iter=80_canonical_low_warmup_wc1_per_instance.csv,1,k9_color8,base,k9_color8,complete_coloring,strong_symmetry,large,main,strong,72,549,10.0,5.0,iter=80,0.676047,0.676047,46557.0,43529.0,True,0.69538,0.69538,44352.0,41138.0,True,0.662854,1.1946640452423096,43519.0,40436.0,True,0.662854,1.2015165526660083,43519.0,40436.0,True,0.540106,1.1356700075915456,39397.0,36642.0,True,True,True,0.005954,1.0,7.0,109.32144165039062,72,0.6931471824645996,True,0.0569014549255371,-0.122748,-0.0658465450744627,-0.1359409999999999,0.4596230075915456,-4122.0,-3794.0,0.019333,-0.0325259999999999,True,True,False,True,False,False
1,80.0,/home/sunshixin/chenchao/my_rlaf/runs/analysis/echosat_symmetry_grpo_v1_7_acceptance_iter=80_canonical_low_warmup_wc1_per_instance.csv,1,k9_color8,perm_seed1730,k9_color8_perm1730,complete_coloring,strong_symmetry,large,main,strong,72,549,10.0,5.0,iter=80,0.455822,0.455822,39708.0,36681.0,True,0.777754,0.777754,45794.0,42555.0,True,0.733793,1.2656030452423097,45794.0,42555.0,True,0.733793,1.2713516849105957,45794.0,42555.0,True,0.476035,1.0704951398361326,44234.0,40845.0,True,True,True,0.004881,1.0,7.0,109.58531951904295,72,0.6931471824645996,True,0.0569014549255371,-0.257758,-0.200856545074463,0.0202129999999999,0.6146731398361327,-1560.0,-1710.0,0.3219319999999999,-0.0439609999999999,True,False,False,True,False,False
1,80.0,/home/sunshixin/chenchao/my_rlaf/runs/analysis/echosat_symmetry_grpo_v1_7_acceptance_iter=80_canonical_low_warmup_wc1_per_instance.csv,1,k9_color8,perm_seed1731,k9_color8_perm1731,complete_coloring,strong_symmetry,large,main,strong,72,549,10.0,5.0,iter=80,0.627992,0.627992,47177.0,43763.0,True,0.679019,0.679019,47579.0,44103.0,True,0.752753,1.0087168023376465,47579.0,44103.0,True,0.752753,1.0142976186350583,47579.0,44103.0,True,0.406494,0.738472235273242,36801.0,34234.0,True,True,True,0.004633,1.0,7.0,109.56788635253906,72,0.6931471824645996,True,0.0704336166381836,-0.346259,-0.2758253833618163,-0.2214979999999999,0.110480235273242,-10778.0,-9869.0,0.051027,0.0737339999999999,True,True,False,True,False,False
1,80.0,/home/sunshixin/chenchao/my_rlaf/runs/analysis/echosat_symmetry_grpo_v1_7_acceptance_iter=80_canonical_low_warmup_wc1_per_instance.csv,1,php_p10_h9,base,php_p10_h9,php,strong_symmetry,large,main,strong,90,775,10.0,5.0,iter=80,4.26116,4.26116,340861.0,314066.0,True,4.33327,4.33327,322229.0,299168.0,True,4.14297,4.398933802337647,321840.0,298649.0,True,4.14297,4.406550065903902,321840.0,298649.0,True,3.12096,3.454973682542086,217726.0,202143.0,True,True,True,0.006729,1.0,8.0,136.93209838867188,90,0.6931471824645996,True,0.0704336166381836,-1.02201,-0.9515763833618164,-1.1402,-0.8061863174579145,-104114.0,-96506.0,0.0721099999999994,-0.1902999999999997,True,True,True,True,False,False
1,80.0,/home/sunshixin/chenchao/my_rlaf/runs/analysis/echosat_symmetry_grpo_v1_7_acceptance_iter=80_canonical_low_warmup_wc1_per_instance.csv,1,php_p10_h9,perm_seed1730,php_p10_h9_perm1730,php,strong_symmetry,large,main,strong,90,775,10.0,5.0,iter=80,4.9811,4.9811,413643.0,382655.0,True,4.26231,4.26231,283792.0,262594.0,True,3.72896,3.9849238023376463,247778.0,229737.0,True,3.72896,3.989410580271304,247778.0,229737.0,True,4.31826,4.649144196909488,298490.0,278650.0,True,True,True,0.003532,1.0,8.0,136.98228454589844,90,0.6931471824645996,True,0.0704336166381836,0.5893000000000006,0.6597336166381846,-0.6628399999999992,-0.3319558030905112,50712.0,48913.0,-0.7187899999999994,-0.5333500000000004,False,True,True,False,True,False
1,80.0,/home/sunshixin/chenchao/my_rlaf/runs/analysis/echosat_symmetry_grpo_v1_7_acceptance_iter=80_canonical_low_warmup_wc1_per_instance.csv,1,php_p10_h9,perm_seed1731,php_p10_h9_perm1731,php,strong_symmetry,large,main,strong,90,775,10.0,5.0,iter=80,4.14548,4.14548,340033.0,312592.0,True,4.50674,4.50674,290369.0,269757.0,True,3.86499,4.120953802337647,290369.0,269757.0,True,3.86499,4.125183472746015,290369.0,269757.0,True,4.72729,5.057917089384199,356144.0,332389.0,True,True,True,0.0033,1.0,8.0,137.00555419921875,90,0.6931471824645996,True,0.0704336166381836,0.8622999999999998,0.9327336166381848,0.5818099999999999,0.9124370893841992,65775.0,62632.0,0.3612599999999997,-0.6417499999999996,False,False,False,False,True,False
1,80.0,/home/sunshixin/chenchao/my_rlaf/runs/analysis/echosat_symmetry_grpo_v1_7_acceptance_iter=80_canonical_low_warmup_wc1_per_instance.csv,1,php_p9_h8,base,php_p9_h8,php,strong_symmetry,large,main,strong,72,549,10.0,5.0,iter=80,0.676812,0.676812,46557.0,43529.0,True,0.838301,0.838301,44352.0,41138.0,True,0.7423,0.9982638023376464,43519.0,40436.0,True,0.7423,1.0016361689521074,43519.0,40436.0,True,0.539426,0.869195785590291,39397.0,36642.0,True,True,True,0.002467,1.0,7.0,109.32144165039062,72,0.6931471824645996,True,0.0704336166381836,-0.202874,-0.1324403833618164,-0.137386,0.192383785590291,-4122.0,-3794.0,0.161489,-0.096001,True,True,False,True,False,False
1,80.0,/home/sunshixin/chenchao/my_rlaf/runs/analysis/echosat_symmetry_grpo_v1_7_acceptance_iter=80_canonical_low_warmup_wc1_per_instance.csv,1,php_p9_h8,perm_seed1730,php_p9_h8_perm1730,php,strong_symmetry,large,main,strong,72,549,10.0,5.0,iter=80,0.457481,0.457481,39708.0,36681.0,True,0.856721,0.856721,45794.0,42555.0,True,0.709777,0.9657408023376464,45794.0,42555.0,True,0.709777,0.9714124839795828,45794.0,42555.0,True,0.477493,0.8095621006177665,44234.0,40845.0,True,True,True,0.004765,1.0,7.0,109.58531951904295,72,0.6931471824645996,True,0.0704336166381836,-0.232284,-0.1618503833618163,0.0200119999999999,0.3520811006177664,-1560.0,-1710.0,0.3992399999999999,-0.1469439999999999,True,False,False,True,False,False
1,80.0,/home/sunshixin/chenchao/my_rlaf/runs/analysis/echosat_symmetry_grpo_v1_7_acceptance_iter=80_canonical_low_warmup_wc1_per_instance.csv,1,php_p9_h8,perm_seed1731,php_p9_h8_perm1731,php,strong_symmetry,large,main,strong,72,549,10.0,5.0,iter=80,0.619426,0.619426,47177.0,43763.0,True,0.689936,0.689936,47579.0,44103.0,True,0.643236,0.8991998023376465,47579.0,44103.0,True,0.643236,0.9047327185510396,47579.0,44103.0,True,0.452518,0.7844483351892233,36219.0,33463.0,True,True,True,0.004642,1.0,7.0,109.56788635253906,72,0.6931471824645996,True,0.0704336166381836,-0.190718,-0.1202843833618163,-0.166908,0.1650223351892232,-11360.0,-10640.0,0.0705099999999999,-0.0466999999999999,True,True,False,True,False,False
1,80.0,/home/sunshixin/chenchao/my_rlaf/runs/analysis/echosat_symmetry_grpo_v1_7_acceptance_iter=80_canonical_low_warmup_wc1_per_instance.csv,1,random_3sat_control_v160_c704_seed2615,base,random_3sat_control_v160_c704_seed2615,random_3sat_control,non_symmetric_control,large,control,none,160,704,10.0,5.0,iter=80,0.0604,0.0604,6771.0,5767.0,True,0.052407,0.052407,5702.0,4813.0,True,0.051923,0.3078868023376465,4859.0,4212.0,True,0.051923,0.3132755283737778,4859.0,4212.0,True,0.046993,0.3787791450119614,5471.0,4688.0,True,False,False,0.004278,1.0,20.0,250.25311279296875,160,0.6931471824645996,True,0.0704336166381836,-0.0049299999999999,0.0655036166381836,-0.013407,0.3183791450119614,612.0,476.0,-0.007993,-0.000484,True,True,False,False,True,True
1,80.0,/home/sunshixin/chenchao/my_rlaf/runs/analysis/echosat_symmetry_grpo_v1_7_acceptance_iter=80_canonical_low_warmup_wc1_per_instance.csv,1,random_3sat_control_v160_c704_seed2615,perm_seed1730,random_3sat_control_v160_c704_seed2615_perm1730,random_3sat_control,non_symmetric_control,large,control,none,160,704,10.0,5.0,iter=80,0.091372,0.091372,8522.0,7299.0,True,0.096001,0.096001,7934.0,6809.0,True,0.045164,0.2256866802825927,4602.0,4008.0,True,0.045164,0.2274368607063293,4602.0,4008.0,True,0.052351,0.3140465730323791,5473.0,4688.0,True,False,False,0.000713,1.0,20.0,250.9976043701172,160,0.6931471824645996,True,0.0794227123260498,0.0071869999999999,0.0866097123260498,-0.0390209999999999,0.2226745730323791,871.0,680.0,0.004629,-0.050837,False,True,False,False,True,True
1,80.0,/home/sunshixin/chenchao/my_rlaf/runs/analysis/echosat_symmetry_grpo_v1_7_acceptance_iter=80_canonical_low_warmup_wc1_per_instance.csv,1,random_3sat_control_v160_c704_seed2615,perm_seed1731,random_3sat_control_v160_c704_seed2615_perm1731,random_3sat_control,non_symmetric_control,large,control,none,160,704,10.0,5.0,iter=80,0.048974,0.048974,5676.0,4847.0,True,0.103904,0.103904,8017.0,6851.0,True,0.048106,0.2286286802825927,4961.0,4384.0,True,0.048106,0.2314913678603768,4961.0,4384.0,True,0.048336,0.3111440801864266,5559.0,4673.0,True,False,False,0.001788,1.0,20.0,250.14382934570312,160,0.6931471824645996,True,0.0794227123260498,0.0002299999999999,0.0796527123260497,-0.0006379999999999,0.2621700801864265,598.0,289.0,0.05493,-0.0557979999999999,False,True,False,False,True,True
1,80.0,/home/sunshixin/chenchao/my_rlaf/runs/analysis/echosat_symmetry_grpo_v1_7_acceptance_iter=80_canonical_low_warmup_wc1_per_instance.csv,1,random_3sat_control_v180_c760_seed3301,base,random_3sat_control_v180_c760_seed3301,random_3sat_control,non_symmetric_control,large,control,none,180,760,10.0,5.0,iter=80,0.475293,0.475293,27442.0,23617.0,True,0.143122,0.143122,10470.0,8910.0,True,0.013034,0.1935566802825927,693.0,567.0,True,0.013034,0.2008052154552936,693.0,567.0,True,0.832542,1.0997359277813434,41817.0,36891.0,True,False,False,0.006161,1.0,25.0,290.802978515625,180,0.6931471824645996,True,0.0794227123260498,0.819508,0.8989307123260498,0.357249,0.6244429277813435,41124.0,36324.0,-0.332171,-0.130088,False,False,False,False,True,True
1,80.0,/home/sunshixin/chenchao/my_rlaf/runs/analysis/echosat_symmetry_grpo_v1_7_acceptance_iter=80_canonical_low_warmup_wc1_per_instance.csv,1,random_3sat_control_v180_c760_seed3301,perm_seed1730,random_3sat_control_v180_c760_seed3301_perm1730,random_3sat_control,non_symmetric_control,large,control,none,180,760,10.0,5.0,iter=80,1.04872,1.04872,47649.0,41152.0,True,0.088048,0.088048,7421.0,6253.0,True,0.012058,0.1925806802825928,643.0,525.0,True,0.012058,0.1986006934401988,643.0,525.0,True,0.539163,0.8051284057662487,33548.0,29357.0,True,False,False,0.004873,1.0,25.0,292.0396728515625,180,0.6931471824645996,True,0.0794227123260498,0.5271049999999999,0.6065277123260499,-0.5095570000000001,-0.2435915942337514,32905.0,28832.0,-0.960672,-0.07599,False,True,True,False,True,True
1,80.0,/home/sunshixin/chenchao/my_rlaf/runs/analysis/echosat_symmetry_grpo_v1_7_acceptance_iter=80_canonical_low_warmup_wc1_per_instance.csv,1,random_3sat_control_v180_c760_seed3301,perm_seed1731,random_3sat_control_v180_c760_seed3301_perm1731,random_3sat_control,non_symmetric_control,large,control,none,180,760,10.0,5.0,iter=80,0.568026,0.568026,27197.0,23469.0,True,0.123263,0.123263,9011.0,7714.0,True,0.013402,0.1939246802825927,590.0,484.0,True,0.013402,0.2009426055880785,590.0,484.0,True,0.716369,0.9833323179141285,43169.0,38129.0,True,False,False,0.005942,1.0,25.0,291.0475769042969,180,0.6931471824645996,True,0.0794227123260498,0.702967,0.7823897123260499,0.148343,0.4153063179141284,42579.0,37645.0,-0.444763,-0.109861,False,False,False,False,True,True
1,80.0,/home/sunshixin/chenchao/my_rlaf/runs/analysis/echosat_symmetry_grpo_v1_7_acceptance_iter=80_canonical_low_warmup_wc1_per_instance.csv,1,random_3sat_control_v220_c928_seed3303,base,random_3sat_control_v220_c928_seed3303,random_3sat_control,non_symmetric_control,large,control,none,220,928,10.0,5.0,iter=80,0.727251,0.727251,30277.0,25994.0,True,0.450002,0.450002,22265.0,19025.0,True,0.010853,0.1913756802825927,62.0,4.0,True,0.010853,0.1976829179322719,62.0,4.0,True,0.013136,0.2793886302583218,673.0,525.0,True,False,False,0.005032,1.0,28.0,332.48345947265625,220,0.6931471824645996,True,0.0794227123260498,0.002283,0.0817057123260498,-0.7141149999999999,-0.4478623697416782,611.0,521.0,-0.2772489999999999,-0.439149,False,True,True,False,True,True
1,80.0,/home/sunshixin/chenchao/my_rlaf/runs/analysis/echosat_symmetry_grpo_v1_7_acceptance_iter=80_canonical_low_warmup_wc1_per_instance.csv,1,random_3sat_control_v220_c928_seed3303,perm_seed1730,random_3sat_control_v220_c928_seed3303_perm1730,random_3sat_control,non_symmetric_control,large,control,none,220,928,10.0,5.0,iter=80,1.55729,1.55729,52742.0,45477.0,True,0.216993,0.216993,13039.0,11071.0,True,0.003989,0.1845116802825927,62.0,4.0,True,0.003989,0.1905206428474188,62.0,4.0,True,0.008688,0.2746423551734686,668.0,531.0,True,False,False,0.004871,1.0,28.0,330.46795654296875,220,0.6931471824645996,True,0.0794227123260498,0.0046989999999999,0.0841217123260497,-1.548602,-1.2826476448265316,606.0,527.0,-1.340297,-0.213004,False,True,True,False,True,True
1,80.0,/home/sunshixin/chenchao/my_rlaf/runs/analysis/echosat_symmetry_grpo_v1_7_acceptance_iter=80_canonical_low_warmup_wc1_per_instance.csv,1,random_3sat_control_v220_c928_seed3303,perm_seed1731,random_3sat_control_v220_c928_seed3303_perm1731,random_3sat_control,non_symmetric_control,large,control,none,220,928,10.0,5.0,iter=80,0.070594,0.070594,4930.0,4147.0,True,0.39037,0.39037,19684.0,16814.0,True,0.00377,0.1842926802825927,63.0,4.0,True,0.00377,0.1903738628222942,63.0,4.0,True,0.014619,0.280645575148344,822.0,632.0,True,False,False,0.004919,1.0,28.0,331.7943725585937,220,0.6931471824645996,True,0.0794227123260498,0.010849,0.0902717123260497,-0.055975,0.210051575148344,759.0,628.0,0.319776,-0.3866,False,True,False,False,True,True
1,80.0,/home/sunshixin/chenchao/my_rlaf/runs/analysis/echosat_symmetry_grpo_v1_7_acceptance_iter=80_canonical_low_warmup_wc1_per_instance.csv,1,random_3sat_control_v220_c942_seed3304,base,random_3sat_control_v220_c942_seed3304,random_3sat_control,non_symmetric_control,large,control,none,220,942,10.0,5.0,iter=80,0.660308,0.660308,35472.0,30813.0,True,1.10027,1.10027,41376.0,36046.0,True,0.419672,0.5973625059814454,26754.0,23980.0,True,0.419672,0.6013425900686383,26754.0,23980.0,True,0.792233,0.9857861336324812,40303.0,36145.0,True,False,False,0.002844,1.0,24.0,322.4337158203125,220,0.6931471824645996,True,0.0118825435638427,0.372561,0.3844435435638429,0.1319249999999999,0.3254781336324812,13549.0,12165.0,0.4399620000000001,-0.680598,False,False,False,False,True,True
1,80.0,/home/sunshixin/chenchao/my_rlaf/runs/analysis/echosat_symmetry_grpo_v1_7_acceptance_iter=80_canonical_low_warmup_wc1_per_instance.csv,1,random_3sat_control_v220_c942_seed3304,perm_seed1730,random_3sat_control_v220_c942_seed3304_perm1730,random_3sat_control,non_symmetric_control,large,control,none,220,942,10.0,5.0,iter=80,0.657886,0.657886,34825.0,30052.0,True,0.677659,0.677659,33221.0,28818.0,True,0.414275,0.5919655059814453,26445.0,23804.0,True,0.414275,0.6004410606975555,26445.0,23804.0,True,0.770002,0.9680506042613984,39714.0,35415.0,True,False,False,0.007237,1.0,24.0,324.02960205078125,220,0.6931471824645996,True,0.0118825435638427,0.3557269999999999,0.3676095435638429,0.112116,0.3101646042613984,13269.0,11611.0,0.019773,-0.263384,False,False,False,False,True,True
1,80.0,/home/sunshixin/chenchao/my_rlaf/runs/analysis/echosat_symmetry_grpo_v1_7_acceptance_iter=80_canonical_low_warmup_wc1_per_instance.csv,1,random_3sat_control_v220_c942_seed3304,perm_seed1731,random_3sat_control_v220_c942_seed3304_perm1731,random_3sat_control,non_symmetric_control,large,control,none,220,942,10.0,5.0,iter=80,0.714365,0.714365,38737.0,33758.0,True,0.875828,0.875828,38909.0,33544.0,True,0.381144,0.5588345059814452,26149.0,23448.0,True,0.381144,0.5655874600729942,26149.0,23448.0,True,0.707233,0.903559003636837,40803.0,36445.0,True,False,False,0.005627,1.0,24.0,324.64569091796875,220,0.6931471824645996,True,0.0118825435638427,0.326089,0.3379715435638428,-0.007132,0.189194003636837,14654.0,12997.0,0.161463,-0.494684,False,True,False,False,True,True
1,80.0,/home/sunshixin/chenchao/my_rlaf/runs/analysis/echosat_symmetry_grpo_v1_7_acceptance_iter=80_canonical_low_warmup_wc1_per_instance.csv,1,random_3sat_control_v260_c1097_seed3305,base,random_3sat_control_v260_c1097_seed3305,random_3sat_control,non_symmetric_control,large,control,none,260,1097,10.0,5.0,iter=80,7.06413,7.06413,216854.0,188499.0,True,2.50055,2.50055,73626.0,64181.0,True,1.40952,1.5872105059814454,60642.0,54350.0,True,1.40952,1.595048047564447,60642.0,54350.0,True,1.67118,1.8685905911282896,80287.0,71600.0,True,False,False,0.006642,1.0,35.0,390.6428833007813,260,0.6931471824645996,True,0.0118825435638427,0.26166,0.2735425435638425,-5.392949999999999,-5.19553940887171,19645.0,17250.0,-4.56358,-1.09103,False,True,True,False,True,True
1,80.0,/home/sunshixin/chenchao/my_rlaf/runs/analysis/echosat_symmetry_grpo_v1_7_acceptance_iter=80_canonical_low_warmup_wc1_per_instance.csv,1,random_3sat_control_v260_c1097_seed3305,perm_seed1730,random_3sat_control_v260_c1097_seed3305_perm1730,random_3sat_control,non_symmetric_control,large,control,none,260,1097,10.0,5.0,iter=80,7.23275,7.23275,224505.0,195557.0,True,0.70089,0.70089,27246.0,23387.0,True,1.4284,1.6060905059814452,60686.0,54724.0,True,1.4284,1.6139507469572425,60686.0,54724.0,True,1.53629,1.733723290521085,69741.0,62000.0,True,False,False,0.006668,1.0,35.0,390.0680847167969,260,0.6931471824645996,True,0.0118825435638427,0.10789,0.1197725435638425,-5.69646,-5.499026709478915,9055.0,7276.0,-6.53186,0.7275099999999999,False,True,True,False,True,True
1,80.0,/home/sunshixin/chenchao/my_rlaf/runs/analysis/echosat_symmetry_grpo_v1_7_acceptance_iter=80_canonical_low_warmup_wc1_per_instance.csv,1,random_3sat_control_v260_c1097_seed3305,perm_seed1731,random_3sat_control_v260_c1097_seed3305_perm1731,random_3sat_control,non_symmetric_control,large,control,none,260,1097,10.0,5.0,iter=80,3.92471,3.92471,105916.0,92052.0,True,5.8392,5.8392,162997.0,142194.0,True,1.11506,1.2927505059814453,48534.0,43247.0,True,1.11506,1.2973358120584488,48534.0,43247.0,True,1.6472,1.841358355622292,80122.0,71235.0,True,False,False,0.003405,1.0,35.0,389.6698913574219,260,0.6931471824645996,True,0.0118825435638427,0.5321400000000001,0.5440225435638433,-2.2775100000000004,-2.083351644377708,31588.0,27988.0,1.91449,-4.72414,False,True,True,False,True,True
1,80.0,/home/sunshixin/chenchao/my_rlaf/runs/analysis/echosat_symmetry_grpo_v1_7_acceptance_iter=80_canonical_low_warmup_wc1_per_instance.csv,1,random_3sat_control_v260_c1113_seed3306,base,random_3sat_control_v260_c1113_seed3306,random_3sat_control,non_symmetric_control,large,control,none,260,1113,10.0,5.0,iter=80,5.32719,5.32719,178146.0,155541.0,True,6.62185,6.62185,186876.0,163308.0,True,6.24787,6.425560505981445,226200.0,205404.0,True,6.24787,6.432668259516477,226200.0,205404.0,True,6.4792,6.67588080308032,262785.0,231853.0,True,False,False,0.005902,1.0,33.0,397.6284790039063,260,0.6931471824645996,True,0.0118825435638427,0.2313299999999998,0.2432125435638426,1.1520099999999998,1.34869080308032,36585.0,26449.0,1.2946600000000004,-0.3739800000000004,False,False,False,False,True,True
1,80.0,/home/sunshixin/chenchao/my_rlaf/runs/analysis/echosat_symmetry_grpo_v1_7_acceptance_iter=80_canonical_low_warmup_wc1_per_instance.csv,1,random_3sat_control_v260_c1113_seed3306,perm_seed1730,random_3sat_control_v260_c1113_seed3306_perm1730,random_3sat_control,non_symmetric_control,large,control,none,260,1113,10.0,5.0,iter=80,5.07234,5.07234,171334.0,149746.0,True,7.46041,7.46041,206936.0,180741.0,True,5.5945,5.772190505981445,206101.0,186162.0,True,5.5945,5.780156373359203,206101.0,186162.0,True,6.30776,6.505298916923046,254223.0,224105.0,True,False,False,0.006364,1.0,33.0,396.3316650390625,260,0.6931471824645996,True,0.0118825435638427,0.71326,0.7251425435638428,1.2354200000000004,1.432958916923046,48122.0,37943.0,2.388070000000001,-1.8659100000000004,False,False,False,False,True,True
1,80.0,/home/sunshixin/chenchao/my_rlaf/runs/analysis/echosat_symmetry_grpo_v1_7_acceptance_iter=80_canonical_low_warmup_wc1_per_instance.csv,1,random_3sat_control_v260_c1113_seed3306,perm_seed1731,random_3sat_control_v260_c1113_seed3306_perm1731,random_3sat_control,non_symmetric_control,large,control,none,260,1113,10.0,5.0,iter=80,6.3225,6.3225,202621.0,177648.0,True,7.21833,7.21833,214985.0,187707.0,True,5.92311,6.017469159469605,217745.0,196903.0,True,5.92311,6.024868694831491,217745.0,196903.0,True,6.21119,6.316839686042428,255321.0,225161.0,True,False,False,0.006226,1.0,33.0,397.0461730957031,260,0.6931471824645996,True,0.0038909912109375,0.2880799999999999,0.2919709912109374,-0.1113099999999995,-0.0056603139575717,37576.0,28258.0,0.8958300000000001,-1.2952199999999996,False,True,True,False,True,True
1,80.0,/home/sunshixin/chenchao/my_rlaf/runs/analysis/echosat_symmetry_grpo_v1_7_acceptance_iter=80_canonical_low_warmup_wc1_per_instance.csv,1,random_3sat_control_v300_c1266_seed3307,base,random_3sat_control_v300_c1266_seed3307,random_3sat_control,non_symmetric_control,large,control,none,300,1266,10.0,5.0,iter=80,0.262102,0.262102,12894.0,10895.0,True,3.03037,3.03037,71356.0,61376.0,True,0.008491,0.1028501594696044,288.0,182.0,True,0.008491,0.1143401780692935,288.0,182.0,True,0.04319,0.152930169280231,2565.0,2058.0,True,False,False,0.010301,1.0,46.0,466.681884765625,300,0.6931471824645996,True,0.0038909912109375,0.034699,0.0385899912109375,-0.218912,-0.1091718307197689,2277.0,1876.0,2.768268,-3.021879,False,True,True,False,True,True
1,80.0,/home/sunshixin/chenchao/my_rlaf/runs/analysis/echosat_symmetry_grpo_v1_7_acceptance_iter=80_canonical_low_warmup_wc1_per_instance.csv,1,random_3sat_control_v300_c1266_seed3307,perm_seed1730,random_3sat_control_v300_c1266_seed3307_perm1730,random_3sat_control,non_symmetric_control,large,control,none,300,1266,10.0,5.0,iter=80,1.31088,1.31088,43103.0,37339.0,True,2.08486,2.08486,63498.0,54506.0,True,0.008926,0.1032851594696045,321.0,205.0,True,0.008926,0.1144674340676069,321.0,205.0,True,0.049179,0.1586114252785444,2937.0,2391.0,True,False,False,0.009947,1.0,46.0,465.9733581542969,300,0.6931471824645996,True,0.0038909912109375,0.040253,0.0441439912109375,-1.261701,-1.1522685747214556,2616.0,2186.0,0.7739799999999999,-2.075934,False,True,True,False,True,True
1,80.0,/home/sunshixin/chenchao/my_rlaf/runs/analysis/echosat_symmetry_grpo_v1_7_acceptance_iter=80_canonical_low_warmup_wc1_per_instance.csv,1,random_3sat_control_v300_c1266_seed3307,perm_seed1731,random_3sat_control_v300_c1266_seed3307_perm1731,random_3sat_control,non_symmetric_control,large,control,none,300,1266,10.0,5.0,iter=80,2.36991,2.36991,66962.0,57424.0,True,0.123286,0.123286,7524.0,6304.0,True,0.00998,0.1043391594696045,375.0,247.0,True,0.00998,0.1120683903291225,375.0,247.0,True,0.04403,0.15000938154006,3076.0,2480.0,True,False,False,0.006459,1.0,46.0,465.2885437011719,300,0.6931471824645996,True,0.0038909912109375,0.03405,0.0379409912109375,-2.32588,-2.21990061845994,2701.0,2233.0,-2.246624,-0.113306,False,True,True,False,True,True
1,80.0,/home/sunshixin/chenchao/my_rlaf/runs/analysis/echosat_symmetry_grpo_v1_7_acceptance_iter=80_canonical_low_warmup_wc1_per_instance.csv,1,subset_cardinality_bw10,base,subset_cardinality_bw10,subset_cardinality,weak_symmetry,large,main,weak,41,92,10.0,5.0,iter=80,0.00164,0.00164,193.0,141.0,True,0.002541,0.002541,237.0,193.0,True,0.004311,0.0986701594696044,162.0,142.0,True,0.004311,0.1017054721153974,162.0,142.0,True,0.0,0.1012854633263349,179.0,151.0,True,True,True,0.002246,1.0,5.0,62.83808517456055,41,0.6931471824645996,True,0.0038909912109375,-0.004311,-0.0004200087890625,-0.00164,0.0996454633263349,17.0,9.0,0.0009009999999999,0.0017699999999999,True,True,False,False,True,False
1,80.0,/home/sunshixin/chenchao/my_rlaf/runs/analysis/echosat_symmetry_grpo_v1_7_acceptance_iter=80_canonical_low_warmup_wc1_per_instance.csv,1,subset_cardinality_bw10,perm_seed1730,subset_cardinality_bw10_perm1730,subset_cardinality,weak_symmetry,large,main,weak,41,92,10.0,5.0,iter=80,0.000354,0.000354,218.0,167.0,True,0.002392,0.002392,221.0,169.0,True,0.000551,0.0949101594696044,156.0,137.0,True,0.000551,0.098579624384284,156.0,137.0,True,0.003721,0.1056406155952215,181.0,158.0,True,True,True,0.002758,1.0,6.0,62.92706298828125,41,0.6931471824645996,True,0.0038909912109375,0.00317,0.0070609912109375,0.0033669999999999,0.1052866155952215,25.0,21.0,0.002038,-0.001841,False,False,False,False,True,False
1,80.0,/home/sunshixin/chenchao/my_rlaf/runs/analysis/echosat_symmetry_grpo_v1_7_acceptance_iter=80_canonical_low_warmup_wc1_per_instance.csv,1,subset_cardinality_bw10,perm_seed1731,subset_cardinality_bw10_perm1731,subset_cardinality,weak_symmetry,large,main,weak,41,92,10.0,5.0,iter=80,0.001183,0.001183,202.0,147.0,True,0.002233,0.002233,247.0,155.0,True,0.0,0.0943591594696044,203.0,164.0,True,0.0,0.0967956981927752,203.0,164.0,True,0.000765,0.1014516894037127,175.0,147.0,True,True,True,0.001586,1.0,7.0,62.392337799072266,41,0.6931471824645996,True,0.0038909912109375,0.000765,0.0046559912109375,-0.000418,0.1002686894037127,-28.0,-17.0,0.00105,-0.002233,False,True,False,True,False,False
1,80.0,/home/sunshixin/chenchao/my_rlaf/runs/analysis/echosat_symmetry_grpo_v1_7_acceptance_iter=80_canonical_low_warmup_wc1_per_instance.csv,1,subset_cardinality_bw12,base,subset_cardinality_bw12,subset_cardinality,weak_symmetry,large,main,weak,49,108,10.0,5.0,iter=80,0.001866,0.001866,442.0,342.0,True,0.00325,0.00325,491.0,414.0,True,0.003776,0.0981351594696045,384.0,312.0,True,0.003776,0.0995398806166052,384.0,312.0,True,0.004445,0.1040998718275427,390.0,307.0,True,True,True,0.000508,1.0,9.0,75.44426727294922,49,0.6931471824645996,True,0.0038909912109375,0.000669,0.0045599912109375,0.002579,0.1022338718275426,6.0,-5.0,0.0013839999999999,0.000526,False,False,False,False,True,False
1,80.0,/home/sunshixin/chenchao/my_rlaf/runs/analysis/echosat_symmetry_grpo_v1_7_acceptance_iter=80_canonical_low_warmup_wc1_per_instance.csv,1,subset_cardinality_bw12,perm_seed1730,subset_cardinality_bw12_perm1730,subset_cardinality,weak_symmetry,large,main,weak,49,108,10.0,5.0,iter=80,0.001821,0.001821,440.0,329.0,True,0.003198,0.003198,397.0,314.0,True,0.003848,0.0359238819580078,343.0,268.0,True,0.003848,0.0384880408907532,343.0,268.0,True,0.002142,0.0701906827059388,332.0,273.0,True,True,True,0.001628,1.0,7.0,73.95069122314453,49,0.6931471824645996,True,0.0334086418151855,-0.001706,0.0317026418151855,0.0003209999999999,0.0683696827059388,-11.0,5.0,0.001377,0.00065,True,False,False,False,True,False
1,80.0,/home/sunshixin/chenchao/my_rlaf/runs/analysis/echosat_symmetry_grpo_v1_7_acceptance_iter=80_canonical_low_warmup_wc1_per_instance.csv,1,subset_cardinality_bw12,perm_seed1731,subset_cardinality_bw12_perm1731,subset_cardinality,weak_symmetry,large,main,weak,49,108,10.0,5.0,iter=80,0.001709,0.001709,393.0,297.0,True,0.0029,0.0029,439.0,311.0,True,0.000609,0.0326848819580078,363.0,285.0,True,0.000609,0.0351532590911388,363.0,285.0,True,0.000651,0.0686039009063243,371.0,306.0,True,True,True,0.001527,1.0,7.0,75.07693481445312,49,0.6931471824645996,True,0.0334086418151855,4.2000000000000045e-05,0.0334506418151855,-0.001058,0.0668949009063243,8.0,21.0,0.0011909999999999,-0.0022909999999999,False,True,False,False,True,False
1,80.0,/home/sunshixin/chenchao/my_rlaf/runs/analysis/echosat_symmetry_grpo_v1_7_acceptance_iter=80_canonical_low_warmup_wc1_per_instance.csv,1,subset_cardinality_bw8,base,subset_cardinality_bw8,subset_cardinality,weak_symmetry,medium,main,weak,33,76,10.0,5.0,iter=80,0.000886,0.000886,89.0,67.0,True,0.001849,0.001849,106.0,76.0,True,0.002183,0.0342588819580078,84.0,69.0,True,0.002183,0.0364971107302904,84.0,69.0,True,0.0,0.0677227525454759,97.0,83.0,True,True,True,0.001395,1.0,12.0,54.99262619018555,33,0.6931471824645996,True,0.0334086418151855,-0.002183,0.0312256418151855,-0.000886,0.0668367525454759,13.0,14.0,0.000963,0.000334,True,True,False,False,True,False
1,80.0,/home/sunshixin/chenchao/my_rlaf/runs/analysis/echosat_symmetry_grpo_v1_7_acceptance_iter=80_canonical_low_warmup_wc1_per_instance.csv,1,subset_cardinality_bw8,perm_seed1730,subset_cardinality_bw8_perm1730,subset_cardinality,weak_symmetry,medium,main,weak,33,76,10.0,5.0,iter=80,0.001027,0.001027,110.0,76.0,True,0.001858,0.001858,127.0,80.0,True,0.001537,0.0336128819580078,100.0,79.0,True,0.001537,0.0357234763842225,100.0,79.0,True,0.00053,0.068125118199408,101.0,83.0,True,True,True,0.001222,1.0,5.0,49.16338348388672,33,0.6931471824645996,True,0.0334086418151855,-0.001007,0.0324016418151855,-0.0004969999999999,0.067098118199408,1.0,4.0,0.000831,-0.000321,True,True,False,False,True,False
1,80.0,/home/sunshixin/chenchao/my_rlaf/runs/analysis/echosat_symmetry_grpo_v1_7_acceptance_iter=80_canonical_low_warmup_wc1_per_instance.csv,1,subset_cardinality_bw8,perm_seed1731,subset_cardinality_bw8_perm1731,subset_cardinality,weak_symmetry,medium,main,weak,33,76,10.0,5.0,iter=80,0.00089,0.00089,91.0,70.0,True,0.001762,0.001762,102.0,79.0,True,0.001479,0.0335548819580078,81.0,70.0,True,0.001479,0.0348359415309429,81.0,70.0,True,0.001372,0.0681375833461284,92.0,76.0,True,True,True,0.000429,1.0,11.0,55.44180679321289,33,0.6931471824645996,True,0.0334086418151855,-0.000107,0.0333016418151855,0.000482,0.0672475833461284,11.0,6.0,0.0008719999999999,-0.0002829999999999,True,False,False,False,True,False
1,80.0,/home/sunshixin/chenchao/my_rlaf/runs/analysis/echosat_symmetry_grpo_v1_7_acceptance_iter=80_canonical_low_warmup_wc1_per_instance.csv,2,k10_color9,base,k10_color9,complete_coloring,strong_symmetry,large,main,strong,90,775,10.0,5.0,iter=80,4.00767,4.00767,340861.0,314066.0,True,4.31105,4.31105,322229.0,299168.0,True,4.521,4.879868837356567,321840.0,298649.0,True,4.521,4.885534403000414,321840.0,298649.0,True,2.92181,3.344318979950488,217726.0,202143.0,True,True,True,0.003634,1.0,8.0,136.93209838867188,90,0.6931471824645996,True,0.0579745769500732,-1.59919,-1.5412154230499264,-1.0858600000000005,-0.6633510200495123,-104114.0,-96506.0,0.3033799999999997,0.20995,True,True,True,True,False,False
1,80.0,/home/sunshixin/chenchao/my_rlaf/runs/analysis/echosat_symmetry_grpo_v1_7_acceptance_iter=80_canonical_low_warmup_wc1_per_instance.csv,2,k10_color9,perm_seed1730,k10_color9_perm1730,complete_coloring,strong_symmetry,large,main,strong,90,775,10.0,5.0,iter=80,4.88674,4.88674,413643.0,382655.0,True,4.60182,4.60182,283792.0,262594.0,True,3.90774,4.266608837356568,247778.0,229737.0,True,3.90774,4.274550316805422,247778.0,229737.0,True,4.31068,4.735464893755495,298490.0,278650.0,True,True,True,0.006803,1.0,8.0,136.98228454589844,90,0.6931471824645996,True,0.0579745769500732,0.4029399999999996,0.4609145769500724,-0.57606,-0.1512751062445048,50712.0,48913.0,-0.2849199999999996,-0.69408,False,True,True,False,True,False
1,80.0,/home/sunshixin/chenchao/my_rlaf/runs/analysis/echosat_symmetry_grpo_v1_7_acceptance_iter=80_canonical_low_warmup_wc1_per_instance.csv,2,k10_color9,perm_seed1731,k10_color9_perm1731,complete_coloring,strong_symmetry,large,main,strong,90,775,10.0,5.0,iter=80,4.06349,4.06349,340033.0,312592.0,True,4.53246,4.53246,290369.0,269757.0,True,3.95006,4.308928837356568,290369.0,269757.0,True,3.95006,4.316781543878258,290369.0,269757.0,True,4.75805,5.18274612082833,356144.0,332389.0,True,True,True,0.006614,1.0,8.0,137.00555419921875,90,0.6931471824645996,True,0.0579745769500732,0.8079899999999998,0.8659645769500726,0.6945600000000001,1.1192561208283305,65775.0,62632.0,0.4689700000000005,-0.5824000000000003,False,False,False,False,True,False
1,80.0,/home/sunshixin/chenchao/my_rlaf/runs/analysis/echosat_symmetry_grpo_v1_7_acceptance_iter=80_canonical_low_warmup_wc1_per_instance.csv,2,k8_color7,base,k8_color7,complete_coloring,strong_symmetry,large,main,strong,56,372,10.0,5.0,iter=80,0.044016,0.044016,6158.0,5600.0,True,0.041058,0.041058,5946.0,5440.0,True,0.04389,0.4027588373565673,5946.0,5440.0,True,0.04389,0.4112646965841651,5946.0,5440.0,True,0.040268,0.4656172735342383,6019.0,5507.0,True,True,True,0.004672,1.0,6.0,84.73548889160156,56,0.6931471824645996,True,0.0579745769500732,-0.003622,0.0543525769500732,-0.003748,0.4216012735342383,73.0,67.0,-0.002958,0.002832,True,True,False,False,True,False
1,80.0,/home/sunshixin/chenchao/my_rlaf/runs/analysis/echosat_symmetry_grpo_v1_7_acceptance_iter=80_canonical_low_warmup_wc1_per_instance.csv,2,k8_color7,perm_seed1730,k8_color7_perm1730,complete_coloring,strong_symmetry,large,main,strong,56,372,10.0,5.0,iter=80,0.037093,0.037093,6138.0,5624.0,True,0.047324,0.047324,6264.0,5696.0,True,0.047428,0.4062968373565674,6264.0,5696.0,True,0.047428,0.4109827617948651,6264.0,5696.0,True,0.040675,0.4622043387449384,5544.0,5098.0,True,True,True,0.003571,1.0,6.0,84.79159545898438,56,0.6931471824645996,True,0.0579745769500732,-0.0067529999999999,0.0512215769500732,0.003582,0.4251113387449384,-720.0,-598.0,0.0102309999999999,0.0001039999999999,True,False,False,True,False,False
1,80.0,/home/sunshixin/chenchao/my_rlaf/runs/analysis/echosat_symmetry_grpo_v1_7_acceptance_iter=80_canonical_low_warmup_wc1_per_instance.csv,2,k8_color7,perm_seed1731,k8_color7_perm1731,complete_coloring,strong_symmetry,large,main,strong,56,372,10.0,5.0,iter=80,0.031963,0.031963,5800.0,5271.0,True,0.055408,0.055408,6148.0,5641.0,True,0.051527,0.4103958373565674,6148.0,5641.0,True,0.051527,0.4173435454687476,6148.0,5641.0,True,0.041416,0.4652071224188208,6122.0,5622.0,True,True,True,0.004858,1.0,6.0,84.7841796875,56,0.6931471824645996,True,0.0579745769500732,-0.010111,0.0478635769500732,0.009453,0.4332441224188207,-26.0,-19.0,0.023445,-0.0038809999999999,True,False,False,True,False,False
1,80.0,/home/sunshixin/chenchao/my_rlaf/runs/analysis/echosat_symmetry_grpo_v1_7_acceptance_iter=80_canonical_low_warmup_wc1_per_instance.csv,2,k9_color8,base,k9_color8,complete_coloring,strong_symmetry,large,main,strong,72,549,10.0,5.0,iter=80,0.570285,0.570285,46557.0,43529.0,True,0.695517,0.695517,44352.0,41138.0,True,0.580315,0.9391838373565674,43519.0,40436.0,True,0.580315,0.9423765394239426,43519.0,40436.0,True,0.529048,0.9490841163740158,39397.0,36642.0,True,True,True,0.001163,1.0,7.0,109.32144165039062,72,0.6931471824645996,True,0.0579745769500732,-0.051267,0.0067075769500731,-0.041237,0.3787991163740157,-4122.0,-3794.0,0.125232,-0.115202,True,True,False,True,False,False
1,80.0,/home/sunshixin/chenchao/my_rlaf/runs/analysis/echosat_symmetry_grpo_v1_7_acceptance_iter=80_canonical_low_warmup_wc1_per_instance.csv,2,k9_color8,perm_seed1730,k9_color8_perm1730,complete_coloring,strong_symmetry,large,main,strong,72,549,10.0,5.0,iter=80,0.386143,0.386143,39708.0,36681.0,True,0.713023,0.713023,45794.0,42555.0,True,0.718123,1.0769918373565672,45794.0,42555.0,True,0.718123,1.0833022895422575,45794.0,42555.0,True,0.45654,0.8796938664923311,44234.0,40845.0,True,True,True,0.005022,1.0,7.0,109.58531951904295,72,0.6931471824645996,True,0.0579745769500732,-0.2615829999999999,-0.2036084230499264,0.0703969999999999,0.493550866492331,-1560.0,-1710.0,0.3268799999999999,0.0050999999999999,True,False,False,True,False,False
1,80.0,/home/sunshixin/chenchao/my_rlaf/runs/analysis/echosat_symmetry_grpo_v1_7_acceptance_iter=80_canonical_low_warmup_wc1_per_instance.csv,2,k9_color8,perm_seed1731,k9_color8_perm1731,complete_coloring,strong_symmetry,large,main,strong,72,549,10.0,5.0,iter=80,0.502866,0.502866,47177.0,43763.0,True,0.782785,0.782785,47579.0,44103.0,True,0.757825,1.011083228302002,47579.0,44103.0,True,0.757825,1.0170109081389904,47579.0,44103.0,True,0.40285,0.738070692456007,36801.0,34234.0,True,True,True,0.005044,1.0,7.0,109.56788635253906,72,0.6931471824645996,True,0.0760347843170166,-0.354975,-0.2789402156829834,-0.100016,0.2352046924560069,-10778.0,-9869.0,0.2799189999999999,-0.0249599999999999,True,True,False,True,False,False
1,80.0,/home/sunshixin/chenchao/my_rlaf/runs/analysis/echosat_symmetry_grpo_v1_7_acceptance_iter=80_canonical_low_warmup_wc1_per_instance.csv,2,php_p10_h9,base,php_p10_h9,php,strong_symmetry,large,main,strong,90,775,10.0,5.0,iter=80,4.00691,4.00691,340861.0,314066.0,True,5.62433,5.62433,322229.0,299168.0,True,4.38164,4.634898228302002,321840.0,298649.0,True,4.38164,4.642696211302936,321840.0,298649.0,True,2.91,3.2470909956199527,217726.0,202143.0,True,True,True,0.006881,1.0,8.0,136.93209838867188,90,0.6931471824645996,True,0.0760347843170166,-1.4716399999999998,-1.3956052156829832,-1.0969100000000005,-0.7598190043800477,-104114.0,-96506.0,1.6174199999999992,-1.2426899999999996,True,True,True,True,False,False
1,80.0,/home/sunshixin/chenchao/my_rlaf/runs/analysis/echosat_symmetry_grpo_v1_7_acceptance_iter=80_canonical_low_warmup_wc1_per_instance.csv,2,php_p10_h9,perm_seed1730,php_p10_h9_perm1730,php,strong_symmetry,large,main,strong,90,775,10.0,5.0,iter=80,4.70888,4.70888,413643.0,382655.0,True,5.72495,5.72495,283792.0,262594.0,True,4.07911,4.332368228302002,247778.0,229737.0,True,4.07911,4.336687813929558,247778.0,229737.0,True,4.30177,4.635382598246575,298490.0,278650.0,True,True,True,0.003394,1.0,8.0,136.98228454589844,90,0.6931471824645996,True,0.0760347843170166,0.2226600000000003,0.2986947843170169,-0.4071099999999994,-0.0734974017534249,50712.0,48913.0,1.01607,-1.6458399999999995,False,True,True,False,True,False
1,80.0,/home/sunshixin/chenchao/my_rlaf/runs/analysis/echosat_symmetry_grpo_v1_7_acceptance_iter=80_canonical_low_warmup_wc1_per_instance.csv,2,php_p10_h9,perm_seed1731,php_p10_h9_perm1731,php,strong_symmetry,large,main,strong,90,775,10.0,5.0,iter=80,4.0105,4.0105,340033.0,312592.0,True,4.53751,4.53751,290369.0,269757.0,True,3.83937,4.092628228302003,290369.0,269757.0,True,3.83937,4.097063065609515,290369.0,269757.0,True,4.79296,5.126687849926531,356144.0,332389.0,True,True,True,0.003388,1.0,8.0,137.00555419921875,90,0.6931471824645996,True,0.0760347843170166,0.9535899999999996,1.0296247843170168,0.7824599999999995,1.116187849926531,65775.0,62632.0,0.5270099999999998,-0.69814,False,False,False,False,True,False
1,80.0,/home/sunshixin/chenchao/my_rlaf/runs/analysis/echosat_symmetry_grpo_v1_7_acceptance_iter=80_canonical_low_warmup_wc1_per_instance.csv,2,php_p9_h8,base,php_p9_h8,php,strong_symmetry,large,main,strong,72,549,10.0,5.0,iter=80,0.618233,0.618233,46557.0,43529.0,True,0.64572,0.64572,44352.0,41138.0,True,0.577115,0.830373228302002,43519.0,40436.0,True,0.577115,0.8341614311383962,43519.0,40436.0,True,0.536902,0.8699832154554128,39397.0,36642.0,True,True,True,0.002743,1.0,7.0,109.32144165039062,72,0.6931471824645996,True,0.0760347843170166,-0.040213,0.0358217843170165,-0.081331,0.2517502154554127,-4122.0,-3794.0,0.0274869999999999,-0.0686049999999999,True,True,False,True,False,False
1,80.0,/home/sunshixin/chenchao/my_rlaf/runs/analysis/echosat_symmetry_grpo_v1_7_acceptance_iter=80_canonical_low_warmup_wc1_per_instance.csv,2,php_p9_h8,perm_seed1730,php_p9_h8_perm1730,php,strong_symmetry,large,main,strong,72,549,10.0,5.0,iter=80,0.426869,0.426869,39708.0,36681.0,True,0.648333,0.648333,45794.0,42555.0,True,0.623813,0.8770712283020019,45794.0,42555.0,True,0.623813,0.8814552183223963,45794.0,42555.0,True,0.470889,0.8045660026394128,44234.0,40845.0,True,True,True,0.003279,1.0,7.0,109.58531951904295,72,0.6931471824645996,True,0.0760347843170166,-0.1529239999999999,-0.0768892156829834,0.04402,0.3776970026394128,-1560.0,-1710.0,0.221464,-0.02452,True,False,False,True,False,False
1,80.0,/home/sunshixin/chenchao/my_rlaf/runs/analysis/echosat_symmetry_grpo_v1_7_acceptance_iter=80_canonical_low_warmup_wc1_per_instance.csv,2,php_p9_h8,perm_seed1731,php_p9_h8_perm1731,php,strong_symmetry,large,main,strong,72,549,10.0,5.0,iter=80,0.567727,0.567727,47177.0,43763.0,True,0.790632,0.790632,47579.0,44103.0,True,0.637275,0.890533228302002,47579.0,44103.0,True,0.637275,0.8977847565802932,47579.0,44103.0,True,0.408226,0.7447705408973098,36219.0,33463.0,True,True,True,0.006305,1.0,7.0,109.56788635253906,72,0.6931471824645996,True,0.0760347843170166,-0.229049,-0.1530142156829834,-0.159501,0.1770435408973097,-11360.0,-10640.0,0.222905,-0.1533569999999999,True,True,False,True,False,False
1,80.0,/home/sunshixin/chenchao/my_rlaf/runs/analysis/echosat_symmetry_grpo_v1_7_acceptance_iter=80_canonical_low_warmup_wc1_per_instance.csv,2,random_3sat_control_v160_c704_seed2615,base,random_3sat_control_v160_c704_seed2615,random_3sat_control,non_symmetric_control,large,control,none,160,704,10.0,5.0,iter=80,0.057003,0.057003,6771.0,5767.0,True,0.057158,0.057158,5702.0,4813.0,True,0.045585,0.2988432283020019,4859.0,4212.0,True,0.045585,0.3046779204306602,4859.0,4212.0,True,0.057524,0.3926517047476768,5471.0,4688.0,True,False,False,0.004621,1.0,20.0,250.25311279296875,160,0.6931471824645996,True,0.0760347843170166,0.0119389999999999,0.0879737843170165,0.000521,0.3356487047476768,612.0,476.0,0.000155,-0.011573,False,False,False,False,True,True
1,80.0,/home/sunshixin/chenchao/my_rlaf/runs/analysis/echosat_symmetry_grpo_v1_7_acceptance_iter=80_canonical_low_warmup_wc1_per_instance.csv,2,random_3sat_control_v160_c704_seed2615,perm_seed1730,random_3sat_control_v160_c704_seed2615_perm1730,random_3sat_control,non_symmetric_control,large,control,none,160,704,10.0,5.0,iter=80,0.094392,0.094392,8522.0,7299.0,True,0.088851,0.088851,7934.0,6809.0,True,0.050536,0.1698723666534423,4602.0,4008.0,True,0.050536,0.1723122843545675,4602.0,4008.0,True,0.05238,0.2410775184854269,5473.0,4688.0,True,False,False,0.001109,1.0,20.0,250.9976043701172,160,0.6931471824645996,True,0.0669212341308593,0.001844,0.0687652341308594,-0.042012,0.1466855184854269,871.0,680.0,-0.005541,-0.038315,False,True,False,False,True,True
1,80.0,/home/sunshixin/chenchao/my_rlaf/runs/analysis/echosat_symmetry_grpo_v1_7_acceptance_iter=80_canonical_low_warmup_wc1_per_instance.csv,2,random_3sat_control_v160_c704_seed2615,perm_seed1731,random_3sat_control_v160_c704_seed2615_perm1731,random_3sat_control,non_symmetric_control,large,control,none,160,704,10.0,5.0,iter=80,0.042149,0.042149,5676.0,4847.0,True,0.108811,0.108811,8017.0,6851.0,True,0.056434,0.1757703666534423,4961.0,4384.0,True,0.056434,0.180947812779963,4961.0,4384.0,True,0.0561,0.2475350469108224,5559.0,4673.0,True,False,False,0.003798,1.0,20.0,250.14382934570312,160,0.6931471824645996,True,0.0669212341308593,-0.000334,0.0665872341308594,0.0139509999999999,0.2053860469108224,598.0,289.0,0.066662,-0.052377,True,False,False,False,True,True
1,80.0,/home/sunshixin/chenchao/my_rlaf/runs/analysis/echosat_symmetry_grpo_v1_7_acceptance_iter=80_canonical_low_warmup_wc1_per_instance.csv,2,random_3sat_control_v180_c760_seed3301,base,random_3sat_control_v180_c760_seed3301,random_3sat_control,non_symmetric_control,large,control,none,180,760,10.0,5.0,iter=80,0.464724,0.464724,27442.0,23617.0,True,0.168772,0.168772,10470.0,8910.0,True,0.013813,0.1331493666534423,693.0,567.0,True,0.013813,0.1393438710236549,693.0,567.0,True,0.656814,0.8492661051545143,41817.0,36891.0,True,False,False,0.004902,1.0,25.0,290.802978515625,180,0.6931471824645996,True,0.0669212341308593,0.643001,0.7099222341308594,0.1920899999999999,0.3845421051545142,41124.0,36324.0,-0.295952,-0.154959,False,False,False,False,True,True
1,80.0,/home/sunshixin/chenchao/my_rlaf/runs/analysis/echosat_symmetry_grpo_v1_7_acceptance_iter=80_canonical_low_warmup_wc1_per_instance.csv,2,random_3sat_control_v180_c760_seed3301,perm_seed1730,random_3sat_control_v180_c760_seed3301_perm1730,random_3sat_control,non_symmetric_control,large,control,none,180,760,10.0,5.0,iter=80,1.05738,1.05738,47649.0,41152.0,True,0.095252,0.095252,7421.0,6253.0,True,0.014337,0.1336733666534423,643.0,525.0,True,0.014337,0.1391450890685319,643.0,525.0,True,0.538181,0.7299103231993914,33548.0,29357.0,True,False,False,0.004225,1.0,25.0,292.0396728515625,180,0.6931471824645996,True,0.0669212341308593,0.523844,0.5907652341308596,-0.519199,-0.3274696768006085,32905.0,28832.0,-0.962128,-0.080915,False,True,True,False,True,True
1,80.0,/home/sunshixin/chenchao/my_rlaf/runs/analysis/echosat_symmetry_grpo_v1_7_acceptance_iter=80_canonical_low_warmup_wc1_per_instance.csv,2,random_3sat_control_v180_c760_seed3301,perm_seed1731,random_3sat_control_v180_c760_seed3301_perm1731,random_3sat_control,non_symmetric_control,large,control,none,180,760,10.0,5.0,iter=80,0.474811,0.474811,27197.0,23469.0,True,0.137265,0.137265,9011.0,7714.0,True,0.007447,0.1267833666534424,590.0,484.0,True,0.007447,0.1330201639767289,590.0,484.0,True,0.703741,0.8962353981075882,43169.0,38129.0,True,False,False,0.004876,1.0,25.0,291.0475769042969,180,0.6931471824645996,True,0.0669212341308593,0.696294,0.7632152341308593,0.2289299999999999,0.4214243981075882,42579.0,37645.0,-0.337546,-0.129818,False,False,False,False,True,True
1,80.0,/home/sunshixin/chenchao/my_rlaf/runs/analysis/echosat_symmetry_grpo_v1_7_acceptance_iter=80_canonical_low_warmup_wc1_per_instance.csv,2,random_3sat_control_v220_c928_seed3303,base,random_3sat_control_v220_c928_seed3303,random_3sat_control,non_symmetric_control,large,control,none,220,928,10.0,5.0,iter=80,0.72318,0.72318,30277.0,25994.0,True,0.446762,0.446762,22265.0,19025.0,True,0.00648,0.1258163666534423,62.0,4.0,True,0.00648,0.1286957759069204,62.0,4.0,True,0.005579,0.1947160100377798,673.0,525.0,True,False,False,0.001603,1.0,28.0,332.48345947265625,220,0.6931471824645996,True,0.0669212341308593,-0.0009009999999999,0.0660202341308593,-0.717601,-0.5284639899622202,611.0,521.0,-0.276418,-0.440282,True,True,True,False,True,True
1,80.0,/home/sunshixin/chenchao/my_rlaf/runs/analysis/echosat_symmetry_grpo_v1_7_acceptance_iter=80_canonical_low_warmup_wc1_per_instance.csv,2,random_3sat_control_v220_c928_seed3303,perm_seed1730,random_3sat_control_v220_c928_seed3303_perm1730,random_3sat_control,non_symmetric_control,large,control,none,220,928,10.0,5.0,iter=80,1.46775,1.46775,52742.0,45477.0,True,0.200672,0.200672,13039.0,11071.0,True,0.000477,0.1198133666534423,62.0,4.0,True,0.000477,0.1271116403362155,62.0,4.0,True,0.010383,0.2039388744670748,668.0,531.0,True,False,False,0.005908,1.0,28.0,330.46795654296875,220,0.6931471824645996,True,0.0669212341308593,0.009906,0.0768272341308592,-1.457367,-1.2638111255329254,606.0,527.0,-1.267078,-0.2001949999999999,False,True,True,False,True,True
1,80.0,/home/sunshixin/chenchao/my_rlaf/runs/analysis/echosat_symmetry_grpo_v1_7_acceptance_iter=80_canonical_low_warmup_wc1_per_instance.csv,2,random_3sat_control_v220_c928_seed3303,perm_seed1731,random_3sat_control_v220_c928_seed3303_perm1731,random_3sat_control,non_symmetric_control,large,control,none,220,928,10.0,5.0,iter=80,0.061313,0.061313,4930.0,4147.0,True,0.451704,0.451704,19684.0,16814.0,True,0.007383,0.1267193666534423,63.0,4.0,True,0.007383,0.1335327843321561,63.0,4.0,True,0.011678,0.2047490184630155,822.0,632.0,True,False,False,0.005409,1.0,28.0,331.7943725585937,220,0.6931471824645996,True,0.0669212341308593,0.0042949999999999,0.0712162341308594,-0.049635,0.1434360184630154,759.0,628.0,0.390391,-0.444321,False,True,False,False,True,True
1,80.0,/home/sunshixin/chenchao/my_rlaf/runs/analysis/echosat_symmetry_grpo_v1_7_acceptance_iter=80_canonical_low_warmup_wc1_per_instance.csv,2,random_3sat_control_v220_c942_seed3304,base,random_3sat_control_v220_c942_seed3304,random_3sat_control,non_symmetric_control,large,control,none,220,942,10.0,5.0,iter=80,0.651107,0.651107,35472.0,30813.0,True,0.972768,0.972768,41376.0,36046.0,True,0.411496,0.5894091889343261,26754.0,23980.0,True,0.411496,0.594011285293877,26754.0,23980.0,True,0.706757,0.9841910131686328,40303.0,36145.0,True,False,False,0.003322,1.0,24.0,322.4337158203125,220,0.6931471824645996,True,0.0949187278747558,0.295261,0.3901797278747557,0.0556499999999999,0.3330840131686328,13549.0,12165.0,0.321661,-0.561272,False,False,False,False,True,True
1,80.0,/home/sunshixin/chenchao/my_rlaf/runs/analysis/echosat_symmetry_grpo_v1_7_acceptance_iter=80_canonical_low_warmup_wc1_per_instance.csv,2,random_3sat_control_v220_c942_seed3304,perm_seed1730,random_3sat_control_v220_c942_seed3304_perm1730,random_3sat_control,non_symmetric_control,large,control,none,220,942,10.0,5.0,iter=80,0.657991,0.657991,34825.0,30052.0,True,0.653563,0.653563,33221.0,28818.0,True,0.404434,0.5823471889343261,26445.0,23804.0,True,0.404434,0.589287554205656,26445.0,23804.0,True,0.7538,1.033572282080412,39714.0,35415.0,True,False,False,0.005661,1.0,24.0,324.02960205078125,220,0.6931471824645996,True,0.0949187278747558,0.349366,0.444284727874756,0.095809,0.3755812820804121,13269.0,11611.0,-0.0044279999999999,-0.249129,False,False,False,False,True,True
1,80.0,/home/sunshixin/chenchao/my_rlaf/runs/analysis/echosat_symmetry_grpo_v1_7_acceptance_iter=80_canonical_low_warmup_wc1_per_instance.csv,2,random_3sat_control_v220_c942_seed3304,perm_seed1731,random_3sat_control_v220_c942_seed3304_perm1731,random_3sat_control,non_symmetric_control,large,control,none,220,942,10.0,5.0,iter=80,0.716433,0.716433,38737.0,33758.0,True,0.833851,0.833851,38909.0,33544.0,True,0.393896,0.5718091889343262,26149.0,23448.0,True,0.393896,0.5756576333232523,26149.0,23448.0,True,0.765942,1.042622361198008,40803.0,36445.0,True,False,False,0.002422,1.0,24.0,324.64569091796875,220,0.6931471824645996,True,0.0949187278747558,0.372046,0.4669647278747558,0.049509,0.3261893611980081,14654.0,12997.0,0.117418,-0.439955,False,False,False,False,True,True
1,80.0,/home/sunshixin/chenchao/my_rlaf/runs/analysis/echosat_symmetry_grpo_v1_7_acceptance_iter=80_canonical_low_warmup_wc1_per_instance.csv,2,random_3sat_control_v260_c1097_seed3305,base,random_3sat_control_v260_c1097_seed3305,random_3sat_control,non_symmetric_control,large,control,none,260,1097,10.0,5.0,iter=80,6.58921,6.58921,216854.0,188499.0,True,2.33349,2.33349,73626.0,64181.0,True,1.46346,1.6413731889343262,60642.0,54350.0,True,1.46346,1.649388828277469,60642.0,54350.0,True,1.88368,2.1645275561522244,80287.0,71600.0,True,False,False,0.006518,1.0,35.0,390.6428833007813,260,0.6931471824645996,True,0.0949187278747558,0.42022,0.5151387278747555,-4.70553,-4.424682443847775,19645.0,17250.0,-4.25572,-0.8700299999999999,False,True,True,False,True,True
1,80.0,/home/sunshixin/chenchao/my_rlaf/runs/analysis/echosat_symmetry_grpo_v1_7_acceptance_iter=80_canonical_low_warmup_wc1_per_instance.csv,2,random_3sat_control_v260_c1097_seed3305,perm_seed1730,random_3sat_control_v260_c1097_seed3305_perm1730,random_3sat_control,non_symmetric_control,large,control,none,260,1097,10.0,5.0,iter=80,7.13158,7.13158,224505.0,195557.0,True,0.664152,0.664152,27246.0,23387.0,True,1.49287,1.670783188934326,60686.0,54724.0,True,1.49287,1.6815509511511326,60686.0,54724.0,True,1.44885,1.7324496790258883,69741.0,62000.0,True,False,False,0.009278,1.0,35.0,390.0680847167969,260,0.6931471824645996,True,0.0949187278747558,-0.0440199999999999,0.0508987278747556,-5.682729999999999,-5.399130320974111,9055.0,7276.0,-6.467428,0.828718,True,True,True,False,True,True
1,80.0,/home/sunshixin/chenchao/my_rlaf/runs/analysis/echosat_symmetry_grpo_v1_7_acceptance_iter=80_canonical_low_warmup_wc1_per_instance.csv,2,random_3sat_control_v260_c1097_seed3305,perm_seed1731,random_3sat_control_v260_c1097_seed3305_perm1731,random_3sat_control,non_symmetric_control,large,control,none,260,1097,10.0,5.0,iter=80,3.89726,3.89726,105916.0,92052.0,True,6.13004,6.13004,162997.0,142194.0,True,1.10085,1.2787631889343265,48534.0,43247.0,True,1.10085,1.28649272379303,48534.0,43247.0,True,1.75608,2.0366414516677858,80122.0,71235.0,True,False,False,0.006194,1.0,35.0,389.6698913574219,260,0.6931471824645996,True,0.0949187278747558,0.65523,0.7501487278747558,-2.1411800000000003,-1.8606185483322144,31588.0,27988.0,2.23278,-5.02919,False,True,True,False,True,True
1,80.0,/home/sunshixin/chenchao/my_rlaf/runs/analysis/echosat_symmetry_grpo_v1_7_acceptance_iter=80_canonical_low_warmup_wc1_per_instance.csv,2,random_3sat_control_v260_c1113_seed3306,base,random_3sat_control_v260_c1113_seed3306,random_3sat_control,non_symmetric_control,large,control,none,260,1113,10.0,5.0,iter=80,5.41514,5.41514,178146.0,155541.0,True,6.37128,6.37128,186876.0,163308.0,True,6.18466,6.362573188934326,226200.0,205404.0,True,6.18466,6.367222968086541,226200.0,205404.0,True,6.52342,6.800901695961296,262785.0,231853.0,True,False,False,0.002954,1.0,33.0,397.6284790039063,260,0.6931471824645996,True,0.0949187278747558,0.3387599999999997,0.4336787278747556,1.1082799999999997,1.3857616959612962,36585.0,26449.0,0.9561399999999995,-0.1866199999999995,False,False,False,False,True,True
1,80.0,/home/sunshixin/chenchao/my_rlaf/runs/analysis/echosat_symmetry_grpo_v1_7_acceptance_iter=80_canonical_low_warmup_wc1_per_instance.csv,2,random_3sat_control_v260_c1113_seed3306,perm_seed1730,random_3sat_control_v260_c1113_seed3306_perm1730,random_3sat_control,non_symmetric_control,large,control,none,260,1113,10.0,5.0,iter=80,5.06369,5.06369,171334.0,149746.0,True,6.7313,6.7313,206936.0,180741.0,True,5.66956,5.847473188934326,206101.0,186162.0,True,5.66956,5.851597594752729,206101.0,186162.0,True,6.2516,6.528556322627485,254223.0,224105.0,True,False,False,0.002657,1.0,33.0,396.3316650390625,260,0.6931471824645996,True,0.0949187278747558,0.5820400000000001,0.676958727874756,1.1879099999999996,1.4648663226274845,48122.0,37943.0,1.6676099999999998,-1.0617400000000004,False,False,False,False,True,True
1,80.0,/home/sunshixin/chenchao/my_rlaf/runs/analysis/echosat_symmetry_grpo_v1_7_acceptance_iter=80_canonical_low_warmup_wc1_per_instance.csv,2,random_3sat_control_v260_c1113_seed3306,perm_seed1731,random_3sat_control_v260_c1113_seed3306_perm1731,random_3sat_control,non_symmetric_control,large,control,none,260,1113,10.0,5.0,iter=80,6.27136,6.27136,202621.0,177648.0,True,6.34021,6.34021,214985.0,187707.0,True,6.12859,6.259733808364868,217745.0,196903.0,True,6.12859,6.269086974485457,217745.0,196903.0,True,6.38398,6.576098173139632,255321.0,225161.0,True,False,False,0.008054,1.0,33.0,397.0461730957031,260,0.6931471824645996,True,0.0516211986541748,0.2553900000000002,0.307011198654175,0.1126200000000006,0.3047381731396328,37576.0,28258.0,0.0688500000000003,-0.2116199999999999,False,False,False,False,True,True
1,80.0,/home/sunshixin/chenchao/my_rlaf/runs/analysis/echosat_symmetry_grpo_v1_7_acceptance_iter=80_canonical_low_warmup_wc1_per_instance.csv,2,random_3sat_control_v300_c1266_seed3307,base,random_3sat_control_v300_c1266_seed3307,random_3sat_control,non_symmetric_control,large,control,none,300,1266,10.0,5.0,iter=80,0.230917,0.230917,12894.0,10895.0,True,2.51026,2.51026,71356.0,61376.0,True,0.010112,0.1412558083648681,288.0,182.0,True,0.010112,0.146005199258089,288.0,182.0,True,0.036976,0.2244903979122638,2565.0,2058.0,True,False,False,0.003224,1.0,46.0,466.681884765625,300,0.6931471824645996,True,0.0516211986541748,0.026864,0.0784851986541748,-0.193941,-0.0064266020877362,2277.0,1876.0,2.2793430000000003,-2.5001480000000003,False,True,True,False,True,True
1,80.0,/home/sunshixin/chenchao/my_rlaf/runs/analysis/echosat_symmetry_grpo_v1_7_acceptance_iter=80_canonical_low_warmup_wc1_per_instance.csv,2,random_3sat_control_v300_c1266_seed3307,perm_seed1730,random_3sat_control_v300_c1266_seed3307_perm1730,random_3sat_control,non_symmetric_control,large,control,none,300,1266,10.0,5.0,iter=80,1.28539,1.28539,43103.0,37339.0,True,1.86753,1.86753,63498.0,54506.0,True,0.008733,0.1398768083648681,321.0,205.0,True,0.008733,0.1455295554160475,321.0,205.0,True,0.053989,0.2424067540702223,2937.0,2391.0,True,False,False,0.004106,1.0,46.0,465.9733581542969,300,0.6931471824645996,True,0.0516211986541748,0.045256,0.0968771986541748,-1.231401,-1.0429832459297776,2616.0,2186.0,0.5821399999999999,-1.858797,False,True,True,False,True,True
1,80.0,/home/sunshixin/chenchao/my_rlaf/runs/analysis/echosat_symmetry_grpo_v1_7_acceptance_iter=80_canonical_low_warmup_wc1_per_instance.csv,2,random_3sat_control_v300_c1266_seed3307,perm_seed1731,random_3sat_control_v300_c1266_seed3307_perm1731,random_3sat_control,non_symmetric_control,large,control,none,300,1266,10.0,5.0,iter=80,2.01192,2.01192,66962.0,57424.0,True,0.123949,0.123949,7524.0,6304.0,True,0.009067,0.1402108083648681,375.0,247.0,True,0.009067,0.1520497857268452,375.0,247.0,True,0.04862,0.24322398438102,3076.0,2480.0,True,False,False,0.010256,1.0,46.0,465.2885437011719,300,0.6931471824645996,True,0.0516211986541748,0.039553,0.0911741986541748,-1.9633,-1.76869601561898,2701.0,2233.0,-1.887971,-0.114882,False,True,True,False,True,True
1,80.0,/home/sunshixin/chenchao/my_rlaf/runs/analysis/echosat_symmetry_grpo_v1_7_acceptance_iter=80_canonical_low_warmup_wc1_per_instance.csv,2,subset_cardinality_bw10,base,subset_cardinality_bw10,subset_cardinality,weak_symmetry,large,main,weak,41,92,10.0,5.0,iter=80,0.001655,0.001655,193.0,141.0,True,0.001982,0.001982,237.0,193.0,True,0.00174,0.1328838083648681,162.0,142.0,True,0.00174,0.134551850795865,162.0,142.0,True,0.000603,0.1850360494500398,179.0,151.0,True,True,True,0.000407,1.0,5.0,62.83808517456055,41,0.6931471824645996,True,0.0516211986541748,-0.001137,0.0504841986541747,-0.001052,0.1833810494500398,17.0,9.0,0.0003269999999999,-0.0002419999999999,True,True,False,False,True,False
1,80.0,/home/sunshixin/chenchao/my_rlaf/runs/analysis/echosat_symmetry_grpo_v1_7_acceptance_iter=80_canonical_low_warmup_wc1_per_instance.csv,2,subset_cardinality_bw10,perm_seed1730,subset_cardinality_bw10_perm1730,subset_cardinality,weak_symmetry,large,main,weak,41,92,10.0,5.0,iter=80,0.001295,0.001295,218.0,167.0,True,0.001692,0.001692,221.0,169.0,True,0.001447,0.1325908083648681,156.0,137.0,True,0.001447,0.1349715827111602,156.0,137.0,True,0.003637,0.188782781365335,181.0,158.0,True,True,True,0.001255,1.0,6.0,62.92706298828125,41,0.6931471824645996,True,0.0516211986541748,0.00219,0.0538111986541748,0.002342,0.187487781365335,25.0,21.0,0.000397,-0.000245,False,False,False,False,True,False
1,80.0,/home/sunshixin/chenchao/my_rlaf/runs/analysis/echosat_symmetry_grpo_v1_7_acceptance_iter=80_canonical_low_warmup_wc1_per_instance.csv,2,subset_cardinality_bw10,perm_seed1731,subset_cardinality_bw10_perm1731,subset_cardinality,weak_symmetry,large,main,weak,41,92,10.0,5.0,iter=80,0.000295,0.000295,202.0,147.0,True,0.001799,0.001799,247.0,155.0,True,0.001519,0.1326628083648681,203.0,164.0,True,0.001519,0.1350068039266467,203.0,164.0,True,0.002483,0.1875920025808215,175.0,147.0,True,True,True,0.001398,1.0,7.0,62.392337799072266,41,0.6931471824645996,True,0.0516211986541748,0.000964,0.0525851986541748,0.002188,0.1872970025808215,-28.0,-17.0,0.001504,-0.00028,False,False,False,True,False,False
1,80.0,/home/sunshixin/chenchao/my_rlaf/runs/analysis/echosat_symmetry_grpo_v1_7_acceptance_iter=80_canonical_low_warmup_wc1_per_instance.csv,2,subset_cardinality_bw12,base,subset_cardinality_bw12,subset_cardinality,weak_symmetry,large,main,weak,49,108,10.0,5.0,iter=80,0.001828,0.001828,442.0,342.0,True,0.0,0.0,491.0,414.0,True,0.002067,0.1332108083648681,384.0,312.0,True,0.002067,0.1365992974379659,384.0,312.0,True,0.002703,0.1888564960921407,390.0,307.0,True,True,True,0.002148,1.0,9.0,75.44426727294922,49,0.6931471824645996,True,0.0516211986541748,0.000636,0.0522571986541748,0.000875,0.1870284960921407,6.0,-5.0,-0.001828,0.002067,False,False,False,False,True,False
1,80.0,/home/sunshixin/chenchao/my_rlaf/runs/analysis/echosat_symmetry_grpo_v1_7_acceptance_iter=80_canonical_low_warmup_wc1_per_instance.csv,2,subset_cardinality_bw12,perm_seed1730,subset_cardinality_bw12_perm1730,subset_cardinality,weak_symmetry,large,main,weak,49,108,10.0,5.0,iter=80,0.001799,0.001799,440.0,329.0,True,0.002889,0.002889,397.0,314.0,True,0.001968,0.0421462989501953,343.0,268.0,True,0.001968,0.044806167414546,343.0,268.0,True,0.002782,0.0754527689617872,332.0,273.0,True,True,True,0.001588,1.0,7.0,73.95069122314453,49,0.6931471824645996,True,0.0298326015472412,0.000814,0.0306466015472411,0.000983,0.0736537689617872,-11.0,5.0,0.00109,-0.0009209999999999,False,False,False,False,True,False
1,80.0,/home/sunshixin/chenchao/my_rlaf/runs/analysis/echosat_symmetry_grpo_v1_7_acceptance_iter=80_canonical_low_warmup_wc1_per_instance.csv,2,subset_cardinality_bw12,perm_seed1731,subset_cardinality_bw12_perm1731,subset_cardinality,weak_symmetry,large,main,weak,49,108,10.0,5.0,iter=80,0.001736,0.001736,393.0,297.0,True,0.003197,0.003197,439.0,311.0,True,0.001992,0.0421702989501953,363.0,285.0,True,0.001992,0.0444869708351492,363.0,285.0,True,0.000565,0.0728925723823905,371.0,306.0,True,True,True,0.000765,1.0,7.0,75.07693481445312,49,0.6931471824645996,True,0.0298326015472412,-0.0014269999999999,0.0284056015472412,-0.001171,0.0711565723823905,8.0,21.0,0.001461,-0.001205,True,True,False,False,True,False
1,80.0,/home/sunshixin/chenchao/my_rlaf/runs/analysis/echosat_symmetry_grpo_v1_7_acceptance_iter=80_canonical_low_warmup_wc1_per_instance.csv,2,subset_cardinality_bw8,base,subset_cardinality_bw8,subset_cardinality,weak_symmetry,medium,main,weak,33,76,10.0,5.0,iter=80,0.000907,0.000907,89.0,67.0,True,0.001809,0.001809,106.0,76.0,True,0.001148,0.0413262989501953,84.0,69.0,True,0.001148,0.0451857835818529,84.0,69.0,True,0.0016,0.0754703851290941,97.0,83.0,True,True,True,0.001704,1.0,12.0,54.99262619018555,33,0.6931471824645996,True,0.0298326015472412,0.000452,0.0302846015472411,0.000693,0.074563385129094,13.0,14.0,0.000902,-0.000661,False,False,False,False,True,False
1,80.0,/home/sunshixin/chenchao/my_rlaf/runs/analysis/echosat_symmetry_grpo_v1_7_acceptance_iter=80_canonical_low_warmup_wc1_per_instance.csv,2,subset_cardinality_bw8,perm_seed1730,subset_cardinality_bw8_perm1730,subset_cardinality,weak_symmetry,medium,main,weak,33,76,10.0,5.0,iter=80,0.0,0.0,110.0,76.0,True,0.000415,0.000415,127.0,80.0,True,0.001144,0.0413222989501953,100.0,79.0,True,0.001144,0.044784827376306,100.0,79.0,True,0.0,0.0734734289235472,101.0,83.0,True,True,True,0.001671,1.0,5.0,49.16338348388672,33,0.6931471824645996,True,0.0298326015472412,-0.001144,0.0286886015472412,0.0,0.0734734289235472,1.0,4.0,0.000415,0.000729,True,False,False,False,True,False
1,80.0,/home/sunshixin/chenchao/my_rlaf/runs/analysis/echosat_symmetry_grpo_v1_7_acceptance_iter=80_canonical_low_warmup_wc1_per_instance.csv,2,subset_cardinality_bw8,perm_seed1731,subset_cardinality_bw8_perm1731,subset_cardinality,weak_symmetry,medium,main,weak,33,76,10.0,5.0,iter=80,0.000911,0.000911,91.0,70.0,True,0.001654,0.001654,102.0,79.0,True,0.001193,0.0413712989501953,81.0,70.0,True,0.001193,0.0437506095297932,81.0,70.0,True,0.0,0.0723902110770344,92.0,76.0,True,True,True,0.001525,1.0,11.0,55.44180679321289,33,0.6931471824645996,True,0.0298326015472412,-0.001193,0.0286396015472412,-0.000911,0.0714792110770344,11.0,6.0,0.000743,-0.000461,True,True,False,False,True,False
3,80.0,/home/sunshixin/chenchao/my_rlaf/runs/analysis/echosat_symmetry_grpo_v1_7_acceptance_iter=80_canonical_low_warmup_wc3_per_instance.csv,0,k10_color9,base,k10_color9,complete_coloring,strong_symmetry,large,main,strong,90,775,10.0,5.0,iter=80,4.38706,4.38706,340861.0,314066.0,True,4.4725,4.4725,322229.0,299168.0,True,4.2847,5.106331908416748,321840.0,298649.0,True,4.2847,5.117705660815656,321840.0,298649.0,True,3.78047,4.672216038241804,340002.0,317794.0,True,True,True,0.009247,3.0,9.0,195.45620727539065,90,1.0986123085021973,True,0.0587403774261474,-0.5042299999999997,-0.4454896225738523,-0.6065899999999997,0.2851560382418041,18162.0,19145.0,0.0854400000000001,-0.1878000000000002,True,True,False,False,True,False
3,80.0,/home/sunshixin/chenchao/my_rlaf/runs/analysis/echosat_symmetry_grpo_v1_7_acceptance_iter=80_canonical_low_warmup_wc3_per_instance.csv,0,k10_color9,perm_seed1730,k10_color9_perm1730,complete_coloring,strong_symmetry,large,main,strong,90,775,10.0,5.0,iter=80,4.85132,4.85132,413643.0,382655.0,True,4.42056,4.42056,283792.0,262594.0,True,3.93674,4.758371908416748,247778.0,229737.0,True,3.93674,4.763271070366323,247778.0,229737.0,True,3.68168,4.56695144779247,333128.0,310050.0,True,True,True,0.003842,3.0,9.0,194.30953979492188,90,1.0986123085021973,True,0.0587403774261474,-0.2550599999999998,-0.1963196225738528,-1.1696400000000002,-0.2843685522075301,85350.0,80313.0,-0.4307600000000002,-0.4838200000000001,True,True,True,False,True,False
3,80.0,/home/sunshixin/chenchao/my_rlaf/runs/analysis/echosat_symmetry_grpo_v1_7_acceptance_iter=80_canonical_low_warmup_wc3_per_instance.csv,0,k10_color9,perm_seed1731,k10_color9_perm1731,complete_coloring,strong_symmetry,large,main,strong,90,775,10.0,5.0,iter=80,3.82531,3.82531,340033.0,312592.0,True,3.92942,3.92942,290369.0,269757.0,True,4.94238,5.764011908416748,290369.0,269757.0,True,4.94238,5.771165672204256,290369.0,269757.0,True,4.16733,5.054856049630403,331745.0,312573.0,True,True,True,0.006161,3.0,9.0,193.47189331054688,90,1.0986123085021973,True,0.0587403774261474,-0.7750500000000002,-0.7163096225738528,0.3420199999999997,1.229546049630403,41376.0,42816.0,0.1041099999999999,1.01296,True,False,False,False,True,False
3,80.0,/home/sunshixin/chenchao/my_rlaf/runs/analysis/echosat_symmetry_grpo_v1_7_acceptance_iter=80_canonical_low_warmup_wc3_per_instance.csv,0,k8_color7,base,k8_color7,complete_coloring,strong_symmetry,large,main,strong,56,372,10.0,5.0,iter=80,0.05364,0.05364,6158.0,5600.0,True,0.042059,0.042059,5946.0,5440.0,True,0.042097,0.8637289084167481,5946.0,5440.0,True,0.042097,0.8656790513919592,5946.0,5440.0,True,0.030839,0.9131614288181066,5490.0,5053.0,True,True,True,0.001061,3.0,7.0,125.01708984375,56,1.0986123085021973,True,0.0587403774261474,-0.011258,0.0474823774261473,-0.022801,0.8595214288181066,-456.0,-387.0,-0.011581,3.800000000000331e-05,True,True,False,True,False,False
3,80.0,/home/sunshixin/chenchao/my_rlaf/runs/analysis/echosat_symmetry_grpo_v1_7_acceptance_iter=80_canonical_low_warmup_wc3_per_instance.csv,0,k8_color7,perm_seed1730,k8_color7_perm1730,complete_coloring,strong_symmetry,large,main,strong,56,372,10.0,5.0,iter=80,0.047086,0.047086,6138.0,5624.0,True,0.04719,0.04719,6264.0,5696.0,True,0.048483,0.8701149084167481,6264.0,5696.0,True,0.048483,0.8716849596142173,6264.0,5696.0,True,0.030142,0.9120843370403648,5686.0,5200.0,True,True,True,0.000656,3.0,7.0,125.1129913330078,56,1.0986123085021973,True,0.0587403774261474,-0.018341,0.0403993774261475,-0.016944,0.8649983370403649,-578.0,-496.0,0.0001039999999999,0.0012929999999999,True,True,False,True,False,False
3,80.0,/home/sunshixin/chenchao/my_rlaf/runs/analysis/echosat_symmetry_grpo_v1_7_acceptance_iter=80_canonical_low_warmup_wc3_per_instance.csv,0,k8_color7,perm_seed1731,k8_color7_perm1731,complete_coloring,strong_symmetry,large,main,strong,56,372,10.0,5.0,iter=80,0.046927,0.046927,5800.0,5271.0,True,0.05473,0.05473,6148.0,5641.0,True,0.060382,0.8820139084167481,6148.0,5641.0,True,0.060382,0.8828895537338853,6148.0,5641.0,True,0.030843,0.9120909311600328,6065.0,5554.0,True,True,True,0.0,3.0,7.0,125.51768493652344,56,1.0986123085021973,True,0.0587403774261474,-0.029539,0.0292013774261474,-0.016084,0.8651639311600328,-83.0,-87.0,0.0078029999999999,0.0056519999999999,True,True,False,True,False,False
3,80.0,/home/sunshixin/chenchao/my_rlaf/runs/analysis/echosat_symmetry_grpo_v1_7_acceptance_iter=80_canonical_low_warmup_wc3_per_instance.csv,0,k9_color8,base,k9_color8,complete_coloring,strong_symmetry,large,main,strong,72,549,10.0,5.0,iter=80,0.608984,0.608984,46557.0,43529.0,True,0.63402,0.63402,44352.0,41138.0,True,0.652662,1.474293908416748,43519.0,40436.0,True,0.652662,1.4834358834621906,43519.0,40436.0,True,0.405013,1.294527260888338,39547.0,36846.0,True,True,True,0.008169,3.0,8.0,158.36375427246094,72,1.0986123085021973,True,0.0587403774261474,-0.2476489999999999,-0.1889086225738525,-0.2039709999999999,0.6855432608883381,-3972.0,-3590.0,0.025036,0.0186419999999999,True,True,False,True,False,False
3,80.0,/home/sunshixin/chenchao/my_rlaf/runs/analysis/echosat_symmetry_grpo_v1_7_acceptance_iter=80_canonical_low_warmup_wc3_per_instance.csv,0,k9_color8,perm_seed1730,k9_color8_perm1730,complete_coloring,strong_symmetry,large,main,strong,72,549,10.0,5.0,iter=80,0.412336,0.412336,39708.0,36681.0,True,0.719415,0.719415,45794.0,42555.0,True,0.738116,1.559747908416748,45794.0,42555.0,True,0.738116,1.5685274209299087,45794.0,42555.0,True,0.400815,1.289966798356056,44352.0,41061.0,True,True,True,0.007763,3.0,10.0,157.64891052246094,72,1.0986123085021973,True,0.0587403774261474,-0.337301,-0.2785606225738526,-0.011521,0.8776307983560561,-1442.0,-1494.0,0.307079,0.0187009999999999,True,True,False,True,False,False
3,80.0,/home/sunshixin/chenchao/my_rlaf/runs/analysis/echosat_symmetry_grpo_v1_7_acceptance_iter=80_canonical_low_warmup_wc3_per_instance.csv,0,k9_color8,perm_seed1731,k9_color8_perm1731,complete_coloring,strong_symmetry,large,main,strong,72,549,10.0,5.0,iter=80,0.539786,0.539786,47177.0,43763.0,True,0.669854,0.669854,47579.0,44103.0,True,0.755497,0.9004736159057617,47579.0,44103.0,True,0.755497,0.9039739487009048,47579.0,44103.0,True,0.42366,0.6422482234201431,42307.0,39488.0,True,True,True,0.002511,3.0,8.0,158.0809783935547,72,1.0986123085021973,True,0.0701112747192382,-0.331837,-0.2617257252807616,-0.116126,0.1024622234201431,-5272.0,-4615.0,0.1300679999999999,0.085643,True,True,False,True,False,False
3,80.0,/home/sunshixin/chenchao/my_rlaf/runs/analysis/echosat_symmetry_grpo_v1_7_acceptance_iter=80_canonical_low_warmup_wc3_per_instance.csv,0,php_p10_h9,base,php_p10_h9,php,strong_symmetry,large,main,strong,90,775,10.0,5.0,iter=80,3.94431,3.94431,340861.0,314066.0,True,4.12883,4.12883,322229.0,299168.0,True,4.15398,4.2989566159057615,321840.0,298649.0,True,4.15398,4.305906886451363,321840.0,298649.0,True,3.83746,4.059498161170602,340002.0,317794.0,True,True,True,0.005972,3.0,9.0,195.45620727539065,90,1.0986123085021973,True,0.0701112747192382,-0.3165199999999997,-0.2464087252807614,-0.1068500000000001,0.1151881611706016,18162.0,19145.0,0.1845199999999995,0.02515,True,True,False,False,True,False
3,80.0,/home/sunshixin/chenchao/my_rlaf/runs/analysis/echosat_symmetry_grpo_v1_7_acceptance_iter=80_canonical_low_warmup_wc3_per_instance.csv,0,php_p10_h9,perm_seed1730,php_p10_h9_perm1730,php,strong_symmetry,large,main,strong,90,775,10.0,5.0,iter=80,4.65678,4.65678,413643.0,382655.0,True,4.235,4.235,283792.0,262594.0,True,4.49763,4.642606615905762,247778.0,229737.0,True,4.49763,4.651377417901516,247778.0,229737.0,True,3.64509,3.8689486926207546,333128.0,310050.0,True,True,True,0.007836,3.0,9.0,194.30953979492188,90,1.0986123085021973,True,0.0701112747192382,-0.8525399999999999,-0.7824287252807616,-1.0116900000000002,-0.7878313073792458,85350.0,80313.0,-0.42178,0.2626299999999997,True,True,True,False,True,False
3,80.0,/home/sunshixin/chenchao/my_rlaf/runs/analysis/echosat_symmetry_grpo_v1_7_acceptance_iter=80_canonical_low_warmup_wc3_per_instance.csv,0,php_p10_h9,perm_seed1731,php_p10_h9_perm1731,php,strong_symmetry,large,main,strong,90,775,10.0,5.0,iter=80,3.90358,3.90358,340033.0,312592.0,True,4.25211,4.25211,290369.0,269757.0,True,4.42732,4.572296615905762,290369.0,269757.0,True,4.42732,4.576596143401802,290369.0,269757.0,True,4.18704,4.40642741812104,331745.0,312573.0,True,True,True,0.003364,3.0,9.0,193.47189331054688,90,1.0986123085021973,True,0.0701112747192382,-0.2402800000000002,-0.170168725280762,0.2834599999999998,0.5028474181210401,41376.0,42816.0,0.3485300000000002,0.1752099999999998,True,False,False,False,True,False
3,80.0,/home/sunshixin/chenchao/my_rlaf/runs/analysis/echosat_symmetry_grpo_v1_7_acceptance_iter=80_canonical_low_warmup_wc3_per_instance.csv,0,php_p9_h8,base,php_p9_h8,php,strong_symmetry,large,main,strong,72,549,10.0,5.0,iter=80,0.638887,0.638887,46557.0,43529.0,True,0.690011,0.690011,44352.0,41138.0,True,0.653018,0.7979946159057617,43519.0,40436.0,True,0.653018,0.8023660183064342,43519.0,40436.0,True,0.415955,0.6354142930256724,39547.0,36846.0,True,True,True,0.003414,3.0,8.0,158.36375427246094,72,1.0986123085021973,True,0.0701112747192382,-0.2370629999999999,-0.1669517252807617,-0.2229319999999999,-0.0034727069743275,-3972.0,-3590.0,0.051124,-0.036993,True,True,True,True,False,False
3,80.0,/home/sunshixin/chenchao/my_rlaf/runs/analysis/echosat_symmetry_grpo_v1_7_acceptance_iter=80_canonical_low_warmup_wc3_per_instance.csv,0,php_p9_h8,perm_seed1730,php_p9_h8_perm1730,php,strong_symmetry,large,main,strong,72,549,10.0,5.0,iter=80,0.442002,0.442002,39708.0,36681.0,True,0.658052,0.658052,45794.0,42555.0,True,0.738831,0.8838076159057617,45794.0,42555.0,True,0.738831,0.8852626407008171,45794.0,42555.0,True,0.41659,0.6331329154200553,44352.0,41061.0,True,True,True,0.000492,3.0,10.0,157.64891052246094,72,1.0986123085021973,True,0.0701112747192382,-0.322241,-0.2521297252807617,-0.0254119999999999,0.1911309154200553,-1442.0,-1494.0,0.2160499999999999,0.080779,True,True,False,True,False,False
3,80.0,/home/sunshixin/chenchao/my_rlaf/runs/analysis/echosat_symmetry_grpo_v1_7_acceptance_iter=80_canonical_low_warmup_wc3_per_instance.csv,0,php_p9_h8,perm_seed1731,php_p9_h8_perm1731,php,strong_symmetry,large,main,strong,72,549,10.0,5.0,iter=80,0.563367,0.563367,47177.0,43763.0,True,0.682853,0.682853,47579.0,44103.0,True,0.752541,0.8975176159057617,47579.0,44103.0,True,0.752541,0.900967214839518,47579.0,44103.0,True,0.451587,0.6701244895587564,42307.0,39488.0,True,True,True,0.00255,3.0,8.0,158.0809783935547,72,1.0986123085021973,True,0.0701112747192382,-0.300954,-0.2308427252807616,-0.1117799999999999,0.1067574895587564,-5272.0,-4615.0,0.119486,0.0696879999999999,True,True,False,True,False,False
3,80.0,/home/sunshixin/chenchao/my_rlaf/runs/analysis/echosat_symmetry_grpo_v1_7_acceptance_iter=80_canonical_low_warmup_wc3_per_instance.csv,0,random_3sat_control_v160_c704_seed2615,base,random_3sat_control_v160_c704_seed2615,random_3sat_control,non_symmetric_control,large,control,none,160,704,10.0,5.0,iter=80,0.053945,0.053945,6771.0,5767.0,True,0.060422,0.060422,5702.0,4813.0,True,0.061323,0.2062996159057617,4859.0,4212.0,True,0.061323,0.2121185669836998,4859.0,4212.0,True,0.04611,0.2670168417029381,5183.0,4431.0,True,False,False,0.004783,3.0,22.0,360.5569458007813,160,1.0986123085021973,True,0.0701112747192382,-0.015213,0.0548982747192383,-0.007835,0.2130718417029381,324.0,219.0,0.0064769999999999,0.000901,True,True,False,False,True,True
3,80.0,/home/sunshixin/chenchao/my_rlaf/runs/analysis/echosat_symmetry_grpo_v1_7_acceptance_iter=80_canonical_low_warmup_wc3_per_instance.csv,0,random_3sat_control_v160_c704_seed2615,perm_seed1730,random_3sat_control_v160_c704_seed2615_perm1730,random_3sat_control,non_symmetric_control,large,control,none,160,704,10.0,5.0,iter=80,0.090584,0.090584,8522.0,7299.0,True,0.093628,0.093628,7934.0,6809.0,True,0.057605,0.2363564686584472,4602.0,4008.0,True,0.057605,0.2419297731003761,4602.0,4008.0,True,0.043017,0.3106683512406348,5196.0,4419.0,True,False,False,0.004516,3.0,22.0,363.3272399902344,160,1.0986123085021973,True,0.0833265781402587,-0.014588,0.0687385781402586,-0.047567,0.2200843512406348,594.0,411.0,0.003044,-0.036023,True,True,False,False,True,True
3,80.0,/home/sunshixin/chenchao/my_rlaf/runs/analysis/echosat_symmetry_grpo_v1_7_acceptance_iter=80_canonical_low_warmup_wc3_per_instance.csv,0,random_3sat_control_v160_c704_seed2615,perm_seed1731,random_3sat_control_v160_c704_seed2615_perm1731,random_3sat_control,non_symmetric_control,large,control,none,160,704,10.0,5.0,iter=80,0.04699,0.04699,5676.0,4847.0,True,0.099147,0.099147,8017.0,6851.0,True,0.050338,0.2290894686584472,4961.0,4384.0,True,0.050338,0.230612355834186,4961.0,4384.0,True,0.048306,0.3119069339744448,5272.0,4483.0,True,False,False,0.000501,3.0,22.0,364.4381408691406,160,1.0986123085021973,True,0.0833265781402587,-0.0020319999999999,0.0812945781402588,0.001316,0.2649169339744448,311.0,99.0,0.052157,-0.048809,True,False,False,False,True,True
3,80.0,/home/sunshixin/chenchao/my_rlaf/runs/analysis/echosat_symmetry_grpo_v1_7_acceptance_iter=80_canonical_low_warmup_wc3_per_instance.csv,0,random_3sat_control_v180_c760_seed3301,base,random_3sat_control_v180_c760_seed3301,random_3sat_control,non_symmetric_control,large,control,none,180,760,10.0,5.0,iter=80,0.449861,0.449861,27442.0,23617.0,True,0.14579,0.14579,10470.0,8910.0,True,0.009093,0.1878444686584472,693.0,567.0,True,0.009093,0.1940914010554552,693.0,567.0,True,0.190856,0.459180979195714,15298.0,13270.0,True,False,False,0.005157,3.0,28.0,430.4636840820313,180,1.0986123085021973,True,0.0833265781402587,0.181763,0.2650895781402588,-0.259005,0.0093199791957139,14605.0,12703.0,-0.304071,-0.136697,False,True,False,False,True,True
3,80.0,/home/sunshixin/chenchao/my_rlaf/runs/analysis/echosat_symmetry_grpo_v1_7_acceptance_iter=80_canonical_low_warmup_wc3_per_instance.csv,0,random_3sat_control_v180_c760_seed3301,perm_seed1730,random_3sat_control_v180_c760_seed3301_perm1730,random_3sat_control,non_symmetric_control,large,control,none,180,760,10.0,5.0,iter=80,1.04463,1.04463,47649.0,41152.0,True,0.091313,0.091313,7421.0,6253.0,True,0.006378,0.1851294686584472,643.0,525.0,True,0.006378,0.1890308159444332,643.0,525.0,True,0.16106,0.427039394084692,13143.0,11385.0,True,False,False,0.002813,3.0,28.0,431.2578125,180,1.0986123085021973,True,0.0833265781402587,0.154682,0.2380085781402588,-0.88357,-0.617590605915308,12500.0,10860.0,-0.953317,-0.084935,False,True,True,False,True,True
3,80.0,/home/sunshixin/chenchao/my_rlaf/runs/analysis/echosat_symmetry_grpo_v1_7_acceptance_iter=80_canonical_low_warmup_wc3_per_instance.csv,0,random_3sat_control_v180_c760_seed3301,perm_seed1731,random_3sat_control_v180_c760_seed3301_perm1731,random_3sat_control,non_symmetric_control,large,control,none,180,760,10.0,5.0,iter=80,0.464531,0.464531,27197.0,23469.0,True,0.126902,0.126902,9011.0,7714.0,True,0.009334,0.1880854686584472,590.0,484.0,True,0.009334,0.1901118024827242,590.0,484.0,True,0.181383,0.445487380622983,14239.0,12341.0,True,False,False,0.000963,3.0,28.0,430.8958129882813,180,1.0986123085021973,True,0.0833265781402587,0.1720489999999999,0.2553755781402588,-0.283148,-0.019043619377017,13649.0,11857.0,-0.337629,-0.1175679999999999,False,True,True,False,True,True
3,80.0,/home/sunshixin/chenchao/my_rlaf/runs/analysis/echosat_symmetry_grpo_v1_7_acceptance_iter=80_canonical_low_warmup_wc3_per_instance.csv,0,random_3sat_control_v220_c928_seed3303,base,random_3sat_control_v220_c928_seed3303,random_3sat_control,non_symmetric_control,large,control,none,220,928,10.0,5.0,iter=80,0.704275,0.704275,30277.0,25994.0,True,0.500096,0.500096,22265.0,19025.0,True,0.002119,0.1808704686584472,62.0,4.0,True,0.002119,0.1820778007852435,62.0,4.0,True,0.00983,0.2731153789255023,417.0,310.0,True,False,False,0.0,3.0,39.0,455.798828125,220,1.0986123085021973,True,0.0833265781402587,0.007711,0.0910375781402588,-0.694445,-0.4311596210744977,355.0,306.0,-0.204179,-0.497977,False,True,True,False,True,True
3,80.0,/home/sunshixin/chenchao/my_rlaf/runs/analysis/echosat_symmetry_grpo_v1_7_acceptance_iter=80_canonical_low_warmup_wc3_per_instance.csv,0,random_3sat_control_v220_c928_seed3303,perm_seed1730,random_3sat_control_v220_c928_seed3303_perm1730,random_3sat_control,non_symmetric_control,large,control,none,220,928,10.0,5.0,iter=80,1.43238,1.43238,52742.0,45477.0,True,0.204669,0.204669,13039.0,11071.0,True,0.005181,0.1839324686584472,62.0,4.0,True,0.005181,0.1879899538410901,62.0,4.0,True,0.003049,0.269184531981349,309.0,219.0,True,False,False,0.002961,3.0,39.0,453.5053405761719,220,1.0986123085021973,True,0.0833265781402587,-0.0021319999999999,0.0811945781402589,-1.429331,-1.163195468018651,247.0,215.0,-1.227711,-0.199488,True,True,True,False,True,True
3,80.0,/home/sunshixin/chenchao/my_rlaf/runs/analysis/echosat_symmetry_grpo_v1_7_acceptance_iter=80_canonical_low_warmup_wc3_per_instance.csv,0,random_3sat_control_v220_c928_seed3303,perm_seed1731,random_3sat_control_v220_c928_seed3303_perm1731,random_3sat_control,non_symmetric_control,large,control,none,220,928,10.0,5.0,iter=80,0.056725,0.056725,4930.0,4147.0,True,0.358236,0.358236,19684.0,16814.0,True,0.003584,0.1823354686584472,63.0,4.0,True,0.003584,0.1892197139622569,63.0,4.0,True,0.006825,0.2757872921025157,434.0,307.0,True,False,False,0.005674,3.0,39.0,458.748046875,220,1.0986123085021973,True,0.0833265781402587,0.003241,0.0865675781402587,-0.0499,0.2190622921025156,371.0,303.0,0.301511,-0.354652,False,True,False,False,True,True
3,80.0,/home/sunshixin/chenchao/my_rlaf/runs/analysis/echosat_symmetry_grpo_v1_7_acceptance_iter=80_canonical_low_warmup_wc3_per_instance.csv,0,random_3sat_control_v220_c942_seed3304,base,random_3sat_control_v220_c942_seed3304,random_3sat_control,non_symmetric_control,large,control,none,220,942,10.0,5.0,iter=80,0.749969,0.749969,35472.0,30813.0,True,1.17833,1.17833,41376.0,36046.0,True,0.479072,0.8233727469177246,26754.0,23980.0,True,0.479072,0.8276586905242801,26754.0,23980.0,True,0.680784,1.1225372802612186,41582.0,37253.0,True,False,False,0.003161,3.0,26.0,416.5282897949219,220,1.0986123085021973,True,0.0931665897369384,0.2017119999999999,0.2948785897369385,-0.069185,0.3725682802612186,14828.0,13273.0,0.4283610000000001,-0.6992580000000002,False,True,False,False,True,True
3,80.0,/home/sunshixin/chenchao/my_rlaf/runs/analysis/echosat_symmetry_grpo_v1_7_acceptance_iter=80_canonical_low_warmup_wc3_per_instance.csv,0,random_3sat_control_v220_c942_seed3304,perm_seed1730,random_3sat_control_v220_c942_seed3304_perm1730,random_3sat_control,non_symmetric_control,large,control,none,220,942,10.0,5.0,iter=80,0.670083,0.670083,34825.0,30052.0,True,0.609826,0.609826,33221.0,28818.0,True,0.535932,0.8802327469177246,26445.0,23804.0,True,0.535932,0.8872673656722307,26445.0,23804.0,True,0.594863,1.0393649554091693,40651.0,36413.0,True,False,False,0.005917,3.0,26.0,423.32037353515625,220,1.0986123085021973,True,0.0931665897369384,0.058931,0.1520975897369385,-0.0752199999999999,0.3692819554091693,14206.0,12609.0,-0.060257,-0.073894,False,True,False,False,True,True
3,80.0,/home/sunshixin/chenchao/my_rlaf/runs/analysis/echosat_symmetry_grpo_v1_7_acceptance_iter=80_canonical_low_warmup_wc3_per_instance.csv,0,random_3sat_control_v220_c942_seed3304,perm_seed1731,random_3sat_control_v220_c942_seed3304_perm1731,random_3sat_control,non_symmetric_control,large,control,none,220,942,10.0,5.0,iter=80,0.716921,0.716921,38737.0,33758.0,True,0.804816,0.804816,38909.0,33544.0,True,0.497945,0.8422457469177247,26149.0,23448.0,True,0.497945,0.8470042890328765,26149.0,23448.0,True,0.557781,1.0000068787698149,40689.0,36494.0,True,False,False,0.003646,3.0,26.0,418.775390625,220,1.0986123085021973,True,0.0931665897369384,0.0598359999999999,0.1530025897369383,-0.15914,0.2830858787698148,14540.0,13046.0,0.0878949999999999,-0.3068709999999999,False,True,False,False,True,True
3,80.0,/home/sunshixin/chenchao/my_rlaf/runs/analysis/echosat_symmetry_grpo_v1_7_acceptance_iter=80_canonical_low_warmup_wc3_per_instance.csv,0,random_3sat_control_v260_c1097_seed3305,base,random_3sat_control_v260_c1097_seed3305,random_3sat_control,non_symmetric_control,large,control,none,260,1097,10.0,5.0,iter=80,6.78709,6.78709,216854.0,188499.0,True,2.29128,2.29128,73626.0,64181.0,True,1.64722,1.9915207469177243,60642.0,54350.0,True,1.64722,1.9962283215026253,60642.0,54350.0,True,0.923447,1.3656219112395644,51164.0,45305.0,True,False,False,0.003367,3.0,35.0,492.83697509765625,260,1.0986123085021973,True,0.0931665897369384,-0.7237729999999999,-0.6306064102630611,-5.863643,-5.421468088760435,-9478.0,-9045.0,-4.4958100000000005,-0.6440600000000001,True,True,True,True,False,True
3,80.0,/home/sunshixin/chenchao/my_rlaf/runs/analysis/echosat_symmetry_grpo_v1_7_acceptance_iter=80_canonical_low_warmup_wc3_per_instance.csv,0,random_3sat_control_v260_c1097_seed3305,perm_seed1730,random_3sat_control_v260_c1097_seed3305_perm1730,random_3sat_control,non_symmetric_control,large,control,none,260,1097,10.0,5.0,iter=80,7.28114,7.28114,224505.0,195557.0,True,0.602623,0.602623,27246.0,23387.0,True,1.61301,1.9573107469177249,60686.0,54724.0,True,1.61301,1.9624520312457088,60686.0,54724.0,True,0.840878,1.283486620982647,47274.0,41559.0,True,False,False,0.003943,3.0,35.0,494.8829650878906,260,1.0986123085021973,True,0.0931665897369384,-0.772132,-0.6789654102630618,-6.440262,-5.997653379017352,-13412.0,-13165.0,-6.678516999999999,1.010387,True,True,True,True,False,True
3,80.0,/home/sunshixin/chenchao/my_rlaf/runs/analysis/echosat_symmetry_grpo_v1_7_acceptance_iter=80_canonical_low_warmup_wc3_per_instance.csv,0,random_3sat_control_v260_c1097_seed3305,perm_seed1731,random_3sat_control_v260_c1097_seed3305_perm1731,random_3sat_control,non_symmetric_control,large,control,none,260,1097,10.0,5.0,iter=80,3.94018,3.94018,105916.0,92052.0,True,5.548,5.548,162997.0,142194.0,True,1.13552,1.4798207469177247,48534.0,43247.0,True,1.13552,1.488286725501001,48534.0,43247.0,True,0.760834,1.2067673152379397,40383.0,35647.0,True,False,False,0.007273,3.0,35.0,493.7220764160156,260,1.0986123085021973,True,0.0931665897369384,-0.3746860000000001,-0.2815194102630614,-3.179346,-2.73341268476206,-8151.0,-7600.0,1.6078200000000002,-4.41248,True,True,True,True,False,True
3,80.0,/home/sunshixin/chenchao/my_rlaf/runs/analysis/echosat_symmetry_grpo_v1_7_acceptance_iter=80_canonical_low_warmup_wc3_per_instance.csv,0,random_3sat_control_v260_c1113_seed3306,base,random_3sat_control_v260_c1113_seed3306,random_3sat_control,non_symmetric_control,large,control,none,260,1113,10.0,5.0,iter=80,5.57561,5.57561,178146.0,155541.0,True,6.31149,6.31149,186876.0,163308.0,True,6.54216,6.886460746917725,226200.0,205404.0,True,6.54216,6.895043516072035,226200.0,205404.0,True,6.54711,6.993160105808974,259876.0,229090.0,True,False,False,0.007405,3.0,34.0,480.0674743652344,260,0.6931471824645996,True,0.0931665897369384,0.00495,0.0981165897369384,0.9714999999999998,1.4175501058089734,33676.0,23686.0,0.7358799999999999,0.2306699999999999,False,False,False,False,True,True
3,80.0,/home/sunshixin/chenchao/my_rlaf/runs/analysis/echosat_symmetry_grpo_v1_7_acceptance_iter=80_canonical_low_warmup_wc3_per_instance.csv,0,random_3sat_control_v260_c1113_seed3306,perm_seed1730,random_3sat_control_v260_c1113_seed3306_perm1730,random_3sat_control,non_symmetric_control,large,control,none,260,1113,10.0,5.0,iter=80,5.07545,5.07545,171334.0,149746.0,True,7.29279,7.29279,206936.0,180741.0,True,5.89696,6.241260746917725,206101.0,186162.0,True,5.89696,6.246709999821186,206101.0,186162.0,True,6.30832,6.751236589558125,258525.0,228633.0,True,False,False,0.00425,3.0,34.0,478.7396240234375,260,0.6931471824645996,True,0.0931665897369384,0.4113600000000001,0.5045265897369386,1.23287,1.6757865895581243,52424.0,42471.0,2.21734,-1.39583,False,False,False,False,True,True
3,80.0,/home/sunshixin/chenchao/my_rlaf/runs/analysis/echosat_symmetry_grpo_v1_7_acceptance_iter=80_canonical_low_warmup_wc3_per_instance.csv,0,random_3sat_control_v260_c1113_seed3306,perm_seed1731,random_3sat_control_v260_c1113_seed3306_perm1731,random_3sat_control,non_symmetric_control,large,control,none,260,1113,10.0,5.0,iter=80,6.38691,6.38691,202621.0,177648.0,True,7.03973,7.03973,214985.0,187707.0,True,6.12943,6.437372390441895,217745.0,196903.0,True,6.12943,6.44696632428801,217745.0,196903.0,True,6.47421,6.857260888802171,264004.0,232751.0,True,False,False,0.008436,3.0,34.0,481.5274658203125,260,0.6931471824645996,True,0.0655145645141601,0.3447800000000001,0.4102945645141602,0.0872999999999999,0.4703508888021703,46259.0,35848.0,0.6528199999999993,-0.9102999999999994,False,False,False,False,True,True
3,80.0,/home/sunshixin/chenchao/my_rlaf/runs/analysis/echosat_symmetry_grpo_v1_7_acceptance_iter=80_canonical_low_warmup_wc3_per_instance.csv,0,random_3sat_control_v300_c1266_seed3307,base,random_3sat_control_v300_c1266_seed3307,random_3sat_control,non_symmetric_control,large,control,none,300,1266,10.0,5.0,iter=80,0.21307,0.21307,12894.0,10895.0,True,2.48687,2.48687,71356.0,61376.0,True,0.01075,0.3186923904418945,288.0,182.0,True,0.01075,0.3263478241742253,288.0,182.0,True,0.04018,0.4212923886883855,2222.0,1740.0,True,False,False,0.006436,3.0,48.0,628.0397338867188,300,1.0986123085021973,True,0.0655145645141601,0.02943,0.0949445645141601,-0.17289,0.2082223886883854,1934.0,1558.0,2.2738,-2.4761200000000003,False,True,False,False,True,True
3,80.0,/home/sunshixin/chenchao/my_rlaf/runs/analysis/echosat_symmetry_grpo_v1_7_acceptance_iter=80_canonical_low_warmup_wc3_per_instance.csv,0,random_3sat_control_v300_c1266_seed3307,perm_seed1730,random_3sat_control_v300_c1266_seed3307_perm1730,random_3sat_control,non_symmetric_control,large,control,none,300,1266,10.0,5.0,iter=80,1.27923,1.27923,43103.0,37339.0,True,2.0718,2.0718,63498.0,54506.0,True,0.013338,0.3212803904418945,321.0,205.0,True,0.013338,0.329123629378736,321.0,205.0,True,0.046859,0.4281591938928961,2895.0,2378.0,True,False,False,0.006613,3.0,48.0,619.230712890625,300,1.0986123085021973,True,0.0655145645141601,0.0335209999999999,0.09903556451416,-1.232371,-0.851070806107104,2574.0,2173.0,0.79257,-2.058462,False,True,True,False,True,True
3,80.0,/home/sunshixin/chenchao/my_rlaf/runs/analysis/echosat_symmetry_grpo_v1_7_acceptance_iter=80_canonical_low_warmup_wc3_per_instance.csv,0,random_3sat_control_v300_c1266_seed3307,perm_seed1731,random_3sat_control_v300_c1266_seed3307_perm1731,random_3sat_control,non_symmetric_control,large,control,none,300,1266,10.0,5.0,iter=80,2.09566,2.09566,66962.0,57424.0,True,0.108506,0.108506,7524.0,6304.0,True,0.013626,0.3215683904418945,375.0,247.0,True,0.013626,0.3272832427580356,375.0,247.0,True,0.04772,0.4268918072721958,2790.0,2244.0,True,False,False,0.004501,3.0,48.0,626.5236206054688,300,1.0986123085021973,True,0.0655145645141601,0.034094,0.0996085645141601,-2.04794,-1.6687681927278044,2415.0,1997.0,-1.987154,-0.09488,False,True,True,False,True,True
3,80.0,/home/sunshixin/chenchao/my_rlaf/runs/analysis/echosat_symmetry_grpo_v1_7_acceptance_iter=80_canonical_low_warmup_wc3_per_instance.csv,0,subset_cardinality_bw10,base,subset_cardinality_bw10,subset_cardinality,weak_symmetry,large,main,weak,41,92,10.0,5.0,iter=80,0.001847,0.001847,193.0,141.0,True,0.002018,0.002018,237.0,193.0,True,0.003507,0.3114493904418945,162.0,142.0,True,0.003507,0.3139105787233114,162.0,142.0,True,0.003323,0.3792411432374716,188.0,155.0,True,True,True,0.001554,3.0,8.0,94.86821746826172,41,1.0986123085021973,True,0.0655145645141601,-0.000184,0.0653305645141602,0.001476,0.3773941432374716,26.0,13.0,0.0001709999999999,0.001489,True,False,False,False,True,False
3,80.0,/home/sunshixin/chenchao/my_rlaf/runs/analysis/echosat_symmetry_grpo_v1_7_acceptance_iter=80_canonical_low_warmup_wc3_per_instance.csv,0,subset_cardinality_bw10,perm_seed1730,subset_cardinality_bw10_perm1730,subset_cardinality,weak_symmetry,large,main,weak,41,92,10.0,5.0,iter=80,0.001777,0.001777,218.0,167.0,True,0.001723,0.001723,221.0,169.0,True,0.001943,0.3098853904418945,156.0,137.0,True,0.001943,0.3129205218180417,156.0,137.0,True,0.002211,0.3787030863322019,176.0,143.0,True,True,True,0.002171,3.0,10.0,98.69181823730467,41,1.0986123085021973,True,0.0655145645141601,0.0002679999999999,0.0657825645141602,0.0004339999999999,0.3769260863322019,20.0,6.0,-5.400000000000001e-05,0.00022,False,False,False,False,True,False
3,80.0,/home/sunshixin/chenchao/my_rlaf/runs/analysis/echosat_symmetry_grpo_v1_7_acceptance_iter=80_canonical_low_warmup_wc3_per_instance.csv,0,subset_cardinality_bw10,perm_seed1731,subset_cardinality_bw10_perm1731,subset_cardinality,weak_symmetry,large,main,weak,41,92,10.0,5.0,iter=80,0.001372,0.001372,202.0,147.0,True,0.004352,0.004352,247.0,155.0,True,0.001715,0.3096573904418945,203.0,164.0,True,0.001715,0.3105201807135344,203.0,164.0,True,0.0,0.3743197452276945,214.0,153.0,True,True,True,0.0,3.0,7.0,87.48927307128906,41,1.0986123085021973,True,0.0655145645141601,-0.001715,0.0637995645141601,-0.001372,0.3729477452276945,11.0,-11.0,0.00298,-0.002637,True,True,False,False,True,False
3,80.0,/home/sunshixin/chenchao/my_rlaf/runs/analysis/echosat_symmetry_grpo_v1_7_acceptance_iter=80_canonical_low_warmup_wc3_per_instance.csv,0,subset_cardinality_bw12,base,subset_cardinality_bw12,subset_cardinality,weak_symmetry,large,main,weak,49,108,10.0,5.0,iter=80,0.001974,0.001974,442.0,342.0,True,0.002899,0.002899,491.0,414.0,True,0.00058,0.3085223904418945,384.0,312.0,True,0.00058,0.3109385995105505,384.0,312.0,True,0.000602,0.3764751640247106,425.0,309.0,True,True,True,0.001531,3.0,12.0,104.73371887207033,49,0.6931471824645996,True,0.0655145645141601,2.1999999999999996e-05,0.0655365645141601,-0.001372,0.3745011640247106,41.0,-3.0,0.000925,-0.002319,False,True,False,False,True,False
3,80.0,/home/sunshixin/chenchao/my_rlaf/runs/analysis/echosat_symmetry_grpo_v1_7_acceptance_iter=80_canonical_low_warmup_wc3_per_instance.csv,0,subset_cardinality_bw12,perm_seed1730,subset_cardinality_bw12_perm1730,subset_cardinality,weak_symmetry,large,main,weak,49,108,10.0,5.0,iter=80,0.001933,0.001933,440.0,329.0,True,0.0,0.0,397.0,314.0,True,0.002681,0.046560747390747,343.0,268.0,True,0.002681,0.0486229427300095,343.0,268.0,True,0.005147,0.0809553997154831,388.0,311.0,True,True,True,0.001176,3.0,9.0,101.82083892822266,49,1.0986123085021973,True,0.0298664569854736,0.002466,0.0323324569854736,0.003214,0.0790223997154831,45.0,43.0,-0.001933,0.002681,False,False,False,False,True,False
3,80.0,/home/sunshixin/chenchao/my_rlaf/runs/analysis/echosat_symmetry_grpo_v1_7_acceptance_iter=80_canonical_low_warmup_wc3_per_instance.csv,0,subset_cardinality_bw12,perm_seed1731,subset_cardinality_bw12_perm1731,subset_cardinality,weak_symmetry,large,main,weak,49,108,10.0,5.0,iter=80,0.00174,0.00174,393.0,297.0,True,0.002703,0.002703,439.0,311.0,True,0.002095,0.045974747390747,363.0,285.0,True,0.002095,0.0486885813159346,363.0,285.0,True,0.003299,0.0797590383014082,348.0,296.0,True,True,True,0.001836,3.0,11.0,104.3914794921875,49,1.0986123085021973,True,0.0298664569854736,0.0012039999999999,0.0310704569854735,0.0015589999999999,0.0780190383014081,-15.0,11.0,0.000963,-0.000608,False,False,False,False,True,False
3,80.0,/home/sunshixin/chenchao/my_rlaf/runs/analysis/echosat_symmetry_grpo_v1_7_acceptance_iter=80_canonical_low_warmup_wc3_per_instance.csv,0,subset_cardinality_bw8,base,subset_cardinality_bw8,subset_cardinality,weak_symmetry,medium,main,weak,33,76,10.0,5.0,iter=80,0.000925,0.000925,89.0,67.0,True,0.000433,0.000433,106.0,76.0,True,0.001598,0.045477747390747,84.0,69.0,True,0.001598,0.0479982576019763,84.0,69.0,True,0.0,0.07626671458745,94.0,76.0,True,True,True,0.001684,3.0,13.0,75.20963287353516,33,1.0986123085021973,True,0.0298664569854736,-0.001598,0.0282684569854737,-0.000925,0.07534171458745,10.0,7.0,-0.000492,0.001165,True,True,False,False,True,False
3,80.0,/home/sunshixin/chenchao/my_rlaf/runs/analysis/echosat_symmetry_grpo_v1_7_acceptance_iter=80_canonical_low_warmup_wc3_per_instance.csv,0,subset_cardinality_bw8,perm_seed1730,subset_cardinality_bw8_perm1730,subset_cardinality,weak_symmetry,medium,main,weak,33,76,10.0,5.0,iter=80,0.000925,0.000925,110.0,76.0,True,0.000763,0.000763,127.0,80.0,True,0.0,0.043879747390747,100.0,79.0,True,0.0,0.0469198286550045,100.0,79.0,True,0.001817,0.0786032856404781,119.0,76.0,True,True,True,0.002183,3.0,15.0,80.51530456542969,33,1.0986123085021973,True,0.0298664569854736,0.001817,0.0316834569854736,0.000892,0.0776782856404781,19.0,-3.0,-0.000162,-0.000763,False,False,False,False,True,False
3,80.0,/home/sunshixin/chenchao/my_rlaf/runs/analysis/echosat_symmetry_grpo_v1_7_acceptance_iter=80_canonical_low_warmup_wc3_per_instance.csv,0,subset_cardinality_bw8,perm_seed1731,subset_cardinality_bw8_perm1731,subset_cardinality,weak_symmetry,medium,main,weak,33,76,10.0,5.0,iter=80,0.000919,0.000919,91.0,70.0,True,0.000417,0.000417,102.0,79.0,True,0.001502,0.045381747390747,81.0,70.0,True,0.001502,0.048004779687643,81.0,70.0,True,0.003216,0.0795852366731166,91.0,76.0,True,True,True,0.001745,3.0,12.0,79.57261657714844,33,1.0986123085021973,True,0.0298664569854736,0.001714,0.0315804569854735,0.002297,0.0786662366731165,10.0,6.0,-0.000502,0.001085,False,False,False,False,True,False
3,80.0,/home/sunshixin/chenchao/my_rlaf/runs/analysis/echosat_symmetry_grpo_v1_7_acceptance_iter=80_canonical_low_warmup_wc3_per_instance.csv,1,k10_color9,base,k10_color9,complete_coloring,strong_symmetry,large,main,strong,90,775,10.0,5.0,iter=80,4.22928,4.22928,340861.0,314066.0,True,4.34177,4.34177,322229.0,299168.0,True,4.15843,5.642456908874512,321840.0,298649.0,True,4.15843,5.656695304358423,321840.0,298649.0,True,3.82891,5.3844801635198,340002.0,317794.0,True,True,True,0.009297,3.0,9.0,195.45620727539065,90,1.0986123085021973,True,0.0573048591613769,-0.32952,-0.2722151408386226,-0.4003700000000001,1.1552001635198,18162.0,19145.0,0.1124900000000002,-0.1833400000000002,True,True,False,False,True,False
3,80.0,/home/sunshixin/chenchao/my_rlaf/runs/analysis/echosat_symmetry_grpo_v1_7_acceptance_iter=80_canonical_low_warmup_wc3_per_instance.csv,1,k10_color9,perm_seed1730,k10_color9_perm1730,complete_coloring,strong_symmetry,large,main,strong,90,775,10.0,5.0,iter=80,4.96932,4.96932,413643.0,382655.0,True,4.38083,4.38083,283792.0,262594.0,True,3.91832,5.402346908874511,247778.0,229737.0,True,3.91832,5.407848646187782,247778.0,229737.0,True,3.70481,5.25164350534916,333128.0,310050.0,True,True,True,0.003705,3.0,9.0,194.30953979492188,90,1.0986123085021973,True,0.0573048591613769,-0.2135099999999998,-0.1562051408386215,-1.2645099999999996,0.2823235053491606,85350.0,80313.0,-0.5884900000000002,-0.4625099999999995,True,True,False,False,True,False
3,80.0,/home/sunshixin/chenchao/my_rlaf/runs/analysis/echosat_symmetry_grpo_v1_7_acceptance_iter=80_canonical_low_warmup_wc3_per_instance.csv,1,k10_color9,perm_seed1731,k10_color9_perm1731,complete_coloring,strong_symmetry,large,main,strong,90,775,10.0,5.0,iter=80,4.07561,4.07561,340033.0,312592.0,True,3.90351,3.90351,290369.0,269757.0,True,4.45069,5.934716908874512,290369.0,269757.0,True,4.45069,5.944054778514087,290369.0,269757.0,True,4.34704,5.897709637675463,331745.0,312573.0,True,True,True,0.007653,3.0,9.0,193.47189331054688,90,1.0986123085021973,True,0.0573048591613769,-0.10365,-0.0463451408386239,0.2714299999999996,1.8220996376754632,41376.0,42816.0,-0.1721000000000003,0.54718,True,False,False,False,True,False
3,80.0,/home/sunshixin/chenchao/my_rlaf/runs/analysis/echosat_symmetry_grpo_v1_7_acceptance_iter=80_canonical_low_warmup_wc3_per_instance.csv,1,k8_color7,base,k8_color7,complete_coloring,strong_symmetry,large,main,strong,56,372,10.0,5.0,iter=80,0.046659,0.046659,6158.0,5600.0,True,0.035991,0.035991,5946.0,5440.0,True,0.042184,1.5262109088745115,5946.0,5440.0,True,0.042184,1.5308900969253778,5946.0,5440.0,True,0.03254,1.5785509560867548,5490.0,5053.0,True,True,True,0.003099,3.0,7.0,125.01708984375,56,1.0986123085021973,True,0.0573048591613769,-0.009644,0.0476608591613769,-0.014119,1.5318919560867548,-456.0,-387.0,-0.0106679999999999,0.0061929999999999,True,True,False,True,False,False
3,80.0,/home/sunshixin/chenchao/my_rlaf/runs/analysis/echosat_symmetry_grpo_v1_7_acceptance_iter=80_canonical_low_warmup_wc3_per_instance.csv,1,k8_color7,perm_seed1730,k8_color7_perm1730,complete_coloring,strong_symmetry,large,main,strong,56,372,10.0,5.0,iter=80,0.046721,0.046721,6138.0,5624.0,True,0.042603,0.042603,6264.0,5696.0,True,0.050482,1.5345089088745116,6264.0,5696.0,True,0.050482,1.540742048828423,6264.0,5696.0,True,0.039269,1.5868339079898,5686.0,5200.0,True,True,True,0.00464,3.0,7.0,125.1129913330078,56,1.0986123085021973,True,0.0573048591613769,-0.011213,0.046091859161377,-0.007452,1.5401129079898,-578.0,-496.0,-0.0041179999999999,0.0078789999999999,True,True,False,True,False,False
3,80.0,/home/sunshixin/chenchao/my_rlaf/runs/analysis/echosat_symmetry_grpo_v1_7_acceptance_iter=80_canonical_low_warmup_wc3_per_instance.csv,1,k8_color7,perm_seed1731,k8_color7_perm1731,complete_coloring,strong_symmetry,large,main,strong,56,372,10.0,5.0,iter=80,0.037838,0.037838,5800.0,5271.0,True,0.050357,0.050357,6148.0,5641.0,True,0.056417,1.5404439088745117,6148.0,5641.0,True,0.056417,1.5419920827118754,6148.0,5641.0,True,0.036399,1.5792789418732525,6065.0,5554.0,True,True,True,0.0,3.0,7.0,125.51768493652344,56,1.0986123085021973,True,0.0573048591613769,-0.020018,0.037286859161377,-0.0014389999999999,1.5414409418732524,-83.0,-87.0,0.012519,0.00606,True,True,False,True,False,False
3,80.0,/home/sunshixin/chenchao/my_rlaf/runs/analysis/echosat_symmetry_grpo_v1_7_acceptance_iter=80_canonical_low_warmup_wc3_per_instance.csv,1,k9_color8,base,k9_color8,complete_coloring,strong_symmetry,large,main,strong,72,549,10.0,5.0,iter=80,0.626779,0.626779,46557.0,43529.0,True,0.813794,0.813794,44352.0,41138.0,True,0.583322,2.067348908874512,43519.0,40436.0,True,0.583322,2.073544371035576,43519.0,40436.0,True,0.435841,1.9833682301969529,39547.0,36846.0,True,True,True,0.004606,3.0,8.0,158.36375427246094,72,1.0986123085021973,True,0.0573048591613769,-0.147481,-0.0901761408386232,-0.190938,1.3565892301969529,-3972.0,-3590.0,0.187015,-0.230472,True,True,False,True,False,False
3,80.0,/home/sunshixin/chenchao/my_rlaf/runs/analysis/echosat_symmetry_grpo_v1_7_acceptance_iter=80_canonical_low_warmup_wc3_per_instance.csv,1,k9_color8,perm_seed1730,k9_color8_perm1730,complete_coloring,strong_symmetry,large,main,strong,72,549,10.0,5.0,iter=80,0.466164,0.466164,39708.0,36681.0,True,0.819428,0.819428,45794.0,42555.0,True,0.734078,2.218104908874512,45794.0,42555.0,True,0.734078,2.220409731433392,45794.0,42555.0,True,0.434586,1.9782225905947683,44352.0,41061.0,True,True,True,0.000657,3.0,10.0,157.64891052246094,72,1.0986123085021973,True,0.0573048591613769,-0.299492,-0.2421871408386233,-0.031578,1.5120585905947683,-1442.0,-1494.0,0.353264,-0.08535,True,True,False,True,False,False
3,80.0,/home/sunshixin/chenchao/my_rlaf/runs/analysis/echosat_symmetry_grpo_v1_7_acceptance_iter=80_canonical_low_warmup_wc3_per_instance.csv,1,k9_color8,perm_seed1731,k9_color8_perm1731,complete_coloring,strong_symmetry,large,main,strong,72,549,10.0,5.0,iter=80,0.61907,0.61907,47177.0,43763.0,True,0.827657,0.827657,47579.0,44103.0,True,0.789387,0.8713038090820312,47579.0,44103.0,True,0.789387,0.8769298664560318,47579.0,44103.0,True,0.46112,0.6188625944681168,42307.0,39488.0,True,True,True,0.003962,3.0,8.0,158.0809783935547,72,1.0986123085021973,True,0.0701997280120849,-0.328267,-0.258067271987915,-0.15795,-0.0002074055318832,-5272.0,-4615.0,0.2085869999999999,-0.03827,True,True,True,True,False,False
3,80.0,/home/sunshixin/chenchao/my_rlaf/runs/analysis/echosat_symmetry_grpo_v1_7_acceptance_iter=80_canonical_low_warmup_wc3_per_instance.csv,1,php_p10_h9,base,php_p10_h9,php,strong_symmetry,large,main,strong,90,775,10.0,5.0,iter=80,4.30218,4.30218,340861.0,314066.0,True,4.5557,4.5557,322229.0,299168.0,True,4.16887,4.250786809082031,321840.0,298649.0,True,4.16887,4.26108288610518,321840.0,298649.0,True,3.84517,4.007582614117265,340002.0,317794.0,True,True,True,0.00862,3.0,9.0,195.45620727539065,90,1.0986123085021973,True,0.0701997280120849,-0.3237000000000001,-0.2535002719879156,-0.4570099999999999,-0.2945973858827351,18162.0,19145.0,0.2535199999999999,-0.3868299999999998,True,True,True,False,True,False
3,80.0,/home/sunshixin/chenchao/my_rlaf/runs/analysis/echosat_symmetry_grpo_v1_7_acceptance_iter=80_canonical_low_warmup_wc3_per_instance.csv,1,php_p10_h9,perm_seed1730,php_p10_h9_perm1730,php,strong_symmetry,large,main,strong,90,775,10.0,5.0,iter=80,4.94053,4.94053,413643.0,382655.0,True,4.18815,4.18815,283792.0,262594.0,True,3.95603,4.037946809082031,247778.0,229737.0,True,3.95603,4.043909721975982,247778.0,229737.0,True,3.69166,3.8497394499880673,333128.0,310050.0,True,True,True,0.004346,3.0,9.0,194.30953979492188,90,1.0986123085021973,True,0.0701997280120849,-0.26437,-0.194170271987915,-1.2488699999999997,-1.0907905500119326,85350.0,80313.0,-0.7523799999999996,-0.2321200000000001,True,True,True,False,True,False
3,80.0,/home/sunshixin/chenchao/my_rlaf/runs/analysis/echosat_symmetry_grpo_v1_7_acceptance_iter=80_canonical_low_warmup_wc3_per_instance.csv,1,php_p10_h9,perm_seed1731,php_p10_h9_perm1731,php,strong_symmetry,large,main,strong,90,775,10.0,5.0,iter=80,4.14839,4.14839,340033.0,312592.0,True,4.12488,4.12488,290369.0,269757.0,True,3.90939,3.991306809082032,290369.0,269757.0,True,3.90939,3.9981610217769146,290369.0,269757.0,True,4.26114,4.420110749789,331745.0,312573.0,True,True,True,0.005187,3.0,9.0,193.47189331054688,90,1.0986123085021973,True,0.0701997280120849,0.35175,0.4219497280120854,0.1127500000000001,0.2717207497889999,41376.0,42816.0,-0.0235099999999999,-0.2154899999999999,False,False,False,False,True,False
3,80.0,/home/sunshixin/chenchao/my_rlaf/runs/analysis/echosat_symmetry_grpo_v1_7_acceptance_iter=80_canonical_low_warmup_wc3_per_instance.csv,1,php_p9_h8,base,php_p9_h8,php,strong_symmetry,large,main,strong,72,549,10.0,5.0,iter=80,0.705729,0.705729,46557.0,43529.0,True,0.707195,0.707195,44352.0,41138.0,True,0.652947,0.7348638090820313,43519.0,40436.0,True,0.652947,0.7371163455389143,43519.0,40436.0,True,0.444066,0.5984350735509991,39547.0,36846.0,True,True,True,0.00066,3.0,8.0,158.36375427246094,72,1.0986123085021973,True,0.0701997280120849,-0.208881,-0.1386812719879151,-0.261663,-0.1072939264490009,-3972.0,-3590.0,0.0014659999999999,-0.0542479999999999,True,True,True,True,False,False
3,80.0,/home/sunshixin/chenchao/my_rlaf/runs/analysis/echosat_symmetry_grpo_v1_7_acceptance_iter=80_canonical_low_warmup_wc3_per_instance.csv,1,php_p9_h8,perm_seed1730,php_p9_h8_perm1730,php,strong_symmetry,large,main,strong,72,549,10.0,5.0,iter=80,0.483273,0.483273,39708.0,36681.0,True,0.655086,0.655086,45794.0,42555.0,True,0.789576,0.8714928090820312,45794.0,42555.0,True,0.789576,0.8736365906290411,45794.0,42555.0,True,0.436984,0.5912443186411261,44352.0,41061.0,True,True,True,0.000531,3.0,10.0,157.64891052246094,72,1.0986123085021973,True,0.0701997280120849,-0.3525919999999999,-0.2823922719879149,-0.046289,0.1079713186411261,-1442.0,-1494.0,0.1718129999999999,0.13449,True,True,False,True,False,False
3,80.0,/home/sunshixin/chenchao/my_rlaf/runs/analysis/echosat_symmetry_grpo_v1_7_acceptance_iter=80_canonical_low_warmup_wc3_per_instance.csv,1,php_p9_h8,perm_seed1731,php_p9_h8_perm1731,php,strong_symmetry,large,main,strong,72,549,10.0,5.0,iter=80,0.625922,0.625922,47177.0,43763.0,True,0.793995,0.793995,47579.0,44103.0,True,0.772327,0.8542438090820312,47579.0,44103.0,True,0.772327,0.8582244837978482,47579.0,44103.0,True,0.467414,0.6235112118099332,42307.0,39488.0,True,True,True,0.002363,3.0,8.0,158.0809783935547,72,1.0986123085021973,True,0.0701997280120849,-0.304913,-0.234713271987915,-0.1585079999999999,-0.0024107881900667,-5272.0,-4615.0,0.168073,-0.021668,True,True,True,True,False,False
3,80.0,/home/sunshixin/chenchao/my_rlaf/runs/analysis/echosat_symmetry_grpo_v1_7_acceptance_iter=80_canonical_low_warmup_wc3_per_instance.csv,1,random_3sat_control_v160_c704_seed2615,base,random_3sat_control_v160_c704_seed2615,random_3sat_control,non_symmetric_control,large,control,none,160,704,10.0,5.0,iter=80,0.072634,0.072634,6771.0,5767.0,True,0.053549,0.053549,5702.0,4813.0,True,0.053684,0.1356008090820312,4859.0,4212.0,True,0.053684,0.1382312903152704,4859.0,4212.0,True,0.056028,0.2107750183273553,5183.0,4431.0,True,False,False,0.000799,3.0,22.0,360.5569458007813,160,1.0986123085021973,True,0.0701997280120849,0.0023439999999999,0.0725437280120848,-0.016606,0.1381410183273552,324.0,219.0,-0.019085,0.000135,False,True,False,False,True,True
3,80.0,/home/sunshixin/chenchao/my_rlaf/runs/analysis/echosat_symmetry_grpo_v1_7_acceptance_iter=80_canonical_low_warmup_wc3_per_instance.csv,1,random_3sat_control_v160_c704_seed2615,perm_seed1730,random_3sat_control_v160_c704_seed2615_perm1730,random_3sat_control,non_symmetric_control,large,control,none,160,704,10.0,5.0,iter=80,0.096867,0.096867,8522.0,7299.0,True,0.091664,0.091664,7934.0,6809.0,True,0.045953,0.1996214036254882,4602.0,4008.0,True,0.045953,0.2070754401354789,4602.0,4008.0,True,0.050701,0.2917175059924126,5196.0,4419.0,True,False,False,0.00535,3.0,22.0,363.3272399902344,160,1.0986123085021973,True,0.0798940658569336,0.004748,0.0846420658569336,-0.0461659999999999,0.1948505059924126,594.0,411.0,-0.0052029999999999,-0.0457109999999999,False,True,False,False,True,True
3,80.0,/home/sunshixin/chenchao/my_rlaf/runs/analysis/echosat_symmetry_grpo_v1_7_acceptance_iter=80_canonical_low_warmup_wc3_per_instance.csv,1,random_3sat_control_v160_c704_seed2615,perm_seed1731,random_3sat_control_v160_c704_seed2615_perm1731,random_3sat_control,non_symmetric_control,large,control,none,160,704,10.0,5.0,iter=80,0.054737,0.054737,5676.0,4847.0,True,0.10357,0.10357,8017.0,6851.0,True,0.051264,0.2049324036254882,4961.0,4384.0,True,0.051264,0.2077123974117636,4961.0,4384.0,True,0.053342,0.2896844632686972,5272.0,4483.0,True,False,False,0.000416,3.0,22.0,364.4381408691406,160,1.0986123085021973,True,0.0798940658569336,0.002078,0.0819720658569335,-0.001395,0.2349474632686971,311.0,99.0,0.0488329999999999,-0.052306,False,True,False,False,True,True
3,80.0,/home/sunshixin/chenchao/my_rlaf/runs/analysis/echosat_symmetry_grpo_v1_7_acceptance_iter=80_canonical_low_warmup_wc3_per_instance.csv,1,random_3sat_control_v180_c760_seed3301,base,random_3sat_control_v180_c760_seed3301,random_3sat_control,non_symmetric_control,large,control,none,180,760,10.0,5.0,iter=80,0.492491,0.492491,27442.0,23617.0,True,0.150815,0.150815,10470.0,8910.0,True,0.006337,0.1600054036254883,693.0,567.0,True,0.006337,0.162583054577589,693.0,567.0,True,0.193715,0.4298551204345226,15298.0,13270.0,True,False,False,0.000381,3.0,28.0,430.4636840820313,180,1.0986123085021973,True,0.0798940658569336,0.187378,0.2672720658569336,-0.298776,-0.0626358795654773,14605.0,12703.0,-0.341676,-0.144478,False,True,True,False,True,True
3,80.0,/home/sunshixin/chenchao/my_rlaf/runs/analysis/echosat_symmetry_grpo_v1_7_acceptance_iter=80_canonical_low_warmup_wc3_per_instance.csv,1,random_3sat_control_v180_c760_seed3301,perm_seed1730,random_3sat_control_v180_c760_seed3301_perm1730,random_3sat_control,non_symmetric_control,large,control,none,180,760,10.0,5.0,iter=80,1.05496,1.05496,47649.0,41152.0,True,0.092383,0.092383,7421.0,6253.0,True,0.011455,0.1651234036254882,643.0,525.0,True,0.011455,0.1699133341152668,643.0,525.0,True,0.159957,0.3983093999722004,13143.0,11385.0,True,False,False,0.002972,3.0,28.0,431.2578125,180,1.0986123085021973,True,0.0798940658569336,0.148502,0.2283960658569336,-0.8950029999999999,-0.6566506000277995,12500.0,10860.0,-0.962577,-0.080928,False,True,True,False,True,True
3,80.0,/home/sunshixin/chenchao/my_rlaf/runs/analysis/echosat_symmetry_grpo_v1_7_acceptance_iter=80_canonical_low_warmup_wc3_per_instance.csv,1,random_3sat_control_v180_c760_seed3301,perm_seed1731,random_3sat_control_v180_c760_seed3301_perm1731,random_3sat_control,non_symmetric_control,large,control,none,180,760,10.0,5.0,iter=80,0.487268,0.487268,27197.0,23469.0,True,0.129766,0.129766,9011.0,7714.0,True,0.009819,0.1634874036254882,590.0,484.0,True,0.009819,0.1708211479693651,590.0,484.0,True,0.177117,0.4180132138262987,14239.0,12341.0,True,False,False,0.005531,3.0,28.0,430.8958129882813,180,1.0986123085021973,True,0.0798940658569336,0.167298,0.2471920658569336,-0.3101509999999999,-0.0692547861737012,13649.0,11857.0,-0.357502,-0.119947,False,True,True,False,True,True
3,80.0,/home/sunshixin/chenchao/my_rlaf/runs/analysis/echosat_symmetry_grpo_v1_7_acceptance_iter=80_canonical_low_warmup_wc3_per_instance.csv,1,random_3sat_control_v220_c928_seed3303,base,random_3sat_control_v220_c928_seed3303,random_3sat_control,non_symmetric_control,large,control,none,220,928,10.0,5.0,iter=80,0.722669,0.722669,30277.0,25994.0,True,0.47937,0.47937,22265.0,19025.0,True,0.00209,0.1557584036254883,62.0,4.0,True,0.00209,0.1613377874450087,62.0,4.0,True,0.014041,0.2531828533019423,417.0,310.0,True,False,False,0.003607,3.0,39.0,455.798828125,220,1.0986123085021973,True,0.0798940658569336,0.011951,0.0918450658569335,-0.708628,-0.4694861466980577,355.0,306.0,-0.243299,-0.47728,False,True,True,False,True,True
3,80.0,/home/sunshixin/chenchao/my_rlaf/runs/analysis/echosat_symmetry_grpo_v1_7_acceptance_iter=80_canonical_low_warmup_wc3_per_instance.csv,1,random_3sat_control_v220_c928_seed3303,perm_seed1730,random_3sat_control_v220_c928_seed3303_perm1730,random_3sat_control,non_symmetric_control,large,control,none,220,928,10.0,5.0,iter=80,1.42932,1.42932,52742.0,45477.0,True,0.218942,0.218942,13039.0,11071.0,True,0.002192,0.1558604036254882,62.0,4.0,True,0.002192,0.1636759182132482,62.0,4.0,True,0.008678,0.2500559840701818,309.0,219.0,True,False,False,0.005915,3.0,39.0,453.5053405761719,220,1.0986123085021973,True,0.0798940658569336,0.006486,0.0863800658569336,-1.420642,-1.1792640159298182,247.0,215.0,-1.210378,-0.21675,False,True,True,False,True,True
3,80.0,/home/sunshixin/chenchao/my_rlaf/runs/analysis/echosat_symmetry_grpo_v1_7_acceptance_iter=80_canonical_low_warmup_wc3_per_instance.csv,1,random_3sat_control_v220_c928_seed3303,perm_seed1731,random_3sat_control_v220_c928_seed3303_perm1731,random_3sat_control,non_symmetric_control,large,control,none,220,928,10.0,5.0,iter=80,0.063813,0.063813,4930.0,4147.0,True,0.361229,0.361229,19684.0,16814.0,True,0.006057,0.1597254036254883,63.0,4.0,True,0.006057,0.1667050871449113,63.0,4.0,True,0.006988,0.2475301530018449,434.0,307.0,True,False,False,0.005062,3.0,39.0,458.748046875,220,1.0986123085021973,True,0.0798940658569336,0.000931,0.0808250658569335,-0.0568249999999999,0.1837171530018448,371.0,303.0,0.297416,-0.355172,False,True,False,False,True,True
3,80.0,/home/sunshixin/chenchao/my_rlaf/runs/analysis/echosat_symmetry_grpo_v1_7_acceptance_iter=80_canonical_low_warmup_wc3_per_instance.csv,1,random_3sat_control_v220_c942_seed3304,base,random_3sat_control_v220_c942_seed3304,random_3sat_control,non_symmetric_control,large,control,none,220,942,10.0,5.0,iter=80,0.671792,0.671792,35472.0,30813.0,True,1.13647,1.13647,41376.0,36046.0,True,0.483104,0.6732578372039795,26754.0,23980.0,True,0.483104,0.680701234959662,26754.0,23980.0,True,0.686503,0.9741938476305604,41582.0,37253.0,True,False,False,0.005506,3.0,26.0,416.5282897949219,220,1.0986123085021973,True,0.0900936126708984,0.203399,0.2934926126708984,0.014711,0.3024018476305604,14828.0,13273.0,0.4646780000000001,-0.6533660000000001,False,False,False,False,True,True
3,80.0,/home/sunshixin/chenchao/my_rlaf/runs/analysis/echosat_symmetry_grpo_v1_7_acceptance_iter=80_canonical_low_warmup_wc3_per_instance.csv,1,random_3sat_control_v220_c942_seed3304,perm_seed1730,random_3sat_control_v220_c942_seed3304_perm1730,random_3sat_control,non_symmetric_control,large,control,none,220,942,10.0,5.0,iter=80,0.71006,0.71006,34825.0,30052.0,True,0.603522,0.603522,33221.0,28818.0,True,0.452508,0.6426618372039795,26445.0,23804.0,True,0.452508,0.6513343487060667,26445.0,23804.0,True,0.641563,0.9304829613769652,40651.0,36413.0,True,False,False,0.006688,3.0,26.0,423.32037353515625,220,1.0986123085021973,True,0.0900936126708984,0.1890549999999999,0.2791486126708985,-0.068497,0.2204229613769651,14206.0,12609.0,-0.106538,-0.1510139999999999,False,True,False,False,True,True
3,80.0,/home/sunshixin/chenchao/my_rlaf/runs/analysis/echosat_symmetry_grpo_v1_7_acceptance_iter=80_canonical_low_warmup_wc3_per_instance.csv,1,random_3sat_control_v220_c942_seed3304,perm_seed1731,random_3sat_control_v220_c942_seed3304_perm1731,random_3sat_control,non_symmetric_control,large,control,none,220,942,10.0,5.0,iter=80,0.724085,0.724085,38737.0,33758.0,True,0.805158,0.805158,38909.0,33544.0,True,0.456624,0.6467778372039794,26149.0,23448.0,True,0.456624,0.6544686875376104,26149.0,23448.0,True,0.643862,0.931800300208509,40689.0,36494.0,True,False,False,0.005606,3.0,26.0,418.775390625,220,1.0986123085021973,True,0.0900936126708984,0.187238,0.2773316126708985,-0.0802229999999999,0.207715300208509,14540.0,13046.0,0.081073,-0.348534,False,True,False,False,True,True
3,80.0,/home/sunshixin/chenchao/my_rlaf/runs/analysis/echosat_symmetry_grpo_v1_7_acceptance_iter=80_canonical_low_warmup_wc3_per_instance.csv,1,random_3sat_control_v260_c1097_seed3305,base,random_3sat_control_v260_c1097_seed3305,random_3sat_control,non_symmetric_control,large,control,none,260,1097,10.0,5.0,iter=80,6.92671,6.92671,216854.0,188499.0,True,2.23854,2.23854,73626.0,64181.0,True,1.29927,1.4894238372039794,60642.0,54350.0,True,1.29927,1.4948101255028845,60642.0,54350.0,True,0.963856,1.2494897381737828,51164.0,45305.0,True,False,False,0.003269,3.0,35.0,492.83697509765625,260,1.0986123085021973,True,0.0900936126708984,-0.3354139999999999,-0.2453203873291016,-5.962854,-5.677220261826217,-9478.0,-9045.0,-4.68817,-0.93927,True,True,True,True,False,True
3,80.0,/home/sunshixin/chenchao/my_rlaf/runs/analysis/echosat_symmetry_grpo_v1_7_acceptance_iter=80_canonical_low_warmup_wc3_per_instance.csv,1,random_3sat_control_v260_c1097_seed3305,perm_seed1730,random_3sat_control_v260_c1097_seed3305_perm1730,random_3sat_control,non_symmetric_control,large,control,none,260,1097,10.0,5.0,iter=80,7.24519,7.24519,224505.0,195557.0,True,0.563628,0.563628,27246.0,23387.0,True,1.26371,1.4538638372039796,60686.0,54724.0,True,1.26371,1.46152981113261,60686.0,54724.0,True,0.897795,1.1857084238035085,47274.0,41559.0,True,False,False,0.005586,3.0,35.0,494.8829650878906,260,1.0986123085021973,True,0.0900936126708984,-0.3659150000000001,-0.2758213873291015,-6.347395,-6.059481576196491,-13412.0,-13165.0,-6.681562,0.7000820000000001,True,True,True,True,False,True
3,80.0,/home/sunshixin/chenchao/my_rlaf/runs/analysis/echosat_symmetry_grpo_v1_7_acceptance_iter=80_canonical_low_warmup_wc3_per_instance.csv,1,random_3sat_control_v260_c1097_seed3305,perm_seed1731,random_3sat_control_v260_c1097_seed3305_perm1731,random_3sat_control,non_symmetric_control,large,control,none,260,1097,10.0,5.0,iter=80,3.86831,3.86831,105916.0,92052.0,True,5.88263,5.88263,162997.0,142194.0,True,1.02648,1.2166338372039796,48534.0,43247.0,True,1.02648,1.225430644477129,48534.0,43247.0,True,0.781949,1.0709932571480274,40383.0,35647.0,True,False,False,0.006802,3.0,35.0,493.7220764160156,260,1.0986123085021973,True,0.0900936126708984,-0.244531,-0.1544373873291016,-3.086361,-2.7973167428519727,-8151.0,-7600.0,2.01432,-4.85615,True,True,True,True,False,True
3,80.0,/home/sunshixin/chenchao/my_rlaf/runs/analysis/echosat_symmetry_grpo_v1_7_acceptance_iter=80_canonical_low_warmup_wc3_per_instance.csv,1,random_3sat_control_v260_c1113_seed3306,base,random_3sat_control_v260_c1113_seed3306,random_3sat_control,non_symmetric_control,large,control,none,260,1113,10.0,5.0,iter=80,5.37408,5.37408,178146.0,155541.0,True,6.03959,6.03959,186876.0,163308.0,True,6.35887,6.549023837203979,226200.0,205404.0,True,6.35887,6.558029099958002,226200.0,205404.0,True,6.22128,6.510532712628901,259876.0,229090.0,True,False,False,0.006971,3.0,34.0,480.0674743652344,260,0.6931471824645996,True,0.0900936126708984,-0.1375899999999994,-0.047496387329101,0.8472,1.136452712628901,33676.0,23686.0,0.6655099999999994,0.31928,True,False,False,False,True,True
3,80.0,/home/sunshixin/chenchao/my_rlaf/runs/analysis/echosat_symmetry_grpo_v1_7_acceptance_iter=80_canonical_low_warmup_wc3_per_instance.csv,1,random_3sat_control_v260_c1113_seed3306,perm_seed1730,random_3sat_control_v260_c1113_seed3306_perm1730,random_3sat_control,non_symmetric_control,large,control,none,260,1113,10.0,5.0,iter=80,5.04233,5.04233,171334.0,149746.0,True,6.90526,6.90526,206936.0,180741.0,True,5.5762,5.76635383720398,206101.0,186162.0,True,5.5762,5.771725916691005,206101.0,186162.0,True,5.95673,6.242349529361904,258525.0,228633.0,True,False,False,0.003403,3.0,34.0,478.7396240234375,260,0.6931471824645996,True,0.0900936126708984,0.3805300000000002,0.4706236126708987,0.9144000000000004,1.2000195293619038,52424.0,42471.0,1.8629300000000004,-1.32906,False,False,False,False,True,True
3,80.0,/home/sunshixin/chenchao/my_rlaf/runs/analysis/echosat_symmetry_grpo_v1_7_acceptance_iter=80_canonical_low_warmup_wc3_per_instance.csv,1,random_3sat_control_v260_c1113_seed3306,perm_seed1731,random_3sat_control_v260_c1113_seed3306_perm1731,random_3sat_control,non_symmetric_control,large,control,none,260,1113,10.0,5.0,iter=80,6.46099,6.46099,202621.0,177648.0,True,7.13222,7.13222,214985.0,187707.0,True,5.99507,6.142893572158814,217745.0,196903.0,True,5.99507,6.150278432347476,217745.0,196903.0,True,6.25831,6.4286434685871,264004.0,232751.0,True,False,False,0.00529,3.0,34.0,481.5274658203125,260,0.6931471824645996,True,0.015125036239624,0.2632399999999997,0.2783650362396237,-0.2026799999999999,-0.0323465314128998,46259.0,35848.0,0.6712300000000004,-1.13715,False,True,True,False,True,True
3,80.0,/home/sunshixin/chenchao/my_rlaf/runs/analysis/echosat_symmetry_grpo_v1_7_acceptance_iter=80_canonical_low_warmup_wc3_per_instance.csv,1,random_3sat_control_v300_c1266_seed3307,base,random_3sat_control_v300_c1266_seed3307,random_3sat_control,non_symmetric_control,large,control,none,300,1266,10.0,5.0,iter=80,0.218753,0.218753,12894.0,10895.0,True,2.47127,2.47127,71356.0,61376.0,True,0.008429,0.1562525721588134,288.0,182.0,True,0.008429,0.1654592470207214,288.0,182.0,True,0.031182,0.2033372832603454,2222.0,1740.0,True,False,False,0.00705,3.0,48.0,628.0397338867188,300,1.0986123085021973,True,0.015125036239624,0.022753,0.0378780362396239,-0.187571,-0.0154157167396546,1934.0,1558.0,2.252517,-2.462841,False,True,True,False,True,True
3,80.0,/home/sunshixin/chenchao/my_rlaf/runs/analysis/echosat_symmetry_grpo_v1_7_acceptance_iter=80_canonical_low_warmup_wc3_per_instance.csv,1,random_3sat_control_v300_c1266_seed3307,perm_seed1730,random_3sat_control_v300_c1266_seed3307_perm1730,random_3sat_control,non_symmetric_control,large,control,none,300,1266,10.0,5.0,iter=80,1.46969,1.46969,43103.0,37339.0,True,2.05759,2.05759,63498.0,54506.0,True,0.01683,0.1646535721588135,321.0,205.0,True,0.01683,0.1708097944828868,321.0,205.0,True,0.042591,0.2116958307225108,2895.0,2378.0,True,False,False,0.00405,3.0,48.0,619.230712890625,300,1.0986123085021973,True,0.015125036239624,0.0257609999999999,0.040886036239624,-1.427099,-1.2579941692774892,2574.0,2173.0,0.5878999999999999,-2.04076,False,True,True,False,True,True
3,80.0,/home/sunshixin/chenchao/my_rlaf/runs/analysis/echosat_symmetry_grpo_v1_7_acceptance_iter=80_canonical_low_warmup_wc3_per_instance.csv,1,random_3sat_control_v300_c1266_seed3307,perm_seed1731,random_3sat_control_v300_c1266_seed3307_perm1731,random_3sat_control,non_symmetric_control,large,control,none,300,1266,10.0,5.0,iter=80,1.9951,1.9951,66962.0,57424.0,True,0.115774,0.115774,7524.0,6304.0,True,0.015716,0.1635395721588134,375.0,247.0,True,0.015716,0.1736342353094816,375.0,247.0,True,0.039719,0.2127622715491056,2790.0,2244.0,True,False,False,0.007886,3.0,48.0,626.5236206054688,300,1.0986123085021973,True,0.015125036239624,0.0240029999999999,0.0391280362396239,-1.955381,-1.7823377284508946,2415.0,1997.0,-1.879326,-0.100058,False,True,True,False,True,True
3,80.0,/home/sunshixin/chenchao/my_rlaf/runs/analysis/echosat_symmetry_grpo_v1_7_acceptance_iter=80_canonical_low_warmup_wc3_per_instance.csv,1,subset_cardinality_bw10,base,subset_cardinality_bw10,subset_cardinality,weak_symmetry,large,main,weak,41,92,10.0,5.0,iter=80,0.001815,0.001815,193.0,141.0,True,0.001899,0.001899,237.0,193.0,True,0.001772,0.1495955721588134,162.0,142.0,True,0.001772,0.1518653019444942,162.0,142.0,True,0.001922,0.1671403381841182,188.0,155.0,True,True,True,0.000636,3.0,8.0,94.86821746826172,41,1.0986123085021973,True,0.015125036239624,0.00015,0.0152750362396239,0.000107,0.1653253381841181,26.0,13.0,8.400000000000009e-05,-0.000127,False,False,False,False,True,False
3,80.0,/home/sunshixin/chenchao/my_rlaf/runs/analysis/echosat_symmetry_grpo_v1_7_acceptance_iter=80_canonical_low_warmup_wc3_per_instance.csv,1,subset_cardinality_bw10,perm_seed1730,subset_cardinality_bw10_perm1730,subset_cardinality,weak_symmetry,large,main,weak,41,92,10.0,5.0,iter=80,0.0,0.0,218.0,167.0,True,0.004556,0.004556,221.0,169.0,True,0.00185,0.1496735721588134,156.0,137.0,True,0.00185,0.151225949986279,156.0,137.0,True,0.001529,0.166029986225903,176.0,143.0,True,True,True,0.0,3.0,10.0,98.69181823730467,41,1.0986123085021973,True,0.015125036239624,-0.000321,0.014804036239624,0.001529,0.166029986225903,20.0,6.0,0.004556,-0.002706,True,False,False,False,True,False
3,80.0,/home/sunshixin/chenchao/my_rlaf/runs/analysis/echosat_symmetry_grpo_v1_7_acceptance_iter=80_canonical_low_warmup_wc3_per_instance.csv,1,subset_cardinality_bw10,perm_seed1731,subset_cardinality_bw10_perm1731,subset_cardinality,weak_symmetry,large,main,weak,41,92,10.0,5.0,iter=80,0.001242,0.001242,202.0,147.0,True,0.002292,0.002292,247.0,155.0,True,0.004365,0.1521885721588134,203.0,164.0,True,0.004365,0.1547243189390897,203.0,164.0,True,0.001498,0.1669823551787138,214.0,153.0,True,True,True,0.000994,3.0,7.0,87.48927307128906,41,1.0986123085021973,True,0.015125036239624,-0.0028669999999999,0.012258036239624,0.0002559999999999,0.1657403551787138,11.0,-11.0,0.00105,0.0020729999999999,True,False,False,False,True,False
3,80.0,/home/sunshixin/chenchao/my_rlaf/runs/analysis/echosat_symmetry_grpo_v1_7_acceptance_iter=80_canonical_low_warmup_wc3_per_instance.csv,1,subset_cardinality_bw12,base,subset_cardinality_bw12,subset_cardinality,weak_symmetry,large,main,weak,49,108,10.0,5.0,iter=80,0.001824,0.001824,442.0,342.0,True,0.003475,0.003475,491.0,414.0,True,0.002168,0.1499915721588134,384.0,312.0,True,0.002168,0.1515120559133887,384.0,312.0,True,0.00204,0.1665090921530127,425.0,309.0,True,True,True,0.0,3.0,12.0,104.73371887207033,49,0.6931471824645996,True,0.015125036239624,-0.0001279999999999,0.014997036239624,0.000216,0.1646850921530127,41.0,-3.0,0.0016509999999999,-0.001307,True,False,False,False,True,False
3,80.0,/home/sunshixin/chenchao/my_rlaf/runs/analysis/echosat_symmetry_grpo_v1_7_acceptance_iter=80_canonical_low_warmup_wc3_per_instance.csv,1,subset_cardinality_bw12,perm_seed1730,subset_cardinality_bw12_perm1730,subset_cardinality,weak_symmetry,large,main,weak,49,108,10.0,5.0,iter=80,0.000281,0.000281,440.0,329.0,True,0.002919,0.002919,397.0,314.0,True,0.0,0.0472853183746337,343.0,268.0,True,0.0,0.0511006907055378,343.0,268.0,True,0.002162,0.0833351413433551,388.0,311.0,True,True,True,0.002251,3.0,9.0,101.82083892822266,49,1.0986123085021973,True,0.0300724506378173,0.002162,0.0322344506378173,0.0018809999999999,0.083054141343355,45.0,43.0,0.002638,-0.002919,False,False,False,False,True,False
3,80.0,/home/sunshixin/chenchao/my_rlaf/runs/analysis/echosat_symmetry_grpo_v1_7_acceptance_iter=80_canonical_low_warmup_wc3_per_instance.csv,1,subset_cardinality_bw12,perm_seed1731,subset_cardinality_bw12_perm1731,subset_cardinality,weak_symmetry,large,main,weak,49,108,10.0,5.0,iter=80,0.002079,0.002079,393.0,297.0,True,0.002763,0.002763,439.0,311.0,True,0.002787,0.0500723183746337,363.0,285.0,True,0.002787,0.0531559674574136,363.0,285.0,True,0.002311,0.082752418095231,348.0,296.0,True,True,True,0.00153,3.0,11.0,104.3914794921875,49,1.0986123085021973,True,0.0300724506378173,-0.0004759999999999,0.0295964506378174,0.000232,0.080673418095231,-15.0,11.0,0.0006839999999999,2.400000000000015e-05,True,False,False,False,True,False
3,80.0,/home/sunshixin/chenchao/my_rlaf/runs/analysis/echosat_symmetry_grpo_v1_7_acceptance_iter=80_canonical_low_warmup_wc3_per_instance.csv,1,subset_cardinality_bw8,base,subset_cardinality_bw8,subset_cardinality,weak_symmetry,medium,main,weak,33,76,10.0,5.0,iter=80,0.000918,0.000918,89.0,67.0,True,0.001266,0.001266,106.0,76.0,True,0.00326,0.0505453183746337,84.0,69.0,True,0.00326,0.0541914699709415,84.0,69.0,True,0.001218,0.0822219206087589,94.0,76.0,True,True,True,0.0019,3.0,13.0,75.20963287353516,33,1.0986123085021973,True,0.0300724506378173,-0.002042,0.0280304506378173,0.0002999999999999,0.0813039206087588,10.0,7.0,0.000348,0.001994,True,False,False,False,True,False
3,80.0,/home/sunshixin/chenchao/my_rlaf/runs/analysis/echosat_symmetry_grpo_v1_7_acceptance_iter=80_canonical_low_warmup_wc3_per_instance.csv,1,subset_cardinality_bw8,perm_seed1730,subset_cardinality_bw8_perm1730,subset_cardinality,weak_symmetry,medium,main,weak,33,76,10.0,5.0,iter=80,0.000917,0.000917,110.0,76.0,True,0.001169,0.001169,127.0,80.0,True,0.001681,0.0489663183746337,100.0,79.0,True,0.001681,0.0527135386372208,100.0,79.0,True,0.001309,0.0824139892750382,119.0,76.0,True,True,True,0.00182,3.0,15.0,80.51530456542969,33,1.0986123085021973,True,0.0300724506378173,-0.0003719999999999,0.0297004506378173,0.000392,0.0814969892750381,19.0,-3.0,0.0002519999999999,0.000512,True,False,False,False,True,False
3,80.0,/home/sunshixin/chenchao/my_rlaf/runs/analysis/echosat_symmetry_grpo_v1_7_acceptance_iter=80_canonical_low_warmup_wc3_per_instance.csv,1,subset_cardinality_bw8,perm_seed1731,subset_cardinality_bw8_perm1731,subset_cardinality,weak_symmetry,medium,main,weak,33,76,10.0,5.0,iter=80,0.000911,0.000911,91.0,70.0,True,0.000338,0.000338,102.0,79.0,True,0.001515,0.0488003183746337,81.0,70.0,True,0.001515,0.0525308642041683,81.0,70.0,True,0.001128,0.0822163148419857,91.0,76.0,True,True,True,0.001855,3.0,12.0,79.57261657714844,33,1.0986123085021973,True,0.0300724506378173,-0.000387,0.0296854506378174,0.000217,0.0813053148419857,10.0,6.0,-0.000573,0.001177,True,False,False,False,True,False
3,80.0,/home/sunshixin/chenchao/my_rlaf/runs/analysis/echosat_symmetry_grpo_v1_7_acceptance_iter=80_canonical_low_warmup_wc3_per_instance.csv,2,k10_color9,base,k10_color9,complete_coloring,strong_symmetry,large,main,strong,90,775,10.0,5.0,iter=80,4.38653,4.38653,340861.0,314066.0,True,4.41085,4.41085,322229.0,299168.0,True,4.55219,5.1510989012146,321840.0,298649.0,True,4.55219,5.162168239856184,321840.0,298649.0,True,4.00547,4.678286794238508,340002.0,317794.0,True,True,True,0.009037,3.0,9.0,195.45620727539065,90,1.0986123085021973,True,0.0628385543823242,-0.5467200000000005,-0.4838814456176763,-0.3810599999999997,0.2917567942385082,18162.0,19145.0,0.0243200000000003,0.1413400000000004,True,True,False,False,True,False
3,80.0,/home/sunshixin/chenchao/my_rlaf/runs/analysis/echosat_symmetry_grpo_v1_7_acceptance_iter=80_canonical_low_warmup_wc3_per_instance.csv,2,k10_color9,perm_seed1730,k10_color9_perm1730,complete_coloring,strong_symmetry,large,main,strong,90,775,10.0,5.0,iter=80,5.00236,5.00236,413643.0,382655.0,True,4.30415,4.30415,283792.0,262594.0,True,3.98059,4.579498901214599,247778.0,229737.0,True,3.98059,4.587858805934906,247778.0,229737.0,True,3.71774,4.38784736031723,333128.0,310050.0,True,True,True,0.007052,3.0,9.0,194.30953979492188,90,1.0986123085021973,True,0.0628385543823242,-0.2628499999999998,-0.200011445617676,-1.2846200000000003,-0.6145126396827703,85350.0,80313.0,-0.6982100000000004,-0.32356,True,True,True,False,True,False
3,80.0,/home/sunshixin/chenchao/my_rlaf/runs/analysis/echosat_symmetry_grpo_v1_7_acceptance_iter=80_canonical_low_warmup_wc3_per_instance.csv,2,k10_color9,perm_seed1731,k10_color9_perm1731,complete_coloring,strong_symmetry,large,main,strong,90,775,10.0,5.0,iter=80,4.14745,4.14745,340033.0,312592.0,True,3.87551,3.87551,290369.0,269757.0,True,3.99721,4.5961189012146,290369.0,269757.0,True,3.99721,4.606232279883503,290369.0,269757.0,True,4.5323,5.204160834265828,331745.0,312573.0,True,True,True,0.008848,3.0,9.0,193.47189331054688,90,1.0986123085021973,True,0.0628385543823242,0.5350900000000003,0.5979285543823245,0.3848500000000001,1.0567108342658278,41376.0,42816.0,-0.2719400000000003,0.1217000000000001,False,False,False,False,True,False
3,80.0,/home/sunshixin/chenchao/my_rlaf/runs/analysis/echosat_symmetry_grpo_v1_7_acceptance_iter=80_canonical_low_warmup_wc3_per_instance.csv,2,k8_color7,base,k8_color7,complete_coloring,strong_symmetry,large,main,strong,56,372,10.0,5.0,iter=80,0.045959,0.045959,6158.0,5600.0,True,0.045852,0.045852,5946.0,5440.0,True,0.051398,0.6503069012145997,5946.0,5440.0,True,0.051398,0.657150417642951,5946.0,5440.0,True,0.03195,0.7005409720252752,5490.0,5053.0,True,True,True,0.003998,3.0,7.0,125.01708984375,56,1.0986123085021973,True,0.0628385543823242,-0.019448,0.0433905543823242,-0.014009,0.6545819720252752,-456.0,-387.0,-0.000107,0.005546,True,True,False,True,False,False
3,80.0,/home/sunshixin/chenchao/my_rlaf/runs/analysis/echosat_symmetry_grpo_v1_7_acceptance_iter=80_canonical_low_warmup_wc3_per_instance.csv,2,k8_color7,perm_seed1730,k8_color7_perm1730,complete_coloring,strong_symmetry,large,main,strong,56,372,10.0,5.0,iter=80,0.043845,0.043845,6138.0,5624.0,True,0.052407,0.052407,6264.0,5696.0,True,0.058359,0.6572679012145997,6264.0,5696.0,True,0.058359,0.6621903784112931,6264.0,5696.0,True,0.031741,0.6984109327936173,5686.0,5200.0,True,True,True,0.003774,3.0,7.0,125.1129913330078,56,1.0986123085021973,True,0.0628385543823242,-0.026618,0.0362205543823241,-0.012104,0.6545659327936173,-578.0,-496.0,0.008562,0.0059519999999999,True,True,False,True,False,False
3,80.0,/home/sunshixin/chenchao/my_rlaf/runs/analysis/echosat_symmetry_grpo_v1_7_acceptance_iter=80_canonical_low_warmup_wc3_per_instance.csv,2,k8_color7,perm_seed1731,k8_color7_perm1731,complete_coloring,strong_symmetry,large,main,strong,56,372,10.0,5.0,iter=80,0.037139,0.037139,5800.0,5271.0,True,0.065231,0.065231,6148.0,5641.0,True,0.069143,0.6680519012145996,6148.0,5641.0,True,0.069143,0.6727817813453674,6148.0,5641.0,True,0.031244,0.6977213357276917,6065.0,5554.0,True,True,True,0.003563,3.0,7.0,125.51768493652344,56,1.0986123085021973,True,0.0628385543823242,-0.0378989999999999,0.0249395543823243,-0.0058949999999999,0.6605823357276916,-83.0,-87.0,0.028092,0.0039119999999999,True,True,False,True,False,False
3,80.0,/home/sunshixin/chenchao/my_rlaf/runs/analysis/echosat_symmetry_grpo_v1_7_acceptance_iter=80_canonical_low_warmup_wc3_per_instance.csv,2,k9_color8,base,k9_color8,complete_coloring,strong_symmetry,large,main,strong,72,549,10.0,5.0,iter=80,0.703777,0.703777,46557.0,43529.0,True,0.705869,0.705869,44352.0,41138.0,True,0.58614,1.1850489012145995,43519.0,40436.0,True,0.58614,1.1867718563016056,43519.0,40436.0,True,0.440995,1.1044654106839298,39547.0,36846.0,True,True,True,0.000558,3.0,8.0,158.36375427246094,72,1.0986123085021973,True,0.0628385543823242,-0.1451449999999999,-0.0823064456176758,-0.2627819999999999,0.4006884106839298,-3972.0,-3590.0,0.0020919999999999,-0.1197289999999999,True,True,False,True,False,False
3,80.0,/home/sunshixin/chenchao/my_rlaf/runs/analysis/echosat_symmetry_grpo_v1_7_acceptance_iter=80_canonical_low_warmup_wc3_per_instance.csv,2,k9_color8,perm_seed1730,k9_color8_perm1730,complete_coloring,strong_symmetry,large,main,strong,72,549,10.0,5.0,iter=80,0.48132,0.48132,39708.0,36681.0,True,0.725242,0.725242,45794.0,42555.0,True,0.743624,1.3425329012145997,45794.0,42555.0,True,0.743624,1.3461069686902762,45794.0,42555.0,True,0.436175,1.1014965230726004,44352.0,41061.0,True,True,True,0.002418,3.0,10.0,157.64891052246094,72,1.0986123085021973,True,0.0628385543823242,-0.307449,-0.2446104456176758,-0.045145,0.6201765230726004,-1442.0,-1494.0,0.243922,0.0183819999999999,True,True,False,True,False,False
3,80.0,/home/sunshixin/chenchao/my_rlaf/runs/analysis/echosat_symmetry_grpo_v1_7_acceptance_iter=80_canonical_low_warmup_wc3_per_instance.csv,2,k9_color8,perm_seed1731,k9_color8_perm1731,complete_coloring,strong_symmetry,large,main,strong,72,549,10.0,5.0,iter=80,0.630389,0.630389,47177.0,43763.0,True,0.747006,0.747006,47579.0,44103.0,True,0.857817,1.7162447629852295,47579.0,44103.0,True,0.857817,1.7224608920532467,47579.0,44103.0,True,0.46314,1.3993457054077387,42307.0,39488.0,True,True,True,0.005013,3.0,8.0,158.0809783935547,72,1.0986123085021973,True,0.0715618133544921,-0.394677,-0.323115186645508,-0.1672489999999999,0.7689567054077387,-5272.0,-4615.0,0.1166169999999999,0.1108110000000001,True,True,False,True,False,False
3,80.0,/home/sunshixin/chenchao/my_rlaf/runs/analysis/echosat_symmetry_grpo_v1_7_acceptance_iter=80_canonical_low_warmup_wc3_per_instance.csv,2,php_p10_h9,base,php_p10_h9,php,strong_symmetry,large,main,strong,90,775,10.0,5.0,iter=80,4.43242,4.43242,340861.0,314066.0,True,4.35688,4.35688,322229.0,299168.0,True,4.65526,5.51368776298523,321840.0,298649.0,True,4.65526,5.51836613233769,321840.0,298649.0,True,4.0606,4.995267945692182,340002.0,317794.0,True,True,True,0.003444,3.0,9.0,195.45620727539065,90,1.0986123085021973,True,0.0715618133544921,-0.5946600000000002,-0.523098186645508,-0.3718199999999996,0.562847945692182,18162.0,19145.0,-0.0755399999999992,0.2983799999999998,True,True,False,False,True,False
3,80.0,/home/sunshixin/chenchao/my_rlaf/runs/analysis/echosat_symmetry_grpo_v1_7_acceptance_iter=80_canonical_low_warmup_wc3_per_instance.csv,2,php_p10_h9,perm_seed1730,php_p10_h9_perm1730,php,strong_symmetry,large,main,strong,90,775,10.0,5.0,iter=80,5.06844,5.06844,413643.0,382655.0,True,4.51173,4.51173,283792.0,262594.0,True,4.2876,5.14602776298523,247778.0,229737.0,True,4.2876,5.150790141230941,247778.0,229737.0,True,3.72202,4.656771954585433,333128.0,310050.0,True,True,True,0.003522,3.0,9.0,194.30953979492188,90,1.0986123085021973,True,0.0715618133544921,-0.5655800000000002,-0.4940181866455084,-1.3464199999999995,-0.4116680454145669,85350.0,80313.0,-0.5567099999999998,-0.2241299999999997,True,True,True,False,True,False
3,80.0,/home/sunshixin/chenchao/my_rlaf/runs/analysis/echosat_symmetry_grpo_v1_7_acceptance_iter=80_canonical_low_warmup_wc3_per_instance.csv,2,php_p10_h9,perm_seed1731,php_p10_h9_perm1731,php,strong_symmetry,large,main,strong,90,775,10.0,5.0,iter=80,4.16635,4.16635,340033.0,312592.0,True,4.29077,4.29077,290369.0,269757.0,True,4.15715,5.015577762985229,290369.0,269757.0,True,4.15715,5.025317473746776,290369.0,269757.0,True,4.27997,5.219699287101268,331745.0,312573.0,True,True,True,0.008464,3.0,9.0,193.47189331054688,90,1.0986123085021973,True,0.0715618133544921,0.1228199999999999,0.1943818133544921,0.1136199999999991,1.053349287101268,41376.0,42816.0,0.1244199999999997,-0.1336200000000005,False,False,False,False,True,False
3,80.0,/home/sunshixin/chenchao/my_rlaf/runs/analysis/echosat_symmetry_grpo_v1_7_acceptance_iter=80_canonical_low_warmup_wc3_per_instance.csv,2,php_p9_h8,base,php_p9_h8,php,strong_symmetry,large,main,strong,72,549,10.0,5.0,iter=80,0.706009,0.706009,46557.0,43529.0,True,0.677259,0.677259,44352.0,41138.0,True,0.772281,1.6307087629852297,43519.0,40436.0,True,0.772281,1.6368870307561756,43519.0,40436.0,True,0.50839,1.4445578441106677,39547.0,36846.0,True,True,True,0.005014,3.0,8.0,158.36375427246094,72,1.0986123085021973,True,0.0715618133544921,-0.263891,-0.1923291866455079,-0.197619,0.7385488441106677,-3972.0,-3590.0,-0.0287499999999999,0.0950219999999999,True,True,False,True,False,False
3,80.0,/home/sunshixin/chenchao/my_rlaf/runs/analysis/echosat_symmetry_grpo_v1_7_acceptance_iter=80_canonical_low_warmup_wc3_per_instance.csv,2,php_p9_h8,perm_seed1730,php_p9_h8_perm1730,php,strong_symmetry,large,main,strong,72,549,10.0,5.0,iter=80,0.503041,0.503041,39708.0,36681.0,True,0.727828,0.727828,45794.0,42555.0,True,0.709688,1.5681157629852294,45794.0,42555.0,True,0.709688,1.5742420103616714,45794.0,42555.0,True,0.4467,1.3828158237161636,44352.0,41061.0,True,True,True,0.004919,3.0,10.0,157.64891052246094,72,1.0986123085021973,True,0.0715618133544921,-0.262988,-0.1914261866455078,-0.0563409999999999,0.8797748237161637,-1442.0,-1494.0,0.224787,-0.01814,True,True,False,True,False,False
3,80.0,/home/sunshixin/chenchao/my_rlaf/runs/analysis/echosat_symmetry_grpo_v1_7_acceptance_iter=80_canonical_low_warmup_wc3_per_instance.csv,2,php_p9_h8,perm_seed1731,php_p9_h8_perm1731,php,strong_symmetry,large,main,strong,72,549,10.0,5.0,iter=80,0.685554,0.685554,47177.0,43763.0,True,0.633642,0.633642,47579.0,44103.0,True,0.754439,1.6128667629852296,47579.0,44103.0,True,0.754439,1.6172468047221302,47579.0,44103.0,True,0.470043,1.4044126180766223,42307.0,39488.0,True,True,True,0.003149,3.0,8.0,158.0809783935547,72,1.0986123085021973,True,0.0715618133544921,-0.284396,-0.2128341866455079,-0.215511,0.7188586180766223,-5272.0,-4615.0,-0.0519119999999999,0.1207969999999999,True,True,False,True,False,False
3,80.0,/home/sunshixin/chenchao/my_rlaf/runs/analysis/echosat_symmetry_grpo_v1_7_acceptance_iter=80_canonical_low_warmup_wc3_per_instance.csv,2,random_3sat_control_v160_c704_seed2615,base,random_3sat_control_v160_c704_seed2615,random_3sat_control,non_symmetric_control,large,control,none,160,704,10.0,5.0,iter=80,0.071948,0.071948,6771.0,5767.0,True,0.053127,0.053127,5702.0,4813.0,True,0.052384,0.9108117629852296,4859.0,4212.0,True,0.052384,0.9173440847954154,4859.0,4212.0,True,0.050433,0.9869548981499076,5183.0,4431.0,True,False,False,0.005151,3.0,22.0,360.5569458007813,160,1.0986123085021973,True,0.0715618133544921,-0.001951,0.0696108133544921,-0.021515,0.9150068981499077,324.0,219.0,-0.0188209999999999,-0.000743,True,True,False,False,True,True
3,80.0,/home/sunshixin/chenchao/my_rlaf/runs/analysis/echosat_symmetry_grpo_v1_7_acceptance_iter=80_canonical_low_warmup_wc3_per_instance.csv,2,random_3sat_control_v160_c704_seed2615,perm_seed1730,random_3sat_control_v160_c704_seed2615_perm1730,random_3sat_control,non_symmetric_control,large,control,none,160,704,10.0,5.0,iter=80,0.103456,0.103456,8522.0,7299.0,True,0.084637,0.084637,7934.0,6809.0,True,0.049035,0.2038134805297851,4602.0,4008.0,True,0.049035,0.2071144903228879,4602.0,4008.0,True,0.044679,0.2175454490173459,5196.0,4419.0,True,False,False,0.001862,3.0,22.0,363.3272399902344,160,1.0986123085021973,True,0.014786958694458,-0.0043559999999999,0.010430958694458,-0.058777,0.1140894490173459,594.0,411.0,-0.018819,-0.035602,True,True,False,False,True,True
3,80.0,/home/sunshixin/chenchao/my_rlaf/runs/analysis/echosat_symmetry_grpo_v1_7_acceptance_iter=80_canonical_low_warmup_wc3_per_instance.csv,2,random_3sat_control_v160_c704_seed2615,perm_seed1731,random_3sat_control_v160_c704_seed2615_perm1731,random_3sat_control,non_symmetric_control,large,control,none,160,704,10.0,5.0,iter=80,0.046925,0.046925,5676.0,4847.0,True,0.095539,0.095539,8017.0,6851.0,True,0.0506,0.2053784805297851,4961.0,4384.0,True,0.0506,0.2117419784545302,4961.0,4384.0,True,0.049946,0.2258749371489882,5272.0,4483.0,True,False,False,0.004939,3.0,22.0,364.4381408691406,160,1.0986123085021973,True,0.014786958694458,-0.000654,0.014132958694458,0.0030209999999999,0.1789499371489882,311.0,99.0,0.048614,-0.044939,True,False,False,False,True,True
3,80.0,/home/sunshixin/chenchao/my_rlaf/runs/analysis/echosat_symmetry_grpo_v1_7_acceptance_iter=80_canonical_low_warmup_wc3_per_instance.csv,2,random_3sat_control_v180_c760_seed3301,base,random_3sat_control_v180_c760_seed3301,random_3sat_control,non_symmetric_control,large,control,none,180,760,10.0,5.0,iter=80,0.598114,0.598114,27442.0,23617.0,True,0.13698,0.13698,10470.0,8910.0,True,0.010219,0.1649974805297851,693.0,567.0,True,0.010219,0.1711514642730951,693.0,567.0,True,0.182854,0.3585734229675531,15298.0,13270.0,True,False,False,0.004742,3.0,28.0,430.4636840820313,180,1.0986123085021973,True,0.014786958694458,0.1726349999999999,0.187421958694458,-0.4152600000000001,-0.2395405770324469,14605.0,12703.0,-0.461134,-0.1267609999999999,False,True,True,False,True,True
3,80.0,/home/sunshixin/chenchao/my_rlaf/runs/analysis/echosat_symmetry_grpo_v1_7_acceptance_iter=80_canonical_low_warmup_wc3_per_instance.csv,2,random_3sat_control_v180_c760_seed3301,perm_seed1730,random_3sat_control_v180_c760_seed3301_perm1730,random_3sat_control,non_symmetric_control,large,control,none,180,760,10.0,5.0,iter=80,1.08857,1.08857,47649.0,41152.0,True,0.092532,0.092532,7421.0,6253.0,True,0.006393,0.1611714805297851,643.0,525.0,True,0.006393,0.1631167440081238,643.0,525.0,True,0.161064,0.3325747027025819,13143.0,11385.0,True,False,False,0.000458,3.0,28.0,431.2578125,180,1.0986123085021973,True,0.014786958694458,0.154671,0.1694579586944581,-0.927506,-0.7559952972974182,12500.0,10860.0,-0.996038,-0.086139,False,True,True,False,True,True
3,80.0,/home/sunshixin/chenchao/my_rlaf/runs/analysis/echosat_symmetry_grpo_v1_7_acceptance_iter=80_canonical_low_warmup_wc3_per_instance.csv,2,random_3sat_control_v180_c760_seed3301,perm_seed1731,random_3sat_control_v180_c760_seed3301_perm1731,random_3sat_control,non_symmetric_control,large,control,none,180,760,10.0,5.0,iter=80,0.491176,0.491176,27197.0,23469.0,True,0.124672,0.124672,9011.0,7714.0,True,0.009418,0.1641964805297851,590.0,484.0,True,0.009418,0.1681674182071686,590.0,484.0,True,0.2118,0.3853363769016266,14239.0,12341.0,True,False,False,0.002371,3.0,28.0,430.8958129882813,180,1.0986123085021973,True,0.014786958694458,0.2023819999999999,0.217168958694458,-0.279376,-0.1058396230983734,13649.0,11857.0,-0.366504,-0.115254,False,True,True,False,True,True
3,80.0,/home/sunshixin/chenchao/my_rlaf/runs/analysis/echosat_symmetry_grpo_v1_7_acceptance_iter=80_canonical_low_warmup_wc3_per_instance.csv,2,random_3sat_control_v220_c928_seed3303,base,random_3sat_control_v220_c928_seed3303,random_3sat_control,non_symmetric_control,large,control,none,220,928,10.0,5.0,iter=80,0.742378,0.742378,30277.0,25994.0,True,0.446642,0.446642,22265.0,19025.0,True,0.002561,0.1573394805297851,62.0,4.0,True,0.002561,0.1659901477276683,62.0,4.0,True,0.009322,0.1875381064221263,417.0,310.0,True,False,False,0.007103,3.0,39.0,455.798828125,220,1.0986123085021973,True,0.014786958694458,0.006761,0.0215479586944579,-0.7330559999999999,-0.5548398935778737,355.0,306.0,-0.295736,-0.444081,False,True,True,False,True,True
3,80.0,/home/sunshixin/chenchao/my_rlaf/runs/analysis/echosat_symmetry_grpo_v1_7_acceptance_iter=80_canonical_low_warmup_wc3_per_instance.csv,2,random_3sat_control_v220_c928_seed3303,perm_seed1730,random_3sat_control_v220_c928_seed3303_perm1730,random_3sat_control,non_symmetric_control,large,control,none,220,928,10.0,5.0,iter=80,1.67254,1.67254,52742.0,45477.0,True,0.206919,0.206919,13039.0,11071.0,True,0.005169,0.1599474805297851,62.0,4.0,True,0.005169,0.1674840651348829,62.0,4.0,True,0.00189,0.1789920238293409,309.0,219.0,True,False,False,0.006042,3.0,39.0,453.5053405761719,220,1.0986123085021973,True,0.014786958694458,-0.003279,0.011507958694458,-1.67065,-1.493547976170659,247.0,215.0,-1.4656209999999998,-0.2017499999999999,True,True,True,False,True,True
3,80.0,/home/sunshixin/chenchao/my_rlaf/runs/analysis/echosat_symmetry_grpo_v1_7_acceptance_iter=80_canonical_low_warmup_wc3_per_instance.csv,2,random_3sat_control_v220_c928_seed3303,perm_seed1731,random_3sat_control_v220_c928_seed3303_perm1731,random_3sat_control,non_symmetric_control,large,control,none,220,928,10.0,5.0,iter=80,0.061375,0.061375,4930.0,4147.0,True,0.352392,0.352392,19684.0,16814.0,True,0.005284,0.1600624805297851,63.0,4.0,True,0.005284,0.1675757058880329,63.0,4.0,True,0.006679,0.1837576645824909,434.0,307.0,True,False,False,0.005987,3.0,39.0,458.748046875,220,1.0986123085021973,True,0.014786958694458,0.001395,0.016181958694458,-0.054696,0.1223826645824909,371.0,303.0,0.2910169999999999,-0.3471079999999999,False,True,False,False,True,True
3,80.0,/home/sunshixin/chenchao/my_rlaf/runs/analysis/echosat_symmetry_grpo_v1_7_acceptance_iter=80_canonical_low_warmup_wc3_per_instance.csv,2,random_3sat_control_v220_c942_seed3304,base,random_3sat_control_v220_c942_seed3304,random_3sat_control,non_symmetric_control,large,control,none,220,942,10.0,5.0,iter=80,0.656544,0.656544,35472.0,30813.0,True,0.969336,0.969336,41376.0,36046.0,True,0.472017,0.6465513208312988,26754.0,23980.0,True,0.472017,0.653810682338953,26754.0,23980.0,True,0.686729,0.8719361211359501,41582.0,37253.0,True,False,False,0.005771,3.0,26.0,416.5282897949219,220,1.0986123085021973,True,0.003413438796997,0.214712,0.218125438796997,0.030185,0.21539212113595,14828.0,13273.0,0.3127919999999999,-0.4973189999999999,False,False,False,False,True,True
3,80.0,/home/sunshixin/chenchao/my_rlaf/runs/analysis/echosat_symmetry_grpo_v1_7_acceptance_iter=80_canonical_low_warmup_wc3_per_instance.csv,2,random_3sat_control_v220_c942_seed3304,perm_seed1730,random_3sat_control_v220_c942_seed3304_perm1730,random_3sat_control,non_symmetric_control,large,control,none,220,942,10.0,5.0,iter=80,0.649203,0.649203,34825.0,30052.0,True,0.623286,0.623286,33221.0,28818.0,True,0.425209,0.5997433208312988,26445.0,23804.0,True,0.425209,0.6069451459853052,26445.0,23804.0,True,0.636383,0.8215325847823024,40651.0,36413.0,True,False,False,0.005733,3.0,26.0,423.32037353515625,220,1.0986123085021973,True,0.003413438796997,0.211174,0.2145874387969971,-0.0128199999999999,0.1723295847823024,14206.0,12609.0,-0.0259169999999999,-0.198077,False,True,False,False,True,True
3,80.0,/home/sunshixin/chenchao/my_rlaf/runs/analysis/echosat_symmetry_grpo_v1_7_acceptance_iter=80_canonical_low_warmup_wc3_per_instance.csv,2,random_3sat_control_v220_c942_seed3304,perm_seed1731,random_3sat_control_v220_c942_seed3304_perm1731,random_3sat_control,non_symmetric_control,large,control,none,220,942,10.0,5.0,iter=80,0.763745,0.763745,38737.0,33758.0,True,0.850537,0.850537,38909.0,33544.0,True,0.455892,0.6304263208312988,26149.0,23448.0,True,0.455892,0.6348325633091927,26149.0,23448.0,True,0.646167,0.8285210021061897,40689.0,36494.0,True,False,False,0.002925,3.0,26.0,418.775390625,220,1.0986123085021973,True,0.003413438796997,0.190275,0.193688438796997,-0.1175779999999999,0.0647760021061897,14540.0,13046.0,0.0867919999999999,-0.3946449999999999,False,True,False,False,True,True
3,80.0,/home/sunshixin/chenchao/my_rlaf/runs/analysis/echosat_symmetry_grpo_v1_7_acceptance_iter=80_canonical_low_warmup_wc3_per_instance.csv,2,random_3sat_control_v260_c1097_seed3305,base,random_3sat_control_v260_c1097_seed3305,random_3sat_control,non_symmetric_control,large,control,none,260,1097,10.0,5.0,iter=80,6.56726,6.56726,216854.0,188499.0,True,2.32823,2.32823,73626.0,64181.0,True,1.55566,1.7301943208312989,60642.0,54350.0,True,1.55566,1.7409817694457177,60642.0,54350.0,True,1.12203,1.3107652082427146,51164.0,45305.0,True,False,False,0.009173,3.0,35.0,492.83697509765625,260,1.0986123085021973,True,0.003413438796997,-0.4336299999999999,-0.4302165612030031,-5.4452300000000005,-5.2564947917572855,-9478.0,-9045.0,-4.23903,-0.77257,True,True,True,True,False,True
3,80.0,/home/sunshixin/chenchao/my_rlaf/runs/analysis/echosat_symmetry_grpo_v1_7_acceptance_iter=80_canonical_low_warmup_wc3_per_instance.csv,2,random_3sat_control_v260_c1097_seed3305,perm_seed1730,random_3sat_control_v260_c1097_seed3305_perm1730,random_3sat_control,non_symmetric_control,large,control,none,260,1097,10.0,5.0,iter=80,7.43462,7.43462,224505.0,195557.0,True,0.751589,0.751589,27246.0,23387.0,True,1.7613,1.935834320831299,60686.0,54724.0,True,1.7613,1.941202055419445,60686.0,54724.0,True,0.984967,1.168282494216442,47274.0,41559.0,True,False,False,0.003776,3.0,35.0,494.8829650878906,260,1.0986123085021973,True,0.003413438796997,-0.776333,-0.7729195612030029,-6.449653,-6.266337505783557,-13412.0,-13165.0,-6.683031,1.0097110000000002,True,True,True,True,False,True
3,80.0,/home/sunshixin/chenchao/my_rlaf/runs/analysis/echosat_symmetry_grpo_v1_7_acceptance_iter=80_canonical_low_warmup_wc3_per_instance.csv,2,random_3sat_control_v260_c1097_seed3305,perm_seed1731,random_3sat_control_v260_c1097_seed3305_perm1731,random_3sat_control,non_symmetric_control,large,control,none,260,1097,10.0,5.0,iter=80,3.92293,3.92293,105916.0,92052.0,True,5.44886,5.44886,162997.0,142194.0,True,1.10024,1.274774320831299,48534.0,43247.0,True,1.10024,1.2833392930589915,48534.0,43247.0,True,0.750286,0.9367987318559884,40383.0,35647.0,True,False,False,0.006953,3.0,35.0,493.7220764160156,260,1.0986123085021973,True,0.003413438796997,-0.3499540000000001,-0.3465405612030031,-3.172644,-2.986131268144012,-8151.0,-7600.0,1.5259299999999998,-4.34862,True,True,True,True,False,True
3,80.0,/home/sunshixin/chenchao/my_rlaf/runs/analysis/echosat_symmetry_grpo_v1_7_acceptance_iter=80_canonical_low_warmup_wc3_per_instance.csv,2,random_3sat_control_v260_c1113_seed3306,base,random_3sat_control_v260_c1113_seed3306,random_3sat_control,non_symmetric_control,large,control,none,260,1113,10.0,5.0,iter=80,5.47851,5.47851,178146.0,155541.0,True,5.96797,5.96797,186876.0,163308.0,True,6.43187,6.606404320831299,226200.0,205404.0,True,6.43187,6.610959526955664,226200.0,205404.0,True,6.324,6.506502965752661,259876.0,229090.0,True,False,False,0.002803,3.0,34.0,480.0674743652344,260,0.6931471824645996,True,0.003413438796997,-0.1078700000000001,-0.104456561203003,0.8454899999999999,1.0279929657526612,33676.0,23686.0,0.4894600000000002,0.4638999999999997,True,False,False,False,True,True
3,80.0,/home/sunshixin/chenchao/my_rlaf/runs/analysis/echosat_symmetry_grpo_v1_7_acceptance_iter=80_canonical_low_warmup_wc3_per_instance.csv,2,random_3sat_control_v260_c1113_seed3306,perm_seed1730,random_3sat_control_v260_c1113_seed3306_perm1730,random_3sat_control,non_symmetric_control,large,control,none,260,1113,10.0,5.0,iter=80,5.08634,5.08634,171334.0,149746.0,True,6.58688,6.58688,206936.0,180741.0,True,6.23187,6.406404320831299,206101.0,186162.0,True,6.23187,6.414642130287528,206101.0,186162.0,True,6.51786,6.704045569084525,258525.0,228633.0,True,False,False,0.006629,3.0,34.0,478.7396240234375,260,0.6931471824645996,True,0.003413438796997,0.2859899999999999,0.289403438796997,1.43152,1.6177055690845252,52424.0,42471.0,1.50054,-0.35501,False,False,False,False,True,True
3,80.0,/home/sunshixin/chenchao/my_rlaf/runs/analysis/echosat_symmetry_grpo_v1_7_acceptance_iter=80_canonical_low_warmup_wc3_per_instance.csv,2,random_3sat_control_v260_c1113_seed3306,perm_seed1731,random_3sat_control_v260_c1113_seed3306_perm1731,random_3sat_control,non_symmetric_control,large,control,none,260,1113,10.0,5.0,iter=80,6.03339,6.03339,202621.0,177648.0,True,6.90202,6.90202,214985.0,187707.0,True,6.14244,6.250103869857788,217745.0,196903.0,True,6.14244,6.255016550937354,217745.0,196903.0,True,6.33268,6.448189814716041,264004.0,232751.0,True,False,False,0.003346,3.0,34.0,481.5274658203125,260,0.6931471824645996,True,0.0029332637786865,0.1902400000000002,0.1931732637786867,0.29929,0.4147998147160407,46259.0,35848.0,0.8686300000000005,-0.7595800000000006,False,False,False,False,True,True
3,80.0,/home/sunshixin/chenchao/my_rlaf/runs/analysis/echosat_symmetry_grpo_v1_7_acceptance_iter=80_canonical_low_warmup_wc3_per_instance.csv,2,random_3sat_control_v300_c1266_seed3307,base,random_3sat_control_v300_c1266_seed3307,random_3sat_control,non_symmetric_control,large,control,none,300,1266,10.0,5.0,iter=80,0.233502,0.233502,12894.0,10895.0,True,2.53077,2.53077,71356.0,61376.0,True,0.004246,0.111909869857788,288.0,182.0,True,0.004246,0.117526334670186,288.0,182.0,True,0.031178,0.1473915984488725,2222.0,1740.0,True,False,False,0.003954,3.0,48.0,628.0397338867188,300,1.0986123085021973,True,0.0029332637786865,0.026932,0.0298652637786865,-0.2023239999999999,-0.0861104015511274,1934.0,1558.0,2.297268,-2.526524,False,True,True,False,True,True
3,80.0,/home/sunshixin/chenchao/my_rlaf/runs/analysis/echosat_symmetry_grpo_v1_7_acceptance_iter=80_canonical_low_warmup_wc3_per_instance.csv,2,random_3sat_control_v300_c1266_seed3307,perm_seed1730,random_3sat_control_v300_c1266_seed3307_perm1730,random_3sat_control,non_symmetric_control,large,control,none,300,1266,10.0,5.0,iter=80,1.47131,1.47131,43103.0,37339.0,True,2.11005,2.11005,63498.0,54506.0,True,0.011296,0.118959869857788,321.0,205.0,True,0.011296,0.128913646395564,321.0,205.0,True,0.038592,0.1591429101742505,2895.0,2378.0,True,False,False,0.008265,3.0,48.0,619.230712890625,300,1.0986123085021973,True,0.0029332637786865,0.027296,0.0302292637786865,-1.432718,-1.3121670898257494,2574.0,2173.0,0.6387400000000003,-2.098754,False,True,True,False,True,True
3,80.0,/home/sunshixin/chenchao/my_rlaf/runs/analysis/echosat_symmetry_grpo_v1_7_acceptance_iter=80_canonical_low_warmup_wc3_per_instance.csv,2,random_3sat_control_v300_c1266_seed3307,perm_seed1731,random_3sat_control_v300_c1266_seed3307_perm1731,random_3sat_control,non_symmetric_control,large,control,none,300,1266,10.0,5.0,iter=80,2.02009,2.02009,66962.0,57424.0,True,0.143117,0.143117,7524.0,6304.0,True,0.00904,0.116703869857788,375.0,247.0,True,0.00904,0.1248213673402666,375.0,247.0,True,0.044174,0.1628886311189532,2790.0,2244.0,True,False,False,0.006323,3.0,48.0,626.5236206054688,300,1.0986123085021973,True,0.0029332637786865,0.035134,0.0380672637786865,-1.975916,-1.857201368881047,2415.0,1997.0,-1.876973,-0.134077,False,True,True,False,True,True
3,80.0,/home/sunshixin/chenchao/my_rlaf/runs/analysis/echosat_symmetry_grpo_v1_7_acceptance_iter=80_canonical_low_warmup_wc3_per_instance.csv,2,subset_cardinality_bw10,base,subset_cardinality_bw10,subset_cardinality,weak_symmetry,large,main,weak,41,92,10.0,5.0,iter=80,0.001679,0.001679,193.0,141.0,True,0.0,0.0,237.0,193.0,True,0.001837,0.109500869857788,162.0,142.0,True,0.001837,0.1106971201772689,162.0,142.0,True,0.002338,0.1141313839559555,188.0,155.0,True,True,True,0.0,3.0,8.0,94.86821746826172,41,1.0986123085021973,True,0.0029332637786865,0.0005009999999999,0.0034342637786865,0.0006589999999999,0.1124523839559555,26.0,13.0,-0.001679,0.001837,False,False,False,False,True,False
3,80.0,/home/sunshixin/chenchao/my_rlaf/runs/analysis/echosat_symmetry_grpo_v1_7_acceptance_iter=80_canonical_low_warmup_wc3_per_instance.csv,2,subset_cardinality_bw10,perm_seed1730,subset_cardinality_bw10_perm1730,subset_cardinality,weak_symmetry,large,main,weak,41,92,10.0,5.0,iter=80,0.0,0.0,218.0,167.0,True,0.002933,0.002933,221.0,169.0,True,0.001704,0.109367869857788,156.0,137.0,True,0.001704,0.1128991455842256,156.0,137.0,True,0.00272,0.1168484093629121,176.0,143.0,True,True,True,0.002423,3.0,10.0,98.69181823730467,41,1.0986123085021973,True,0.0029332637786865,0.001016,0.0039492637786864,0.00272,0.1168484093629121,20.0,6.0,0.002933,-0.0012289999999999,False,False,False,False,True,False
3,80.0,/home/sunshixin/chenchao/my_rlaf/runs/analysis/echosat_symmetry_grpo_v1_7_acceptance_iter=80_canonical_low_warmup_wc3_per_instance.csv,2,subset_cardinality_bw10,perm_seed1731,subset_cardinality_bw10_perm1731,subset_cardinality,weak_symmetry,large,main,weak,41,92,10.0,5.0,iter=80,0.001282,0.001282,202.0,147.0,True,0.000597,0.000597,247.0,155.0,True,0.001598,0.109261869857788,203.0,164.0,True,0.001598,0.1122616216391325,203.0,164.0,True,0.002329,0.115925885417819,214.0,153.0,True,True,True,0.001902,3.0,7.0,87.48927307128906,41,1.0986123085021973,True,0.0029332637786865,0.0007309999999999,0.0036642637786864,0.001047,0.1146438854178189,11.0,-11.0,-0.000685,0.001001,False,False,False,False,True,False
3,80.0,/home/sunshixin/chenchao/my_rlaf/runs/analysis/echosat_symmetry_grpo_v1_7_acceptance_iter=80_canonical_low_warmup_wc3_per_instance.csv,2,subset_cardinality_bw12,base,subset_cardinality_bw12,subset_cardinality,weak_symmetry,large,main,weak,49,108,10.0,5.0,iter=80,0.00183,0.00183,442.0,342.0,True,0.003759,0.003759,491.0,414.0,True,0.002079,0.109742869857788,384.0,312.0,True,0.002079,0.1127269992207288,384.0,312.0,True,0.000661,0.1142422629994154,425.0,309.0,True,True,True,0.001834,3.0,12.0,104.73371887207033,49,0.6931471824645996,True,0.0029332637786865,-0.001418,0.0015152637786865,-0.001169,0.1124122629994154,41.0,-3.0,0.001929,-0.00168,True,True,False,False,True,False
3,80.0,/home/sunshixin/chenchao/my_rlaf/runs/analysis/echosat_symmetry_grpo_v1_7_acceptance_iter=80_canonical_low_warmup_wc3_per_instance.csv,2,subset_cardinality_bw12,perm_seed1730,subset_cardinality_bw12_perm1730,subset_cardinality,weak_symmetry,large,main,weak,49,108,10.0,5.0,iter=80,0.000263,0.000263,440.0,329.0,True,0.003138,0.003138,397.0,314.0,True,0.002308,0.0551985391693115,343.0,268.0,True,0.002308,0.0568602841060161,343.0,268.0,True,0.002975,0.0782096190059185,388.0,311.0,True,True,True,0.000515,3.0,9.0,101.82083892822266,49,1.0986123085021973,True,0.0206823348999023,0.000667,0.0213493348999023,0.002712,0.0779466190059185,45.0,43.0,0.002875,-0.00083,False,False,False,False,True,False
3,80.0,/home/sunshixin/chenchao/my_rlaf/runs/analysis/echosat_symmetry_grpo_v1_7_acceptance_iter=80_canonical_low_warmup_wc3_per_instance.csv,2,subset_cardinality_bw12,perm_seed1731,subset_cardinality_bw12_perm1731,subset_cardinality,weak_symmetry,large,main,weak,49,108,10.0,5.0,iter=80,0.001843,0.001843,393.0,297.0,True,0.003425,0.003425,439.0,311.0,True,0.002078,0.0549685391693115,363.0,285.0,True,0.002078,0.0560813774450421,363.0,285.0,True,0.000905,0.0755907123449444,348.0,296.0,True,True,True,0.0,3.0,11.0,104.3914794921875,49,1.0986123085021973,True,0.0206823348999023,-0.001173,0.0195093348999022,-0.000938,0.0737477123449444,-15.0,11.0,0.001582,-0.001347,True,True,False,False,True,False
3,80.0,/home/sunshixin/chenchao/my_rlaf/runs/analysis/echosat_symmetry_grpo_v1_7_acceptance_iter=80_canonical_low_warmup_wc3_per_instance.csv,2,subset_cardinality_bw8,base,subset_cardinality_bw8,subset_cardinality,weak_symmetry,medium,main,weak,33,76,10.0,5.0,iter=80,0.000937,0.000937,89.0,67.0,True,0.002333,0.002333,106.0,76.0,True,0.001244,0.0541345391693115,84.0,69.0,True,0.001244,0.0568748641981482,84.0,69.0,True,0.001722,0.0780351990980506,94.0,76.0,True,True,True,0.001609,3.0,13.0,75.20963287353516,33,1.0986123085021973,True,0.0206823348999023,0.0004779999999999,0.0211603348999023,0.000785,0.0770981990980506,10.0,7.0,0.001396,-0.001089,False,False,False,False,True,False
3,80.0,/home/sunshixin/chenchao/my_rlaf/runs/analysis/echosat_symmetry_grpo_v1_7_acceptance_iter=80_canonical_low_warmup_wc3_per_instance.csv,2,subset_cardinality_bw8,perm_seed1730,subset_cardinality_bw8_perm1730,subset_cardinality,weak_symmetry,medium,main,weak,33,76,10.0,5.0,iter=80,0.000921,0.000921,110.0,76.0,True,0.000582,0.000582,127.0,80.0,True,0.001294,0.0541845391693115,100.0,79.0,True,0.001294,0.0568169621633291,100.0,79.0,True,0.0,0.0762052970632314,119.0,76.0,True,True,True,0.001539,3.0,15.0,80.51530456542969,33,1.0986123085021973,True,0.0206823348999023,-0.001294,0.0193883348999023,-0.000921,0.0752842970632313,19.0,-3.0,-0.000339,0.000712,True,True,False,False,True,False
3,80.0,/home/sunshixin/chenchao/my_rlaf/runs/analysis/echosat_symmetry_grpo_v1_7_acceptance_iter=80_canonical_low_warmup_wc3_per_instance.csv,2,subset_cardinality_bw8,perm_seed1731,subset_cardinality_bw8_perm1731,subset_cardinality,weak_symmetry,medium,main,weak,33,76,10.0,5.0,iter=80,0.00092,0.00092,91.0,70.0,True,0.0,0.0,102.0,79.0,True,0.001126,0.0540165391693115,81.0,70.0,True,0.001126,0.0562488903601169,81.0,70.0,True,0.0,0.0758052252600193,91.0,76.0,True,True,True,0.001151,3.0,12.0,79.57261657714844,33,1.0986123085021973,True,0.0206823348999023,-0.001126,0.0195563348999024,-0.00092,0.0748852252600193,10.0,6.0,-0.00092,0.001126,True,True,False,False,True,False
1,115.0,/home/sunshixin/chenchao/my_rlaf/runs/analysis/echosat_symmetry_grpo_v1_7_acceptance_iter=115_canonical_low_warmup_wc1_per_instance.csv,0,k10_color9,base,k10_color9,complete_coloring,strong_symmetry,large,main,strong,90,775,10.0,5.0,iter=115,4.36195,4.36195,340861.0,314066.0,True,4.16278,4.16278,322229.0,299168.0,True,4.15394,4.350485839309693,321840.0,298649.0,True,4.15394,4.3636808582092526,321840.0,298649.0,True,3.36838,3.5919112272430658,277364.0,257689.0,True,True,True,0.011722,1.0,8.0,136.93209838867188,90,0.6931471824645996,True,0.0137903690338134,-0.7855600000000003,-0.7717696309661868,-0.99357,-0.7700387727569344,-44476.0,-40960.0,-0.1991700000000005,-0.0088399999999992,True,True,True,True,False,False
1,115.0,/home/sunshixin/chenchao/my_rlaf/runs/analysis/echosat_symmetry_grpo_v1_7_acceptance_iter=115_canonical_low_warmup_wc1_per_instance.csv,0,k10_color9,perm_seed1730,k10_color9_perm1730,complete_coloring,strong_symmetry,large,main,strong,90,775,10.0,5.0,iter=115,5.54559,5.54559,413643.0,382655.0,True,4.34295,4.34295,283792.0,262594.0,True,4.10094,4.297485839309692,247778.0,229737.0,True,4.10094,4.304449552230298,247778.0,229737.0,True,3.96094,4.178239921264112,283662.0,265513.0,True,True,True,0.006016,1.0,8.0,136.98228454589844,90,0.6931471824645996,True,0.0137903690338134,-0.1399999999999996,-0.1262096309661862,-1.58465,-1.367350078735888,35884.0,35776.0,-1.2026399999999997,-0.2420100000000005,True,True,True,False,True,False
1,115.0,/home/sunshixin/chenchao/my_rlaf/runs/analysis/echosat_symmetry_grpo_v1_7_acceptance_iter=115_canonical_low_warmup_wc1_per_instance.csv,0,k10_color9,perm_seed1731,k10_color9_perm1731,complete_coloring,strong_symmetry,large,main,strong,90,775,10.0,5.0,iter=115,4.3749,4.3749,340033.0,312592.0,True,4.01652,4.01652,290369.0,269757.0,True,4.14829,4.344835839309693,290369.0,269757.0,True,4.14829,4.353158659736276,290369.0,269757.0,True,4.41972,4.638379028770089,340891.0,317138.0,True,True,True,0.007536,1.0,8.0,137.00555419921875,90,0.6931471824645996,True,0.0137903690338134,0.2714299999999996,0.2852203690338131,0.0448199999999996,0.2634790287700888,50522.0,47381.0,-0.3583800000000003,0.1317700000000004,False,False,False,False,True,False
1,115.0,/home/sunshixin/chenchao/my_rlaf/runs/analysis/echosat_symmetry_grpo_v1_7_acceptance_iter=115_canonical_low_warmup_wc1_per_instance.csv,0,k8_color7,base,k8_color7,complete_coloring,strong_symmetry,large,main,strong,56,372,10.0,5.0,iter=115,0.052843,0.052843,6158.0,5600.0,True,0.053309,0.053309,5946.0,5440.0,True,0.059792,0.2563378393096924,5946.0,5440.0,True,0.059792,0.264116650745213,5946.0,5440.0,True,0.042796,0.2609110197790265,5866.0,5315.0,True,True,True,0.007072,1.0,6.0,84.73548889160156,56,0.6931471824645996,True,0.0137903690338134,-0.0169959999999999,-0.0032056309661865,-0.010047,0.2080680197790264,-80.0,-125.0,0.000466,0.0064829999999999,True,True,False,True,False,False
1,115.0,/home/sunshixin/chenchao/my_rlaf/runs/analysis/echosat_symmetry_grpo_v1_7_acceptance_iter=115_canonical_low_warmup_wc1_per_instance.csv,0,k8_color7,perm_seed1730,k8_color7_perm1730,complete_coloring,strong_symmetry,large,main,strong,56,372,10.0,5.0,iter=115,0.053791,0.053791,6138.0,5624.0,True,0.055211,0.055211,6264.0,5696.0,True,0.062006,0.2585518393096924,6264.0,5696.0,True,0.062006,0.266449934226334,6264.0,5696.0,True,0.040327,0.2585613032601476,5657.0,5203.0,True,True,True,0.007205,1.0,6.0,84.79159545898438,56,0.6931471824645996,True,0.0137903690338134,-0.0216789999999999,-0.0078886309661864,-0.0134639999999999,0.2047703032601475,-607.0,-493.0,0.00142,0.0067949999999999,True,True,False,True,False,False
1,115.0,/home/sunshixin/chenchao/my_rlaf/runs/analysis/echosat_symmetry_grpo_v1_7_acceptance_iter=115_canonical_low_warmup_wc1_per_instance.csv,0,k8_color7,perm_seed1731,k8_color7_perm1731,complete_coloring,strong_symmetry,large,main,strong,56,372,10.0,5.0,iter=115,0.034399,0.034399,5800.0,5271.0,True,0.06946,0.06946,6148.0,5641.0,True,0.064264,0.2608098393096923,6148.0,5641.0,True,0.064264,0.2687162500360608,6148.0,5641.0,True,0.036824,0.2550666190698743,6264.0,5687.0,True,True,True,0.007201,1.0,6.0,84.7841796875,56,0.6931471824645996,True,0.0137903690338134,-0.02744,-0.0136496309661864,0.002425,0.2206676190698743,116.0,46.0,0.0350609999999999,-0.0051959999999999,True,False,False,False,True,False
1,115.0,/home/sunshixin/chenchao/my_rlaf/runs/analysis/echosat_symmetry_grpo_v1_7_acceptance_iter=115_canonical_low_warmup_wc1_per_instance.csv,0,k9_color8,base,k9_color8,complete_coloring,strong_symmetry,large,main,strong,72,549,10.0,5.0,iter=115,0.688656,0.688656,46557.0,43529.0,True,0.73929,0.73929,44352.0,41138.0,True,0.642857,0.8394028393096924,43519.0,40436.0,True,0.642857,0.8472201640017629,43519.0,40436.0,True,0.387835,0.6059885330355763,33721.0,31431.0,True,True,True,0.007036,1.0,7.0,109.32144165039062,72,0.6931471824645996,True,0.0137903690338134,-0.255022,-0.2412316309661866,-0.300821,-0.0826674669644237,-9798.0,-9005.0,0.0506339999999999,-0.0964329999999999,True,True,True,True,False,False
1,115.0,/home/sunshixin/chenchao/my_rlaf/runs/analysis/echosat_symmetry_grpo_v1_7_acceptance_iter=115_canonical_low_warmup_wc1_per_instance.csv,0,k9_color8,perm_seed1730,k9_color8_perm1730,complete_coloring,strong_symmetry,large,main,strong,72,549,10.0,5.0,iter=115,0.468277,0.468277,39708.0,36681.0,True,0.877882,0.877882,45794.0,42555.0,True,0.657287,0.8538328393096923,45794.0,42555.0,True,0.657287,0.8630582384402156,45794.0,42555.0,True,0.435422,0.6549836074740291,40354.0,37389.0,True,True,True,0.008514,1.0,7.0,109.58531951904295,72,0.6931471824645996,True,0.0137903690338134,-0.2218649999999999,-0.2080746309661865,-0.032855,0.186706607474029,-5440.0,-5166.0,0.409605,-0.2205950000000001,True,True,False,True,False,False
1,115.0,/home/sunshixin/chenchao/my_rlaf/runs/analysis/echosat_symmetry_grpo_v1_7_acceptance_iter=115_canonical_low_warmup_wc1_per_instance.csv,0,k9_color8,perm_seed1731,k9_color8_perm1731,complete_coloring,strong_symmetry,large,main,strong,72,549,10.0,5.0,iter=115,0.614545,0.614545,47177.0,43763.0,True,0.69822,0.69822,47579.0,44103.0,True,0.752017,0.9136023309631348,47579.0,44103.0,True,0.752017,0.9179903835166096,47579.0,44103.0,True,0.560256,0.7356075783255696,44972.0,41853.0,True,True,True,0.003724,1.0,7.0,109.56788635253906,72,0.6931471824645996,True,0.0093781948089599,-0.191761,-0.18238280519104,-0.054289,0.1210625783255695,-2607.0,-2250.0,0.0836749999999999,0.053797,True,True,False,True,False,False
1,115.0,/home/sunshixin/chenchao/my_rlaf/runs/analysis/echosat_symmetry_grpo_v1_7_acceptance_iter=115_canonical_low_warmup_wc1_per_instance.csv,0,php_p10_h9,base,php_p10_h9,php,strong_symmetry,large,main,strong,90,775,10.0,5.0,iter=115,4.30467,4.30467,340861.0,314066.0,True,4.6675,4.6675,322229.0,299168.0,True,4.14219,4.303775330963135,321840.0,298649.0,True,4.14219,4.310030248021186,321840.0,298649.0,True,3.35906,3.5362784428301453,277364.0,257689.0,True,True,True,0.00562,1.0,8.0,136.93209838867188,90,0.6931471824645996,True,0.0093781948089599,-0.7831300000000003,-0.7737518051910408,-0.9456099999999998,-0.7683915571698545,-44476.0,-40960.0,0.3628300000000006,-0.5253100000000002,True,True,True,True,False,False
1,115.0,/home/sunshixin/chenchao/my_rlaf/runs/analysis/echosat_symmetry_grpo_v1_7_acceptance_iter=115_canonical_low_warmup_wc1_per_instance.csv,0,php_p10_h9,perm_seed1730,php_p10_h9_perm1730,php,strong_symmetry,large,main,strong,90,775,10.0,5.0,iter=115,5.21413,5.21413,413643.0,382655.0,True,4.76992,4.76992,283792.0,262594.0,True,4.14972,4.311305330963135,247778.0,229737.0,True,4.14972,4.317376364418924,247778.0,229737.0,True,4.28159,4.458624559227883,297908.0,279546.0,True,True,True,0.005316,1.0,8.0,136.98228454589844,90,0.6931471824645996,True,0.0093781948089599,0.1318699999999992,0.1412481948089592,-0.9325400000000004,-0.7555054407721169,50130.0,49809.0,-0.44421,-0.6201999999999996,False,True,True,False,True,False
1,115.0,/home/sunshixin/chenchao/my_rlaf/runs/analysis/echosat_symmetry_grpo_v1_7_acceptance_iter=115_canonical_low_warmup_wc1_per_instance.csv,0,php_p10_h9,perm_seed1731,php_p10_h9_perm1731,php,strong_symmetry,large,main,strong,90,775,10.0,5.0,iter=115,4.15818,4.15818,340033.0,312592.0,True,4.48359,4.48359,290369.0,269757.0,True,4.28275,4.444335330963135,290369.0,269757.0,True,4.28275,4.450360525270045,290369.0,269757.0,True,4.31629,4.493278720079005,340891.0,317138.0,True,True,True,0.005244,1.0,8.0,137.00555419921875,90,0.6931471824645996,True,0.0093781948089599,0.0335400000000003,0.0429181948089603,0.1581100000000006,0.3350987200790056,50522.0,47381.0,0.3254100000000006,-0.2008400000000003,False,False,False,False,True,False
1,115.0,/home/sunshixin/chenchao/my_rlaf/runs/analysis/echosat_symmetry_grpo_v1_7_acceptance_iter=115_canonical_low_warmup_wc1_per_instance.csv,0,php_p9_h8,base,php_p9_h8,php,strong_symmetry,large,main,strong,72,549,10.0,5.0,iter=115,0.706595,0.706595,46557.0,43529.0,True,0.815461,0.815461,44352.0,41138.0,True,0.727036,0.8886213309631348,43519.0,40436.0,True,0.727036,0.8920829105842709,43519.0,40436.0,True,0.392643,0.5670681053932309,33721.0,31431.0,True,True,True,0.002805,1.0,7.0,109.32144165039062,72,0.6931471824645996,True,0.0093781948089599,-0.334393,-0.32501480519104,-0.3139519999999999,-0.139526894606769,-9798.0,-9005.0,0.108866,-0.0884249999999999,True,True,True,True,False,False
1,115.0,/home/sunshixin/chenchao/my_rlaf/runs/analysis/echosat_symmetry_grpo_v1_7_acceptance_iter=115_canonical_low_warmup_wc1_per_instance.csv,0,php_p9_h8,perm_seed1730,php_p9_h8_perm1730,php,strong_symmetry,large,main,strong,72,549,10.0,5.0,iter=115,0.468772,0.468772,39708.0,36681.0,True,0.719332,0.719332,45794.0,42555.0,True,0.795963,0.9575483309631349,45794.0,42555.0,True,0.795963,0.962580569777906,45794.0,42555.0,True,0.437556,0.6135517645868659,40354.0,37389.0,True,True,True,0.004399,1.0,7.0,109.58531951904295,72,0.6931471824645996,True,0.0093781948089599,-0.358407,-0.34902880519104,-0.031216,0.1447797645868658,-5440.0,-5166.0,0.2505599999999999,0.076631,True,True,False,True,False,False
1,115.0,/home/sunshixin/chenchao/my_rlaf/runs/analysis/echosat_symmetry_grpo_v1_7_acceptance_iter=115_canonical_low_warmup_wc1_per_instance.csv,0,php_p9_h8,perm_seed1731,php_p9_h8_perm1731,php,strong_symmetry,large,main,strong,72,549,10.0,5.0,iter=115,0.723351,0.723351,47177.0,43763.0,True,0.817431,0.817431,47579.0,44103.0,True,0.866658,1.028243330963135,47579.0,44103.0,True,0.866658,1.0319859236500264,47579.0,44103.0,True,0.541519,0.7162251184589863,44972.0,41853.0,True,True,True,0.003113,1.0,7.0,109.56788635253906,72,0.6931471824645996,True,0.0093781948089599,-0.325139,-0.3157608051910401,-0.181832,-0.0071258815410136,-2607.0,-2250.0,0.09408,0.049227,True,True,True,True,False,False
1,115.0,/home/sunshixin/chenchao/my_rlaf/runs/analysis/echosat_symmetry_grpo_v1_7_acceptance_iter=115_canonical_low_warmup_wc1_per_instance.csv,0,random_3sat_control_v160_c704_seed2615,base,random_3sat_control_v160_c704_seed2615,random_3sat_control,non_symmetric_control,large,control,none,160,704,10.0,5.0,iter=115,0.064107,0.064107,6771.0,5767.0,True,0.052682,0.052682,5702.0,4813.0,True,0.052782,0.2143673309631347,4859.0,4212.0,True,0.052782,0.2187960816175341,4859.0,4212.0,True,0.053462,0.2288542764264941,5652.0,4794.0,True,False,False,0.003479,1.0,20.0,250.25311279296875,160,0.6931471824645996,True,0.0093781948089599,0.00068,0.01005819480896,-0.0106449999999999,0.1647472764264941,793.0,582.0,-0.0114249999999999,0.0001,False,True,False,False,True,True
1,115.0,/home/sunshixin/chenchao/my_rlaf/runs/analysis/echosat_symmetry_grpo_v1_7_acceptance_iter=115_canonical_low_warmup_wc1_per_instance.csv,0,random_3sat_control_v160_c704_seed2615,perm_seed1730,random_3sat_control_v160_c704_seed2615_perm1730,random_3sat_control,non_symmetric_control,large,control,none,160,704,10.0,5.0,iter=115,0.113578,0.113578,8522.0,7299.0,True,0.084889,0.084889,7934.0,6809.0,True,0.050316,2.377927446380616,4602.0,4008.0,True,0.050316,2.383958348824501,4602.0,4008.0,True,0.058688,2.431458413933754,5840.0,5008.0,True,False,False,0.005236,1.0,20.0,250.9976043701172,160,0.6931471824645996,True,0.0391280651092529,0.0083719999999999,0.0475000651092529,-0.05489,2.317880413933754,1238.0,1000.0,-0.0286889999999999,-0.034573,False,True,False,False,True,True
1,115.0,/home/sunshixin/chenchao/my_rlaf/runs/analysis/echosat_symmetry_grpo_v1_7_acceptance_iter=115_canonical_low_warmup_wc1_per_instance.csv,0,random_3sat_control_v160_c704_seed2615,perm_seed1731,random_3sat_control_v160_c704_seed2615_perm1731,random_3sat_control,non_symmetric_control,large,control,none,160,704,10.0,5.0,iter=115,0.049129,0.049129,5676.0,4847.0,True,0.111507,0.111507,8017.0,6851.0,True,0.046546,2.3741574463806154,4961.0,4384.0,True,0.046546,2.3784697635339502,4961.0,4384.0,True,0.047478,2.418529828643203,5099.0,4340.0,True,False,False,0.003512,1.0,20.0,250.14382934570312,160,0.6931471824645996,True,0.0391280651092529,0.000932,0.0400600651092526,-0.0016509999999999,2.3694008286432027,138.0,-44.0,0.0623779999999999,-0.0649609999999999,False,True,False,False,True,True
1,115.0,/home/sunshixin/chenchao/my_rlaf/runs/analysis/echosat_symmetry_grpo_v1_7_acceptance_iter=115_canonical_low_warmup_wc1_per_instance.csv,0,random_3sat_control_v180_c760_seed3301,base,random_3sat_control_v180_c760_seed3301,random_3sat_control,non_symmetric_control,large,control,none,180,760,10.0,5.0,iter=115,0.550654,0.550654,27442.0,23617.0,True,0.144995,0.144995,10470.0,8910.0,True,0.007167,2.334778446380615,693.0,567.0,True,0.007167,2.33934170024091,693.0,567.0,True,0.488656,2.8599587653501626,33478.0,29309.0,True,False,False,0.003697,1.0,25.0,290.802978515625,180,0.6931471824645996,True,0.0391280651092529,0.481489,0.5206170651092528,-0.061998,2.309304765350163,32785.0,28742.0,-0.405659,-0.137828,False,True,False,False,True,True
1,115.0,/home/sunshixin/chenchao/my_rlaf/runs/analysis/echosat_symmetry_grpo_v1_7_acceptance_iter=115_canonical_low_warmup_wc1_per_instance.csv,0,random_3sat_control_v180_c760_seed3301,perm_seed1730,random_3sat_control_v180_c760_seed3301_perm1730,random_3sat_control,non_symmetric_control,large,control,none,180,760,10.0,5.0,iter=115,1.09559,1.09559,47649.0,41152.0,True,0.096867,0.096867,7421.0,6253.0,True,0.009655,2.337266446380615,643.0,525.0,True,0.009655,2.341727920398533,643.0,525.0,True,0.647229,3.0184299855077867,41335.0,36434.0,True,False,False,0.003547,1.0,25.0,292.0396728515625,180,0.6931471824645996,True,0.0391280651092529,0.6375740000000001,0.6767020651092537,-0.448361,1.922839985507787,40692.0,35909.0,-0.998723,-0.087212,False,True,False,False,True,True
1,115.0,/home/sunshixin/chenchao/my_rlaf/runs/analysis/echosat_symmetry_grpo_v1_7_acceptance_iter=115_canonical_low_warmup_wc1_per_instance.csv,0,random_3sat_control_v180_c760_seed3301,perm_seed1731,random_3sat_control_v180_c760_seed3301_perm1731,random_3sat_control,non_symmetric_control,large,control,none,180,760,10.0,5.0,iter=115,0.491934,0.491934,27197.0,23469.0,True,0.137252,0.137252,9011.0,7714.0,True,0.014502,2.342113446380615,590.0,484.0,True,0.014502,2.346517728204608,590.0,484.0,True,0.505215,2.876358793313861,33934.0,29781.0,True,False,False,0.003596,1.0,25.0,291.0475769042969,180,0.6931471824645996,True,0.0391280651092529,0.4907129999999999,0.5298410651092529,0.0132809999999999,2.384424793313861,33344.0,29297.0,-0.3546819999999999,-0.12275,False,False,False,False,True,True
1,115.0,/home/sunshixin/chenchao/my_rlaf/runs/analysis/echosat_symmetry_grpo_v1_7_acceptance_iter=115_canonical_low_warmup_wc1_per_instance.csv,0,random_3sat_control_v220_c928_seed3303,base,random_3sat_control_v220_c928_seed3303,random_3sat_control,non_symmetric_control,large,control,none,220,928,10.0,5.0,iter=115,0.724506,0.724506,30277.0,25994.0,True,0.518546,0.518546,22265.0,19025.0,True,0.005858,2.333469446380615,62.0,4.0,True,0.005858,2.3382464493496418,62.0,4.0,True,0.011596,2.3831125144588947,954.0,736.0,True,False,False,0.003959,1.0,28.0,332.48345947265625,220,0.6931471824645996,True,0.0391280651092529,0.005738,0.0448660651092529,-0.7129099999999999,1.6586065144588948,892.0,732.0,-0.20596,-0.5126879999999999,False,True,False,False,True,True
1,115.0,/home/sunshixin/chenchao/my_rlaf/runs/analysis/echosat_symmetry_grpo_v1_7_acceptance_iter=115_canonical_low_warmup_wc1_per_instance.csv,0,random_3sat_control_v220_c928_seed3303,perm_seed1730,random_3sat_control_v220_c928_seed3303_perm1730,random_3sat_control,non_symmetric_control,large,control,none,220,928,10.0,5.0,iter=115,1.54313,1.54313,52742.0,45477.0,True,0.254804,0.254804,13039.0,11071.0,True,0.00686,2.334471446380616,62.0,4.0,True,0.00686,2.3393322557836176,62.0,4.0,True,0.008697,2.3802973208928706,640.0,470.0,True,False,False,0.004054,1.0,28.0,330.46795654296875,220,0.6931471824645996,True,0.0391280651092529,0.001837,0.040965065109253,-1.534433,0.8371673208928707,578.0,466.0,-1.288326,-0.2479439999999999,False,True,False,False,True,True
1,115.0,/home/sunshixin/chenchao/my_rlaf/runs/analysis/echosat_symmetry_grpo_v1_7_acceptance_iter=115_canonical_low_warmup_wc1_per_instance.csv,0,random_3sat_control_v220_c928_seed3303,perm_seed1731,random_3sat_control_v220_c928_seed3303_perm1731,random_3sat_control,non_symmetric_control,large,control,none,220,928,10.0,5.0,iter=115,0.056656,0.056656,4930.0,4147.0,True,0.375278,0.375278,19684.0,16814.0,True,0.004468,2.332079446380616,63.0,4.0,True,0.004468,2.3371701679059864,63.0,4.0,True,0.007973,2.379803233015239,995.0,775.0,True,False,False,0.004022,1.0,28.0,331.7943725585937,220,0.6931471824645996,True,0.0391280651092529,0.0035049999999999,0.0426330651092525,-0.048683,2.323147233015239,932.0,771.0,0.318622,-0.37081,False,True,False,False,True,True
1,115.0,/home/sunshixin/chenchao/my_rlaf/runs/analysis/echosat_symmetry_grpo_v1_7_acceptance_iter=115_canonical_low_warmup_wc1_per_instance.csv,0,random_3sat_control_v220_c942_seed3304,base,random_3sat_control_v220_c942_seed3304,random_3sat_control,non_symmetric_control,large,control,none,220,942,10.0,5.0,iter=115,0.665111,0.665111,35472.0,30813.0,True,1.14664,1.14664,41376.0,36046.0,True,0.552314,0.8815128372802734,26754.0,23980.0,True,0.552314,0.8867633539466262,26754.0,23980.0,True,0.640155,0.982780203861177,40296.0,36065.0,True,False,False,0.004453,1.0,24.0,322.4337158203125,220,0.6931471824645996,True,0.0081758499145507,0.087841,0.0960168499145508,-0.0249559999999999,0.317669203861177,13542.0,12085.0,0.4815290000000001,-0.5943260000000001,False,True,False,False,True,True
1,115.0,/home/sunshixin/chenchao/my_rlaf/runs/analysis/echosat_symmetry_grpo_v1_7_acceptance_iter=115_canonical_low_warmup_wc1_per_instance.csv,0,random_3sat_control_v220_c942_seed3304,perm_seed1730,random_3sat_control_v220_c942_seed3304_perm1730,random_3sat_control,non_symmetric_control,large,control,none,220,942,10.0,5.0,iter=115,0.66331,0.66331,34825.0,30052.0,True,0.671814,0.671814,33221.0,28818.0,True,0.460551,0.7897498372802734,26445.0,23804.0,True,0.460551,0.7950890892474651,26445.0,23804.0,True,0.618868,0.961581939162016,39843.0,35462.0,True,False,False,0.004477,1.0,24.0,324.02960205078125,220,0.6931471824645996,True,0.0081758499145507,0.1583169999999999,0.1664928499145508,-0.0444419999999999,0.298271939162016,13398.0,11658.0,0.008504,-0.211263,False,True,False,False,True,True
1,115.0,/home/sunshixin/chenchao/my_rlaf/runs/analysis/echosat_symmetry_grpo_v1_7_acceptance_iter=115_canonical_low_warmup_wc1_per_instance.csv,0,random_3sat_control_v220_c942_seed3304,perm_seed1731,random_3sat_control_v220_c942_seed3304_perm1731,random_3sat_control,non_symmetric_control,large,control,none,220,942,10.0,5.0,iter=115,0.71223,0.71223,38737.0,33758.0,True,0.801042,0.801042,38909.0,33544.0,True,0.49466,0.8238588372802734,26149.0,23448.0,True,0.49466,0.8293314225792289,26149.0,23448.0,True,0.633276,0.9761232724937796,40623.0,36390.0,True,False,False,0.004529,1.0,24.0,324.64569091796875,220,0.6931471824645996,True,0.0081758499145507,0.1386159999999999,0.1467918499145507,-0.078954,0.2638932724937796,14474.0,12942.0,0.088812,-0.306382,False,True,False,False,True,True
1,115.0,/home/sunshixin/chenchao/my_rlaf/runs/analysis/echosat_symmetry_grpo_v1_7_acceptance_iter=115_canonical_low_warmup_wc1_per_instance.csv,0,random_3sat_control_v260_c1097_seed3305,base,random_3sat_control_v260_c1097_seed3305,random_3sat_control,non_symmetric_control,large,control,none,260,1097,10.0,5.0,iter=115,7.58497,7.58497,216854.0,188499.0,True,2.41425,2.41425,73626.0,64181.0,True,1.38019,1.7093888372802737,60642.0,54350.0,True,1.38019,1.7156886728100778,60642.0,54350.0,True,1.92468,2.2683545227246285,88260.0,78755.0,True,False,False,0.005303,1.0,35.0,390.6428833007813,260,0.6931471824645996,True,0.0081758499145507,0.5444899999999999,0.5526658499145507,-5.66029,-5.316615477275372,27618.0,24405.0,-5.17072,-1.03406,False,True,True,False,True,True
1,115.0,/home/sunshixin/chenchao/my_rlaf/runs/analysis/echosat_symmetry_grpo_v1_7_acceptance_iter=115_canonical_low_warmup_wc1_per_instance.csv,0,random_3sat_control_v260_c1097_seed3305,perm_seed1730,random_3sat_control_v260_c1097_seed3305_perm1730,random_3sat_control,non_symmetric_control,large,control,none,260,1097,10.0,5.0,iter=115,7.68805,7.68805,224505.0,195557.0,True,0.685417,0.685417,27246.0,23387.0,True,1.35674,1.6859388372802735,60686.0,54724.0,True,1.35674,1.6894287574866411,60686.0,54724.0,True,3.55712,3.897984607401192,157336.0,140708.0,True,False,False,0.002625,1.0,35.0,390.0680847167969,260,0.6931471824645996,True,0.0081758499145507,2.20038,2.208555849914551,-4.130929999999999,-3.790065392598808,96650.0,85984.0,-7.002632999999999,0.671323,False,True,True,False,True,True
1,115.0,/home/sunshixin/chenchao/my_rlaf/runs/analysis/echosat_symmetry_grpo_v1_7_acceptance_iter=115_canonical_low_warmup_wc1_per_instance.csv,0,random_3sat_control_v260_c1097_seed3305,perm_seed1731,random_3sat_control_v260_c1097_seed3305_perm1731,random_3sat_control,non_symmetric_control,large,control,none,260,1097,10.0,5.0,iter=115,4.46827,4.46827,105916.0,92052.0,True,5.36313,5.36313,162997.0,142194.0,True,1.09497,1.4241688372802734,48534.0,43247.0,True,1.09497,1.4304915924597978,48534.0,43247.0,True,0.473048,0.8167454423743487,26912.0,23693.0,True,False,False,0.005482,1.0,35.0,389.6698913574219,260,0.6931471824645996,True,0.0081758499145507,-0.621922,-0.6137461500854492,-3.995222000000001,-3.651524557625652,-21622.0,-19554.0,0.8948599999999995,-4.26816,True,True,True,True,False,True
1,115.0,/home/sunshixin/chenchao/my_rlaf/runs/analysis/echosat_symmetry_grpo_v1_7_acceptance_iter=115_canonical_low_warmup_wc1_per_instance.csv,0,random_3sat_control_v260_c1113_seed3306,base,random_3sat_control_v260_c1113_seed3306,random_3sat_control,non_symmetric_control,large,control,none,260,1113,10.0,5.0,iter=115,5.55706,5.55706,178146.0,155541.0,True,6.23207,6.23207,186876.0,163308.0,True,6.39595,6.7251488372802735,226200.0,205404.0,True,6.39595,6.7311993140713575,226200.0,205404.0,True,5.94999,6.293415163985908,247323.0,217613.0,True,False,False,0.005047,1.0,33.0,397.6284790039063,260,0.6931471824645996,True,0.0081758499145507,-0.4459600000000003,-0.4377841500854496,0.3929299999999998,0.7363551639859081,21123.0,12209.0,0.6750100000000003,0.1638799999999998,True,False,False,False,True,True
1,115.0,/home/sunshixin/chenchao/my_rlaf/runs/analysis/echosat_symmetry_grpo_v1_7_acceptance_iter=115_canonical_low_warmup_wc1_per_instance.csv,0,random_3sat_control_v260_c1113_seed3306,perm_seed1730,random_3sat_control_v260_c1113_seed3306_perm1730,random_3sat_control,non_symmetric_control,large,control,none,260,1113,10.0,5.0,iter=115,5.45958,5.45958,171334.0,149746.0,True,6.20667,6.20667,206936.0,180741.0,True,5.64537,5.974568837280273,206101.0,186162.0,True,5.64537,5.980263255354703,206101.0,186162.0,True,5.94652,6.289589105269253,255479.0,224506.0,True,False,False,0.004819,1.0,33.0,396.3316650390625,260,0.6931471824645996,True,0.0081758499145507,0.3011499999999998,0.3093258499145506,0.4869399999999997,0.8300091052692533,49378.0,38344.0,0.74709,-0.5613000000000001,False,False,False,False,True,True
1,115.0,/home/sunshixin/chenchao/my_rlaf/runs/analysis/echosat_symmetry_grpo_v1_7_acceptance_iter=115_canonical_low_warmup_wc1_per_instance.csv,0,random_3sat_control_v260_c1113_seed3306,perm_seed1731,random_3sat_control_v260_c1113_seed3306_perm1731,random_3sat_control,non_symmetric_control,large,control,none,260,1113,10.0,5.0,iter=115,6.53598,6.53598,202621.0,177648.0,True,6.62261,6.62261,214985.0,187707.0,True,6.06361,6.162617844924927,217745.0,196903.0,True,6.06361,6.168481656769275,217745.0,196903.0,True,6.31156,6.419649115494251,257051.0,226743.0,True,False,False,0.004981,1.0,33.0,397.0461730957031,260,0.6931471824645996,True,0.0032174587249755,0.2479500000000003,0.2511674587249759,-0.2244200000000002,-0.1163308845057491,39306.0,29840.0,0.0866299999999995,-0.5590000000000002,False,True,True,False,True,True
1,115.0,/home/sunshixin/chenchao/my_rlaf/runs/analysis/echosat_symmetry_grpo_v1_7_acceptance_iter=115_canonical_low_warmup_wc1_per_instance.csv,0,random_3sat_control_v300_c1266_seed3307,base,random_3sat_control_v300_c1266_seed3307,random_3sat_control,non_symmetric_control,large,control,none,300,1266,10.0,5.0,iter=115,0.217642,0.217642,12894.0,10895.0,True,2.23308,2.23308,71356.0,61376.0,True,0.016089,0.1150968449249267,288.0,182.0,True,0.016089,0.1223551253159046,288.0,182.0,True,0.039276,0.1487595840408802,2672.0,2174.0,True,False,False,0.006363,1.0,46.0,466.681884765625,300,0.6931471824645996,True,0.0032174587249755,0.023187,0.0264044587249755,-0.178366,-0.0688824159591198,2384.0,1992.0,2.015438,-2.216991,False,True,True,False,True,True
1,115.0,/home/sunshixin/chenchao/my_rlaf/runs/analysis/echosat_symmetry_grpo_v1_7_acceptance_iter=115_canonical_low_warmup_wc1_per_instance.csv,0,random_3sat_control_v300_c1266_seed3307,perm_seed1730,random_3sat_control_v300_c1266_seed3307_perm1730,random_3sat_control,non_symmetric_control,large,control,none,300,1266,10.0,5.0,iter=115,1.54385,1.54385,43103.0,37339.0,True,1.81818,1.81818,63498.0,54506.0,True,0.00861,0.1076178449249267,321.0,205.0,True,0.00861,0.114977990950644,321.0,205.0,True,0.036139,0.1457244496756196,2531.0,2020.0,True,False,False,0.006315,1.0,46.0,465.9733581542969,300,0.6931471824645996,True,0.0032174587249755,0.0275289999999999,0.0307464587249755,-1.507711,-1.3981255503243804,2210.0,1815.0,0.2743299999999999,-1.80957,False,True,True,False,True,True
1,115.0,/home/sunshixin/chenchao/my_rlaf/runs/analysis/echosat_symmetry_grpo_v1_7_acceptance_iter=115_canonical_low_warmup_wc1_per_instance.csv,0,random_3sat_control_v300_c1266_seed3307,perm_seed1731,random_3sat_control_v300_c1266_seed3307_perm1731,random_3sat_control,non_symmetric_control,large,control,none,300,1266,10.0,5.0,iter=115,2.26504,2.26504,66962.0,57424.0,True,0.09758,0.09758,7524.0,6304.0,True,0.016014,0.1150218449249267,375.0,247.0,True,0.016014,0.1190889866674542,375.0,247.0,True,0.035989,0.1422814453924298,2464.0,2003.0,True,False,False,0.003187,1.0,46.0,465.2885437011719,300,0.6931471824645996,True,0.0032174587249755,0.019975,0.0231924587249755,-2.229051,-2.1227585546075702,2089.0,1756.0,-2.16746,-0.081566,False,True,True,False,True,True
1,115.0,/home/sunshixin/chenchao/my_rlaf/runs/analysis/echosat_symmetry_grpo_v1_7_acceptance_iter=115_canonical_low_warmup_wc1_per_instance.csv,0,subset_cardinality_bw10,base,subset_cardinality_bw10,subset_cardinality,weak_symmetry,large,main,weak,41,92,10.0,5.0,iter=115,0.00221,0.00221,193.0,141.0,True,0.004561,0.004561,237.0,193.0,True,0.001791,0.1007988449249267,162.0,142.0,True,0.001791,0.1026695583856105,162.0,142.0,True,0.003248,0.1073440171105861,179.0,151.0,True,True,True,0.001219,1.0,5.0,62.83808517456055,41,0.6931471824645996,True,0.0032174587249755,0.001457,0.0046744587249756,0.0010379999999999,0.105134017110586,17.0,9.0,0.002351,-0.00277,False,False,False,False,True,False
1,115.0,/home/sunshixin/chenchao/my_rlaf/runs/analysis/echosat_symmetry_grpo_v1_7_acceptance_iter=115_canonical_low_warmup_wc1_per_instance.csv,0,subset_cardinality_bw10,perm_seed1730,subset_cardinality_bw10_perm1730,subset_cardinality,weak_symmetry,large,main,weak,41,92,10.0,5.0,iter=115,0.002333,0.002333,218.0,167.0,True,0.001413,0.001413,221.0,169.0,True,0.001695,0.1007028449249267,156.0,137.0,True,0.001695,0.1016784580736756,156.0,137.0,True,0.001476,0.1046769167986512,181.0,158.0,True,True,True,0.000319,1.0,6.0,62.92706298828125,41,0.6931471824645996,True,0.0032174587249755,-0.0002189999999999,0.0029984587249755,-0.0008569999999999,0.1023439167986512,25.0,21.0,-0.00092,0.0002819999999999,True,True,False,False,True,False
1,115.0,/home/sunshixin/chenchao/my_rlaf/runs/analysis/echosat_symmetry_grpo_v1_7_acceptance_iter=115_canonical_low_warmup_wc1_per_instance.csv,0,subset_cardinality_bw10,perm_seed1731,subset_cardinality_bw10_perm1731,subset_cardinality,weak_symmetry,large,main,weak,41,92,10.0,5.0,iter=115,0.001738,0.001738,202.0,147.0,True,0.000605,0.000605,247.0,155.0,True,0.001533,0.1005408449249267,203.0,164.0,True,0.001533,0.1024622652723193,203.0,164.0,True,0.002582,0.1067287239972949,174.0,147.0,True,True,True,0.001145,1.0,7.0,62.392337799072266,41,0.6931471824645996,True,0.0032174587249755,0.001049,0.0042664587249755,0.000844,0.1049907239972949,-29.0,-17.0,-0.001133,0.000928,False,False,False,True,False,False
1,115.0,/home/sunshixin/chenchao/my_rlaf/runs/analysis/echosat_symmetry_grpo_v1_7_acceptance_iter=115_canonical_low_warmup_wc1_per_instance.csv,0,subset_cardinality_bw12,base,subset_cardinality_bw12,subset_cardinality,weak_symmetry,large,main,weak,49,108,10.0,5.0,iter=115,0.002254,0.002254,442.0,342.0,True,0.004466,0.004466,491.0,414.0,True,0.002069,0.1010768449249267,384.0,312.0,True,0.002069,0.1030266090120673,384.0,312.0,True,0.003236,0.1074110677370429,397.0,310.0,True,True,True,0.001254,1.0,9.0,75.44426727294922,49,0.6931471824645996,True,0.0032174587249755,0.001167,0.0043844587249756,0.000982,0.1051570677370428,13.0,-2.0,0.002212,-0.002397,False,False,False,False,True,False
1,115.0,/home/sunshixin/chenchao/my_rlaf/runs/analysis/echosat_symmetry_grpo_v1_7_acceptance_iter=115_canonical_low_warmup_wc1_per_instance.csv,0,subset_cardinality_bw12,perm_seed1730,subset_cardinality_bw12_perm1730,subset_cardinality,weak_symmetry,large,main,weak,49,108,10.0,5.0,iter=115,0.002166,0.002166,440.0,329.0,True,0.002863,0.002863,397.0,314.0,True,0.002331,0.042705755859375,343.0,268.0,True,0.002331,0.0445900457173585,343.0,268.0,True,0.0,0.0713227473469972,374.0,309.0,True,True,True,0.001244,1.0,7.0,73.95069122314453,49,0.6931471824645996,True,0.0290637016296386,-0.002331,0.0267327016296387,-0.002166,0.0691567473469972,31.0,41.0,0.000697,-0.0005319999999999,True,True,False,False,True,False
1,115.0,/home/sunshixin/chenchao/my_rlaf/runs/analysis/echosat_symmetry_grpo_v1_7_acceptance_iter=115_canonical_low_warmup_wc1_per_instance.csv,0,subset_cardinality_bw12,perm_seed1731,subset_cardinality_bw12_perm1731,subset_cardinality,weak_symmetry,large,main,weak,49,108,10.0,5.0,iter=115,0.001846,0.001846,393.0,297.0,True,0.000415,0.000415,439.0,311.0,True,0.0,0.040374755859375,363.0,285.0,True,0.0,0.0421103925893306,363.0,285.0,True,0.00054,0.0717140942189693,378.0,308.0,True,True,True,0.001101,1.0,7.0,75.07693481445312,49,0.6931471824645996,True,0.0290637016296386,0.00054,0.0296037016296386,-0.0013059999999999,0.0698680942189692,15.0,23.0,-0.001431,-0.000415,False,True,False,False,True,False
1,115.0,/home/sunshixin/chenchao/my_rlaf/runs/analysis/echosat_symmetry_grpo_v1_7_acceptance_iter=115_canonical_low_warmup_wc1_per_instance.csv,0,subset_cardinality_bw8,base,subset_cardinality_bw8,subset_cardinality,weak_symmetry,medium,main,weak,33,76,10.0,5.0,iter=115,0.001094,0.001094,89.0,67.0,True,0.001625,0.001625,106.0,76.0,True,0.00148,0.041854755859375,84.0,69.0,True,0.00148,0.0438406158150434,84.0,69.0,True,0.001952,0.0733763174446821,97.0,83.0,True,True,True,0.001267,1.0,12.0,54.99262619018555,33,0.6931471824645996,True,0.0290637016296386,0.000472,0.0295357016296386,0.000858,0.0722823174446821,13.0,14.0,0.000531,-0.0001449999999999,False,False,False,False,True,False
1,115.0,/home/sunshixin/chenchao/my_rlaf/runs/analysis/echosat_symmetry_grpo_v1_7_acceptance_iter=115_canonical_low_warmup_wc1_per_instance.csv,0,subset_cardinality_bw8,perm_seed1730,subset_cardinality_bw8_perm1730,subset_cardinality,weak_symmetry,medium,main,weak,33,76,10.0,5.0,iter=115,0.000932,0.000932,110.0,76.0,True,0.003115,0.003115,127.0,80.0,True,0.000337,0.040711755859375,100.0,79.0,True,0.000337,0.0426189082230925,100.0,79.0,True,0.0,0.0713456098527312,101.0,83.0,True,True,True,0.001161,1.0,5.0,49.16338348388672,33,0.6931471824645996,True,0.0290637016296386,-0.000337,0.0287267016296386,-0.000932,0.0704136098527312,1.0,4.0,0.002183,-0.002778,True,True,False,False,True,False
1,115.0,/home/sunshixin/chenchao/my_rlaf/runs/analysis/echosat_symmetry_grpo_v1_7_acceptance_iter=115_canonical_low_warmup_wc1_per_instance.csv,0,subset_cardinality_bw8,perm_seed1731,subset_cardinality_bw8_perm1731,subset_cardinality,weak_symmetry,medium,main,weak,33,76,10.0,5.0,iter=115,0.001523,0.001523,91.0,70.0,True,0.001194,0.001194,102.0,79.0,True,0.001399,0.041773755859375,81.0,70.0,True,0.001399,0.0436689131409525,81.0,70.0,True,0.0,0.0713336147705912,92.0,76.0,True,True,True,0.001237,1.0,11.0,55.44180679321289,33,0.6931471824645996,True,0.0290637016296386,-0.001399,0.0276647016296387,-0.001523,0.0698106147705912,11.0,6.0,-0.000329,0.000205,True,True,False,False,True,False
1,115.0,/home/sunshixin/chenchao/my_rlaf/runs/analysis/echosat_symmetry_grpo_v1_7_acceptance_iter=115_canonical_low_warmup_wc1_per_instance.csv,1,k10_color9,base,k10_color9,complete_coloring,strong_symmetry,large,main,strong,90,775,10.0,5.0,iter=115,4.22296,4.22296,340861.0,314066.0,True,4.36441,4.36441,322229.0,299168.0,True,4.41425,4.912157161712647,321840.0,298649.0,True,4.41425,4.919841278438926,321840.0,298649.0,True,3.30777,3.8749693545345054,277364.0,257689.0,True,True,True,0.003821,1.0,8.0,136.93209838867188,90,0.6931471824645996,True,0.061608076095581,-1.10648,-1.0448719239044195,-0.9151899999999996,-0.3479906454654933,-44476.0,-40960.0,0.1414500000000007,0.0498399999999996,True,True,True,True,False,False
1,115.0,/home/sunshixin/chenchao/my_rlaf/runs/analysis/echosat_symmetry_grpo_v1_7_acceptance_iter=115_canonical_low_warmup_wc1_per_instance.csv,1,k10_color9,perm_seed1730,k10_color9_perm1730,complete_coloring,strong_symmetry,large,main,strong,90,775,10.0,5.0,iter=115,4.89984,4.89984,413643.0,382655.0,True,4.26244,4.26244,283792.0,262594.0,True,4.57462,5.072527161712647,247778.0,229737.0,True,4.57462,5.081025309905589,247778.0,229737.0,True,3.89858,4.466593386001169,283662.0,265513.0,True,True,True,0.007413,1.0,8.0,136.98228454589844,90,0.6931471824645996,True,0.061608076095581,-0.6760400000000004,-0.6144319239044194,-1.0012600000000005,-0.4332466139988309,35884.0,35776.0,-0.6374000000000004,0.3121800000000005,True,True,True,False,True,False
1,115.0,/home/sunshixin/chenchao/my_rlaf/runs/analysis/echosat_symmetry_grpo_v1_7_acceptance_iter=115_canonical_low_warmup_wc1_per_instance.csv,1,k10_color9,perm_seed1731,k10_color9_perm1731,complete_coloring,strong_symmetry,large,main,strong,90,775,10.0,5.0,iter=115,4.32563,4.32563,340033.0,312592.0,True,3.91128,3.91128,290369.0,269757.0,True,4.35088,4.848787161712647,290369.0,269757.0,True,4.35088,4.8571488503772615,290369.0,269757.0,True,4.28674,4.8546169264728425,340891.0,317138.0,True,True,True,0.007236,1.0,8.0,137.00555419921875,90,0.6931471824645996,True,0.061608076095581,-0.06414,-0.002531923904419,-0.0388900000000003,0.5289869264728422,50522.0,47381.0,-0.4143500000000002,0.4396,True,True,False,False,True,False
1,115.0,/home/sunshixin/chenchao/my_rlaf/runs/analysis/echosat_symmetry_grpo_v1_7_acceptance_iter=115_canonical_low_warmup_wc1_per_instance.csv,1,k8_color7,base,k8_color7,complete_coloring,strong_symmetry,large,main,strong,56,372,10.0,5.0,iter=115,0.053425,0.053425,6158.0,5600.0,True,0.047904,0.047904,5946.0,5440.0,True,0.041102,0.5390091617126465,5946.0,5440.0,True,0.041102,0.5425198855238557,5946.0,5440.0,True,0.043601,0.6066269616194367,5866.0,5315.0,True,True,True,0.002417,1.0,6.0,84.73548889160156,56,0.6931471824645996,True,0.061608076095581,0.002499,0.064107076095581,-0.009824,0.5532019616194368,-80.0,-125.0,-0.0055209999999999,-0.006802,False,True,False,True,False,False
1,115.0,/home/sunshixin/chenchao/my_rlaf/runs/analysis/echosat_symmetry_grpo_v1_7_acceptance_iter=115_canonical_low_warmup_wc1_per_instance.csv,1,k8_color7,perm_seed1730,k8_color7_perm1730,complete_coloring,strong_symmetry,large,main,strong,56,372,10.0,5.0,iter=115,0.053927,0.053927,6138.0,5624.0,True,0.043591,0.043591,6264.0,5696.0,True,0.044173,0.5420801617126465,6264.0,5696.0,True,0.044173,0.5469286525216103,6264.0,5696.0,True,0.044493,0.6088567286171913,5657.0,5203.0,True,True,True,0.003961,1.0,6.0,84.79159545898438,56,0.6931471824645996,True,0.061608076095581,0.00032,0.061928076095581,-0.009434,0.5549297286171913,-607.0,-493.0,-0.010336,0.0005819999999999,False,True,False,True,False,False
1,115.0,/home/sunshixin/chenchao/my_rlaf/runs/analysis/echosat_symmetry_grpo_v1_7_acceptance_iter=115_canonical_low_warmup_wc1_per_instance.csv,1,k8_color7,perm_seed1731,k8_color7_perm1731,complete_coloring,strong_symmetry,large,main,strong,56,372,10.0,5.0,iter=115,0.039141,0.039141,5800.0,5271.0,True,0.058084,0.058084,6148.0,5641.0,True,0.051998,0.5499051617126465,6148.0,5641.0,True,0.051998,0.5548899697628618,6148.0,5641.0,True,0.040516,0.6050160458584428,6264.0,5687.0,True,True,True,0.003897,1.0,6.0,84.7841796875,56,0.6931471824645996,True,0.061608076095581,-0.011482,0.050126076095581,0.001375,0.5658750458584428,116.0,46.0,0.0189429999999999,-0.0060859999999999,True,False,False,False,True,False
1,115.0,/home/sunshixin/chenchao/my_rlaf/runs/analysis/echosat_symmetry_grpo_v1_7_acceptance_iter=115_canonical_low_warmup_wc1_per_instance.csv,1,k9_color8,base,k9_color8,complete_coloring,strong_symmetry,large,main,strong,72,549,10.0,5.0,iter=115,0.70638,0.70638,46557.0,43529.0,True,0.641861,0.641861,44352.0,41138.0,True,0.78001,1.2779171617126464,43519.0,40436.0,True,0.78001,1.2866541222127674,43519.0,40436.0,True,0.388393,0.9566451983083486,33721.0,31431.0,True,True,True,0.007809,1.0,7.0,109.32144165039062,72,0.6931471824645996,True,0.061608076095581,-0.391617,-0.3300089239044188,-0.317987,0.2502651983083486,-9798.0,-9005.0,-0.0645189999999999,0.1381489999999999,True,True,False,True,False,False
1,115.0,/home/sunshixin/chenchao/my_rlaf/runs/analysis/echosat_symmetry_grpo_v1_7_acceptance_iter=115_canonical_low_warmup_wc1_per_instance.csv,1,k9_color8,perm_seed1730,k9_color8_perm1730,complete_coloring,strong_symmetry,large,main,strong,72,549,10.0,5.0,iter=115,0.482282,0.482282,39708.0,36681.0,True,0.738527,0.738527,45794.0,42555.0,True,0.661873,1.1597801617126464,45794.0,42555.0,True,0.661873,1.1683128928221465,45794.0,42555.0,True,0.435746,1.0037939689177275,40354.0,37389.0,True,True,True,0.007459,1.0,7.0,109.58531951904295,72,0.6931471824645996,True,0.061608076095581,-0.226127,-0.1645189239044189,-0.0465359999999999,0.5215119689177276,-5440.0,-5166.0,0.256245,-0.076654,True,True,False,True,False,False
1,115.0,/home/sunshixin/chenchao/my_rlaf/runs/analysis/echosat_symmetry_grpo_v1_7_acceptance_iter=115_canonical_low_warmup_wc1_per_instance.csv,1,k9_color8,perm_seed1731,k9_color8_perm1731,complete_coloring,strong_symmetry,large,main,strong,72,549,10.0,5.0,iter=115,0.625696,0.625696,47177.0,43763.0,True,0.6852,0.6852,47579.0,44103.0,True,0.755758,1.035059166534424,47579.0,44103.0,True,0.755758,1.0409868253469468,47579.0,44103.0,True,0.556626,0.9129820016317368,44972.0,41853.0,True,True,True,0.004992,1.0,7.0,109.56788635253906,72,0.6931471824645996,True,0.07112717628479,-0.1991320000000001,-0.1280048237152099,-0.06907,0.2872860016317368,-2607.0,-2250.0,0.059504,0.070558,True,True,False,True,False,False
1,115.0,/home/sunshixin/chenchao/my_rlaf/runs/analysis/echosat_symmetry_grpo_v1_7_acceptance_iter=115_canonical_low_warmup_wc1_per_instance.csv,1,php_p10_h9,base,php_p10_h9,php,strong_symmetry,large,main,strong,90,775,10.0,5.0,iter=115,4.22987,4.22987,340861.0,314066.0,True,4.1199,4.1199,322229.0,299168.0,True,4.55918,4.838481166534423,321840.0,298649.0,True,4.55918,4.84652923160243,321840.0,298649.0,True,3.30685,3.66532640788722,277364.0,257689.0,True,True,True,0.006933,1.0,8.0,136.93209838867188,90,0.6931471824645996,True,0.07112717628479,-1.2523299999999995,-1.18120282371521,-0.9230200000000002,-0.5645435921127802,-44476.0,-40960.0,-0.1099699999999996,0.4392799999999992,True,True,True,True,False,False
1,115.0,/home/sunshixin/chenchao/my_rlaf/runs/analysis/echosat_symmetry_grpo_v1_7_acceptance_iter=115_canonical_low_warmup_wc1_per_instance.csv,1,php_p10_h9,perm_seed1730,php_p10_h9_perm1730,php,strong_symmetry,large,main,strong,90,775,10.0,5.0,iter=115,4.89793,4.89793,413643.0,382655.0,True,4.20046,4.20046,283792.0,262594.0,True,3.91706,4.196361166534424,247778.0,229737.0,True,3.91706,4.205168355668664,247778.0,229737.0,True,4.10299,4.462225531953454,297908.0,279546.0,True,True,True,0.007788,1.0,8.0,136.98228454589844,90,0.6931471824645996,True,0.07112717628479,0.1859299999999999,0.2570571762847899,-0.7949399999999995,-0.4357044680465458,50130.0,49809.0,-0.69747,-0.2833999999999994,False,True,True,False,True,False
1,115.0,/home/sunshixin/chenchao/my_rlaf/runs/analysis/echosat_symmetry_grpo_v1_7_acceptance_iter=115_canonical_low_warmup_wc1_per_instance.csv,1,php_p10_h9,perm_seed1731,php_p10_h9_perm1731,php,strong_symmetry,large,main,strong,90,775,10.0,5.0,iter=115,4.07735,4.07735,340033.0,312592.0,True,3.90769,3.90769,290369.0,269757.0,True,4.18652,4.465821166534424,290369.0,269757.0,True,4.18652,4.470407375899732,290369.0,269757.0,True,4.36972,4.724734552184522,340891.0,317138.0,True,True,True,0.003448,1.0,8.0,137.00555419921875,90,0.6931471824645996,True,0.07112717628479,0.1832000000000002,0.2543271762847903,0.29237,0.6473845521845218,50522.0,47381.0,-0.1696599999999999,0.2788299999999997,False,False,False,False,True,False
1,115.0,/home/sunshixin/chenchao/my_rlaf/runs/analysis/echosat_symmetry_grpo_v1_7_acceptance_iter=115_canonical_low_warmup_wc1_per_instance.csv,1,php_p9_h8,base,php_p9_h8,php,strong_symmetry,large,main,strong,72,549,10.0,5.0,iter=115,0.704966,0.704966,46557.0,43529.0,True,0.642494,0.642494,44352.0,41138.0,True,0.77162,1.0509211665344238,43519.0,40436.0,True,0.77162,1.0547804099835156,43519.0,40436.0,True,0.380246,0.7345335862683058,33721.0,31431.0,True,True,True,0.002862,1.0,7.0,109.32144165039062,72,0.6931471824645996,True,0.07112717628479,-0.391374,-0.3202468237152098,-0.32472,0.0295675862683058,-9798.0,-9005.0,-0.0624719999999999,0.1291259999999999,True,True,False,True,False,False
1,115.0,/home/sunshixin/chenchao/my_rlaf/runs/analysis/echosat_symmetry_grpo_v1_7_acceptance_iter=115_canonical_low_warmup_wc1_per_instance.csv,1,php_p9_h8,perm_seed1730,php_p9_h8_perm1730,php,strong_symmetry,large,main,strong,72,549,10.0,5.0,iter=115,0.484354,0.484354,39708.0,36681.0,True,0.65773,0.65773,45794.0,42555.0,True,0.73195,1.0112511665344237,45794.0,42555.0,True,0.73195,1.0182904941410422,45794.0,42555.0,True,0.440023,0.7974906704258322,40354.0,37389.0,True,True,True,0.005386,1.0,7.0,109.58531951904295,72,0.6931471824645996,True,0.07112717628479,-0.291927,-0.22079982371521,-0.044331,0.3131366704258322,-5440.0,-5166.0,0.173376,0.0742199999999999,True,True,False,True,False,False
1,115.0,/home/sunshixin/chenchao/my_rlaf/runs/analysis/echosat_symmetry_grpo_v1_7_acceptance_iter=115_canonical_low_warmup_wc1_per_instance.csv,1,php_p9_h8,perm_seed1731,php_p9_h8_perm1731,php,strong_symmetry,large,main,strong,72,549,10.0,5.0,iter=115,0.629493,0.629493,47177.0,43763.0,True,0.687711,0.687711,47579.0,44103.0,True,0.761424,1.0407251665344237,47579.0,44103.0,True,0.761424,1.047028236794412,47579.0,44103.0,True,0.561884,0.9186154130792022,44972.0,41853.0,True,True,True,0.00524,1.0,7.0,109.56788635253906,72,0.6931471824645996,True,0.07112717628479,-0.1995399999999999,-0.1284128237152096,-0.0676089999999999,0.2891224130792023,-2607.0,-2250.0,0.0582179999999999,0.073713,True,True,False,True,False,False
1,115.0,/home/sunshixin/chenchao/my_rlaf/runs/analysis/echosat_symmetry_grpo_v1_7_acceptance_iter=115_canonical_low_warmup_wc1_per_instance.csv,1,random_3sat_control_v160_c704_seed2615,base,random_3sat_control_v160_c704_seed2615,random_3sat_control,non_symmetric_control,large,control,none,160,704,10.0,5.0,iter=115,0.060186,0.060186,6771.0,5767.0,True,0.052852,0.052852,5702.0,4813.0,True,0.052439,0.3317401665344238,4859.0,4212.0,True,0.052439,0.3336682980165482,4859.0,4212.0,True,0.04997,0.4023264743013382,5652.0,4794.0,True,False,False,0.000622,1.0,20.0,250.25311279296875,160,0.6931471824645996,True,0.07112717628479,-0.0024689999999999,0.06865817628479,-0.010216,0.3421404743013382,793.0,582.0,-0.007334,-0.000413,True,True,False,False,True,True
1,115.0,/home/sunshixin/chenchao/my_rlaf/runs/analysis/echosat_symmetry_grpo_v1_7_acceptance_iter=115_canonical_low_warmup_wc1_per_instance.csv,1,random_3sat_control_v160_c704_seed2615,perm_seed1730,random_3sat_control_v160_c704_seed2615_perm1730,random_3sat_control,non_symmetric_control,large,control,none,160,704,10.0,5.0,iter=115,0.087702,0.087702,8522.0,7299.0,True,0.088532,0.088532,7934.0,6809.0,True,0.059512,0.2082422780151367,4602.0,4008.0,True,0.059512,0.2139119426785707,4602.0,4008.0,True,0.05866,0.2920091557065248,5840.0,5008.0,True,False,False,0.004516,1.0,20.0,250.9976043701172,160,0.6931471824645996,True,0.0789492130279541,-0.000852,0.0780972130279541,-0.029042,0.2043071557065248,1238.0,1000.0,0.0008299999999999,-0.0290199999999999,True,True,False,False,True,True
1,115.0,/home/sunshixin/chenchao/my_rlaf/runs/analysis/echosat_symmetry_grpo_v1_7_acceptance_iter=115_canonical_low_warmup_wc1_per_instance.csv,1,random_3sat_control_v160_c704_seed2615,perm_seed1731,random_3sat_control_v160_c704_seed2615_perm1731,random_3sat_control,non_symmetric_control,large,control,none,160,704,10.0,5.0,iter=115,0.047149,0.047149,5676.0,4847.0,True,0.09514,0.09514,8017.0,6851.0,True,0.056213,0.2049432780151367,4961.0,4384.0,True,0.056213,0.2070556579328179,4961.0,4384.0,True,0.047579,0.277370870960772,5099.0,4340.0,True,False,False,0.000683,1.0,20.0,250.14382934570312,160,0.6931471824645996,True,0.0789492130279541,-0.0086339999999999,0.0703152130279541,0.0004299999999999,0.230221870960772,138.0,-44.0,0.047991,-0.038927,True,False,False,False,True,True
1,115.0,/home/sunshixin/chenchao/my_rlaf/runs/analysis/echosat_symmetry_grpo_v1_7_acceptance_iter=115_canonical_low_warmup_wc1_per_instance.csv,1,random_3sat_control_v180_c760_seed3301,base,random_3sat_control_v180_c760_seed3301,random_3sat_control,non_symmetric_control,large,control,none,180,760,10.0,5.0,iter=115,0.500734,0.500734,27442.0,23617.0,True,0.14183,0.14183,10470.0,8910.0,True,0.010137,0.1588672780151367,693.0,567.0,True,0.010137,0.1649204651569724,693.0,567.0,True,0.492127,0.7258596781849265,33478.0,29309.0,True,False,False,0.004837,1.0,25.0,290.802978515625,180,0.6931471824645996,True,0.0789492130279541,0.48199,0.560939213027954,-0.008607,0.2251256781849264,32785.0,28742.0,-0.358904,-0.131693,False,True,False,False,True,True
1,115.0,/home/sunshixin/chenchao/my_rlaf/runs/analysis/echosat_symmetry_grpo_v1_7_acceptance_iter=115_canonical_low_warmup_wc1_per_instance.csv,1,random_3sat_control_v180_c760_seed3301,perm_seed1730,random_3sat_control_v180_c760_seed3301_perm1730,random_3sat_control,non_symmetric_control,large,control,none,180,760,10.0,5.0,iter=115,1.05235,1.05235,47649.0,41152.0,True,0.08746,0.08746,7421.0,6253.0,True,0.007704,0.1564342780151367,643.0,525.0,True,0.007704,0.1596595374539494,643.0,525.0,True,0.62668,0.8575847504819036,41335.0,36434.0,True,False,False,0.001871,1.0,25.0,292.0396728515625,180,0.6931471824645996,True,0.0789492130279541,0.618976,0.6979252130279543,-0.4256699999999999,-0.1947652495180962,40692.0,35909.0,-0.96489,-0.079756,False,True,True,False,True,True
1,115.0,/home/sunshixin/chenchao/my_rlaf/runs/analysis/echosat_symmetry_grpo_v1_7_acceptance_iter=115_canonical_low_warmup_wc1_per_instance.csv,1,random_3sat_control_v180_c760_seed3301,perm_seed1731,random_3sat_control_v180_c760_seed3301_perm1731,random_3sat_control,non_symmetric_control,large,control,none,180,760,10.0,5.0,iter=115,0.534019,0.534019,27197.0,23469.0,True,0.124183,0.124183,9011.0,7714.0,True,0.006162,0.1548922780151367,590.0,484.0,True,0.006162,0.1599251469796896,590.0,484.0,True,0.54234,0.7750523600076438,33934.0,29781.0,True,False,False,0.003773,1.0,25.0,291.0475769042969,180,0.6931471824645996,True,0.0789492130279541,0.536178,0.6151272130279541,0.008321,0.2410333600076437,33344.0,29297.0,-0.409836,-0.118021,False,False,False,False,True,True
1,115.0,/home/sunshixin/chenchao/my_rlaf/runs/analysis/echosat_symmetry_grpo_v1_7_acceptance_iter=115_canonical_low_warmup_wc1_per_instance.csv,1,random_3sat_control_v220_c928_seed3303,base,random_3sat_control_v220_c928_seed3303,random_3sat_control,non_symmetric_control,large,control,none,220,928,10.0,5.0,iter=115,0.721363,0.721363,30277.0,25994.0,True,0.444161,0.444161,22265.0,19025.0,True,0.005184,0.1539142780151367,62.0,4.0,True,0.005184,0.1581027993046641,62.0,4.0,True,0.007865,0.2397330123326182,954.0,736.0,True,False,False,0.002845,1.0,28.0,332.48345947265625,220,0.6931471824645996,True,0.0789492130279541,0.002681,0.0816302130279541,-0.713498,-0.4816299876673817,892.0,732.0,-0.277202,-0.4389769999999999,False,True,True,False,True,True
1,115.0,/home/sunshixin/chenchao/my_rlaf/runs/analysis/echosat_symmetry_grpo_v1_7_acceptance_iter=115_canonical_low_warmup_wc1_per_instance.csv,1,random_3sat_control_v220_c928_seed3303,perm_seed1730,random_3sat_control_v220_c928_seed3303_perm1730,random_3sat_control,non_symmetric_control,large,control,none,220,928,10.0,5.0,iter=115,1.3461,1.3461,52742.0,45477.0,True,0.205152,0.205152,13039.0,11071.0,True,0.002103,0.1508332780151367,62.0,4.0,True,0.002103,0.1545529017053246,62.0,4.0,True,0.012148,0.2435471147332787,640.0,470.0,True,False,False,0.002229,1.0,28.0,330.46795654296875,220,0.6931471824645996,True,0.0789492130279541,0.010045,0.0889942130279541,-1.333952,-1.1025528852667217,578.0,466.0,-1.140948,-0.203049,False,True,True,False,True,True
1,115.0,/home/sunshixin/chenchao/my_rlaf/runs/analysis/echosat_symmetry_grpo_v1_7_acceptance_iter=115_canonical_low_warmup_wc1_per_instance.csv,1,random_3sat_control_v220_c928_seed3303,perm_seed1731,random_3sat_control_v220_c928_seed3303_perm1731,random_3sat_control,non_symmetric_control,large,control,none,220,928,10.0,5.0,iter=115,0.060612,0.060612,4930.0,4147.0,True,0.362324,0.362324,19684.0,16814.0,True,0.005756,0.1544862780151367,63.0,4.0,True,0.005756,0.1584331213258505,63.0,4.0,True,0.014896,0.2465223343538045,995.0,775.0,True,False,False,0.002662,1.0,28.0,331.7943725585937,220,0.6931471824645996,True,0.0789492130279541,0.0091399999999999,0.088089213027954,-0.045716,0.1859103343538045,932.0,771.0,0.301712,-0.356568,False,True,False,False,True,True
1,115.0,/home/sunshixin/chenchao/my_rlaf/runs/analysis/echosat_symmetry_grpo_v1_7_acceptance_iter=115_canonical_low_warmup_wc1_per_instance.csv,1,random_3sat_control_v220_c942_seed3304,base,random_3sat_control_v220_c942_seed3304,random_3sat_control,non_symmetric_control,large,control,none,220,942,10.0,5.0,iter=115,0.634222,0.634222,35472.0,30813.0,True,1.00561,1.00561,41376.0,36046.0,True,0.54734,0.8030315283203125,26754.0,23980.0,True,0.54734,0.8050279490671158,26754.0,23980.0,True,0.595935,0.944828784409523,40296.0,36065.0,True,False,False,0.000556,1.0,24.0,322.4337158203125,220,0.6931471824645996,True,0.0912058353424072,0.0485949999999999,0.1398008353424071,-0.0382869999999999,0.310606784409523,13542.0,12085.0,0.3713879999999999,-0.4582699999999998,False,True,False,False,True,True
1,115.0,/home/sunshixin/chenchao/my_rlaf/runs/analysis/echosat_symmetry_grpo_v1_7_acceptance_iter=115_canonical_low_warmup_wc1_per_instance.csv,1,random_3sat_control_v220_c942_seed3304,perm_seed1730,random_3sat_control_v220_c942_seed3304_perm1730,random_3sat_control,non_symmetric_control,large,control,none,220,942,10.0,5.0,iter=115,0.632036,0.632036,34825.0,30052.0,True,0.612053,0.612053,33221.0,28818.0,True,0.450481,0.7061725283203125,26445.0,23804.0,True,0.450481,0.7089662759504318,26445.0,23804.0,True,0.591573,0.941264111292839,39843.0,35462.0,True,False,False,0.00059,1.0,24.0,324.02960205078125,220,0.6931471824645996,True,0.0912058353424072,0.141092,0.2322978353424072,-0.040463,0.309228111292839,13398.0,11658.0,-0.019983,-0.1615719999999999,False,True,False,False,True,True
1,115.0,/home/sunshixin/chenchao/my_rlaf/runs/analysis/echosat_symmetry_grpo_v1_7_acceptance_iter=115_canonical_low_warmup_wc1_per_instance.csv,1,random_3sat_control_v220_c942_seed3304,perm_seed1731,random_3sat_control_v220_c942_seed3304_perm1731,random_3sat_control,non_symmetric_control,large,control,none,220,942,10.0,5.0,iter=115,0.685577,0.685577,38737.0,33758.0,True,0.839733,0.839733,38909.0,33544.0,True,0.545022,0.8007135283203125,26149.0,23448.0,True,0.545022,0.8078264802389146,26149.0,23448.0,True,0.61065,0.9646603155813218,40623.0,36390.0,True,False,False,0.004346,1.0,24.0,324.64569091796875,220,0.6931471824645996,True,0.0912058353424072,0.065628,0.1568338353424072,-0.0749269999999999,0.2790833155813218,14474.0,12942.0,0.1541559999999999,-0.2947109999999999,False,True,False,False,True,True
1,115.0,/home/sunshixin/chenchao/my_rlaf/runs/analysis/echosat_symmetry_grpo_v1_7_acceptance_iter=115_canonical_low_warmup_wc1_per_instance.csv,1,random_3sat_control_v260_c1097_seed3305,base,random_3sat_control_v260_c1097_seed3305,random_3sat_control,non_symmetric_control,large,control,none,260,1097,10.0,5.0,iter=115,6.69736,6.69736,216854.0,188499.0,True,2.3205,2.3205,73626.0,64181.0,True,1.43019,1.6858815283203126,60642.0,54350.0,True,1.43019,1.693681432021141,60642.0,54350.0,True,1.92946,2.284157267363548,88260.0,78755.0,True,False,False,0.006473,1.0,35.0,390.6428833007813,260,0.6931471824645996,True,0.0912058353424072,0.4992699999999999,0.5904758353424071,-4.7679,-4.413202732636451,27618.0,24405.0,-4.37686,-0.8903099999999999,False,True,True,False,True,True
1,115.0,/home/sunshixin/chenchao/my_rlaf/runs/analysis/echosat_symmetry_grpo_v1_7_acceptance_iter=115_canonical_low_warmup_wc1_per_instance.csv,1,random_3sat_control_v260_c1097_seed3305,perm_seed1730,random_3sat_control_v260_c1097_seed3305_perm1730,random_3sat_control,non_symmetric_control,large,control,none,260,1097,10.0,5.0,iter=115,7.17163,7.17163,224505.0,195557.0,True,0.598549,0.598549,27246.0,23387.0,True,1.44691,1.7026015283203124,60686.0,54724.0,True,1.44691,1.7111335188584924,60686.0,54724.0,True,3.58549,3.9409193542009,157336.0,140708.0,True,False,False,0.007359,1.0,35.0,390.0680847167969,260,0.6931471824645996,True,0.0912058353424072,2.13858,2.229785835342408,-3.5861400000000003,-3.2307106457991006,96650.0,85984.0,-6.573081,0.8483609999999999,False,True,True,False,True,True
1,115.0,/home/sunshixin/chenchao/my_rlaf/runs/analysis/echosat_symmetry_grpo_v1_7_acceptance_iter=115_canonical_low_warmup_wc1_per_instance.csv,1,random_3sat_control_v260_c1097_seed3305,perm_seed1731,random_3sat_control_v260_c1097_seed3305_perm1731,random_3sat_control,non_symmetric_control,large,control,none,260,1097,10.0,5.0,iter=115,4.0049,4.0049,105916.0,92052.0,True,5.35662,5.35662,162997.0,142194.0,True,0.994306,1.2499975283203124,48534.0,43247.0,True,0.994306,1.259010611857772,48534.0,43247.0,True,0.475457,0.8313674472001791,26912.0,23693.0,True,False,False,0.007674,1.0,35.0,389.6698913574219,260,0.6931471824645996,True,0.0912058353424072,-0.518849,-0.4276431646575929,-3.529443,-3.173532552799821,-21622.0,-19554.0,1.3517200000000005,-4.3623140000000005,True,True,True,True,False,True
1,115.0,/home/sunshixin/chenchao/my_rlaf/runs/analysis/echosat_symmetry_grpo_v1_7_acceptance_iter=115_canonical_low_warmup_wc1_per_instance.csv,1,random_3sat_control_v260_c1113_seed3306,base,random_3sat_control_v260_c1113_seed3306,random_3sat_control,non_symmetric_control,large,control,none,260,1113,10.0,5.0,iter=115,5.32171,5.32171,178146.0,155541.0,True,6.28558,6.28558,186876.0,163308.0,True,5.97573,6.231421528320313,226200.0,205404.0,True,5.97573,6.236060859955073,226200.0,205404.0,True,6.02906,6.38059669529748,247323.0,217613.0,True,False,False,0.003252,1.0,33.0,397.6284790039063,260,0.6931471824645996,True,0.0912058353424072,0.0533299999999998,0.1445358353424071,0.7073499999999999,1.0588866952974794,21123.0,12209.0,0.96387,-0.3098499999999999,False,False,False,False,True,True
1,115.0,/home/sunshixin/chenchao/my_rlaf/runs/analysis/echosat_symmetry_grpo_v1_7_acceptance_iter=115_canonical_low_warmup_wc1_per_instance.csv,1,random_3sat_control_v260_c1113_seed3306,perm_seed1730,random_3sat_control_v260_c1113_seed3306_perm1730,random_3sat_control,non_symmetric_control,large,control,none,260,1113,10.0,5.0,iter=115,5.1383,5.1383,171334.0,149746.0,True,6.78549,6.78549,206936.0,180741.0,True,5.78761,6.043301528320312,206101.0,186162.0,True,5.78761,6.053400041776181,206101.0,186162.0,True,6.32829,6.685285877118588,255479.0,224506.0,True,False,False,0.008683,1.0,33.0,396.3316650390625,260,0.6931471824645996,True,0.0912058353424072,0.54068,0.6318858353424073,1.18999,1.5469858771185878,49378.0,38344.0,1.6471900000000002,-0.9978800000000004,False,False,False,False,True,True
1,115.0,/home/sunshixin/chenchao/my_rlaf/runs/analysis/echosat_symmetry_grpo_v1_7_acceptance_iter=115_canonical_low_warmup_wc1_per_instance.csv,1,random_3sat_control_v260_c1113_seed3306,perm_seed1731,random_3sat_control_v260_c1113_seed3306_perm1731,random_3sat_control,non_symmetric_control,large,control,none,260,1113,10.0,5.0,iter=115,6.27273,6.27273,202621.0,177648.0,True,6.70655,6.70655,214985.0,187707.0,True,5.63128,6.23334413269043,217745.0,196903.0,True,5.63128,6.241190840799153,217745.0,196903.0,True,6.35914,7.038914875451863,257051.0,226743.0,True,False,False,0.006369,1.0,33.0,397.0461730957031,260,0.6931471824645996,True,0.0698640346527099,0.7278599999999997,0.7977240346527097,0.0864099999999998,0.766184875451863,39306.0,29840.0,0.4338199999999999,-1.0752699999999995,False,False,False,False,True,True
1,115.0,/home/sunshixin/chenchao/my_rlaf/runs/analysis/echosat_symmetry_grpo_v1_7_acceptance_iter=115_canonical_low_warmup_wc1_per_instance.csv,1,random_3sat_control_v300_c1266_seed3307,base,random_3sat_control_v300_c1266_seed3307,random_3sat_control,non_symmetric_control,large,control,none,300,1266,10.0,5.0,iter=115,0.208648,0.208648,12894.0,10895.0,True,2.53083,2.53083,71356.0,61376.0,True,0.016868,0.6189321326904297,288.0,182.0,True,0.016868,0.6231223437678218,288.0,182.0,True,0.033409,0.7095273784205318,2672.0,2174.0,True,False,False,0.002766,1.0,46.0,466.681884765625,300,0.6931471824645996,True,0.0698640346527099,0.016541,0.0864050346527099,-0.175239,0.5008793784205319,2384.0,1992.0,2.322182,-2.513962,False,True,False,False,True,True
1,115.0,/home/sunshixin/chenchao/my_rlaf/runs/analysis/echosat_symmetry_grpo_v1_7_acceptance_iter=115_canonical_low_warmup_wc1_per_instance.csv,1,random_3sat_control_v300_c1266_seed3307,perm_seed1730,random_3sat_control_v300_c1266_seed3307_perm1730,random_3sat_control,non_symmetric_control,large,control,none,300,1266,10.0,5.0,iter=115,1.2157,1.2157,43103.0,37339.0,True,2.06903,2.06903,63498.0,54506.0,True,0.015564,0.6176281326904297,321.0,205.0,True,0.015564,0.6257556386749149,321.0,205.0,True,0.040779,0.7208346733276249,2531.0,2020.0,True,False,False,0.006623,1.0,46.0,465.9733581542969,300,0.6931471824645996,True,0.0698640346527099,0.025215,0.0950790346527099,-1.174921,-0.4948653266723751,2210.0,1815.0,0.8533300000000001,-2.053466,False,True,True,False,True,True
1,115.0,/home/sunshixin/chenchao/my_rlaf/runs/analysis/echosat_symmetry_grpo_v1_7_acceptance_iter=115_canonical_low_warmup_wc1_per_instance.csv,1,random_3sat_control_v300_c1266_seed3307,perm_seed1731,random_3sat_control_v300_c1266_seed3307_perm1731,random_3sat_control,non_symmetric_control,large,control,none,300,1266,10.0,5.0,iter=115,1.97834,1.97834,66962.0,57424.0,True,0.124312,0.124312,7524.0,6304.0,True,0.009006,0.6110701326904296,375.0,247.0,True,0.009006,0.6163119788993596,375.0,247.0,True,0.0357,0.7128700135520696,2464.0,2003.0,True,False,False,0.003821,1.0,46.0,465.2885437011719,300,0.6931471824645996,True,0.0698640346527099,0.026694,0.0965580346527099,-1.94264,-1.2654699864479304,2089.0,1756.0,-1.854028,-0.115306,False,True,True,False,True,True
1,115.0,/home/sunshixin/chenchao/my_rlaf/runs/analysis/echosat_symmetry_grpo_v1_7_acceptance_iter=115_canonical_low_warmup_wc1_per_instance.csv,1,subset_cardinality_bw10,base,subset_cardinality_bw10,subset_cardinality,weak_symmetry,large,main,weak,41,92,10.0,5.0,iter=115,0.000854,0.000854,193.0,141.0,True,0.004619,0.004619,237.0,193.0,True,0.004405,0.6064691326904297,162.0,142.0,True,0.004405,0.6074357998880744,162.0,142.0,True,0.001842,0.6747368345407844,179.0,151.0,True,True,True,0.0,1.0,5.0,62.83808517456055,41,0.6931471824645996,True,0.0698640346527099,-0.002563,0.0673010346527099,0.000988,0.6738828345407843,17.0,9.0,0.0037649999999999,-0.0002139999999999,True,False,False,False,True,False
1,115.0,/home/sunshixin/chenchao/my_rlaf/runs/analysis/echosat_symmetry_grpo_v1_7_acceptance_iter=115_canonical_low_warmup_wc1_per_instance.csv,1,subset_cardinality_bw10,perm_seed1730,subset_cardinality_bw10_perm1730,subset_cardinality,weak_symmetry,large,main,weak,41,92,10.0,5.0,iter=115,0.000598,0.000598,218.0,167.0,True,0.000545,0.000545,221.0,169.0,True,0.00403,0.6060941326904297,156.0,137.0,True,0.00403,0.6089973640147447,156.0,137.0,True,0.001708,0.6765393986674547,181.0,158.0,True,True,True,0.001786,1.0,6.0,62.92706298828125,41,0.6931471824645996,True,0.0698640346527099,-0.0023219999999999,0.06754203465271,0.00111,0.6759413986674547,25.0,21.0,-5.299999999999999e-05,0.003485,True,False,False,False,True,False
1,115.0,/home/sunshixin/chenchao/my_rlaf/runs/analysis/echosat_symmetry_grpo_v1_7_acceptance_iter=115_canonical_low_warmup_wc1_per_instance.csv,1,subset_cardinality_bw10,perm_seed1731,subset_cardinality_bw10_perm1731,subset_cardinality,weak_symmetry,large,main,weak,41,92,10.0,5.0,iter=115,0.001497,0.001497,202.0,147.0,True,0.000424,0.000424,247.0,155.0,True,0.001868,0.6039321326904297,203.0,164.0,True,0.001868,0.6062189254306555,203.0,164.0,True,0.001439,0.6756539600833654,174.0,147.0,True,True,True,0.001375,1.0,7.0,62.392337799072266,41,0.6931471824645996,True,0.0698640346527099,-0.000429,0.0694350346527099,-5.800000000000011e-05,0.6741569600833655,-29.0,-17.0,-0.001073,0.001444,True,True,False,True,False,False
1,115.0,/home/sunshixin/chenchao/my_rlaf/runs/analysis/echosat_symmetry_grpo_v1_7_acceptance_iter=115_canonical_low_warmup_wc1_per_instance.csv,1,subset_cardinality_bw12,base,subset_cardinality_bw12,subset_cardinality,weak_symmetry,large,main,weak,49,108,10.0,5.0,iter=115,0.0048,0.0048,442.0,342.0,True,0.000539,0.000539,491.0,414.0,True,0.0,0.6020641326904297,384.0,312.0,True,0.0,0.6031817859038711,384.0,312.0,True,0.002056,0.675101820556581,397.0,310.0,True,True,True,0.0,1.0,9.0,75.44426727294922,49,0.6931471824645996,True,0.0698640346527099,0.002056,0.0719200346527099,-0.0027439999999999,0.6703018205565809,13.0,-2.0,-0.0042609999999999,-0.000539,False,True,False,False,True,False
1,115.0,/home/sunshixin/chenchao/my_rlaf/runs/analysis/echosat_symmetry_grpo_v1_7_acceptance_iter=115_canonical_low_warmup_wc1_per_instance.csv,1,subset_cardinality_bw12,perm_seed1730,subset_cardinality_bw12_perm1730,subset_cardinality,weak_symmetry,large,main,weak,49,108,10.0,5.0,iter=115,0.002627,0.002627,440.0,329.0,True,0.002823,0.002823,397.0,314.0,True,0.00455,0.2361307342529296,343.0,268.0,True,0.00455,0.2389622153896093,343.0,268.0,True,0.002149,0.2667476301082372,374.0,309.0,True,True,True,0.00193,1.0,7.0,73.95069122314453,49,0.6931471824645996,True,0.0301864147186279,-0.002401,0.0277854147186279,-0.000478,0.2641206301082372,31.0,41.0,0.000196,0.001727,True,True,False,False,True,False
1,115.0,/home/sunshixin/chenchao/my_rlaf/runs/analysis/echosat_symmetry_grpo_v1_7_acceptance_iter=115_canonical_low_warmup_wc1_per_instance.csv,1,subset_cardinality_bw12,perm_seed1731,subset_cardinality_bw12_perm1731,subset_cardinality,weak_symmetry,large,main,weak,49,108,10.0,5.0,iter=115,0.001972,0.001972,393.0,297.0,True,0.002439,0.002439,439.0,311.0,True,0.003321,0.2349017342529296,363.0,285.0,True,0.003321,0.2376282011488676,363.0,285.0,True,0.0,0.2644936158674955,378.0,308.0,True,True,True,0.00183,1.0,7.0,75.07693481445312,49,0.6931471824645996,True,0.0301864147186279,-0.003321,0.0268654147186278,-0.001972,0.2625216158674955,15.0,23.0,0.000467,0.000882,True,True,False,False,True,False
1,115.0,/home/sunshixin/chenchao/my_rlaf/runs/analysis/echosat_symmetry_grpo_v1_7_acceptance_iter=115_canonical_low_warmup_wc1_per_instance.csv,1,subset_cardinality_bw8,base,subset_cardinality_bw8,subset_cardinality,weak_symmetry,medium,main,weak,33,76,10.0,5.0,iter=115,0.001231,0.001231,89.0,67.0,True,0.001462,0.001462,106.0,76.0,True,0.001293,0.2328737342529296,84.0,69.0,True,0.001293,0.2358276995139122,84.0,69.0,True,0.0,0.2647211142325401,97.0,83.0,True,True,True,0.00189,1.0,12.0,54.99262619018555,33,0.6931471824645996,True,0.0301864147186279,-0.001293,0.0288934147186278,-0.001231,0.2634901142325401,13.0,14.0,0.0002309999999999,-0.0001689999999999,True,True,False,False,True,False
1,115.0,/home/sunshixin/chenchao/my_rlaf/runs/analysis/echosat_symmetry_grpo_v1_7_acceptance_iter=115_canonical_low_warmup_wc1_per_instance.csv,1,subset_cardinality_bw8,perm_seed1730,subset_cardinality_bw8_perm1730,subset_cardinality,weak_symmetry,medium,main,weak,33,76,10.0,5.0,iter=115,0.000573,0.000573,110.0,76.0,True,0.001591,0.001591,127.0,80.0,True,0.002359,0.2339397342529297,100.0,79.0,True,0.002359,0.2361242519516349,100.0,79.0,True,0.001545,0.2654966666702628,101.0,83.0,True,True,True,0.001282,1.0,5.0,49.16338348388672,33,0.6931471824645996,True,0.0301864147186279,-0.000814,0.0293724147186278,0.0009719999999999,0.2649236666702628,1.0,4.0,0.0010179999999999,0.000768,True,False,False,False,True,False
1,115.0,/home/sunshixin/chenchao/my_rlaf/runs/analysis/echosat_symmetry_grpo_v1_7_acceptance_iter=115_canonical_low_warmup_wc1_per_instance.csv,1,subset_cardinality_bw8,perm_seed1731,subset_cardinality_bw8_perm1731,subset_cardinality,weak_symmetry,medium,main,weak,33,76,10.0,5.0,iter=115,0.001751,0.001751,91.0,70.0,True,0.001467,0.001467,102.0,79.0,True,0.0,0.2315807342529297,81.0,70.0,True,0.0,0.2341924070994258,81.0,70.0,True,0.001513,0.2658918218180537,92.0,76.0,True,True,True,0.001637,1.0,11.0,55.44180679321289,33,0.6931471824645996,True,0.0301864147186279,0.001513,0.0316994147186279,-0.0002379999999999,0.2641408218180537,11.0,6.0,-0.0002839999999999,-0.001467,False,True,False,False,True,False
1,115.0,/home/sunshixin/chenchao/my_rlaf/runs/analysis/echosat_symmetry_grpo_v1_7_acceptance_iter=115_canonical_low_warmup_wc1_per_instance.csv,2,k10_color9,base,k10_color9,complete_coloring,strong_symmetry,large,main,strong,90,775,10.0,5.0,iter=115,4.55506,4.55506,340861.0,314066.0,True,4.30812,4.30812,322229.0,299168.0,True,4.12772,4.635607601852417,321840.0,298649.0,True,4.12772,4.647182678508341,321840.0,298649.0,True,3.37072,3.943816368388712,277364.0,257689.0,True,True,True,0.010253,1.0,8.0,136.93209838867188,90,0.6931471824645996,True,0.053633689880371,-0.7570000000000001,-0.703366310119629,-1.1843400000000002,-0.6112436316112881,-44476.0,-40960.0,-0.2469400000000003,-0.1803999999999996,True,True,True,True,False,False
1,115.0,/home/sunshixin/chenchao/my_rlaf/runs/analysis/echosat_symmetry_grpo_v1_7_acceptance_iter=115_canonical_low_warmup_wc1_per_instance.csv,2,k10_color9,perm_seed1730,k10_color9_perm1730,complete_coloring,strong_symmetry,large,main,strong,90,775,10.0,5.0,iter=115,5.09548,5.09548,413643.0,382655.0,True,4.29835,4.29835,283792.0,262594.0,True,3.89345,4.401337601852417,247778.0,229737.0,True,3.89345,4.408108720190048,247778.0,229737.0,True,4.35855,4.926842410070419,283662.0,265513.0,True,True,True,0.005907,1.0,8.0,136.98228454589844,90,0.6931471824645996,True,0.053633689880371,0.4651,0.5187336898803707,-0.7369300000000001,-0.1686375899295811,35884.0,35776.0,-0.7971300000000001,-0.4049,False,True,True,False,True,False
1,115.0,/home/sunshixin/chenchao/my_rlaf/runs/analysis/echosat_symmetry_grpo_v1_7_acceptance_iter=115_canonical_low_warmup_wc1_per_instance.csv,2,k10_color9,perm_seed1731,k10_color9_perm1731,complete_coloring,strong_symmetry,large,main,strong,90,775,10.0,5.0,iter=115,4.19928,4.19928,340033.0,312592.0,True,3.98345,3.98345,290369.0,269757.0,True,3.93489,4.442777601852417,290369.0,269757.0,True,3.93489,4.450196648925424,290369.0,269757.0,True,4.62808,5.197020338805794,340891.0,317138.0,True,True,True,0.006588,1.0,8.0,137.00555419921875,90,0.6931471824645996,True,0.053633689880371,0.6931899999999995,0.7468236898803706,0.4287999999999998,0.9977403388057944,50522.0,47381.0,-0.2158299999999999,-0.0485599999999997,False,False,False,False,True,False
1,115.0,/home/sunshixin/chenchao/my_rlaf/runs/analysis/echosat_symmetry_grpo_v1_7_acceptance_iter=115_canonical_low_warmup_wc1_per_instance.csv,2,k8_color7,base,k8_color7,complete_coloring,strong_symmetry,large,main,strong,56,372,10.0,5.0,iter=115,0.048749,0.048749,6158.0,5600.0,True,0.055989,0.055989,5946.0,5440.0,True,0.043459,0.551346601852417,5946.0,5440.0,True,0.043459,0.5583658268501163,5946.0,5440.0,True,0.039041,0.6075815167304873,5866.0,5315.0,True,True,True,0.005204,1.0,6.0,84.73548889160156,56,0.6931471824645996,True,0.053633689880371,-0.0044179999999999,0.049215689880371,-0.009708,0.5588325167304873,-80.0,-125.0,0.0072399999999999,-0.01253,True,True,False,True,False,False
1,115.0,/home/sunshixin/chenchao/my_rlaf/runs/analysis/echosat_symmetry_grpo_v1_7_acceptance_iter=115_canonical_low_warmup_wc1_per_instance.csv,2,k8_color7,perm_seed1730,k8_color7_perm1730,complete_coloring,strong_symmetry,large,main,strong,56,372,10.0,5.0,iter=115,0.049466,0.049466,6138.0,5624.0,True,0.050398,0.050398,6264.0,5696.0,True,0.044153,0.552040601852417,6264.0,5696.0,True,0.044153,0.553188333769679,6264.0,5696.0,True,0.04093,0.6035990236500501,5657.0,5203.0,True,True,True,0.000396,1.0,6.0,84.79159545898438,56,0.6931471824645996,True,0.053633689880371,-0.0032229999999999,0.0504106898803711,-0.008536,0.5541330236500501,-607.0,-493.0,0.0009319999999999,-0.006245,True,True,False,True,False,False
1,115.0,/home/sunshixin/chenchao/my_rlaf/runs/analysis/echosat_symmetry_grpo_v1_7_acceptance_iter=115_canonical_low_warmup_wc1_per_instance.csv,2,k8_color7,perm_seed1731,k8_color7_perm1731,complete_coloring,strong_symmetry,large,main,strong,56,372,10.0,5.0,iter=115,0.035402,0.035402,5800.0,5271.0,True,0.051655,0.051655,6148.0,5641.0,True,0.049192,0.557079601852417,6148.0,5641.0,True,0.049192,0.5605271033499241,6148.0,5641.0,True,0.030903,0.5958717932302952,6264.0,5687.0,True,True,True,0.002624,1.0,6.0,84.7841796875,56,0.6931471824645996,True,0.053633689880371,-0.018289,0.035344689880371,-0.004499,0.5604697932302951,116.0,46.0,0.0162529999999999,-0.002463,True,True,False,False,True,False
1,115.0,/home/sunshixin/chenchao/my_rlaf/runs/analysis/echosat_symmetry_grpo_v1_7_acceptance_iter=115_canonical_low_warmup_wc1_per_instance.csv,2,k9_color8,base,k9_color8,complete_coloring,strong_symmetry,large,main,strong,72,549,10.0,5.0,iter=115,0.690468,0.690468,46557.0,43529.0,True,0.852278,0.852278,44352.0,41138.0,True,0.586047,1.093934601852417,43519.0,40436.0,True,0.586047,1.0979022944169046,43519.0,40436.0,True,0.41997,0.9854589842972756,33721.0,31431.0,True,True,True,0.003186,1.0,7.0,109.32144165039062,72,0.6931471824645996,True,0.053633689880371,-0.1660769999999999,-0.1124433101196289,-0.2704979999999999,0.2949909842972756,-9798.0,-9005.0,0.16181,-0.266231,True,True,False,True,False,False
1,115.0,/home/sunshixin/chenchao/my_rlaf/runs/analysis/echosat_symmetry_grpo_v1_7_acceptance_iter=115_canonical_low_warmup_wc1_per_instance.csv,2,k9_color8,perm_seed1730,k9_color8_perm1730,complete_coloring,strong_symmetry,large,main,strong,72,549,10.0,5.0,iter=115,0.469789,0.469789,39708.0,36681.0,True,0.673147,0.673147,45794.0,42555.0,True,0.659616,1.167503601852417,45794.0,42555.0,True,0.659616,1.1733275011096,45794.0,42555.0,True,0.441521,1.0088661909899712,40354.0,37389.0,True,True,True,0.00505,1.0,7.0,109.58531951904295,72,0.6931471824645996,True,0.053633689880371,-0.2180949999999999,-0.1644613101196288,-0.028268,0.5390771909899712,-5440.0,-5166.0,0.203358,-0.013531,True,True,False,True,False,False
1,115.0,/home/sunshixin/chenchao/my_rlaf/runs/analysis/echosat_symmetry_grpo_v1_7_acceptance_iter=115_canonical_low_warmup_wc1_per_instance.csv,2,k9_color8,perm_seed1731,k9_color8_perm1731,complete_coloring,strong_symmetry,large,main,strong,72,549,10.0,5.0,iter=115,0.623479,0.623479,47177.0,43763.0,True,0.708742,0.708742,47579.0,44103.0,True,0.683721,0.8075663388214112,47579.0,44103.0,True,0.683721,0.812985868776381,47579.0,44103.0,True,0.55742,0.6904609422321916,44972.0,41853.0,True,True,True,0.004528,1.0,7.0,109.56788635253906,72,0.6931471824645996,True,0.0037760734558105,-0.126301,-0.1225249265441894,-0.0660589999999999,0.0669819422321915,-2607.0,-2250.0,0.0852629999999999,-0.0250209999999999,True,True,False,True,False,False
1,115.0,/home/sunshixin/chenchao/my_rlaf/runs/analysis/echosat_symmetry_grpo_v1_7_acceptance_iter=115_canonical_low_warmup_wc1_per_instance.csv,2,php_p10_h9,base,php_p10_h9,php,strong_symmetry,large,main,strong,90,775,10.0,5.0,iter=115,4.29108,4.29108,340861.0,314066.0,True,4.60123,4.60123,322229.0,299168.0,True,4.15238,4.276225338821411,321840.0,298649.0,True,4.15238,4.285799747813403,321840.0,298649.0,True,3.38781,3.525005821269214,277364.0,257689.0,True,True,True,0.008791,1.0,8.0,136.93209838867188,90,0.6931471824645996,True,0.0037760734558105,-0.76457,-0.760793926544189,-0.90327,-0.7660741787307859,-44476.0,-40960.0,0.3101500000000001,-0.4488500000000002,True,True,True,True,False,False
1,115.0,/home/sunshixin/chenchao/my_rlaf/runs/analysis/echosat_symmetry_grpo_v1_7_acceptance_iter=115_canonical_low_warmup_wc1_per_instance.csv,2,php_p10_h9,perm_seed1730,php_p10_h9_perm1730,php,strong_symmetry,large,main,strong,90,775,10.0,5.0,iter=115,5.06021,5.06021,413643.0,382655.0,True,4.67626,4.67626,283792.0,262594.0,True,3.84265,3.966495338821411,247778.0,229737.0,True,3.84265,3.975608217982233,247778.0,229737.0,True,4.36026,4.496994291438043,297908.0,279546.0,True,True,True,0.008318,1.0,8.0,136.98228454589844,90,0.6931471824645996,True,0.0037760734558105,0.5176100000000003,0.5213860734558105,-0.6999499999999994,-0.5632157085619562,50130.0,49809.0,-0.3839499999999995,-0.8336100000000002,False,True,True,False,True,False
1,115.0,/home/sunshixin/chenchao/my_rlaf/runs/analysis/echosat_symmetry_grpo_v1_7_acceptance_iter=115_canonical_low_warmup_wc1_per_instance.csv,2,php_p10_h9,perm_seed1731,php_p10_h9_perm1731,php,strong_symmetry,large,main,strong,90,775,10.0,5.0,iter=115,4.37628,4.37628,340033.0,312592.0,True,4.0495,4.0495,290369.0,269757.0,True,3.90207,4.025915338821411,290369.0,269757.0,True,3.90207,4.029684722159565,290369.0,269757.0,True,4.38419,4.515580795615375,340891.0,317138.0,True,True,True,0.002961,1.0,8.0,137.00555419921875,90,0.6931471824645996,True,0.0037760734558105,0.4821200000000001,0.4858960734558106,0.0079099999999998,0.1393007956153749,50522.0,47381.0,-0.3267800000000003,-0.1474299999999999,False,False,False,False,True,False
1,115.0,/home/sunshixin/chenchao/my_rlaf/runs/analysis/echosat_symmetry_grpo_v1_7_acceptance_iter=115_canonical_low_warmup_wc1_per_instance.csv,2,php_p9_h8,base,php_p9_h8,php,strong_symmetry,large,main,strong,72,549,10.0,5.0,iter=115,0.69803,0.69803,46557.0,43529.0,True,0.642662,0.642662,44352.0,41138.0,True,0.589312,0.7131573388214111,43519.0,40436.0,True,0.589312,0.720238849239409,43519.0,40436.0,True,0.458236,0.5929389226952195,33721.0,31431.0,True,True,True,0.006279,1.0,7.0,109.32144165039062,72,0.6931471824645996,True,0.0037760734558105,-0.1310759999999999,-0.1272999265441894,-0.239794,-0.1050910773047805,-9798.0,-9005.0,-0.055368,-0.05335,True,True,True,True,False,False
1,115.0,/home/sunshixin/chenchao/my_rlaf/runs/analysis/echosat_symmetry_grpo_v1_7_acceptance_iter=115_canonical_low_warmup_wc1_per_instance.csv,2,php_p9_h8,perm_seed1730,php_p9_h8_perm1730,php,strong_symmetry,large,main,strong,72,549,10.0,5.0,iter=115,0.468626,0.468626,39708.0,36681.0,True,0.755364,0.755364,45794.0,42555.0,True,0.673157,0.7970023388214111,45794.0,42555.0,True,0.673157,0.8036409577168226,45794.0,42555.0,True,0.51361,0.6478700311726332,40354.0,37389.0,True,True,True,0.0059,1.0,7.0,109.58531951904295,72,0.6931471824645996,True,0.0037760734558105,-0.159547,-0.1557709265441894,0.044984,0.1792440311726332,-5440.0,-5166.0,0.286738,-0.082207,True,False,False,True,False,False
1,115.0,/home/sunshixin/chenchao/my_rlaf/runs/analysis/echosat_symmetry_grpo_v1_7_acceptance_iter=115_canonical_low_warmup_wc1_per_instance.csv,2,php_p9_h8,perm_seed1731,php_p9_h8_perm1731,php,strong_symmetry,large,main,strong,72,549,10.0,5.0,iter=115,0.632206,0.632206,47177.0,43763.0,True,0.680623,0.680623,47579.0,44103.0,True,0.680194,0.8040393388214111,47579.0,44103.0,True,0.680194,0.8106815591444373,47579.0,44103.0,True,0.609178,0.7434416326002479,44972.0,41853.0,True,True,True,0.005869,1.0,7.0,109.56788635253906,72,0.6931471824645996,True,0.0037760734558105,-0.0710159999999999,-0.0672399265441894,-0.023028,0.1112356326002478,-2607.0,-2250.0,0.0484169999999999,-0.000429,True,True,False,True,False,False
1,115.0,/home/sunshixin/chenchao/my_rlaf/runs/analysis/echosat_symmetry_grpo_v1_7_acceptance_iter=115_canonical_low_warmup_wc1_per_instance.csv,2,random_3sat_control_v160_c704_seed2615,base,random_3sat_control_v160_c704_seed2615,random_3sat_control,non_symmetric_control,large,control,none,160,704,10.0,5.0,iter=115,0.063774,0.063774,6771.0,5767.0,True,0.054197,0.054197,5702.0,4813.0,True,0.061022,0.1848673388214111,4859.0,4212.0,True,0.061022,0.1875540923579335,4859.0,4212.0,True,0.049828,0.1801361658137441,5652.0,4794.0,True,False,False,0.001756,1.0,20.0,250.25311279296875,160,0.6931471824645996,True,0.0037760734558105,-0.011194,-0.0074179265441894,-0.013946,0.116362165813744,793.0,582.0,-0.0095769999999999,0.0068249999999999,True,True,False,False,True,True
1,115.0,/home/sunshixin/chenchao/my_rlaf/runs/analysis/echosat_symmetry_grpo_v1_7_acceptance_iter=115_canonical_low_warmup_wc1_per_instance.csv,2,random_3sat_control_v160_c704_seed2615,perm_seed1730,random_3sat_control_v160_c704_seed2615_perm1730,random_3sat_control,non_symmetric_control,large,control,none,160,704,10.0,5.0,iter=115,0.094961,0.094961,8522.0,7299.0,True,0.095688,0.095688,7934.0,6809.0,True,0.053463,1.952987211883545,4602.0,4008.0,True,0.053463,1.958672495135844,4602.0,4008.0,True,0.058649,1.96855653323704,5840.0,5008.0,True,False,False,0.00472,1.0,20.0,250.9976043701172,160,0.6931471824645996,True,0.0046980381011962,0.005186,0.0098840381011959,-0.036312,1.87359553323704,1238.0,1000.0,0.0007269999999999,-0.042225,False,True,False,False,True,True
1,115.0,/home/sunshixin/chenchao/my_rlaf/runs/analysis/echosat_symmetry_grpo_v1_7_acceptance_iter=115_canonical_low_warmup_wc1_per_instance.csv,2,random_3sat_control_v160_c704_seed2615,perm_seed1731,random_3sat_control_v160_c704_seed2615_perm1731,random_3sat_control,non_symmetric_control,large,control,none,160,704,10.0,5.0,iter=115,0.042866,0.042866,5676.0,4847.0,True,0.097256,0.097256,8017.0,6851.0,True,0.063403,1.962927211883545,4961.0,4384.0,True,0.063403,1.9668731497273448,4961.0,4384.0,True,0.050894,1.9590621878285408,5099.0,4340.0,True,False,False,0.003058,1.0,20.0,250.14382934570312,160,0.6931471824645996,True,0.0046980381011962,-0.012509,-0.007810961898804,0.008028,1.9161961878285407,138.0,-44.0,0.0543899999999999,-0.0338529999999999,True,False,False,False,True,True
1,115.0,/home/sunshixin/chenchao/my_rlaf/runs/analysis/echosat_symmetry_grpo_v1_7_acceptance_iter=115_canonical_low_warmup_wc1_per_instance.csv,2,random_3sat_control_v180_c760_seed3301,base,random_3sat_control_v180_c760_seed3301,random_3sat_control,non_symmetric_control,large,control,none,180,760,10.0,5.0,iter=115,0.497031,0.497031,27442.0,23617.0,True,0.177584,0.177584,10470.0,8910.0,True,0.012152,1.9116762118835449,693.0,567.0,True,0.012152,1.916373228117168,693.0,567.0,True,0.491386,2.400305266218364,33478.0,29309.0,True,False,False,0.003727,1.0,25.0,290.802978515625,180,0.6931471824645996,True,0.0046980381011962,0.479234,0.4839320381011962,-0.005645,1.903274266218364,32785.0,28742.0,-0.319447,-0.165432,False,True,False,False,True,True
1,115.0,/home/sunshixin/chenchao/my_rlaf/runs/analysis/echosat_symmetry_grpo_v1_7_acceptance_iter=115_canonical_low_warmup_wc1_per_instance.csv,2,random_3sat_control_v180_c760_seed3301,perm_seed1730,random_3sat_control_v180_c760_seed3301_perm1730,random_3sat_control,non_symmetric_control,large,control,none,180,760,10.0,5.0,iter=115,1.05942,1.05942,47649.0,41152.0,True,0.097611,0.097611,7421.0,6253.0,True,0.00639,1.9059142118835448,643.0,525.0,True,0.00639,1.910513093133092,643.0,525.0,True,0.64984,2.558661131234288,41335.0,36434.0,True,False,False,0.003652,1.0,25.0,292.0396728515625,180,0.6931471824645996,True,0.0046980381011962,0.64345,0.6481480381011961,-0.40958,1.499241131234288,40692.0,35909.0,-0.961809,-0.091221,False,True,False,False,True,True
1,115.0,/home/sunshixin/chenchao/my_rlaf/runs/analysis/echosat_symmetry_grpo_v1_7_acceptance_iter=115_canonical_low_warmup_wc1_per_instance.csv,2,random_3sat_control_v180_c760_seed3301,perm_seed1731,random_3sat_control_v180_c760_seed3301_perm1731,random_3sat_control,non_symmetric_control,large,control,none,180,760,10.0,5.0,iter=115,0.486453,0.486453,27197.0,23469.0,True,0.126868,0.126868,9011.0,7714.0,True,0.007596,1.9071202118835449,590.0,484.0,True,0.007596,1.9119750585250848,590.0,484.0,True,0.513302,2.422379096626282,33934.0,29781.0,True,False,False,0.003897,1.0,25.0,291.0475769042969,180,0.6931471824645996,True,0.0046980381011962,0.505706,0.5104040381011967,0.026849,1.935926096626282,33344.0,29297.0,-0.359585,-0.119272,False,False,False,False,True,True
1,115.0,/home/sunshixin/chenchao/my_rlaf/runs/analysis/echosat_symmetry_grpo_v1_7_acceptance_iter=115_canonical_low_warmup_wc1_per_instance.csv,2,random_3sat_control_v220_c928_seed3303,base,random_3sat_control_v220_c928_seed3303,random_3sat_control,non_symmetric_control,large,control,none,220,928,10.0,5.0,iter=115,0.724641,0.724641,30277.0,25994.0,True,0.441886,0.441886,22265.0,19025.0,True,0.00328,1.9028042118835449,62.0,4.0,True,0.00328,1.9086435283588767,62.0,4.0,True,0.012069,1.9221305664600727,954.0,736.0,True,False,False,0.004914,1.0,28.0,332.48345947265625,220,0.6931471824645996,True,0.0046980381011962,0.008789,0.013487038101196,-0.712572,1.1974895664600729,892.0,732.0,-0.282755,-0.438606,False,True,False,False,True,True
1,115.0,/home/sunshixin/chenchao/my_rlaf/runs/analysis/echosat_symmetry_grpo_v1_7_acceptance_iter=115_canonical_low_warmup_wc1_per_instance.csv,2,random_3sat_control_v220_c928_seed3303,perm_seed1730,random_3sat_control_v220_c928_seed3303_perm1730,random_3sat_control,non_symmetric_control,large,control,none,220,928,10.0,5.0,iter=115,1.53982,1.53982,52742.0,45477.0,True,0.230452,0.230452,13039.0,11071.0,True,0.002759,1.9022832118835449,62.0,4.0,True,0.002759,1.9036903431475165,62.0,4.0,True,0.013612,1.9192413812487128,640.0,470.0,True,False,False,0.000466,1.0,28.0,330.46795654296875,220,0.6931471824645996,True,0.0046980381011962,0.010853,0.0155510381011962,-1.526208,0.3794213812487128,578.0,466.0,-1.309368,-0.2276929999999999,False,True,False,False,True,True
1,115.0,/home/sunshixin/chenchao/my_rlaf/runs/analysis/echosat_symmetry_grpo_v1_7_acceptance_iter=115_canonical_low_warmup_wc1_per_instance.csv,2,random_3sat_control_v220_c928_seed3303,perm_seed1731,random_3sat_control_v220_c928_seed3303_perm1731,random_3sat_control,non_symmetric_control,large,control,none,220,928,10.0,5.0,iter=115,0.064447,0.064447,4930.0,4147.0,True,0.348045,0.348045,19684.0,16814.0,True,0.003204,1.902728211883545,63.0,4.0,True,0.003204,1.9081964842373127,63.0,4.0,True,0.011666,1.9213565223385096,995.0,775.0,True,False,False,0.004436,1.0,28.0,331.7943725585937,220,0.6931471824645996,True,0.0046980381011962,0.0084619999999999,0.0131600381011964,-0.052781,1.8569095223385097,932.0,771.0,0.283598,-0.344841,False,True,False,False,True,True
1,115.0,/home/sunshixin/chenchao/my_rlaf/runs/analysis/echosat_symmetry_grpo_v1_7_acceptance_iter=115_canonical_low_warmup_wc1_per_instance.csv,2,random_3sat_control_v220_c942_seed3304,base,random_3sat_control_v220_c942_seed3304,random_3sat_control,non_symmetric_control,large,control,none,220,942,10.0,5.0,iter=115,0.664636,0.664636,35472.0,30813.0,True,0.932768,0.932768,41376.0,36046.0,True,0.466322,1.0635879587860106,26754.0,23980.0,True,0.466322,1.064510018426299,26754.0,23980.0,True,0.637371,1.327259572320342,40296.0,36065.0,True,False,False,0.0,1.0,24.0,322.4337158203125,220,0.6931471824645996,True,0.0917005538940429,0.171049,0.262749553894043,-0.0272649999999999,0.662623572320342,13542.0,12085.0,0.268132,-0.466446,False,True,False,False,True,True
1,115.0,/home/sunshixin/chenchao/my_rlaf/runs/analysis/echosat_symmetry_grpo_v1_7_acceptance_iter=115_canonical_low_warmup_wc1_per_instance.csv,2,random_3sat_control_v220_c942_seed3304,perm_seed1730,random_3sat_control_v220_c942_seed3304_perm1730,random_3sat_control,non_symmetric_control,large,control,none,220,942,10.0,5.0,iter=115,0.664249,0.664249,34825.0,30052.0,True,0.614772,0.614772,33221.0,28818.0,True,0.474,1.0712659587860107,26445.0,23804.0,True,0.474,1.074190566649914,26445.0,23804.0,True,0.617236,1.3091271205439567,39843.0,35462.0,True,False,False,0.001953,1.0,24.0,324.02960205078125,220,0.6931471824645996,True,0.0917005538940429,0.143236,0.2349365538940426,-0.0470129999999999,0.6448781205439568,13398.0,11658.0,-0.0494769999999999,-0.140772,False,True,False,False,True,True
1,115.0,/home/sunshixin/chenchao/my_rlaf/runs/analysis/echosat_symmetry_grpo_v1_7_acceptance_iter=115_canonical_low_warmup_wc1_per_instance.csv,2,random_3sat_control_v220_c942_seed3304,perm_seed1731,random_3sat_control_v220_c942_seed3304_perm1731,random_3sat_control,non_symmetric_control,large,control,none,220,942,10.0,5.0,iter=115,0.796407,0.796407,38737.0,33758.0,True,0.766902,0.766902,38909.0,33544.0,True,0.472566,1.0698319587860108,26149.0,23448.0,True,0.472566,1.0746986596058608,26149.0,23448.0,True,0.684235,1.3780682134999038,40623.0,36390.0,True,False,False,0.003857,1.0,24.0,324.64569091796875,220,0.6931471824645996,True,0.0917005538940429,0.211669,0.3033695538940431,-0.1121719999999999,0.5816612134999039,14474.0,12942.0,-0.029505,-0.294336,False,True,False,False,True,True
1,115.0,/home/sunshixin/chenchao/my_rlaf/runs/analysis/echosat_symmetry_grpo_v1_7_acceptance_iter=115_canonical_low_warmup_wc1_per_instance.csv,2,random_3sat_control_v260_c1097_seed3305,base,random_3sat_control_v260_c1097_seed3305,random_3sat_control,non_symmetric_control,large,control,none,260,1097,10.0,5.0,iter=115,6.75758,6.75758,216854.0,188499.0,True,2.31587,2.31587,73626.0,64181.0,True,1.5166,2.1138659587860107,60642.0,54350.0,True,1.5166,2.120587513716817,60642.0,54350.0,True,1.97969,2.67537806761086,88260.0,78755.0,True,False,False,0.00573,1.0,35.0,390.6428833007813,260,0.6931471824645996,True,0.0917005538940429,0.46309,0.5547905538940427,-4.77789,-4.08220193238914,27618.0,24405.0,-4.4417100000000005,-0.7992699999999999,False,True,True,False,True,True
1,115.0,/home/sunshixin/chenchao/my_rlaf/runs/analysis/echosat_symmetry_grpo_v1_7_acceptance_iter=115_canonical_low_warmup_wc1_per_instance.csv,2,random_3sat_control_v260_c1097_seed3305,perm_seed1730,random_3sat_control_v260_c1097_seed3305_perm1730,random_3sat_control,non_symmetric_control,large,control,none,260,1097,10.0,5.0,iter=115,7.42498,7.42498,224505.0,195557.0,True,0.619949,0.619949,27246.0,23387.0,True,1.47819,2.0754559587860104,60686.0,54724.0,True,1.47819,2.081590255905628,60686.0,54724.0,True,3.60107,4.296170809799671,157336.0,140708.0,True,False,False,0.004999,1.0,35.0,390.0680847167969,260,0.6931471824645996,True,0.0917005538940429,2.1228800000000003,2.214580553894043,-3.82391,-3.1288091902003288,96650.0,85984.0,-6.805031,0.8582409999999999,False,True,True,False,True,True
1,115.0,/home/sunshixin/chenchao/my_rlaf/runs/analysis/echosat_symmetry_grpo_v1_7_acceptance_iter=115_canonical_low_warmup_wc1_per_instance.csv,2,random_3sat_control_v260_c1097_seed3305,perm_seed1731,random_3sat_control_v260_c1097_seed3305_perm1731,random_3sat_control,non_symmetric_control,large,control,none,260,1097,10.0,5.0,iter=115,3.56078,3.56078,105916.0,92052.0,True,5.5326,5.5326,162997.0,142194.0,True,1.03057,1.6278359587860107,48534.0,43247.0,True,1.03057,1.6358280464702248,48534.0,43247.0,True,0.479012,1.1759706003642678,26912.0,23693.0,True,False,False,0.006934,1.0,35.0,389.6698913574219,260,0.6931471824645996,True,0.0917005538940429,-0.551558,-0.459857446105957,-3.081768,-2.384809399635732,-21622.0,-19554.0,1.9718200000000008,-4.50203,True,True,True,True,False,True
1,115.0,/home/sunshixin/chenchao/my_rlaf/runs/analysis/echosat_symmetry_grpo_v1_7_acceptance_iter=115_canonical_low_warmup_wc1_per_instance.csv,2,random_3sat_control_v260_c1113_seed3306,base,random_3sat_control_v260_c1113_seed3306,random_3sat_control,non_symmetric_control,large,control,none,260,1113,10.0,5.0,iter=115,5.42367,5.42367,178146.0,155541.0,True,6.0452,6.0452,186876.0,163308.0,True,6.32242,6.919685958786011,226200.0,205404.0,True,6.32242,6.921255961397708,226200.0,205404.0,True,5.97992,6.67045651529175,247323.0,217613.0,True,False,False,0.000432,1.0,33.0,397.6284790039063,260,0.6931471824645996,True,0.0917005538940429,-0.3425000000000002,-0.2507994461059573,0.5562499999999995,1.24678651529175,21123.0,12209.0,0.6215299999999999,0.2772199999999998,True,False,False,False,True,True
1,115.0,/home/sunshixin/chenchao/my_rlaf/runs/analysis/echosat_symmetry_grpo_v1_7_acceptance_iter=115_canonical_low_warmup_wc1_per_instance.csv,2,random_3sat_control_v260_c1113_seed3306,perm_seed1730,random_3sat_control_v260_c1113_seed3306_perm1730,random_3sat_control,non_symmetric_control,large,control,none,260,1113,10.0,5.0,iter=115,4.65681,4.65681,171334.0,149746.0,True,6.59595,6.59595,206936.0,180741.0,True,5.55429,6.151555958786011,206101.0,186162.0,True,5.55429,6.158830630348563,206101.0,186162.0,True,6.10739,6.803631184242606,255479.0,224506.0,True,False,False,0.006224,1.0,33.0,396.3316650390625,260,0.6931471824645996,True,0.0917005538940429,0.5530999999999997,0.6448005538940436,1.4505799999999995,2.146821184242606,49378.0,38344.0,1.93914,-1.0416600000000005,False,False,False,False,True,True
1,115.0,/home/sunshixin/chenchao/my_rlaf/runs/analysis/echosat_symmetry_grpo_v1_7_acceptance_iter=115_canonical_low_warmup_wc1_per_instance.csv,2,random_3sat_control_v260_c1113_seed3306,perm_seed1731,random_3sat_control_v260_c1113_seed3306_perm1731,random_3sat_control,non_symmetric_control,large,control,none,260,1113,10.0,5.0,iter=115,6.39313,6.39313,202621.0,177648.0,True,6.8795,6.8795,214985.0,187707.0,True,5.96548,6.40564695022583,217745.0,196903.0,True,5.96548,6.406623104806543,217745.0,196903.0,True,6.3137,6.823296655145287,257051.0,226743.0,True,False,False,0.0,1.0,33.0,397.0461730957031,260,0.6931471824645996,True,0.0684535503387451,0.3482199999999995,0.4166735503387446,-0.0794300000000003,0.4301666551452872,39306.0,29840.0,0.4863699999999999,-0.9140199999999998,False,True,False,False,True,True
1,115.0,/home/sunshixin/chenchao/my_rlaf/runs/analysis/echosat_symmetry_grpo_v1_7_acceptance_iter=115_canonical_low_warmup_wc1_per_instance.csv,2,random_3sat_control_v300_c1266_seed3307,base,random_3sat_control_v300_c1266_seed3307,random_3sat_control,non_symmetric_control,large,control,none,300,1266,10.0,5.0,iter=115,0.271563,0.271563,12894.0,10895.0,True,2.50309,2.50309,71356.0,61376.0,True,0.008237,0.4484039502258301,288.0,182.0,True,0.008237,0.4529314153698087,288.0,182.0,True,0.041884,0.5550319657085538,2672.0,2174.0,True,False,False,0.003433,1.0,46.0,466.681884765625,300,0.6931471824645996,True,0.0684535503387451,0.0336469999999999,0.1021005503387451,-0.229679,0.2834689657085538,2384.0,1992.0,2.231527,-2.494853,False,True,False,False,True,True
1,115.0,/home/sunshixin/chenchao/my_rlaf/runs/analysis/echosat_symmetry_grpo_v1_7_acceptance_iter=115_canonical_low_warmup_wc1_per_instance.csv,2,random_3sat_control_v300_c1266_seed3307,perm_seed1730,random_3sat_control_v300_c1266_seed3307_perm1730,random_3sat_control,non_symmetric_control,large,control,none,300,1266,10.0,5.0,iter=115,1.3318,1.3318,43103.0,37339.0,True,2.07107,2.07107,63498.0,54506.0,True,0.01005,0.4502169502258301,321.0,205.0,True,0.01005,0.4578065609847307,321.0,205.0,True,0.03471,0.5509201113234758,2531.0,2020.0,True,False,False,0.006513,1.0,46.0,465.9733581542969,300,0.6931471824645996,True,0.0684535503387451,0.0246599999999999,0.0931135503387451,-1.29709,-0.7808798886765242,2210.0,1815.0,0.7392700000000001,-2.06102,False,True,True,False,True,True
1,115.0,/home/sunshixin/chenchao/my_rlaf/runs/analysis/echosat_symmetry_grpo_v1_7_acceptance_iter=115_canonical_low_warmup_wc1_per_instance.csv,2,random_3sat_control_v300_c1266_seed3307,perm_seed1731,random_3sat_control_v300_c1266_seed3307_perm1731,random_3sat_control,non_symmetric_control,large,control,none,300,1266,10.0,5.0,iter=115,2.13128,2.13128,66962.0,57424.0,True,0.118018,0.118018,7524.0,6304.0,True,0.009096,0.44926295022583,375.0,247.0,True,0.009096,0.4536284948063492,375.0,247.0,True,0.032018,0.5450040451450944,2464.0,2003.0,True,False,False,0.003235,1.0,46.0,465.2885437011719,300,0.6931471824645996,True,0.0684535503387451,0.0229219999999999,0.0913755503387451,-2.099262,-1.5862759548549057,2089.0,1756.0,-2.013262,-0.1089219999999999,False,True,True,False,True,True
1,115.0,/home/sunshixin/chenchao/my_rlaf/runs/analysis/echosat_symmetry_grpo_v1_7_acceptance_iter=115_canonical_low_warmup_wc1_per_instance.csv,2,subset_cardinality_bw10,base,subset_cardinality_bw10,subset_cardinality,weak_symmetry,large,main,weak,41,92,10.0,5.0,iter=115,0.003601,0.003601,193.0,141.0,True,0.00256,0.00256,237.0,193.0,True,0.00162,0.4417869502258301,162.0,142.0,True,0.00162,0.4438809302708507,162.0,142.0,True,0.001835,0.5125494806095958,179.0,151.0,True,True,True,0.00129,1.0,5.0,62.83808517456055,41,0.6931471824645996,True,0.0684535503387451,0.000215,0.0686685503387451,-0.001766,0.5089484806095959,17.0,9.0,-0.0010409999999999,-0.00094,False,True,False,False,True,False
1,115.0,/home/sunshixin/chenchao/my_rlaf/runs/analysis/echosat_symmetry_grpo_v1_7_acceptance_iter=115_canonical_low_warmup_wc1_per_instance.csv,2,subset_cardinality_bw10,perm_seed1730,subset_cardinality_bw10_perm1730,subset_cardinality,weak_symmetry,large,main,weak,41,92,10.0,5.0,iter=115,0.00158,0.00158,218.0,167.0,True,0.002178,0.002178,221.0,169.0,True,0.001438,0.4416049502258301,156.0,137.0,True,0.001438,0.4438523488819003,156.0,137.0,True,0.0,0.5108678992206455,181.0,158.0,True,True,True,0.001476,1.0,6.0,62.92706298828125,41,0.6931471824645996,True,0.0684535503387451,-0.001438,0.0670155503387451,-0.00158,0.5092878992206454,25.0,21.0,0.0005979999999999,-0.0007399999999999,True,True,False,False,True,False
1,115.0,/home/sunshixin/chenchao/my_rlaf/runs/analysis/echosat_symmetry_grpo_v1_7_acceptance_iter=115_canonical_low_warmup_wc1_per_instance.csv,2,subset_cardinality_bw10,perm_seed1731,subset_cardinality_bw10_perm1731,subset_cardinality,weak_symmetry,large,main,weak,41,92,10.0,5.0,iter=115,0.003108,0.003108,202.0,147.0,True,0.002115,0.002115,247.0,155.0,True,0.0,0.4401669502258301,203.0,164.0,True,0.0,0.4420880889852047,203.0,164.0,True,0.000552,0.5110936393239498,174.0,147.0,True,True,True,0.001127,1.0,7.0,62.392337799072266,41,0.6931471824645996,True,0.0684535503387451,0.000552,0.0690055503387451,-0.002556,0.5079856393239498,-29.0,-17.0,-0.000993,-0.002115,False,True,False,True,False,False
1,115.0,/home/sunshixin/chenchao/my_rlaf/runs/analysis/echosat_symmetry_grpo_v1_7_acceptance_iter=115_canonical_low_warmup_wc1_per_instance.csv,2,subset_cardinality_bw12,base,subset_cardinality_bw12,subset_cardinality,weak_symmetry,large,main,weak,49,108,10.0,5.0,iter=115,0.002117,0.002117,442.0,342.0,True,0.003402,0.003402,491.0,414.0,True,0.002332,0.4424989502258301,384.0,312.0,True,0.002332,0.4445416112231612,384.0,312.0,True,0.001917,0.5125801615619063,397.0,310.0,True,True,True,0.001187,1.0,9.0,75.44426727294922,49,0.6931471824645996,True,0.0684535503387451,-0.0004149999999999,0.0680385503387451,-0.0001999999999999,0.5104631615619063,13.0,-2.0,0.001285,-0.00107,True,True,False,False,True,False
1,115.0,/home/sunshixin/chenchao/my_rlaf/runs/analysis/echosat_symmetry_grpo_v1_7_acceptance_iter=115_canonical_low_warmup_wc1_per_instance.csv,2,subset_cardinality_bw12,perm_seed1730,subset_cardinality_bw12_perm1730,subset_cardinality,weak_symmetry,large,main,weak,49,108,10.0,5.0,iter=115,0.004082,0.004082,440.0,329.0,True,0.000391,0.000391,397.0,314.0,True,0.002344,0.0560093995513916,343.0,268.0,True,0.002344,0.057326787725687,343.0,268.0,True,0.00338,0.0882719216368198,374.0,309.0,True,True,True,0.000516,1.0,7.0,73.95069122314453,49,0.6931471824645996,True,0.0299091339111328,0.001036,0.0309451339111327,-0.0007019999999999,0.0841899216368197,31.0,41.0,-0.003691,0.001953,False,True,False,False,True,False
1,115.0,/home/sunshixin/chenchao/my_rlaf/runs/analysis/echosat_symmetry_grpo_v1_7_acceptance_iter=115_canonical_low_warmup_wc1_per_instance.csv,2,subset_cardinality_bw12,perm_seed1731,subset_cardinality_bw12_perm1731,subset_cardinality,weak_symmetry,large,main,weak,49,108,10.0,5.0,iter=115,0.002752,0.002752,393.0,297.0,True,0.000371,0.000371,439.0,311.0,True,0.005496,0.0591613995513916,363.0,285.0,True,0.005496,0.0616054260134696,363.0,285.0,True,0.002981,0.0889995599246025,378.0,308.0,True,True,True,0.001629,1.0,7.0,75.07693481445312,49,0.6931471824645996,True,0.0299091339111328,-0.002515,0.0273941339111329,0.000229,0.0862475599246025,15.0,23.0,-0.002381,0.005125,True,False,False,False,True,False
1,115.0,/home/sunshixin/chenchao/my_rlaf/runs/analysis/echosat_symmetry_grpo_v1_7_acceptance_iter=115_canonical_low_warmup_wc1_per_instance.csv,2,subset_cardinality_bw8,base,subset_cardinality_bw8,subset_cardinality,weak_symmetry,medium,main,weak,33,76,10.0,5.0,iter=115,0.001553,0.001553,89.0,67.0,True,0.0,0.0,106.0,76.0,True,0.001493,0.0551583995513916,84.0,69.0,True,0.001493,0.0573121090015173,84.0,69.0,True,0.003551,0.0892792429126501,97.0,83.0,True,True,True,0.001356,1.0,12.0,54.99262619018555,33,0.6931471824645996,True,0.0299091339111328,0.002058,0.0319671339111328,0.0019979999999999,0.0877262429126501,13.0,14.0,-0.001553,0.001493,False,False,False,False,True,False
1,115.0,/home/sunshixin/chenchao/my_rlaf/runs/analysis/echosat_symmetry_grpo_v1_7_acceptance_iter=115_canonical_low_warmup_wc1_per_instance.csv,2,subset_cardinality_bw8,perm_seed1730,subset_cardinality_bw8_perm1730,subset_cardinality,weak_symmetry,medium,main,weak,33,76,10.0,5.0,iter=115,0.001402,0.001402,110.0,76.0,True,0.001685,0.001685,127.0,80.0,True,0.001762,0.0554273995513916,100.0,79.0,True,0.001762,0.0572008134676814,100.0,79.0,True,0.000349,0.0856969473788142,101.0,83.0,True,True,True,0.001016,1.0,5.0,49.16338348388672,33,0.6931471824645996,True,0.0299091339111328,-0.0014129999999999,0.0284961339111328,-0.001053,0.0842949473788142,1.0,4.0,0.000283,7.699999999999981e-05,True,True,False,False,True,False
1,115.0,/home/sunshixin/chenchao/my_rlaf/runs/analysis/echosat_symmetry_grpo_v1_7_acceptance_iter=115_canonical_low_warmup_wc1_per_instance.csv,2,subset_cardinality_bw8,perm_seed1731,subset_cardinality_bw8_perm1731,subset_cardinality,weak_symmetry,medium,main,weak,33,76,10.0,5.0,iter=115,0.001523,0.001523,91.0,70.0,True,0.001619,0.001619,102.0,79.0,True,0.001352,0.0550173995513916,81.0,70.0,True,0.001352,0.0573314978711605,81.0,70.0,True,0.001993,0.0878816317822933,92.0,76.0,True,True,True,0.001541,1.0,11.0,55.44180679321289,33,0.6931471824645996,True,0.0299091339111328,0.000641,0.0305501339111328,0.0004699999999999,0.0863586317822933,11.0,6.0,9.599999999999996e-05,-0.000267,False,False,False,False,True,False
3,115.0,/home/sunshixin/chenchao/my_rlaf/runs/analysis/echosat_symmetry_grpo_v1_7_acceptance_iter=115_canonical_low_warmup_wc3_per_instance.csv,0,k10_color9,base,k10_color9,complete_coloring,strong_symmetry,large,main,strong,90,775,10.0,5.0,iter=115,4.2439,4.2439,340861.0,314066.0,True,4.38332,4.38332,322229.0,299168.0,True,5.55003,5.938028580932617,321840.0,298649.0,True,5.55003,5.950983771870791,321840.0,298649.0,True,4.29311,4.749885429051578,330685.0,310429.0,True,True,True,0.010476,3.0,9.0,195.45620727539065,90,1.0986123085021973,True,0.0558216571807861,-1.2569199999999991,-1.201098342819213,0.0492100000000004,0.5059854290515782,8845.0,11780.0,0.1394200000000003,1.1667099999999992,True,False,False,False,True,False
3,115.0,/home/sunshixin/chenchao/my_rlaf/runs/analysis/echosat_symmetry_grpo_v1_7_acceptance_iter=115_canonical_low_warmup_wc3_per_instance.csv,0,k10_color9,perm_seed1730,k10_color9_perm1730,complete_coloring,strong_symmetry,large,main,strong,90,775,10.0,5.0,iter=115,4.87205,4.87205,413643.0,382655.0,True,4.19165,4.19165,283792.0,262594.0,True,4.53264,4.920638580932617,247778.0,229737.0,True,4.53264,4.930788159205913,247778.0,229737.0,True,3.6686,4.1225698163867,310574.0,289011.0,True,True,True,0.008875,3.0,9.0,194.30953979492188,90,1.0986123085021973,True,0.0558216571807861,-0.8640399999999997,-0.8082183428192131,-1.2034499999999997,-0.7494801836132998,62796.0,59274.0,-0.6803999999999997,0.3409899999999997,True,True,True,False,True,False
3,115.0,/home/sunshixin/chenchao/my_rlaf/runs/analysis/echosat_symmetry_grpo_v1_7_acceptance_iter=115_canonical_low_warmup_wc3_per_instance.csv,0,k10_color9,perm_seed1731,k10_color9_perm1731,complete_coloring,strong_symmetry,large,main,strong,90,775,10.0,5.0,iter=115,4.08731,4.08731,340033.0,312592.0,True,4.28151,4.28151,290369.0,269757.0,True,4.21338,4.601378580932617,290369.0,269757.0,True,4.21338,4.606441560049772,290369.0,269757.0,True,4.82416,5.273043217230558,375342.0,353249.0,True,True,True,0.003647,3.0,9.0,193.47189331054688,90,1.0986123085021973,True,0.0558216571807861,0.6107800000000001,0.6666016571807862,0.7368499999999996,1.185733217230558,84973.0,83492.0,0.1941999999999994,-0.06813,False,False,False,False,True,False
3,115.0,/home/sunshixin/chenchao/my_rlaf/runs/analysis/echosat_symmetry_grpo_v1_7_acceptance_iter=115_canonical_low_warmup_wc3_per_instance.csv,0,k8_color7,base,k8_color7,complete_coloring,strong_symmetry,large,main,strong,56,372,10.0,5.0,iter=115,0.053506,0.053506,6158.0,5600.0,True,0.041966,0.041966,5946.0,5440.0,True,0.040514,0.4285125809326172,5946.0,5440.0,True,0.040514,0.4334440756000876,5946.0,5440.0,True,0.038818,0.4875697327808738,5508.0,5073.0,True,True,True,0.003629,3.0,7.0,125.01708984375,56,1.0986123085021973,True,0.0558216571807861,-0.001696,0.0541256571807862,-0.014688,0.4340637327808738,-438.0,-367.0,-0.0115399999999999,-0.001452,True,True,False,True,False,False
3,115.0,/home/sunshixin/chenchao/my_rlaf/runs/analysis/echosat_symmetry_grpo_v1_7_acceptance_iter=115_canonical_low_warmup_wc3_per_instance.csv,0,k8_color7,perm_seed1730,k8_color7_perm1730,complete_coloring,strong_symmetry,large,main,strong,56,372,10.0,5.0,iter=115,0.049381,0.049381,6138.0,5624.0,True,0.046947,0.046947,6264.0,5696.0,True,0.047796,0.4357945809326172,6264.0,5696.0,True,0.047796,0.4406990879284143,6264.0,5696.0,True,0.039017,0.4877417451092005,5916.0,5386.0,True,True,True,0.003787,3.0,7.0,125.1129913330078,56,1.0986123085021973,True,0.0558216571807861,-0.0087789999999999,0.0470426571807862,-0.0103639999999999,0.4383607451092005,-348.0,-310.0,-0.0024339999999999,0.0008489999999999,True,True,False,True,False,False
3,115.0,/home/sunshixin/chenchao/my_rlaf/runs/analysis/echosat_symmetry_grpo_v1_7_acceptance_iter=115_canonical_low_warmup_wc3_per_instance.csv,0,k8_color7,perm_seed1731,k8_color7_perm1731,complete_coloring,strong_symmetry,large,main,strong,56,372,10.0,5.0,iter=115,0.043929,0.043929,5800.0,5271.0,True,0.063165,0.063165,6148.0,5641.0,True,0.062028,0.4500265809326171,6148.0,5641.0,True,0.062028,0.4546524783353209,6148.0,5641.0,True,0.036712,0.4851581355161071,6094.0,5636.0,True,True,True,0.003484,3.0,7.0,125.51768493652344,56,1.0986123085021973,True,0.0558216571807861,-0.0253159999999999,0.0305056571807861,-0.007217,0.4412291355161071,-54.0,-5.0,0.0192359999999999,-0.0011369999999999,True,True,False,True,False,False
3,115.0,/home/sunshixin/chenchao/my_rlaf/runs/analysis/echosat_symmetry_grpo_v1_7_acceptance_iter=115_canonical_low_warmup_wc3_per_instance.csv,0,k9_color8,base,k9_color8,complete_coloring,strong_symmetry,large,main,strong,72,549,10.0,5.0,iter=115,0.696994,0.696994,46557.0,43529.0,True,0.656227,0.656227,44352.0,41138.0,True,0.770341,1.1583395809326174,43519.0,40436.0,True,0.770341,1.1624904046999216,43519.0,40436.0,True,0.438562,0.8865330618807077,40846.0,38032.0,True,True,True,0.003017,3.0,8.0,158.36375427246094,72,1.0986123085021973,True,0.0558216571807861,-0.331779,-0.2759573428192139,-0.258432,0.1895390618807076,-2673.0,-2404.0,-0.040767,0.114114,True,True,False,True,False,False
3,115.0,/home/sunshixin/chenchao/my_rlaf/runs/analysis/echosat_symmetry_grpo_v1_7_acceptance_iter=115_canonical_low_warmup_wc3_per_instance.csv,0,k9_color8,perm_seed1730,k9_color8_perm1730,complete_coloring,strong_symmetry,large,main,strong,72,549,10.0,5.0,iter=115,0.480552,0.480552,39708.0,36681.0,True,0.823028,0.823028,45794.0,42555.0,True,0.842185,1.2301835809326171,45794.0,42555.0,True,0.842185,1.2340427408288717,45794.0,42555.0,True,0.407739,0.8554183980096579,44156.0,40692.0,True,True,True,0.002613,3.0,10.0,157.64891052246094,72,1.0986123085021973,True,0.0558216571807861,-0.4344459999999999,-0.3786243428192137,-0.0728129999999999,0.3748663980096579,-1638.0,-1863.0,0.342476,0.0191569999999999,True,True,False,True,False,False
3,115.0,/home/sunshixin/chenchao/my_rlaf/runs/analysis/echosat_symmetry_grpo_v1_7_acceptance_iter=115_canonical_low_warmup_wc3_per_instance.csv,0,k9_color8,perm_seed1731,k9_color8_perm1731,complete_coloring,strong_symmetry,large,main,strong,72,549,10.0,5.0,iter=115,0.62579,0.62579,47177.0,43763.0,True,0.752369,0.752369,47579.0,44103.0,True,0.867443,1.103864346664429,47579.0,44103.0,True,0.867443,1.110096560288906,47579.0,44103.0,True,0.471688,0.7896343859877586,42320.0,39581.0,True,True,True,0.004871,3.0,8.0,158.0809783935547,72,1.0986123085021973,True,0.0752928256988525,-0.3957549999999999,-0.3204621743011473,-0.1541019999999999,0.1638443859877586,-5259.0,-4522.0,0.126579,0.115074,True,True,False,True,False,False
3,115.0,/home/sunshixin/chenchao/my_rlaf/runs/analysis/echosat_symmetry_grpo_v1_7_acceptance_iter=115_canonical_low_warmup_wc3_per_instance.csv,0,php_p10_h9,base,php_p10_h9,php,strong_symmetry,large,main,strong,90,775,10.0,5.0,iter=115,4.31573,4.31573,340861.0,314066.0,True,4.74446,4.74446,322229.0,299168.0,True,5.07827,5.3146913466644286,321840.0,298649.0,True,5.07827,5.3228633882218,321840.0,298649.0,True,4.11728,4.437166213920653,330685.0,310429.0,True,True,True,0.006934,3.0,9.0,195.45620727539065,90,1.0986123085021973,True,0.0752928256988525,-0.9609899999999998,-0.8856971743011472,-0.1984500000000002,0.1214362139206528,8845.0,11780.0,0.4287299999999998,0.3338099999999997,True,True,False,False,True,False
3,115.0,/home/sunshixin/chenchao/my_rlaf/runs/analysis/echosat_symmetry_grpo_v1_7_acceptance_iter=115_canonical_low_warmup_wc3_per_instance.csv,0,php_p10_h9,perm_seed1730,php_p10_h9_perm1730,php,strong_symmetry,large,main,strong,90,775,10.0,5.0,iter=115,5.09243,5.09243,413643.0,382655.0,True,4.953,4.953,283792.0,262594.0,True,4.49217,4.7285913466644285,247778.0,229737.0,True,4.49217,4.738697644646525,247778.0,229737.0,True,3.81809,4.139910470345378,336407.0,312644.0,True,True,True,0.008766,3.0,9.0,194.30953979492188,90,1.0986123085021973,True,0.0752928256988525,-0.6740799999999996,-0.5987871743011466,-1.27434,-0.952519529654622,88629.0,82907.0,-0.1394299999999999,-0.4608300000000005,True,True,True,False,True,False
3,115.0,/home/sunshixin/chenchao/my_rlaf/runs/analysis/echosat_symmetry_grpo_v1_7_acceptance_iter=115_canonical_low_warmup_wc3_per_instance.csv,0,php_p10_h9,perm_seed1731,php_p10_h9_perm1731,php,strong_symmetry,large,main,strong,90,775,10.0,5.0,iter=115,4.0183,4.0183,340033.0,312592.0,True,4.28847,4.28847,290369.0,269757.0,True,5.22981,5.466231346664428,290369.0,269757.0,True,5.22981,5.475520515925169,290369.0,269757.0,True,4.82227,5.143273341624021,375342.0,353249.0,True,True,True,0.008128,3.0,9.0,193.47189331054688,90,1.0986123085021973,True,0.0752928256988525,-0.40754,-0.3322471743011475,0.8039699999999996,1.1249733416240213,84973.0,83492.0,0.2701700000000002,0.9413399999999994,True,False,False,False,True,False
3,115.0,/home/sunshixin/chenchao/my_rlaf/runs/analysis/echosat_symmetry_grpo_v1_7_acceptance_iter=115_canonical_low_warmup_wc3_per_instance.csv,0,php_p9_h8,base,php_p9_h8,php,strong_symmetry,large,main,strong,72,549,10.0,5.0,iter=115,0.708652,0.708652,46557.0,43529.0,True,0.706731,0.706731,44352.0,41138.0,True,0.669439,0.9058603466644288,43519.0,40436.0,True,0.669439,0.9126408111464978,43519.0,40436.0,True,0.438379,0.7568736368453504,40846.0,38032.0,True,True,True,0.005406,3.0,8.0,158.36375427246094,72,1.0986123085021973,True,0.0752928256988525,-0.23106,-0.1557671743011474,-0.2702729999999999,0.0482216368453504,-2673.0,-2404.0,-0.0019209999999999,-0.0372919999999999,True,True,False,True,False,False
3,115.0,/home/sunshixin/chenchao/my_rlaf/runs/analysis/echosat_symmetry_grpo_v1_7_acceptance_iter=115_canonical_low_warmup_wc3_per_instance.csv,0,php_p9_h8,perm_seed1730,php_p9_h8_perm1730,php,strong_symmetry,large,main,strong,72,549,10.0,5.0,iter=115,0.532263,0.532263,39708.0,36681.0,True,0.659359,0.659359,45794.0,42555.0,True,0.671048,0.9074693466644288,45794.0,42555.0,True,0.671048,0.9117800261554718,45794.0,42555.0,True,0.406813,0.7228378518543244,44156.0,40692.0,True,True,True,0.002708,3.0,10.0,157.64891052246094,72,1.0986123085021973,True,0.0752928256988525,-0.264235,-0.1889421743011474,-0.12545,0.1905748518543243,-1638.0,-1863.0,0.127096,0.0116889999999999,True,True,False,True,False,False
3,115.0,/home/sunshixin/chenchao/my_rlaf/runs/analysis/echosat_symmetry_grpo_v1_7_acceptance_iter=115_canonical_low_warmup_wc3_per_instance.csv,0,php_p9_h8,perm_seed1731,php_p9_h8_perm1731,php,strong_symmetry,large,main,strong,72,549,10.0,5.0,iter=115,0.852526,0.852526,47177.0,43763.0,True,0.781219,0.781219,47579.0,44103.0,True,0.749986,0.9864073466644288,47579.0,44103.0,True,0.749986,0.9913701111046672,47579.0,44103.0,True,0.601025,0.9177019368035196,42320.0,39581.0,True,True,True,0.003181,3.0,8.0,158.0809783935547,72,1.0986123085021973,True,0.0752928256988525,-0.148961,-0.0736681743011475,-0.251501,0.0651759368035196,-5259.0,-4522.0,-0.071307,-0.0312329999999999,True,True,False,True,False,False
3,115.0,/home/sunshixin/chenchao/my_rlaf/runs/analysis/echosat_symmetry_grpo_v1_7_acceptance_iter=115_canonical_low_warmup_wc3_per_instance.csv,0,random_3sat_control_v160_c704_seed2615,base,random_3sat_control_v160_c704_seed2615,random_3sat_control,non_symmetric_control,large,control,none,160,704,10.0,5.0,iter=115,0.0641,0.0641,6771.0,5767.0,True,0.067141,0.067141,5702.0,4813.0,True,0.061495,0.2979163466644287,4859.0,4212.0,True,0.061495,0.3042284363831282,4859.0,4212.0,True,0.057059,0.3750852620819807,4927.0,4155.0,True,False,False,0.004467,3.0,22.0,360.5569458007813,160,1.0986123085021973,True,0.0752928256988525,-0.004436,0.0708568256988524,-0.007041,0.3109852620819807,68.0,-57.0,0.003041,-0.005646,True,True,False,False,True,True
3,115.0,/home/sunshixin/chenchao/my_rlaf/runs/analysis/echosat_symmetry_grpo_v1_7_acceptance_iter=115_canonical_low_warmup_wc3_per_instance.csv,0,random_3sat_control_v160_c704_seed2615,perm_seed1730,random_3sat_control_v160_c704_seed2615_perm1730,random_3sat_control,non_symmetric_control,large,control,none,160,704,10.0,5.0,iter=115,0.087706,0.087706,8522.0,7299.0,True,0.097049,0.097049,7934.0,6809.0,True,0.053869,0.2449090390625,4602.0,4008.0,True,0.053869,0.2466076521473527,4602.0,4008.0,True,0.065639,0.33908806321913,5380.0,4655.0,True,False,False,0.0005,3.0,22.0,363.3272399902344,160,1.0986123085021973,True,0.0807104110717773,0.01177,0.0924804110717772,-0.022067,0.25138206321913,778.0,647.0,0.0093429999999999,-0.0431799999999999,False,True,False,False,True,True
3,115.0,/home/sunshixin/chenchao/my_rlaf/runs/analysis/echosat_symmetry_grpo_v1_7_acceptance_iter=115_canonical_low_warmup_wc3_per_instance.csv,0,random_3sat_control_v160_c704_seed2615,perm_seed1731,random_3sat_control_v160_c704_seed2615_perm1731,random_3sat_control,non_symmetric_control,large,control,none,160,704,10.0,5.0,iter=115,0.047238,0.047238,5676.0,4847.0,True,0.115481,0.115481,8017.0,6851.0,True,0.064039,0.2550790390625,4961.0,4384.0,True,0.064039,0.2618003533114195,4961.0,4384.0,True,0.058991,0.3374627643831968,6020.0,5153.0,True,False,False,0.005538,3.0,22.0,364.4381408691406,160,1.0986123085021973,True,0.0807104110717773,-0.0050479999999999,0.0756624110717772,0.011753,0.2902247643831968,1059.0,769.0,0.068243,-0.051442,True,False,False,False,True,True
3,115.0,/home/sunshixin/chenchao/my_rlaf/runs/analysis/echosat_symmetry_grpo_v1_7_acceptance_iter=115_canonical_low_warmup_wc3_per_instance.csv,0,random_3sat_control_v180_c760_seed3301,base,random_3sat_control_v180_c760_seed3301,random_3sat_control,non_symmetric_control,large,control,none,180,760,10.0,5.0,iter=115,0.48974,0.48974,27442.0,23617.0,True,0.177642,0.177642,10470.0,8910.0,True,0.008118,0.1991580390625,693.0,567.0,True,0.008118,0.2054174149134159,693.0,567.0,True,0.783238,1.0612478259851932,42529.0,37408.0,True,False,False,0.004936,3.0,28.0,430.4636840820313,180,1.0986123085021973,True,0.0807104110717773,0.77512,0.8558304110717773,0.293498,0.5715078259851931,41836.0,36841.0,-0.312098,-0.169524,False,False,False,False,True,True
3,115.0,/home/sunshixin/chenchao/my_rlaf/runs/analysis/echosat_symmetry_grpo_v1_7_acceptance_iter=115_canonical_low_warmup_wc3_per_instance.csv,0,random_3sat_control_v180_c760_seed3301,perm_seed1730,random_3sat_control_v180_c760_seed3301_perm1730,random_3sat_control,non_symmetric_control,large,control,none,180,760,10.0,5.0,iter=115,1.06127,1.06127,47649.0,41152.0,True,0.095248,0.095248,7421.0,6253.0,True,0.007667,0.1987070390625,643.0,525.0,True,0.007667,0.2007051071121692,643.0,525.0,True,0.642571,0.9163195181839466,39152.0,34393.0,True,False,False,0.000522,3.0,28.0,431.2578125,180,1.0986123085021973,True,0.0807104110717773,0.634904,0.7156144110717775,-0.4186989999999999,-0.1449504818160533,38509.0,33868.0,-0.966022,-0.0875809999999999,False,True,True,False,True,True
3,115.0,/home/sunshixin/chenchao/my_rlaf/runs/analysis/echosat_symmetry_grpo_v1_7_acceptance_iter=115_canonical_low_warmup_wc3_per_instance.csv,0,random_3sat_control_v180_c760_seed3301,perm_seed1731,random_3sat_control_v180_c760_seed3301_perm1731,random_3sat_control,non_symmetric_control,large,control,none,180,760,10.0,5.0,iter=115,0.606365,0.606365,27197.0,23469.0,True,0.136447,0.136447,9011.0,7714.0,True,0.010822,0.2018620390625,590.0,484.0,True,0.010822,0.2081986714054942,590.0,484.0,True,0.18989,0.4679770824772715,12380.0,10712.0,True,False,False,0.004841,3.0,28.0,430.8958129882813,180,1.0986123085021973,True,0.0807104110717773,0.179068,0.2597784110717773,-0.416475,-0.1383879175227285,11790.0,10228.0,-0.469918,-0.125625,False,True,True,False,True,True
3,115.0,/home/sunshixin/chenchao/my_rlaf/runs/analysis/echosat_symmetry_grpo_v1_7_acceptance_iter=115_canonical_low_warmup_wc3_per_instance.csv,0,random_3sat_control_v220_c928_seed3303,base,random_3sat_control_v220_c928_seed3303,random_3sat_control,non_symmetric_control,large,control,none,220,928,10.0,5.0,iter=115,0.744744,0.744744,30277.0,25994.0,True,0.47773,0.47773,22265.0,19025.0,True,0.005089,0.1961290390625,62.0,4.0,True,0.005089,0.1982144280192852,62.0,4.0,True,0.005417,0.2792528390910626,334.0,228.0,True,False,False,0.000692,3.0,39.0,455.798828125,220,1.0986123085021973,True,0.0807104110717773,0.000328,0.0810384110717773,-0.739327,-0.4654911609089374,272.0,224.0,-0.267014,-0.472641,False,True,True,False,True,True
3,115.0,/home/sunshixin/chenchao/my_rlaf/runs/analysis/echosat_symmetry_grpo_v1_7_acceptance_iter=115_canonical_low_warmup_wc3_per_instance.csv,0,random_3sat_control_v220_c928_seed3303,perm_seed1730,random_3sat_control_v220_c928_seed3303_perm1730,random_3sat_control,non_symmetric_control,large,control,none,220,928,10.0,5.0,iter=115,1.35716,1.35716,52742.0,45477.0,True,0.206995,0.206995,13039.0,11071.0,True,0.005182,0.1962220390625,62.0,4.0,True,0.005182,0.2025835737689137,62.0,4.0,True,0.002967,0.2810789848406911,349.0,246.0,True,False,False,0.004846,3.0,39.0,453.5053405761719,220,1.0986123085021973,True,0.0807104110717773,-0.002215,0.0784954110717774,-1.354193,-1.0760810151593088,287.0,242.0,-1.150165,-0.201813,True,True,True,False,True,True
3,115.0,/home/sunshixin/chenchao/my_rlaf/runs/analysis/echosat_symmetry_grpo_v1_7_acceptance_iter=115_canonical_low_warmup_wc3_per_instance.csv,0,random_3sat_control_v220_c928_seed3303,perm_seed1731,random_3sat_control_v220_c928_seed3303_perm1731,random_3sat_control,non_symmetric_control,large,control,none,220,928,10.0,5.0,iter=115,0.061891,0.061891,4930.0,4147.0,True,0.432254,0.432254,19684.0,16814.0,True,0.002859,0.1938990390625,63.0,4.0,True,0.002859,0.1976858025313019,63.0,4.0,True,0.00701,0.2825472136030793,337.0,216.0,True,False,False,0.002102,3.0,39.0,458.748046875,220,1.0986123085021973,True,0.0807104110717773,0.004151,0.0848614110717773,-0.054881,0.2206562136030792,274.0,212.0,0.370363,-0.429395,False,True,False,False,True,True
3,115.0,/home/sunshixin/chenchao/my_rlaf/runs/analysis/echosat_symmetry_grpo_v1_7_acceptance_iter=115_canonical_low_warmup_wc3_per_instance.csv,0,random_3sat_control_v220_c942_seed3304,base,random_3sat_control_v220_c942_seed3304,random_3sat_control,non_symmetric_control,large,control,none,220,942,10.0,5.0,iter=115,0.620209,0.620209,35472.0,30813.0,True,0.961605,0.961605,41376.0,36046.0,True,0.477683,1.4818884653167723,26754.0,23980.0,True,0.477683,1.4860662027404905,26754.0,23980.0,True,0.689524,1.7951874666412473,39389.0,35200.0,True,False,False,0.002764,3.0,26.0,416.5282897949219,220,1.0986123085021973,True,0.0972802639007568,0.211841,0.3091212639007568,0.069315,1.1749784666412473,12635.0,11220.0,0.341396,-0.483922,False,False,False,False,True,True
3,115.0,/home/sunshixin/chenchao/my_rlaf/runs/analysis/echosat_symmetry_grpo_v1_7_acceptance_iter=115_canonical_low_warmup_wc3_per_instance.csv,0,random_3sat_control_v220_c942_seed3304,perm_seed1730,random_3sat_control_v220_c942_seed3304_perm1730,random_3sat_control,non_symmetric_control,large,control,none,220,942,10.0,5.0,iter=115,0.653022,0.653022,34825.0,30052.0,True,0.596148,0.596148,33221.0,28818.0,True,0.520231,1.5244364653167723,26445.0,23804.0,True,0.520231,1.5335453571028117,26445.0,23804.0,True,0.707368,1.817962621003568,42055.0,37683.0,True,False,False,0.007665,3.0,26.0,423.32037353515625,220,1.0986123085021973,True,0.0972802639007568,0.187137,0.2844172639007563,0.054346,1.164940621003568,15610.0,13879.0,-0.0568739999999999,-0.075917,False,False,False,False,True,True
3,115.0,/home/sunshixin/chenchao/my_rlaf/runs/analysis/echosat_symmetry_grpo_v1_7_acceptance_iter=115_canonical_low_warmup_wc3_per_instance.csv,0,random_3sat_control_v220_c942_seed3304,perm_seed1731,random_3sat_control_v220_c942_seed3304_perm1731,random_3sat_control,non_symmetric_control,large,control,none,220,942,10.0,5.0,iter=115,0.71038,0.71038,38737.0,33758.0,True,0.918717,0.918717,38909.0,33544.0,True,0.512855,1.5170604653167723,26149.0,23448.0,True,0.512855,1.520980107383311,26149.0,23448.0,True,0.796186,1.901591371284068,39837.0,35656.0,True,False,False,0.002523,3.0,26.0,418.775390625,220,1.0986123085021973,True,0.0972802639007568,0.283331,0.380611263900757,0.0858059999999999,1.191211371284068,13688.0,12208.0,0.208337,-0.405862,False,False,False,False,True,True
3,115.0,/home/sunshixin/chenchao/my_rlaf/runs/analysis/echosat_symmetry_grpo_v1_7_acceptance_iter=115_canonical_low_warmup_wc3_per_instance.csv,0,random_3sat_control_v260_c1097_seed3305,base,random_3sat_control_v260_c1097_seed3305,random_3sat_control,non_symmetric_control,large,control,none,260,1097,10.0,5.0,iter=115,7.07459,7.07459,216854.0,188499.0,True,2.37511,2.37511,73626.0,64181.0,True,1.61103,2.6152354653167724,60642.0,54350.0,True,1.61103,2.6229740387058853,60642.0,54350.0,True,0.543225,1.6524493026066422,26462.0,23255.0,True,False,False,0.006341,3.0,35.0,492.83697509765625,260,1.0986123085021973,True,0.0972802639007568,-1.067805,-0.9705247360992432,-6.531365,-5.422140697393358,-34180.0,-31095.0,-4.699479999999999,-0.7640799999999999,True,True,True,True,False,True
3,115.0,/home/sunshixin/chenchao/my_rlaf/runs/analysis/echosat_symmetry_grpo_v1_7_acceptance_iter=115_canonical_low_warmup_wc3_per_instance.csv,0,random_3sat_control_v260_c1097_seed3305,perm_seed1730,random_3sat_control_v260_c1097_seed3305_perm1730,random_3sat_control,non_symmetric_control,large,control,none,260,1097,10.0,5.0,iter=115,7.52314,7.52314,224505.0,195557.0,True,0.612499,0.612499,27246.0,23387.0,True,1.5011,2.505305465316773,60686.0,54724.0,True,1.5011,2.512882504352808,60686.0,54724.0,True,0.628503,1.7375657682535648,33862.0,29743.0,True,False,False,0.006028,3.0,35.0,494.8829650878906,260,1.0986123085021973,True,0.0972802639007568,-0.8725970000000001,-0.775316736099243,-6.894637,-5.785574231746435,-26824.0,-24981.0,-6.910641,0.8886010000000001,True,True,True,True,False,True
3,115.0,/home/sunshixin/chenchao/my_rlaf/runs/analysis/echosat_symmetry_grpo_v1_7_acceptance_iter=115_canonical_low_warmup_wc3_per_instance.csv,0,random_3sat_control_v260_c1097_seed3305,perm_seed1731,random_3sat_control_v260_c1097_seed3305_perm1731,random_3sat_control,non_symmetric_control,large,control,none,260,1097,10.0,5.0,iter=115,3.98011,3.98011,105916.0,92052.0,True,5.89995,5.89995,162997.0,142194.0,True,1.10531,2.1095154653167727,48534.0,43247.0,True,1.10531,2.1199843786242605,48534.0,43247.0,True,0.895964,2.0079186425250173,44541.0,39321.0,True,False,False,0.00892,3.0,35.0,493.7220764160156,260,1.0986123085021973,True,0.0972802639007568,-0.209346,-0.1120657360992432,-3.084146,-1.9721913574749823,-3993.0,-3926.0,1.91984,-4.794639999999999,True,True,True,True,False,True
3,115.0,/home/sunshixin/chenchao/my_rlaf/runs/analysis/echosat_symmetry_grpo_v1_7_acceptance_iter=115_canonical_low_warmup_wc3_per_instance.csv,0,random_3sat_control_v260_c1113_seed3306,base,random_3sat_control_v260_c1113_seed3306,random_3sat_control,non_symmetric_control,large,control,none,260,1113,10.0,5.0,iter=115,5.4803,5.4803,178146.0,155541.0,True,6.03939,6.03939,186876.0,163308.0,True,6.38395,7.388155465316772,226200.0,205404.0,True,6.38395,7.392678049078702,226200.0,205404.0,True,6.30863,7.414638312979459,264353.0,233153.0,True,False,False,0.003047,3.0,34.0,480.0674743652344,260,0.6931471824645996,True,0.0972802639007568,-0.0753199999999996,0.0219602639007572,0.8283300000000002,1.93433831297946,38153.0,27749.0,0.5590900000000003,0.3445599999999995,True,False,False,False,True,True
3,115.0,/home/sunshixin/chenchao/my_rlaf/runs/analysis/echosat_symmetry_grpo_v1_7_acceptance_iter=115_canonical_low_warmup_wc3_per_instance.csv,0,random_3sat_control_v260_c1113_seed3306,perm_seed1730,random_3sat_control_v260_c1113_seed3306_perm1730,random_3sat_control,non_symmetric_control,large,control,none,260,1113,10.0,5.0,iter=115,5.13425,5.13425,171334.0,149746.0,True,6.82424,6.82424,206936.0,180741.0,True,5.51829,6.522495465316773,206101.0,186162.0,True,5.51829,6.53223520659405,206101.0,186162.0,True,6.03613,7.147355470494807,256383.0,226098.0,True,False,False,0.008248,3.0,34.0,478.7396240234375,260,0.6931471824645996,True,0.0972802639007568,0.5178399999999996,0.6151202639007565,0.9018800000000002,2.013105470494807,50282.0,39936.0,1.68999,-1.3059499999999993,False,False,False,False,True,True
3,115.0,/home/sunshixin/chenchao/my_rlaf/runs/analysis/echosat_symmetry_grpo_v1_7_acceptance_iter=115_canonical_low_warmup_wc3_per_instance.csv,0,random_3sat_control_v260_c1113_seed3306,perm_seed1731,random_3sat_control_v260_c1113_seed3306_perm1731,random_3sat_control,non_symmetric_control,large,control,none,260,1113,10.0,5.0,iter=115,6.48746,6.48746,202621.0,177648.0,True,7.11284,7.11284,214985.0,187707.0,True,6.33483,6.555904104309082,217745.0,196903.0,True,6.33483,6.5617678345419765,217745.0,196903.0,True,5.90183,6.197002993462265,254755.0,224313.0,True,False,False,0.004263,3.0,34.0,481.5274658203125,260,0.6931471824645996,True,0.068235158920288,-0.4329999999999998,-0.3647648410797117,-0.5856299999999992,-0.2904570065377347,37010.0,27410.0,0.6253800000000007,-0.7780100000000001,True,True,True,False,True,True
3,115.0,/home/sunshixin/chenchao/my_rlaf/runs/analysis/echosat_symmetry_grpo_v1_7_acceptance_iter=115_canonical_low_warmup_wc3_per_instance.csv,0,random_3sat_control_v300_c1266_seed3307,base,random_3sat_control_v300_c1266_seed3307,random_3sat_control,non_symmetric_control,large,control,none,300,1266,10.0,5.0,iter=115,0.216197,0.216197,12894.0,10895.0,True,2.60727,2.60727,71356.0,61376.0,True,0.006352,0.227426104309082,288.0,182.0,True,0.006352,0.2394411216297745,288.0,182.0,True,0.053821,0.3551452805500626,3076.0,2489.0,True,False,False,0.010413,3.0,48.0,628.0397338867188,300,1.0986123085021973,True,0.068235158920288,0.047469,0.1157041589202881,-0.162376,0.1389482805500626,2788.0,2307.0,2.391073,-2.600918,False,True,False,False,True,True
3,115.0,/home/sunshixin/chenchao/my_rlaf/runs/analysis/echosat_symmetry_grpo_v1_7_acceptance_iter=115_canonical_low_warmup_wc3_per_instance.csv,0,random_3sat_control_v300_c1266_seed3307,perm_seed1730,random_3sat_control_v300_c1266_seed3307_perm1730,random_3sat_control,non_symmetric_control,large,control,none,300,1266,10.0,5.0,iter=115,1.27801,1.27801,43103.0,37339.0,True,2.06995,2.06995,63498.0,54506.0,True,0.010918,0.231992104309082,321.0,205.0,True,0.010918,0.2414028117606043,321.0,205.0,True,0.050573,0.3492929706808924,2712.0,2153.0,True,False,False,0.007897,3.0,48.0,619.230712890625,300,1.0986123085021973,True,0.068235158920288,0.0396549999999999,0.107890158920288,-1.227437,-0.9287170293191076,2391.0,1948.0,0.7919399999999999,-2.059032,False,True,True,False,True,True
3,115.0,/home/sunshixin/chenchao/my_rlaf/runs/analysis/echosat_symmetry_grpo_v1_7_acceptance_iter=115_canonical_low_warmup_wc3_per_instance.csv,0,random_3sat_control_v300_c1266_seed3307,perm_seed1731,random_3sat_control_v300_c1266_seed3307_perm1731,random_3sat_control,non_symmetric_control,large,control,none,300,1266,10.0,5.0,iter=115,2.06211,2.06211,66962.0,57424.0,True,0.118436,0.118436,7524.0,6304.0,True,0.007613,0.228687104309082,375.0,247.0,True,0.007613,0.2382616904450059,375.0,247.0,True,0.038875,0.337758849365294,2340.0,1888.0,True,False,False,0.008093,3.0,48.0,626.5236206054688,300,1.0986123085021973,True,0.068235158920288,0.031262,0.0994971589202881,-2.023235,-1.724351150634706,1965.0,1641.0,-1.943674,-0.110823,False,True,True,False,True,True
3,115.0,/home/sunshixin/chenchao/my_rlaf/runs/analysis/echosat_symmetry_grpo_v1_7_acceptance_iter=115_canonical_low_warmup_wc3_per_instance.csv,0,subset_cardinality_bw10,base,subset_cardinality_bw10,subset_cardinality,weak_symmetry,large,main,weak,41,92,10.0,5.0,iter=115,0.001685,0.001685,193.0,141.0,True,0.001579,0.001579,237.0,193.0,True,0.002286,0.223360104309082,162.0,142.0,True,0.002286,0.226284769519031,162.0,142.0,True,0.002384,0.2946179284393191,188.0,155.0,True,True,True,0.002005,3.0,8.0,94.86821746826172,41,1.0986123085021973,True,0.068235158920288,9.8e-05,0.0683331589202881,0.0006989999999999,0.2929329284393191,26.0,13.0,-0.0001059999999999,0.0007069999999999,False,False,False,False,True,False
3,115.0,/home/sunshixin/chenchao/my_rlaf/runs/analysis/echosat_symmetry_grpo_v1_7_acceptance_iter=115_canonical_low_warmup_wc3_per_instance.csv,0,subset_cardinality_bw10,perm_seed1730,subset_cardinality_bw10_perm1730,subset_cardinality,weak_symmetry,large,main,weak,41,92,10.0,5.0,iter=115,0.001282,0.001282,218.0,167.0,True,0.000569,0.000569,221.0,169.0,True,0.002648,0.223722104309082,156.0,137.0,True,0.002648,0.2260287434660196,156.0,137.0,True,0.002343,0.2939589023863077,176.0,144.0,True,True,True,0.001445,3.0,10.0,98.69181823730467,41,1.0986123085021973,True,0.068235158920288,-0.000305,0.067930158920288,0.001061,0.2926769023863076,20.0,7.0,-0.000713,0.002079,True,False,False,False,True,False
3,115.0,/home/sunshixin/chenchao/my_rlaf/runs/analysis/echosat_symmetry_grpo_v1_7_acceptance_iter=115_canonical_low_warmup_wc3_per_instance.csv,0,subset_cardinality_bw10,perm_seed1731,subset_cardinality_bw10_perm1731,subset_cardinality,weak_symmetry,large,main,weak,41,92,10.0,5.0,iter=115,0.001196,0.001196,202.0,147.0,True,0.0,0.0,247.0,155.0,True,0.002318,0.223392104309082,203.0,164.0,True,0.002318,0.224304660733819,203.0,164.0,True,0.00208,0.2923018196541071,196.0,141.0,True,True,True,0.0,3.0,7.0,87.48927307128906,41,1.0986123085021973,True,0.068235158920288,-0.000238,0.0679971589202881,0.0008839999999999,0.2911058196541071,-7.0,-23.0,-0.001196,0.002318,True,False,False,True,False,False
3,115.0,/home/sunshixin/chenchao/my_rlaf/runs/analysis/echosat_symmetry_grpo_v1_7_acceptance_iter=115_canonical_low_warmup_wc3_per_instance.csv,0,subset_cardinality_bw12,base,subset_cardinality_bw12,subset_cardinality,weak_symmetry,large,main,weak,49,108,10.0,5.0,iter=115,0.0018,0.0018,442.0,342.0,True,0.004845,0.004845,491.0,414.0,True,0.003726,0.224800104309082,384.0,312.0,True,0.003726,0.2260624989513754,384.0,312.0,True,0.002925,0.2934966578716635,421.0,308.0,True,True,True,0.000376,3.0,12.0,104.73371887207033,49,0.6931471824645996,True,0.068235158920288,-0.000801,0.0674341589202881,0.001125,0.2916966578716635,37.0,-4.0,0.003045,-0.001119,True,False,False,False,True,False
3,115.0,/home/sunshixin/chenchao/my_rlaf/runs/analysis/echosat_symmetry_grpo_v1_7_acceptance_iter=115_canonical_low_warmup_wc3_per_instance.csv,0,subset_cardinality_bw12,perm_seed1730,subset_cardinality_bw12_perm1730,subset_cardinality,weak_symmetry,large,main,weak,49,108,10.0,5.0,iter=115,0.005147,0.005147,440.0,329.0,True,0.003734,0.003734,397.0,314.0,True,0.0,0.2879977226257324,343.0,268.0,True,0.0,0.2907595870136618,343.0,268.0,True,0.002726,0.3231861046680808,385.0,317.0,True,True,True,0.001889,3.0,9.0,101.82083892822266,49,1.0986123085021973,True,0.0297005176544189,0.002726,0.032426517654419,-0.0024209999999999,0.3180391046680808,42.0,49.0,-0.0014129999999999,-0.003734,False,True,False,False,True,False
3,115.0,/home/sunshixin/chenchao/my_rlaf/runs/analysis/echosat_symmetry_grpo_v1_7_acceptance_iter=115_canonical_low_warmup_wc3_per_instance.csv,0,subset_cardinality_bw12,perm_seed1731,subset_cardinality_bw12_perm1731,subset_cardinality,weak_symmetry,large,main,weak,49,108,10.0,5.0,iter=115,0.0019,0.0019,393.0,297.0,True,0.00267,0.00267,439.0,311.0,True,0.002734,0.2907317226257324,363.0,285.0,True,0.002734,0.292976885487318,363.0,285.0,True,0.002696,0.3226394031417369,348.0,296.0,True,True,True,0.001374,3.0,11.0,104.3914794921875,49,1.0986123085021973,True,0.0297005176544189,-3.799999999999984e-05,0.0296625176544189,0.000796,0.3207394031417369,-15.0,11.0,0.00077,6.399999999999982e-05,True,False,False,False,True,False
3,115.0,/home/sunshixin/chenchao/my_rlaf/runs/analysis/echosat_symmetry_grpo_v1_7_acceptance_iter=115_canonical_low_warmup_wc3_per_instance.csv,0,subset_cardinality_bw8,base,subset_cardinality_bw8,subset_cardinality,weak_symmetry,medium,main,weak,33,76,10.0,5.0,iter=115,0.000893,0.000893,89.0,67.0,True,0.001486,0.001486,106.0,76.0,True,0.00209,0.2900877226257324,84.0,69.0,True,0.00209,0.2917497927141189,84.0,69.0,True,0.001587,0.3209473103685379,94.0,76.0,True,True,True,0.000805,3.0,13.0,75.20963287353516,33,1.0986123085021973,True,0.0297005176544189,-0.0005029999999999,0.029197517654419,0.000694,0.3200543103685379,10.0,7.0,0.0005929999999999,0.0006039999999999,True,False,False,False,True,False
3,115.0,/home/sunshixin/chenchao/my_rlaf/runs/analysis/echosat_symmetry_grpo_v1_7_acceptance_iter=115_canonical_low_warmup_wc3_per_instance.csv,0,subset_cardinality_bw8,perm_seed1730,subset_cardinality_bw8_perm1730,subset_cardinality,weak_symmetry,medium,main,weak,33,76,10.0,5.0,iter=115,0.001783,0.001783,110.0,76.0,True,0.003189,0.003189,127.0,80.0,True,0.002253,0.2902507226257324,100.0,79.0,True,0.002253,0.2913906406311989,100.0,79.0,True,0.001377,0.3202151582856178,119.0,76.0,True,True,True,0.00035,3.0,15.0,80.51530456542969,33,1.0986123085021973,True,0.0297005176544189,-0.0008759999999999,0.0288245176544189,-0.000406,0.3184321582856178,19.0,-3.0,0.001406,-0.000936,True,True,False,False,True,False
3,115.0,/home/sunshixin/chenchao/my_rlaf/runs/analysis/echosat_symmetry_grpo_v1_7_acceptance_iter=115_canonical_low_warmup_wc3_per_instance.csv,0,subset_cardinality_bw8,perm_seed1731,subset_cardinality_bw8_perm1731,subset_cardinality,weak_symmetry,medium,main,weak,33,76,10.0,5.0,iter=115,0.001054,0.001054,91.0,70.0,True,0.001697,0.001697,102.0,79.0,True,0.001827,0.2898247226257324,81.0,70.0,True,0.001827,0.2922337575306296,81.0,70.0,True,0.0,0.3201072751850485,91.0,76.0,True,True,True,0.001586,3.0,12.0,79.57261657714844,33,1.0986123085021973,True,0.0297005176544189,-0.001827,0.0278735176544189,-0.001054,0.3190532751850485,10.0,6.0,0.0006429999999999,0.00013,True,True,False,False,True,False
3,115.0,/home/sunshixin/chenchao/my_rlaf/runs/analysis/echosat_symmetry_grpo_v1_7_acceptance_iter=115_canonical_low_warmup_wc3_per_instance.csv,1,k10_color9,base,k10_color9,complete_coloring,strong_symmetry,large,main,strong,90,775,10.0,5.0,iter=115,4.27316,4.27316,340861.0,314066.0,True,4.66868,4.66868,322229.0,299168.0,True,5.09747,5.604634001464844,321840.0,298649.0,True,5.09747,5.615075889582038,321840.0,298649.0,True,3.8436,4.420476509928108,330685.0,310429.0,True,True,True,0.008165,3.0,9.0,195.45620727539065,90,1.0986123085021973,True,0.0592706203460693,-1.2538700000000005,-1.1945993796539307,-0.4295599999999999,0.1473165099281077,8845.0,11780.0,0.3955200000000003,0.4287900000000002,True,True,False,False,True,False
3,115.0,/home/sunshixin/chenchao/my_rlaf/runs/analysis/echosat_symmetry_grpo_v1_7_acceptance_iter=115_canonical_low_warmup_wc3_per_instance.csv,1,k10_color9,perm_seed1730,k10_color9_perm1730,complete_coloring,strong_symmetry,large,main,strong,90,775,10.0,5.0,iter=115,4.98672,4.98672,413643.0,382655.0,True,4.46718,4.46718,283792.0,262594.0,True,5.11871,5.625874001464844,247778.0,229737.0,True,5.11871,5.637176689172387,247778.0,229737.0,True,3.57496,4.152697309518456,310574.0,289011.0,True,True,True,0.010425,3.0,9.0,194.30953979492188,90,1.0986123085021973,True,0.0592706203460693,-1.5437500000000002,-1.4844793796539308,-1.41176,-0.834022690481544,62796.0,59274.0,-0.5195400000000001,0.6515300000000002,True,True,True,False,True,False
3,115.0,/home/sunshixin/chenchao/my_rlaf/runs/analysis/echosat_symmetry_grpo_v1_7_acceptance_iter=115_canonical_low_warmup_wc3_per_instance.csv,1,k10_color9,perm_seed1731,k10_color9_perm1731,complete_coloring,strong_symmetry,large,main,strong,90,775,10.0,5.0,iter=115,4.15332,4.15332,340033.0,312592.0,True,3.92134,3.92134,290369.0,269757.0,True,4.77661,5.283774001464844,290369.0,269757.0,True,4.77661,5.2915570483439565,290369.0,269757.0,True,4.7465,5.320717668690026,375342.0,353249.0,True,True,True,0.006794,3.0,9.0,193.47189331054688,90,1.0986123085021973,True,0.0592706203460693,-0.0301099999999996,0.0291606203460697,0.5931800000000003,1.1673976686900265,84973.0,83492.0,-0.23198,0.85527,True,False,False,False,True,False
3,115.0,/home/sunshixin/chenchao/my_rlaf/runs/analysis/echosat_symmetry_grpo_v1_7_acceptance_iter=115_canonical_low_warmup_wc3_per_instance.csv,1,k8_color7,base,k8_color7,complete_coloring,strong_symmetry,large,main,strong,56,372,10.0,5.0,iter=115,0.05161,0.05161,6158.0,5600.0,True,0.048703,0.048703,5946.0,5440.0,True,0.048075,0.5552390014648437,5946.0,5440.0,True,0.048075,0.5591522017925381,5946.0,5440.0,True,0.033492,0.6038398221386074,5508.0,5073.0,True,True,True,0.003014,3.0,7.0,125.01708984375,56,1.0986123085021973,True,0.0592706203460693,-0.0145829999999999,0.0446876203460693,-0.018118,0.5522298221386074,-438.0,-367.0,-0.002907,-0.000628,True,True,False,True,False,False
3,115.0,/home/sunshixin/chenchao/my_rlaf/runs/analysis/echosat_symmetry_grpo_v1_7_acceptance_iter=115_canonical_low_warmup_wc3_per_instance.csv,1,k8_color7,perm_seed1730,k8_color7_perm1730,complete_coloring,strong_symmetry,large,main,strong,56,372,10.0,5.0,iter=115,0.048348,0.048348,6138.0,5624.0,True,0.052817,0.052817,6264.0,5696.0,True,0.046528,0.5536920014648438,6264.0,5696.0,True,0.046528,0.5568381965572238,6264.0,5696.0,True,0.037293,0.6068738169032931,5916.0,5386.0,True,True,True,0.002323,3.0,7.0,125.1129913330078,56,1.0986123085021973,True,0.0592706203460693,-0.009235,0.0500356203460693,-0.011055,0.5585258169032932,-348.0,-310.0,0.004469,-0.006289,True,True,False,True,False,False
3,115.0,/home/sunshixin/chenchao/my_rlaf/runs/analysis/echosat_symmetry_grpo_v1_7_acceptance_iter=115_canonical_low_warmup_wc3_per_instance.csv,1,k8_color7,perm_seed1731,k8_color7_perm1731,complete_coloring,strong_symmetry,large,main,strong,56,372,10.0,5.0,iter=115,0.037389,0.037389,5800.0,5271.0,True,0.059551,0.059551,6148.0,5641.0,True,0.052676,0.5598400014648437,6148.0,5641.0,True,0.052676,0.5654426137592792,6148.0,5641.0,True,0.038968,0.6110052341053486,6094.0,5636.0,True,True,True,0.004783,3.0,7.0,125.51768493652344,56,1.0986123085021973,True,0.0592706203460693,-0.0137079999999999,0.0455626203460693,0.001579,0.5736162341053486,-54.0,-5.0,0.022162,-0.0068749999999999,True,False,False,True,False,False
3,115.0,/home/sunshixin/chenchao/my_rlaf/runs/analysis/echosat_symmetry_grpo_v1_7_acceptance_iter=115_canonical_low_warmup_wc3_per_instance.csv,1,k9_color8,base,k9_color8,complete_coloring,strong_symmetry,large,main,strong,72,549,10.0,5.0,iter=115,0.706534,0.706534,46557.0,43529.0,True,0.829717,0.829717,44352.0,41138.0,True,0.647803,1.154967001464844,43519.0,40436.0,True,0.647803,1.1625660959840416,43519.0,40436.0,True,0.421786,0.995819716330111,40846.0,38032.0,True,True,True,0.006683,3.0,8.0,158.36375427246094,72,1.0986123085021973,True,0.0592706203460693,-0.226017,-0.1667463796539305,-0.284748,0.289285716330111,-2673.0,-2404.0,0.123183,-0.181914,True,True,False,True,False,False
3,115.0,/home/sunshixin/chenchao/my_rlaf/runs/analysis/echosat_symmetry_grpo_v1_7_acceptance_iter=115_canonical_low_warmup_wc3_per_instance.csv,1,k9_color8,perm_seed1730,k9_color8_perm1730,complete_coloring,strong_symmetry,large,main,strong,72,549,10.0,5.0,iter=115,0.561069,0.561069,39708.0,36681.0,True,0.837252,0.837252,45794.0,42555.0,True,0.759737,1.2669010014648436,45794.0,42555.0,True,0.759737,1.2683399034070373,45794.0,42555.0,True,0.395434,0.9633075237531066,44156.0,40692.0,True,True,True,0.000557,3.0,10.0,157.64891052246094,72,1.0986123085021973,True,0.0592706203460693,-0.364303,-0.3050323796539307,-0.165635,0.4022385237531065,-1638.0,-1863.0,0.2761829999999999,-0.077515,True,True,False,True,False,False
3,115.0,/home/sunshixin/chenchao/my_rlaf/runs/analysis/echosat_symmetry_grpo_v1_7_acceptance_iter=115_canonical_low_warmup_wc3_per_instance.csv,1,k9_color8,perm_seed1731,k9_color8_perm1731,complete_coloring,strong_symmetry,large,main,strong,72,549,10.0,5.0,iter=115,0.626642,0.626642,47177.0,43763.0,True,0.732779,0.732779,47579.0,44103.0,True,0.862452,1.093847959854126,47579.0,44103.0,True,0.862452,1.10091970644176,47579.0,44103.0,True,0.453357,0.6964860280817747,42320.0,39581.0,True,True,True,0.006228,3.0,8.0,158.0809783935547,72,1.0986123085021973,True,0.0046613216400146,-0.409095,-0.4044336783599852,-0.173285,0.0698440280817747,-5259.0,-4522.0,0.1061369999999999,0.129673,True,True,False,True,False,False
3,115.0,/home/sunshixin/chenchao/my_rlaf/runs/analysis/echosat_symmetry_grpo_v1_7_acceptance_iter=115_canonical_low_warmup_wc3_per_instance.csv,1,php_p10_h9,base,php_p10_h9,php,strong_symmetry,large,main,strong,90,775,10.0,5.0,iter=115,4.27166,4.27166,340861.0,314066.0,True,4.82996,4.82996,322229.0,299168.0,True,4.2813,4.512695959854126,321840.0,298649.0,True,4.2813,4.5203480872036215,321840.0,298649.0,True,3.84506,4.088769408843636,330685.0,310429.0,True,True,True,0.006797,3.0,9.0,195.45620727539065,90,1.0986123085021973,True,0.0046613216400146,-0.4362399999999997,-0.4315786783599851,-0.4265999999999996,-0.1828905911563634,8845.0,11780.0,0.5583,-0.5486599999999999,True,True,True,False,True,False
3,115.0,/home/sunshixin/chenchao/my_rlaf/runs/analysis/echosat_symmetry_grpo_v1_7_acceptance_iter=115_canonical_low_warmup_wc3_per_instance.csv,1,php_p10_h9,perm_seed1730,php_p10_h9_perm1730,php,strong_symmetry,large,main,strong,90,775,10.0,5.0,iter=115,4.97804,4.97804,413643.0,382655.0,True,4.93191,4.93191,283792.0,262594.0,True,3.84326,4.074655959854126,247778.0,229737.0,True,3.84326,4.079829442859888,247778.0,229737.0,True,3.7437,3.984930764499903,336407.0,312644.0,True,True,True,0.00421,3.0,9.0,194.30953979492188,90,1.0986123085021973,True,0.0046613216400146,-0.0995599999999998,-0.0948986783599847,-1.23434,-0.9931092355000972,88629.0,82907.0,-0.0461299999999997,-1.0886500000000003,True,True,True,False,True,False
3,115.0,/home/sunshixin/chenchao/my_rlaf/runs/analysis/echosat_symmetry_grpo_v1_7_acceptance_iter=115_canonical_low_warmup_wc3_per_instance.csv,1,php_p10_h9,perm_seed1731,php_p10_h9_perm1731,php,strong_symmetry,large,main,strong,90,775,10.0,5.0,iter=115,4.17251,4.17251,340033.0,312592.0,True,4.02206,4.02206,290369.0,269757.0,True,3.96459,4.195985959854125,290369.0,269757.0,True,3.96459,4.212463003387809,290369.0,269757.0,True,4.81597,5.068504325027823,375342.0,353249.0,True,True,True,0.015591,3.0,9.0,193.47189331054688,90,1.0986123085021973,True,0.0046613216400146,0.8513800000000002,0.8560413216400145,0.6434600000000001,0.8959943250278233,84973.0,83492.0,-0.1504500000000002,-0.0574699999999999,False,False,False,False,True,False
3,115.0,/home/sunshixin/chenchao/my_rlaf/runs/analysis/echosat_symmetry_grpo_v1_7_acceptance_iter=115_canonical_low_warmup_wc3_per_instance.csv,1,php_p9_h8,base,php_p9_h8,php,strong_symmetry,large,main,strong,72,549,10.0,5.0,iter=115,0.692007,0.692007,46557.0,43529.0,True,0.693079,0.693079,44352.0,41138.0,True,0.634478,0.865873959854126,43519.0,40436.0,True,0.634478,0.8720370525314808,43519.0,40436.0,True,0.410342,0.6525623741714954,40846.0,38032.0,True,True,True,0.005336,3.0,8.0,158.36375427246094,72,1.0986123085021973,True,0.0046613216400146,-0.224136,-0.2194746783599853,-0.281665,-0.0394446258285046,-2673.0,-2404.0,0.0010719999999999,-0.058601,True,True,True,True,False,False
3,115.0,/home/sunshixin/chenchao/my_rlaf/runs/analysis/echosat_symmetry_grpo_v1_7_acceptance_iter=115_canonical_low_warmup_wc3_per_instance.csv,1,php_p9_h8,perm_seed1730,php_p9_h8_perm1730,php,strong_symmetry,large,main,strong,72,549,10.0,5.0,iter=115,0.474783,0.474783,39708.0,36681.0,True,0.653461,0.653461,45794.0,42555.0,True,0.732944,0.964339959854126,45794.0,42555.0,True,0.732944,0.9696239813919068,45794.0,42555.0,True,0.399124,0.6404653030319214,44156.0,40692.0,True,True,True,0.004443,3.0,10.0,157.64891052246094,72,1.0986123085021973,True,0.0046613216400146,-0.33382,-0.3291586783599853,-0.075659,0.1656823030319213,-1638.0,-1863.0,0.1786779999999999,0.079483,True,True,False,True,False,False
3,115.0,/home/sunshixin/chenchao/my_rlaf/runs/analysis/echosat_symmetry_grpo_v1_7_acceptance_iter=115_canonical_low_warmup_wc3_per_instance.csv,1,php_p9_h8,perm_seed1731,php_p9_h8_perm1731,php,strong_symmetry,large,main,strong,72,549,10.0,5.0,iter=115,0.632288,0.632288,47177.0,43763.0,True,0.690981,0.690981,47579.0,44103.0,True,0.755847,0.987242959854126,47579.0,44103.0,True,0.755847,0.9881895067588689,47579.0,44103.0,True,0.465768,0.7027718283988833,42320.0,39581.0,True,True,True,0.0,3.0,8.0,158.0809783935547,72,1.0986123085021973,True,0.0046613216400146,-0.290079,-0.2854176783599855,-0.1665199999999999,0.0704838283988833,-5259.0,-4522.0,0.0586929999999999,0.064866,True,True,False,True,False,False
3,115.0,/home/sunshixin/chenchao/my_rlaf/runs/analysis/echosat_symmetry_grpo_v1_7_acceptance_iter=115_canonical_low_warmup_wc3_per_instance.csv,1,random_3sat_control_v160_c704_seed2615,base,random_3sat_control_v160_c704_seed2615,random_3sat_control,non_symmetric_control,large,control,none,160,704,10.0,5.0,iter=115,0.063977,0.063977,6771.0,5767.0,True,0.054079,0.054079,5702.0,4813.0,True,0.048581,0.2799769598541259,4859.0,4212.0,True,0.048581,0.280937390915811,4859.0,4212.0,True,0.047594,0.2846117125558257,4927.0,4155.0,True,False,False,0.0,3.0,22.0,360.5569458007813,160,1.0986123085021973,True,0.0046613216400146,-0.000987,0.0036743216400146,-0.016383,0.2206347125558256,68.0,-57.0,-0.009898,-0.005498,True,True,False,False,True,True
3,115.0,/home/sunshixin/chenchao/my_rlaf/runs/analysis/echosat_symmetry_grpo_v1_7_acceptance_iter=115_canonical_low_warmup_wc3_per_instance.csv,1,random_3sat_control_v160_c704_seed2615,perm_seed1730,random_3sat_control_v160_c704_seed2615_perm1730,random_3sat_control,non_symmetric_control,large,control,none,160,704,10.0,5.0,iter=115,0.091497,0.091497,8522.0,7299.0,True,0.101661,0.101661,7934.0,6809.0,True,0.053536,0.2037571093902588,4602.0,4008.0,True,0.053536,0.2084198247328996,4602.0,4008.0,True,0.051407,0.2121263578749895,5380.0,4655.0,True,False,False,0.003825,3.0,22.0,363.3272399902344,160,1.0986123085021973,True,0.0058355331420898,-0.0021289999999999,0.0037065331420899,-0.0400899999999999,0.1206293578749895,778.0,647.0,0.010164,-0.048125,True,True,False,False,True,True
3,115.0,/home/sunshixin/chenchao/my_rlaf/runs/analysis/echosat_symmetry_grpo_v1_7_acceptance_iter=115_canonical_low_warmup_wc3_per_instance.csv,1,random_3sat_control_v160_c704_seed2615,perm_seed1731,random_3sat_control_v160_c704_seed2615_perm1731,random_3sat_control,non_symmetric_control,large,control,none,160,704,10.0,5.0,iter=115,0.054771,0.054771,5676.0,4847.0,True,0.10562,0.10562,8017.0,6851.0,True,0.063459,0.2136801093902587,4961.0,4384.0,True,0.063459,0.2182241785265207,4961.0,4384.0,True,0.058085,0.2186857116686105,6020.0,5153.0,True,False,False,0.003598,3.0,22.0,364.4381408691406,160,1.0986123085021973,True,0.0058355331420898,-0.005374,0.0004615331420897,0.0033139999999999,0.1639147116686105,1059.0,769.0,0.050849,-0.042161,True,False,False,False,True,True
3,115.0,/home/sunshixin/chenchao/my_rlaf/runs/analysis/echosat_symmetry_grpo_v1_7_acceptance_iter=115_canonical_low_warmup_wc3_per_instance.csv,1,random_3sat_control_v180_c760_seed3301,base,random_3sat_control_v180_c760_seed3301,random_3sat_control,non_symmetric_control,large,control,none,180,760,10.0,5.0,iter=115,0.499965,0.499965,27442.0,23617.0,True,0.154187,0.154187,10470.0,8910.0,True,0.01014,0.1603611093902588,693.0,567.0,True,0.01014,0.161801033219397,693.0,567.0,True,0.681252,0.8387485663614869,42529.0,37408.0,True,False,False,0.000405,3.0,28.0,430.4636840820313,180,1.0986123085021973,True,0.0058355331420898,0.6711119999999999,0.6769475331420899,0.1812869999999999,0.3387835663614869,41836.0,36841.0,-0.345778,-0.1440469999999999,False,False,False,False,True,True
3,115.0,/home/sunshixin/chenchao/my_rlaf/runs/analysis/echosat_symmetry_grpo_v1_7_acceptance_iter=115_canonical_low_warmup_wc3_per_instance.csv,1,random_3sat_control_v180_c760_seed3301,perm_seed1730,random_3sat_control_v180_c760_seed3301_perm1730,random_3sat_control,non_symmetric_control,large,control,none,180,760,10.0,5.0,iter=115,1.04975,1.04975,47649.0,41152.0,True,0.084179,0.084179,7421.0,6253.0,True,0.011537,0.1617581093902587,643.0,525.0,True,0.011537,0.1664515915223956,643.0,525.0,True,0.590127,0.7508771246644854,39152.0,34393.0,True,False,False,0.003753,3.0,28.0,431.2578125,180,1.0986123085021973,True,0.0058355331420898,0.5785899999999999,0.5844255331420898,-0.459623,-0.2988728753355145,38509.0,33868.0,-0.965571,-0.072642,False,True,True,False,True,True
3,115.0,/home/sunshixin/chenchao/my_rlaf/runs/analysis/echosat_symmetry_grpo_v1_7_acceptance_iter=115_canonical_low_warmup_wc3_per_instance.csv,1,random_3sat_control_v180_c760_seed3301,perm_seed1731,random_3sat_control_v180_c760_seed3301_perm1731,random_3sat_control,non_symmetric_control,large,control,none,180,760,10.0,5.0,iter=115,0.494041,0.494041,27197.0,23469.0,True,0.126477,0.126477,9011.0,7714.0,True,0.009406,0.1596271093902588,590.0,484.0,True,0.009406,0.161015294311881,590.0,484.0,True,0.147765,0.3052098274539709,12380.0,10712.0,True,False,False,0.000433,3.0,28.0,430.8958129882813,180,1.0986123085021973,True,0.0058355331420898,0.138359,0.1441945331420899,-0.346276,-0.1888311725460291,11790.0,10228.0,-0.367564,-0.117071,False,True,True,False,True,True
3,115.0,/home/sunshixin/chenchao/my_rlaf/runs/analysis/echosat_symmetry_grpo_v1_7_acceptance_iter=115_canonical_low_warmup_wc3_per_instance.csv,1,random_3sat_control_v220_c928_seed3303,base,random_3sat_control_v220_c928_seed3303,random_3sat_control,non_symmetric_control,large,control,none,220,928,10.0,5.0,iter=115,0.720383,0.720383,30277.0,25994.0,True,0.4474,0.4474,22265.0,19025.0,True,0.006519,0.1567401093902587,62.0,4.0,True,0.006519,0.1578527539508938,62.0,4.0,True,0.011028,0.1681972870929837,334.0,228.0,True,False,False,0.0,3.0,39.0,455.798828125,220,1.0986123085021973,True,0.0058355331420898,0.004509,0.0103445331420899,-0.709355,-0.5521857129070162,272.0,224.0,-0.272983,-0.440881,False,True,True,False,True,True
3,115.0,/home/sunshixin/chenchao/my_rlaf/runs/analysis/echosat_symmetry_grpo_v1_7_acceptance_iter=115_canonical_low_warmup_wc3_per_instance.csv,1,random_3sat_control_v220_c928_seed3303,perm_seed1730,random_3sat_control_v220_c928_seed3303_perm1730,random_3sat_control,non_symmetric_control,large,control,none,220,928,10.0,5.0,iter=115,1.42805,1.42805,52742.0,45477.0,True,0.206594,0.206594,13039.0,11071.0,True,0.005236,0.1554571093902587,62.0,4.0,True,0.005236,0.160371878586173,62.0,4.0,True,0.011123,0.1720944117282629,349.0,246.0,True,False,False,0.003915,3.0,39.0,453.5053405761719,220,1.0986123085021973,True,0.0058355331420898,0.0058869999999999,0.0117225331420899,-1.416927,-1.2559555882717373,287.0,242.0,-1.221456,-0.201358,False,True,True,False,True,True
3,115.0,/home/sunshixin/chenchao/my_rlaf/runs/analysis/echosat_symmetry_grpo_v1_7_acceptance_iter=115_canonical_low_warmup_wc3_per_instance.csv,1,random_3sat_control_v220_c928_seed3303,perm_seed1731,random_3sat_control_v220_c928_seed3303_perm1731,random_3sat_control,non_symmetric_control,large,control,none,220,928,10.0,5.0,iter=115,0.056651,0.056651,4930.0,4147.0,True,0.359457,0.359457,19684.0,16814.0,True,0.005214,0.1554351093902587,63.0,4.0,True,0.005214,0.1605937671865225,63.0,4.0,True,0.006042,0.1672573003286123,337.0,216.0,True,False,False,0.004173,3.0,39.0,458.748046875,220,1.0986123085021973,True,0.0058355331420898,0.0008279999999999,0.0066635331420898,-0.050609,0.1106063003286123,274.0,212.0,0.302806,-0.354243,False,True,False,False,True,True
3,115.0,/home/sunshixin/chenchao/my_rlaf/runs/analysis/echosat_symmetry_grpo_v1_7_acceptance_iter=115_canonical_low_warmup_wc3_per_instance.csv,1,random_3sat_control_v220_c942_seed3304,base,random_3sat_control_v220_c942_seed3304,random_3sat_control,non_symmetric_control,large,control,none,220,942,10.0,5.0,iter=115,0.666016,0.666016,35472.0,30813.0,True,0.932303,0.932303,41376.0,36046.0,True,0.475293,0.7107199027709961,26754.0,23980.0,True,0.475293,0.7159588402718305,26754.0,23980.0,True,0.628981,0.8855481674050093,39389.0,35200.0,True,False,False,0.004182,3.0,26.0,416.5282897949219,220,1.0986123085021973,True,0.0159013271331787,0.153688,0.1695893271331787,-0.037035,0.2195321674050092,12635.0,11220.0,0.2662869999999999,-0.4570099999999999,False,True,False,False,True,True
3,115.0,/home/sunshixin/chenchao/my_rlaf/runs/analysis/echosat_symmetry_grpo_v1_7_acceptance_iter=115_canonical_low_warmup_wc3_per_instance.csv,1,random_3sat_control_v220_c942_seed3304,perm_seed1730,random_3sat_control_v220_c942_seed3304_perm1730,random_3sat_control,non_symmetric_control,large,control,none,220,942,10.0,5.0,iter=115,0.664866,0.664866,34825.0,30052.0,True,0.646603,0.646603,33221.0,28818.0,True,0.437796,0.6732229027709962,26445.0,23804.0,True,0.437796,0.6787750338650942,26445.0,23804.0,True,0.669251,0.9261313609982728,42055.0,37683.0,True,False,False,0.004511,3.0,26.0,423.32037353515625,220,1.0986123085021973,True,0.0159013271331787,0.231455,0.2473563271331785,0.004385,0.2612653609982728,15610.0,13879.0,-0.0182629999999999,-0.208807,False,False,False,False,True,True
3,115.0,/home/sunshixin/chenchao/my_rlaf/runs/analysis/echosat_symmetry_grpo_v1_7_acceptance_iter=115_canonical_low_warmup_wc3_per_instance.csv,1,random_3sat_control_v220_c942_seed3304,perm_seed1731,random_3sat_control_v220_c942_seed3304_perm1731,random_3sat_control,non_symmetric_control,large,control,none,220,942,10.0,5.0,iter=115,0.718191,0.718191,38737.0,33758.0,True,0.781171,0.781171,38909.0,33544.0,True,0.452215,0.6876419027709961,26149.0,23448.0,True,0.452215,0.6890785770666004,26149.0,23448.0,True,0.643954,0.8967189041997791,39837.0,35656.0,True,False,False,0.000394,3.0,26.0,418.775390625,220,1.0986123085021973,True,0.0159013271331787,0.191739,0.2076403271331787,-0.074237,0.178527904199779,13688.0,12208.0,0.0629799999999999,-0.3289559999999999,False,True,False,False,True,True
3,115.0,/home/sunshixin/chenchao/my_rlaf/runs/analysis/echosat_symmetry_grpo_v1_7_acceptance_iter=115_canonical_low_warmup_wc3_per_instance.csv,1,random_3sat_control_v260_c1097_seed3305,base,random_3sat_control_v260_c1097_seed3305,random_3sat_control,non_symmetric_control,large,control,none,260,1097,10.0,5.0,iter=115,6.80077,6.80077,216854.0,188499.0,True,2.31407,2.31407,73626.0,64181.0,True,1.43772,1.6731469027709962,60642.0,54350.0,True,1.43772,1.6796340893581512,60642.0,54350.0,True,0.451943,0.7097584164913296,26462.0,23255.0,True,False,False,0.005405,3.0,35.0,492.83697509765625,260,1.0986123085021973,True,0.0159013271331787,-0.985777,-0.9698756728668216,-6.348827,-6.091011583508671,-34180.0,-31095.0,-4.4867,-0.87635,True,True,True,True,False,True
3,115.0,/home/sunshixin/chenchao/my_rlaf/runs/analysis/echosat_symmetry_grpo_v1_7_acceptance_iter=115_canonical_low_warmup_wc3_per_instance.csv,1,random_3sat_control_v260_c1097_seed3305,perm_seed1730,random_3sat_control_v260_c1097_seed3305_perm1730,random_3sat_control,non_symmetric_control,large,control,none,260,1097,10.0,5.0,iter=115,7.34941,7.34941,224505.0,195557.0,True,0.608703,0.608703,27246.0,23387.0,True,1.46314,1.6985669027709962,60686.0,54724.0,True,1.46314,1.7048318690274358,60686.0,54724.0,True,0.586269,0.8438621961606145,33862.0,29743.0,True,False,False,0.005162,3.0,35.0,494.8829650878906,260,1.0986123085021973,True,0.0159013271331787,-0.8768710000000001,-0.8609696728668212,-6.763141,-6.505547803839385,-26824.0,-24981.0,-6.740707,0.8544370000000001,True,True,True,True,False,True
3,115.0,/home/sunshixin/chenchao/my_rlaf/runs/analysis/echosat_symmetry_grpo_v1_7_acceptance_iter=115_canonical_low_warmup_wc3_per_instance.csv,1,random_3sat_control_v260_c1097_seed3305,perm_seed1731,random_3sat_control_v260_c1097_seed3305_perm1731,random_3sat_control,non_symmetric_control,large,control,none,260,1097,10.0,5.0,iter=115,3.91908,3.91908,105916.0,92052.0,True,5.50971,5.50971,162997.0,142194.0,True,1.10396,1.339386902770996,48534.0,43247.0,True,1.10396,1.3458868414099217,48534.0,43247.0,True,0.854754,1.1125821685431003,44541.0,39321.0,True,False,False,0.005477,3.0,35.0,493.7220764160156,260,1.0986123085021973,True,0.0159013271331787,-0.249206,-0.2333046728668213,-3.0643260000000003,-2.8064978314569,-3993.0,-3926.0,1.59063,-4.40575,True,True,True,True,False,True
3,115.0,/home/sunshixin/chenchao/my_rlaf/runs/analysis/echosat_symmetry_grpo_v1_7_acceptance_iter=115_canonical_low_warmup_wc3_per_instance.csv,1,random_3sat_control_v260_c1113_seed3306,base,random_3sat_control_v260_c1113_seed3306,random_3sat_control,non_symmetric_control,large,control,none,260,1113,10.0,5.0,iter=115,5.41524,5.41524,178146.0,155541.0,True,6.04814,6.04814,186876.0,163308.0,True,6.44133,6.676756902770996,226200.0,205404.0,True,6.44133,6.680047554718077,226200.0,205404.0,True,6.48395,6.738568881851256,264353.0,233153.0,True,False,False,0.002217,3.0,34.0,480.0674743652344,260,0.6931471824645996,True,0.0159013271331787,0.0426200000000003,0.058521327133179,1.0687100000000005,1.323328881851256,38153.0,27749.0,0.6329000000000002,0.3931899999999997,False,False,False,False,True,True
3,115.0,/home/sunshixin/chenchao/my_rlaf/runs/analysis/echosat_symmetry_grpo_v1_7_acceptance_iter=115_canonical_low_warmup_wc3_per_instance.csv,1,random_3sat_control_v260_c1113_seed3306,perm_seed1730,random_3sat_control_v260_c1113_seed3306_perm1730,random_3sat_control,non_symmetric_control,large,control,none,260,1113,10.0,5.0,iter=115,5.08971,5.08971,171334.0,149746.0,True,6.98977,6.98977,206936.0,180741.0,True,5.88518,6.120606902770996,206101.0,186162.0,True,5.88518,6.126524600088418,206101.0,186162.0,True,6.23781,6.495055927221596,256383.0,226098.0,True,False,False,0.004787,3.0,34.0,478.7396240234375,260,0.6931471824645996,True,0.0159013271331787,0.3526299999999995,0.3685313271331782,1.1480999999999997,1.405345927221596,50282.0,39936.0,1.90006,-1.10459,False,False,False,False,True,True
3,115.0,/home/sunshixin/chenchao/my_rlaf/runs/analysis/echosat_symmetry_grpo_v1_7_acceptance_iter=115_canonical_low_warmup_wc3_per_instance.csv,1,random_3sat_control_v260_c1113_seed3306,perm_seed1731,random_3sat_control_v260_c1113_seed3306_perm1731,random_3sat_control,non_symmetric_control,large,control,none,260,1113,10.0,5.0,iter=115,6.43088,6.43088,202621.0,177648.0,True,7.0244,7.0244,214985.0,187707.0,True,5.96754,6.239719126739502,217745.0,196903.0,True,5.96754,6.246724027556478,217745.0,196903.0,True,6.08877,6.373292219542563,254755.0,224313.0,True,False,False,0.005965,3.0,34.0,481.5274658203125,260,0.6931471824645996,True,0.0053381919860839,0.1212300000000006,0.1265681919860846,-0.3421099999999999,-0.0575877804574371,37010.0,27410.0,0.5935199999999998,-1.0568600000000004,False,True,True,False,True,True
3,115.0,/home/sunshixin/chenchao/my_rlaf/runs/analysis/echosat_symmetry_grpo_v1_7_acceptance_iter=115_canonical_low_warmup_wc3_per_instance.csv,1,random_3sat_control_v300_c1266_seed3307,base,random_3sat_control_v300_c1266_seed3307,random_3sat_control,non_symmetric_control,large,control,none,300,1266,10.0,5.0,iter=115,0.217057,0.217057,12894.0,10895.0,True,2.58715,2.58715,71356.0,61376.0,True,0.008209,0.280388126739502,288.0,182.0,True,0.008209,0.2877094858313203,288.0,182.0,True,0.043824,0.3286626778174043,3076.0,2489.0,True,False,False,0.006242,3.0,48.0,628.0397338867188,300,1.0986123085021973,True,0.0053381919860839,0.035615,0.040953191986084,-0.173233,0.1116056778174043,2788.0,2307.0,2.370093,-2.578941,False,True,False,False,True,True
3,115.0,/home/sunshixin/chenchao/my_rlaf/runs/analysis/echosat_symmetry_grpo_v1_7_acceptance_iter=115_canonical_low_warmup_wc3_per_instance.csv,1,random_3sat_control_v300_c1266_seed3307,perm_seed1730,random_3sat_control_v300_c1266_seed3307_perm1730,random_3sat_control,non_symmetric_control,large,control,none,300,1266,10.0,5.0,iter=115,1.27587,1.27587,43103.0,37339.0,True,2.08459,2.08459,63498.0,54506.0,True,0.008534,0.2807131267395019,321.0,205.0,True,0.008534,0.2881037917988896,321.0,205.0,True,0.034519,0.3194269837849736,2712.0,2153.0,True,False,False,0.006185,3.0,48.0,619.230712890625,300,1.0986123085021973,True,0.0053381919860839,0.025985,0.0313231919860839,-1.241351,-0.9564430162150264,2391.0,1948.0,0.8087199999999999,-2.076056,False,True,True,False,True,True
3,115.0,/home/sunshixin/chenchao/my_rlaf/runs/analysis/echosat_symmetry_grpo_v1_7_acceptance_iter=115_canonical_low_warmup_wc3_per_instance.csv,1,random_3sat_control_v300_c1266_seed3307,perm_seed1731,random_3sat_control_v300_c1266_seed3307_perm1731,random_3sat_control,non_symmetric_control,large,control,none,300,1266,10.0,5.0,iter=115,2.05327,2.05327,66962.0,57424.0,True,0.116619,0.116619,7524.0,6304.0,True,0.005874,0.2780531267395019,375.0,247.0,True,0.005874,0.2874556662402153,375.0,247.0,True,0.033435,0.3203548582262993,2340.0,1888.0,True,False,False,0.008297,3.0,48.0,626.5236206054688,300,1.0986123085021973,True,0.0053381919860839,0.027561,0.0328991919860839,-2.019835,-1.7329151417737003,1965.0,1641.0,-1.936651,-0.110745,False,True,True,False,True,True
3,115.0,/home/sunshixin/chenchao/my_rlaf/runs/analysis/echosat_symmetry_grpo_v1_7_acceptance_iter=115_canonical_low_warmup_wc3_per_instance.csv,1,subset_cardinality_bw10,base,subset_cardinality_bw10,subset_cardinality,weak_symmetry,large,main,weak,41,92,10.0,5.0,iter=115,0.0,0.0,193.0,141.0,True,0.001925,0.001925,237.0,193.0,True,0.001936,0.2741151267395019,162.0,142.0,True,0.001936,0.276169471619308,162.0,142.0,True,0.000459,0.2800306636053919,188.0,155.0,True,True,True,0.001282,3.0,8.0,94.86821746826172,41,1.0986123085021973,True,0.0053381919860839,-0.001477,0.0038611919860839,0.000459,0.2800306636053919,26.0,13.0,0.001925,1.0999999999999942e-05,True,False,False,False,True,False
3,115.0,/home/sunshixin/chenchao/my_rlaf/runs/analysis/echosat_symmetry_grpo_v1_7_acceptance_iter=115_canonical_low_warmup_wc3_per_instance.csv,1,subset_cardinality_bw10,perm_seed1730,subset_cardinality_bw10_perm1730,subset_cardinality,weak_symmetry,large,main,weak,41,92,10.0,5.0,iter=115,0.001558,0.001558,218.0,167.0,True,0.001873,0.001873,221.0,169.0,True,0.0,0.2721791267395019,156.0,137.0,True,0.0,0.2733670342728496,156.0,137.0,True,0.001662,0.2803672262589335,176.0,144.0,True,True,True,0.000275,3.0,10.0,98.69181823730467,41,1.0986123085021973,True,0.0053381919860839,0.001662,0.0070001919860839,0.000104,0.2788092262589335,20.0,7.0,0.000315,-0.001873,False,False,False,False,True,False
3,115.0,/home/sunshixin/chenchao/my_rlaf/runs/analysis/echosat_symmetry_grpo_v1_7_acceptance_iter=115_canonical_low_warmup_wc3_per_instance.csv,1,subset_cardinality_bw10,perm_seed1731,subset_cardinality_bw10_perm1731,subset_cardinality,weak_symmetry,large,main,weak,41,92,10.0,5.0,iter=115,0.003598,0.003598,202.0,147.0,True,0.001764,0.001764,247.0,155.0,True,0.0,0.2721791267395019,203.0,164.0,True,0.0,0.2741254938556552,203.0,164.0,True,0.001439,0.2809026858417392,196.0,141.0,True,True,True,0.001128,3.0,7.0,87.48927307128906,41,1.0986123085021973,True,0.0053381919860839,0.001439,0.006777191986084,-0.002159,0.2773046858417392,-7.0,-23.0,-0.001834,-0.001764,False,True,False,True,False,False
3,115.0,/home/sunshixin/chenchao/my_rlaf/runs/analysis/echosat_symmetry_grpo_v1_7_acceptance_iter=115_canonical_low_warmup_wc3_per_instance.csv,1,subset_cardinality_bw12,base,subset_cardinality_bw12,subset_cardinality,weak_symmetry,large,main,weak,49,108,10.0,5.0,iter=115,0.002505,0.002505,442.0,342.0,True,0.002468,0.002468,491.0,414.0,True,0.002722,0.2749011267395019,384.0,312.0,True,0.002722,0.2770469835485816,384.0,312.0,True,0.002191,0.2818541755346656,421.0,308.0,True,True,True,0.001351,3.0,12.0,104.73371887207033,49,0.6931471824645996,True,0.0053381919860839,-0.000531,0.0048071919860839,-0.000314,0.2793491755346656,37.0,-4.0,-3.699999999999971e-05,0.0002539999999999,True,True,False,False,True,False
3,115.0,/home/sunshixin/chenchao/my_rlaf/runs/analysis/echosat_symmetry_grpo_v1_7_acceptance_iter=115_canonical_low_warmup_wc3_per_instance.csv,1,subset_cardinality_bw12,perm_seed1730,subset_cardinality_bw12_perm1730,subset_cardinality,weak_symmetry,large,main,weak,49,108,10.0,5.0,iter=115,0.0,0.0,440.0,329.0,True,0.002158,0.002158,397.0,314.0,True,0.003546,0.2615361218414306,343.0,268.0,True,0.003546,0.2633922776355147,343.0,268.0,True,0.002358,0.2817805887469649,385.0,317.0,True,True,True,0.001057,3.0,9.0,101.82083892822266,49,1.0986123085021973,True,0.0195763111114501,-0.001188,0.0183883111114501,0.002358,0.2817805887469649,42.0,49.0,0.002158,0.001388,True,False,False,False,True,False
3,115.0,/home/sunshixin/chenchao/my_rlaf/runs/analysis/echosat_symmetry_grpo_v1_7_acceptance_iter=115_canonical_low_warmup_wc3_per_instance.csv,1,subset_cardinality_bw12,perm_seed1731,subset_cardinality_bw12_perm1731,subset_cardinality,weak_symmetry,large,main,weak,49,108,10.0,5.0,iter=115,0.000321,0.000321,393.0,297.0,True,0.002048,0.002048,439.0,311.0,True,0.00344,0.2614301218414306,363.0,285.0,True,0.00344,0.2626374479585886,363.0,285.0,True,0.002117,0.2808907590700388,348.0,296.0,True,True,True,0.0003,3.0,11.0,104.3914794921875,49,1.0986123085021973,True,0.0195763111114501,-0.001323,0.0182533111114501,0.0017959999999999,0.2805697590700388,-15.0,11.0,0.0017269999999999,0.001392,True,False,False,False,True,False
3,115.0,/home/sunshixin/chenchao/my_rlaf/runs/analysis/echosat_symmetry_grpo_v1_7_acceptance_iter=115_canonical_low_warmup_wc3_per_instance.csv,1,subset_cardinality_bw8,base,subset_cardinality_bw8,subset_cardinality,weak_symmetry,medium,main,weak,33,76,10.0,5.0,iter=115,0.002114,0.002114,89.0,67.0,True,0.001191,0.001191,106.0,76.0,True,0.002564,0.2605541218414307,84.0,69.0,True,0.002564,0.2613448137759566,84.0,69.0,True,0.000906,0.2792631248874068,94.0,76.0,True,True,True,0.0,3.0,13.0,75.20963287353516,33,1.0986123085021973,True,0.0195763111114501,-0.0016579999999999,0.0179183111114502,-0.0012079999999999,0.2771491248874068,10.0,7.0,-0.000923,0.0013729999999999,True,True,False,False,True,False
3,115.0,/home/sunshixin/chenchao/my_rlaf/runs/analysis/echosat_symmetry_grpo_v1_7_acceptance_iter=115_canonical_low_warmup_wc3_per_instance.csv,1,subset_cardinality_bw8,perm_seed1730,subset_cardinality_bw8_perm1730,subset_cardinality,weak_symmetry,medium,main,weak,33,76,10.0,5.0,iter=115,0.002081,0.002081,110.0,76.0,True,0.0,0.0,127.0,80.0,True,0.001383,0.2593731218414307,100.0,79.0,True,0.001383,0.2616760615382195,100.0,79.0,True,0.001187,0.2810563726496696,119.0,76.0,True,True,True,0.001508,3.0,15.0,80.51530456542969,33,1.0986123085021973,True,0.0195763111114501,-0.000196,0.0193803111114501,-0.000894,0.2789753726496696,19.0,-3.0,-0.002081,0.001383,True,True,False,False,True,False
3,115.0,/home/sunshixin/chenchao/my_rlaf/runs/analysis/echosat_symmetry_grpo_v1_7_acceptance_iter=115_canonical_low_warmup_wc3_per_instance.csv,1,subset_cardinality_bw8,perm_seed1731,subset_cardinality_bw8_perm1731,subset_cardinality,weak_symmetry,medium,main,weak,33,76,10.0,5.0,iter=115,0.002001,0.002001,91.0,70.0,True,0.001165,0.001165,102.0,79.0,True,0.001121,0.2591111218414306,81.0,70.0,True,0.001121,0.261249162751019,81.0,70.0,True,0.001161,0.2808654738624692,91.0,76.0,True,True,True,0.001352,3.0,12.0,79.57261657714844,33,1.0986123085021973,True,0.0195763111114501,3.999999999999989e-05,0.0196163111114501,-0.00084,0.2788644738624692,10.0,6.0,-0.000836,-4.399999999999999e-05,False,True,False,False,True,False
3,115.0,/home/sunshixin/chenchao/my_rlaf/runs/analysis/echosat_symmetry_grpo_v1_7_acceptance_iter=115_canonical_low_warmup_wc3_per_instance.csv,2,k10_color9,base,k10_color9,complete_coloring,strong_symmetry,large,main,strong,90,775,10.0,5.0,iter=115,4.28498,4.28498,340861.0,314066.0,True,4.22508,4.22508,322229.0,299168.0,True,4.20873,4.416936176757813,321840.0,298649.0,True,4.20873,4.426751220336795,321840.0,298649.0,True,4.2583,4.538603305755496,330685.0,310429.0,True,True,True,0.007914,3.0,9.0,195.45620727539065,90,1.0986123085021973,True,0.0622820854187011,0.0495700000000001,0.1118520854187004,-0.0266799999999998,0.2536233057554957,8845.0,11780.0,-0.0598999999999998,-0.01635,False,True,False,False,True,False
3,115.0,/home/sunshixin/chenchao/my_rlaf/runs/analysis/echosat_symmetry_grpo_v1_7_acceptance_iter=115_canonical_low_warmup_wc3_per_instance.csv,2,k10_color9,perm_seed1730,k10_color9_perm1730,complete_coloring,strong_symmetry,large,main,strong,90,775,10.0,5.0,iter=115,5.01176,5.01176,413643.0,382655.0,True,4.24101,4.24101,283792.0,262594.0,True,4.49702,4.7052261767578125,247778.0,229737.0,True,4.49702,4.709979233524144,247778.0,229737.0,True,3.61261,3.887851318942845,310574.0,289011.0,True,True,True,0.003444,3.0,9.0,194.30953979492188,90,1.0986123085021973,True,0.0622820854187011,-0.8844099999999999,-0.8221279145812987,-1.3991499999999997,-1.1239086810571548,62796.0,59274.0,-0.7707499999999996,0.2560099999999998,True,True,True,False,True,False
3,115.0,/home/sunshixin/chenchao/my_rlaf/runs/analysis/echosat_symmetry_grpo_v1_7_acceptance_iter=115_canonical_low_warmup_wc3_per_instance.csv,2,k10_color9,perm_seed1731,k10_color9_perm1731,complete_coloring,strong_symmetry,large,main,strong,90,775,10.0,5.0,iter=115,4.26991,4.26991,340033.0,312592.0,True,3.9451,3.9451,290369.0,269757.0,True,4.29802,4.506226176757813,290369.0,269757.0,True,4.29802,4.516765431729198,290369.0,269757.0,True,4.77567,5.0566975171478985,375342.0,353249.0,True,True,True,0.009099,3.0,9.0,193.47189331054688,90,1.0986123085021973,True,0.0622820854187011,0.4776499999999997,0.5399320854187009,0.5057599999999995,0.7867875171478982,84973.0,83492.0,-0.3248100000000002,0.3529200000000001,False,False,False,False,True,False
3,115.0,/home/sunshixin/chenchao/my_rlaf/runs/analysis/echosat_symmetry_grpo_v1_7_acceptance_iter=115_canonical_low_warmup_wc3_per_instance.csv,2,k8_color7,base,k8_color7,complete_coloring,strong_symmetry,large,main,strong,56,372,10.0,5.0,iter=115,0.052498,0.052498,6158.0,5600.0,True,0.056759,0.056759,5946.0,5440.0,True,0.045066,0.2532721767578125,5946.0,5440.0,True,0.045066,0.2567305767579674,5946.0,5440.0,True,0.050994,0.3249406621766686,5508.0,5073.0,True,True,True,0.000737,3.0,7.0,125.01708984375,56,1.0986123085021973,True,0.0622820854187011,0.0059279999999999,0.0682100854187012,-0.001504,0.2724426621766686,-438.0,-367.0,0.0042609999999999,-0.0116929999999999,False,True,False,True,False,False
3,115.0,/home/sunshixin/chenchao/my_rlaf/runs/analysis/echosat_symmetry_grpo_v1_7_acceptance_iter=115_canonical_low_warmup_wc3_per_instance.csv,2,k8_color7,perm_seed1730,k8_color7_perm1730,complete_coloring,strong_symmetry,large,main,strong,56,372,10.0,5.0,iter=115,0.049189,0.049189,6138.0,5624.0,True,0.046706,0.046706,6264.0,5696.0,True,0.043611,0.2518171767578125,6264.0,5696.0,True,0.043611,0.2537268335811495,6264.0,5696.0,True,0.039261,0.3116589189998507,5916.0,5386.0,True,True,True,0.000746,3.0,7.0,125.1129913330078,56,1.0986123085021973,True,0.0622820854187011,-0.00435,0.0579320854187012,-0.009928,0.2624699189998507,-348.0,-310.0,-0.0024829999999999,-0.003095,True,True,False,True,False,False
3,115.0,/home/sunshixin/chenchao/my_rlaf/runs/analysis/echosat_symmetry_grpo_v1_7_acceptance_iter=115_canonical_low_warmup_wc3_per_instance.csv,2,k8_color7,perm_seed1731,k8_color7_perm1731,complete_coloring,strong_symmetry,large,main,strong,56,372,10.0,5.0,iter=115,0.038367,0.038367,5800.0,5271.0,True,0.055895,0.055895,6148.0,5641.0,True,0.051582,0.2597881767578125,6148.0,5641.0,True,0.051582,0.2615985558162331,6148.0,5641.0,True,0.041048,0.3133466412349343,6094.0,5636.0,True,True,True,0.000555,3.0,7.0,125.51768493652344,56,1.0986123085021973,True,0.0622820854187011,-0.010534,0.0517480854187011,0.002681,0.2749796412349343,-54.0,-5.0,0.017528,-0.0043129999999999,True,False,False,True,False,False
3,115.0,/home/sunshixin/chenchao/my_rlaf/runs/analysis/echosat_symmetry_grpo_v1_7_acceptance_iter=115_canonical_low_warmup_wc3_per_instance.csv,2,k9_color8,base,k9_color8,complete_coloring,strong_symmetry,large,main,strong,72,549,10.0,5.0,iter=115,0.698755,0.698755,46557.0,43529.0,True,0.640985,0.640985,44352.0,41138.0,True,0.648299,0.8565051767578125,43519.0,40436.0,True,0.648299,0.8616576023504138,43519.0,40436.0,True,0.420228,0.6958686877691149,40846.0,38032.0,True,True,True,0.003626,3.0,8.0,158.36375427246094,72,1.0986123085021973,True,0.0622820854187011,-0.2280709999999999,-0.1657889145812988,-0.278527,-0.002886312230885,-2673.0,-2404.0,-0.0577699999999999,0.0073139999999999,True,True,True,True,False,False
3,115.0,/home/sunshixin/chenchao/my_rlaf/runs/analysis/echosat_symmetry_grpo_v1_7_acceptance_iter=115_canonical_low_warmup_wc3_per_instance.csv,2,k9_color8,perm_seed1730,k9_color8_perm1730,complete_coloring,strong_symmetry,large,main,strong,72,549,10.0,5.0,iter=115,0.471986,0.471986,39708.0,36681.0,True,0.669012,0.669012,45794.0,42555.0,True,0.807452,1.0156581767578126,45794.0,42555.0,True,0.807452,1.0213422352300283,45794.0,42555.0,True,0.397261,0.6734333206487297,44156.0,40692.0,True,True,True,0.00357,3.0,10.0,157.64891052246094,72,1.0986123085021973,True,0.0622820854187011,-0.410191,-0.3479089145812986,-0.074725,0.2014473206487297,-1638.0,-1863.0,0.197026,0.1384399999999999,True,True,False,True,False,False
3,115.0,/home/sunshixin/chenchao/my_rlaf/runs/analysis/echosat_symmetry_grpo_v1_7_acceptance_iter=115_canonical_low_warmup_wc3_per_instance.csv,2,k9_color8,perm_seed1731,k9_color8_perm1731,complete_coloring,strong_symmetry,large,main,strong,72,549,10.0,5.0,iter=115,0.62356,0.62356,47177.0,43763.0,True,0.672808,0.672808,47579.0,44103.0,True,0.826886,0.924135984741211,47579.0,44103.0,True,0.826886,0.9301457649819852,47579.0,44103.0,True,0.455516,0.6257251325051785,42320.0,39581.0,True,True,True,0.003957,3.0,8.0,158.0809783935547,72,1.0986123085021973,True,0.0669493675231933,-0.37137,-0.3044206324768067,-0.168044,0.0021651325051784,-5259.0,-4522.0,0.0492479999999999,0.154078,True,True,False,True,False,False
3,115.0,/home/sunshixin/chenchao/my_rlaf/runs/analysis/echosat_symmetry_grpo_v1_7_acceptance_iter=115_canonical_low_warmup_wc3_per_instance.csv,2,php_p10_h9,base,php_p10_h9,php,strong_symmetry,large,main,strong,90,775,10.0,5.0,iter=115,4.28918,4.28918,340861.0,314066.0,True,4.15523,4.15523,322229.0,299168.0,True,4.49565,4.592899984741211,321840.0,298649.0,True,4.49565,4.597852823582769,321840.0,298649.0,True,3.95044,4.119592191105962,330685.0,310429.0,True,True,True,0.003888,3.0,9.0,195.45620727539065,90,1.0986123085021973,True,0.0669493675231933,-0.5452100000000004,-0.4782606324768066,-0.33874,-0.1695878088940379,8845.0,11780.0,-0.1339499999999995,0.3404199999999999,True,True,True,False,True,False
3,115.0,/home/sunshixin/chenchao/my_rlaf/runs/analysis/echosat_symmetry_grpo_v1_7_acceptance_iter=115_canonical_low_warmup_wc3_per_instance.csv,2,php_p10_h9,perm_seed1730,php_p10_h9_perm1730,php,strong_symmetry,large,main,strong,90,775,10.0,5.0,iter=115,4.98556,4.98556,413643.0,382655.0,True,4.2584,4.2584,283792.0,262594.0,True,4.21819,4.315439984741211,247778.0,229737.0,True,4.21819,4.324149946635961,247778.0,229737.0,True,3.84806,4.020969314159155,336407.0,312644.0,True,True,True,0.00766,3.0,9.0,194.30953979492188,90,1.0986123085021973,True,0.0669493675231933,-0.37013,-0.3031806324768062,-1.1375000000000006,-0.9645906858408456,88629.0,82907.0,-0.7271600000000005,-0.04021,True,True,True,False,True,False
3,115.0,/home/sunshixin/chenchao/my_rlaf/runs/analysis/echosat_symmetry_grpo_v1_7_acceptance_iter=115_canonical_low_warmup_wc3_per_instance.csv,2,php_p10_h9,perm_seed1731,php_p10_h9_perm1731,php,strong_symmetry,large,main,strong,90,775,10.0,5.0,iter=115,4.70527,4.70527,340033.0,312592.0,True,3.94117,3.94117,290369.0,269757.0,True,4.20036,4.297609984741211,290369.0,269757.0,True,4.20036,4.306205901810646,290369.0,269757.0,True,4.83954,5.01233526933384,375342.0,353249.0,True,True,True,0.007562,3.0,9.0,193.47189331054688,90,1.0986123085021973,True,0.0669493675231933,0.6391800000000005,0.7061293675231939,0.1342700000000007,0.3070652693338402,84973.0,83492.0,-0.7640999999999996,0.2591899999999998,False,False,False,False,True,False
3,115.0,/home/sunshixin/chenchao/my_rlaf/runs/analysis/echosat_symmetry_grpo_v1_7_acceptance_iter=115_canonical_low_warmup_wc3_per_instance.csv,2,php_p9_h8,base,php_p9_h8,php,strong_symmetry,large,main,strong,72,549,10.0,5.0,iter=115,0.767169,0.767169,46557.0,43529.0,True,0.640589,0.640589,44352.0,41138.0,True,0.598327,0.695576984741211,43519.0,40436.0,True,0.598327,0.7009719458490015,43519.0,40436.0,True,0.439274,0.6088683133721948,40846.0,38032.0,True,True,True,0.004112,3.0,8.0,158.36375427246094,72,1.0986123085021973,True,0.0669493675231933,-0.159053,-0.0921036324768066,-0.327895,-0.1583006866278051,-2673.0,-2404.0,-0.12658,-0.0422619999999999,True,True,True,True,False,False
3,115.0,/home/sunshixin/chenchao/my_rlaf/runs/analysis/echosat_symmetry_grpo_v1_7_acceptance_iter=115_canonical_low_warmup_wc3_per_instance.csv,2,php_p9_h8,perm_seed1730,php_p9_h8_perm1730,php,strong_symmetry,large,main,strong,72,549,10.0,5.0,iter=115,0.472865,0.472865,39708.0,36681.0,True,0.657065,0.657065,45794.0,42555.0,True,0.65746,0.754709984741211,45794.0,42555.0,True,0.65746,0.7609001321920157,45794.0,42555.0,True,0.405055,0.5754444997152091,44156.0,40692.0,True,True,True,0.005019,3.0,10.0,157.64891052246094,72,1.0986123085021973,True,0.0669493675231933,-0.252405,-0.1854556324768066,-0.0678099999999999,0.102579499715209,-1638.0,-1863.0,0.1842,0.000395,True,True,False,True,False,False
3,115.0,/home/sunshixin/chenchao/my_rlaf/runs/analysis/echosat_symmetry_grpo_v1_7_acceptance_iter=115_canonical_low_warmup_wc3_per_instance.csv,2,php_p9_h8,perm_seed1731,php_p9_h8_perm1731,php,strong_symmetry,large,main,strong,72,549,10.0,5.0,iter=115,0.621925,0.621925,47177.0,43763.0,True,0.705771,0.705771,47579.0,44103.0,True,0.682875,0.780124984741211,47579.0,44103.0,True,0.682875,0.7819613416818977,47579.0,44103.0,True,0.46489,0.6309257092050911,42320.0,39581.0,True,True,True,0.000642,3.0,8.0,158.0809783935547,72,1.0986123085021973,True,0.0669493675231933,-0.2179849999999999,-0.1510356324768066,-0.1570349999999999,0.0090007092050911,-5259.0,-4522.0,0.083846,-0.022896,True,True,False,True,False,False
3,115.0,/home/sunshixin/chenchao/my_rlaf/runs/analysis/echosat_symmetry_grpo_v1_7_acceptance_iter=115_canonical_low_warmup_wc3_per_instance.csv,2,random_3sat_control_v160_c704_seed2615,base,random_3sat_control_v160_c704_seed2615,random_3sat_control,non_symmetric_control,large,control,none,160,704,10.0,5.0,iter=115,0.071267,0.071267,6771.0,5767.0,True,0.048126,0.048126,5702.0,4813.0,True,0.04778,0.1450299847412109,4859.0,4212.0,True,0.04778,0.1515070217863321,4859.0,4212.0,True,0.050962,0.2216383893095255,4927.0,4155.0,True,False,False,0.005006,3.0,22.0,360.5569458007813,160,1.0986123085021973,True,0.0669493675231933,0.0031819999999999,0.0701313675231934,-0.0203049999999999,0.1503713893095255,68.0,-57.0,-0.0231409999999999,-0.0003459999999999,False,True,False,False,True,True
3,115.0,/home/sunshixin/chenchao/my_rlaf/runs/analysis/echosat_symmetry_grpo_v1_7_acceptance_iter=115_canonical_low_warmup_wc3_per_instance.csv,2,random_3sat_control_v160_c704_seed2615,perm_seed1730,random_3sat_control_v160_c704_seed2615_perm1730,random_3sat_control,non_symmetric_control,large,control,none,160,704,10.0,5.0,iter=115,0.083801,0.083801,8522.0,7299.0,True,0.111469,0.111469,7934.0,6809.0,True,0.045217,0.2007963285369873,4602.0,4008.0,True,0.045217,0.2027311695026755,4602.0,4008.0,True,0.051119,0.2849514335102439,5380.0,4655.0,True,False,False,0.000377,3.0,22.0,363.3272399902344,160,1.0986123085021973,True,0.0763182640075683,0.0059019999999999,0.0822202640075683,-0.032682,0.2011504335102438,778.0,647.0,0.0276679999999999,-0.066252,False,True,False,False,True,True
3,115.0,/home/sunshixin/chenchao/my_rlaf/runs/analysis/echosat_symmetry_grpo_v1_7_acceptance_iter=115_canonical_low_warmup_wc3_per_instance.csv,2,random_3sat_control_v160_c704_seed2615,perm_seed1731,random_3sat_control_v160_c704_seed2615_perm1731,random_3sat_control,non_symmetric_control,large,control,none,160,704,10.0,5.0,iter=115,0.050592,0.050592,5676.0,4847.0,True,0.130066,0.130066,8017.0,6851.0,True,0.050129,0.2057083285369873,4961.0,4384.0,True,0.050129,0.2107367130295634,4961.0,4384.0,True,0.053229,0.2901549770371318,6020.0,5153.0,True,False,False,0.003518,3.0,22.0,364.4381408691406,160,1.0986123085021973,True,0.0763182640075683,0.0030999999999999,0.0794182640075683,0.002637,0.2395629770371317,1059.0,769.0,0.0794739999999999,-0.0799369999999999,False,False,False,False,True,True
3,115.0,/home/sunshixin/chenchao/my_rlaf/runs/analysis/echosat_symmetry_grpo_v1_7_acceptance_iter=115_canonical_low_warmup_wc3_per_instance.csv,2,random_3sat_control_v180_c760_seed3301,base,random_3sat_control_v180_c760_seed3301,random_3sat_control,non_symmetric_control,large,control,none,180,760,10.0,5.0,iter=115,0.498788,0.498788,27442.0,23617.0,True,0.185972,0.185972,10470.0,8910.0,True,0.008923,0.1645023285369873,693.0,567.0,True,0.008923,0.1698466233068704,693.0,567.0,True,0.648449,0.8856908873144389,42529.0,37408.0,True,False,False,0.003692,3.0,28.0,430.4636840820313,180,1.0986123085021973,True,0.0763182640075683,0.639526,0.7158442640075685,0.149661,0.3869028873144389,41836.0,36841.0,-0.312816,-0.177049,False,False,False,False,True,True
3,115.0,/home/sunshixin/chenchao/my_rlaf/runs/analysis/echosat_symmetry_grpo_v1_7_acceptance_iter=115_canonical_low_warmup_wc3_per_instance.csv,2,random_3sat_control_v180_c760_seed3301,perm_seed1730,random_3sat_control_v180_c760_seed3301_perm1730,random_3sat_control,non_symmetric_control,large,control,none,180,760,10.0,5.0,iter=115,1.05451,1.05451,47649.0,41152.0,True,0.091148,0.091148,7421.0,6253.0,True,0.00841,0.1639893285369873,643.0,525.0,True,0.00841,0.1691451677009463,643.0,525.0,True,0.585468,0.8225214317085147,39152.0,34393.0,True,False,False,0.00359,3.0,28.0,431.2578125,180,1.0986123085021973,True,0.0763182640075683,0.577058,0.6533762640075684,-0.469042,-0.2319885682914854,38509.0,33868.0,-0.963362,-0.082738,False,True,True,False,True,True
3,115.0,/home/sunshixin/chenchao/my_rlaf/runs/analysis/echosat_symmetry_grpo_v1_7_acceptance_iter=115_canonical_low_warmup_wc3_per_instance.csv,2,random_3sat_control_v180_c760_seed3301,perm_seed1731,random_3sat_control_v180_c760_seed3301_perm1731,random_3sat_control,non_symmetric_control,large,control,none,180,760,10.0,5.0,iter=115,0.494131,0.494131,27197.0,23469.0,True,0.132667,0.132667,9011.0,7714.0,True,0.008101,0.1636803285369873,590.0,484.0,True,0.008101,0.1700827739486098,590.0,484.0,True,0.149219,0.3875190379561781,12380.0,10712.0,True,False,False,0.004964,3.0,28.0,430.8958129882813,180,1.0986123085021973,True,0.0763182640075683,0.141118,0.2174362640075683,-0.344912,-0.1066119620438219,11790.0,10228.0,-0.361464,-0.124566,False,True,True,False,True,True
3,115.0,/home/sunshixin/chenchao/my_rlaf/runs/analysis/echosat_symmetry_grpo_v1_7_acceptance_iter=115_canonical_low_warmup_wc3_per_instance.csv,2,random_3sat_control_v220_c928_seed3303,base,random_3sat_control_v220_c928_seed3303,random_3sat_control,non_symmetric_control,large,control,none,220,928,10.0,5.0,iter=115,0.725069,0.725069,30277.0,25994.0,True,0.476607,0.476607,22265.0,19025.0,True,0.004326,0.1599053285369873,62.0,4.0,True,0.004326,0.1656611020643711,62.0,4.0,True,0.004459,0.2421123660719394,334.0,228.0,True,False,False,0.004126,3.0,39.0,455.798828125,220,1.0986123085021973,True,0.0763182640075683,0.000133,0.0764512640075683,-0.72061,-0.4829566339280605,272.0,224.0,-0.2484619999999999,-0.472281,False,True,True,False,True,True
3,115.0,/home/sunshixin/chenchao/my_rlaf/runs/analysis/echosat_symmetry_grpo_v1_7_acceptance_iter=115_canonical_low_warmup_wc3_per_instance.csv,2,random_3sat_control_v220_c928_seed3303,perm_seed1730,random_3sat_control_v220_c928_seed3303_perm1730,random_3sat_control,non_symmetric_control,large,control,none,220,928,10.0,5.0,iter=115,1.42468,1.42468,52742.0,45477.0,True,0.245131,0.245131,13039.0,11071.0,True,0.004301,0.1598803285369873,62.0,4.0,True,0.004301,0.1656445333997011,62.0,4.0,True,0.006498,0.2441597974072694,349.0,246.0,True,False,False,0.0043,3.0,39.0,453.5053405761719,220,1.0986123085021973,True,0.0763182640075683,0.002197,0.0785152640075683,-1.418182,-1.1805202025927306,287.0,242.0,-1.179549,-0.24083,False,True,True,False,True,True
3,115.0,/home/sunshixin/chenchao/my_rlaf/runs/analysis/echosat_symmetry_grpo_v1_7_acceptance_iter=115_canonical_low_warmup_wc3_per_instance.csv,2,random_3sat_control_v220_c928_seed3303,perm_seed1731,random_3sat_control_v220_c928_seed3303_perm1731,random_3sat_control,non_symmetric_control,large,control,none,220,928,10.0,5.0,iter=115,0.05664,0.05664,4930.0,4147.0,True,0.380356,0.380356,19684.0,16814.0,True,0.004062,0.1596413285369873,63.0,4.0,True,0.004062,0.1629662714880705,63.0,4.0,True,0.008763,0.2439855354956388,337.0,216.0,True,False,False,0.001858,3.0,39.0,458.748046875,220,1.0986123085021973,True,0.0763182640075683,0.004701,0.0810192640075683,-0.047877,0.1873455354956388,274.0,212.0,0.323716,-0.376294,False,True,False,False,True,True
3,115.0,/home/sunshixin/chenchao/my_rlaf/runs/analysis/echosat_symmetry_grpo_v1_7_acceptance_iter=115_canonical_low_warmup_wc3_per_instance.csv,2,random_3sat_control_v220_c942_seed3304,base,random_3sat_control_v220_c942_seed3304,random_3sat_control,non_symmetric_control,large,control,none,220,942,10.0,5.0,iter=115,0.652577,0.652577,35472.0,30813.0,True,0.994412,0.994412,41376.0,36046.0,True,0.443183,0.7309587549285889,26754.0,23980.0,True,0.443183,0.7384027101022601,26754.0,23980.0,True,0.629547,1.0210711267587542,39389.0,35200.0,True,False,False,0.006023,3.0,26.0,416.5282897949219,220,1.0986123085021973,True,0.0963044166564941,0.1863639999999999,0.2826684166564941,-0.0230299999999999,0.3684941267587542,12635.0,11220.0,0.341835,-0.551229,False,True,False,False,True,True
3,115.0,/home/sunshixin/chenchao/my_rlaf/runs/analysis/echosat_symmetry_grpo_v1_7_acceptance_iter=115_canonical_low_warmup_wc3_per_instance.csv,2,random_3sat_control_v220_c942_seed3304,perm_seed1730,random_3sat_control_v220_c942_seed3304_perm1730,random_3sat_control,non_symmetric_control,large,control,none,220,942,10.0,5.0,iter=115,0.656152,0.656152,34825.0,30052.0,True,0.618341,0.618341,33221.0,28818.0,True,0.467047,0.7548227549285889,26445.0,23804.0,True,0.467047,0.761346259321332,26445.0,23804.0,True,0.654051,1.044654675977826,42055.0,37683.0,True,False,False,0.005014,3.0,26.0,423.32037353515625,220,1.0986123085021973,True,0.0963044166564941,0.187004,0.2833084166564938,-0.0021009999999999,0.3885026759778259,15610.0,13879.0,-0.0378109999999999,-0.151294,False,True,False,False,True,True
3,115.0,/home/sunshixin/chenchao/my_rlaf/runs/analysis/echosat_symmetry_grpo_v1_7_acceptance_iter=115_canonical_low_warmup_wc3_per_instance.csv,2,random_3sat_control_v220_c942_seed3304,perm_seed1731,random_3sat_control_v220_c942_seed3304_perm1731,random_3sat_control,non_symmetric_control,large,control,none,220,942,10.0,5.0,iter=115,0.719886,0.719886,38737.0,33758.0,True,0.946159,0.946159,38909.0,33544.0,True,0.423241,0.7110167549285888,26149.0,23448.0,True,0.423241,0.71606731831038,26149.0,23448.0,True,0.635234,1.024364734966874,39837.0,35656.0,True,False,False,0.003683,3.0,26.0,418.775390625,220,1.0986123085021973,True,0.0963044166564941,0.211993,0.3082974166564941,-0.084652,0.304478734966874,13688.0,12208.0,0.2262729999999999,-0.522918,False,True,False,False,True,True
3,115.0,/home/sunshixin/chenchao/my_rlaf/runs/analysis/echosat_symmetry_grpo_v1_7_acceptance_iter=115_canonical_low_warmup_wc3_per_instance.csv,2,random_3sat_control_v260_c1097_seed3305,base,random_3sat_control_v260_c1097_seed3305,random_3sat_control,non_symmetric_control,large,control,none,260,1097,10.0,5.0,iter=115,6.76833,6.76833,216854.0,188499.0,True,2.36037,2.36037,73626.0,64181.0,True,1.62042,1.9081957549285888,60642.0,54350.0,True,1.62042,1.913166519979477,60642.0,54350.0,True,0.453379,0.8424299366359711,26462.0,23255.0,True,False,False,0.003384,3.0,35.0,492.83697509765625,260,1.0986123085021973,True,0.0963044166564941,-1.167041,-1.070736583343506,-6.314951,-5.925900063364029,-34180.0,-31095.0,-4.407959999999999,-0.7399500000000001,True,True,True,True,False,True
3,115.0,/home/sunshixin/chenchao/my_rlaf/runs/analysis/echosat_symmetry_grpo_v1_7_acceptance_iter=115_canonical_low_warmup_wc3_per_instance.csv,2,random_3sat_control_v260_c1097_seed3305,perm_seed1730,random_3sat_control_v260_c1097_seed3305_perm1730,random_3sat_control,non_symmetric_control,large,control,none,260,1097,10.0,5.0,iter=115,7.28667,7.28667,224505.0,195557.0,True,0.627196,0.627196,27246.0,23387.0,True,1.61732,1.905095754928589,60686.0,54724.0,True,1.61732,1.9134488691885472,60686.0,54724.0,True,0.624032,1.0164652858450414,33862.0,29743.0,True,False,False,0.006832,3.0,35.0,494.8829650878906,260,1.0986123085021973,True,0.0963044166564941,-0.993288,-0.8969835833435058,-6.662638,-6.270204714154959,-26824.0,-24981.0,-6.659474,0.990124,True,True,True,True,False,True
3,115.0,/home/sunshixin/chenchao/my_rlaf/runs/analysis/echosat_symmetry_grpo_v1_7_acceptance_iter=115_canonical_low_warmup_wc3_per_instance.csv,2,random_3sat_control_v260_c1097_seed3305,perm_seed1731,random_3sat_control_v260_c1097_seed3305_perm1731,random_3sat_control,non_symmetric_control,large,control,none,260,1097,10.0,5.0,iter=115,3.85988,3.85988,105916.0,92052.0,True,5.45885,5.45885,162997.0,142194.0,True,1.10281,1.390585754928589,48534.0,43247.0,True,1.10281,1.3989219615385533,48534.0,43247.0,True,0.855016,1.2474323781950474,44541.0,39321.0,True,False,False,0.006826,3.0,35.0,493.7220764160156,260,1.0986123085021973,True,0.0963044166564941,-0.247794,-0.1514895833435059,-3.004864,-2.612447621804953,-3993.0,-3926.0,1.59897,-4.35604,True,True,True,True,False,True
3,115.0,/home/sunshixin/chenchao/my_rlaf/runs/analysis/echosat_symmetry_grpo_v1_7_acceptance_iter=115_canonical_low_warmup_wc3_per_instance.csv,2,random_3sat_control_v260_c1113_seed3306,base,random_3sat_control_v260_c1113_seed3306,random_3sat_control,non_symmetric_control,large,control,none,260,1113,10.0,5.0,iter=115,5.5045,5.5045,178146.0,155541.0,True,5.98599,5.98599,186876.0,163308.0,True,6.33629,6.624065754928589,226200.0,205404.0,True,6.33629,6.629322978562117,226200.0,205404.0,True,6.55132,6.940657395218611,264353.0,233153.0,True,False,False,0.00356,3.0,34.0,480.0674743652344,260,0.6931471824645996,True,0.0963044166564941,0.2150299999999996,0.3113344166564937,1.0468199999999994,1.4361573952186104,38153.0,27749.0,0.48149,0.3502999999999998,False,False,False,False,True,True
3,115.0,/home/sunshixin/chenchao/my_rlaf/runs/analysis/echosat_symmetry_grpo_v1_7_acceptance_iter=115_canonical_low_warmup_wc3_per_instance.csv,2,random_3sat_control_v260_c1113_seed3306,perm_seed1730,random_3sat_control_v260_c1113_seed3306_perm1730,random_3sat_control,non_symmetric_control,large,control,none,260,1113,10.0,5.0,iter=115,4.8631,4.8631,171334.0,149746.0,True,6.72139,6.72139,206936.0,180741.0,True,5.84197,6.129745754928589,206101.0,186162.0,True,5.84197,6.137940303567946,206101.0,186162.0,True,6.33081,6.72308472022444,256383.0,226098.0,True,False,False,0.006745,3.0,34.0,478.7396240234375,260,0.6931471824645996,True,0.0963044166564941,0.4888399999999997,0.5851444166564939,1.4677099999999994,1.85998472022444,50282.0,39936.0,1.85829,-0.8794200000000005,False,False,False,False,True,True
3,115.0,/home/sunshixin/chenchao/my_rlaf/runs/analysis/echosat_symmetry_grpo_v1_7_acceptance_iter=115_canonical_low_warmup_wc3_per_instance.csv,2,random_3sat_control_v260_c1113_seed3306,perm_seed1731,random_3sat_control_v260_c1113_seed3306_perm1731,random_3sat_control,non_symmetric_control,large,control,none,260,1113,10.0,5.0,iter=115,6.40214,6.40214,202621.0,177648.0,True,6.80295,6.80295,214985.0,187707.0,True,6.20878,6.384960362701416,217745.0,196903.0,True,6.20878,6.389981235562861,217745.0,196903.0,True,6.05326,6.30262463049084,254755.0,224313.0,True,False,False,0.003555,3.0,34.0,481.5274658203125,260,0.6931471824645996,True,0.0681633949279785,-0.1555200000000001,-0.0873566050720215,-0.3488800000000003,-0.0995153695091604,37010.0,27410.0,0.4008099999999999,-0.5941700000000001,True,True,True,False,True,True
3,115.0,/home/sunshixin/chenchao/my_rlaf/runs/analysis/echosat_symmetry_grpo_v1_7_acceptance_iter=115_canonical_low_warmup_wc3_per_instance.csv,2,random_3sat_control_v300_c1266_seed3307,base,random_3sat_control_v300_c1266_seed3307,random_3sat_control,non_symmetric_control,large,control,none,300,1266,10.0,5.0,iter=115,0.217118,0.217118,12894.0,10895.0,True,2.49424,2.49424,71356.0,61376.0,True,0.009452,0.185632362701416,288.0,182.0,True,0.009452,0.1905669069775938,288.0,182.0,True,0.044221,0.2934993019055724,3076.0,2489.0,True,False,False,0.003263,3.0,48.0,628.0397338867188,300,1.0986123085021973,True,0.0681633949279785,0.034769,0.1029323949279786,-0.172897,0.0763813019055723,2788.0,2307.0,2.277122,-2.484788,False,True,False,False,True,True
3,115.0,/home/sunshixin/chenchao/my_rlaf/runs/analysis/echosat_symmetry_grpo_v1_7_acceptance_iter=115_canonical_low_warmup_wc3_per_instance.csv,2,random_3sat_control_v300_c1266_seed3307,perm_seed1730,random_3sat_control_v300_c1266_seed3307_perm1730,random_3sat_control,non_symmetric_control,large,control,none,300,1266,10.0,5.0,iter=115,1.27906,1.27906,43103.0,37339.0,True,2.164,2.164,63498.0,54506.0,True,0.006973,0.183153362701416,321.0,205.0,True,0.006973,0.191913081913948,321.0,205.0,True,0.038549,0.2916524768419266,2712.0,2153.0,True,False,False,0.007108,3.0,48.0,619.230712890625,300,1.0986123085021973,True,0.0681633949279785,0.031576,0.0997393949279785,-1.240511,-0.9874075231580736,2391.0,1948.0,0.8849400000000001,-2.157027,False,True,True,False,True,True
3,115.0,/home/sunshixin/chenchao/my_rlaf/runs/analysis/echosat_symmetry_grpo_v1_7_acceptance_iter=115_canonical_low_warmup_wc3_per_instance.csv,2,random_3sat_control_v300_c1266_seed3307,perm_seed1731,random_3sat_control_v300_c1266_seed3307_perm1731,random_3sat_control,non_symmetric_control,large,control,none,300,1266,10.0,5.0,iter=115,2.08532,2.08532,66962.0,57424.0,True,0.116202,0.116202,7524.0,6304.0,True,0.009543,0.185723362701416,375.0,247.0,True,0.009543,0.194530276289463,375.0,247.0,True,0.036417,0.2895676712174415,2340.0,1888.0,True,False,False,0.00716,3.0,48.0,626.5236206054688,300,1.0986123085021973,True,0.0681633949279785,0.026874,0.0950373949279784,-2.048903,-1.7957523287825583,1965.0,1641.0,-1.969118,-0.106659,False,True,True,False,True,True
3,115.0,/home/sunshixin/chenchao/my_rlaf/runs/analysis/echosat_symmetry_grpo_v1_7_acceptance_iter=115_canonical_low_warmup_wc3_per_instance.csv,2,subset_cardinality_bw10,base,subset_cardinality_bw10,subset_cardinality,weak_symmetry,large,main,weak,41,92,10.0,5.0,iter=115,0.001552,0.001552,193.0,141.0,True,0.004498,0.004498,237.0,193.0,True,0.001706,0.177886362701416,162.0,142.0,True,0.001706,0.1809462754044533,162.0,142.0,True,0.000622,0.2480256703324318,188.0,155.0,True,True,True,0.001835,3.0,8.0,94.86821746826172,41,1.0986123085021973,True,0.0681633949279785,-0.001084,0.0670793949279785,-0.0009299999999999,0.2464736703324318,26.0,13.0,0.002946,-0.002792,True,True,False,False,True,False
3,115.0,/home/sunshixin/chenchao/my_rlaf/runs/analysis/echosat_symmetry_grpo_v1_7_acceptance_iter=115_canonical_low_warmup_wc3_per_instance.csv,2,subset_cardinality_bw10,perm_seed1730,subset_cardinality_bw10_perm1730,subset_cardinality,weak_symmetry,large,main,weak,41,92,10.0,5.0,iter=115,0.001265,0.001265,218.0,167.0,True,0.002026,0.002026,221.0,169.0,True,0.001672,0.177852362701416,156.0,137.0,True,0.001672,0.1792252038882374,156.0,137.0,True,0.000436,0.2461525988162159,176.0,144.0,True,True,True,0.0,3.0,10.0,98.69181823730467,41,1.0986123085021973,True,0.0681633949279785,-0.001236,0.0669273949279785,-0.000829,0.2448875988162159,20.0,7.0,0.000761,-0.0003539999999999,True,True,False,False,True,False
3,115.0,/home/sunshixin/chenchao/my_rlaf/runs/analysis/echosat_symmetry_grpo_v1_7_acceptance_iter=115_canonical_low_warmup_wc3_per_instance.csv,2,subset_cardinality_bw10,perm_seed1731,subset_cardinality_bw10_perm1731,subset_cardinality,weak_symmetry,large,main,weak,41,92,10.0,5.0,iter=115,0.001433,0.001433,202.0,147.0,True,0.00276,0.00276,247.0,155.0,True,0.001999,0.178179362701416,203.0,164.0,True,0.001999,0.1820619978963136,203.0,164.0,True,0.001876,0.2501023928242922,196.0,141.0,True,True,True,0.001829,3.0,7.0,87.48927307128906,41,1.0986123085021973,True,0.0681633949279785,-0.0001229999999999,0.0680403949279785,0.000443,0.2486693928242922,-7.0,-23.0,0.0013269999999999,-0.000761,True,False,False,True,False,False
3,115.0,/home/sunshixin/chenchao/my_rlaf/runs/analysis/echosat_symmetry_grpo_v1_7_acceptance_iter=115_canonical_low_warmup_wc3_per_instance.csv,2,subset_cardinality_bw12,base,subset_cardinality_bw12,subset_cardinality,weak_symmetry,large,main,weak,49,108,10.0,5.0,iter=115,0.001834,0.001834,442.0,342.0,True,0.000414,0.000414,491.0,414.0,True,0.003034,0.179214362701416,384.0,312.0,True,0.003034,0.1817406818429231,384.0,312.0,True,0.000544,0.2474140767709016,421.0,308.0,True,True,True,0.000517,3.0,12.0,104.73371887207033,49,0.6931471824645996,True,0.0681633949279785,-0.00249,0.0656733949279785,-0.00129,0.2455800767709016,37.0,-4.0,-0.0014199999999999,0.00262,True,True,False,False,True,False
3,115.0,/home/sunshixin/chenchao/my_rlaf/runs/analysis/echosat_symmetry_grpo_v1_7_acceptance_iter=115_canonical_low_warmup_wc3_per_instance.csv,2,subset_cardinality_bw12,perm_seed1730,subset_cardinality_bw12_perm1730,subset_cardinality,weak_symmetry,large,main,weak,49,108,10.0,5.0,iter=115,0.0,0.0,440.0,329.0,True,0.002164,0.002164,397.0,314.0,True,0.002966,0.1525684131774902,343.0,268.0,True,0.002966,0.1550207664344906,343.0,268.0,True,0.002189,0.1847332111671566,385.0,317.0,True,True,True,0.001436,3.0,9.0,101.82083892822266,49,1.0986123085021973,True,0.030489444732666,-0.0007769999999999,0.029712444732666,0.002189,0.1847332111671566,42.0,49.0,0.002164,0.0008019999999999,True,False,False,False,True,False
3,115.0,/home/sunshixin/chenchao/my_rlaf/runs/analysis/echosat_symmetry_grpo_v1_7_acceptance_iter=115_canonical_low_warmup_wc3_per_instance.csv,2,subset_cardinality_bw12,perm_seed1731,subset_cardinality_bw12_perm1731,subset_cardinality,weak_symmetry,large,main,weak,49,108,10.0,5.0,iter=115,0.001722,0.001722,393.0,297.0,True,0.002027,0.002027,439.0,311.0,True,0.002597,0.1521994131774902,363.0,285.0,True,0.002597,0.1555072885105013,363.0,285.0,True,0.002247,0.1856467332431674,348.0,296.0,True,True,True,0.002343,3.0,11.0,104.3914794921875,49,1.0986123085021973,True,0.030489444732666,-0.00035,0.0301394447326661,0.0005249999999999,0.1839247332431674,-15.0,11.0,0.000305,0.0005699999999999,True,False,False,False,True,False
3,115.0,/home/sunshixin/chenchao/my_rlaf/runs/analysis/echosat_symmetry_grpo_v1_7_acceptance_iter=115_canonical_low_warmup_wc3_per_instance.csv,2,subset_cardinality_bw8,base,subset_cardinality_bw8,subset_cardinality,weak_symmetry,medium,main,weak,33,76,10.0,5.0,iter=115,0.000889,0.000889,89.0,67.0,True,0.001151,0.001151,106.0,76.0,True,0.001666,0.1512684131774902,84.0,69.0,True,0.001666,0.1537244196137785,84.0,69.0,True,0.001518,0.1840658643464446,94.0,76.0,True,True,True,0.001519,3.0,13.0,75.20963287353516,33,1.0986123085021973,True,0.030489444732666,-0.0001479999999999,0.030341444732666,0.000629,0.1831768643464446,10.0,7.0,0.0002619999999999,0.000515,True,False,False,False,True,False
3,115.0,/home/sunshixin/chenchao/my_rlaf/runs/analysis/echosat_symmetry_grpo_v1_7_acceptance_iter=115_canonical_low_warmup_wc3_per_instance.csv,2,subset_cardinality_bw8,perm_seed1730,subset_cardinality_bw8_perm1730,subset_cardinality,weak_symmetry,medium,main,weak,33,76,10.0,5.0,iter=115,0.000388,0.000388,110.0,76.0,True,0.000274,0.000274,127.0,80.0,True,0.001332,0.1509344131774902,100.0,79.0,True,0.001332,0.154058060129702,100.0,79.0,True,0.001496,0.1847115048623681,119.0,76.0,True,True,True,0.002125,3.0,15.0,80.51530456542969,33,1.0986123085021973,True,0.030489444732666,0.0001639999999999,0.030653444732666,0.001108,0.1843235048623681,19.0,-3.0,-0.000114,0.001058,False,False,False,False,True,False
3,115.0,/home/sunshixin/chenchao/my_rlaf/runs/analysis/echosat_symmetry_grpo_v1_7_acceptance_iter=115_canonical_low_warmup_wc3_per_instance.csv,2,subset_cardinality_bw8,perm_seed1731,subset_cardinality_bw8_perm1731,subset_cardinality,weak_symmetry,medium,main,weak,33,76,10.0,5.0,iter=115,0.001029,0.001029,91.0,70.0,True,0.001197,0.001197,102.0,79.0,True,0.001328,0.1509304131774902,81.0,70.0,True,0.001328,0.1531720942216515,81.0,70.0,True,0.001305,0.1836385389543175,91.0,76.0,True,True,True,0.001016,3.0,12.0,79.57261657714844,33,1.0986123085021973,True,0.030489444732666,-2.3000000000000017e-05,0.0304664447326659,0.000276,0.1826095389543175,10.0,6.0,0.0001679999999999,0.000131,True,False,False,False,True,False
1,inf,/home/sunshixin/chenchao/my_rlaf/runs/analysis/echosat_symmetry_grpo_v1_7_acceptance_v1_2_iter15_canonical_low_warmup_wc1_per_instance.csv,0,k10_color9,base,k10_color9,complete_coloring,strong_symmetry,large,main,strong,90,775,10.0,5.0,v1_2_iter15,4.27509,4.27509,340861.0,314066.0,True,4.18607,4.18607,322229.0,299168.0,True,4.08472,4.409943445892334,321840.0,298649.0,True,4.08472,4.415079364074588,321840.0,298649.0,True,2.95952,3.3517237129820585,234018.0,217098.0,True,True,True,0.003222,1.0,8.0,136.93209838867188,90,0.6931471824645996,True,0.0618443489074707,-1.1252,-1.0633556510925293,-1.3155699999999997,-0.9233662870179412,-87822.0,-81551.0,-0.0890199999999996,-0.10135,True,True,True,True,False,False
1,inf,/home/sunshixin/chenchao/my_rlaf/runs/analysis/echosat_symmetry_grpo_v1_7_acceptance_v1_2_iter15_canonical_low_warmup_wc1_per_instance.csv,0,k10_color9,perm_seed1730,k10_color9_perm1730,complete_coloring,strong_symmetry,large,main,strong,90,775,10.0,5.0,v1_2_iter15,5.07886,5.07886,413643.0,382655.0,True,4.24481,4.24481,283792.0,262594.0,True,3.89371,4.218933445892334,247778.0,229737.0,True,3.89371,4.2238246540554165,247778.0,229737.0,True,4.41898,4.810939002962888,293797.0,275194.0,True,True,True,0.003758,1.0,8.0,136.98228454589844,90,0.6931471824645996,True,0.0618443489074707,0.5252700000000003,0.5871143489074715,-0.6598799999999994,-0.2679209970371117,46019.0,45457.0,-0.8340499999999995,-0.3511000000000002,False,True,True,False,True,False
1,inf,/home/sunshixin/chenchao/my_rlaf/runs/analysis/echosat_symmetry_grpo_v1_7_acceptance_v1_2_iter15_canonical_low_warmup_wc1_per_instance.csv,0,k10_color9,perm_seed1731,k10_color9_perm1731,complete_coloring,strong_symmetry,large,main,strong,90,775,10.0,5.0,v1_2_iter15,4.18717,4.18717,340033.0,312592.0,True,4.10458,4.10458,290369.0,269757.0,True,4.10783,4.433053445892334,290369.0,269757.0,True,4.10783,4.441517657019258,290369.0,269757.0,True,4.09227,4.487802005926729,274350.0,258764.0,True,True,True,0.007431,1.0,8.0,137.00555419921875,90,0.6931471824645996,True,0.0618443489074707,-0.0155599999999997,0.0462843489074709,-0.0948999999999999,0.3006320059267287,-16019.0,-10993.0,-0.0825899999999997,0.0032499999999995,True,True,False,True,False,False
1,inf,/home/sunshixin/chenchao/my_rlaf/runs/analysis/echosat_symmetry_grpo_v1_7_acceptance_v1_2_iter15_canonical_low_warmup_wc1_per_instance.csv,0,k8_color7,base,k8_color7,complete_coloring,strong_symmetry,large,main,strong,56,372,10.0,5.0,v1_2_iter15,0.064908,0.064908,6158.0,5600.0,True,0.040283,0.040283,5946.0,5440.0,True,0.043106,0.3683294458923339,5946.0,5440.0,True,0.043106,0.3722479318443537,5946.0,5440.0,True,0.040448,0.4314342807518244,5995.0,5516.0,True,True,True,0.002935,1.0,6.0,84.73548889160156,56,0.6931471824645996,True,0.0618443489074707,-0.002658,0.0591863489074707,-0.0244599999999999,0.3665262807518243,49.0,76.0,-0.0246249999999999,0.0028229999999999,True,True,False,False,True,False
1,inf,/home/sunshixin/chenchao/my_rlaf/runs/analysis/echosat_symmetry_grpo_v1_7_acceptance_v1_2_iter15_canonical_low_warmup_wc1_per_instance.csv,0,k8_color7,perm_seed1730,k8_color7_perm1730,complete_coloring,strong_symmetry,large,main,strong,56,372,10.0,5.0,v1_2_iter15,0.045268,0.045268,6138.0,5624.0,True,0.047884,0.047884,6264.0,5696.0,True,0.045451,0.370674445892334,6264.0,5696.0,True,0.045451,0.3716355540223122,6264.0,5696.0,True,0.04254,0.4305689029297829,5895.0,5403.0,True,True,True,3.1e-05,1.0,6.0,84.79159545898438,56,0.6931471824645996,True,0.0618443489074707,-0.0029109999999999,0.0589333489074707,-0.002728,0.3853009029297829,-369.0,-293.0,0.002616,-0.002433,True,True,False,True,False,False
1,inf,/home/sunshixin/chenchao/my_rlaf/runs/analysis/echosat_symmetry_grpo_v1_7_acceptance_v1_2_iter15_canonical_low_warmup_wc1_per_instance.csv,0,k8_color7,perm_seed1731,k8_color7_perm1731,complete_coloring,strong_symmetry,large,main,strong,56,372,10.0,5.0,v1_2_iter15,0.034356,0.034356,5800.0,5271.0,True,0.056261,0.056261,6148.0,5641.0,True,0.054774,0.379997445892334,6148.0,5641.0,True,0.054774,0.3849130591918826,6148.0,5641.0,True,0.036073,0.4280564080993533,6048.0,5528.0,True,True,True,0.003964,1.0,6.0,84.7841796875,56,0.6931471824645996,True,0.0618443489074707,-0.018701,0.0431433489074706,0.001717,0.3937004080993533,-100.0,-113.0,0.021905,-0.0014869999999999,True,False,False,True,False,False
1,inf,/home/sunshixin/chenchao/my_rlaf/runs/analysis/echosat_symmetry_grpo_v1_7_acceptance_v1_2_iter15_canonical_low_warmup_wc1_per_instance.csv,0,k9_color8,base,k9_color8,complete_coloring,strong_symmetry,large,main,strong,72,549,10.0,5.0,v1_2_iter15,0.671655,0.671655,46557.0,43529.0,True,0.642575,0.642575,44352.0,41138.0,True,0.561666,0.886889445892334,43519.0,40436.0,True,0.561666,0.8917072397835255,43519.0,40436.0,True,0.546904,0.938789588690996,42086.0,39187.0,True,True,True,0.003816,1.0,7.0,109.32144165039062,72,0.6931471824645996,True,0.0618443489074707,-0.014762,0.0470823489074705,-0.124751,0.267134588690996,-1433.0,-1249.0,-0.0290799999999999,-0.080909,True,True,False,True,False,False
1,inf,/home/sunshixin/chenchao/my_rlaf/runs/analysis/echosat_symmetry_grpo_v1_7_acceptance_v1_2_iter15_canonical_low_warmup_wc1_per_instance.csv,0,k9_color8,perm_seed1730,k9_color8_perm1730,complete_coloring,strong_symmetry,large,main,strong,72,549,10.0,5.0,v1_2_iter15,0.457205,0.457205,39708.0,36681.0,True,0.67099,0.67099,45794.0,42555.0,True,0.711998,1.037221445892334,45794.0,42555.0,True,0.711998,1.0407656893382071,45794.0,42555.0,True,0.464062,0.8546740382456779,44807.0,41502.0,True,True,True,0.002578,1.0,7.0,109.58531951904295,72,0.6931471824645996,True,0.0618443489074707,-0.247936,-0.1860916510925292,0.006857,0.3974690382456779,-987.0,-1053.0,0.213785,0.041008,True,False,False,True,False,False
1,inf,/home/sunshixin/chenchao/my_rlaf/runs/analysis/echosat_symmetry_grpo_v1_7_acceptance_v1_2_iter15_canonical_low_warmup_wc1_per_instance.csv,0,k9_color8,perm_seed1731,k9_color8_perm1731,complete_coloring,strong_symmetry,large,main,strong,72,549,10.0,5.0,v1_2_iter15,0.605055,0.605055,47177.0,43763.0,True,0.687067,0.687067,47579.0,44103.0,True,0.74898,1.2896720909881592,47579.0,44103.0,True,0.74898,1.2945530152035951,47579.0,44103.0,True,0.516636,1.1343299201260804,44246.0,41050.0,True,True,True,0.003887,1.0,7.0,109.56788635253906,72,0.6931471824645996,True,0.0721209049224853,-0.232344,-0.1602230950775147,-0.088419,0.5292749201260804,-3333.0,-3053.0,0.0820119999999999,0.0619129999999999,True,True,False,True,False,False
1,inf,/home/sunshixin/chenchao/my_rlaf/runs/analysis/echosat_symmetry_grpo_v1_7_acceptance_v1_2_iter15_canonical_low_warmup_wc1_per_instance.csv,0,php_p10_h9,base,php_p10_h9,php,strong_symmetry,large,main,strong,90,775,10.0,5.0,v1_2_iter15,4.25526,4.25526,340861.0,314066.0,True,4.15039,4.15039,322229.0,299168.0,True,4.24097,4.781662090988159,321840.0,298649.0,True,4.24097,4.791515204952956,321840.0,298649.0,True,2.95929,3.5819561098754407,234018.0,217098.0,True,True,True,0.00886,1.0,8.0,136.93209838867188,90,0.6931471824645996,True,0.0721209049224853,-1.2816799999999997,-1.2095590950775157,-1.2959699999999996,-0.6733038901245592,-87822.0,-81551.0,-0.10487,0.0905800000000001,True,True,True,True,False,False
1,inf,/home/sunshixin/chenchao/my_rlaf/runs/analysis/echosat_symmetry_grpo_v1_7_acceptance_v1_2_iter15_canonical_low_warmup_wc1_per_instance.csv,0,php_p10_h9,perm_seed1730,php_p10_h9_perm1730,php,strong_symmetry,large,main,strong,90,775,10.0,5.0,v1_2_iter15,4.97561,4.97561,413643.0,382655.0,True,4.22157,4.22157,283792.0,262594.0,True,3.70616,4.24685209098816,247778.0,229737.0,True,3.70616,4.256704623959958,247778.0,229737.0,True,3.81862,4.441285528882444,262949.0,244730.0,True,True,True,0.00884,1.0,8.0,136.98228454589844,90,0.6931471824645996,True,0.0721209049224853,0.11246,0.1845809049224858,-1.1569899999999995,-0.5343244711175554,15171.0,14993.0,-0.7540399999999998,-0.5154099999999997,False,True,True,False,True,False
1,inf,/home/sunshixin/chenchao/my_rlaf/runs/analysis/echosat_symmetry_grpo_v1_7_acceptance_v1_2_iter15_canonical_low_warmup_wc1_per_instance.csv,0,php_p10_h9,perm_seed1731,php_p10_h9_perm1731,php,strong_symmetry,large,main,strong,90,775,10.0,5.0,v1_2_iter15,4.1505,4.1505,340033.0,312592.0,True,4.10353,4.10353,290369.0,269757.0,True,3.92086,4.461552090988159,290369.0,269757.0,True,3.92086,4.469958853305757,290369.0,269757.0,True,4.10152,4.722739758228242,274350.0,258764.0,True,True,True,0.007393,1.0,8.0,137.00555419921875,90,0.6931471824645996,True,0.0721209049224853,0.18066,0.2527809049224849,-0.0489800000000002,0.5722397582282417,-16019.0,-10993.0,-0.0469699999999999,-0.1826700000000003,False,True,False,True,False,False
1,inf,/home/sunshixin/chenchao/my_rlaf/runs/analysis/echosat_symmetry_grpo_v1_7_acceptance_v1_2_iter15_canonical_low_warmup_wc1_per_instance.csv,0,php_p9_h8,base,php_p9_h8,php,strong_symmetry,large,main,strong,72,549,10.0,5.0,v1_2_iter15,0.715622,0.715622,46557.0,43529.0,True,0.635176,0.635176,44352.0,41138.0,True,0.550411,1.0911030909881592,43519.0,40436.0,True,0.550411,1.0971157892175911,43519.0,40436.0,True,0.576806,1.1956316941400766,42086.0,39187.0,True,True,True,0.005068,1.0,7.0,109.32144165039062,72,0.6931471824645996,True,0.0721209049224853,0.026395,0.0985159049224855,-0.1388159999999999,0.4800096941400766,-1433.0,-1249.0,-0.080446,-0.0847649999999999,False,True,False,True,False,False
1,inf,/home/sunshixin/chenchao/my_rlaf/runs/analysis/echosat_symmetry_grpo_v1_7_acceptance_v1_2_iter15_canonical_low_warmup_wc1_per_instance.csv,0,php_p9_h8,perm_seed1730,php_p9_h8_perm1730,php,strong_symmetry,large,main,strong,72,549,10.0,5.0,v1_2_iter15,0.506702,0.506702,39708.0,36681.0,True,0.660076,0.660076,45794.0,42555.0,True,0.640453,1.1811450909881591,45794.0,42555.0,True,0.640453,1.1881405888069274,45794.0,42555.0,True,0.48304,1.1028484937294127,44807.0,41502.0,True,True,True,0.006013,1.0,7.0,109.58531951904295,72,0.6931471824645996,True,0.0721209049224853,-0.157413,-0.0852920950775146,-0.0236619999999999,0.5961464937294128,-987.0,-1053.0,0.153374,-0.0196229999999999,True,True,False,True,False,False
1,inf,/home/sunshixin/chenchao/my_rlaf/runs/analysis/echosat_symmetry_grpo_v1_7_acceptance_v1_2_iter15_canonical_low_warmup_wc1_per_instance.csv,0,php_p9_h8,perm_seed1731,php_p9_h8_perm1731,php,strong_symmetry,large,main,strong,72,549,10.0,5.0,v1_2_iter15,0.602252,0.602252,47177.0,43763.0,True,0.675261,0.675261,47579.0,44103.0,True,0.674857,1.2155490909881592,47579.0,44103.0,True,0.674857,1.221547810519397,47579.0,44103.0,True,0.526146,1.1449577154418826,44246.0,41050.0,True,True,True,0.005039,1.0,7.0,109.56788635253906,72,0.6931471824645996,True,0.0721209049224853,-0.148711,-0.0765900950775144,-0.076106,0.5427057154418826,-3333.0,-3053.0,0.0730089999999999,-0.0004039999999999,True,True,False,True,False,False
1,inf,/home/sunshixin/chenchao/my_rlaf/runs/analysis/echosat_symmetry_grpo_v1_7_acceptance_v1_2_iter15_canonical_low_warmup_wc1_per_instance.csv,0,random_3sat_control_v160_c704_seed2615,base,random_3sat_control_v160_c704_seed2615,random_3sat_control,non_symmetric_control,large,control,none,160,704,10.0,5.0,v1_2_iter15,0.072177,0.072177,6771.0,5767.0,True,0.052597,0.052597,5702.0,4813.0,True,0.04287,0.5835620909881591,4859.0,4212.0,True,0.04287,0.5871719076735973,4859.0,4212.0,True,0.056646,0.6730688125960826,5289.0,4519.0,True,False,False,0.002397,1.0,20.0,250.25311279296875,160,0.6931471824645996,True,0.0721209049224853,0.013776,0.0858969049224853,-0.015531,0.6008918125960826,430.0,307.0,-0.01958,-0.009727,False,True,False,False,True,True
1,inf,/home/sunshixin/chenchao/my_rlaf/runs/analysis/echosat_symmetry_grpo_v1_7_acceptance_v1_2_iter15_canonical_low_warmup_wc1_per_instance.csv,0,random_3sat_control_v160_c704_seed2615,perm_seed1730,random_3sat_control_v160_c704_seed2615_perm1730,random_3sat_control,non_symmetric_control,large,control,none,160,704,10.0,5.0,v1_2_iter15,0.094437,0.094437,8522.0,7299.0,True,0.080348,0.080348,7934.0,6809.0,True,0.052694,0.2247223031463623,4602.0,4008.0,True,0.052694,0.2264031589168906,4602.0,4008.0,True,0.050869,0.3039519954342246,5397.0,4621.0,True,False,False,0.000472,1.0,20.0,250.9976043701172,160,0.6931471824645996,True,0.0793738365173339,-0.001825,0.0775488365173339,-0.0435679999999999,0.2095149954342245,795.0,613.0,-0.0140889999999999,-0.027654,True,True,False,False,True,True
1,inf,/home/sunshixin/chenchao/my_rlaf/runs/analysis/echosat_symmetry_grpo_v1_7_acceptance_v1_2_iter15_canonical_low_warmup_wc1_per_instance.csv,0,random_3sat_control_v160_c704_seed2615,perm_seed1731,random_3sat_control_v160_c704_seed2615_perm1731,random_3sat_control,non_symmetric_control,large,control,none,160,704,10.0,5.0,v1_2_iter15,0.054222,0.054222,5676.0,4847.0,True,0.09121,0.09121,8017.0,6851.0,True,0.054873,0.2269013031463623,4961.0,4384.0,True,0.054873,0.2281189859922528,4961.0,4384.0,True,0.059229,0.3118488225095868,5754.0,4947.0,True,False,False,0.0,1.0,20.0,250.14382934570312,160,0.6931471824645996,True,0.0793738365173339,0.0043559999999999,0.0837298365173339,0.0050069999999999,0.2576268225095868,793.0,563.0,0.036988,-0.036337,False,False,False,False,True,True
1,inf,/home/sunshixin/chenchao/my_rlaf/runs/analysis/echosat_symmetry_grpo_v1_7_acceptance_v1_2_iter15_canonical_low_warmup_wc1_per_instance.csv,0,random_3sat_control_v180_c760_seed3301,base,random_3sat_control_v180_c760_seed3301,random_3sat_control,non_symmetric_control,large,control,none,180,760,10.0,5.0,v1_2_iter15,0.491754,0.491754,27442.0,23617.0,True,0.137851,0.137851,10470.0,8910.0,True,0.012583,0.1846113031463623,693.0,567.0,True,0.012583,0.1898660844207406,693.0,567.0,True,0.636068,0.8927249209380745,40481.0,35966.0,True,False,False,0.003953,1.0,25.0,290.802978515625,180,0.6931471824645996,True,0.0793738365173339,0.623485,0.7028588365173339,0.1443139999999999,0.4009709209380745,39788.0,35399.0,-0.353903,-0.125268,False,False,False,False,True,True
1,inf,/home/sunshixin/chenchao/my_rlaf/runs/analysis/echosat_symmetry_grpo_v1_7_acceptance_v1_2_iter15_canonical_low_warmup_wc1_per_instance.csv,0,random_3sat_control_v180_c760_seed3301,perm_seed1730,random_3sat_control_v180_c760_seed3301_perm1730,random_3sat_control,non_symmetric_control,large,control,none,180,760,10.0,5.0,v1_2_iter15,1.06991,1.06991,47649.0,41152.0,True,0.08795,0.08795,7421.0,6253.0,True,0.01636,0.1883883031463623,643.0,525.0,True,0.01636,0.1942221074569225,643.0,525.0,True,0.661658,0.9188939439742564,37207.0,32912.0,True,False,False,0.004595,1.0,25.0,292.0396728515625,180,0.6931471824645996,True,0.0793738365173339,0.6452979999999999,0.7246718365173339,-0.4082519999999999,-0.1510160560257435,36564.0,32387.0,-0.98196,-0.07159,False,True,True,False,True,True
1,inf,/home/sunshixin/chenchao/my_rlaf/runs/analysis/echosat_symmetry_grpo_v1_7_acceptance_v1_2_iter15_canonical_low_warmup_wc1_per_instance.csv,0,random_3sat_control_v180_c760_seed3301,perm_seed1731,random_3sat_control_v180_c760_seed3301_perm1731,random_3sat_control,non_symmetric_control,large,control,none,180,760,10.0,5.0,v1_2_iter15,0.49154,0.49154,27197.0,23469.0,True,0.125828,0.125828,9011.0,7714.0,True,0.007904,0.1799323031463623,590.0,484.0,True,0.007904,0.1865865443081259,590.0,484.0,True,0.709647,0.96770338082546,45474.0,40090.0,True,False,False,0.005407,1.0,25.0,291.0475769042969,180,0.6931471824645996,True,0.0793738365173339,0.701743,0.7811168365173341,0.218107,0.47616338082546,44884.0,39606.0,-0.365712,-0.117924,False,False,False,False,True,True
1,inf,/home/sunshixin/chenchao/my_rlaf/runs/analysis/echosat_symmetry_grpo_v1_7_acceptance_v1_2_iter15_canonical_low_warmup_wc1_per_instance.csv,0,random_3sat_control_v220_c928_seed3303,base,random_3sat_control_v220_c928_seed3303,random_3sat_control,non_symmetric_control,large,control,none,220,928,10.0,5.0,v1_2_iter15,0.724135,0.724135,30277.0,25994.0,True,0.533431,0.533431,22265.0,19025.0,True,0.00214,0.1741683031463623,62.0,4.0,True,0.00214,0.1802062580090165,62.0,4.0,True,0.006536,0.2639760945263505,338.0,241.0,True,False,False,0.004719,1.0,28.0,332.48345947265625,220,0.6931471824645996,True,0.0793738365173339,0.004396,0.083769836517334,-0.717599,-0.4601589054736494,276.0,237.0,-0.1907039999999999,-0.531291,False,True,True,False,True,True
1,inf,/home/sunshixin/chenchao/my_rlaf/runs/analysis/echosat_symmetry_grpo_v1_7_acceptance_v1_2_iter15_canonical_low_warmup_wc1_per_instance.csv,0,random_3sat_control_v220_c928_seed3303,perm_seed1730,random_3sat_control_v220_c928_seed3303_perm1730,random_3sat_control,non_symmetric_control,large,control,none,220,928,10.0,5.0,v1_2_iter15,1.43065,1.43065,52742.0,45477.0,True,0.235238,0.235238,13039.0,11071.0,True,0.003828,0.1758563031463623,62.0,4.0,True,0.003828,0.1824594761918187,62.0,4.0,True,0.013158,0.2711633127091527,334.0,226.0,True,False,False,0.005159,1.0,28.0,330.46795654296875,220,0.6931471824645996,True,0.0793738365173339,0.00933,0.088703836517334,-1.417492,-1.1594866872908471,272.0,222.0,-1.195412,-0.23141,False,True,True,False,True,True
1,inf,/home/sunshixin/chenchao/my_rlaf/runs/analysis/echosat_symmetry_grpo_v1_7_acceptance_v1_2_iter15_canonical_low_warmup_wc1_per_instance.csv,0,random_3sat_control_v220_c928_seed3303,perm_seed1731,random_3sat_control_v220_c928_seed3303_perm1731,random_3sat_control,non_symmetric_control,large,control,none,220,928,10.0,5.0,v1_2_iter15,0.056459,0.056459,4930.0,4147.0,True,0.4247,0.4247,19684.0,16814.0,True,0.007482,0.1795103031463623,63.0,4.0,True,0.007482,0.1833979288289547,63.0,4.0,True,0.006514,0.2618037653462887,347.0,245.0,True,False,False,0.002594,1.0,28.0,331.7943725585937,220,0.6931471824645996,True,0.0793738365173339,-0.000968,0.0784058365173339,-0.049945,0.2053447653462886,284.0,241.0,0.368241,-0.417218,True,True,False,False,True,True
1,inf,/home/sunshixin/chenchao/my_rlaf/runs/analysis/echosat_symmetry_grpo_v1_7_acceptance_v1_2_iter15_canonical_low_warmup_wc1_per_instance.csv,0,random_3sat_control_v220_c942_seed3304,base,random_3sat_control_v220_c942_seed3304,random_3sat_control,non_symmetric_control,large,control,none,220,942,10.0,5.0,v1_2_iter15,0.664105,0.664105,35472.0,30813.0,True,1.04257,1.04257,41376.0,36046.0,True,0.468304,1.7499235487976077,26754.0,23980.0,True,0.468304,1.753698428074062,26754.0,23980.0,True,0.622583,2.002774800892055,40178.0,35793.0,True,False,False,0.002445,1.0,24.0,322.4337158203125,220,0.6931471824645996,True,0.0947973728179931,0.154279,0.249076372817993,-0.0415219999999999,1.338669800892055,13424.0,11813.0,0.378465,-0.5742659999999999,False,True,False,False,True,True
1,inf,/home/sunshixin/chenchao/my_rlaf/runs/analysis/echosat_symmetry_grpo_v1_7_acceptance_v1_2_iter15_canonical_low_warmup_wc1_per_instance.csv,0,random_3sat_control_v220_c942_seed3304,perm_seed1730,random_3sat_control_v220_c942_seed3304_perm1730,random_3sat_control,non_symmetric_control,large,control,none,220,942,10.0,5.0,v1_2_iter15,0.661609,0.661609,34825.0,30052.0,True,0.673363,0.673363,33221.0,28818.0,True,0.425628,1.7072475487976075,26445.0,23804.0,True,0.425628,1.7115420483653545,26445.0,23804.0,True,0.646415,2.027126421183348,41430.0,37011.0,True,False,False,0.00296,1.0,24.0,324.02960205078125,220,0.6931471824645996,True,0.0947973728179931,0.2207869999999999,0.3155843728179937,-0.015194,1.3655174211833483,14985.0,13207.0,0.011754,-0.247735,False,True,False,False,True,True
1,inf,/home/sunshixin/chenchao/my_rlaf/runs/analysis/echosat_symmetry_grpo_v1_7_acceptance_v1_2_iter15_canonical_low_warmup_wc1_per_instance.csv,0,random_3sat_control_v220_c942_seed3304,perm_seed1731,random_3sat_control_v220_c942_seed3304_perm1731,random_3sat_control,non_symmetric_control,large,control,none,220,942,10.0,5.0,v1_2_iter15,0.898259,0.898259,38737.0,33758.0,True,0.92132,0.92132,38909.0,33544.0,True,0.417181,1.6988005487976074,26149.0,23448.0,True,0.417181,1.7056494958233834,26149.0,23448.0,True,0.615926,1.9991918686413763,39359.0,35082.0,True,False,False,0.005489,1.0,24.0,324.64569091796875,220,0.6931471824645996,True,0.0947973728179931,0.1987449999999999,0.2935423728179929,-0.282333,1.1009328686413764,13210.0,11634.0,0.0230609999999999,-0.504139,False,True,False,False,True,True
1,inf,/home/sunshixin/chenchao/my_rlaf/runs/analysis/echosat_symmetry_grpo_v1_7_acceptance_v1_2_iter15_canonical_low_warmup_wc1_per_instance.csv,0,random_3sat_control_v260_c1097_seed3305,base,random_3sat_control_v260_c1097_seed3305,random_3sat_control,non_symmetric_control,large,control,none,260,1097,10.0,5.0,v1_2_iter15,6.83428,6.83428,216854.0,188499.0,True,2.34728,2.34728,73626.0,64181.0,True,1.42357,2.705189548797607,60642.0,54350.0,True,1.42357,2.709556681339324,60642.0,54350.0,True,1.88608,3.266864054157317,88482.0,78928.0,True,False,False,0.002983,1.0,35.0,390.6428833007813,260,0.6931471824645996,True,0.0947973728179931,0.46251,0.5573073728179927,-4.9482,-3.567415945842683,27840.0,24578.0,-4.487,-0.92371,False,True,True,False,True,True
1,inf,/home/sunshixin/chenchao/my_rlaf/runs/analysis/echosat_symmetry_grpo_v1_7_acceptance_v1_2_iter15_canonical_low_warmup_wc1_per_instance.csv,0,random_3sat_control_v260_c1097_seed3305,perm_seed1730,random_3sat_control_v260_c1097_seed3305_perm1730,random_3sat_control,non_symmetric_control,large,control,none,260,1097,10.0,5.0,v1_2_iter15,7.38521,7.38521,224505.0,195557.0,True,0.717987,0.717987,27246.0,23387.0,True,1.4926,2.774219548797608,60686.0,54724.0,True,1.4926,2.780902204864442,60686.0,54724.0,True,2.24575,3.628849577682436,100679.0,89754.0,True,False,False,0.005282,1.0,35.0,390.0680847167969,260,0.6931471824645996,True,0.0947973728179931,0.7531500000000002,0.8479473728179938,-5.13946,-3.756360422317564,39993.0,35030.0,-6.667223,0.7746129999999999,False,True,True,False,True,True
1,inf,/home/sunshixin/chenchao/my_rlaf/runs/analysis/echosat_symmetry_grpo_v1_7_acceptance_v1_2_iter15_canonical_low_warmup_wc1_per_instance.csv,0,random_3sat_control_v260_c1097_seed3305,perm_seed1731,random_3sat_control_v260_c1097_seed3305_perm1731,random_3sat_control,non_symmetric_control,large,control,none,260,1097,10.0,5.0,v1_2_iter15,3.98718,3.98718,105916.0,92052.0,True,5.51767,5.51767,162997.0,142194.0,True,1.10076,2.382379548797608,48534.0,43247.0,True,1.10076,2.39003407060492,48534.0,43247.0,True,1.89067,3.2747414434229136,82933.0,73499.0,True,False,False,0.006243,1.0,35.0,389.6698913574219,260,0.6931471824645996,True,0.0947973728179931,0.7899100000000001,0.8847073728179935,-2.09651,-0.7124385565770863,34399.0,30252.0,1.53049,-4.41691,False,True,True,False,True,True
1,inf,/home/sunshixin/chenchao/my_rlaf/runs/analysis/echosat_symmetry_grpo_v1_7_acceptance_v1_2_iter15_canonical_low_warmup_wc1_per_instance.csv,0,random_3sat_control_v260_c1113_seed3306,base,random_3sat_control_v260_c1113_seed3306,random_3sat_control,non_symmetric_control,large,control,none,260,1113,10.0,5.0,v1_2_iter15,5.45221,5.45221,178146.0,155541.0,True,6.06264,6.06264,186876.0,163308.0,True,6.44987,7.731489548797607,226200.0,205404.0,True,6.44987,7.737853794811606,226200.0,205404.0,True,6.73782,8.1206011676296,270239.0,238331.0,True,False,False,0.004969,1.0,33.0,397.6284790039063,260,0.6931471824645996,True,0.0947973728179931,0.2879500000000004,0.3827473728179935,1.28561,2.6683911676296,44039.0,32927.0,0.61043,0.3872299999999997,False,False,False,False,True,True
1,inf,/home/sunshixin/chenchao/my_rlaf/runs/analysis/echosat_symmetry_grpo_v1_7_acceptance_v1_2_iter15_canonical_low_warmup_wc1_per_instance.csv,0,random_3sat_control_v260_c1113_seed3306,perm_seed1730,random_3sat_control_v260_c1113_seed3306_perm1730,random_3sat_control,non_symmetric_control,large,control,none,260,1113,10.0,5.0,v1_2_iter15,5.13977,5.13977,171334.0,149746.0,True,6.65601,6.65601,206936.0,180741.0,True,5.73851,7.020129548797607,206101.0,186162.0,True,5.73851,7.023757390231311,206101.0,186162.0,True,7.08885,8.468894763049304,268313.0,236556.0,True,False,False,0.002192,1.0,33.0,396.3316650390625,260,0.6931471824645996,True,0.0947973728179931,1.35034,1.4451373728179933,1.9490799999999997,3.329124763049304,62212.0,50394.0,1.5162399999999998,-0.9175000000000004,False,False,False,False,True,True
1,inf,/home/sunshixin/chenchao/my_rlaf/runs/analysis/echosat_symmetry_grpo_v1_7_acceptance_v1_2_iter15_canonical_low_warmup_wc1_per_instance.csv,0,random_3sat_control_v260_c1113_seed3306,perm_seed1731,random_3sat_control_v260_c1113_seed3306_perm1731,random_3sat_control,non_symmetric_control,large,control,none,260,1113,10.0,5.0,v1_2_iter15,6.63175,6.63175,202621.0,177648.0,True,6.9521,6.9521,214985.0,187707.0,True,6.10395,6.352779603195191,217745.0,196903.0,True,6.10395,6.360611862850428,217745.0,196903.0,True,6.91895,7.241938004207849,276540.0,244171.0,True,False,False,0.006419,1.0,33.0,397.0461730957031,260,0.6931471824645996,True,0.0663261413574218,0.8149999999999995,0.8813261413574214,0.2871999999999994,0.6101880042078491,58795.0,47268.0,0.3203499999999994,-0.8481499999999995,False,False,False,False,True,True
1,inf,/home/sunshixin/chenchao/my_rlaf/runs/analysis/echosat_symmetry_grpo_v1_7_acceptance_v1_2_iter15_canonical_low_warmup_wc1_per_instance.csv,0,random_3sat_control_v300_c1266_seed3307,base,random_3sat_control_v300_c1266_seed3307,random_3sat_control,non_symmetric_control,large,control,none,300,1266,10.0,5.0,v1_2_iter15,0.215925,0.215925,12894.0,10895.0,True,2.449,2.449,71356.0,61376.0,True,0.008378,0.2572076031951904,288.0,182.0,True,0.008378,0.2658865853804349,288.0,182.0,True,0.042063,0.3658977267378568,3192.0,2608.0,True,False,False,0.007227,1.0,46.0,466.681884765625,300,0.6931471824645996,True,0.0663261413574218,0.033685,0.1000111413574219,-0.173862,0.1499727267378568,2904.0,2426.0,2.233075,-2.440622,False,True,False,False,True,True
1,inf,/home/sunshixin/chenchao/my_rlaf/runs/analysis/echosat_symmetry_grpo_v1_7_acceptance_v1_2_iter15_canonical_low_warmup_wc1_per_instance.csv,0,random_3sat_control_v300_c1266_seed3307,perm_seed1730,random_3sat_control_v300_c1266_seed3307_perm1730,random_3sat_control,non_symmetric_control,large,control,none,300,1266,10.0,5.0,v1_2_iter15,1.27738,1.27738,43103.0,37339.0,True,2.05487,2.05487,63498.0,54506.0,True,0.009086,0.2579156031951904,321.0,205.0,True,0.009086,0.2678663312095999,321.0,205.0,True,0.040047,0.3651534725670218,2791.0,2255.0,True,False,False,0.008305,1.0,46.0,465.9733581542969,300,0.6931471824645996,True,0.0663261413574218,0.030961,0.0972871413574218,-1.237333,-0.9122265274329782,2470.0,2050.0,0.7774900000000002,-2.0457840000000003,False,True,True,False,True,True
1,inf,/home/sunshixin/chenchao/my_rlaf/runs/analysis/echosat_symmetry_grpo_v1_7_acceptance_v1_2_iter15_canonical_low_warmup_wc1_per_instance.csv,0,random_3sat_control_v300_c1266_seed3307,perm_seed1731,random_3sat_control_v300_c1266_seed3307_perm1731,random_3sat_control,non_symmetric_control,large,control,none,300,1266,10.0,5.0,v1_2_iter15,2.03974,2.03974,66962.0,57424.0,True,0.143783,0.143783,7524.0,6304.0,True,0.008861,0.2576906031951904,375.0,247.0,True,0.008861,0.2675195643448234,375.0,247.0,True,0.038383,0.3633677057022452,2573.0,2095.0,True,False,False,0.008143,1.0,46.0,465.2885437011719,300,0.6931471824645996,True,0.0663261413574218,0.029522,0.0958481413574218,-2.001357,-1.6763722942977548,2198.0,1848.0,-1.895957,-0.134922,False,True,True,False,True,True
1,inf,/home/sunshixin/chenchao/my_rlaf/runs/analysis/echosat_symmetry_grpo_v1_7_acceptance_v1_2_iter15_canonical_low_warmup_wc1_per_instance.csv,0,subset_cardinality_bw10,base,subset_cardinality_bw10,subset_cardinality,weak_symmetry,large,main,weak,41,92,10.0,5.0,v1_2_iter15,0.003722,0.003722,193.0,141.0,True,0.002524,0.002524,237.0,193.0,True,0.001463,0.2502926031951904,162.0,142.0,True,0.001463,0.2518652345201969,162.0,142.0,True,0.001808,0.3185363758776188,179.0,149.0,True,True,True,0.000333,1.0,5.0,62.83808517456055,41,0.6931471824645996,True,0.0663261413574218,0.0003449999999999,0.0666711413574219,-0.001914,0.3148143758776188,17.0,7.0,-0.0011979999999999,-0.001061,False,True,False,False,True,False
1,inf,/home/sunshixin/chenchao/my_rlaf/runs/analysis/echosat_symmetry_grpo_v1_7_acceptance_v1_2_iter15_canonical_low_warmup_wc1_per_instance.csv,0,subset_cardinality_bw10,perm_seed1730,subset_cardinality_bw10_perm1730,subset_cardinality,weak_symmetry,large,main,weak,41,92,10.0,5.0,v1_2_iter15,0.001661,0.001661,218.0,167.0,True,0.000446,0.000446,221.0,169.0,True,0.001492,0.2503216031951904,156.0,137.0,True,0.001492,0.2516996266357302,156.0,137.0,True,0.001536,0.3180697679931521,171.0,150.0,True,True,True,0.00044,1.0,6.0,62.92706298828125,41,0.6931471824645996,True,0.0663261413574218,4.399999999999999e-05,0.0663701413574219,-0.0001249999999999,0.3164087679931521,15.0,13.0,-0.001215,0.001046,False,True,False,False,True,False
1,inf,/home/sunshixin/chenchao/my_rlaf/runs/analysis/echosat_symmetry_grpo_v1_7_acceptance_v1_2_iter15_canonical_low_warmup_wc1_per_instance.csv,0,subset_cardinality_bw10,perm_seed1731,subset_cardinality_bw10_perm1731,subset_cardinality,weak_symmetry,large,main,weak,41,92,10.0,5.0,v1_2_iter15,0.00335,0.00335,202.0,147.0,True,0.000409,0.000409,247.0,155.0,True,0.00155,0.2503796031951904,203.0,164.0,True,0.00155,0.2527121415385008,203.0,164.0,True,0.001396,0.3188842828959227,176.0,148.0,True,True,True,0.001379,1.0,7.0,62.392337799072266,41,0.6931471824645996,True,0.0663261413574218,-0.0001539999999999,0.0661721413574218,-0.001954,0.3155342828959226,-27.0,-16.0,-0.002941,0.0011409999999999,True,True,False,True,False,False
1,inf,/home/sunshixin/chenchao/my_rlaf/runs/analysis/echosat_symmetry_grpo_v1_7_acceptance_v1_2_iter15_canonical_low_warmup_wc1_per_instance.csv,0,subset_cardinality_bw12,base,subset_cardinality_bw12,subset_cardinality,weak_symmetry,large,main,weak,49,108,10.0,5.0,v1_2_iter15,0.002115,0.002115,442.0,342.0,True,0.000415,0.000415,491.0,414.0,True,0.001994,0.2508236031951904,384.0,312.0,True,0.001994,0.2536585637626647,384.0,312.0,True,0.00034,0.3183307051200866,402.0,325.0,True,True,True,0.001837,1.0,9.0,75.44426727294922,49,0.6931471824645996,True,0.0663261413574218,-0.001654,0.0646721413574218,-0.001775,0.3162157051200866,18.0,13.0,-0.0017,0.001579,True,True,False,False,True,False
1,inf,/home/sunshixin/chenchao/my_rlaf/runs/analysis/echosat_symmetry_grpo_v1_7_acceptance_v1_2_iter15_canonical_low_warmup_wc1_per_instance.csv,0,subset_cardinality_bw12,perm_seed1730,subset_cardinality_bw12_perm1730,subset_cardinality,weak_symmetry,large,main,weak,49,108,10.0,5.0,v1_2_iter15,0.004587,0.004587,440.0,329.0,True,0.003077,0.003077,397.0,314.0,True,0.001882,0.1872641277618408,343.0,268.0,True,0.001882,0.1898783743944168,343.0,268.0,True,0.000356,0.2185297292070388,384.0,310.0,True,True,True,0.001627,1.0,7.0,73.95069122314453,49,0.6931471824645996,True,0.030177354812622,-0.001526,0.028651354812622,-0.004231,0.2139427292070388,41.0,42.0,-0.00151,-0.0011949999999999,True,True,False,False,True,False
1,inf,/home/sunshixin/chenchao/my_rlaf/runs/analysis/echosat_symmetry_grpo_v1_7_acceptance_v1_2_iter15_canonical_low_warmup_wc1_per_instance.csv,0,subset_cardinality_bw12,perm_seed1731,subset_cardinality_bw12_perm1731,subset_cardinality,weak_symmetry,large,main,weak,49,108,10.0,5.0,v1_2_iter15,0.000567,0.000567,393.0,297.0,True,0.003058,0.003058,439.0,311.0,True,0.001999,0.1873811277618408,363.0,285.0,True,0.001999,0.1887361311973929,363.0,285.0,True,0.002144,0.219058486010015,383.0,305.0,True,True,True,0.000384,1.0,7.0,75.07693481445312,49,0.6931471824645996,True,0.030177354812622,0.000145,0.0303223548126221,0.001577,0.218491486010015,20.0,20.0,0.002491,-0.001059,False,False,False,False,True,False
1,inf,/home/sunshixin/chenchao/my_rlaf/runs/analysis/echosat_symmetry_grpo_v1_7_acceptance_v1_2_iter15_canonical_low_warmup_wc1_per_instance.csv,0,subset_cardinality_bw8,base,subset_cardinality_bw8,subset_cardinality,weak_symmetry,medium,main,weak,33,76,10.0,5.0,v1_2_iter15,0.000994,0.000994,89.0,67.0,True,0.000626,0.000626,106.0,76.0,True,0.001242,0.1866241277618408,84.0,69.0,True,0.001242,0.1889603310117721,84.0,69.0,True,0.001295,0.2191906858243942,93.0,79.0,True,True,True,0.001359,1.0,12.0,54.99262619018555,33,0.6931471824645996,True,0.030177354812622,5.299999999999988e-05,0.030230354812622,0.0003009999999999,0.2181966858243942,9.0,10.0,-0.000368,0.000616,False,False,False,False,True,False
1,inf,/home/sunshixin/chenchao/my_rlaf/runs/analysis/echosat_symmetry_grpo_v1_7_acceptance_v1_2_iter15_canonical_low_warmup_wc1_per_instance.csv,0,subset_cardinality_bw8,perm_seed1730,subset_cardinality_bw8_perm1730,subset_cardinality,weak_symmetry,medium,main,weak,33,76,10.0,5.0,v1_2_iter15,0.001478,0.001478,110.0,76.0,True,0.001872,0.001872,127.0,80.0,True,0.00109,0.1864721277618408,100.0,79.0,True,0.00109,0.1879002799044251,100.0,79.0,True,0.00125,0.2182376347170472,103.0,83.0,True,True,True,0.000497,1.0,5.0,49.16338348388672,33,0.6931471824645996,True,0.030177354812622,0.0001599999999999,0.0303373548126221,-0.0002279999999999,0.2167596347170472,3.0,4.0,0.000394,-0.0007819999999999,False,True,False,False,True,False
1,inf,/home/sunshixin/chenchao/my_rlaf/runs/analysis/echosat_symmetry_grpo_v1_7_acceptance_v1_2_iter15_canonical_low_warmup_wc1_per_instance.csv,0,subset_cardinality_bw8,perm_seed1731,subset_cardinality_bw8_perm1731,subset_cardinality,weak_symmetry,medium,main,weak,33,76,10.0,5.0,v1_2_iter15,0.001084,0.001084,91.0,70.0,True,0.001823,0.001823,102.0,79.0,True,0.001078,0.1864601277618408,81.0,70.0,True,0.001078,0.1886503145797848,81.0,70.0,True,0.001096,0.2188456693924069,95.0,79.0,True,True,True,0.0012,1.0,11.0,55.44180679321289,33,0.6931471824645996,True,0.030177354812622,1.8000000000000004e-05,0.0301953548126221,1.2000000000000077e-05,0.2177616693924069,14.0,9.0,0.000739,-0.000745,False,False,False,False,True,False
1,inf,/home/sunshixin/chenchao/my_rlaf/runs/analysis/echosat_symmetry_grpo_v1_7_acceptance_v1_2_iter15_canonical_low_warmup_wc1_per_instance.csv,1,k10_color9,base,k10_color9,complete_coloring,strong_symmetry,large,main,strong,90,775,10.0,5.0,v1_2_iter15,4.17817,4.17817,340861.0,314066.0,True,4.12885,4.12885,322229.0,299168.0,True,4.10216,4.715640806350708,321840.0,298649.0,True,4.10216,4.724499364357769,321840.0,298649.0,True,3.01064,3.668883056603253,234018.0,217098.0,True,True,True,0.007463,1.0,8.0,136.93209838867188,90,0.6931471824645996,True,0.0359036922454834,-1.0915199999999996,-1.0556163077545158,-1.1675299999999995,-0.5092869433967468,-87822.0,-81551.0,-0.0493199999999998,-0.0266900000000003,True,True,True,True,False,False
1,inf,/home/sunshixin/chenchao/my_rlaf/runs/analysis/echosat_symmetry_grpo_v1_7_acceptance_v1_2_iter15_canonical_low_warmup_wc1_per_instance.csv,1,k10_color9,perm_seed1730,k10_color9_perm1730,complete_coloring,strong_symmetry,large,main,strong,90,775,10.0,5.0,v1_2_iter15,4.88953,4.88953,413643.0,382655.0,True,5.07081,5.07081,283792.0,262594.0,True,4.31007,4.923550806350708,247778.0,229737.0,True,4.31007,4.932280781585336,247778.0,229737.0,True,4.48268,5.14079447383082,293797.0,275194.0,True,True,True,0.007671,1.0,8.0,136.98228454589844,90,0.6931471824645996,True,0.0359036922454834,0.1726100000000006,0.2085136922454848,-0.4068499999999995,0.2512644738308207,46019.0,45457.0,0.1812800000000001,-0.7607400000000002,False,True,False,False,True,False
1,inf,/home/sunshixin/chenchao/my_rlaf/runs/analysis/echosat_symmetry_grpo_v1_7_acceptance_v1_2_iter15_canonical_low_warmup_wc1_per_instance.csv,1,k10_color9,perm_seed1731,k10_color9_perm1731,complete_coloring,strong_symmetry,large,main,strong,90,775,10.0,5.0,v1_2_iter15,4.16088,4.16088,340033.0,312592.0,True,4.2158,4.2158,290369.0,269757.0,True,3.89938,4.512860806350708,290369.0,269757.0,True,3.89938,4.517183997015774,290369.0,269757.0,True,4.14665,4.800357689261258,274350.0,258764.0,True,True,True,0.003317,1.0,8.0,137.00555419921875,90,0.6931471824645996,True,0.0359036922454834,0.2472700000000003,0.2831736922454837,-0.0142299999999995,0.6394776892612581,-16019.0,-10993.0,0.05492,-0.3164199999999999,False,True,False,True,False,False
1,inf,/home/sunshixin/chenchao/my_rlaf/runs/analysis/echosat_symmetry_grpo_v1_7_acceptance_v1_2_iter15_canonical_low_warmup_wc1_per_instance.csv,1,k8_color7,base,k8_color7,complete_coloring,strong_symmetry,large,main,strong,56,372,10.0,5.0,v1_2_iter15,0.049259,0.049259,6158.0,5600.0,True,0.046526,0.046526,5946.0,5440.0,True,0.041709,0.655189806350708,5946.0,5440.0,True,0.041709,0.6607342021055818,5946.0,5440.0,True,0.040138,0.6950668943510652,5995.0,5516.0,True,True,True,0.004359,1.0,6.0,84.73548889160156,56,0.6931471824645996,True,0.0359036922454834,-0.001571,0.0343326922454834,-0.0091209999999999,0.6458078943510652,49.0,76.0,-0.0027329999999999,-0.0048169999999999,True,True,False,False,True,False
1,inf,/home/sunshixin/chenchao/my_rlaf/runs/analysis/echosat_symmetry_grpo_v1_7_acceptance_v1_2_iter15_canonical_low_warmup_wc1_per_instance.csv,1,k8_color7,perm_seed1730,k8_color7_perm1730,complete_coloring,strong_symmetry,large,main,strong,56,372,10.0,5.0,v1_2_iter15,0.061071,0.061071,6138.0,5624.0,True,0.053869,0.053869,6264.0,5696.0,True,0.044734,0.6582148063507081,6264.0,5696.0,True,0.044734,0.6709579977674485,6264.0,5696.0,True,0.042205,0.7043326900129319,5895.0,5403.0,True,True,True,0.004208,1.0,6.0,84.79159545898438,56,0.6931471824645996,True,0.0359036922454834,-0.002529,0.0333746922454833,-0.018866,0.6432616900129319,-369.0,-293.0,-0.007202,-0.0091349999999999,True,True,False,True,False,False
1,inf,/home/sunshixin/chenchao/my_rlaf/runs/analysis/echosat_symmetry_grpo_v1_7_acceptance_v1_2_iter15_canonical_low_warmup_wc1_per_instance.csv,1,k8_color7,perm_seed1731,k8_color7_perm1731,complete_coloring,strong_symmetry,large,main,strong,56,372,10.0,5.0,v1_2_iter15,0.034522,0.034522,5800.0,5271.0,True,0.050462,0.050462,6148.0,5641.0,True,0.06133,0.674810806350708,6148.0,5641.0,True,0.06133,0.6797286943904162,6148.0,5641.0,True,0.03566,0.6899623866358996,6048.0,5528.0,True,True,True,0.003966,1.0,6.0,84.7841796875,56,0.6931471824645996,True,0.0359036922454834,-0.02567,0.0102336922454834,0.001138,0.6554403866358995,-100.0,-113.0,0.01594,0.010868,True,False,False,True,False,False
1,inf,/home/sunshixin/chenchao/my_rlaf/runs/analysis/echosat_symmetry_grpo_v1_7_acceptance_v1_2_iter15_canonical_low_warmup_wc1_per_instance.csv,1,k9_color8,base,k9_color8,complete_coloring,strong_symmetry,large,main,strong,72,549,10.0,5.0,v1_2_iter15,0.655916,0.655916,46557.0,43529.0,True,0.640212,0.640212,44352.0,41138.0,True,0.677109,1.290589806350708,43519.0,40436.0,True,0.677109,1.2970803239884972,43519.0,40436.0,True,0.550734,1.2066090162339806,42086.0,39187.0,True,True,True,0.005596,1.0,7.0,109.32144165039062,72,0.6931471824645996,True,0.0359036922454834,-0.126375,-0.0904713077545165,-0.1051820000000001,0.5506930162339806,-1433.0,-1249.0,-0.015704,0.0368969999999999,True,True,False,True,False,False
1,inf,/home/sunshixin/chenchao/my_rlaf/runs/analysis/echosat_symmetry_grpo_v1_7_acceptance_v1_2_iter15_canonical_low_warmup_wc1_per_instance.csv,1,k9_color8,perm_seed1730,k9_color8_perm1730,complete_coloring,strong_symmetry,large,main,strong,72,549,10.0,5.0,v1_2_iter15,0.435546,0.435546,39708.0,36681.0,True,0.665586,0.665586,45794.0,42555.0,True,0.672517,1.285997806350708,45794.0,42555.0,True,0.672517,1.2893140411261916,45794.0,42555.0,True,0.461682,1.114382733371675,44807.0,41502.0,True,True,True,0.002235,1.0,7.0,109.58531951904295,72,0.6931471824645996,True,0.0359036922454834,-0.210835,-0.1749313077545167,0.0261359999999999,0.6788367333716749,-987.0,-1053.0,0.23004,0.006931,True,False,False,True,False,False
1,inf,/home/sunshixin/chenchao/my_rlaf/runs/analysis/echosat_symmetry_grpo_v1_7_acceptance_v1_2_iter15_canonical_low_warmup_wc1_per_instance.csv,1,k9_color8,perm_seed1731,k9_color8_perm1731,complete_coloring,strong_symmetry,large,main,strong,72,549,10.0,5.0,v1_2_iter15,0.589746,0.589746,47177.0,43763.0,True,0.898737,0.898737,47579.0,44103.0,True,0.722392,0.8190204275054932,47579.0,44103.0,True,0.722392,0.8250019257954956,47579.0,44103.0,True,0.518029,0.6376088450002074,44246.0,41050.0,True,True,True,0.00509,1.0,7.0,109.56788635253906,72,0.6931471824645996,True,0.0169699192047119,-0.204363,-0.1873930807952881,-0.071717,0.0478628450002074,-3333.0,-3053.0,0.308991,-0.1763449999999999,True,True,False,True,False,False
1,inf,/home/sunshixin/chenchao/my_rlaf/runs/analysis/echosat_symmetry_grpo_v1_7_acceptance_v1_2_iter15_canonical_low_warmup_wc1_per_instance.csv,1,php_p10_h9,base,php_p10_h9,php,strong_symmetry,large,main,strong,90,775,10.0,5.0,v1_2_iter15,4.18908,4.18908,340861.0,314066.0,True,4.359,4.359,322229.0,299168.0,True,4.10249,4.199118427505494,321840.0,298649.0,True,4.10249,4.206966217668176,321840.0,298649.0,True,2.97104,3.092486136872888,234018.0,217098.0,True,True,True,0.006877,1.0,8.0,136.93209838867188,90,0.6931471824645996,True,0.0169699192047119,-1.1314500000000005,-1.1144800807952886,-1.2180399999999998,-1.096593863127112,-87822.0,-81551.0,0.1699200000000003,-0.2565099999999995,True,True,True,True,False,False
1,inf,/home/sunshixin/chenchao/my_rlaf/runs/analysis/echosat_symmetry_grpo_v1_7_acceptance_v1_2_iter15_canonical_low_warmup_wc1_per_instance.csv,1,php_p10_h9,perm_seed1730,php_p10_h9_perm1730,php,strong_symmetry,large,main,strong,90,775,10.0,5.0,v1_2_iter15,4.92464,4.92464,413643.0,382655.0,True,5.00068,5.00068,283792.0,262594.0,True,3.74763,3.844258427505493,247778.0,229737.0,True,3.74763,3.8530026202127337,247778.0,229737.0,True,3.82362,3.9459625394174456,262949.0,244730.0,True,True,True,0.007745,1.0,8.0,136.98228454589844,90,0.6931471824645996,True,0.0169699192047119,0.07599,0.0929599192047119,-1.10102,-0.9786774605825546,15171.0,14993.0,0.0760399999999998,-1.25305,False,True,True,False,True,False
1,inf,/home/sunshixin/chenchao/my_rlaf/runs/analysis/echosat_symmetry_grpo_v1_7_acceptance_v1_2_iter15_canonical_low_warmup_wc1_per_instance.csv,1,php_p10_h9,perm_seed1731,php_p10_h9_perm1731,php,strong_symmetry,large,main,strong,90,775,10.0,5.0,v1_2_iter15,4.07721,4.07721,340033.0,312592.0,True,3.91737,3.91737,290369.0,269757.0,True,4.75374,4.850368427505493,290369.0,269757.0,True,4.75374,4.855320304399788,290369.0,269757.0,True,4.11747,4.2360202236045,274350.0,258764.0,True,True,True,0.003996,1.0,8.0,137.00555419921875,90,0.6931471824645996,True,0.0169699192047119,-0.6362699999999997,-0.6193000807952878,0.0402599999999999,0.1588102236045001,-16019.0,-10993.0,-0.1598399999999999,0.8363699999999996,True,False,False,True,False,False
1,inf,/home/sunshixin/chenchao/my_rlaf/runs/analysis/echosat_symmetry_grpo_v1_7_acceptance_v1_2_iter15_canonical_low_warmup_wc1_per_instance.csv,1,php_p9_h8,base,php_p9_h8,php,strong_symmetry,large,main,strong,72,549,10.0,5.0,v1_2_iter15,0.675992,0.675992,46557.0,43529.0,True,0.637353,0.637353,44352.0,41138.0,True,0.541127,0.6377554275054932,43519.0,40436.0,True,0.541127,0.6418414498624205,43519.0,40436.0,True,0.567818,0.6855023690671325,42086.0,39187.0,True,True,True,0.003168,1.0,7.0,109.32144165039062,72,0.6931471824645996,True,0.0169699192047119,0.026691,0.0436609192047119,-0.1081739999999999,0.0095103690671324,-1433.0,-1249.0,-0.038639,-0.0962259999999999,False,True,False,True,False,False
1,inf,/home/sunshixin/chenchao/my_rlaf/runs/analysis/echosat_symmetry_grpo_v1_7_acceptance_v1_2_iter15_canonical_low_warmup_wc1_per_instance.csv,1,php_p9_h8,perm_seed1730,php_p9_h8_perm1730,php,strong_symmetry,large,main,strong,72,549,10.0,5.0,v1_2_iter15,0.449965,0.449965,39708.0,36681.0,True,0.762561,0.762561,45794.0,42555.0,True,0.619308,0.7159364275054931,45794.0,42555.0,True,0.619308,0.7220908549429178,45794.0,42555.0,True,0.484091,0.6038437741476297,44807.0,41502.0,True,True,True,0.005089,1.0,7.0,109.58531951904295,72,0.6931471824645996,True,0.0169699192047119,-0.1352169999999999,-0.1182470807952881,0.0341259999999999,0.1538787741476296,-987.0,-1053.0,0.312596,-0.143253,True,False,False,True,False,False
1,inf,/home/sunshixin/chenchao/my_rlaf/runs/analysis/echosat_symmetry_grpo_v1_7_acceptance_v1_2_iter15_canonical_low_warmup_wc1_per_instance.csv,1,php_p9_h8,perm_seed1731,php_p9_h8_perm1731,php,strong_symmetry,large,main,strong,72,549,10.0,5.0,v1_2_iter15,0.604371,0.604371,47177.0,43763.0,True,0.683261,0.683261,47579.0,44103.0,True,0.645245,0.7418734275054931,47579.0,44103.0,True,0.645245,0.7465839167596101,47579.0,44103.0,True,0.536146,0.6544548359643221,44246.0,41050.0,True,True,True,0.003752,1.0,7.0,109.56788635253906,72,0.6931471824645996,True,0.0169699192047119,-0.1090989999999999,-0.092129080795288,-0.0682249999999999,0.050083835964322,-3333.0,-3053.0,0.07889,-0.038016,True,True,False,True,False,False
1,inf,/home/sunshixin/chenchao/my_rlaf/runs/analysis/echosat_symmetry_grpo_v1_7_acceptance_v1_2_iter15_canonical_low_warmup_wc1_per_instance.csv,1,random_3sat_control_v160_c704_seed2615,base,random_3sat_control_v160_c704_seed2615,random_3sat_control,non_symmetric_control,large,control,none,160,704,10.0,5.0,v1_2_iter15,0.058271,0.058271,6771.0,5767.0,True,0.06059,0.06059,5702.0,4813.0,True,0.053475,0.1501034275054931,4859.0,4212.0,True,0.053475,0.1547942387151718,4859.0,4212.0,True,0.04952,0.1678091579198837,5289.0,4519.0,True,False,False,0.003555,1.0,20.0,250.25311279296875,160,0.6931471824645996,True,0.0169699192047119,-0.003955,0.0130149192047119,-0.008751,0.1095381579198837,430.0,307.0,0.0023189999999999,-0.0071149999999999,True,True,False,False,True,True
1,inf,/home/sunshixin/chenchao/my_rlaf/runs/analysis/echosat_symmetry_grpo_v1_7_acceptance_v1_2_iter15_canonical_low_warmup_wc1_per_instance.csv,1,random_3sat_control_v160_c704_seed2615,perm_seed1730,random_3sat_control_v160_c704_seed2615_perm1730,random_3sat_control,non_symmetric_control,large,control,none,160,704,10.0,5.0,v1_2_iter15,0.09315,0.09315,8522.0,7299.0,True,0.091797,0.091797,7934.0,6809.0,True,0.04905,0.2376364734649658,4602.0,4008.0,True,0.04905,0.2425346934306621,4602.0,4008.0,True,0.053887,0.2525088985545635,5397.0,4621.0,True,False,False,0.003805,1.0,20.0,250.9976043701172,160,0.6931471824645996,True,0.0051372051239013,0.0048369999999999,0.0099742051239013,-0.039263,0.1593588985545634,795.0,613.0,-0.0013529999999999,-0.042747,False,True,False,False,True,True
1,inf,/home/sunshixin/chenchao/my_rlaf/runs/analysis/echosat_symmetry_grpo_v1_7_acceptance_v1_2_iter15_canonical_low_warmup_wc1_per_instance.csv,1,random_3sat_control_v160_c704_seed2615,perm_seed1731,random_3sat_control_v160_c704_seed2615_perm1731,random_3sat_control,non_symmetric_control,large,control,none,160,704,10.0,5.0,v1_2_iter15,0.056379,0.056379,5676.0,4847.0,True,0.098822,0.098822,8017.0,6851.0,True,0.055722,0.2443084734649658,4961.0,4384.0,True,0.055722,0.2473862668401003,4961.0,4384.0,True,0.050861,0.2476624719640016,5754.0,4947.0,True,False,False,0.001838,1.0,20.0,250.14382934570312,160,0.6931471824645996,True,0.0051372051239013,-0.0048609999999999,0.0002762051239013,-0.0055179999999999,0.1912834719640015,793.0,563.0,0.0424429999999999,-0.0430999999999999,True,True,False,False,True,True
1,inf,/home/sunshixin/chenchao/my_rlaf/runs/analysis/echosat_symmetry_grpo_v1_7_acceptance_v1_2_iter15_canonical_low_warmup_wc1_per_instance.csv,1,random_3sat_control_v180_c760_seed3301,base,random_3sat_control_v180_c760_seed3301,random_3sat_control,non_symmetric_control,large,control,none,180,760,10.0,5.0,v1_2_iter15,0.573018,0.573018,27442.0,23617.0,True,0.173279,0.173279,10470.0,8910.0,True,0.016024,0.2046104734649658,693.0,567.0,True,0.016024,0.211465553589642,693.0,567.0,True,0.631781,0.8323597587135434,40481.0,35966.0,True,False,False,0.005689,1.0,25.0,290.802978515625,180,0.6931471824645996,True,0.0051372051239013,0.615757,0.6208942051239014,0.058763,0.2593417587135433,39788.0,35399.0,-0.399739,-0.1572549999999999,False,False,False,False,True,True
1,inf,/home/sunshixin/chenchao/my_rlaf/runs/analysis/echosat_symmetry_grpo_v1_7_acceptance_v1_2_iter15_canonical_low_warmup_wc1_per_instance.csv,1,random_3sat_control_v180_c760_seed3301,perm_seed1730,random_3sat_control_v180_c760_seed3301_perm1730,random_3sat_control,non_symmetric_control,large,control,none,180,760,10.0,5.0,v1_2_iter15,1.05353,1.05353,47649.0,41152.0,True,0.097041,0.097041,7421.0,6253.0,True,0.016412,0.2049984734649658,643.0,525.0,True,0.016412,0.2111829786350131,643.0,525.0,True,0.56685,0.7667581837589145,37207.0,32912.0,True,False,False,0.005001,1.0,25.0,292.0396728515625,180,0.6931471824645996,True,0.0051372051239013,0.550438,0.5555752051239014,-0.4866800000000001,-0.2867718162410856,36564.0,32387.0,-0.956489,-0.080629,False,True,True,False,True,True
1,inf,/home/sunshixin/chenchao/my_rlaf/runs/analysis/echosat_symmetry_grpo_v1_7_acceptance_v1_2_iter15_canonical_low_warmup_wc1_per_instance.csv,1,random_3sat_control_v180_c760_seed3301,perm_seed1731,random_3sat_control_v180_c760_seed3301_perm1731,random_3sat_control,non_symmetric_control,large,control,none,180,760,10.0,5.0,v1_2_iter15,0.47973,0.47973,27197.0,23469.0,True,0.157871,0.157871,9011.0,7714.0,True,0.007744,0.1963304734649658,590.0,484.0,True,0.007744,0.2013950874571204,590.0,484.0,True,0.710174,0.9089622925810218,45474.0,40090.0,True,False,False,0.003808,1.0,25.0,291.0475769042969,180,0.6931471824645996,True,0.0051372051239013,0.70243,0.7075672051239014,0.2304439999999999,0.4292322925810218,44884.0,39606.0,-0.321859,-0.150127,False,False,False,False,True,True
1,inf,/home/sunshixin/chenchao/my_rlaf/runs/analysis/echosat_symmetry_grpo_v1_7_acceptance_v1_2_iter15_canonical_low_warmup_wc1_per_instance.csv,1,random_3sat_control_v220_c928_seed3303,base,random_3sat_control_v220_c928_seed3303,random_3sat_control,non_symmetric_control,large,control,none,220,928,10.0,5.0,v1_2_iter15,0.715805,0.715805,30277.0,25994.0,True,0.497816,0.497816,22265.0,19025.0,True,0.003968,0.1925544734649658,62.0,4.0,True,0.003968,0.1996874491517543,62.0,4.0,True,0.002123,0.2029796542756557,338.0,241.0,True,False,False,0.00577,1.0,28.0,332.48345947265625,220,0.6931471824645996,True,0.0051372051239013,-0.001845,0.0032922051239014,-0.713682,-0.5128253457243444,276.0,237.0,-0.217989,-0.4938479999999999,True,True,True,False,True,True
1,inf,/home/sunshixin/chenchao/my_rlaf/runs/analysis/echosat_symmetry_grpo_v1_7_acceptance_v1_2_iter15_canonical_low_warmup_wc1_per_instance.csv,1,random_3sat_control_v220_c928_seed3303,perm_seed1730,random_3sat_control_v220_c928_seed3303_perm1730,random_3sat_control,non_symmetric_control,large,control,none,220,928,10.0,5.0,v1_2_iter15,1.42778,1.42778,52742.0,45477.0,True,0.257551,0.257551,13039.0,11071.0,True,0.003909,0.1924954734649658,62.0,4.0,True,0.003909,0.1993998029773235,62.0,4.0,True,0.006294,0.2069220081012248,334.0,226.0,True,False,False,0.005704,1.0,28.0,330.46795654296875,220,0.6931471824645996,True,0.0051372051239013,0.002385,0.0075222051239013,-1.421486,-1.2208579918987752,272.0,222.0,-1.170229,-0.253642,False,True,True,False,True,True
1,inf,/home/sunshixin/chenchao/my_rlaf/runs/analysis/echosat_symmetry_grpo_v1_7_acceptance_v1_2_iter15_canonical_low_warmup_wc1_per_instance.csv,1,random_3sat_control_v220_c928_seed3303,perm_seed1731,random_3sat_control_v220_c928_seed3303_perm1731,random_3sat_control,non_symmetric_control,large,control,none,220,928,10.0,5.0,v1_2_iter15,0.05232,0.05232,4930.0,4147.0,True,0.383755,0.383755,19684.0,16814.0,True,0.004005,0.1925914734649658,63.0,4.0,True,0.004005,0.1964228400843739,63.0,4.0,True,0.003293,0.2008480452082753,347.0,245.0,True,False,False,0.002589,1.0,28.0,331.7943725585937,220,0.6931471824645996,True,0.0051372051239013,-0.000712,0.0044252051239013,-0.049027,0.1485280452082752,284.0,241.0,0.331435,-0.37975,True,True,False,False,True,True
1,inf,/home/sunshixin/chenchao/my_rlaf/runs/analysis/echosat_symmetry_grpo_v1_7_acceptance_v1_2_iter15_canonical_low_warmup_wc1_per_instance.csv,1,random_3sat_control_v220_c942_seed3304,base,random_3sat_control_v220_c942_seed3304,random_3sat_control,non_symmetric_control,large,control,none,220,942,10.0,5.0,v1_2_iter15,0.663524,0.663524,35472.0,30813.0,True,0.953348,0.953348,41376.0,36046.0,True,0.423224,0.710408476852417,26754.0,23980.0,True,0.423224,0.7162415287761688,26754.0,23980.0,True,0.623127,0.9882957128582,40178.0,35793.0,True,False,False,0.004579,1.0,24.0,322.4337158203125,220,0.6931471824645996,True,0.0721511840820312,0.199903,0.2720541840820312,-0.040397,0.3247717128581999,13424.0,11813.0,0.2898239999999999,-0.530124,False,True,False,False,True,True
1,inf,/home/sunshixin/chenchao/my_rlaf/runs/analysis/echosat_symmetry_grpo_v1_7_acceptance_v1_2_iter15_canonical_low_warmup_wc1_per_instance.csv,1,random_3sat_control_v220_c942_seed3304,perm_seed1730,random_3sat_control_v220_c942_seed3304_perm1730,random_3sat_control,non_symmetric_control,large,control,none,220,942,10.0,5.0,v1_2_iter15,0.745371,0.745371,34825.0,30052.0,True,0.609147,0.609147,33221.0,28818.0,True,0.410565,0.6977494768524171,26445.0,23804.0,True,0.410565,0.7054707887932062,26445.0,23804.0,True,0.650714,1.0177709728752375,41430.0,37011.0,True,False,False,0.006199,1.0,24.0,324.02960205078125,220,0.6931471824645996,True,0.0721511840820312,0.240149,0.3123001840820313,-0.0946569999999999,0.2723999728752375,14985.0,13207.0,-0.136224,-0.1985819999999999,False,True,False,False,True,True
1,inf,/home/sunshixin/chenchao/my_rlaf/runs/analysis/echosat_symmetry_grpo_v1_7_acceptance_v1_2_iter15_canonical_low_warmup_wc1_per_instance.csv,1,random_3sat_control_v220_c942_seed3304,perm_seed1731,random_3sat_control_v220_c942_seed3304_perm1731,random_3sat_control,non_symmetric_control,large,control,none,220,942,10.0,5.0,v1_2_iter15,0.71698,0.71698,38737.0,33758.0,True,0.818419,0.818419,38909.0,33544.0,True,0.408772,0.695956476852417,26149.0,23448.0,True,0.408772,0.7044305246710181,26149.0,23448.0,True,0.641162,1.0089717087530494,39359.0,35082.0,True,False,False,0.007117,1.0,24.0,324.64569091796875,220,0.6931471824645996,True,0.0721511840820312,0.2323899999999999,0.3045411840820313,-0.0758179999999999,0.2919917087530495,13210.0,11634.0,0.101439,-0.409647,False,True,False,False,True,True
1,inf,/home/sunshixin/chenchao/my_rlaf/runs/analysis/echosat_symmetry_grpo_v1_7_acceptance_v1_2_iter15_canonical_low_warmup_wc1_per_instance.csv,1,random_3sat_control_v260_c1097_seed3305,base,random_3sat_control_v260_c1097_seed3305,random_3sat_control,non_symmetric_control,large,control,none,260,1097,10.0,5.0,v1_2_iter15,6.94086,6.94086,216854.0,188499.0,True,2.4249,2.4249,73626.0,64181.0,True,1.45193,1.739114476852417,60642.0,54350.0,True,1.45193,1.7457058961099985,60642.0,54350.0,True,2.18792,2.5538470801920297,88482.0,78928.0,True,False,False,0.005316,1.0,35.0,390.6428833007813,260,0.6931471824645996,True,0.0721511840820312,0.7359900000000001,0.8081411840820312,-4.75294,-4.387012919807971,27840.0,24578.0,-4.51596,-0.97297,False,True,True,False,True,True
1,inf,/home/sunshixin/chenchao/my_rlaf/runs/analysis/echosat_symmetry_grpo_v1_7_acceptance_v1_2_iter15_canonical_low_warmup_wc1_per_instance.csv,1,random_3sat_control_v260_c1097_seed3305,perm_seed1730,random_3sat_control_v260_c1097_seed3305_perm1730,random_3sat_control,non_symmetric_control,large,control,none,260,1097,10.0,5.0,v1_2_iter15,7.49168,7.49168,224505.0,195557.0,True,0.574387,0.574387,27246.0,23387.0,True,1.52042,1.807604476852417,60686.0,54724.0,True,1.52042,1.816457438471556,60686.0,54724.0,True,2.56529,2.933478622553587,100679.0,89754.0,True,False,False,0.007564,1.0,35.0,390.0680847167969,260,0.6931471824645996,True,0.0721511840820312,1.04487,1.117021184082031,-4.92639,-4.558201377446412,39993.0,35030.0,-6.917293,0.946033,False,True,True,False,True,True
1,inf,/home/sunshixin/chenchao/my_rlaf/runs/analysis/echosat_symmetry_grpo_v1_7_acceptance_v1_2_iter15_canonical_low_warmup_wc1_per_instance.csv,1,random_3sat_control_v260_c1097_seed3305,perm_seed1731,random_3sat_control_v260_c1097_seed3305_perm1731,random_3sat_control,non_symmetric_control,large,control,none,260,1097,10.0,5.0,v1_2_iter15,3.92423,3.92423,105916.0,92052.0,True,5.95301,5.95301,162997.0,142194.0,True,1.07821,1.3653944768524169,48534.0,43247.0,True,1.07821,1.3742429410571455,48534.0,43247.0,True,1.65271,2.0208941251391765,82933.0,73499.0,True,False,False,0.007541,1.0,35.0,389.6698913574219,260,0.6931471824645996,True,0.0721511840820312,0.5745,0.646651184082031,-2.27152,-1.903335874860824,34399.0,30252.0,2.02878,-4.8748000000000005,False,True,True,False,True,True
1,inf,/home/sunshixin/chenchao/my_rlaf/runs/analysis/echosat_symmetry_grpo_v1_7_acceptance_v1_2_iter15_canonical_low_warmup_wc1_per_instance.csv,1,random_3sat_control_v260_c1113_seed3306,base,random_3sat_control_v260_c1113_seed3306,random_3sat_control,non_symmetric_control,large,control,none,260,1113,10.0,5.0,v1_2_iter15,5.76256,5.76256,178146.0,155541.0,True,6.19325,6.19325,186876.0,163308.0,True,6.38099,6.668174476852417,226200.0,205404.0,True,6.38099,6.674694852749884,226200.0,205404.0,True,6.71589,7.081746036831915,270239.0,238331.0,True,False,False,0.005038,1.0,33.0,397.6284790039063,260,0.6931471824645996,True,0.0721511840820312,0.3349000000000002,0.4070511840820314,0.9533300000000002,1.3191860368319157,44039.0,32927.0,0.4306900000000002,0.1877399999999998,False,False,False,False,True,True
1,inf,/home/sunshixin/chenchao/my_rlaf/runs/analysis/echosat_symmetry_grpo_v1_7_acceptance_v1_2_iter15_canonical_low_warmup_wc1_per_instance.csv,1,random_3sat_control_v260_c1113_seed3306,perm_seed1730,random_3sat_control_v260_c1113_seed3306_perm1730,random_3sat_control,non_symmetric_control,large,control,none,260,1113,10.0,5.0,v1_2_iter15,5.24218,5.24218,171334.0,149746.0,True,6.57729,6.57729,206936.0,180741.0,True,5.4969,5.784084476852417,206101.0,186162.0,True,5.4969,5.792174134713054,206101.0,186162.0,True,6.64421,7.0116353187950855,268313.0,236556.0,True,False,False,0.006484,1.0,33.0,396.3316650390625,260,0.6931471824645996,True,0.0721511840820312,1.14731,1.2194611840820313,1.40203,1.7694553187950852,62212.0,50394.0,1.3351099999999994,-1.0803899999999995,False,False,False,False,True,True
1,inf,/home/sunshixin/chenchao/my_rlaf/runs/analysis/echosat_symmetry_grpo_v1_7_acceptance_v1_2_iter15_canonical_low_warmup_wc1_per_instance.csv,1,random_3sat_control_v260_c1113_seed3306,perm_seed1731,random_3sat_control_v260_c1113_seed3306_perm1731,random_3sat_control,non_symmetric_control,large,control,none,260,1113,10.0,5.0,v1_2_iter15,6.44772,6.44772,202621.0,177648.0,True,6.9928,6.9928,214985.0,187707.0,True,5.99353,6.596571648864746,217745.0,196903.0,True,5.99353,6.601080681993902,217745.0,196903.0,True,6.92333,7.534345142366827,276540.0,244171.0,True,False,False,0.002849,1.0,33.0,397.0461730957031,260,0.6931471824645996,True,0.0034644603729248,0.9298000000000002,0.933264460372925,0.4756099999999996,1.0866251423668265,58795.0,47268.0,0.5450799999999996,-0.99927,False,False,False,False,True,True
1,inf,/home/sunshixin/chenchao/my_rlaf/runs/analysis/echosat_symmetry_grpo_v1_7_acceptance_v1_2_iter15_canonical_low_warmup_wc1_per_instance.csv,1,random_3sat_control_v300_c1266_seed3307,base,random_3sat_control_v300_c1266_seed3307,random_3sat_control,non_symmetric_control,large,control,none,300,1266,10.0,5.0,v1_2_iter15,0.250612,0.250612,12894.0,10895.0,True,2.4688,2.4688,71356.0,61376.0,True,0.005176,0.608217648864746,288.0,182.0,True,0.005176,0.617837558948636,288.0,182.0,True,0.046347,0.6624730193215609,3192.0,2608.0,True,False,False,0.008158,1.0,46.0,466.681884765625,300,0.6931471824645996,True,0.0034644603729248,0.041171,0.0446354603729248,-0.204265,0.4118610193215609,2904.0,2426.0,2.218188,-2.463624,False,True,False,False,True,True
1,inf,/home/sunshixin/chenchao/my_rlaf/runs/analysis/echosat_symmetry_grpo_v1_7_acceptance_v1_2_iter15_canonical_low_warmup_wc1_per_instance.csv,1,random_3sat_control_v300_c1266_seed3307,perm_seed1730,random_3sat_control_v300_c1266_seed3307_perm1730,random_3sat_control,non_symmetric_control,large,control,none,300,1266,10.0,5.0,v1_2_iter15,1.30677,1.30677,43103.0,37339.0,True,2.0247,2.0247,63498.0,54506.0,True,0.00858,0.6116216488647461,321.0,205.0,True,0.00858,0.6162277082759738,321.0,205.0,True,0.040081,0.6511931686488986,2791.0,2255.0,True,False,False,0.003286,1.0,46.0,465.9733581542969,300,0.6931471824645996,True,0.0034644603729248,0.031501,0.0349654603729248,-1.266689,-0.6555768313511013,2470.0,2050.0,0.7179300000000002,-2.0161200000000004,False,True,True,False,True,True
1,inf,/home/sunshixin/chenchao/my_rlaf/runs/analysis/echosat_symmetry_grpo_v1_7_acceptance_v1_2_iter15_canonical_low_warmup_wc1_per_instance.csv,1,random_3sat_control_v300_c1266_seed3307,perm_seed1731,random_3sat_control_v300_c1266_seed3307_perm1731,random_3sat_control,non_symmetric_control,large,control,none,300,1266,10.0,5.0,v1_2_iter15,2.08023,2.08023,66962.0,57424.0,True,0.111269,0.111269,7524.0,6304.0,True,0.008926,0.6119676488647461,375.0,247.0,True,0.008926,0.619430854554534,375.0,247.0,True,0.034475,0.6484443149274588,2573.0,2095.0,True,False,False,0.006135,1.0,46.0,465.2885437011719,300,0.6931471824645996,True,0.0034644603729248,0.025549,0.0290134603729248,-2.045755,-1.431785685072541,2198.0,1848.0,-1.968961,-0.102343,False,True,True,False,True,True
1,inf,/home/sunshixin/chenchao/my_rlaf/runs/analysis/echosat_symmetry_grpo_v1_7_acceptance_v1_2_iter15_canonical_low_warmup_wc1_per_instance.csv,1,subset_cardinality_bw10,base,subset_cardinality_bw10,subset_cardinality,weak_symmetry,large,main,weak,41,92,10.0,5.0,v1_2_iter15,0.001628,0.001628,193.0,141.0,True,0.0,0.0,237.0,193.0,True,0.000728,0.603769648864746,162.0,142.0,True,0.000728,0.6055435673080086,162.0,142.0,True,0.000439,0.6087190276809334,179.0,149.0,True,True,True,0.000529,1.0,5.0,62.83808517456055,41,0.6931471824645996,True,0.0034644603729248,-0.000289,0.0031754603729248,-0.001189,0.6070910276809335,17.0,7.0,-0.001628,0.000728,True,True,False,False,True,False
1,inf,/home/sunshixin/chenchao/my_rlaf/runs/analysis/echosat_symmetry_grpo_v1_7_acceptance_v1_2_iter15_canonical_low_warmup_wc1_per_instance.csv,1,subset_cardinality_bw10,perm_seed1730,subset_cardinality_bw10_perm1730,subset_cardinality,weak_symmetry,large,main,weak,41,92,10.0,5.0,v1_2_iter15,0.001244,0.001244,218.0,167.0,True,0.002122,0.002122,221.0,169.0,True,0.0,0.6030416488647461,156.0,137.0,True,0.0,0.6049537693762779,156.0,137.0,True,0.001483,0.6099012297492027,171.0,150.0,True,True,True,0.000365,1.0,6.0,62.92706298828125,41,0.6931471824645996,True,0.0034644603729248,0.001483,0.0049474603729248,0.0002389999999999,0.6086572297492027,15.0,13.0,0.000878,-0.002122,False,False,False,False,True,False
1,inf,/home/sunshixin/chenchao/my_rlaf/runs/analysis/echosat_symmetry_grpo_v1_7_acceptance_v1_2_iter15_canonical_low_warmup_wc1_per_instance.csv,1,subset_cardinality_bw10,perm_seed1731,subset_cardinality_bw10_perm1731,subset_cardinality,weak_symmetry,large,main,weak,41,92,10.0,5.0,v1_2_iter15,0.001162,0.001162,202.0,147.0,True,0.001762,0.001762,247.0,155.0,True,0.000315,0.603356648864746,203.0,164.0,True,0.000315,0.6054262654795051,203.0,164.0,True,0.001459,0.6100347258524299,176.0,148.0,True,True,True,0.000438,1.0,7.0,62.392337799072266,41,0.6931471824645996,True,0.0034644603729248,0.001144,0.0046084603729248,0.0002969999999999,0.6088727258524299,-27.0,-16.0,0.0005999999999999,-0.001447,False,False,False,True,False,False
1,inf,/home/sunshixin/chenchao/my_rlaf/runs/analysis/echosat_symmetry_grpo_v1_7_acceptance_v1_2_iter15_canonical_low_warmup_wc1_per_instance.csv,1,subset_cardinality_bw12,base,subset_cardinality_bw12,subset_cardinality,weak_symmetry,large,main,weak,49,108,10.0,5.0,v1_2_iter15,0.001797,0.001797,442.0,342.0,True,0.002316,0.002316,491.0,414.0,True,0.000544,0.6035856488647461,384.0,312.0,True,0.000544,0.6061539535728693,384.0,312.0,True,0.002327,0.6114014139457941,402.0,325.0,True,True,True,0.001262,1.0,9.0,75.44426727294922,49,0.6931471824645996,True,0.0034644603729248,0.001783,0.0052474603729247,0.00053,0.609604413945794,18.0,13.0,0.0005189999999999,-0.001772,False,False,False,False,True,False
1,inf,/home/sunshixin/chenchao/my_rlaf/runs/analysis/echosat_symmetry_grpo_v1_7_acceptance_v1_2_iter15_canonical_low_warmup_wc1_per_instance.csv,1,subset_cardinality_bw12,perm_seed1730,subset_cardinality_bw12_perm1730,subset_cardinality,weak_symmetry,large,main,weak,49,108,10.0,5.0,v1_2_iter15,0.001814,0.001814,440.0,329.0,True,0.004266,0.004266,397.0,314.0,True,0.002247,0.0403150561065673,343.0,268.0,True,0.002247,0.0411408533142209,343.0,268.0,True,0.002094,0.0707389157074093,384.0,310.0,True,True,True,0.0,1.0,7.0,73.95069122314453,49,0.6931471824645996,True,0.0297510623931884,-0.0001529999999999,0.0295980623931884,0.0002799999999999,0.0689249157074093,41.0,42.0,0.0024519999999999,-0.002019,True,False,False,False,True,False
1,inf,/home/sunshixin/chenchao/my_rlaf/runs/analysis/echosat_symmetry_grpo_v1_7_acceptance_v1_2_iter15_canonical_low_warmup_wc1_per_instance.csv,1,subset_cardinality_bw12,perm_seed1731,subset_cardinality_bw12_perm1731,subset_cardinality,weak_symmetry,large,main,weak,49,108,10.0,5.0,v1_2_iter15,0.002202,0.002202,393.0,297.0,True,0.0,0.0,439.0,311.0,True,0.002071,0.0401390561065673,363.0,285.0,True,0.002071,0.0413367637886405,363.0,285.0,True,0.002021,0.0710378261818289,383.0,305.0,True,True,True,0.000357,1.0,7.0,75.07693481445312,49,0.6931471824645996,True,0.0297510623931884,-5.000000000000013e-05,0.0297010623931884,-0.000181,0.0688358261818289,20.0,20.0,-0.002202,0.002071,True,True,False,False,True,False
1,inf,/home/sunshixin/chenchao/my_rlaf/runs/analysis/echosat_symmetry_grpo_v1_7_acceptance_v1_2_iter15_canonical_low_warmup_wc1_per_instance.csv,1,subset_cardinality_bw8,base,subset_cardinality_bw8,subset_cardinality,weak_symmetry,medium,main,weak,33,76,10.0,5.0,v1_2_iter15,0.000893,0.000893,89.0,67.0,True,0.002386,0.002386,106.0,76.0,True,0.00145,0.0395180561065673,84.0,69.0,True,0.00145,0.0417865121487975,84.0,69.0,True,0.001143,0.071230574541986,93.0,79.0,True,True,True,0.001452,1.0,12.0,54.99262619018555,33,0.6931471824645996,True,0.0297510623931884,-0.000307,0.0294440623931885,0.0002499999999999,0.070337574541986,9.0,10.0,0.001493,-0.000936,True,False,False,False,True,False
1,inf,/home/sunshixin/chenchao/my_rlaf/runs/analysis/echosat_symmetry_grpo_v1_7_acceptance_v1_2_iter15_canonical_low_warmup_wc1_per_instance.csv,1,subset_cardinality_bw8,perm_seed1730,subset_cardinality_bw8_perm1730,subset_cardinality,weak_symmetry,medium,main,weak,33,76,10.0,5.0,v1_2_iter15,0.000873,0.000873,110.0,76.0,True,0.002253,0.002253,127.0,80.0,True,0.001229,0.0392970561065673,100.0,79.0,True,0.001229,0.0409633405514359,100.0,79.0,True,0.001181,0.0706664029446244,103.0,83.0,True,True,True,0.000789,1.0,5.0,49.16338348388672,33,0.6931471824645996,True,0.0297510623931884,-4.800000000000008e-05,0.0297030623931884,0.000308,0.0697934029446244,3.0,4.0,0.0013799999999999,-0.0010239999999999,True,False,False,False,True,False
1,inf,/home/sunshixin/chenchao/my_rlaf/runs/analysis/echosat_symmetry_grpo_v1_7_acceptance_v1_2_iter15_canonical_low_warmup_wc1_per_instance.csv,1,subset_cardinality_bw8,perm_seed1731,subset_cardinality_bw8_perm1731,subset_cardinality,weak_symmetry,medium,main,weak,33,76,10.0,5.0,v1_2_iter15,0.000875,0.000875,91.0,70.0,True,0.001445,0.001445,102.0,79.0,True,0.001278,0.0393460561065673,81.0,70.0,True,0.001278,0.0414674459463954,81.0,70.0,True,0.001158,0.0710985083395838,95.0,79.0,True,True,True,0.001193,1.0,11.0,55.44180679321289,33,0.6931471824645996,True,0.0297510623931884,-0.00012,0.0296310623931883,0.0002829999999999,0.0702235083395838,14.0,9.0,0.00057,-0.000167,True,False,False,False,True,False
1,inf,/home/sunshixin/chenchao/my_rlaf/runs/analysis/echosat_symmetry_grpo_v1_7_acceptance_v1_2_iter15_canonical_low_warmup_wc1_per_instance.csv,2,k10_color9,base,k10_color9,complete_coloring,strong_symmetry,large,main,strong,90,775,10.0,5.0,v1_2_iter15,4.33869,4.33869,340861.0,314066.0,True,3.2079,3.2079,322229.0,299168.0,True,3.17726,4.663718539962769,321840.0,298649.0,True,3.17726,4.676028634788275,321840.0,298649.0,True,2.27148,3.773892624351263,234018.0,217098.0,True,True,True,0.011048,1.0,8.0,136.93209838867188,90,0.6931471824645996,True,0.0036439895629882,-0.90578,-0.9021360104370116,-2.06721,-0.5647973756487366,-87822.0,-81551.0,-1.1307899999999995,-0.03064,True,True,True,True,False,False
1,inf,/home/sunshixin/chenchao/my_rlaf/runs/analysis/echosat_symmetry_grpo_v1_7_acceptance_v1_2_iter15_canonical_low_warmup_wc1_per_instance.csv,2,k10_color9,perm_seed1730,k10_color9_perm1730,complete_coloring,strong_symmetry,large,main,strong,90,775,10.0,5.0,v1_2_iter15,5.02559,5.02559,413643.0,382655.0,True,3.25289,3.25289,283792.0,262594.0,True,2.94754,4.433998539962769,247778.0,229737.0,True,2.94754,4.443122630817593,247778.0,229737.0,True,3.38737,4.886596620380581,293797.0,275194.0,True,True,True,0.0082,1.0,8.0,136.98228454589844,90,0.6931471824645996,True,0.0036439895629882,0.4398300000000001,0.443473989562988,-1.63822,-0.1389933796194196,46019.0,45457.0,-1.7727000000000004,-0.3053499999999998,False,True,True,False,True,False
1,inf,/home/sunshixin/chenchao/my_rlaf/runs/analysis/echosat_symmetry_grpo_v1_7_acceptance_v1_2_iter15_canonical_low_warmup_wc1_per_instance.csv,2,k10_color9,perm_seed1731,k10_color9_perm1731,complete_coloring,strong_symmetry,large,main,strong,90,775,10.0,5.0,v1_2_iter15,4.12831,4.12831,340033.0,312592.0,True,3.01397,3.01397,290369.0,269757.0,True,3.10303,4.589488539962769,290369.0,269757.0,True,3.10303,4.600382204569995,290369.0,269757.0,True,3.19617,4.697166194132984,274350.0,258764.0,True,True,True,0.009992,1.0,8.0,137.00555419921875,90,0.6931471824645996,True,0.0036439895629882,0.09314,0.0967839895629882,-0.93214,0.5688561941329837,-16019.0,-10993.0,-1.11434,0.0890599999999999,False,True,False,True,False,False
1,inf,/home/sunshixin/chenchao/my_rlaf/runs/analysis/echosat_symmetry_grpo_v1_7_acceptance_v1_2_iter15_canonical_low_warmup_wc1_per_instance.csv,2,k8_color7,base,k8_color7,complete_coloring,strong_symmetry,large,main,strong,56,372,10.0,5.0,v1_2_iter15,0.046584,0.046584,6158.0,5600.0,True,0.042709,0.042709,5946.0,5440.0,True,0.037622,1.5240805399627686,5946.0,5440.0,True,0.037622,1.5303457152078748,5946.0,5440.0,True,0.038701,1.535068704770863,5995.0,5516.0,True,True,True,0.00389,1.0,6.0,84.73548889160156,56,0.6931471824645996,True,0.0036439895629882,0.0010789999999999,0.0047229895629883,-0.007883,1.4884847047708631,49.0,76.0,-0.003875,-0.0050869999999999,False,True,False,False,True,False
1,inf,/home/sunshixin/chenchao/my_rlaf/runs/analysis/echosat_symmetry_grpo_v1_7_acceptance_v1_2_iter15_canonical_low_warmup_wc1_per_instance.csv,2,k8_color7,perm_seed1730,k8_color7_perm1730,complete_coloring,strong_symmetry,large,main,strong,56,372,10.0,5.0,v1_2_iter15,0.043382,0.043382,6138.0,5624.0,True,0.038136,0.038136,6264.0,5696.0,True,0.038795,1.5252535399627685,6264.0,5696.0,True,0.038795,1.5297092797025442,6264.0,5696.0,True,0.044905,1.5394632692655326,5895.0,5403.0,True,True,True,0.003594,1.0,6.0,84.79159545898438,56,0.6931471824645996,True,0.0036439895629882,0.0061099999999999,0.0097539895629883,0.001523,1.4960812692655323,-369.0,-293.0,-0.0052459999999999,0.0006589999999999,False,False,False,True,False,False
1,inf,/home/sunshixin/chenchao/my_rlaf/runs/analysis/echosat_symmetry_grpo_v1_7_acceptance_v1_2_iter15_canonical_low_warmup_wc1_per_instance.csv,2,k8_color7,perm_seed1731,k8_color7_perm1731,complete_coloring,strong_symmetry,large,main,strong,56,372,10.0,5.0,v1_2_iter15,0.029262,0.029262,5800.0,5271.0,True,0.043062,0.043062,6148.0,5641.0,True,0.044329,1.5307875399627686,6148.0,5641.0,True,0.044329,1.5385619391205312,6148.0,5641.0,True,0.035458,1.5333349286835194,6048.0,5528.0,True,True,True,0.00709,1.0,6.0,84.7841796875,56,0.6931471824645996,True,0.0036439895629882,-0.0088709999999999,-0.0052270104370117,0.006196,1.5040729286835195,-100.0,-113.0,0.0138,0.0012669999999999,True,False,False,True,False,False
1,inf,/home/sunshixin/chenchao/my_rlaf/runs/analysis/echosat_symmetry_grpo_v1_7_acceptance_v1_2_iter15_canonical_low_warmup_wc1_per_instance.csv,2,k9_color8,base,k9_color8,complete_coloring,strong_symmetry,large,main,strong,72,549,10.0,5.0,v1_2_iter15,0.663787,0.663787,46557.0,43529.0,True,0.491664,0.491664,44352.0,41138.0,True,0.480582,1.9670405399627688,43519.0,40436.0,True,0.480582,1.974268367918432,43519.0,40436.0,True,0.438509,1.93583935748142,42086.0,39187.0,True,True,True,0.006553,1.0,7.0,109.32144165039062,72,0.6931471824645996,True,0.0036439895629882,-0.042073,-0.0384290104370119,-0.225278,1.27205235748142,-1433.0,-1249.0,-0.172123,-0.0110819999999999,True,True,False,True,False,False
1,inf,/home/sunshixin/chenchao/my_rlaf/runs/analysis/echosat_symmetry_grpo_v1_7_acceptance_v1_2_iter15_canonical_low_warmup_wc1_per_instance.csv,2,k9_color8,perm_seed1730,k9_color8_perm1730,complete_coloring,strong_symmetry,large,main,strong,72,549,10.0,5.0,v1_2_iter15,0.516247,0.516247,39708.0,36681.0,True,0.518092,0.518092,45794.0,42555.0,True,0.529496,2.0159545399627685,45794.0,42555.0,True,0.529496,2.026664162811041,45794.0,42555.0,True,0.380022,1.8808341523740293,44807.0,41502.0,True,True,True,0.010094,1.0,7.0,109.58531951904295,72,0.6931471824645996,True,0.0036439895629882,-0.1494739999999999,-0.1458300104370116,-0.1362249999999999,1.3645871523740292,-987.0,-1053.0,0.0018449999999999,0.0114039999999999,True,True,False,True,False,False
1,inf,/home/sunshixin/chenchao/my_rlaf/runs/analysis/echosat_symmetry_grpo_v1_7_acceptance_v1_2_iter15_canonical_low_warmup_wc1_per_instance.csv,2,k9_color8,perm_seed1731,k9_color8_perm1731,complete_coloring,strong_symmetry,large,main,strong,72,549,10.0,5.0,v1_2_iter15,0.63536,0.63536,47177.0,43763.0,True,0.528999,0.528999,47579.0,44103.0,True,0.523533,0.606949223526001,47579.0,44103.0,True,0.523533,0.6120283422578574,47579.0,44103.0,True,0.414883,0.5064002977479696,44246.0,41050.0,True,True,True,0.004469,1.0,7.0,109.56788635253906,72,0.6931471824645996,True,0.0030219554901123,-0.10865,-0.1056280445098878,-0.220477,-0.1289597022520304,-3333.0,-3053.0,-0.106361,-0.0054659999999999,True,True,True,True,False,False
1,inf,/home/sunshixin/chenchao/my_rlaf/runs/analysis/echosat_symmetry_grpo_v1_7_acceptance_v1_2_iter15_canonical_low_warmup_wc1_per_instance.csv,2,php_p10_h9,base,php_p10_h9,php,strong_symmetry,large,main,strong,90,775,10.0,5.0,v1_2_iter15,4.26197,4.26197,340861.0,314066.0,True,3.2749,3.2749,322229.0,299168.0,True,3.18242,3.265836223526001,321840.0,298649.0,True,3.18242,3.2798130490195154,321840.0,298649.0,True,2.34895,2.449365004509628,234018.0,217098.0,True,True,True,0.013289,1.0,8.0,136.93209838867188,90,0.6931471824645996,True,0.0030219554901123,-0.8334700000000002,-0.8304480445098874,-1.91302,-1.812604995490372,-87822.0,-81551.0,-0.9870699999999996,-0.0924800000000001,True,True,True,True,False,False
1,inf,/home/sunshixin/chenchao/my_rlaf/runs/analysis/echosat_symmetry_grpo_v1_7_acceptance_v1_2_iter15_canonical_low_warmup_wc1_per_instance.csv,2,php_p10_h9,perm_seed1730,php_p10_h9_perm1730,php,strong_symmetry,large,main,strong,90,775,10.0,5.0,v1_2_iter15,4.96363,4.96363,413643.0,382655.0,True,3.32625,3.32625,283792.0,262594.0,True,2.95041,3.033826223526001,247778.0,229737.0,True,2.95041,3.0428394261202216,247778.0,229737.0,True,3.0386,3.134051381610334,262949.0,244730.0,True,True,True,0.008275,1.0,8.0,136.98228454589844,90,0.6931471824645996,True,0.0030219554901123,0.0881899999999999,0.0912119554901123,-1.92503,-1.8295786183896663,15171.0,14993.0,-1.6373800000000005,-0.3758399999999997,False,True,True,False,True,False
1,inf,/home/sunshixin/chenchao/my_rlaf/runs/analysis/echosat_symmetry_grpo_v1_7_acceptance_v1_2_iter15_canonical_low_warmup_wc1_per_instance.csv,2,php_p10_h9,perm_seed1731,php_p10_h9_perm1731,php,strong_symmetry,large,main,strong,90,775,10.0,5.0,v1_2_iter15,4.68657,4.68657,340033.0,312592.0,True,3.04673,3.04673,290369.0,269757.0,True,3.01791,3.101326223526001,290369.0,269757.0,True,3.01791,3.109697435125649,290369.0,269757.0,True,3.18292,3.2777293906157614,274350.0,258764.0,True,True,True,0.007704,1.0,8.0,137.00555419921875,90,0.6931471824645996,True,0.0030219554901123,0.1650100000000001,0.1680319554901124,-1.5036499999999997,-1.4088406093842385,-16019.0,-10993.0,-1.6398399999999995,-0.02882,False,True,True,True,False,False
1,inf,/home/sunshixin/chenchao/my_rlaf/runs/analysis/echosat_symmetry_grpo_v1_7_acceptance_v1_2_iter15_canonical_low_warmup_wc1_per_instance.csv,2,php_p9_h8,base,php_p9_h8,php,strong_symmetry,large,main,strong,72,549,10.0,5.0,v1_2_iter15,0.715841,0.715841,46557.0,43529.0,True,0.503358,0.503358,44352.0,41138.0,True,0.470588,0.554004223526001,43519.0,40436.0,True,0.470588,0.5609076541018486,43519.0,40436.0,True,0.446597,0.5399386095919609,42086.0,39187.0,True,True,True,0.006282,1.0,7.0,109.32144165039062,72,0.6931471824645996,True,0.0030219554901123,-0.0239909999999999,-0.0209690445098876,-0.2692439999999999,-0.175902390408039,-1433.0,-1249.0,-0.2124829999999999,-0.0327699999999999,True,True,True,True,False,False
1,inf,/home/sunshixin/chenchao/my_rlaf/runs/analysis/echosat_symmetry_grpo_v1_7_acceptance_v1_2_iter15_canonical_low_warmup_wc1_per_instance.csv,2,php_p9_h8,perm_seed1730,php_p9_h8_perm1730,php,strong_symmetry,large,main,strong,72,549,10.0,5.0,v1_2_iter15,0.476952,0.476952,39708.0,36681.0,True,0.510352,0.510352,45794.0,42555.0,True,0.503824,0.587240223526001,45794.0,42555.0,True,0.503824,0.5967417271649837,45794.0,42555.0,True,0.377378,0.473317682655096,44807.0,41502.0,True,True,True,0.008886,1.0,7.0,109.58531951904295,72,0.6931471824645996,True,0.0030219554901123,-0.126446,-0.1234240445098877,-0.099574,-0.0036343173449039,-987.0,-1053.0,0.0334,-0.0065279999999999,True,True,True,True,False,False
1,inf,/home/sunshixin/chenchao/my_rlaf/runs/analysis/echosat_symmetry_grpo_v1_7_acceptance_v1_2_iter15_canonical_low_warmup_wc1_per_instance.csv,2,php_p9_h8,perm_seed1731,php_p9_h8_perm1731,php,strong_symmetry,large,main,strong,72,549,10.0,5.0,v1_2_iter15,0.630041,0.630041,47177.0,43763.0,True,0.539875,0.539875,47579.0,44103.0,True,0.530165,0.613581223526001,47579.0,44103.0,True,0.530165,0.6231761003576517,47579.0,44103.0,True,0.416675,0.512708055847764,44246.0,41050.0,True,True,True,0.008953,1.0,7.0,109.56788635253906,72,0.6931471824645996,True,0.0030219554901123,-0.1134899999999999,-0.1104680445098876,-0.2133659999999999,-0.1173329441522359,-3333.0,-3053.0,-0.0901659999999999,-0.0097099999999999,True,True,True,True,False,False
1,inf,/home/sunshixin/chenchao/my_rlaf/runs/analysis/echosat_symmetry_grpo_v1_7_acceptance_v1_2_iter15_canonical_low_warmup_wc1_per_instance.csv,2,random_3sat_control_v160_c704_seed2615,base,random_3sat_control_v160_c704_seed2615,random_3sat_control,non_symmetric_control,large,control,none,160,704,10.0,5.0,v1_2_iter15,0.070517,0.070517,6771.0,5767.0,True,0.045655,0.045655,5702.0,4813.0,True,0.03687,0.1202862235260009,4859.0,4212.0,True,0.03687,0.130260898188591,4859.0,4212.0,True,0.038504,0.1349168536787033,5289.0,4519.0,True,False,False,0.009159,1.0,20.0,250.25311279296875,160,0.6931471824645996,True,0.0030219554901123,0.0016339999999999,0.0046559554901123,-0.032013,0.0643998536787033,430.0,307.0,-0.0248619999999999,-0.008785,False,True,False,False,True,True
1,inf,/home/sunshixin/chenchao/my_rlaf/runs/analysis/echosat_symmetry_grpo_v1_7_acceptance_v1_2_iter15_canonical_low_warmup_wc1_per_instance.csv,2,random_3sat_control_v160_c704_seed2615,perm_seed1730,random_3sat_control_v160_c704_seed2615_perm1730,random_3sat_control,non_symmetric_control,large,control,none,160,704,10.0,5.0,v1_2_iter15,0.091544,0.091544,8522.0,7299.0,True,0.06293,0.06293,7934.0,6809.0,True,0.03481,0.7956804566955566,4602.0,4008.0,True,0.03481,0.8014749790347815,4602.0,4008.0,True,0.039356,0.8088996449588537,5397.0,4621.0,True,False,False,0.005047,1.0,20.0,250.9976043701172,160,0.6931471824645996,True,0.0028786659240722,0.004546,0.0074246659240722,-0.052188,0.7173556449588537,795.0,613.0,-0.028614,-0.02812,False,True,False,False,True,True
1,inf,/home/sunshixin/chenchao/my_rlaf/runs/analysis/echosat_symmetry_grpo_v1_7_acceptance_v1_2_iter15_canonical_low_warmup_wc1_per_instance.csv,2,random_3sat_control_v160_c704_seed2615,perm_seed1731,random_3sat_control_v160_c704_seed2615_perm1731,random_3sat_control,non_symmetric_control,large,control,none,160,704,10.0,5.0,v1_2_iter15,0.046865,0.046865,5676.0,4847.0,True,0.083645,0.083645,8017.0,6851.0,True,0.038479,0.7993494566955567,4961.0,4384.0,True,0.038479,0.8061557320852281,4961.0,4384.0,True,0.038526,0.8090813980093002,5754.0,4947.0,True,False,False,0.006048,1.0,20.0,250.14382934570312,160,0.6931471824645996,True,0.0028786659240722,4.699999999999843e-05,0.0029256659240721,-0.008339,0.7622163980093002,793.0,563.0,0.03678,-0.045166,False,True,False,False,True,True
1,inf,/home/sunshixin/chenchao/my_rlaf/runs/analysis/echosat_symmetry_grpo_v1_7_acceptance_v1_2_iter15_canonical_low_warmup_wc1_per_instance.csv,2,random_3sat_control_v180_c760_seed3301,base,random_3sat_control_v180_c760_seed3301,random_3sat_control,non_symmetric_control,large,control,none,180,760,10.0,5.0,v1_2_iter15,0.490045,0.490045,27442.0,23617.0,True,0.118538,0.118538,10470.0,8910.0,True,0.006589,0.7674594566955566,693.0,567.0,True,0.006589,0.7720150361195802,693.0,567.0,True,0.490879,1.2591837020436525,40481.0,35966.0,True,False,False,0.003772,1.0,25.0,290.802978515625,180,0.6931471824645996,True,0.0028786659240722,0.48429,0.4871686659240722,0.000834,0.7691387020436524,39788.0,35399.0,-0.371507,-0.111949,False,False,False,False,True,True
1,inf,/home/sunshixin/chenchao/my_rlaf/runs/analysis/echosat_symmetry_grpo_v1_7_acceptance_v1_2_iter15_canonical_low_warmup_wc1_per_instance.csv,2,random_3sat_control_v180_c760_seed3301,perm_seed1730,random_3sat_control_v180_c760_seed3301_perm1730,random_3sat_control,non_symmetric_control,large,control,none,180,760,10.0,5.0,v1_2_iter15,1.05256,1.05256,47649.0,41152.0,True,0.077819,0.077819,7421.0,6253.0,True,0.012224,0.7730944566955567,643.0,525.0,True,0.012224,0.7767028606750965,643.0,525.0,True,0.433634,1.2009915265991689,37207.0,32912.0,True,False,False,0.00278,1.0,25.0,292.0396728515625,180,0.6931471824645996,True,0.0028786659240722,0.42141,0.4242886659240723,-0.6189259999999999,0.1484315265991689,36564.0,32387.0,-0.974741,-0.065595,False,True,False,False,True,True
1,inf,/home/sunshixin/chenchao/my_rlaf/runs/analysis/echosat_symmetry_grpo_v1_7_acceptance_v1_2_iter15_canonical_low_warmup_wc1_per_instance.csv,2,random_3sat_control_v180_c760_seed3301,perm_seed1731,random_3sat_control_v180_c760_seed3301_perm1731,random_3sat_control,non_symmetric_control,large,control,none,180,760,10.0,5.0,v1_2_iter15,0.49779,0.49779,27197.0,23469.0,True,0.106946,0.106946,9011.0,7714.0,True,0.012995,0.7738654566955566,590.0,484.0,True,0.012995,0.7799832511332631,590.0,484.0,True,0.553717,1.3235839170573354,45474.0,40090.0,True,False,False,0.00535,1.0,25.0,291.0475769042969,180,0.6931471824645996,True,0.0028786659240722,0.540722,0.5436006659240723,0.055927,0.8257939170573354,44884.0,39606.0,-0.390844,-0.093951,False,False,False,False,True,True
1,inf,/home/sunshixin/chenchao/my_rlaf/runs/analysis/echosat_symmetry_grpo_v1_7_acceptance_v1_2_iter15_canonical_low_warmup_wc1_per_instance.csv,2,random_3sat_control_v220_c928_seed3303,base,random_3sat_control_v220_c928_seed3303,random_3sat_control,non_symmetric_control,large,control,none,220,928,10.0,5.0,v1_2_iter15,0.723844,0.723844,30277.0,25994.0,True,0.346798,0.346798,22265.0,19025.0,True,0.004603,0.7654734566955567,62.0,4.0,True,0.004603,0.7735657697373033,62.0,4.0,True,0.013539,0.7853804356613755,338.0,241.0,True,False,False,0.007251,1.0,28.0,332.48345947265625,220,0.6931471824645996,True,0.0028786659240722,0.008936,0.0118146659240722,-0.7103050000000001,0.0615364356613754,276.0,237.0,-0.377046,-0.3421949999999999,False,True,False,False,True,True
1,inf,/home/sunshixin/chenchao/my_rlaf/runs/analysis/echosat_symmetry_grpo_v1_7_acceptance_v1_2_iter15_canonical_low_warmup_wc1_per_instance.csv,2,random_3sat_control_v220_c928_seed3303,perm_seed1730,random_3sat_control_v220_c928_seed3303_perm1730,random_3sat_control,non_symmetric_control,large,control,none,220,928,10.0,5.0,v1_2_iter15,1.44931,1.44931,52742.0,45477.0,True,0.167083,0.167083,13039.0,11071.0,True,0.000335,0.7612054566955566,62.0,4.0,True,0.000335,0.7670178921268582,62.0,4.0,True,0.005738,0.7752995580509305,334.0,226.0,True,False,False,0.005012,1.0,28.0,330.46795654296875,220,0.6931471824645996,True,0.0028786659240722,0.005403,0.0082816659240723,-1.443572,-0.6740104419490696,272.0,222.0,-1.282227,-0.166748,False,True,True,False,True,True
1,inf,/home/sunshixin/chenchao/my_rlaf/runs/analysis/echosat_symmetry_grpo_v1_7_acceptance_v1_2_iter15_canonical_low_warmup_wc1_per_instance.csv,2,random_3sat_control_v220_c928_seed3303,perm_seed1731,random_3sat_control_v220_c928_seed3303_perm1731,random_3sat_control,non_symmetric_control,large,control,none,220,928,10.0,5.0,v1_2_iter15,0.063242,0.063242,4930.0,4147.0,True,0.293681,0.293681,19684.0,16814.0,True,0.007075,0.7679454566955567,63.0,4.0,True,0.007075,0.7760616136983037,63.0,4.0,True,0.005893,0.777758279622376,347.0,245.0,True,False,False,0.00725,1.0,28.0,331.7943725585937,220,0.6931471824645996,True,0.0028786659240722,-0.0011819999999999,0.0016966659240722,-0.057349,0.714516279622376,284.0,241.0,0.230439,-0.286606,True,True,False,False,True,True
1,inf,/home/sunshixin/chenchao/my_rlaf/runs/analysis/echosat_symmetry_grpo_v1_7_acceptance_v1_2_iter15_canonical_low_warmup_wc1_per_instance.csv,2,random_3sat_control_v220_c942_seed3304,base,random_3sat_control_v220_c942_seed3304,random_3sat_control,non_symmetric_control,large,control,none,220,942,10.0,5.0,v1_2_iter15,0.669206,0.669206,35472.0,30813.0,True,0.746561,0.746561,41376.0,36046.0,True,0.347944,0.8872291829528809,26754.0,23980.0,True,0.347944,0.8945142010025977,26754.0,23980.0,True,0.479324,1.0301921727280616,40178.0,35793.0,True,False,False,0.006474,1.0,24.0,322.4337158203125,220,0.6931471824645996,True,0.0042979717254638,0.13138,0.1356779717254639,-0.189882,0.3609861727280616,13424.0,11813.0,0.077355,-0.398617,False,True,False,False,True,True
1,inf,/home/sunshixin/chenchao/my_rlaf/runs/analysis/echosat_symmetry_grpo_v1_7_acceptance_v1_2_iter15_canonical_low_warmup_wc1_per_instance.csv,2,random_3sat_control_v220_c942_seed3304,perm_seed1730,random_3sat_control_v220_c942_seed3304_perm1730,random_3sat_control,non_symmetric_control,large,control,none,220,942,10.0,5.0,v1_2_iter15,0.661608,0.661608,34825.0,30052.0,True,0.489649,0.489649,33221.0,28818.0,True,0.334522,0.8738071829528808,26445.0,23804.0,True,0.334522,0.8818713326781392,26445.0,23804.0,True,0.510655,1.062302304403603,41430.0,37011.0,True,False,False,0.007267,1.0,24.0,324.02960205078125,220,0.6931471824645996,True,0.0042979717254638,0.1761329999999999,0.1804309717254638,-0.150953,0.4006943044036031,14985.0,13207.0,-0.1719589999999999,-0.155127,False,True,False,False,True,True
1,inf,/home/sunshixin/chenchao/my_rlaf/runs/analysis/echosat_symmetry_grpo_v1_7_acceptance_v1_2_iter15_canonical_low_warmup_wc1_per_instance.csv,2,random_3sat_control_v220_c942_seed3304,perm_seed1731,random_3sat_control_v220_c942_seed3304_perm1731,random_3sat_control,non_symmetric_control,large,control,none,220,942,10.0,5.0,v1_2_iter15,0.741273,0.741273,38737.0,33758.0,True,0.62979,0.62979,38909.0,33544.0,True,0.344528,0.8838131829528808,26149.0,23448.0,True,0.344528,0.8944723505832552,26149.0,23448.0,True,0.480038,1.0342803223087191,39359.0,35082.0,True,False,False,0.009865,1.0,24.0,324.64569091796875,220,0.6931471824645996,True,0.0042979717254638,0.13551,0.1398079717254639,-0.2612349999999999,0.2930073223087192,13210.0,11634.0,-0.111483,-0.2852619999999999,False,True,False,False,True,True
1,inf,/home/sunshixin/chenchao/my_rlaf/runs/analysis/echosat_symmetry_grpo_v1_7_acceptance_v1_2_iter15_canonical_low_warmup_wc1_per_instance.csv,2,random_3sat_control_v260_c1097_seed3305,base,random_3sat_control_v260_c1097_seed3305,random_3sat_control,non_symmetric_control,large,control,none,260,1097,10.0,5.0,v1_2_iter15,5.67249,5.67249,216854.0,188499.0,True,1.8254,1.8254,73626.0,64181.0,True,1.16351,1.702795182952881,60642.0,54350.0,True,1.16351,1.7145221054723263,60642.0,54350.0,True,1.53317,2.08848007719779,88482.0,78928.0,True,False,False,0.010864,1.0,35.0,390.6428833007813,260,0.6931471824645996,True,0.0042979717254638,0.3696599999999999,0.3739579717254637,-4.13932,-3.5840099228022098,27840.0,24578.0,-3.84709,-0.6618899999999999,False,True,True,False,True,True
1,inf,/home/sunshixin/chenchao/my_rlaf/runs/analysis/echosat_symmetry_grpo_v1_7_acceptance_v1_2_iter15_canonical_low_warmup_wc1_per_instance.csv,2,random_3sat_control_v260_c1097_seed3305,perm_seed1730,random_3sat_control_v260_c1097_seed3305_perm1730,random_3sat_control,non_symmetric_control,large,control,none,260,1097,10.0,5.0,v1_2_iter15,6.23889,6.23889,224505.0,195557.0,True,0.475792,0.475792,27246.0,23387.0,True,1.1512,1.6904851829528809,60686.0,54724.0,True,1.1512,1.699488130435288,60686.0,54724.0,True,1.72185,2.274436102160752,100679.0,89754.0,True,False,False,0.008164,1.0,35.0,390.0680847167969,260,0.6931471824645996,True,0.0042979717254638,0.5706500000000001,0.574947971725464,-4.51704,-3.964453897839248,39993.0,35030.0,-5.763097999999999,0.675408,False,True,True,False,True,True
1,inf,/home/sunshixin/chenchao/my_rlaf/runs/analysis/echosat_symmetry_grpo_v1_7_acceptance_v1_2_iter15_canonical_low_warmup_wc1_per_instance.csv,2,random_3sat_control_v260_c1097_seed3305,perm_seed1731,random_3sat_control_v260_c1097_seed3305_perm1731,random_3sat_control,non_symmetric_control,large,control,none,260,1097,10.0,5.0,v1_2_iter15,3.19176,3.19176,105916.0,92052.0,True,4.23018,4.23018,162997.0,142194.0,True,0.844951,1.3842361829528809,48534.0,43247.0,True,0.844951,1.38981548980397,48534.0,43247.0,True,1.2976,1.8467624615294336,82933.0,73499.0,True,False,False,0.004756,1.0,35.0,389.6698913574219,260,0.6931471824645996,True,0.0042979717254638,0.4526490000000001,0.4569469717254635,-1.89416,-1.3449975384705664,34399.0,30252.0,1.03842,-3.385229,False,True,True,False,True,True
1,inf,/home/sunshixin/chenchao/my_rlaf/runs/analysis/echosat_symmetry_grpo_v1_7_acceptance_v1_2_iter15_canonical_low_warmup_wc1_per_instance.csv,2,random_3sat_control_v260_c1113_seed3306,base,random_3sat_control_v260_c1113_seed3306,random_3sat_control,non_symmetric_control,large,control,none,260,1113,10.0,5.0,v1_2_iter15,4.63648,4.63648,178146.0,155541.0,True,4.52873,4.52873,186876.0,163308.0,True,4.74437,5.283655182952881,226200.0,205404.0,True,4.74437,5.295344402777434,226200.0,205404.0,True,5.30512,5.860392374502897,270239.0,238331.0,True,False,False,0.010798,1.0,33.0,397.6284790039063,260,0.6931471824645996,True,0.0042979717254638,0.5607499999999996,0.5650479717254635,0.6686399999999999,1.2239123745028977,44039.0,32927.0,-0.1077499999999993,0.2156399999999996,False,False,False,False,True,True
1,inf,/home/sunshixin/chenchao/my_rlaf/runs/analysis/echosat_symmetry_grpo_v1_7_acceptance_v1_2_iter15_canonical_low_warmup_wc1_per_instance.csv,2,random_3sat_control_v260_c1113_seed3306,perm_seed1730,random_3sat_control_v260_c1113_seed3306_perm1730,random_3sat_control,non_symmetric_control,large,control,none,260,1113,10.0,5.0,v1_2_iter15,3.81862,3.81862,171334.0,149746.0,True,5.10537,5.10537,206936.0,180741.0,True,4.20195,4.741235182952881,206101.0,186162.0,True,4.20195,4.750153585492969,206101.0,186162.0,True,5.15846,5.7109615572184325,268313.0,236556.0,True,False,False,0.008065,1.0,33.0,396.3316650390625,260,0.6931471824645996,True,0.0042979717254638,0.9565099999999996,0.9608079717254636,1.3398399999999997,1.8923415572184323,62212.0,50394.0,1.2867499999999996,-0.9034199999999996,False,False,False,False,True,True
1,inf,/home/sunshixin/chenchao/my_rlaf/runs/analysis/echosat_symmetry_grpo_v1_7_acceptance_v1_2_iter15_canonical_low_warmup_wc1_per_instance.csv,2,random_3sat_control_v260_c1113_seed3306,perm_seed1731,random_3sat_control_v260_c1113_seed3306_perm1731,random_3sat_control,non_symmetric_control,large,control,none,260,1113,10.0,5.0,v1_2_iter15,5.35204,5.35204,202621.0,177648.0,True,5.3259,5.3259,214985.0,187707.0,True,4.51387,5.209666966552734,217745.0,196903.0,True,4.51387,5.215391305014312,217745.0,196903.0,True,5.29376,5.998440589605987,276540.0,244171.0,True,False,False,0.004847,1.0,33.0,397.0461730957031,260,0.6931471824645996,True,0.0031592845916748,0.77989,0.7830492845916748,-0.0582799999999998,0.646400589605987,58795.0,47268.0,-0.0261399999999998,-0.81203,False,True,False,False,True,True
1,inf,/home/sunshixin/chenchao/my_rlaf/runs/analysis/echosat_symmetry_grpo_v1_7_acceptance_v1_2_iter15_canonical_low_warmup_wc1_per_instance.csv,2,random_3sat_control_v300_c1266_seed3307,base,random_3sat_control_v300_c1266_seed3307,random_3sat_control,non_symmetric_control,large,control,none,300,1266,10.0,5.0,v1_2_iter15,0.217432,0.217432,12894.0,10895.0,True,1.91867,1.91867,71356.0,61376.0,True,0.003548,0.6993449665527344,288.0,182.0,True,0.003548,0.7042200639845133,288.0,182.0,True,0.042816,0.7466473485761881,3192.0,2608.0,True,False,False,0.003974,1.0,46.0,466.681884765625,300,0.6931471824645996,True,0.0031592845916748,0.039268,0.0424272845916747,-0.174616,0.5292153485761881,2904.0,2426.0,1.701238,-1.915122,False,True,False,False,True,True
1,inf,/home/sunshixin/chenchao/my_rlaf/runs/analysis/echosat_symmetry_grpo_v1_7_acceptance_v1_2_iter15_canonical_low_warmup_wc1_per_instance.csv,2,random_3sat_control_v300_c1266_seed3307,perm_seed1730,random_3sat_control_v300_c1266_seed3307_perm1730,random_3sat_control,non_symmetric_control,large,control,none,300,1266,10.0,5.0,v1_2_iter15,1.2702,1.2702,43103.0,37339.0,True,1.62809,1.62809,63498.0,54506.0,True,0.013375,0.7091719665527344,321.0,205.0,True,0.013375,0.7171302894831896,321.0,205.0,True,0.04222,0.7491345740748644,2791.0,2255.0,True,False,False,0.007072,1.0,46.0,465.9733581542969,300,0.6931471824645996,True,0.0031592845916748,0.028845,0.0320042845916748,-1.22798,-0.5210654259251356,2470.0,2050.0,0.35789,-1.614715,False,True,True,False,True,True
1,inf,/home/sunshixin/chenchao/my_rlaf/runs/analysis/echosat_symmetry_grpo_v1_7_acceptance_v1_2_iter15_canonical_low_warmup_wc1_per_instance.csv,2,random_3sat_control_v300_c1266_seed3307,perm_seed1731,random_3sat_control_v300_c1266_seed3307_perm1731,random_3sat_control,non_symmetric_control,large,control,none,300,1266,10.0,5.0,v1_2_iter15,1.81615,1.81615,66962.0,57424.0,True,0.098307,0.098307,7524.0,6304.0,True,0.015461,0.7112579665527343,375.0,247.0,True,0.015461,0.7148532774978279,375.0,247.0,True,0.040501,0.7430525620895028,2573.0,2095.0,True,False,False,0.002693,1.0,46.0,465.2885437011719,300,0.6931471824645996,True,0.0031592845916748,0.02504,0.0281992845916748,-1.775649,-1.0730974379104972,2198.0,1848.0,-1.717843,-0.082846,False,True,True,False,True,True
1,inf,/home/sunshixin/chenchao/my_rlaf/runs/analysis/echosat_symmetry_grpo_v1_7_acceptance_v1_2_iter15_canonical_low_warmup_wc1_per_instance.csv,2,subset_cardinality_bw10,base,subset_cardinality_bw10,subset_cardinality,weak_symmetry,large,main,weak,41,92,10.0,5.0,v1_2_iter15,0.001466,0.001466,193.0,141.0,True,0.004632,0.004632,237.0,193.0,True,0.000752,0.6965489665527343,162.0,142.0,True,0.000752,0.6979867400684953,162.0,142.0,True,0.004248,0.7046420246601701,179.0,149.0,True,True,True,0.000788,1.0,5.0,62.83808517456055,41,0.6931471824645996,True,0.0031592845916748,0.003496,0.0066552845916748,0.0027819999999999,0.7031760246601702,17.0,7.0,0.0031659999999999,-0.0038799999999999,False,False,False,False,True,False
1,inf,/home/sunshixin/chenchao/my_rlaf/runs/analysis/echosat_symmetry_grpo_v1_7_acceptance_v1_2_iter15_canonical_low_warmup_wc1_per_instance.csv,2,subset_cardinality_bw10,perm_seed1730,subset_cardinality_bw10_perm1730,subset_cardinality,weak_symmetry,large,main,weak,41,92,10.0,5.0,v1_2_iter15,0.00122,0.00122,218.0,167.0,True,0.00153,0.00153,221.0,169.0,True,0.001314,0.6971109665527344,156.0,137.0,True,0.001314,0.6991549091155529,156.0,137.0,True,0.004266,0.7052661937072277,171.0,150.0,True,True,True,0.001423,1.0,6.0,62.92706298828125,41,0.6931471824645996,True,0.0031592845916748,0.0029519999999999,0.0061112845916747,0.003046,0.7040461937072277,15.0,13.0,0.0003099999999999,-0.0002159999999999,False,False,False,False,True,False
1,inf,/home/sunshixin/chenchao/my_rlaf/runs/analysis/echosat_symmetry_grpo_v1_7_acceptance_v1_2_iter15_canonical_low_warmup_wc1_per_instance.csv,2,subset_cardinality_bw10,perm_seed1731,subset_cardinality_bw10_perm1731,subset_cardinality,weak_symmetry,large,main,weak,41,92,10.0,5.0,v1_2_iter15,0.001192,0.001192,202.0,147.0,True,0.004242,0.004242,247.0,155.0,True,0.001325,0.6971219665527344,203.0,164.0,True,0.001325,0.6987686850900054,203.0,164.0,True,0.000654,0.7012569696816803,176.0,148.0,True,True,True,0.001001,1.0,7.0,62.392337799072266,41,0.6931471824645996,True,0.0031592845916748,-0.000671,0.0024882845916748,-0.000538,0.7000649696816803,-27.0,-16.0,0.00305,-0.002917,True,True,False,True,False,False
1,inf,/home/sunshixin/chenchao/my_rlaf/runs/analysis/echosat_symmetry_grpo_v1_7_acceptance_v1_2_iter15_canonical_low_warmup_wc1_per_instance.csv,2,subset_cardinality_bw12,base,subset_cardinality_bw12,subset_cardinality,weak_symmetry,large,main,weak,49,108,10.0,5.0,v1_2_iter15,0.001796,0.001796,442.0,342.0,True,0.003491,0.003491,491.0,414.0,True,0.0,0.6957969665527344,384.0,312.0,True,0.0,0.6977759308100939,384.0,312.0,True,0.005699,0.7066342154017687,402.0,325.0,True,True,True,0.001322,1.0,9.0,75.44426727294922,49,0.6931471824645996,True,0.0031592845916748,0.005699,0.0088582845916748,0.003903,0.7048382154017687,18.0,13.0,0.001695,-0.003491,False,False,False,False,True,False
1,inf,/home/sunshixin/chenchao/my_rlaf/runs/analysis/echosat_symmetry_grpo_v1_7_acceptance_v1_2_iter15_canonical_low_warmup_wc1_per_instance.csv,2,subset_cardinality_bw12,perm_seed1730,subset_cardinality_bw12_perm1730,subset_cardinality,weak_symmetry,large,main,weak,49,108,10.0,5.0,v1_2_iter15,0.0,0.0,440.0,329.0,True,0.002894,0.002894,397.0,314.0,True,0.005414,0.0503420738830566,343.0,268.0,True,0.005414,0.0529035962094068,343.0,268.0,True,0.005742,0.0553442232388258,384.0,310.0,True,True,True,0.001938,1.0,7.0,73.95069122314453,49,0.6931471824645996,True,0.0021126270294189,0.0003279999999999,0.0024406270294189,0.005742,0.0553442232388258,41.0,42.0,0.002894,0.00252,False,False,False,False,True,False
1,inf,/home/sunshixin/chenchao/my_rlaf/runs/analysis/echosat_symmetry_grpo_v1_7_acceptance_v1_2_iter15_canonical_low_warmup_wc1_per_instance.csv,2,subset_cardinality_bw12,perm_seed1731,subset_cardinality_bw12_perm1731,subset_cardinality,weak_symmetry,large,main,weak,49,108,10.0,5.0,v1_2_iter15,0.001743,0.001743,393.0,297.0,True,0.00497,0.00497,439.0,311.0,True,0.0,0.0449280738830566,363.0,285.0,True,0.0,0.0459393196707367,363.0,285.0,True,0.003929,0.0519809467001557,383.0,305.0,True,True,True,0.000349,1.0,7.0,75.07693481445312,49,0.6931471824645996,True,0.0021126270294189,0.003929,0.0060416270294189,0.002186,0.0502379467001556,20.0,20.0,0.003227,-0.00497,False,False,False,False,True,False
1,inf,/home/sunshixin/chenchao/my_rlaf/runs/analysis/echosat_symmetry_grpo_v1_7_acceptance_v1_2_iter15_canonical_low_warmup_wc1_per_instance.csv,2,subset_cardinality_bw8,base,subset_cardinality_bw8,subset_cardinality,weak_symmetry,medium,main,weak,33,76,10.0,5.0,v1_2_iter15,0.001027,0.001027,89.0,67.0,True,0.0,0.0,106.0,76.0,True,0.0,0.0449280738830566,84.0,69.0,True,0.0,0.0471399105764627,84.0,69.0,True,0.001543,0.0507955376058816,93.0,79.0,True,True,True,0.001582,1.0,12.0,54.99262619018555,33,0.6931471824645996,True,0.0021126270294189,0.001543,0.0036556270294188,0.000516,0.0497685376058815,9.0,10.0,-0.001027,0.0,False,False,False,False,True,False
1,inf,/home/sunshixin/chenchao/my_rlaf/runs/analysis/echosat_symmetry_grpo_v1_7_acceptance_v1_2_iter15_canonical_low_warmup_wc1_per_instance.csv,2,subset_cardinality_bw8,perm_seed1730,subset_cardinality_bw8_perm1730,subset_cardinality,weak_symmetry,medium,main,weak,33,76,10.0,5.0,v1_2_iter15,0.000901,0.000901,110.0,76.0,True,0.001545,0.001545,127.0,80.0,True,0.003284,0.0482120738830566,100.0,79.0,True,0.003284,0.0499715810373425,100.0,79.0,True,0.001557,0.0503572080667615,103.0,83.0,True,True,True,0.001141,1.0,5.0,49.16338348388672,33,0.6931471824645996,True,0.0021126270294189,-0.001727,0.000385627029419,0.000656,0.0494562080667615,3.0,4.0,0.0006439999999999,0.001739,True,False,False,False,True,False
1,inf,/home/sunshixin/chenchao/my_rlaf/runs/analysis/echosat_symmetry_grpo_v1_7_acceptance_v1_2_iter15_canonical_low_warmup_wc1_per_instance.csv,2,subset_cardinality_bw8,perm_seed1731,subset_cardinality_bw8_perm1731,subset_cardinality,weak_symmetry,medium,main,weak,33,76,10.0,5.0,v1_2_iter15,0.000876,0.000876,91.0,70.0,True,0.001563,0.001563,102.0,79.0,True,0.00305,0.0479780738830566,81.0,70.0,True,0.00305,0.049495719543159,81.0,70.0,True,0.003297,0.0518553465725779,95.0,79.0,True,True,True,0.000811,1.0,11.0,55.44180679321289,33,0.6931471824645996,True,0.0021126270294189,0.0002469999999999,0.0023596270294189,0.002421,0.0509793465725779,14.0,9.0,0.0006869999999999,0.001487,False,False,False,False,True,False
3,inf,/home/sunshixin/chenchao/my_rlaf/runs/analysis/echosat_symmetry_grpo_v1_7_acceptance_v1_2_iter15_canonical_low_warmup_wc3_per_instance.csv,0,k10_color9,base,k10_color9,complete_coloring,strong_symmetry,large,main,strong,90,775,10.0,5.0,v1_2_iter15,3.38161,3.38161,340861.0,314066.0,True,3.17909,3.17909,322229.0,299168.0,True,3.22501,3.3487315995788576,321840.0,298649.0,True,3.22501,3.357677209972501,321840.0,298649.0,True,3.49215,3.628323393596769,392457.0,365617.0,True,True,True,0.007336,3.0,9.0,195.45620727539065,90,1.0986123085021973,True,0.0035061836242675,0.2671399999999999,0.2706461836242679,0.1105400000000003,0.2467133935967691,70617.0,66968.0,-0.2025199999999998,0.0459200000000001,False,False,False,False,True,False
3,inf,/home/sunshixin/chenchao/my_rlaf/runs/analysis/echosat_symmetry_grpo_v1_7_acceptance_v1_2_iter15_canonical_low_warmup_wc3_per_instance.csv,0,k10_color9,perm_seed1730,k10_color9_perm1730,complete_coloring,strong_symmetry,large,main,strong,90,775,10.0,5.0,v1_2_iter15,3.99421,3.99421,413643.0,382655.0,True,3.23438,3.23438,283792.0,262594.0,True,2.94815,3.071871599578857,247778.0,229737.0,True,2.94815,3.080193061127305,247778.0,229737.0,True,2.95825,3.0937992447515725,335851.0,314384.0,True,True,True,0.007424,3.0,9.0,194.30953979492188,90,1.0986123085021973,True,0.0035061836242675,0.0100999999999999,0.0136061836242675,-1.0359599999999998,-0.9004107552484273,88073.0,84647.0,-0.75983,-0.2862299999999997,False,True,True,False,True,False
3,inf,/home/sunshixin/chenchao/my_rlaf/runs/analysis/echosat_symmetry_grpo_v1_7_acceptance_v1_2_iter15_canonical_low_warmup_wc3_per_instance.csv,0,k10_color9,perm_seed1731,k10_color9_perm1731,complete_coloring,strong_symmetry,large,main,strong,90,775,10.0,5.0,v1_2_iter15,3.17119,3.17119,340033.0,312592.0,True,3.06275,3.06275,290369.0,269757.0,True,3.05688,3.180601599578857,290369.0,269757.0,True,3.05688,3.1940746540046336,290369.0,269757.0,True,3.94224,4.082940837628901,406630.0,380678.0,True,True,True,0.012716,3.0,9.0,193.47189331054688,90,1.0986123085021973,True,0.0035061836242675,0.8853599999999999,0.8888661836242675,0.7710499999999998,0.911750837628901,116261.0,110921.0,-0.1084400000000003,-0.0058699999999998,False,False,False,False,True,False
3,inf,/home/sunshixin/chenchao/my_rlaf/runs/analysis/echosat_symmetry_grpo_v1_7_acceptance_v1_2_iter15_canonical_low_warmup_wc3_per_instance.csv,0,k8_color7,base,k8_color7,complete_coloring,strong_symmetry,large,main,strong,56,372,10.0,5.0,v1_2_iter15,0.05532,0.05532,6158.0,5600.0,True,0.039527,0.039527,5946.0,5440.0,True,0.042861,0.1665825995788574,5946.0,5440.0,True,0.042861,0.1710150339201092,5946.0,5440.0,True,0.026547,0.1582072175443768,5622.0,5167.0,True,True,True,0.003714,3.0,7.0,125.01708984375,56,1.0986123085021973,True,0.0035061836242675,-0.016314,-0.0128078163757323,-0.028773,0.1028872175443768,-324.0,-273.0,-0.015793,0.003334,True,True,False,True,False,False
3,inf,/home/sunshixin/chenchao/my_rlaf/runs/analysis/echosat_symmetry_grpo_v1_7_acceptance_v1_2_iter15_canonical_low_warmup_wc3_per_instance.csv,0,k8_color7,perm_seed1730,k8_color7_perm1730,complete_coloring,strong_symmetry,large,main,strong,56,372,10.0,5.0,v1_2_iter15,0.050509,0.050509,6138.0,5624.0,True,0.040945,0.040945,6264.0,5696.0,True,0.044537,0.1682585995788574,6264.0,5696.0,True,0.044537,0.172581489075601,6264.0,5696.0,True,0.031328,0.1628786726998686,5613.0,5176.0,True,True,True,0.003516,3.0,7.0,125.1129913330078,56,1.0986123085021973,True,0.0035061836242675,-0.0132089999999999,-0.0097028163757323,-0.0191809999999999,0.1123696726998686,-651.0,-520.0,-0.0095639999999999,0.0035919999999999,True,True,False,True,False,False
3,inf,/home/sunshixin/chenchao/my_rlaf/runs/analysis/echosat_symmetry_grpo_v1_7_acceptance_v1_2_iter15_canonical_low_warmup_wc3_per_instance.csv,0,k8_color7,perm_seed1731,k8_color7_perm1731,complete_coloring,strong_symmetry,large,main,strong,56,372,10.0,5.0,v1_2_iter15,0.041791,0.041791,5800.0,5271.0,True,0.04599,0.04599,6148.0,5641.0,True,0.046473,0.1701945995788574,6148.0,5641.0,True,0.046473,0.1783664167706966,6148.0,5641.0,True,0.027431,0.1628306003949642,5789.0,5309.0,True,True,True,0.00729,3.0,7.0,125.51768493652344,56,1.0986123085021973,True,0.0035061836242675,-0.019042,-0.0155358163757323,-0.01436,0.1210396003949642,-359.0,-332.0,0.004199,0.0004829999999999,True,True,False,True,False,False
3,inf,/home/sunshixin/chenchao/my_rlaf/runs/analysis/echosat_symmetry_grpo_v1_7_acceptance_v1_2_iter15_canonical_low_warmup_wc3_per_instance.csv,0,k9_color8,base,k9_color8,complete_coloring,strong_symmetry,large,main,strong,72,549,10.0,5.0,v1_2_iter15,0.543192,0.543192,46557.0,43529.0,True,0.496656,0.496656,44352.0,41138.0,True,0.461026,0.5847475995788574,43519.0,40436.0,True,0.461026,0.5951554619389772,43519.0,40436.0,True,0.366595,0.5042306455632448,41815.0,39084.0,True,True,True,0.009679,3.0,8.0,158.36375427246094,72,1.0986123085021973,True,0.0035061836242675,-0.0944309999999999,-0.0909248163757323,-0.176597,-0.0389613544367551,-1704.0,-1352.0,-0.046536,-0.0356299999999999,True,True,True,True,False,False
3,inf,/home/sunshixin/chenchao/my_rlaf/runs/analysis/echosat_symmetry_grpo_v1_7_acceptance_v1_2_iter15_canonical_low_warmup_wc3_per_instance.csv,0,k9_color8,perm_seed1730,k9_color8_perm1730,complete_coloring,strong_symmetry,large,main,strong,72,549,10.0,5.0,v1_2_iter15,0.375814,0.375814,39708.0,36681.0,True,0.508262,0.508262,45794.0,42555.0,True,0.519612,0.6433335995788574,45794.0,42555.0,True,0.519612,0.6507384244760871,45794.0,42555.0,True,0.348772,0.4834046081003547,43427.0,40378.0,True,True,True,0.006673,3.0,10.0,157.64891052246094,72,1.0986123085021973,True,0.0035061836242675,-0.1708399999999999,-0.1673338163757324,-0.0270419999999999,0.1075906081003547,-2367.0,-2177.0,0.132448,0.0113499999999999,True,True,False,True,False,False
3,inf,/home/sunshixin/chenchao/my_rlaf/runs/analysis/echosat_symmetry_grpo_v1_7_acceptance_v1_2_iter15_canonical_low_warmup_wc3_per_instance.csv,0,k9_color8,perm_seed1731,k9_color8_perm1731,complete_coloring,strong_symmetry,large,main,strong,72,549,10.0,5.0,v1_2_iter15,0.497394,0.497394,47177.0,43763.0,True,0.532125,0.532125,47579.0,44103.0,True,0.538498,0.6691010750274659,47579.0,44103.0,True,0.538498,0.6765243143023253,47579.0,44103.0,True,0.368777,0.5094640656450987,42271.0,39351.0,True,True,True,0.006699,3.0,8.0,158.0809783935547,72,1.0986123085021973,True,0.0026607513427734,-0.169721,-0.1670602486572265,-0.1286169999999999,0.0120700656450987,-5308.0,-4752.0,0.0347309999999999,0.006373,True,True,False,True,False,False
3,inf,/home/sunshixin/chenchao/my_rlaf/runs/analysis/echosat_symmetry_grpo_v1_7_acceptance_v1_2_iter15_canonical_low_warmup_wc3_per_instance.csv,0,php_p10_h9,base,php_p10_h9,php,strong_symmetry,large,main,strong,90,775,10.0,5.0,v1_2_iter15,3.32807,3.32807,340861.0,314066.0,True,3.24512,3.24512,322229.0,299168.0,True,3.17897,3.309573075027466,321840.0,298649.0,True,3.17897,3.3181774400261643,321840.0,298649.0,True,3.40026,3.542128191368937,392457.0,365617.0,True,True,True,0.007636,3.0,9.0,195.45620727539065,90,1.0986123085021973,True,0.0026607513427734,0.2212899999999997,0.2239507513427727,0.0721899999999999,0.2140581913689372,70617.0,66968.0,-0.0829499999999998,-0.0661499999999999,False,False,False,False,True,False
3,inf,/home/sunshixin/chenchao/my_rlaf/runs/analysis/echosat_symmetry_grpo_v1_7_acceptance_v1_2_iter15_canonical_low_warmup_wc3_per_instance.csv,0,php_p10_h9,perm_seed1730,php_p10_h9_perm1730,php,strong_symmetry,large,main,strong,90,775,10.0,5.0,v1_2_iter15,3.90427,3.90427,413643.0,382655.0,True,3.24115,3.24115,283792.0,262594.0,True,2.95591,3.0865130750274656,247778.0,229737.0,True,2.95591,3.094898692896962,247778.0,229737.0,True,2.98527,3.126919444239736,335851.0,314384.0,True,True,True,0.00769,3.0,9.0,194.30953979492188,90,1.0986123085021973,True,0.0026607513427734,0.02936,0.0320207513427739,-0.919,-0.7773505557602638,88073.0,84647.0,-0.6631199999999997,-0.2852400000000004,False,True,True,False,True,False
3,inf,/home/sunshixin/chenchao/my_rlaf/runs/analysis/echosat_symmetry_grpo_v1_7_acceptance_v1_2_iter15_canonical_low_warmup_wc3_per_instance.csv,0,php_p10_h9,perm_seed1731,php_p10_h9_perm1731,php,strong_symmetry,large,main,strong,90,775,10.0,5.0,v1_2_iter15,3.24006,3.24006,340033.0,312592.0,True,3.04433,3.04433,290369.0,269757.0,True,3.03107,3.161673075027466,290369.0,269757.0,True,3.03107,3.172823688274026,290369.0,269757.0,True,4.05448,4.198894439616799,406630.0,380678.0,True,True,True,0.01042,3.0,9.0,193.47189331054688,90,1.0986123085021973,True,0.0026607513427734,1.0234099999999997,1.0260707513427731,0.8144199999999997,0.9588344396167988,116261.0,110921.0,-0.1957300000000001,-0.0132599999999998,False,False,False,False,True,False
3,inf,/home/sunshixin/chenchao/my_rlaf/runs/analysis/echosat_symmetry_grpo_v1_7_acceptance_v1_2_iter15_canonical_low_warmup_wc3_per_instance.csv,0,php_p9_h8,base,php_p9_h8,php,strong_symmetry,large,main,strong,72,549,10.0,5.0,v1_2_iter15,0.555363,0.555363,46557.0,43529.0,True,0.498821,0.498821,44352.0,41138.0,True,0.463915,0.5945180750274659,43519.0,40436.0,True,0.463915,0.6050545088301301,43519.0,40436.0,True,0.387388,0.5311882601729035,41815.0,39084.0,True,True,True,0.009797,3.0,8.0,158.36375427246094,72,1.0986123085021973,True,0.0026607513427734,-0.076527,-0.0738662486572265,-0.167975,-0.0241747398270965,-1704.0,-1352.0,-0.056542,-0.0349059999999999,True,True,True,True,False,False
3,inf,/home/sunshixin/chenchao/my_rlaf/runs/analysis/echosat_symmetry_grpo_v1_7_acceptance_v1_2_iter15_canonical_low_warmup_wc3_per_instance.csv,0,php_p9_h8,perm_seed1730,php_p9_h8_perm1730,php,strong_symmetry,large,main,strong,72,549,10.0,5.0,v1_2_iter15,0.375572,0.375572,39708.0,36681.0,True,0.514167,0.514167,45794.0,42555.0,True,0.519666,0.6502690750274658,45794.0,42555.0,True,0.519666,0.660809222364366,45794.0,42555.0,True,0.34952,0.4933239737071395,43427.0,40378.0,True,True,True,0.009598,3.0,10.0,157.64891052246094,72,1.0986123085021973,True,0.0026607513427734,-0.1701459999999999,-0.1674852486572265,-0.026052,0.1177519737071394,-2367.0,-2177.0,0.138595,0.0054989999999999,True,True,False,True,False,False
3,inf,/home/sunshixin/chenchao/my_rlaf/runs/analysis/echosat_symmetry_grpo_v1_7_acceptance_v1_2_iter15_canonical_low_warmup_wc3_per_instance.csv,0,php_p9_h8,perm_seed1731,php_p9_h8_perm1731,php,strong_symmetry,large,main,strong,72,549,10.0,5.0,v1_2_iter15,0.490575,0.490575,47177.0,43763.0,True,0.526621,0.526621,47579.0,44103.0,True,0.534448,0.6650510750274659,47579.0,44103.0,True,0.534448,0.6720206756619216,47579.0,44103.0,True,0.369496,0.5097294270046949,42271.0,39351.0,True,True,True,0.006183,3.0,8.0,158.0809783935547,72,1.0986123085021973,True,0.0026607513427734,-0.164952,-0.1622912486572266,-0.1210789999999999,0.0191544270046949,-5308.0,-4752.0,0.036046,0.007827,True,True,False,True,False,False
3,inf,/home/sunshixin/chenchao/my_rlaf/runs/analysis/echosat_symmetry_grpo_v1_7_acceptance_v1_2_iter15_canonical_low_warmup_wc3_per_instance.csv,0,random_3sat_control_v160_c704_seed2615,base,random_3sat_control_v160_c704_seed2615,random_3sat_control,non_symmetric_control,large,control,none,160,704,10.0,5.0,v1_2_iter15,0.056191,0.056191,6771.0,5767.0,True,0.040519,0.040519,5702.0,4813.0,True,0.039578,0.1701810750274658,4859.0,4212.0,True,0.039578,0.1780047063410878,4859.0,4212.0,True,0.041619,0.1827064576838612,5524.0,4731.0,True,False,False,0.006983,3.0,22.0,360.5569458007813,160,1.0986123085021973,True,0.0026607513427734,0.002041,0.0047017513427733,-0.0145719999999999,0.1265154576838612,665.0,519.0,-0.015672,-0.0009409999999999,False,True,False,False,True,True
3,inf,/home/sunshixin/chenchao/my_rlaf/runs/analysis/echosat_symmetry_grpo_v1_7_acceptance_v1_2_iter15_canonical_low_warmup_wc3_per_instance.csv,0,random_3sat_control_v160_c704_seed2615,perm_seed1730,random_3sat_control_v160_c704_seed2615_perm1730,random_3sat_control,non_symmetric_control,large,control,none,160,704,10.0,5.0,v1_2_iter15,0.081313,0.081313,8522.0,7299.0,True,0.075026,0.075026,7934.0,6809.0,True,0.034929,0.1889040099182128,4602.0,4008.0,True,0.034929,0.1900856268355846,4602.0,4008.0,True,0.046986,0.2070218630568981,5950.0,5073.0,True,False,False,0.000397,3.0,22.0,363.3272399902344,160,1.0986123085021973,True,0.0048792362213134,0.0120569999999999,0.0169362362213134,-0.0343269999999999,0.1257088630568981,1348.0,1065.0,-0.006287,-0.0400969999999999,False,True,False,False,True,True
3,inf,/home/sunshixin/chenchao/my_rlaf/runs/analysis/echosat_symmetry_grpo_v1_7_acceptance_v1_2_iter15_canonical_low_warmup_wc3_per_instance.csv,0,random_3sat_control_v160_c704_seed2615,perm_seed1731,random_3sat_control_v160_c704_seed2615_perm1731,random_3sat_control,non_symmetric_control,large,control,none,160,704,10.0,5.0,v1_2_iter15,0.03682,0.03682,5676.0,4847.0,True,0.073328,0.073328,8017.0,6851.0,True,0.038707,0.1926820099182128,4961.0,4384.0,True,0.038707,0.1970567280436754,4961.0,4384.0,True,0.052815,0.2160439642649889,5676.0,4831.0,True,False,False,0.003355,3.0,22.0,364.4381408691406,160,1.0986123085021973,True,0.0048792362213134,0.014108,0.0189872362213134,0.015995,0.1792239642649889,715.0,447.0,0.036508,-0.034621,False,False,False,False,True,True
3,inf,/home/sunshixin/chenchao/my_rlaf/runs/analysis/echosat_symmetry_grpo_v1_7_acceptance_v1_2_iter15_canonical_low_warmup_wc3_per_instance.csv,0,random_3sat_control_v180_c760_seed3301,base,random_3sat_control_v180_c760_seed3301,random_3sat_control,non_symmetric_control,large,control,none,180,760,10.0,5.0,v1_2_iter15,0.38342,0.38342,27442.0,23617.0,True,0.119786,0.119786,10470.0,8910.0,True,0.013411,0.1673860099182129,693.0,567.0,True,0.013411,0.1780361728070378,693.0,567.0,True,0.180583,0.3500874090283513,16151.0,14012.0,True,False,False,0.009806,3.0,28.0,430.4636840820313,180,1.0986123085021973,True,0.0048792362213134,0.167172,0.1720512362213135,-0.202837,-0.0333325909716487,15458.0,13445.0,-0.263634,-0.106375,False,True,True,False,True,True
3,inf,/home/sunshixin/chenchao/my_rlaf/runs/analysis/echosat_symmetry_grpo_v1_7_acceptance_v1_2_iter15_canonical_low_warmup_wc3_per_instance.csv,0,random_3sat_control_v180_c760_seed3301,perm_seed1730,random_3sat_control_v180_c760_seed3301_perm1730,random_3sat_control,non_symmetric_control,large,control,none,180,760,10.0,5.0,v1_2_iter15,0.802482,0.802482,47649.0,41152.0,True,0.067777,0.067777,7421.0,6253.0,True,0.011376,0.1653510099182129,643.0,525.0,True,0.011376,0.1700264669799208,643.0,525.0,True,0.153714,0.3172437032012343,14349.0,12462.0,True,False,False,0.003878,3.0,28.0,431.2578125,180,1.0986123085021973,True,0.0048792362213134,0.142338,0.1472172362213135,-0.648768,-0.4852382967987657,13706.0,11937.0,-0.734705,-0.056401,False,True,True,False,True,True
3,inf,/home/sunshixin/chenchao/my_rlaf/runs/analysis/echosat_symmetry_grpo_v1_7_acceptance_v1_2_iter15_canonical_low_warmup_wc3_per_instance.csv,0,random_3sat_control_v180_c760_seed3301,perm_seed1731,random_3sat_control_v180_c760_seed3301_perm1731,random_3sat_control,non_symmetric_control,large,control,none,180,760,10.0,5.0,v1_2_iter15,0.383834,0.383834,27197.0,23469.0,True,0.098933,0.098933,9011.0,7714.0,True,0.014977,0.1689520099182128,590.0,484.0,True,0.014977,0.1734888998044729,590.0,484.0,True,0.161771,0.3251621360257863,15493.0,13430.0,True,False,False,0.00374,3.0,28.0,430.8958129882813,180,1.0986123085021973,True,0.0048792362213134,0.146794,0.1516732362213134,-0.222063,-0.0586718639742137,14903.0,12946.0,-0.284901,-0.0839559999999999,False,True,True,False,True,True
3,inf,/home/sunshixin/chenchao/my_rlaf/runs/analysis/echosat_symmetry_grpo_v1_7_acceptance_v1_2_iter15_canonical_low_warmup_wc3_per_instance.csv,0,random_3sat_control_v220_c928_seed3303,base,random_3sat_control_v220_c928_seed3303,random_3sat_control,non_symmetric_control,large,control,none,220,928,10.0,5.0,v1_2_iter15,0.561612,0.561612,30277.0,25994.0,True,0.344075,0.344075,22265.0,19025.0,True,0.003137,0.1571120099182129,62.0,4.0,True,0.003137,0.1628883214548826,62.0,4.0,True,0.008541,0.1731715576761961,398.0,265.0,True,False,False,0.004674,3.0,39.0,455.798828125,220,1.0986123085021973,True,0.0048792362213134,0.005404,0.0102832362213134,-0.553071,-0.3884404423238039,336.0,261.0,-0.2175369999999999,-0.340938,False,True,True,False,True,True
3,inf,/home/sunshixin/chenchao/my_rlaf/runs/analysis/echosat_symmetry_grpo_v1_7_acceptance_v1_2_iter15_canonical_low_warmup_wc3_per_instance.csv,0,random_3sat_control_v220_c928_seed3303,perm_seed1730,random_3sat_control_v220_c928_seed3303_perm1730,random_3sat_control,non_symmetric_control,large,control,none,220,928,10.0,5.0,v1_2_iter15,1.08751,1.08751,52742.0,45477.0,True,0.157288,0.157288,13039.0,11071.0,True,0.003407,0.1573820099182128,62.0,4.0,True,0.003407,0.1630415253551006,62.0,4.0,True,0.008931,0.1734447615764141,388.0,273.0,True,False,False,0.00484,3.0,39.0,453.5053405761719,220,1.0986123085021973,True,0.0048792362213134,0.0055239999999999,0.0104032362213135,-1.078579,-0.914065238423586,326.0,269.0,-0.930222,-0.153881,False,True,True,False,True,True
3,inf,/home/sunshixin/chenchao/my_rlaf/runs/analysis/echosat_symmetry_grpo_v1_7_acceptance_v1_2_iter15_canonical_low_warmup_wc3_per_instance.csv,0,random_3sat_control_v220_c928_seed3303,perm_seed1731,random_3sat_control_v220_c928_seed3303_perm1731,random_3sat_control,non_symmetric_control,large,control,none,220,928,10.0,5.0,v1_2_iter15,0.051954,0.051954,4930.0,4147.0,True,0.277432,0.277432,19684.0,16814.0,True,0.003231,0.1572060099182129,63.0,4.0,True,0.003231,0.1653850748723149,63.0,4.0,True,0.002444,0.1694773110936284,364.0,269.0,True,False,False,0.007293,3.0,39.0,458.748046875,220,1.0986123085021973,True,0.0048792362213134,-0.0007869999999999,0.0040922362213134,-0.04951,0.1175233110936284,301.0,265.0,0.225478,-0.274201,True,True,False,False,True,True
3,inf,/home/sunshixin/chenchao/my_rlaf/runs/analysis/echosat_symmetry_grpo_v1_7_acceptance_v1_2_iter15_canonical_low_warmup_wc3_per_instance.csv,0,random_3sat_control_v220_c942_seed3304,base,random_3sat_control_v220_c942_seed3304,random_3sat_control,non_symmetric_control,large,control,none,220,942,10.0,5.0,v1_2_iter15,0.521941,0.521941,35472.0,30813.0,True,0.748204,0.748204,41376.0,36046.0,True,0.3497,0.5221674701690674,26754.0,23980.0,True,0.3497,0.5310233225716352,26754.0,23980.0,True,0.56329,0.7492655843056439,41828.0,37443.0,True,False,False,0.007967,3.0,26.0,416.5282897949219,220,1.0986123085021973,True,0.0046522617340087,0.2135899999999999,0.2182422617340087,0.0413489999999999,0.2273245843056439,15074.0,13463.0,0.226263,-0.3985039999999999,False,False,False,False,True,True
3,inf,/home/sunshixin/chenchao/my_rlaf/runs/analysis/echosat_symmetry_grpo_v1_7_acceptance_v1_2_iter15_canonical_low_warmup_wc3_per_instance.csv,0,random_3sat_control_v220_c942_seed3304,perm_seed1730,random_3sat_control_v220_c942_seed3304_perm1730,random_3sat_control,non_symmetric_control,large,control,none,220,942,10.0,5.0,v1_2_iter15,0.50891,0.50891,34825.0,30052.0,True,0.488117,0.488117,33221.0,28818.0,True,0.347412,0.5198794701690674,26445.0,23804.0,True,0.347412,0.524565572449863,26445.0,23804.0,True,0.563285,0.7450908341838718,42293.0,38083.0,True,False,False,0.003668,3.0,26.0,423.32037353515625,220,1.0986123085021973,True,0.0046522617340087,0.215873,0.2205252617340087,0.054375,0.2361808341838718,15848.0,14279.0,-0.0207929999999999,-0.140705,False,False,False,False,True,True
3,inf,/home/sunshixin/chenchao/my_rlaf/runs/analysis/echosat_symmetry_grpo_v1_7_acceptance_v1_2_iter15_canonical_low_warmup_wc3_per_instance.csv,0,random_3sat_control_v220_c942_seed3304,perm_seed1731,random_3sat_control_v220_c942_seed3304_perm1731,random_3sat_control,non_symmetric_control,large,control,none,220,942,10.0,5.0,v1_2_iter15,0.554432,0.554432,38737.0,33758.0,True,0.615402,0.615402,38909.0,33544.0,True,0.336697,0.5091644701690674,26149.0,23448.0,True,0.336697,0.5207503896540999,26149.0,23448.0,True,0.552367,0.7410726513881087,40809.0,36653.0,True,False,False,0.010724,3.0,26.0,418.775390625,220,1.0986123085021973,True,0.0046522617340087,0.21567,0.2203222617340088,-0.0020649999999999,0.1866406513881087,14660.0,13205.0,0.0609699999999999,-0.278705,False,True,False,False,True,True
3,inf,/home/sunshixin/chenchao/my_rlaf/runs/analysis/echosat_symmetry_grpo_v1_7_acceptance_v1_2_iter15_canonical_low_warmup_wc3_per_instance.csv,0,random_3sat_control_v260_c1097_seed3305,base,random_3sat_control_v260_c1097_seed3305,random_3sat_control,non_symmetric_control,large,control,none,260,1097,10.0,5.0,v1_2_iter15,5.288,5.288,216854.0,188499.0,True,1.77848,1.77848,73626.0,64181.0,True,1.13862,1.3110874701690671,60642.0,54350.0,True,1.13862,1.31481640602839,60642.0,54350.0,True,0.718716,0.8995646677623987,48332.0,42862.0,True,False,False,0.002857,3.0,35.0,492.83697509765625,260,1.0986123085021973,True,0.0046522617340087,-0.4199039999999999,-0.4152517382659912,-4.569284000000001,-4.388435332237601,-12310.0,-11488.0,-3.50952,-0.6398600000000001,True,True,True,True,False,True
3,inf,/home/sunshixin/chenchao/my_rlaf/runs/analysis/echosat_symmetry_grpo_v1_7_acceptance_v1_2_iter15_canonical_low_warmup_wc3_per_instance.csv,0,random_3sat_control_v260_c1097_seed3305,perm_seed1730,random_3sat_control_v260_c1097_seed3305_perm1730,random_3sat_control,non_symmetric_control,large,control,none,260,1097,10.0,5.0,v1_2_iter15,5.60133,5.60133,224505.0,195557.0,True,0.488391,0.488391,27246.0,23387.0,True,1.16222,1.3346874701690674,60686.0,54724.0,True,1.16222,1.3464144105552436,60686.0,54724.0,True,0.446168,0.6350146722892522,31797.0,27977.0,True,False,False,0.010658,3.0,35.0,494.8829650878906,260,1.0986123085021973,True,0.0046522617340087,-0.716052,-0.7113997382659913,-5.155162,-4.966315327710747,-28889.0,-26747.0,-5.112939,0.673829,True,True,True,True,False,True
3,inf,/home/sunshixin/chenchao/my_rlaf/runs/analysis/echosat_symmetry_grpo_v1_7_acceptance_v1_2_iter15_canonical_low_warmup_wc3_per_instance.csv,0,random_3sat_control_v260_c1097_seed3305,perm_seed1731,random_3sat_control_v260_c1097_seed3305_perm1731,random_3sat_control,non_symmetric_control,large,control,none,260,1097,10.0,5.0,v1_2_iter15,3.11103,3.11103,105916.0,92052.0,True,4.2663,4.2663,162997.0,142194.0,True,0.843741,1.0162084701690677,48534.0,43247.0,True,0.843741,1.0215645821461676,48534.0,43247.0,True,0.623983,0.8064588438801765,42249.0,37108.0,True,False,False,0.00441,3.0,35.0,493.7220764160156,260,1.0986123085021973,True,0.0046522617340087,-0.219758,-0.2151057382659911,-2.487047,-2.3045711561198234,-6285.0,-6139.0,1.1552700000000002,-3.422559,True,True,True,True,False,True
3,inf,/home/sunshixin/chenchao/my_rlaf/runs/analysis/echosat_symmetry_grpo_v1_7_acceptance_v1_2_iter15_canonical_low_warmup_wc3_per_instance.csv,0,random_3sat_control_v260_c1113_seed3306,base,random_3sat_control_v260_c1113_seed3306,random_3sat_control,non_symmetric_control,large,control,none,260,1113,10.0,5.0,v1_2_iter15,4.17835,4.17835,178146.0,155541.0,True,4.54689,4.54689,186876.0,163308.0,True,4.90208,5.074547470169067,226200.0,205404.0,True,4.90208,5.079582621072531,226200.0,205404.0,True,5.21915,5.40130488280654,278578.0,245881.0,True,False,False,0.004175,3.0,34.0,480.0674743652344,260,0.6931471824645996,True,0.0046522617340087,0.3170700000000002,0.3217222617340098,1.0408,1.2229548828065404,52378.0,40477.0,0.3685400000000003,0.3551899999999994,False,False,False,False,True,True
3,inf,/home/sunshixin/chenchao/my_rlaf/runs/analysis/echosat_symmetry_grpo_v1_7_acceptance_v1_2_iter15_canonical_low_warmup_wc3_per_instance.csv,0,random_3sat_control_v260_c1113_seed3306,perm_seed1730,random_3sat_control_v260_c1113_seed3306_perm1730,random_3sat_control,non_symmetric_control,large,control,none,260,1113,10.0,5.0,v1_2_iter15,3.97505,3.97505,171334.0,149746.0,True,5.14283,5.14283,206936.0,180741.0,True,4.22764,4.4001074701690674,206101.0,186162.0,True,4.22764,4.408161972932935,206101.0,186162.0,True,5.05491,5.240084234666943,274989.0,242640.0,True,False,False,0.007187,3.0,34.0,478.7396240234375,260,0.6931471824645996,True,0.0046522617340087,0.8272699999999995,0.8319222617340083,1.0798599999999996,1.2650342346669432,68888.0,56478.0,1.16778,-0.91519,False,False,False,False,True,True
3,inf,/home/sunshixin/chenchao/my_rlaf/runs/analysis/echosat_symmetry_grpo_v1_7_acceptance_v1_2_iter15_canonical_low_warmup_wc3_per_instance.csv,0,random_3sat_control_v260_c1113_seed3306,perm_seed1731,random_3sat_control_v260_c1113_seed3306_perm1731,random_3sat_control,non_symmetric_control,large,control,none,260,1113,10.0,5.0,v1_2_iter15,4.99515,4.99515,202621.0,177648.0,True,5.21351,5.21351,214985.0,187707.0,True,4.64761,4.732622912750244,217745.0,196903.0,True,4.64761,4.74563699792105,217745.0,196903.0,True,5.15708,5.258186412288725,276612.0,244023.0,True,False,False,0.011858,3.0,34.0,481.5274658203125,260,0.6931471824645996,True,0.0030794143676757,0.5094699999999994,0.5125494143676752,0.1619299999999999,0.2630364122887254,58867.0,47120.0,0.2183600000000005,-0.5659000000000001,False,False,False,False,True,True
3,inf,/home/sunshixin/chenchao/my_rlaf/runs/analysis/echosat_symmetry_grpo_v1_7_acceptance_v1_2_iter15_canonical_low_warmup_wc3_per_instance.csv,0,random_3sat_control_v300_c1266_seed3307,base,random_3sat_control_v300_c1266_seed3307,random_3sat_control,non_symmetric_control,large,control,none,300,1266,10.0,5.0,v1_2_iter15,0.19089,0.19089,12894.0,10895.0,True,1.92476,1.92476,71356.0,61376.0,True,0.012059,0.0970719127502441,288.0,182.0,True,0.012059,0.1087233158962726,288.0,182.0,True,0.040389,0.1401327302639484,2974.0,2378.0,True,False,False,0.010749,3.0,48.0,628.0397338867188,300,1.0986123085021973,True,0.0030794143676757,0.02833,0.0314094143676758,-0.150501,-0.0507572697360516,2686.0,2196.0,1.73387,-1.912701,False,True,True,False,True,True
3,inf,/home/sunshixin/chenchao/my_rlaf/runs/analysis/echosat_symmetry_grpo_v1_7_acceptance_v1_2_iter15_canonical_low_warmup_wc3_per_instance.csv,0,random_3sat_control_v300_c1266_seed3307,perm_seed1730,random_3sat_control_v300_c1266_seed3307_perm1730,random_3sat_control,non_symmetric_control,large,control,none,300,1266,10.0,5.0,v1_2_iter15,1.01141,1.01141,43103.0,37339.0,True,1.59818,1.59818,63498.0,54506.0,True,0.016793,0.1018059127502441,321.0,205.0,True,0.016793,0.108168629210174,321.0,205.0,True,0.032488,0.1269430435778498,2745.0,2186.0,True,False,False,0.00547,3.0,48.0,619.230712890625,300,1.0986123085021973,True,0.0030794143676757,0.015695,0.0187744143676757,-0.978922,-0.8844669564221501,2424.0,1981.0,0.58677,-1.581387,False,True,True,False,True,True
3,inf,/home/sunshixin/chenchao/my_rlaf/runs/analysis/echosat_symmetry_grpo_v1_7_acceptance_v1_2_iter15_canonical_low_warmup_wc3_per_instance.csv,0,random_3sat_control_v300_c1266_seed3307,perm_seed1731,random_3sat_control_v300_c1266_seed3307_perm1731,random_3sat_control,non_symmetric_control,large,control,none,300,1266,10.0,5.0,v1_2_iter15,1.63399,1.63399,66962.0,57424.0,True,0.093137,0.093137,7524.0,6304.0,True,0.012583,0.0975959127502441,375.0,247.0,True,0.012583,0.1117111347244381,375.0,247.0,True,0.032589,0.1347965490921139,2941.0,2412.0,True,False,False,0.013064,3.0,48.0,626.5236206054688,300,1.0986123085021973,True,0.0030794143676757,0.020006,0.0230854143676757,-1.601401,-1.499193450907886,2566.0,2165.0,-1.540853,-0.080554,False,True,True,False,True,True
3,inf,/home/sunshixin/chenchao/my_rlaf/runs/analysis/echosat_symmetry_grpo_v1_7_acceptance_v1_2_iter15_canonical_low_warmup_wc3_per_instance.csv,0,subset_cardinality_bw10,base,subset_cardinality_bw10,subset_cardinality,weak_symmetry,large,main,weak,41,92,10.0,5.0,v1_2_iter15,0.001329,0.001329,193.0,141.0,True,0.004531,0.004531,237.0,193.0,True,0.0,0.0850129127502441,162.0,142.0,True,0.0,0.0889934889940023,162.0,142.0,True,0.001271,0.0933439033616781,185.0,154.0,True,True,True,0.003156,3.0,8.0,94.86821746826172,41,1.0986123085021973,True,0.0030794143676757,0.001271,0.0043504143676757,-5.800000000000011e-05,0.0920149033616781,23.0,12.0,0.003202,-0.004531,False,True,False,False,True,False
3,inf,/home/sunshixin/chenchao/my_rlaf/runs/analysis/echosat_symmetry_grpo_v1_7_acceptance_v1_2_iter15_canonical_low_warmup_wc3_per_instance.csv,0,subset_cardinality_bw10,perm_seed1730,subset_cardinality_bw10_perm1730,subset_cardinality,weak_symmetry,large,main,weak,41,92,10.0,5.0,v1_2_iter15,0.003616,0.003616,218.0,167.0,True,0.002296,0.002296,221.0,169.0,True,0.001451,0.0864639127502441,156.0,137.0,True,0.001451,0.0902166502457857,156.0,137.0,True,0.004164,0.0960090646134615,177.0,145.0,True,True,True,0.003094,3.0,10.0,98.69181823730467,41,1.0986123085021973,True,0.0030794143676757,0.002713,0.0057924143676757,0.000548,0.0923930646134615,21.0,8.0,-0.00132,-0.0008449999999999,False,False,False,False,True,False
3,inf,/home/sunshixin/chenchao/my_rlaf/runs/analysis/echosat_symmetry_grpo_v1_7_acceptance_v1_2_iter15_canonical_low_warmup_wc3_per_instance.csv,0,subset_cardinality_bw10,perm_seed1731,subset_cardinality_bw10_perm1731,subset_cardinality,weak_symmetry,large,main,weak,41,92,10.0,5.0,v1_2_iter15,0.001346,0.001346,202.0,147.0,True,0.002292,0.002292,247.0,155.0,True,0.001287,0.0862999127502441,203.0,164.0,True,0.001287,0.0877761220400333,203.0,164.0,True,0.002258,0.0918265364077091,215.0,153.0,True,True,True,0.000776,3.0,7.0,87.48927307128906,41,1.0986123085021973,True,0.0030794143676757,0.000971,0.0040504143676758,0.000912,0.0904805364077091,12.0,-11.0,0.000946,-0.001005,False,False,False,False,True,False
3,inf,/home/sunshixin/chenchao/my_rlaf/runs/analysis/echosat_symmetry_grpo_v1_7_acceptance_v1_2_iter15_canonical_low_warmup_wc3_per_instance.csv,0,subset_cardinality_bw12,base,subset_cardinality_bw12,subset_cardinality,weak_symmetry,large,main,weak,49,108,10.0,5.0,v1_2_iter15,0.004763,0.004763,442.0,342.0,True,0.003032,0.003032,491.0,414.0,True,0.001714,0.0867269127502441,384.0,312.0,True,0.001714,0.0874189906626343,384.0,312.0,True,0.004329,0.0931134050303101,434.0,306.0,True,True,True,0.0,3.0,12.0,104.73371887207033,49,0.6931471824645996,True,0.0030794143676757,0.002615,0.0056944143676758,-0.0004339999999999,0.0883504050303101,50.0,-6.0,-0.001731,-0.001318,False,True,False,False,True,False
3,inf,/home/sunshixin/chenchao/my_rlaf/runs/analysis/echosat_symmetry_grpo_v1_7_acceptance_v1_2_iter15_canonical_low_warmup_wc3_per_instance.csv,0,subset_cardinality_bw12,perm_seed1730,subset_cardinality_bw12_perm1730,subset_cardinality,weak_symmetry,large,main,weak,49,108,10.0,5.0,v1_2_iter15,0.0004,0.0004,440.0,329.0,True,0.005711,0.005711,397.0,314.0,True,0.002705,0.0308696251678466,343.0,268.0,True,0.002705,0.0333190027481913,343.0,268.0,True,0.000708,0.0332946780716776,378.0,296.0,True,True,True,0.001541,3.0,9.0,101.82083892822266,49,1.0986123085021973,True,0.0019726753234863,-0.001997,-2.4324676513698407e-05,0.0003079999999999,0.0328946780716776,35.0,28.0,0.005311,-0.003006,True,False,False,False,True,False
3,inf,/home/sunshixin/chenchao/my_rlaf/runs/analysis/echosat_symmetry_grpo_v1_7_acceptance_v1_2_iter15_canonical_low_warmup_wc3_per_instance.csv,0,subset_cardinality_bw12,perm_seed1731,subset_cardinality_bw12_perm1731,subset_cardinality,weak_symmetry,large,main,weak,49,108,10.0,5.0,v1_2_iter15,0.00045,0.00045,393.0,297.0,True,0.002581,0.002581,439.0,311.0,True,0.001576,0.0297406251678466,363.0,285.0,True,0.001576,0.0333996590339541,363.0,285.0,True,0.001345,0.0351413343574404,358.0,301.0,True,True,True,0.003003,3.0,11.0,104.3914794921875,49,1.0986123085021973,True,0.0019726753234863,-0.0002309999999999,0.0017416753234862,0.000895,0.0346913343574404,-5.0,16.0,0.002131,-0.001005,True,False,False,False,True,False
3,inf,/home/sunshixin/chenchao/my_rlaf/runs/analysis/echosat_symmetry_grpo_v1_7_acceptance_v1_2_iter15_canonical_low_warmup_wc3_per_instance.csv,0,subset_cardinality_bw8,base,subset_cardinality_bw8,subset_cardinality,weak_symmetry,medium,main,weak,33,76,10.0,5.0,v1_2_iter15,0.000348,0.000348,89.0,67.0,True,0.001815,0.001815,106.0,76.0,True,0.000959,0.0291236251678466,84.0,69.0,True,0.000959,0.0312286327838301,84.0,69.0,True,0.0,0.0322423081073164,94.0,76.0,True,True,True,0.00138,3.0,13.0,75.20963287353516,33,1.0986123085021973,True,0.0019726753234863,-0.000959,0.0010136753234863,-0.000348,0.0318943081073164,10.0,7.0,0.001467,-0.000856,True,True,False,False,True,False
3,inf,/home/sunshixin/chenchao/my_rlaf/runs/analysis/echosat_symmetry_grpo_v1_7_acceptance_v1_2_iter15_canonical_low_warmup_wc3_per_instance.csv,0,subset_cardinality_bw8,perm_seed1730,subset_cardinality_bw8_perm1730,subset_cardinality,weak_symmetry,medium,main,weak,33,76,10.0,5.0,v1_2_iter15,0.001325,0.001325,110.0,76.0,True,0.001778,0.001778,127.0,80.0,True,0.000981,0.0291456251678466,100.0,79.0,True,0.000981,0.0312529812203049,100.0,79.0,True,0.0,0.0322446565437912,91.0,67.0,True,True,True,0.001366,3.0,15.0,80.51530456542969,33,1.0986123085021973,True,0.0019726753234863,-0.000981,0.0009916753234863,-0.001325,0.0309196565437912,-9.0,-12.0,0.000453,-0.000797,True,True,False,True,False,False
3,inf,/home/sunshixin/chenchao/my_rlaf/runs/analysis/echosat_symmetry_grpo_v1_7_acceptance_v1_2_iter15_canonical_low_warmup_wc3_per_instance.csv,0,subset_cardinality_bw8,perm_seed1731,subset_cardinality_bw8_perm1731,subset_cardinality,weak_symmetry,medium,main,weak,33,76,10.0,5.0,v1_2_iter15,0.001184,0.001184,91.0,70.0,True,0.0,0.0,102.0,79.0,True,0.000643,0.0288076251678466,81.0,70.0,True,0.000643,0.0305605257555246,81.0,70.0,True,0.002762,0.0346522010790109,91.0,76.0,True,True,True,0.000896,3.0,12.0,79.57261657714844,33,1.0986123085021973,True,0.0019726753234863,0.002119,0.0040916753234863,0.001578,0.0334682010790109,10.0,6.0,-0.001184,0.000643,False,False,False,False,True,False
3,inf,/home/sunshixin/chenchao/my_rlaf/runs/analysis/echosat_symmetry_grpo_v1_7_acceptance_v1_2_iter15_canonical_low_warmup_wc3_per_instance.csv,1,k10_color9,base,k10_color9,complete_coloring,strong_symmetry,large,main,strong,90,775,10.0,5.0,v1_2_iter15,3.25231,3.25231,340861.0,314066.0,True,3.34264,3.34264,322229.0,299168.0,True,3.18564,3.2758418547058104,321840.0,298649.0,True,3.18564,3.2868890186648367,321840.0,298649.0,True,3.47437,3.5786650544314385,392457.0,365617.0,True,True,True,0.007708,3.0,9.0,195.45620727539065,90,1.0986123085021973,True,0.0030460357666015,0.2887300000000001,0.2917760357666017,0.2220599999999999,0.3263550544314384,70617.0,66968.0,0.0903299999999998,-0.157,False,False,False,False,True,False
3,inf,/home/sunshixin/chenchao/my_rlaf/runs/analysis/echosat_symmetry_grpo_v1_7_acceptance_v1_2_iter15_canonical_low_warmup_wc3_per_instance.csv,1,k10_color9,perm_seed1730,k10_color9_perm1730,complete_coloring,strong_symmetry,large,main,strong,90,775,10.0,5.0,v1_2_iter15,4.0106,4.0106,413643.0,382655.0,True,3.39326,3.39326,283792.0,262594.0,True,3.0089,3.0991018547058107,247778.0,229737.0,True,3.0089,3.1033621392291786,247778.0,229737.0,True,2.98451,3.08201817499578,335851.0,314384.0,True,True,True,0.003495,3.0,9.0,194.30953979492188,90,1.0986123085021973,True,0.0030460357666015,-0.0243899999999999,-0.0213439642333987,-1.02609,-0.9285818250042204,88073.0,84647.0,-0.61734,-0.38436,True,True,True,False,True,False
3,inf,/home/sunshixin/chenchao/my_rlaf/runs/analysis/echosat_symmetry_grpo_v1_7_acceptance_v1_2_iter15_canonical_low_warmup_wc3_per_instance.csv,1,k10_color9,perm_seed1731,k10_color9_perm1731,complete_coloring,strong_symmetry,large,main,strong,90,775,10.0,5.0,v1_2_iter15,3.27292,3.27292,340033.0,312592.0,True,3.09923,3.09923,290369.0,269757.0,True,3.02474,3.1149418547058105,290369.0,269757.0,True,3.02474,3.1268543468628525,290369.0,269757.0,True,3.96963,4.074790382629455,406630.0,380678.0,True,True,True,0.011062,3.0,9.0,193.47189331054688,90,1.0986123085021973,True,0.0030460357666015,0.94489,0.9479360357666028,0.6967099999999999,0.8018703826294553,116261.0,110921.0,-0.1736900000000001,-0.0744899999999999,False,False,False,False,True,False
3,inf,/home/sunshixin/chenchao/my_rlaf/runs/analysis/echosat_symmetry_grpo_v1_7_acceptance_v1_2_iter15_canonical_low_warmup_wc3_per_instance.csv,1,k8_color7,base,k8_color7,complete_coloring,strong_symmetry,large,main,strong,56,372,10.0,5.0,v1_2_iter15,0.034976,0.034976,6158.0,5600.0,True,0.040945,0.040945,5946.0,5440.0,True,0.040695,0.1308968547058105,5946.0,5440.0,True,0.040695,0.1352000307757854,5946.0,5440.0,True,0.03258,0.1301310665423869,5622.0,5167.0,True,True,True,0.003532,3.0,7.0,125.01708984375,56,1.0986123085021973,True,0.0030460357666015,-0.008115,-0.0050689642333985,-0.002396,0.0951550665423869,-324.0,-273.0,0.005969,-0.00025,True,True,False,True,False,False
3,inf,/home/sunshixin/chenchao/my_rlaf/runs/analysis/echosat_symmetry_grpo_v1_7_acceptance_v1_2_iter15_canonical_low_warmup_wc3_per_instance.csv,1,k8_color7,perm_seed1730,k8_color7_perm1730,complete_coloring,strong_symmetry,large,main,strong,56,372,10.0,5.0,v1_2_iter15,0.034251,0.034251,6138.0,5624.0,True,0.042569,0.042569,6264.0,5696.0,True,0.04462,0.1348218547058105,6264.0,5696.0,True,0.04462,0.1389240679613352,6264.0,5696.0,True,0.031805,0.1291551037279367,5613.0,5176.0,True,True,True,0.003401,3.0,7.0,125.1129913330078,56,1.0986123085021973,True,0.0030460357666015,-0.012815,-0.0097689642333984,-0.0024459999999999,0.0949041037279367,-651.0,-520.0,0.008318,0.0020509999999999,True,True,False,True,False,False
3,inf,/home/sunshixin/chenchao/my_rlaf/runs/analysis/echosat_symmetry_grpo_v1_7_acceptance_v1_2_iter15_canonical_low_warmup_wc3_per_instance.csv,1,k8_color7,perm_seed1731,k8_color7_perm1731,complete_coloring,strong_symmetry,large,main,strong,56,372,10.0,5.0,v1_2_iter15,0.026377,0.026377,5800.0,5271.0,True,0.048652,0.048652,6148.0,5641.0,True,0.044978,0.1351798547058105,6148.0,5641.0,True,0.044978,0.1425366353163123,6148.0,5641.0,True,0.025814,0.1264186710829138,5789.0,5309.0,True,True,True,0.006662,3.0,7.0,125.51768493652344,56,1.0986123085021973,True,0.0030460357666015,-0.0191639999999999,-0.0161179642333985,-0.000563,0.1000416710829138,-359.0,-332.0,0.022275,-0.003674,True,True,False,True,False,False
3,inf,/home/sunshixin/chenchao/my_rlaf/runs/analysis/echosat_symmetry_grpo_v1_7_acceptance_v1_2_iter15_canonical_low_warmup_wc3_per_instance.csv,1,k9_color8,base,k9_color8,complete_coloring,strong_symmetry,large,main,strong,72,549,10.0,5.0,v1_2_iter15,0.533908,0.533908,46557.0,43529.0,True,0.495312,0.495312,44352.0,41138.0,True,0.469905,0.5601068547058106,43519.0,40436.0,True,0.469905,0.5654399191020132,43519.0,40436.0,True,0.364729,0.4633099548686147,41815.0,39084.0,True,True,True,0.004612,3.0,8.0,158.36375427246094,72,1.0986123085021973,True,0.0030460357666015,-0.1051759999999999,-0.1021299642333984,-0.169179,-0.0705980451313853,-1704.0,-1352.0,-0.038596,-0.0254069999999999,True,True,True,True,False,False
3,inf,/home/sunshixin/chenchao/my_rlaf/runs/analysis/echosat_symmetry_grpo_v1_7_acceptance_v1_2_iter15_canonical_low_warmup_wc3_per_instance.csv,1,k9_color8,perm_seed1730,k9_color8_perm1730,complete_coloring,strong_symmetry,large,main,strong,72,549,10.0,5.0,v1_2_iter15,0.362107,0.362107,39708.0,36681.0,True,0.530231,0.530231,45794.0,42555.0,True,0.518953,0.6091548547058105,45794.0,42555.0,True,0.518953,0.614566029942274,45794.0,42555.0,True,0.348025,0.4466840657088756,43427.0,40378.0,True,True,True,0.004566,3.0,10.0,157.64891052246094,72,1.0986123085021973,True,0.0030460357666015,-0.170928,-0.1678819642333984,-0.014082,0.0845770657088755,-2367.0,-2177.0,0.168124,-0.011278,True,True,False,True,False,False
3,inf,/home/sunshixin/chenchao/my_rlaf/runs/analysis/echosat_symmetry_grpo_v1_7_acceptance_v1_2_iter15_canonical_low_warmup_wc3_per_instance.csv,1,k9_color8,perm_seed1731,k9_color8_perm1731,complete_coloring,strong_symmetry,large,main,strong,72,549,10.0,5.0,v1_2_iter15,0.488554,0.488554,47177.0,43763.0,True,0.531394,0.531394,47579.0,44103.0,True,0.526441,0.6090740184936524,47579.0,44103.0,True,0.526441,0.6184180158955456,47579.0,44103.0,True,0.375332,0.4699063478962779,42271.0,39351.0,True,True,True,0.008615,3.0,8.0,158.0809783935547,72,1.0986123085021973,True,0.0025973320007324,-0.151109,-0.1485116679992676,-0.1132219999999999,-0.0186476521037221,-5308.0,-4752.0,0.04284,-0.0049529999999999,True,True,True,True,False,False
3,inf,/home/sunshixin/chenchao/my_rlaf/runs/analysis/echosat_symmetry_grpo_v1_7_acceptance_v1_2_iter15_canonical_low_warmup_wc3_per_instance.csv,1,php_p10_h9,base,php_p10_h9,php,strong_symmetry,large,main,strong,90,775,10.0,5.0,v1_2_iter15,3.28642,3.28642,340861.0,314066.0,True,3.14999,3.14999,322229.0,299168.0,True,3.18145,3.264083018493652,321840.0,298649.0,True,3.18145,3.269791313437879,321840.0,298649.0,True,3.41378,3.5047186454386114,392457.0,365617.0,True,True,True,0.004981,3.0,9.0,195.45620727539065,90,1.0986123085021973,True,0.0025973320007324,0.2323300000000001,0.2349273320007325,0.1273599999999999,0.2182986454386113,70617.0,66968.0,-0.1364300000000002,0.03146,False,False,False,False,True,False
3,inf,/home/sunshixin/chenchao/my_rlaf/runs/analysis/echosat_symmetry_grpo_v1_7_acceptance_v1_2_iter15_canonical_low_warmup_wc3_per_instance.csv,1,php_p10_h9,perm_seed1730,php_p10_h9_perm1730,php,strong_symmetry,large,main,strong,90,775,10.0,5.0,v1_2_iter15,4.01209,4.01209,413643.0,382655.0,True,3.21126,3.21126,283792.0,262594.0,True,2.93558,3.018213018493652,247778.0,229737.0,True,2.93558,3.032293551616013,247778.0,229737.0,True,3.03001,3.129320883616745,335851.0,314384.0,True,True,True,0.013354,3.0,9.0,194.30953979492188,90,1.0986123085021973,True,0.0025973320007324,0.09443,0.0970273320007319,-0.9820799999999998,-0.8827691163832547,88073.0,84647.0,-0.8008299999999999,-0.2756799999999999,False,True,True,False,True,False
3,inf,/home/sunshixin/chenchao/my_rlaf/runs/analysis/echosat_symmetry_grpo_v1_7_acceptance_v1_2_iter15_canonical_low_warmup_wc3_per_instance.csv,1,php_p10_h9,perm_seed1731,php_p10_h9_perm1731,php,strong_symmetry,large,main,strong,90,775,10.0,5.0,v1_2_iter15,3.16471,3.16471,340033.0,312592.0,True,3.01061,3.01061,290369.0,269757.0,True,3.11203,3.194663018493652,290369.0,269757.0,True,3.11203,3.204371515246391,290369.0,269757.0,True,3.98682,4.081758847247124,406630.0,380678.0,True,True,True,0.008866,3.0,9.0,193.47189331054688,90,1.0986123085021973,True,0.0025973320007324,0.87479,0.8773873320007328,0.8221099999999999,0.917048847247124,116261.0,110921.0,-0.1541000000000001,0.10142,False,False,False,False,True,False
3,inf,/home/sunshixin/chenchao/my_rlaf/runs/analysis/echosat_symmetry_grpo_v1_7_acceptance_v1_2_iter15_canonical_low_warmup_wc3_per_instance.csv,1,php_p9_h8,base,php_p9_h8,php,strong_symmetry,large,main,strong,72,549,10.0,5.0,v1_2_iter15,0.553959,0.553959,46557.0,43529.0,True,0.519154,0.519154,44352.0,41138.0,True,0.463601,0.5462340184936523,43519.0,40436.0,True,0.463601,0.5573991978080273,43519.0,40436.0,True,0.382703,0.4790985298087597,41815.0,39084.0,True,True,True,0.010396,3.0,8.0,158.36375427246094,72,1.0986123085021973,True,0.0025973320007324,-0.0808979999999999,-0.0783006679992675,-0.1712559999999999,-0.0748604701912402,-1704.0,-1352.0,-0.0348049999999999,-0.055553,True,True,True,True,False,False
3,inf,/home/sunshixin/chenchao/my_rlaf/runs/analysis/echosat_symmetry_grpo_v1_7_acceptance_v1_2_iter15_canonical_low_warmup_wc3_per_instance.csv,1,php_p9_h8,perm_seed1730,php_p9_h8_perm1730,php,strong_symmetry,large,main,strong,72,549,10.0,5.0,v1_2_iter15,0.379909,0.379909,39708.0,36681.0,True,0.495385,0.495385,45794.0,42555.0,True,0.501621,0.5842540184936523,45794.0,42555.0,True,0.501621,0.5901575782316327,45794.0,42555.0,True,0.353686,0.4448199102323651,43427.0,40378.0,True,True,True,0.005198,3.0,10.0,157.64891052246094,72,1.0986123085021973,True,0.0025973320007324,-0.1479349999999999,-0.1453376679992676,-0.0262229999999999,0.0649109102323651,-2367.0,-2177.0,0.115476,0.0062359999999999,True,True,False,True,False,False
3,inf,/home/sunshixin/chenchao/my_rlaf/runs/analysis/echosat_symmetry_grpo_v1_7_acceptance_v1_2_iter15_canonical_low_warmup_wc3_per_instance.csv,1,php_p9_h8,perm_seed1731,php_p9_h8_perm1731,php,strong_symmetry,large,main,strong,72,549,10.0,5.0,v1_2_iter15,0.492659,0.492659,47177.0,43763.0,True,0.52076,0.52076,47579.0,44103.0,True,0.536949,0.6195820184936524,47579.0,44103.0,True,0.536949,0.6243979802920818,47579.0,44103.0,True,0.376434,0.4664803122928142,42271.0,39351.0,True,True,True,0.004115,3.0,8.0,158.0809783935547,72,1.0986123085021973,True,0.0025973320007324,-0.160515,-0.1579176679992676,-0.116225,-0.0261786877071857,-5308.0,-4752.0,0.0281009999999999,0.016189,True,True,True,True,False,False
3,inf,/home/sunshixin/chenchao/my_rlaf/runs/analysis/echosat_symmetry_grpo_v1_7_acceptance_v1_2_iter15_canonical_low_warmup_wc3_per_instance.csv,1,random_3sat_control_v160_c704_seed2615,base,random_3sat_control_v160_c704_seed2615,random_3sat_control,non_symmetric_control,large,control,none,160,704,10.0,5.0,v1_2_iter15,0.062619,0.062619,6771.0,5767.0,True,0.040132,0.040132,5702.0,4813.0,True,0.04311,0.1257430184936523,4859.0,4212.0,True,0.04311,0.1314711746532321,4859.0,4212.0,True,0.051087,0.1420455066539645,5524.0,4731.0,True,False,False,0.004881,3.0,22.0,360.5569458007813,160,1.0986123085021973,True,0.0025973320007324,0.0079769999999999,0.0105743320007324,-0.0115319999999999,0.0794265066539645,665.0,519.0,-0.0224869999999999,0.002978,False,True,False,False,True,True
3,inf,/home/sunshixin/chenchao/my_rlaf/runs/analysis/echosat_symmetry_grpo_v1_7_acceptance_v1_2_iter15_canonical_low_warmup_wc3_per_instance.csv,1,random_3sat_control_v160_c704_seed2615,perm_seed1730,random_3sat_control_v160_c704_seed2615_perm1730,random_3sat_control,non_symmetric_control,large,control,none,160,704,10.0,5.0,v1_2_iter15,0.085018,0.085018,8522.0,7299.0,True,0.067455,0.067455,7934.0,6809.0,True,0.034842,0.1717619752807617,4602.0,4008.0,True,0.034842,0.175701577550292,4602.0,4008.0,True,0.044336,0.1891514186147451,5950.0,5073.0,True,False,False,0.00303,3.0,22.0,363.3272399902344,160,1.0986123085021973,True,0.0039558410644531,0.009494,0.0134498410644531,-0.0406819999999999,0.1041334186147451,1348.0,1065.0,-0.0175629999999999,-0.032613,False,True,False,False,True,True
3,inf,/home/sunshixin/chenchao/my_rlaf/runs/analysis/echosat_symmetry_grpo_v1_7_acceptance_v1_2_iter15_canonical_low_warmup_wc3_per_instance.csv,1,random_3sat_control_v160_c704_seed2615,perm_seed1731,random_3sat_control_v160_c704_seed2615_perm1731,random_3sat_control,non_symmetric_control,large,control,none,160,704,10.0,5.0,v1_2_iter15,0.043767,0.043767,5676.0,4847.0,True,0.083815,0.083815,8017.0,6851.0,True,0.037953,0.1748729752807617,4961.0,4384.0,True,0.037953,0.1788239430358409,4961.0,4384.0,True,0.051402,0.1962287841002941,5676.0,4831.0,True,False,False,0.003171,3.0,22.0,364.4381408691406,160,1.0986123085021973,True,0.0039558410644531,0.013449,0.0174048410644531,0.007635,0.1524617841002941,715.0,447.0,0.040048,-0.045862,False,False,False,False,True,True
3,inf,/home/sunshixin/chenchao/my_rlaf/runs/analysis/echosat_symmetry_grpo_v1_7_acceptance_v1_2_iter15_canonical_low_warmup_wc3_per_instance.csv,1,random_3sat_control_v180_c760_seed3301,base,random_3sat_control_v180_c760_seed3301,random_3sat_control,non_symmetric_control,large,control,none,180,760,10.0,5.0,v1_2_iter15,0.400905,0.400905,27442.0,23617.0,True,0.119625,0.119625,10470.0,8910.0,True,0.003494,0.1404139752807617,693.0,567.0,True,0.003494,0.1460658248797059,693.0,567.0,True,0.165027,0.311554665944159,16151.0,14012.0,True,False,False,0.004856,3.0,28.0,430.4636840820313,180,1.0986123085021973,True,0.0039558410644531,0.161533,0.165488841064453,-0.235878,-0.089350334055841,15458.0,13445.0,-0.28128,-0.116131,False,True,True,False,True,True
3,inf,/home/sunshixin/chenchao/my_rlaf/runs/analysis/echosat_symmetry_grpo_v1_7_acceptance_v1_2_iter15_canonical_low_warmup_wc3_per_instance.csv,1,random_3sat_control_v180_c760_seed3301,perm_seed1730,random_3sat_control_v180_c760_seed3301_perm1730,random_3sat_control,non_symmetric_control,large,control,none,180,760,10.0,5.0,v1_2_iter15,0.829066,0.829066,47649.0,41152.0,True,0.080025,0.080025,7421.0,6253.0,True,0.006345,0.1432649752807617,643.0,525.0,True,0.006345,0.1538029473093748,643.0,525.0,True,0.154021,0.3054347883738279,14349.0,12462.0,True,False,False,0.009686,3.0,28.0,431.2578125,180,1.0986123085021973,True,0.0039558410644531,0.147676,0.1516318410644531,-0.675045,-0.5236312116261721,13706.0,11937.0,-0.749041,-0.07368,False,True,True,False,True,True
3,inf,/home/sunshixin/chenchao/my_rlaf/runs/analysis/echosat_symmetry_grpo_v1_7_acceptance_v1_2_iter15_canonical_low_warmup_wc3_per_instance.csv,1,random_3sat_control_v180_c760_seed3301,perm_seed1731,random_3sat_control_v180_c760_seed3301_perm1731,random_3sat_control,non_symmetric_control,large,control,none,180,760,10.0,5.0,v1_2_iter15,0.387425,0.387425,27197.0,23469.0,True,0.102503,0.102503,9011.0,7714.0,True,0.011332,0.1482519752807617,590.0,484.0,True,0.011332,0.1512160033474564,590.0,484.0,True,0.164662,0.3085018444119096,15493.0,13430.0,True,False,False,0.00203,3.0,28.0,430.8958129882813,180,1.0986123085021973,True,0.0039558410644531,0.15333,0.1572858410644531,-0.222763,-0.0789231555880904,14903.0,12946.0,-0.284922,-0.091171,False,True,True,False,True,True
3,inf,/home/sunshixin/chenchao/my_rlaf/runs/analysis/echosat_symmetry_grpo_v1_7_acceptance_v1_2_iter15_canonical_low_warmup_wc3_per_instance.csv,1,random_3sat_control_v220_c928_seed3303,base,random_3sat_control_v220_c928_seed3303,random_3sat_control,non_symmetric_control,large,control,none,220,928,10.0,5.0,v1_2_iter15,0.565228,0.565228,30277.0,25994.0,True,0.339934,0.339934,22265.0,19025.0,True,0.004356,0.1412759752807617,62.0,4.0,True,0.004356,0.1463098775755763,62.0,4.0,True,0.012948,0.1588577186400294,398.0,265.0,True,False,False,0.004228,3.0,39.0,455.798828125,220,1.0986123085021973,True,0.0039558410644531,0.0085919999999999,0.012547841064453,-0.55228,-0.4063702813599705,336.0,261.0,-0.2252939999999999,-0.335578,False,True,True,False,True,True
3,inf,/home/sunshixin/chenchao/my_rlaf/runs/analysis/echosat_symmetry_grpo_v1_7_acceptance_v1_2_iter15_canonical_low_warmup_wc3_per_instance.csv,1,random_3sat_control_v220_c928_seed3303,perm_seed1730,random_3sat_control_v220_c928_seed3303_perm1730,random_3sat_control,non_symmetric_control,large,control,none,220,928,10.0,5.0,v1_2_iter15,1.09502,1.09502,52742.0,45477.0,True,0.156037,0.156037,13039.0,11071.0,True,0.004794,0.1417139752807617,62.0,4.0,True,0.004794,0.1429354153414368,62.0,4.0,True,0.005307,0.14740425640589,388.0,273.0,True,False,False,0.000394,3.0,39.0,453.5053405761719,220,1.0986123085021973,True,0.0039558410644531,0.000513,0.0044688410644531,-1.0897130000000002,-0.9476157435941102,326.0,269.0,-0.938983,-0.151243,False,True,True,False,True,True
3,inf,/home/sunshixin/chenchao/my_rlaf/runs/analysis/echosat_symmetry_grpo_v1_7_acceptance_v1_2_iter15_canonical_low_warmup_wc3_per_instance.csv,1,random_3sat_control_v220_c928_seed3303,perm_seed1731,random_3sat_control_v220_c928_seed3303_perm1731,random_3sat_control,non_symmetric_control,large,control,none,220,928,10.0,5.0,v1_2_iter15,0.053745,0.053745,4930.0,4147.0,True,0.287436,0.287436,19684.0,16814.0,True,0.00034,0.1372599752807617,63.0,4.0,True,0.00034,0.1385663130242228,63.0,4.0,True,0.008564,0.1507461540886759,364.0,269.0,True,False,False,0.000401,3.0,39.0,458.748046875,220,1.0986123085021973,True,0.0039558410644531,0.008224,0.0121798410644531,-0.045181,0.0970011540886758,301.0,265.0,0.233691,-0.287096,False,True,False,False,True,True
3,inf,/home/sunshixin/chenchao/my_rlaf/runs/analysis/echosat_symmetry_grpo_v1_7_acceptance_v1_2_iter15_canonical_low_warmup_wc3_per_instance.csv,1,random_3sat_control_v220_c942_seed3304,base,random_3sat_control_v220_c942_seed3304,random_3sat_control,non_symmetric_control,large,control,none,220,942,10.0,5.0,v1_2_iter15,0.5163,0.5163,35472.0,30813.0,True,0.735758,0.735758,41376.0,36046.0,True,0.33866,0.4902484399414062,26754.0,23980.0,True,0.33866,0.4952480850854516,26754.0,23980.0,True,0.557949,0.7181825051599146,41828.0,37443.0,True,False,False,0.004055,3.0,26.0,416.5282897949219,220,1.0986123085021973,True,0.0036454200744628,0.219289,0.2229344200744629,0.041649,0.2018825051599145,15074.0,13463.0,0.219458,-0.397098,False,False,False,False,True,True
3,inf,/home/sunshixin/chenchao/my_rlaf/runs/analysis/echosat_symmetry_grpo_v1_7_acceptance_v1_2_iter15_canonical_low_warmup_wc3_per_instance.csv,1,random_3sat_control_v220_c942_seed3304,perm_seed1730,random_3sat_control_v220_c942_seed3304_perm1730,random_3sat_control,non_symmetric_control,large,control,none,220,942,10.0,5.0,v1_2_iter15,0.526416,0.526416,34825.0,30052.0,True,0.487247,0.487247,33221.0,28818.0,True,0.32323,0.4748184399414062,26445.0,23804.0,True,0.32323,0.4793380060592294,26445.0,23804.0,True,0.541023,0.7007764261336923,42293.0,38083.0,True,False,False,0.00371,3.0,26.0,423.32037353515625,220,1.0986123085021973,True,0.0036454200744628,0.217793,0.2214384200744629,0.014607,0.1743604261336923,15848.0,14279.0,-0.039169,-0.1640169999999999,False,False,False,False,True,True
3,inf,/home/sunshixin/chenchao/my_rlaf/runs/analysis/echosat_symmetry_grpo_v1_7_acceptance_v1_2_iter15_canonical_low_warmup_wc3_per_instance.csv,1,random_3sat_control_v220_c942_seed3304,perm_seed1731,random_3sat_control_v220_c942_seed3304_perm1731,random_3sat_control,non_symmetric_control,large,control,none,220,942,10.0,5.0,v1_2_iter15,0.5541,0.5541,38737.0,33758.0,True,0.636652,0.636652,38909.0,33544.0,True,0.334291,0.4858794399414062,26149.0,23448.0,True,0.334291,0.4941805048041343,26149.0,23448.0,True,0.553751,0.7172859248785972,40809.0,36653.0,True,False,False,0.007427,3.0,26.0,418.775390625,220,1.0986123085021973,True,0.0036454200744628,0.21946,0.2231054200744629,-0.000349,0.1631859248785971,14660.0,13205.0,0.0825519999999999,-0.302361,False,True,False,False,True,True
3,inf,/home/sunshixin/chenchao/my_rlaf/runs/analysis/echosat_symmetry_grpo_v1_7_acceptance_v1_2_iter15_canonical_low_warmup_wc3_per_instance.csv,1,random_3sat_control_v260_c1097_seed3305,base,random_3sat_control_v260_c1097_seed3305,random_3sat_control,non_symmetric_control,large,control,none,260,1097,10.0,5.0,v1_2_iter15,5.21936,5.21936,216854.0,188499.0,True,1.83335,1.83335,73626.0,64181.0,True,1.17266,1.3242484399414065,60642.0,54350.0,True,1.17266,1.3279171962783338,60642.0,54350.0,True,0.732768,0.8916706163527965,48332.0,42862.0,True,False,False,0.002676,3.0,35.0,492.83697509765625,260,1.0986123085021973,True,0.0036454200744628,-0.439892,-0.4362465799255373,-4.486592,-4.327689383647203,-12310.0,-11488.0,-3.38601,-0.66069,True,True,True,True,False,True
3,inf,/home/sunshixin/chenchao/my_rlaf/runs/analysis/echosat_symmetry_grpo_v1_7_acceptance_v1_2_iter15_canonical_low_warmup_wc3_per_instance.csv,1,random_3sat_control_v260_c1097_seed3305,perm_seed1730,random_3sat_control_v260_c1097_seed3305_perm1730,random_3sat_control,non_symmetric_control,large,control,none,260,1097,10.0,5.0,v1_2_iter15,5.80571,5.80571,224505.0,195557.0,True,0.473378,0.473378,27246.0,23387.0,True,1.1373,1.2888884399414062,60686.0,54724.0,True,1.1373,1.2983086176801324,60686.0,54724.0,True,0.430616,0.5952700377545953,31797.0,27977.0,True,False,False,0.008491,3.0,35.0,494.8829650878906,260,1.0986123085021973,True,0.0036454200744628,-0.706684,-0.7030385799255371,-5.375094000000001,-5.210439962245405,-28889.0,-26747.0,-5.332332,0.6639219999999999,True,True,True,True,False,True
3,inf,/home/sunshixin/chenchao/my_rlaf/runs/analysis/echosat_symmetry_grpo_v1_7_acceptance_v1_2_iter15_canonical_low_warmup_wc3_per_instance.csv,1,random_3sat_control_v260_c1097_seed3305,perm_seed1731,random_3sat_control_v260_c1097_seed3305_perm1731,random_3sat_control,non_symmetric_control,large,control,none,260,1097,10.0,5.0,v1_2_iter15,3.11861,3.11861,105916.0,92052.0,True,4.35482,4.35482,162997.0,142194.0,True,0.842579,0.9941674399414062,48534.0,43247.0,True,0.842579,0.9996938859250544,48534.0,43247.0,True,0.614055,0.7748153059995174,42249.0,37108.0,True,False,False,0.004655,3.0,35.0,493.7220764160156,260,1.0986123085021973,True,0.0036454200744628,-0.2285239999999999,-0.2248785799255369,-2.504555,-2.3437946940004823,-6285.0,-6139.0,1.2362100000000005,-3.5122410000000004,True,True,True,True,False,True
3,inf,/home/sunshixin/chenchao/my_rlaf/runs/analysis/echosat_symmetry_grpo_v1_7_acceptance_v1_2_iter15_canonical_low_warmup_wc3_per_instance.csv,1,random_3sat_control_v260_c1113_seed3306,base,random_3sat_control_v260_c1113_seed3306,random_3sat_control,non_symmetric_control,large,control,none,260,1113,10.0,5.0,v1_2_iter15,4.10794,4.10794,178146.0,155541.0,True,4.54471,4.54471,186876.0,163308.0,True,4.76969,4.921278439941406,226200.0,205404.0,True,4.76969,4.924711445169032,226200.0,205404.0,True,5.46325,5.621916865243495,278578.0,245881.0,True,False,False,0.002563,3.0,34.0,480.0674743652344,260,0.6931471824645996,True,0.0036454200744628,0.6935600000000006,0.6972054200744635,1.3553100000000002,1.513976865243495,52378.0,40477.0,0.4367700000000001,0.2249799999999995,False,False,False,False,True,True
3,inf,/home/sunshixin/chenchao/my_rlaf/runs/analysis/echosat_symmetry_grpo_v1_7_acceptance_v1_2_iter15_canonical_low_warmup_wc3_per_instance.csv,1,random_3sat_control_v260_c1113_seed3306,perm_seed1730,random_3sat_control_v260_c1113_seed3306_perm1730,random_3sat_control,non_symmetric_control,large,control,none,260,1113,10.0,5.0,v1_2_iter15,3.79814,3.79814,171334.0,149746.0,True,5.14769,5.14769,206936.0,180741.0,True,4.23857,4.390158439941406,206101.0,186162.0,True,4.23857,4.4018767826252585,206101.0,186162.0,True,5.26927,5.436222202699721,274989.0,242640.0,True,False,False,0.010684,3.0,34.0,478.7396240234375,260,0.6931471824645996,True,0.0036454200744628,1.0306999999999995,1.0343454200744624,1.4711299999999996,1.6380822026997208,68888.0,56478.0,1.3495499999999998,-0.9091199999999996,False,False,False,False,True,True
3,inf,/home/sunshixin/chenchao/my_rlaf/runs/analysis/echosat_symmetry_grpo_v1_7_acceptance_v1_2_iter15_canonical_low_warmup_wc3_per_instance.csv,1,random_3sat_control_v260_c1113_seed3306,perm_seed1731,random_3sat_control_v260_c1113_seed3306_perm1731,random_3sat_control,non_symmetric_control,large,control,none,260,1113,10.0,5.0,v1_2_iter15,4.96469,4.96469,202621.0,177648.0,True,5.22181,5.22181,214985.0,187707.0,True,4.75257,4.872917261428833,217745.0,196903.0,True,4.75257,4.878097582046212,217745.0,196903.0,True,5.15628,5.284587304259956,276612.0,244023.0,True,False,False,0.004292,3.0,34.0,481.5274658203125,260,0.6931471824645996,True,0.0027797222137451,0.4037099999999993,0.4064897222137444,0.1915899999999997,0.319897304259956,58867.0,47120.0,0.2571199999999995,-0.4692399999999992,False,False,False,False,True,True
3,inf,/home/sunshixin/chenchao/my_rlaf/runs/analysis/echosat_symmetry_grpo_v1_7_acceptance_v1_2_iter15_canonical_low_warmup_wc3_per_instance.csv,1,random_3sat_control_v300_c1266_seed3307,base,random_3sat_control_v300_c1266_seed3307,random_3sat_control,non_symmetric_control,large,control,none,300,1266,10.0,5.0,v1_2_iter15,0.165148,0.165148,12894.0,10895.0,True,1.91858,1.91858,71356.0,61376.0,True,0.014972,0.135319261428833,288.0,182.0,True,0.014972,0.1415766866557002,288.0,182.0,True,0.033781,0.1631654088694453,2974.0,2378.0,True,False,False,0.00536,3.0,48.0,628.0397338867188,300,1.0986123085021973,True,0.0027797222137451,0.018809,0.0215887222137451,-0.1313669999999999,-0.0019825911305546,2686.0,2196.0,1.753432,-1.903608,False,True,True,False,True,True
3,inf,/home/sunshixin/chenchao/my_rlaf/runs/analysis/echosat_symmetry_grpo_v1_7_acceptance_v1_2_iter15_canonical_low_warmup_wc3_per_instance.csv,1,random_3sat_control_v300_c1266_seed3307,perm_seed1730,random_3sat_control_v300_c1266_seed3307_perm1730,random_3sat_control,non_symmetric_control,large,control,none,300,1266,10.0,5.0,v1_2_iter15,1.01332,1.01332,43103.0,37339.0,True,1.6634,1.6634,63498.0,54506.0,True,0.00329,0.123637261428833,321.0,205.0,True,0.00329,0.1297525977328419,321.0,205.0,True,0.040832,0.1700743199465871,2745.0,2186.0,True,False,False,0.005185,3.0,48.0,619.230712890625,300,1.0986123085021973,True,0.0027797222137451,0.037542,0.0403217222137451,-0.972488,-0.8432456800534129,2424.0,1981.0,0.65008,-1.66011,False,True,True,False,True,True
3,inf,/home/sunshixin/chenchao/my_rlaf/runs/analysis/echosat_symmetry_grpo_v1_7_acceptance_v1_2_iter15_canonical_low_warmup_wc3_per_instance.csv,1,random_3sat_control_v300_c1266_seed3307,perm_seed1731,random_3sat_control_v300_c1266_seed3307_perm1731,random_3sat_control,non_symmetric_control,large,control,none,300,1266,10.0,5.0,v1_2_iter15,1.56563,1.56563,66962.0,57424.0,True,0.097383,0.097383,7524.0,6304.0,True,0.006733,0.127080261428833,375.0,247.0,True,0.006733,0.136627292643845,375.0,247.0,True,0.033236,0.1659100148575902,2941.0,2412.0,True,False,False,0.008383,3.0,48.0,626.5236206054688,300,1.0986123085021973,True,0.0027797222137451,0.026503,0.0292827222137452,-1.532394,-1.3997199851424098,2566.0,2165.0,-1.468247,-0.09065,False,True,True,False,True,True
3,inf,/home/sunshixin/chenchao/my_rlaf/runs/analysis/echosat_symmetry_grpo_v1_7_acceptance_v1_2_iter15_canonical_low_warmup_wc3_per_instance.csv,1,subset_cardinality_bw10,base,subset_cardinality_bw10,subset_cardinality,weak_symmetry,large,main,weak,41,92,10.0,5.0,v1_2_iter15,0.000771,0.000771,193.0,141.0,True,0.001556,0.001556,237.0,193.0,True,0.004264,0.124611261428833,162.0,142.0,True,0.004264,0.1264218995534181,162.0,142.0,True,0.0,0.1249376217671632,185.0,154.0,True,True,True,0.001054,3.0,8.0,94.86821746826172,41,1.0986123085021973,True,0.0027797222137451,-0.004264,-0.0014842777862548,-0.000771,0.1241666217671632,23.0,12.0,0.000785,0.002708,True,True,False,False,True,False
3,inf,/home/sunshixin/chenchao/my_rlaf/runs/analysis/echosat_symmetry_grpo_v1_7_acceptance_v1_2_iter15_canonical_low_warmup_wc3_per_instance.csv,1,subset_cardinality_bw10,perm_seed1730,subset_cardinality_bw10_perm1730,subset_cardinality,weak_symmetry,large,main,weak,41,92,10.0,5.0,v1_2_iter15,0.0,0.0,218.0,167.0,True,0.00437,0.00437,221.0,169.0,True,0.00414,0.124487261428833,156.0,137.0,True,0.00414,0.1266968936272263,156.0,137.0,True,0.0,0.1253366158409714,177.0,145.0,True,True,True,0.001528,3.0,10.0,98.69181823730467,41,1.0986123085021973,True,0.0027797222137451,-0.00414,-0.0013602777862549,0.0,0.1253366158409714,21.0,8.0,0.00437,-0.00023,True,False,False,False,True,False
3,inf,/home/sunshixin/chenchao/my_rlaf/runs/analysis/echosat_symmetry_grpo_v1_7_acceptance_v1_2_iter15_canonical_low_warmup_wc3_per_instance.csv,1,subset_cardinality_bw10,perm_seed1731,subset_cardinality_bw10_perm1731,subset_cardinality,weak_symmetry,large,main,weak,41,92,10.0,5.0,v1_2_iter15,0.003444,0.003444,202.0,147.0,True,0.004086,0.004086,247.0,155.0,True,0.000839,0.121186261428833,203.0,164.0,True,0.000839,0.1218976363449692,203.0,164.0,True,0.001575,0.1254133585587143,215.0,153.0,True,True,True,0.0,3.0,7.0,87.48927307128906,41,1.0986123085021973,True,0.0027797222137451,0.000736,0.0035157222137451,-0.001869,0.1219693585587143,12.0,-11.0,0.000642,-0.003247,False,True,False,False,True,False
3,inf,/home/sunshixin/chenchao/my_rlaf/runs/analysis/echosat_symmetry_grpo_v1_7_acceptance_v1_2_iter15_canonical_low_warmup_wc3_per_instance.csv,1,subset_cardinality_bw12,base,subset_cardinality_bw12,subset_cardinality,weak_symmetry,large,main,weak,49,108,10.0,5.0,v1_2_iter15,0.000423,0.000423,442.0,342.0,True,0.002308,0.002308,491.0,414.0,True,0.002954,0.123301261428833,384.0,312.0,True,0.002954,0.1251552907457948,384.0,312.0,True,0.00464,0.1296210129595399,434.0,306.0,True,True,True,0.001031,3.0,12.0,104.73371887207033,49,0.6931471824645996,True,0.0027797222137451,0.001686,0.0044657222137451,0.004217,0.1291980129595399,50.0,-6.0,0.001885,0.0006459999999999,False,False,False,False,True,False
3,inf,/home/sunshixin/chenchao/my_rlaf/runs/analysis/echosat_symmetry_grpo_v1_7_acceptance_v1_2_iter15_canonical_low_warmup_wc3_per_instance.csv,1,subset_cardinality_bw12,perm_seed1730,subset_cardinality_bw12_perm1730,subset_cardinality,weak_symmetry,large,main,weak,49,108,10.0,5.0,v1_2_iter15,0.0,0.0,440.0,329.0,True,0.006089,0.006089,397.0,314.0,True,0.005259,0.0432514774169921,343.0,268.0,True,0.005259,0.0454042996051907,343.0,268.0,True,0.002732,0.0448983739002347,378.0,296.0,True,True,True,0.001471,3.0,9.0,101.82083892822266,49,1.0986123085021973,True,0.0020210742950439,-0.0025269999999999,-0.000505925704956,0.002732,0.0448983739002347,35.0,28.0,0.006089,-0.00083,True,False,False,False,True,False
3,inf,/home/sunshixin/chenchao/my_rlaf/runs/analysis/echosat_symmetry_grpo_v1_7_acceptance_v1_2_iter15_canonical_low_warmup_wc3_per_instance.csv,1,subset_cardinality_bw12,perm_seed1731,subset_cardinality_bw12_perm1731,subset_cardinality,weak_symmetry,large,main,weak,49,108,10.0,5.0,v1_2_iter15,0.002833,0.002833,393.0,297.0,True,0.003539,0.003539,439.0,311.0,True,0.004606,0.0425984774169921,363.0,285.0,True,0.004606,0.0443103560263514,363.0,285.0,True,0.003301,0.0450264303213953,358.0,301.0,True,True,True,0.00102,3.0,11.0,104.3914794921875,49,1.0986123085021973,True,0.0020210742950439,-0.0013049999999999,0.0007160742950438,0.000468,0.0421934303213952,-5.0,16.0,0.000706,0.0010669999999999,True,False,False,False,True,False
3,inf,/home/sunshixin/chenchao/my_rlaf/runs/analysis/echosat_symmetry_grpo_v1_7_acceptance_v1_2_iter15_canonical_low_warmup_wc3_per_instance.csv,1,subset_cardinality_bw8,base,subset_cardinality_bw8,subset_cardinality,weak_symmetry,medium,main,weak,33,76,10.0,5.0,v1_2_iter15,0.002692,0.002692,89.0,67.0,True,0.00153,0.00153,106.0,76.0,True,0.0,0.0379924774169921,84.0,69.0,True,0.0,0.0415725747957825,84.0,69.0,True,0.003288,0.0468816490908265,94.0,76.0,True,True,True,0.0029,3.0,13.0,75.20963287353516,33,1.0986123085021973,True,0.0020210742950439,0.003288,0.0053090742950439,0.000596,0.0441896490908265,10.0,7.0,-0.001162,-0.00153,False,False,False,False,True,False
3,inf,/home/sunshixin/chenchao/my_rlaf/runs/analysis/echosat_symmetry_grpo_v1_7_acceptance_v1_2_iter15_canonical_low_warmup_wc3_per_instance.csv,1,subset_cardinality_bw8,perm_seed1730,subset_cardinality_bw8_perm1730,subset_cardinality,weak_symmetry,medium,main,weak,33,76,10.0,5.0,v1_2_iter15,0.001683,0.001683,110.0,76.0,True,0.001158,0.001158,127.0,80.0,True,0.002989,0.0409814774169921,100.0,79.0,True,0.002989,0.0426808599119782,100.0,79.0,True,0.001559,0.0432719342070221,91.0,67.0,True,True,True,0.00091,3.0,15.0,80.51530456542969,33,1.0986123085021973,True,0.0020210742950439,-0.0014299999999999,0.0005910742950438,-0.0001239999999999,0.0415889342070221,-9.0,-12.0,-0.000525,0.001831,True,True,False,True,False,False
3,inf,/home/sunshixin/chenchao/my_rlaf/runs/analysis/echosat_symmetry_grpo_v1_7_acceptance_v1_2_iter15_canonical_low_warmup_wc3_per_instance.csv,1,subset_cardinality_bw8,perm_seed1731,subset_cardinality_bw8_perm1731,subset_cardinality,weak_symmetry,medium,main,weak,33,76,10.0,5.0,v1_2_iter15,0.0024,0.0024,91.0,70.0,True,0.000817,0.000817,102.0,79.0,True,0.000714,0.0387064774169921,81.0,70.0,True,0.000714,0.0408235499578714,81.0,70.0,True,0.002617,0.0447476242529153,91.0,76.0,True,True,True,0.001366,3.0,12.0,79.57261657714844,33,1.0986123085021973,True,0.0020210742950439,0.001903,0.0039240742950438,0.000217,0.0423476242529153,10.0,6.0,-0.0015829999999999,-0.000103,False,False,False,False,True,False
3,inf,/home/sunshixin/chenchao/my_rlaf/runs/analysis/echosat_symmetry_grpo_v1_7_acceptance_v1_2_iter15_canonical_low_warmup_wc3_per_instance.csv,2,k10_color9,base,k10_color9,complete_coloring,strong_symmetry,large,main,strong,90,775,10.0,5.0,v1_2_iter15,3.28754,3.28754,340861.0,314066.0,True,3.18362,3.18362,322229.0,299168.0,True,3.17861,3.2597078412628173,321840.0,298649.0,True,3.17861,3.269973529995024,321840.0,298649.0,True,3.42126,3.517247658336699,392457.0,365617.0,True,True,True,0.008489,3.0,9.0,195.45620727539065,90,1.0986123085021973,True,0.0046241283416748,0.2426500000000002,0.247274128341675,0.1337200000000002,0.2297076583366992,70617.0,66968.0,-0.10392,-0.0050099999999999,False,False,False,False,True,False
3,inf,/home/sunshixin/chenchao/my_rlaf/runs/analysis/echosat_symmetry_grpo_v1_7_acceptance_v1_2_iter15_canonical_low_warmup_wc3_per_instance.csv,2,k10_color9,perm_seed1730,k10_color9_perm1730,complete_coloring,strong_symmetry,large,main,strong,90,775,10.0,5.0,v1_2_iter15,3.85023,3.85023,413643.0,382655.0,True,3.23436,3.23436,283792.0,262594.0,True,2.94502,3.0261178412628174,247778.0,229737.0,True,2.94502,3.0396010916560887,247778.0,229737.0,True,2.99489,3.0940952199977634,335851.0,314384.0,True,True,True,0.012155,3.0,9.0,194.30953979492188,90,1.0986123085021973,True,0.0046241283416748,0.0498699999999998,0.0544941283416746,-0.85534,-0.7561347800022364,88073.0,84647.0,-0.6158699999999997,-0.2893400000000001,False,True,True,False,True,False
3,inf,/home/sunshixin/chenchao/my_rlaf/runs/analysis/echosat_symmetry_grpo_v1_7_acceptance_v1_2_iter15_canonical_low_warmup_wc3_per_instance.csv,2,k10_color9,perm_seed1731,k10_color9_perm1731,complete_coloring,strong_symmetry,large,main,strong,90,775,10.0,5.0,v1_2_iter15,3.25402,3.25402,340033.0,312592.0,True,3.05491,3.05491,290369.0,269757.0,True,3.01802,3.0991178412628173,290369.0,269757.0,True,3.01802,3.1115665934562085,290369.0,269757.0,True,3.97936,4.077530721797883,406630.0,380678.0,True,True,True,0.011144,3.0,9.0,193.47189331054688,90,1.0986123085021973,True,0.0046241283416748,0.96134,0.9659641283416748,0.7253399999999997,0.823510721797883,116261.0,110921.0,-0.1991100000000001,-0.03689,False,False,False,False,True,False
3,inf,/home/sunshixin/chenchao/my_rlaf/runs/analysis/echosat_symmetry_grpo_v1_7_acceptance_v1_2_iter15_canonical_low_warmup_wc3_per_instance.csv,2,k8_color7,base,k8_color7,complete_coloring,strong_symmetry,large,main,strong,56,372,10.0,5.0,v1_2_iter15,0.037284,0.037284,6158.0,5600.0,True,0.036198,0.036198,5946.0,5440.0,True,0.039878,0.1209758412628173,5946.0,5440.0,True,0.039878,0.1269734057943224,5946.0,5440.0,True,0.026382,0.1181015341359973,5622.0,5167.0,True,True,True,0.003684,3.0,7.0,125.01708984375,56,1.0986123085021973,True,0.0046241283416748,-0.0134959999999999,-0.008871871658325,-0.0109019999999999,0.0808175341359973,-324.0,-273.0,-0.0010859999999999,0.0036799999999999,True,True,False,True,False,False
3,inf,/home/sunshixin/chenchao/my_rlaf/runs/analysis/echosat_symmetry_grpo_v1_7_acceptance_v1_2_iter15_canonical_low_warmup_wc3_per_instance.csv,2,k8_color7,perm_seed1730,k8_color7_perm1730,complete_coloring,strong_symmetry,large,main,strong,56,372,10.0,5.0,v1_2_iter15,0.034666,0.034666,6138.0,5624.0,True,0.039655,0.039655,6264.0,5696.0,True,0.040334,0.1214318412628173,6264.0,5696.0,True,0.040334,0.1257613679540753,6264.0,5696.0,True,0.034976,0.1250274962957501,5613.0,5176.0,True,True,True,0.003622,3.0,7.0,125.1129913330078,56,1.0986123085021973,True,0.0046241283416748,-0.005358,-0.0007338716583251,0.0003099999999999,0.0903614962957501,-651.0,-520.0,0.004989,0.0006789999999999,True,False,False,True,False,False
3,inf,/home/sunshixin/chenchao/my_rlaf/runs/analysis/echosat_symmetry_grpo_v1_7_acceptance_v1_2_iter15_canonical_low_warmup_wc3_per_instance.csv,2,k8_color7,perm_seed1731,k8_color7_perm1731,complete_coloring,strong_symmetry,large,main,strong,56,372,10.0,5.0,v1_2_iter15,0.02614,0.02614,5800.0,5271.0,True,0.046236,0.046236,6148.0,5641.0,True,0.047287,0.1283848412628173,6148.0,5641.0,True,0.047287,0.1365049895246028,6148.0,5641.0,True,0.029171,0.1230131178662777,5789.0,5309.0,True,True,True,0.00724,3.0,7.0,125.51768493652344,56,1.0986123085021973,True,0.0046241283416748,-0.018116,-0.0134918716583251,0.0030309999999999,0.0968731178662777,-359.0,-332.0,0.020096,0.001051,True,False,False,True,False,False
3,inf,/home/sunshixin/chenchao/my_rlaf/runs/analysis/echosat_symmetry_grpo_v1_7_acceptance_v1_2_iter15_canonical_low_warmup_wc3_per_instance.csv,2,k9_color8,base,k9_color8,complete_coloring,strong_symmetry,large,main,strong,72,549,10.0,5.0,v1_2_iter15,0.544465,0.544465,46557.0,43529.0,True,0.512283,0.512283,44352.0,41138.0,True,0.465009,0.5461068412628174,43519.0,40436.0,True,0.465009,0.5507754624472857,43519.0,40436.0,True,0.369885,0.4602755907889604,41815.0,39084.0,True,True,True,0.003874,3.0,8.0,158.36375427246094,72,1.0986123085021973,True,0.0046241283416748,-0.0951239999999999,-0.0904998716583252,-0.1745799999999999,-0.0841894092110395,-1704.0,-1352.0,-0.0321819999999999,-0.047274,True,True,True,True,False,False
3,inf,/home/sunshixin/chenchao/my_rlaf/runs/analysis/echosat_symmetry_grpo_v1_7_acceptance_v1_2_iter15_canonical_low_warmup_wc3_per_instance.csv,2,k9_color8,perm_seed1730,k9_color8_perm1730,complete_coloring,strong_symmetry,large,main,strong,72,549,10.0,5.0,v1_2_iter15,0.378225,0.378225,39708.0,36681.0,True,0.505527,0.505527,45794.0,42555.0,True,0.524387,0.6054848412628174,45794.0,42555.0,True,0.524387,0.6128410601976514,45794.0,42555.0,True,0.353702,0.4467801885393262,43427.0,40378.0,True,True,True,0.006643,3.0,10.0,157.64891052246094,72,1.0986123085021973,True,0.0046241283416748,-0.170685,-0.1660608716583251,-0.0245229999999999,0.0685551885393262,-2367.0,-2177.0,0.1273019999999999,0.0188600000000001,True,True,False,True,False,False
3,inf,/home/sunshixin/chenchao/my_rlaf/runs/analysis/echosat_symmetry_grpo_v1_7_acceptance_v1_2_iter15_canonical_low_warmup_wc3_per_instance.csv,2,k9_color8,perm_seed1731,k9_color8_perm1731,complete_coloring,strong_symmetry,large,main,strong,72,549,10.0,5.0,v1_2_iter15,0.489722,0.489722,47177.0,43763.0,True,0.529689,0.529689,47579.0,44103.0,True,0.543018,0.6300891803436279,47579.0,44103.0,True,0.543018,0.6361117711166143,47579.0,44103.0,True,0.362866,0.4584002236922979,42271.0,39351.0,True,True,True,0.005308,3.0,8.0,158.0809783935547,72,1.0986123085021973,True,0.0024404525756835,-0.1801519999999999,-0.1777115474243164,-0.1268559999999999,-0.0313217763077021,-5308.0,-4752.0,0.0399669999999999,0.013329,True,True,True,True,False,False
3,inf,/home/sunshixin/chenchao/my_rlaf/runs/analysis/echosat_symmetry_grpo_v1_7_acceptance_v1_2_iter15_canonical_low_warmup_wc3_per_instance.csv,2,php_p10_h9,base,php_p10_h9,php,strong_symmetry,large,main,strong,90,775,10.0,5.0,v1_2_iter15,3.29747,3.29747,340861.0,314066.0,True,3.18206,3.18206,322229.0,299168.0,True,3.2458,3.332871180343628,321840.0,298649.0,True,3.2458,3.345032052029848,321840.0,298649.0,True,3.41933,3.521002504605532,392457.0,365617.0,True,True,True,0.011308,3.0,9.0,195.45620727539065,90,1.0986123085021973,True,0.0024404525756835,0.1735299999999999,0.175970452575684,0.1218599999999998,0.2235325046055321,70617.0,66968.0,-0.1154100000000002,0.0637400000000001,False,False,False,False,True,False
3,inf,/home/sunshixin/chenchao/my_rlaf/runs/analysis/echosat_symmetry_grpo_v1_7_acceptance_v1_2_iter15_canonical_low_warmup_wc3_per_instance.csv,2,php_p10_h9,perm_seed1730,php_p10_h9_perm1730,php,strong_symmetry,large,main,strong,90,775,10.0,5.0,v1_2_iter15,3.83198,3.83198,413643.0,382655.0,True,3.2416,3.2416,283792.0,262594.0,True,2.96489,3.051961180343628,247778.0,229737.0,True,2.96489,3.0622164969038965,247778.0,229737.0,True,3.05261,3.15237694947958,335851.0,314384.0,True,True,True,0.00938,3.0,9.0,194.30953979492188,90,1.0986123085021973,True,0.0024404525756835,0.08772,0.0901604525756836,-0.7793700000000001,-0.67960305052042,88073.0,84647.0,-0.5903800000000001,-0.27671,False,True,True,False,True,False
3,inf,/home/sunshixin/chenchao/my_rlaf/runs/analysis/echosat_symmetry_grpo_v1_7_acceptance_v1_2_iter15_canonical_low_warmup_wc3_per_instance.csv,2,php_p10_h9,perm_seed1731,php_p10_h9_perm1731,php,strong_symmetry,large,main,strong,90,775,10.0,5.0,v1_2_iter15,3.26628,3.26628,340033.0,312592.0,True,3.02272,3.02272,290369.0,269757.0,True,3.03483,3.121901180343628,290369.0,269757.0,True,3.03483,3.1264440133214,290369.0,269757.0,True,4.0475,4.141554465897084,406630.0,380678.0,True,True,True,0.00382,3.0,9.0,193.47189331054688,90,1.0986123085021973,True,0.0024404525756835,1.0126700000000004,1.0151104525756836,0.7812200000000002,0.8752744658970837,116261.0,110921.0,-0.24356,0.0121099999999998,False,False,False,False,True,False
3,inf,/home/sunshixin/chenchao/my_rlaf/runs/analysis/echosat_symmetry_grpo_v1_7_acceptance_v1_2_iter15_canonical_low_warmup_wc3_per_instance.csv,2,php_p9_h8,base,php_p9_h8,php,strong_symmetry,large,main,strong,72,549,10.0,5.0,v1_2_iter15,0.556117,0.556117,46557.0,43529.0,True,0.513661,0.513661,44352.0,41138.0,True,0.455592,0.5426631803436279,43519.0,40436.0,True,0.455592,0.5534494392948747,43519.0,40436.0,True,0.378785,0.4790828918705582,41815.0,39084.0,True,True,True,0.010077,3.0,8.0,158.36375427246094,72,1.0986123085021973,True,0.0024404525756835,-0.076807,-0.0743665474243164,-0.177332,-0.0770341081294417,-1704.0,-1352.0,-0.0424559999999999,-0.058069,True,True,True,True,False,False
3,inf,/home/sunshixin/chenchao/my_rlaf/runs/analysis/echosat_symmetry_grpo_v1_7_acceptance_v1_2_iter15_canonical_low_warmup_wc3_per_instance.csv,2,php_p9_h8,perm_seed1730,php_p9_h8_perm1730,php,strong_symmetry,large,main,strong,72,549,10.0,5.0,v1_2_iter15,0.381256,0.381256,39708.0,36681.0,True,0.502129,0.502129,45794.0,42555.0,True,0.506955,0.594026180343628,45794.0,42555.0,True,0.506955,0.6047798459237814,45794.0,42555.0,True,0.347998,0.4482632984994649,43427.0,40378.0,True,True,True,0.01003,3.0,10.0,157.64891052246094,72,1.0986123085021973,True,0.0024404525756835,-0.158957,-0.1565165474243165,-0.033258,0.0670072984994649,-2367.0,-2177.0,0.120873,0.0048259999999999,True,True,False,True,False,False
3,inf,/home/sunshixin/chenchao/my_rlaf/runs/analysis/echosat_symmetry_grpo_v1_7_acceptance_v1_2_iter15_canonical_low_warmup_wc3_per_instance.csv,2,php_p9_h8,perm_seed1731,php_p9_h8_perm1731,php,strong_symmetry,large,main,strong,72,549,10.0,5.0,v1_2_iter15,0.493825,0.493825,47177.0,43763.0,True,0.534537,0.534537,47579.0,44103.0,True,0.522066,0.609137180343628,47579.0,44103.0,True,0.522066,0.6200506091803909,47579.0,44103.0,True,0.369088,0.4695130617560744,42271.0,39351.0,True,True,True,0.00997,3.0,8.0,158.0809783935547,72,1.0986123085021973,True,0.0024404525756835,-0.152978,-0.1505375474243165,-0.1247369999999999,-0.0243119382439256,-5308.0,-4752.0,0.040712,-0.012471,True,True,True,True,False,False
3,inf,/home/sunshixin/chenchao/my_rlaf/runs/analysis/echosat_symmetry_grpo_v1_7_acceptance_v1_2_iter15_canonical_low_warmup_wc3_per_instance.csv,2,random_3sat_control_v160_c704_seed2615,base,random_3sat_control_v160_c704_seed2615,random_3sat_control,non_symmetric_control,large,control,none,160,704,10.0,5.0,v1_2_iter15,0.05679,0.05679,6771.0,5767.0,True,0.047149,0.047149,5702.0,4813.0,True,0.037799,0.1248701803436279,4859.0,4212.0,True,0.037799,0.1256356036340594,4859.0,4212.0,True,0.050703,0.140980056209743,5524.0,4731.0,True,False,False,0.0,3.0,22.0,360.5569458007813,160,1.0986123085021973,True,0.0024404525756835,0.0129039999999999,0.0153444525756835,-0.006087,0.0841900562097429,665.0,519.0,-0.0096409999999999,-0.00935,False,True,False,False,True,True
3,inf,/home/sunshixin/chenchao/my_rlaf/runs/analysis/echosat_symmetry_grpo_v1_7_acceptance_v1_2_iter15_canonical_low_warmup_wc3_per_instance.csv,2,random_3sat_control_v160_c704_seed2615,perm_seed1730,random_3sat_control_v160_c704_seed2615_perm1730,random_3sat_control,non_symmetric_control,large,control,none,160,704,10.0,5.0,v1_2_iter15,0.073887,0.073887,8522.0,7299.0,True,0.067878,0.067878,7934.0,6809.0,True,0.041274,0.1971666105499267,4602.0,4008.0,True,0.041274,0.2071783192178011,4602.0,4008.0,True,0.050058,0.2196682976113557,5950.0,5073.0,True,False,False,0.009225,3.0,22.0,363.3272399902344,160,1.0986123085021973,True,0.0037059783935546,0.008784,0.0124899783935545,-0.0238289999999999,0.1457812976113557,1348.0,1065.0,-0.006009,-0.0266039999999999,False,True,False,False,True,True
3,inf,/home/sunshixin/chenchao/my_rlaf/runs/analysis/echosat_symmetry_grpo_v1_7_acceptance_v1_2_iter15_canonical_low_warmup_wc3_per_instance.csv,2,random_3sat_control_v160_c704_seed2615,perm_seed1731,random_3sat_control_v160_c704_seed2615_perm1731,random_3sat_control,non_symmetric_control,large,control,none,160,704,10.0,5.0,v1_2_iter15,0.036232,0.036232,5676.0,4847.0,True,0.079635,0.079635,8017.0,6851.0,True,0.050441,0.2063336105499267,4961.0,4384.0,True,0.050441,0.212515601137638,4961.0,4384.0,True,0.047703,0.2134835795311927,5676.0,4831.0,True,False,False,0.0054,3.0,22.0,364.4381408691406,160,1.0986123085021973,True,0.0037059783935546,-0.0027379999999999,0.0009679783935546,0.011471,0.1772515795311927,715.0,447.0,0.043403,-0.0291939999999999,True,False,False,False,True,True
3,inf,/home/sunshixin/chenchao/my_rlaf/runs/analysis/echosat_symmetry_grpo_v1_7_acceptance_v1_2_iter15_canonical_low_warmup_wc3_per_instance.csv,2,random_3sat_control_v180_c760_seed3301,base,random_3sat_control_v180_c760_seed3301,random_3sat_control,non_symmetric_control,large,control,none,180,760,10.0,5.0,v1_2_iter15,0.388823,0.388823,27442.0,23617.0,True,0.114931,0.114931,10470.0,8910.0,True,0.013245,0.1691376105499267,693.0,567.0,True,0.013245,0.1766592199238539,693.0,567.0,True,0.163833,0.3309531983174085,16151.0,14012.0,True,False,False,0.006474,3.0,28.0,430.4636840820313,180,1.0986123085021973,True,0.0037059783935546,0.150588,0.1542939783935546,-0.2249899999999999,-0.0578698016825914,15458.0,13445.0,-0.2738919999999999,-0.101686,False,True,True,False,True,True
3,inf,/home/sunshixin/chenchao/my_rlaf/runs/analysis/echosat_symmetry_grpo_v1_7_acceptance_v1_2_iter15_canonical_low_warmup_wc3_per_instance.csv,2,random_3sat_control_v180_c760_seed3301,perm_seed1730,random_3sat_control_v180_c760_seed3301_perm1730,random_3sat_control,non_symmetric_control,large,control,none,180,760,10.0,5.0,v1_2_iter15,0.822797,0.822797,47649.0,41152.0,True,0.07864,0.07864,7421.0,6253.0,True,0.006291,0.1621836105499267,643.0,525.0,True,0.006291,0.1716387680543661,643.0,525.0,True,0.152652,0.3217057464479208,14349.0,12462.0,True,False,False,0.008676,3.0,28.0,431.2578125,180,1.0986123085021973,True,0.0037059783935546,0.146361,0.1500669783935547,-0.670145,-0.5010912535520792,13706.0,11937.0,-0.744157,-0.072349,False,True,True,False,True,True
3,inf,/home/sunshixin/chenchao/my_rlaf/runs/analysis/echosat_symmetry_grpo_v1_7_acceptance_v1_2_iter15_canonical_low_warmup_wc3_per_instance.csv,2,random_3sat_control_v180_c760_seed3301,perm_seed1731,random_3sat_control_v180_c760_seed3301_perm1731,random_3sat_control,non_symmetric_control,large,control,none,180,760,10.0,5.0,v1_2_iter15,0.387469,0.387469,27197.0,23469.0,True,0.10286,0.10286,9011.0,7714.0,True,0.00608,0.1619726105499267,590.0,484.0,True,0.00608,0.1665376472260952,590.0,484.0,True,0.157399,0.3215626256196499,15493.0,13430.0,True,False,False,0.003754,3.0,28.0,430.8958129882813,180,1.0986123085021973,True,0.0037059783935546,0.151319,0.1550249783935546,-0.23007,-0.0659063743803501,14903.0,12946.0,-0.284609,-0.0967799999999999,False,True,True,False,True,True
3,inf,/home/sunshixin/chenchao/my_rlaf/runs/analysis/echosat_symmetry_grpo_v1_7_acceptance_v1_2_iter15_canonical_low_warmup_wc3_per_instance.csv,2,random_3sat_control_v220_c928_seed3303,base,random_3sat_control_v220_c928_seed3303,random_3sat_control,non_symmetric_control,large,control,none,220,928,10.0,5.0,v1_2_iter15,0.564142,0.564142,30277.0,25994.0,True,0.341762,0.341762,22265.0,19025.0,True,0.004752,0.1606446105499267,62.0,4.0,True,0.004752,0.1720040159817934,62.0,4.0,True,0.005447,0.1764049943753481,398.0,265.0,True,False,False,0.010432,3.0,39.0,455.798828125,220,1.0986123085021973,True,0.0037059783935546,0.0006949999999999,0.0044009783935546,-0.558695,-0.3877370056246519,336.0,261.0,-0.22238,-0.33701,False,True,True,False,True,True
3,inf,/home/sunshixin/chenchao/my_rlaf/runs/analysis/echosat_symmetry_grpo_v1_7_acceptance_v1_2_iter15_canonical_low_warmup_wc3_per_instance.csv,2,random_3sat_control_v220_c928_seed3303,perm_seed1730,random_3sat_control_v220_c928_seed3303_perm1730,random_3sat_control,non_symmetric_control,large,control,none,220,928,10.0,5.0,v1_2_iter15,1.10085,1.10085,52742.0,45477.0,True,0.170974,0.170974,13039.0,11071.0,True,0.005385,0.1612776105499267,62.0,4.0,True,0.005385,0.1671087688319087,62.0,4.0,True,0.008668,0.1740977472254634,388.0,273.0,True,False,False,0.004797,3.0,39.0,453.5053405761719,220,1.0986123085021973,True,0.0037059783935546,0.003283,0.0069889783935546,-1.0921820000000002,-0.9267522527745368,326.0,269.0,-0.929876,-0.165589,False,True,True,False,True,True
3,inf,/home/sunshixin/chenchao/my_rlaf/runs/analysis/echosat_symmetry_grpo_v1_7_acceptance_v1_2_iter15_canonical_low_warmup_wc3_per_instance.csv,2,random_3sat_control_v220_c928_seed3303,perm_seed1731,random_3sat_control_v220_c928_seed3303_perm1731,random_3sat_control,non_symmetric_control,large,control,none,220,928,10.0,5.0,v1_2_iter15,0.051845,0.051845,4930.0,4147.0,True,0.291236,0.291236,19684.0,16814.0,True,0.004336,0.1602286105499267,63.0,4.0,True,0.004336,0.1647788354783058,63.0,4.0,True,0.014376,0.1785248138718605,364.0,269.0,True,False,False,0.003692,3.0,39.0,458.748046875,220,1.0986123085021973,True,0.0037059783935546,0.01004,0.0137459783935547,-0.037469,0.1266798138718605,301.0,265.0,0.239391,-0.2869,False,True,False,False,True,True
3,inf,/home/sunshixin/chenchao/my_rlaf/runs/analysis/echosat_symmetry_grpo_v1_7_acceptance_v1_2_iter15_canonical_low_warmup_wc3_per_instance.csv,2,random_3sat_control_v220_c942_seed3304,base,random_3sat_control_v220_c942_seed3304,random_3sat_control,non_symmetric_control,large,control,none,220,942,10.0,5.0,v1_2_iter15,0.519626,0.519626,35472.0,30813.0,True,0.741732,0.741732,41376.0,36046.0,True,0.356727,0.5791143138427735,26754.0,23980.0,True,0.356727,0.5835687730412483,26754.0,23980.0,True,0.543275,0.7733337549290656,41828.0,37443.0,True,False,False,0.003621,3.0,26.0,416.5282897949219,220,1.0986123085021973,True,0.0032169818878173,0.1865479999999999,0.1897649818878173,0.0236489999999999,0.2537077549290656,15074.0,13463.0,0.2221059999999999,-0.3850049999999999,False,False,False,False,True,True
3,inf,/home/sunshixin/chenchao/my_rlaf/runs/analysis/echosat_symmetry_grpo_v1_7_acceptance_v1_2_iter15_canonical_low_warmup_wc3_per_instance.csv,2,random_3sat_control_v220_c942_seed3304,perm_seed1730,random_3sat_control_v220_c942_seed3304_perm1730,random_3sat_control,non_symmetric_control,large,control,none,220,942,10.0,5.0,v1_2_iter15,0.512408,0.512408,34825.0,30052.0,True,0.483592,0.483592,33221.0,28818.0,True,0.344107,0.5664943138427734,26445.0,23804.0,True,0.344107,0.579268143936932,26445.0,23804.0,True,0.537615,0.7759931258247494,42293.0,38083.0,True,False,False,0.011757,3.0,26.0,423.32037353515625,220,1.0986123085021973,True,0.0032169818878173,0.1935079999999999,0.1967249818878174,0.0252069999999999,0.2635851258247494,15848.0,14279.0,-0.0288159999999999,-0.139485,False,False,False,False,True,True
3,inf,/home/sunshixin/chenchao/my_rlaf/runs/analysis/echosat_symmetry_grpo_v1_7_acceptance_v1_2_iter15_canonical_low_warmup_wc3_per_instance.csv,2,random_3sat_control_v220_c942_seed3304,perm_seed1731,random_3sat_control_v220_c942_seed3304_perm1731,random_3sat_control,non_symmetric_control,large,control,none,220,942,10.0,5.0,v1_2_iter15,0.567372,0.567372,38737.0,33758.0,True,0.652049,0.652049,38909.0,33544.0,True,0.320453,0.5428403138427734,26149.0,23448.0,True,0.320453,0.5483618686180711,26149.0,23448.0,True,0.543622,0.7747478505058885,40809.0,36653.0,True,False,False,0.004581,3.0,26.0,418.775390625,220,1.0986123085021973,True,0.0032169818878173,0.223169,0.2263859818878173,-0.0237499999999999,0.2073758505058884,14660.0,13205.0,0.084677,-0.331596,False,True,False,False,True,True
3,inf,/home/sunshixin/chenchao/my_rlaf/runs/analysis/echosat_symmetry_grpo_v1_7_acceptance_v1_2_iter15_canonical_low_warmup_wc3_per_instance.csv,2,random_3sat_control_v260_c1097_seed3305,base,random_3sat_control_v260_c1097_seed3305,random_3sat_control,non_symmetric_control,large,control,none,260,1097,10.0,5.0,v1_2_iter15,5.28676,5.28676,216854.0,188499.0,True,1.86104,1.86104,73626.0,64181.0,True,1.13681,1.3591973138427735,60642.0,54350.0,True,1.13681,1.3661311804860832,60642.0,54350.0,True,0.720582,0.9531201623739004,48332.0,42862.0,True,False,False,0.00604,3.0,35.0,492.83697509765625,260,1.0986123085021973,True,0.0032169818878173,-0.4162280000000001,-0.4130110181121827,-4.566178,-4.3336398376261,-12310.0,-11488.0,-3.42572,-0.7242299999999999,True,True,True,True,False,True
3,inf,/home/sunshixin/chenchao/my_rlaf/runs/analysis/echosat_symmetry_grpo_v1_7_acceptance_v1_2_iter15_canonical_low_warmup_wc3_per_instance.csv,2,random_3sat_control_v260_c1097_seed3305,perm_seed1730,random_3sat_control_v260_c1097_seed3305_perm1730,random_3sat_control,non_symmetric_control,large,control,none,260,1097,10.0,5.0,v1_2_iter15,5.64475,5.64475,224505.0,195557.0,True,0.483525,0.483525,27246.0,23387.0,True,1.17705,1.3994373138427734,60686.0,54724.0,True,1.17705,1.4117545637100934,60686.0,54724.0,True,0.43374,0.6716615455979109,31797.0,27977.0,True,False,False,0.011425,3.0,35.0,494.8829650878906,260,1.0986123085021973,True,0.0032169818878173,-0.7433099999999999,-0.7400930181121825,-5.21101,-4.973088454402089,-28889.0,-26747.0,-5.161225,0.693525,True,True,True,True,False,True
3,inf,/home/sunshixin/chenchao/my_rlaf/runs/analysis/echosat_symmetry_grpo_v1_7_acceptance_v1_2_iter15_canonical_low_warmup_wc3_per_instance.csv,2,random_3sat_control_v260_c1097_seed3305,perm_seed1731,random_3sat_control_v260_c1097_seed3305_perm1731,random_3sat_control,non_symmetric_control,large,control,none,260,1097,10.0,5.0,v1_2_iter15,3.04738,3.04738,105916.0,92052.0,True,4.30097,4.30097,162997.0,142194.0,True,0.843269,1.0656563138427737,48534.0,43247.0,True,0.843269,1.070304951768756,48534.0,43247.0,True,0.613046,0.8432989336565733,42249.0,37108.0,True,False,False,0.00349,3.0,35.0,493.7220764160156,260,1.0986123085021973,True,0.0032169818878173,-0.230223,-0.2270060181121826,-2.434334,-2.2040810663434267,-6285.0,-6139.0,1.2535900000000004,-3.457701,True,True,True,True,False,True
3,inf,/home/sunshixin/chenchao/my_rlaf/runs/analysis/echosat_symmetry_grpo_v1_7_acceptance_v1_2_iter15_canonical_low_warmup_wc3_per_instance.csv,2,random_3sat_control_v260_c1113_seed3306,base,random_3sat_control_v260_c1113_seed3306,random_3sat_control,non_symmetric_control,large,control,none,260,1113,10.0,5.0,v1_2_iter15,4.18654,4.18654,178146.0,155541.0,True,4.64566,4.64566,186876.0,163308.0,True,4.91921,5.141597313842773,226200.0,205404.0,True,4.91921,5.145441505551338,226200.0,205404.0,True,5.24791,5.477358487439155,278578.0,245881.0,True,False,False,0.002915,3.0,34.0,480.0674743652344,260,0.6931471824645996,True,0.0032169818878173,0.3287000000000004,0.3319169818878178,1.06137,1.2908184874391555,52378.0,40477.0,0.4591200000000004,0.2735499999999993,False,False,False,False,True,True
3,inf,/home/sunshixin/chenchao/my_rlaf/runs/analysis/echosat_symmetry_grpo_v1_7_acceptance_v1_2_iter15_canonical_low_warmup_wc3_per_instance.csv,2,random_3sat_control_v260_c1113_seed3306,perm_seed1730,random_3sat_control_v260_c1113_seed3306_perm1730,random_3sat_control,non_symmetric_control,large,control,none,260,1113,10.0,5.0,v1_2_iter15,3.9374,3.9374,171334.0,149746.0,True,5.20727,5.20727,206936.0,180741.0,True,4.3567,4.5790873138427735,206101.0,186162.0,True,4.3567,4.580332584947765,206101.0,186162.0,True,5.10334,5.330189566835583,274989.0,242640.0,True,False,False,0.000377,3.0,34.0,478.7396240234375,260,0.6931471824645996,True,0.0032169818878173,0.7466400000000002,0.7498569818878176,1.1659400000000004,1.392789566835583,68888.0,56478.0,1.2698700000000005,-0.8505700000000003,False,False,False,False,True,True
3,inf,/home/sunshixin/chenchao/my_rlaf/runs/analysis/echosat_symmetry_grpo_v1_7_acceptance_v1_2_iter15_canonical_low_warmup_wc3_per_instance.csv,2,random_3sat_control_v260_c1113_seed3306,perm_seed1731,random_3sat_control_v260_c1113_seed3306_perm1731,random_3sat_control,non_symmetric_control,large,control,none,260,1113,10.0,5.0,v1_2_iter15,4.87841,4.87841,202621.0,177648.0,True,5.38246,5.38246,214985.0,187707.0,True,4.51209,4.601310762252807,217745.0,196903.0,True,4.51209,4.605625097723305,217745.0,196903.0,True,5.17693,5.272931061086952,276612.0,244023.0,True,False,False,0.00331,3.0,34.0,481.5274658203125,260,0.6931471824645996,True,0.0024659633636474,0.6648399999999999,0.6673059633636473,0.2985199999999999,0.3945210610869525,58867.0,47120.0,0.5040500000000003,-0.8703700000000003,False,False,False,False,True,True
3,inf,/home/sunshixin/chenchao/my_rlaf/runs/analysis/echosat_symmetry_grpo_v1_7_acceptance_v1_2_iter15_canonical_low_warmup_wc3_per_instance.csv,2,random_3sat_control_v300_c1266_seed3307,base,random_3sat_control_v300_c1266_seed3307,random_3sat_control,non_symmetric_control,large,control,none,300,1266,10.0,5.0,v1_2_iter15,0.177355,0.177355,12894.0,10895.0,True,1.90158,1.90158,71356.0,61376.0,True,0.01523,0.1044507622528076,288.0,182.0,True,0.01523,0.1097104450216889,288.0,182.0,True,0.042223,0.1391694083853364,2974.0,2378.0,True,False,False,0.004205,3.0,48.0,628.0397338867188,300,1.0986123085021973,True,0.0024659633636474,0.0269929999999999,0.0294589633636474,-0.135132,-0.0381855916146636,2686.0,2196.0,1.724225,-1.88635,False,True,True,False,True,True
3,inf,/home/sunshixin/chenchao/my_rlaf/runs/analysis/echosat_symmetry_grpo_v1_7_acceptance_v1_2_iter15_canonical_low_warmup_wc3_per_instance.csv,2,random_3sat_control_v300_c1266_seed3307,perm_seed1730,random_3sat_control_v300_c1266_seed3307_perm1730,random_3sat_control,non_symmetric_control,large,control,none,300,1266,10.0,5.0,v1_2_iter15,0.993039,0.993039,43103.0,37339.0,True,1.585,1.585,63498.0,54506.0,True,0.015673,0.1048937622528076,321.0,205.0,True,0.015673,0.1116528545470833,321.0,205.0,True,0.032023,0.1304688179107308,2745.0,2186.0,True,False,False,0.00586,3.0,48.0,619.230712890625,300,1.0986123085021973,True,0.0024659633636474,0.01635,0.0188159633636475,-0.961016,-0.8625701820892692,2424.0,1981.0,0.591961,-1.569327,False,True,True,False,True,True
3,inf,/home/sunshixin/chenchao/my_rlaf/runs/analysis/echosat_symmetry_grpo_v1_7_acceptance_v1_2_iter15_canonical_low_warmup_wc3_per_instance.csv,2,random_3sat_control_v300_c1266_seed3307,perm_seed1731,random_3sat_control_v300_c1266_seed3307_perm1731,random_3sat_control,non_symmetric_control,large,control,none,300,1266,10.0,5.0,v1_2_iter15,1.5949,1.5949,66962.0,57424.0,True,0.096493,0.096493,7524.0,6304.0,True,0.012725,0.1019457622528076,375.0,247.0,True,0.012725,0.1096307047083973,375.0,247.0,True,0.029236,0.1286076680720448,2941.0,2412.0,True,False,False,0.00665,3.0,48.0,626.5236206054688,300,1.0986123085021973,True,0.0024659633636474,0.016511,0.0189769633636475,-1.565664,-1.4662923319279553,2566.0,2165.0,-1.498407,-0.083768,False,True,True,False,True,True
3,inf,/home/sunshixin/chenchao/my_rlaf/runs/analysis/echosat_symmetry_grpo_v1_7_acceptance_v1_2_iter15_canonical_low_warmup_wc3_per_instance.csv,2,subset_cardinality_bw10,base,subset_cardinality_bw10,subset_cardinality,weak_symmetry,large,main,weak,41,92,10.0,5.0,v1_2_iter15,0.003493,0.003493,193.0,141.0,True,0.00453,0.00453,237.0,193.0,True,0.001357,0.0905777622528076,162.0,142.0,True,0.001357,0.0926369633595347,162.0,142.0,True,0.001263,0.0950089267231822,185.0,154.0,True,True,True,0.00118,3.0,8.0,94.86821746826172,41,1.0986123085021973,True,0.0024659633636474,-9.39999999999999e-05,0.0023719633636475,-0.00223,0.0915159267231822,23.0,12.0,0.001037,-0.003173,True,True,False,False,True,False
3,inf,/home/sunshixin/chenchao/my_rlaf/runs/analysis/echosat_symmetry_grpo_v1_7_acceptance_v1_2_iter15_canonical_low_warmup_wc3_per_instance.csv,2,subset_cardinality_bw10,perm_seed1730,subset_cardinality_bw10_perm1730,subset_cardinality,weak_symmetry,large,main,weak,41,92,10.0,5.0,v1_2_iter15,0.0,0.0,218.0,167.0,True,0.0,0.0,221.0,169.0,True,0.0,0.0892207622528076,156.0,137.0,True,0.0,0.0909769195039272,156.0,137.0,True,0.00121,0.0946528828675747,177.0,145.0,True,True,True,0.001102,3.0,10.0,98.69181823730467,41,1.0986123085021973,True,0.0024659633636474,0.00121,0.0036759633636475,0.00121,0.0946528828675747,21.0,8.0,0.0,0.0,False,False,False,False,True,False
3,inf,/home/sunshixin/chenchao/my_rlaf/runs/analysis/echosat_symmetry_grpo_v1_7_acceptance_v1_2_iter15_canonical_low_warmup_wc3_per_instance.csv,2,subset_cardinality_bw10,perm_seed1731,subset_cardinality_bw10_perm1731,subset_cardinality,weak_symmetry,large,main,weak,41,92,10.0,5.0,v1_2_iter15,0.003453,0.003453,202.0,147.0,True,0.0,0.0,247.0,155.0,True,0.001816,0.0910367622528076,203.0,164.0,True,0.001816,0.093512546978116,203.0,164.0,True,0.001268,0.0954305103417635,215.0,153.0,True,True,True,0.001791,3.0,7.0,87.48927307128906,41,1.0986123085021973,True,0.0024659633636474,-0.0005479999999999,0.0019179633636474,-0.002185,0.0919775103417635,12.0,-11.0,-0.003453,0.001816,True,True,False,False,True,False
3,inf,/home/sunshixin/chenchao/my_rlaf/runs/analysis/echosat_symmetry_grpo_v1_7_acceptance_v1_2_iter15_canonical_low_warmup_wc3_per_instance.csv,2,subset_cardinality_bw12,base,subset_cardinality_bw12,subset_cardinality,weak_symmetry,large,main,weak,49,108,10.0,5.0,v1_2_iter15,0.00072,0.00072,442.0,342.0,True,0.002545,0.002545,491.0,414.0,True,0.005847,0.0950677622528076,384.0,312.0,True,0.005847,0.0965410103567838,384.0,312.0,True,0.001835,0.0949949737204313,434.0,306.0,True,True,True,0.000782,3.0,12.0,104.73371887207033,49,0.6931471824645996,True,0.0024659633636474,-0.004012,-0.0015460366363524,0.001115,0.0942749737204313,50.0,-6.0,0.0018249999999999,0.003302,True,False,False,False,True,False
3,inf,/home/sunshixin/chenchao/my_rlaf/runs/analysis/echosat_symmetry_grpo_v1_7_acceptance_v1_2_iter15_canonical_low_warmup_wc3_per_instance.csv,2,subset_cardinality_bw12,perm_seed1730,subset_cardinality_bw12_perm1730,subset_cardinality,weak_symmetry,large,main,weak,49,108,10.0,5.0,v1_2_iter15,0.004874,0.004874,440.0,329.0,True,0.005988,0.005988,397.0,314.0,True,0.001582,0.0353058311767578,343.0,268.0,True,0.001582,0.0393304889841675,343.0,268.0,True,0.001819,0.0414571946421265,378.0,296.0,True,True,True,0.003221,3.0,9.0,101.82083892822266,49,1.0986123085021973,True,0.0018897056579589,0.000237,0.0021267056579589,-0.0030549999999999,0.0365831946421265,35.0,28.0,0.001114,-0.004406,False,True,False,False,True,False
3,inf,/home/sunshixin/chenchao/my_rlaf/runs/analysis/echosat_symmetry_grpo_v1_7_acceptance_v1_2_iter15_canonical_low_warmup_wc3_per_instance.csv,2,subset_cardinality_bw12,perm_seed1731,subset_cardinality_bw12_perm1731,subset_cardinality,weak_symmetry,large,main,weak,49,108,10.0,5.0,v1_2_iter15,0.005139,0.005139,393.0,297.0,True,0.005805,0.005805,439.0,311.0,True,0.0032,0.0369238311767578,363.0,285.0,True,0.0032,0.0410210843669772,363.0,285.0,True,0.005555,0.0452657900249362,358.0,301.0,True,True,True,0.003319,3.0,11.0,104.3914794921875,49,1.0986123085021973,True,0.0018897056579589,0.002355,0.004244705657959,0.0004159999999999,0.0401267900249362,-5.0,16.0,0.0006659999999999,-0.002605,False,False,False,False,True,False
3,inf,/home/sunshixin/chenchao/my_rlaf/runs/analysis/echosat_symmetry_grpo_v1_7_acceptance_v1_2_iter15_canonical_low_warmup_wc3_per_instance.csv,2,subset_cardinality_bw8,base,subset_cardinality_bw8,subset_cardinality,weak_symmetry,medium,main,weak,33,76,10.0,5.0,v1_2_iter15,0.002375,0.002375,89.0,67.0,True,0.002155,0.002155,106.0,76.0,True,0.000828,0.0345518311767578,84.0,69.0,True,0.000828,0.0363288693404197,84.0,69.0,True,0.0,0.0373905749983787,94.0,76.0,True,True,True,0.001107,3.0,13.0,75.20963287353516,33,1.0986123085021973,True,0.0018897056579589,-0.000828,0.001061705657959,-0.002375,0.0350155749983787,10.0,7.0,-0.00022,-0.0013269999999999,True,True,False,False,True,False
3,inf,/home/sunshixin/chenchao/my_rlaf/runs/analysis/echosat_symmetry_grpo_v1_7_acceptance_v1_2_iter15_canonical_low_warmup_wc3_per_instance.csv,2,subset_cardinality_bw8,perm_seed1730,subset_cardinality_bw8_perm1730,subset_cardinality,weak_symmetry,medium,main,weak,33,76,10.0,5.0,v1_2_iter15,0.002068,0.002068,110.0,76.0,True,0.00346,0.00346,127.0,80.0,True,0.000551,0.0342748311767578,100.0,79.0,True,0.000551,0.0358495997474193,100.0,79.0,True,0.002164,0.0393523054053783,91.0,67.0,True,True,True,0.00081,3.0,15.0,80.51530456542969,33,1.0986123085021973,True,0.0018897056579589,0.001613,0.0035027056579589,9.600000000000017e-05,0.0372843054053783,-9.0,-12.0,0.001392,-0.002909,False,False,False,True,False,False
3,inf,/home/sunshixin/chenchao/my_rlaf/runs/analysis/echosat_symmetry_grpo_v1_7_acceptance_v1_2_iter15_canonical_low_warmup_wc3_per_instance.csv,2,subset_cardinality_bw8,perm_seed1731,subset_cardinality_bw8_perm1731,subset_cardinality,weak_symmetry,medium,main,weak,33,76,10.0,5.0,v1_2_iter15,0.000838,0.000838,91.0,70.0,True,0.002127,0.002127,102.0,79.0,True,0.0,0.0337238311767578,81.0,70.0,True,0.0,0.0348530185379982,81.0,70.0,True,0.001845,0.0385877241959571,91.0,76.0,True,True,True,0.000404,3.0,12.0,79.57261657714844,33,1.0986123085021973,True,0.0018897056579589,0.001845,0.0037347056579589,0.001007,0.0377497241959571,10.0,6.0,0.001289,-0.002127,False,False,False,False,True,False
