warmup_conflicts,source_csv,repeat_id,base_instance_id,variant,instance_id,family,control_type,scale,benchmark_role,symmetry_strength,num_vars,num_clauses,final_cpu_lim,warmup_cpu_lim,checkpoint,plain_unguided_glucose_final_cpu_time,plain_unguided_glucose_protocol_accounted_time,plain_unguided_glucose_final_decisions,plain_unguided_glucose_final_conflicts,plain_unguided_glucose_final_solved,neutral_weighted_glucose_final_cpu_time,neutral_weighted_glucose_protocol_accounted_time,neutral_weighted_glucose_final_decisions,neutral_weighted_glucose_final_conflicts,neutral_weighted_glucose_final_solved,static_weighted_glucose_final_cpu_time,static_weighted_glucose_protocol_accounted_time,static_weighted_glucose_final_decisions,static_weighted_glucose_final_conflicts,static_weighted_glucose_final_solved,cached_trace_no_adapter_final_final_cpu_time,cached_trace_no_adapter_final_protocol_accounted_time,cached_trace_no_adapter_final_final_decisions,cached_trace_no_adapter_final_final_conflicts,cached_trace_no_adapter_final_final_solved,event_adapter_final_final_cpu_time,event_adapter_final_protocol_accounted_time,event_adapter_final_final_decisions,event_adapter_final_final_conflicts,event_adapter_final_final_solved,known_expected_result,event_adapter_final_known_expected_match,warmup_cpu_time,warmup_conflict_count,warmup_decisions,event_state_l2_sum,event_state_nonzero_vars,event_adapter_graph_gate_evidence,event_adapter_graph_gate_open,adapter_inference_wall_time,adapter_cached_final_cpu_delta,adapter_cached_protocol_delta,adapter_plain_final_cpu_delta,adapter_plain_protocol_delta,adapter_cached_decisions_delta,adapter_cached_conflicts_delta,neutral_plain_final_cpu_delta,static_neutral_final_cpu_delta,adapter_cached_final_cpu_improved,adapter_plain_final_cpu_improved,adapter_plain_protocol_improved
1,/home/sunshixin/chenchao/my_rlaf/runs/analysis/echosat_symmetry_grpo_v1_7_acceptance_iter=80_canonical_low_warmup_wc1_per_instance.csv,0,k10_color9,base,k10_color9,complete_coloring,strong_symmetry,large,main,strong,90,775,10.0,5.0,/home/sunshixin/chenchao/my_rlaf/runs/GNN_Glucose_3SAT_EchoSAT_SymmetryGRPO_v1_7_WC1_PositiveCap/iter=80.pt,4.64098,4.64098,340861.0,314066.0,True,4.42169,4.42169,322229.0,299168.0,True,4.46196,5.421944064102173,321840.0,298649.0,True,4.46196,5.431241925308824,321840.0,298649.0,True,2.90945,3.88595886927855,217726.0,202143.0,True,True,True,0.006947,1.0,8.0,136.93209838867188,90,0.6931471824645996,True,0.0072269439697265,-1.5525100000000003,-1.5452830560302742,-1.7315299999999998,-0.7550211307214498,-104114.0,-96506.0,-0.21928999999999998,0.04027000000000047,True,True,True
1,/home/sunshixin/chenchao/my_rlaf/runs/analysis/echosat_symmetry_grpo_v1_7_acceptance_iter=80_canonical_low_warmup_wc1_per_instance.csv,0,k10_color9,perm_seed1730,k10_color9_perm1730,complete_coloring,strong_symmetry,large,main,strong,90,775,10.0,5.0,/home/sunshixin/chenchao/my_rlaf/runs/GNN_Glucose_3SAT_EchoSAT_SymmetryGRPO_v1_7_WC1_PositiveCap/iter=80.pt,5.69156,5.69156,413643.0,382655.0,True,4.41577,4.41577,283792.0,262594.0,True,4.77998,5.739964064102173,247778.0,229737.0,True,4.77998,5.750057701042354,247778.0,229737.0,True,4.42927,5.40657464501208,298490.0,278650.0,True,True,True,0.008881,1.0,8.0,136.98228454589844,90,0.6931471824645996,True,0.0072269439697265,-0.3507100000000003,-0.34348305603027374,-1.2622900000000001,-0.28498535498791977,50712.0,48913.0,-1.2757899999999998,0.3642099999999999,True,True,True
1,/home/sunshixin/chenchao/my_rlaf/runs/analysis/echosat_symmetry_grpo_v1_7_acceptance_iter=80_canonical_low_warmup_wc1_per_instance.csv,0,k10_color9,perm_seed1731,k10_color9_perm1731,complete_coloring,strong_symmetry,large,main,strong,90,775,10.0,5.0,/home/sunshixin/chenchao/my_rlaf/runs/GNN_Glucose_3SAT_EchoSAT_SymmetryGRPO_v1_7_WC1_PositiveCap/iter=80.pt,4.09025,4.09025,340033.0,312592.0,True,4.1533,4.1533,290369.0,269757.0,True,4.41274,5.372724064102173,290369.0,269757.0,True,4.41274,5.379200824754238,290369.0,269757.0,True,4.79145,5.765137768723965,356144.0,332389.0,True,True,True,0.00559,1.0,8.0,137.00555419921875,90,0.6931471824645996,True,0.0072269439697265,0.3787099999999999,0.38593694396972644,0.7012,1.6748877687239645,65775.0,62632.0,0.0630499999999996,0.25944000000000056,False,False,False
1,/home/sunshixin/chenchao/my_rlaf/runs/analysis/echosat_symmetry_grpo_v1_7_acceptance_iter=80_canonical_low_warmup_wc1_per_instance.csv,0,k8_color7,base,k8_color7,complete_coloring,strong_symmetry,large,main,strong,56,372,10.0,5.0,/home/sunshixin/chenchao/my_rlaf/runs/GNN_Glucose_3SAT_EchoSAT_SymmetryGRPO_v1_7_WC1_PositiveCap/iter=80.pt,0.054897,0.054897,6158.0,5600.0,True,0.045556,0.045556,5946.0,5440.0,True,0.038925,0.9989090641021728,5946.0,5440.0,True,0.038925,1.0046257400199772,5946.0,5440.0,True,0.041934,1.0148616839897036,6019.0,5507.0,True,True,True,0.004675,1.0,6.0,84.73548889160156,56,0.6931471824645996,True,0.0072269439697265,0.003008999999999998,0.01023594396972638,-0.012963000000000002,0.9599646839897036,73.0,67.0,-0.009341000000000002,-0.006630999999999998,False,True,False
1,/home/sunshixin/chenchao/my_rlaf/runs/analysis/echosat_symmetry_grpo_v1_7_acceptance_iter=80_canonical_low_warmup_wc1_per_instance.csv,0,k8_color7,perm_seed1730,k8_color7_perm1730,complete_coloring,strong_symmetry,large,main,strong,56,372,10.0,5.0,/home/sunshixin/chenchao/my_rlaf/runs/GNN_Glucose_3SAT_EchoSAT_SymmetryGRPO_v1_7_WC1_PositiveCap/iter=80.pt,0.055685,0.055685,6138.0,5624.0,True,0.04649,0.04649,6264.0,5696.0,True,0.042852,1.0028360641021727,6264.0,5696.0,True,0.042852,1.0073681919261217,6264.0,5696.0,True,0.041789,1.0135321358958482,5544.0,5098.0,True,True,True,0.003737,1.0,6.0,84.79159545898438,56,0.6931471824645996,True,0.0072269439697265,-0.0010630000000000014,0.006163943969726526,-0.013895999999999999,0.9578471358958482,-720.0,-598.0,-0.009195000000000002,-0.0036379999999999954,True,True,False
1,/home/sunshixin/chenchao/my_rlaf/runs/analysis/echosat_symmetry_grpo_v1_7_acceptance_iter=80_canonical_low_warmup_wc1_per_instance.csv,0,k8_color7,perm_seed1731,k8_color7_perm1731,complete_coloring,strong_symmetry,large,main,strong,56,372,10.0,5.0,/home/sunshixin/chenchao/my_rlaf/runs/GNN_Glucose_3SAT_EchoSAT_SymmetryGRPO_v1_7_WC1_PositiveCap/iter=80.pt,0.042678,0.042678,5800.0,5271.0,True,0.055313,0.055313,6148.0,5641.0,True,0.053896,1.0138800641021728,6148.0,5641.0,True,0.053896,1.0192695689691305,6148.0,5641.0,True,0.039165,1.011765512938857,6122.0,5622.0,True,True,True,0.004521,1.0,6.0,84.7841796875,56,0.6931471824645996,True,0.0072269439697265,-0.014731000000000001,-0.007504056030273487,-0.0035130000000000022,0.969087512938857,-26.0,-19.0,0.012635,-0.0014170000000000016,True,True,False
1,/home/sunshixin/chenchao/my_rlaf/runs/analysis/echosat_symmetry_grpo_v1_7_acceptance_iter=80_canonical_low_warmup_wc1_per_instance.csv,0,k9_color8,base,k9_color8,complete_coloring,strong_symmetry,large,main,strong,72,549,10.0,5.0,/home/sunshixin/chenchao/my_rlaf/runs/GNN_Glucose_3SAT_EchoSAT_SymmetryGRPO_v1_7_WC1_PositiveCap/iter=80.pt,0.67774,0.67774,46557.0,43529.0,True,0.850391,0.850391,44352.0,41138.0,True,0.643351,1.6033350641021729,43519.0,40436.0,True,0.643351,1.6082608315988778,43519.0,40436.0,True,0.534165,1.5063017755686046,39397.0,36642.0,True,True,True,0.004088,1.0,7.0,109.32144165039062,72,0.6931471824645996,True,0.0072269439697265,-0.109186,-0.10195905603027322,-0.143575,0.8285617755686046,-4122.0,-3794.0,0.172651,-0.20704,True,True,False
1,/home/sunshixin/chenchao/my_rlaf/runs/analysis/echosat_symmetry_grpo_v1_7_acceptance_iter=80_canonical_low_warmup_wc1_per_instance.csv,0,k9_color8,perm_seed1730,k9_color8_perm1730,complete_coloring,strong_symmetry,large,main,strong,72,549,10.0,5.0,/home/sunshixin/chenchao/my_rlaf/runs/GNN_Glucose_3SAT_EchoSAT_SymmetryGRPO_v1_7_WC1_PositiveCap/iter=80.pt,0.442978,0.442978,39708.0,36681.0,True,0.728446,0.728446,45794.0,42555.0,True,0.968441,1.9284250641021727,45794.0,42555.0,True,0.968441,1.9333277329363825,45794.0,42555.0,True,0.476084,1.448197676906109,44234.0,40845.0,True,True,True,0.004088,1.0,7.0,109.58531951904295,72,0.6931471824645996,True,0.0072269439697265,-0.492357,-0.4851300560302736,0.033106000000000024,1.0052196769061088,-1560.0,-1710.0,0.28546800000000006,0.23999499999999996,True,False,False
1,/home/sunshixin/chenchao/my_rlaf/runs/analysis/echosat_symmetry_grpo_v1_7_acceptance_iter=80_canonical_low_warmup_wc1_per_instance.csv,0,k9_color8,perm_seed1731,k9_color8_perm1731,complete_coloring,strong_symmetry,large,main,strong,72,549,10.0,5.0,/home/sunshixin/chenchao/my_rlaf/runs/GNN_Glucose_3SAT_EchoSAT_SymmetryGRPO_v1_7_WC1_PositiveCap/iter=80.pt,0.589231,0.589231,47177.0,43763.0,True,0.688938,0.688938,47579.0,44103.0,True,0.751735,0.8398685735321045,47579.0,44103.0,True,0.751735,0.8469443317381145,47579.0,44103.0,True,0.393493,0.4935465204282999,36801.0,34234.0,True,True,True,0.006021,1.0,7.0,109.56788635253906,72,0.6931471824645996,True,0.0048441886901855,-0.35824200000000006,-0.35339781130981457,-0.19573799999999997,-0.09568447957170007,-10778.0,-9869.0,0.0997070000000001,0.06279699999999999,True,True,True
1,/home/sunshixin/chenchao/my_rlaf/runs/analysis/echosat_symmetry_grpo_v1_7_acceptance_iter=80_canonical_low_warmup_wc1_per_instance.csv,0,php_p10_h9,base,php_p10_h9,php,strong_symmetry,large,main,strong,90,775,10.0,5.0,/home/sunshixin/chenchao/my_rlaf/runs/GNN_Glucose_3SAT_EchoSAT_SymmetryGRPO_v1_7_WC1_PositiveCap/iter=80.pt,4.24097,4.24097,340861.0,314066.0,True,4.40221,4.40221,322229.0,299168.0,True,4.15378,4.241913573532105,321840.0,298649.0,True,4.15378,4.24653917708236,321840.0,298649.0,True,2.90265,3.0002533657725454,217726.0,202143.0,True,True,True,0.003823,1.0,8.0,136.93209838867188,90,0.6931471824645996,True,0.0048441886901855,-1.2511300000000003,-1.2462858113098143,-1.33832,-1.2407166342274545,-104114.0,-96506.0,0.16124000000000027,-0.24842999999999993,True,True,True
1,/home/sunshixin/chenchao/my_rlaf/runs/analysis/echosat_symmetry_grpo_v1_7_acceptance_iter=80_canonical_low_warmup_wc1_per_instance.csv,0,php_p10_h9,perm_seed1730,php_p10_h9_perm1730,php,strong_symmetry,large,main,strong,90,775,10.0,5.0,/home/sunshixin/chenchao/my_rlaf/runs/GNN_Glucose_3SAT_EchoSAT_SymmetryGRPO_v1_7_WC1_PositiveCap/iter=80.pt,4.87646,4.87646,413643.0,382655.0,True,4.22051,4.22051,283792.0,262594.0,True,4.45525,4.543383573532105,247778.0,229737.0,True,4.45525,4.547916612635255,247778.0,229737.0,True,4.26651,4.364020801325441,298490.0,278650.0,True,True,True,0.003495,1.0,8.0,136.98228454589844,90,0.6931471824645996,True,0.0048441886901855,-0.18874000000000013,-0.18389581130981458,-0.6099499999999995,-0.5124391986745591,50712.0,48913.0,-0.6559499999999998,0.2347400000000004,True,True,True
1,/home/sunshixin/chenchao/my_rlaf/runs/analysis/echosat_symmetry_grpo_v1_7_acceptance_iter=80_canonical_low_warmup_wc1_per_instance.csv,0,php_p10_h9,perm_seed1731,php_p10_h9_perm1731,php,strong_symmetry,large,main,strong,90,775,10.0,5.0,/home/sunshixin/chenchao/my_rlaf/runs/GNN_Glucose_3SAT_EchoSAT_SymmetryGRPO_v1_7_WC1_PositiveCap/iter=80.pt,4.25401,4.25401,340033.0,312592.0,True,4.21344,4.21344,290369.0,269757.0,True,4.86723,4.955363573532105,290369.0,269757.0,True,4.86723,4.96066066863519,290369.0,269757.0,True,4.9096,5.007874857325375,356144.0,332389.0,True,True,True,0.003387,1.0,8.0,137.00555419921875,90,0.6931471824645996,True,0.0048441886901855,0.04237000000000002,0.047214188690185566,0.6555900000000001,0.7538648573253752,65775.0,62632.0,-0.04056999999999977,0.6537899999999999,False,False,False
1,/home/sunshixin/chenchao/my_rlaf/runs/analysis/echosat_symmetry_grpo_v1_7_acceptance_iter=80_canonical_low_warmup_wc1_per_instance.csv,0,php_p9_h8,base,php_p9_h8,php,strong_symmetry,large,main,strong,72,549,10.0,5.0,/home/sunshixin/chenchao/my_rlaf/runs/GNN_Glucose_3SAT_EchoSAT_SymmetryGRPO_v1_7_WC1_PositiveCap/iter=80.pt,0.686041,0.686041,46557.0,43529.0,True,0.847992,0.847992,44352.0,41138.0,True,0.637302,0.7254355735321045,43519.0,40436.0,True,0.637302,0.7280148546273113,43519.0,40436.0,True,0.52828,0.6238370433174968,39397.0,36642.0,True,True,True,0.000399,1.0,7.0,109.32144165039062,72,0.6931471824645996,True,0.0048441886901855,-0.10902200000000006,-0.10417781130981452,-0.15776100000000004,-0.062203956682503225,-4122.0,-3794.0,0.16195099999999996,-0.21068999999999993,True,True,True
1,/home/sunshixin/chenchao/my_rlaf/runs/analysis/echosat_symmetry_grpo_v1_7_acceptance_iter=80_canonical_low_warmup_wc1_per_instance.csv,0,php_p9_h8,perm_seed1730,php_p9_h8_perm1730,php,strong_symmetry,large,main,strong,72,549,10.0,5.0,/home/sunshixin/chenchao/my_rlaf/runs/GNN_Glucose_3SAT_EchoSAT_SymmetryGRPO_v1_7_WC1_PositiveCap/iter=80.pt,0.46539,0.46539,39708.0,36681.0,True,0.764456,0.764456,45794.0,42555.0,True,0.744669,0.8328025735321045,45794.0,42555.0,True,0.744669,0.8397296325332523,45794.0,42555.0,True,0.479103,0.5790078212234377,44234.0,40845.0,True,True,True,0.004927,1.0,7.0,109.58531951904295,72,0.6931471824645996,True,0.0048441886901855,-0.265566,-0.26072181130981453,0.013712999999999975,0.11361782122343772,-1560.0,-1710.0,0.299066,-0.019787,True,False,False
1,/home/sunshixin/chenchao/my_rlaf/runs/analysis/echosat_symmetry_grpo_v1_7_acceptance_iter=80_canonical_low_warmup_wc1_per_instance.csv,0,php_p9_h8,perm_seed1731,php_p9_h8_perm1731,php,strong_symmetry,large,main,strong,72,549,10.0,5.0,/home/sunshixin/chenchao/my_rlaf/runs/GNN_Glucose_3SAT_EchoSAT_SymmetryGRPO_v1_7_WC1_PositiveCap/iter=80.pt,0.706165,0.706165,47177.0,43763.0,True,0.725261,0.725261,47579.0,44103.0,True,0.681479,0.7696125735321044,47579.0,44103.0,True,0.681479,0.7756104768768548,47579.0,44103.0,True,0.41546,0.5144356655670405,36219.0,33463.0,True,True,True,0.005207,1.0,7.0,109.56788635253906,72,0.6931471824645996,True,0.0048441886901855,-0.26601899999999995,-0.26117481130981435,-0.29070500000000005,-0.19172933443295959,-11360.0,-10640.0,0.019096000000000002,-0.0437820000000001,True,True,True
1,/home/sunshixin/chenchao/my_rlaf/runs/analysis/echosat_symmetry_grpo_v1_7_acceptance_iter=80_canonical_low_warmup_wc1_per_instance.csv,0,random_3sat_control_v160_c704_seed2615,base,random_3sat_control_v160_c704_seed2615,random_3sat_control,non_symmetric_control,large,control,none,160,704,10.0,5.0,/home/sunshixin/chenchao/my_rlaf/runs/GNN_Glucose_3SAT_EchoSAT_SymmetryGRPO_v1_7_WC1_PositiveCap/iter=80.pt,0.0625,0.0625,6771.0,5767.0,True,0.064439,0.064439,5702.0,4813.0,True,0.059258,0.1473915735321045,4859.0,4212.0,True,0.059258,0.1544152231836915,4859.0,4212.0,True,0.051677,0.151678411873877,5471.0,4688.0,True,False,False,0.006068,1.0,20.0,250.25311279296875,160,0.6931471824645996,True,0.0048441886901855,-0.0075809999999999975,-0.0027368113098144853,-0.010823,0.08917841187387701,612.0,476.0,0.0019389999999999963,-0.005180999999999998,True,True,False
1,/home/sunshixin/chenchao/my_rlaf/runs/analysis/echosat_symmetry_grpo_v1_7_acceptance_iter=80_canonical_low_warmup_wc1_per_instance.csv,0,random_3sat_control_v160_c704_seed2615,perm_seed1730,random_3sat_control_v160_c704_seed2615_perm1730,random_3sat_control,non_symmetric_control,large,control,none,160,704,10.0,5.0,/home/sunshixin/chenchao/my_rlaf/runs/GNN_Glucose_3SAT_EchoSAT_SymmetryGRPO_v1_7_WC1_PositiveCap/iter=80.pt,0.113955,0.113955,8522.0,7299.0,True,0.081614,0.081614,7934.0,6809.0,True,0.045454,0.2299947485961914,4602.0,4008.0,True,0.045454,0.2351685939778089,4602.0,4008.0,True,0.054934,0.3263627472676039,5473.0,4688.0,True,False,False,0.004198,1.0,20.0,250.9976043701172,160,0.6931471824645996,True,0.0817141532897949,0.009479999999999995,0.091194153289795,-0.059021000000000004,0.2124077472676039,871.0,680.0,-0.032340999999999995,-0.036160000000000005,False,True,False
1,/home/sunshixin/chenchao/my_rlaf/runs/analysis/echosat_symmetry_grpo_v1_7_acceptance_iter=80_canonical_low_warmup_wc1_per_instance.csv,0,random_3sat_control_v160_c704_seed2615,perm_seed1731,random_3sat_control_v160_c704_seed2615_perm1731,random_3sat_control,non_symmetric_control,large,control,none,160,704,10.0,5.0,/home/sunshixin/chenchao/my_rlaf/runs/GNN_Glucose_3SAT_EchoSAT_SymmetryGRPO_v1_7_WC1_PositiveCap/iter=80.pt,0.05571,0.05571,5676.0,4847.0,True,0.100638,0.100638,8017.0,6851.0,True,0.050203,0.2347437485961914,4961.0,4384.0,True,0.050203,0.2361605814746618,4961.0,4384.0,True,0.047195,0.3148667347644567,5559.0,4673.0,True,False,False,0.000493,1.0,20.0,250.14382934570312,160,0.6931471824645996,True,0.0817141532897949,-0.003007999999999997,0.07870615328979491,-0.008515000000000002,0.2591567347644567,598.0,289.0,0.044928,-0.05043500000000001,True,True,False
1,/home/sunshixin/chenchao/my_rlaf/runs/analysis/echosat_symmetry_grpo_v1_7_acceptance_iter=80_canonical_low_warmup_wc1_per_instance.csv,0,random_3sat_control_v180_c760_seed3301,base,random_3sat_control_v180_c760_seed3301,random_3sat_control,non_symmetric_control,large,control,none,180,760,10.0,5.0,/home/sunshixin/chenchao/my_rlaf/runs/GNN_Glucose_3SAT_EchoSAT_SymmetryGRPO_v1_7_WC1_PositiveCap/iter=80.pt,0.560316,0.560316,27442.0,23617.0,True,0.148704,0.148704,10470.0,8910.0,True,0.009244,0.1937847485961914,693.0,567.0,True,0.009244,0.200624765184164,693.0,567.0,True,0.611384,0.884478918473959,41817.0,36891.0,True,False,False,0.00564,1.0,25.0,290.802978515625,180,0.6931471824645996,True,0.0817141532897949,0.60214,0.683854153289795,0.051068,0.32416291847395895,41124.0,36324.0,-0.41161200000000003,-0.13946,False,False,False
1,/home/sunshixin/chenchao/my_rlaf/runs/analysis/echosat_symmetry_grpo_v1_7_acceptance_iter=80_canonical_low_warmup_wc1_per_instance.csv,0,random_3sat_control_v180_c760_seed3301,perm_seed1730,random_3sat_control_v180_c760_seed3301_perm1730,random_3sat_control,non_symmetric_control,large,control,none,180,760,10.0,5.0,/home/sunshixin/chenchao/my_rlaf/runs/GNN_Glucose_3SAT_EchoSAT_SymmetryGRPO_v1_7_WC1_PositiveCap/iter=80.pt,1.05477,1.05477,47649.0,41152.0,True,0.096606,0.096606,7421.0,6253.0,True,0.008701,0.1932417485961914,643.0,525.0,True,0.008701,0.1989410377506613,643.0,525.0,True,0.481362,0.7533161910404562,33548.0,29357.0,True,False,False,0.004601,1.0,25.0,292.0396728515625,180,0.6931471824645996,True,0.0817141532897949,0.472661,0.5543751532897949,-0.5734079999999999,-0.30145380895954377,32905.0,28832.0,-0.958164,-0.087905,False,True,True
1,/home/sunshixin/chenchao/my_rlaf/runs/analysis/echosat_symmetry_grpo_v1_7_acceptance_iter=80_canonical_low_warmup_wc1_per_instance.csv,0,random_3sat_control_v180_c760_seed3301,perm_seed1731,random_3sat_control_v180_c760_seed3301_perm1731,random_3sat_control,non_symmetric_control,large,control,none,180,760,10.0,5.0,/home/sunshixin/chenchao/my_rlaf/runs/GNN_Glucose_3SAT_EchoSAT_SymmetryGRPO_v1_7_WC1_PositiveCap/iter=80.pt,0.646667,0.646667,27197.0,23469.0,True,0.127258,0.127258,9011.0,7714.0,True,0.004187,0.1887277485961914,590.0,484.0,True,0.004187,0.1926484769454002,590.0,484.0,True,0.637706,0.9078816302351952,43169.0,38129.0,True,False,False,0.002812,1.0,25.0,291.0475769042969,180,0.6931471824645996,True,0.0817141532897949,0.6335189999999999,0.715233153289795,-0.008960999999999997,0.2612146302351952,42579.0,37645.0,-0.519409,-0.12307100000000001,False,True,False
1,/home/sunshixin/chenchao/my_rlaf/runs/analysis/echosat_symmetry_grpo_v1_7_acceptance_iter=80_canonical_low_warmup_wc1_per_instance.csv,0,random_3sat_control_v220_c928_seed3303,base,random_3sat_control_v220_c928_seed3303,random_3sat_control,non_symmetric_control,large,control,none,220,928,10.0,5.0,/home/sunshixin/chenchao/my_rlaf/runs/GNN_Glucose_3SAT_EchoSAT_SymmetryGRPO_v1_7_WC1_PositiveCap/iter=80.pt,0.788494,0.788494,30277.0,25994.0,True,0.446042,0.446042,22265.0,19025.0,True,0.005293,0.1898337485961914,62.0,4.0,True,0.005293,0.1962731599847078,62.0,4.0,True,0.017668,0.2903623132745028,673.0,525.0,True,False,False,0.005433,1.0,28.0,332.48345947265625,220,0.6931471824645996,True,0.0817141532897949,0.012375,0.094089153289795,-0.770826,-0.49813168672549724,611.0,521.0,-0.34245200000000003,-0.440749,False,True,True
1,/home/sunshixin/chenchao/my_rlaf/runs/analysis/echosat_symmetry_grpo_v1_7_acceptance_iter=80_canonical_low_warmup_wc1_per_instance.csv,0,random_3sat_control_v220_c928_seed3303,perm_seed1730,random_3sat_control_v220_c928_seed3303_perm1730,random_3sat_control,non_symmetric_control,large,control,none,220,928,10.0,5.0,/home/sunshixin/chenchao/my_rlaf/runs/GNN_Glucose_3SAT_EchoSAT_SymmetryGRPO_v1_7_WC1_PositiveCap/iter=80.pt,1.49441,1.49441,52742.0,45477.0,True,0.207566,0.207566,13039.0,11071.0,True,0.005364,0.1899047485961914,62.0,4.0,True,0.005364,0.1951646036421656,62.0,4.0,True,0.015212,0.2867267569319606,668.0,531.0,True,False,False,0.004085,1.0,28.0,330.46795654296875,220,0.6931471824645996,True,0.0817141532897949,0.009847999999999999,0.091562153289795,-1.479198,-1.2076832430680393,606.0,527.0,-1.286844,-0.202202,False,True,True
1,/home/sunshixin/chenchao/my_rlaf/runs/analysis/echosat_symmetry_grpo_v1_7_acceptance_iter=80_canonical_low_warmup_wc1_per_instance.csv,0,random_3sat_control_v220_c928_seed3303,perm_seed1731,random_3sat_control_v220_c928_seed3303_perm1731,random_3sat_control,non_symmetric_control,large,control,none,220,928,10.0,5.0,/home/sunshixin/chenchao/my_rlaf/runs/GNN_Glucose_3SAT_EchoSAT_SymmetryGRPO_v1_7_WC1_PositiveCap/iter=80.pt,0.057256,0.057256,4930.0,4147.0,True,0.356055,0.356055,19684.0,16814.0,True,0.005329,0.1898697485961914,63.0,4.0,True,0.005329,0.1954494532423615,63.0,4.0,True,0.010707,0.2825416065321565,822.0,632.0,True,False,False,0.004465,1.0,28.0,331.7943725585937,220,0.6931471824645996,True,0.0817141532897949,0.005377999999999999,0.087092153289795,-0.046549,0.22528560653215648,759.0,628.0,0.29879900000000004,-0.350726,False,True,False
1,/home/sunshixin/chenchao/my_rlaf/runs/analysis/echosat_symmetry_grpo_v1_7_acceptance_iter=80_canonical_low_warmup_wc1_per_instance.csv,0,random_3sat_control_v220_c942_seed3304,base,random_3sat_control_v220_c942_seed3304,random_3sat_control,non_symmetric_control,large,control,none,220,942,10.0,5.0,/home/sunshixin/chenchao/my_rlaf/runs/GNN_Glucose_3SAT_EchoSAT_SymmetryGRPO_v1_7_WC1_PositiveCap/iter=80.pt,0.742464,0.742464,35472.0,30813.0,True,0.964584,0.964584,41376.0,36046.0,True,0.480082,0.7411055214233399,26754.0,23980.0,True,0.480082,0.7449412353859544,26754.0,23980.0,True,0.66387,1.0064489238014818,40303.0,36145.0,True,False,False,0.00269,1.0,24.0,322.4337158203125,220,0.6931471824645996,True,0.0777196884155273,0.18378799999999995,0.2615076884155274,-0.07859400000000005,0.26398492380148175,13549.0,12165.0,0.22211999999999998,-0.484502,False,True,False
1,/home/sunshixin/chenchao/my_rlaf/runs/analysis/echosat_symmetry_grpo_v1_7_acceptance_iter=80_canonical_low_warmup_wc1_per_instance.csv,0,random_3sat_control_v220_c942_seed3304,perm_seed1730,random_3sat_control_v220_c942_seed3304_perm1730,random_3sat_control,non_symmetric_control,large,control,none,220,942,10.0,5.0,/home/sunshixin/chenchao/my_rlaf/runs/GNN_Glucose_3SAT_EchoSAT_SymmetryGRPO_v1_7_WC1_PositiveCap/iter=80.pt,0.638115,0.638115,34825.0,30052.0,True,0.621997,0.621997,33221.0,28818.0,True,0.502256,0.7632795214233399,26445.0,23804.0,True,0.502256,0.7700046408703327,26445.0,23804.0,True,0.602689,0.94815732928586,39714.0,35415.0,True,False,False,0.005593,1.0,24.0,324.02960205078125,220,0.6931471824645996,True,0.0777196884155273,0.100433,0.17815268841552734,-0.03542599999999996,0.31004232928586006,13269.0,11611.0,-0.016117999999999966,-0.11974099999999999,False,True,False
1,/home/sunshixin/chenchao/my_rlaf/runs/analysis/echosat_symmetry_grpo_v1_7_acceptance_iter=80_canonical_low_warmup_wc1_per_instance.csv,0,random_3sat_control_v220_c942_seed3304,perm_seed1731,random_3sat_control_v220_c942_seed3304_perm1731,random_3sat_control,non_symmetric_control,large,control,none,220,942,10.0,5.0,/home/sunshixin/chenchao/my_rlaf/runs/GNN_Glucose_3SAT_EchoSAT_SymmetryGRPO_v1_7_WC1_PositiveCap/iter=80.pt,0.712338,0.712338,38737.0,33758.0,True,0.799155,0.799155,38909.0,33544.0,True,0.490387,0.7514105214233399,26149.0,23448.0,True,0.490387,0.7601267651433349,26149.0,23448.0,True,0.647919,0.9953784535588622,40803.0,36445.0,True,False,False,0.007714,1.0,24.0,324.64569091796875,220,0.6931471824645996,True,0.0777196884155273,0.157532,0.23525168841552735,-0.064419,0.2830404535588622,14654.0,12997.0,0.08681699999999992,-0.30876799999999993,False,True,False
1,/home/sunshixin/chenchao/my_rlaf/runs/analysis/echosat_symmetry_grpo_v1_7_acceptance_iter=80_canonical_low_warmup_wc1_per_instance.csv,0,random_3sat_control_v260_c1097_seed3305,base,random_3sat_control_v260_c1097_seed3305,random_3sat_control,non_symmetric_control,large,control,none,260,1097,10.0,5.0,/home/sunshixin/chenchao/my_rlaf/runs/GNN_Glucose_3SAT_EchoSAT_SymmetryGRPO_v1_7_WC1_PositiveCap/iter=80.pt,6.86472,6.86472,216854.0,188499.0,True,2.28024,2.28024,73626.0,64181.0,True,1.55858,1.81960352142334,60642.0,54350.0,True,1.55858,1.8276535044772624,60642.0,54350.0,True,1.76373,2.11052319289279,80287.0,71600.0,True,False,False,0.006912,1.0,35.0,390.6428833007813,260,0.6931471824645996,True,0.0777196884155273,0.20514999999999994,0.2828696884155275,-5.10099,-4.75419680710721,19645.0,17250.0,-4.58448,-0.72166,False,True,True
1,/home/sunshixin/chenchao/my_rlaf/runs/analysis/echosat_symmetry_grpo_v1_7_acceptance_iter=80_canonical_low_warmup_wc1_per_instance.csv,0,random_3sat_control_v260_c1097_seed3305,perm_seed1730,random_3sat_control_v260_c1097_seed3305_perm1730,random_3sat_control,non_symmetric_control,large,control,none,260,1097,10.0,5.0,/home/sunshixin/chenchao/my_rlaf/runs/GNN_Glucose_3SAT_EchoSAT_SymmetryGRPO_v1_7_WC1_PositiveCap/iter=80.pt,7.37414,7.37414,224505.0,195557.0,True,0.644387,0.644387,27246.0,23387.0,True,1.51048,1.77150352142334,60686.0,54724.0,True,1.51048,1.775206160480976,60686.0,54724.0,True,1.45328,1.795725848896503,69741.0,62000.0,True,False,False,0.00264,1.0,35.0,390.0680847167969,260,0.6931471824645996,True,0.0777196884155273,-0.05720000000000014,0.020519688415527204,-5.920859999999999,-5.578414151103496,9055.0,7276.0,-6.729753,0.866093,True,True,True
1,/home/sunshixin/chenchao/my_rlaf/runs/analysis/echosat_symmetry_grpo_v1_7_acceptance_iter=80_canonical_low_warmup_wc1_per_instance.csv,0,random_3sat_control_v260_c1097_seed3305,perm_seed1731,random_3sat_control_v260_c1097_seed3305_perm1731,random_3sat_control,non_symmetric_control,large,control,none,260,1097,10.0,5.0,/home/sunshixin/chenchao/my_rlaf/runs/GNN_Glucose_3SAT_EchoSAT_SymmetryGRPO_v1_7_WC1_PositiveCap/iter=80.pt,4.00219,4.00219,105916.0,92052.0,True,5.5251,5.5251,162997.0,142194.0,True,1.10621,1.3672335214233398,48534.0,43247.0,True,1.10621,1.373838031843066,48534.0,43247.0,True,1.75872,2.104067720258594,80122.0,71235.0,True,False,False,0.005496,1.0,35.0,389.6698913574219,260,0.6931471824645996,True,0.0777196884155273,0.6525100000000001,0.7302296884155277,-2.2434699999999994,-1.898122279741406,31588.0,27988.0,1.5229100000000004,-4.41889,False,True,True
1,/home/sunshixin/chenchao/my_rlaf/runs/analysis/echosat_symmetry_grpo_v1_7_acceptance_iter=80_canonical_low_warmup_wc1_per_instance.csv,0,random_3sat_control_v260_c1113_seed3306,base,random_3sat_control_v260_c1113_seed3306,random_3sat_control,non_symmetric_control,large,control,none,260,1113,10.0,5.0,/home/sunshixin/chenchao/my_rlaf/runs/GNN_Glucose_3SAT_EchoSAT_SymmetryGRPO_v1_7_WC1_PositiveCap/iter=80.pt,5.47903,5.47903,178146.0,155541.0,True,6.00798,6.00798,186876.0,163308.0,True,6.4425,6.70352352142334,226200.0,205404.0,True,6.4425,6.711034626169503,226200.0,205404.0,True,6.66152,7.00777431458503,262785.0,231853.0,True,False,False,0.006475,1.0,33.0,397.6284790039063,260,0.6931471824645996,True,0.0777196884155273,0.21902000000000044,0.2967396884155278,1.1824900000000005,1.5287443145850306,36585.0,26449.0,0.52895,0.43452,False,False,False
1,/home/sunshixin/chenchao/my_rlaf/runs/analysis/echosat_symmetry_grpo_v1_7_acceptance_iter=80_canonical_low_warmup_wc1_per_instance.csv,0,random_3sat_control_v260_c1113_seed3306,perm_seed1730,random_3sat_control_v260_c1113_seed3306_perm1730,random_3sat_control,non_symmetric_control,large,control,none,260,1113,10.0,5.0,/home/sunshixin/chenchao/my_rlaf/runs/GNN_Glucose_3SAT_EchoSAT_SymmetryGRPO_v1_7_WC1_PositiveCap/iter=80.pt,5.16899,5.16899,171334.0,149746.0,True,6.87559,6.87559,206936.0,180741.0,True,5.60591,5.86693352142334,206101.0,186162.0,True,5.60591,5.871403623811602,206101.0,186162.0,True,6.3065,6.64971331222713,254223.0,224105.0,True,False,False,0.003285,1.0,33.0,396.3316650390625,260,0.6931471824645996,True,0.0777196884155273,0.70059,0.7783096884155274,1.1375099999999998,1.4807233122271297,48122.0,37943.0,1.7066,-1.2696800000000001,False,False,False
1,/home/sunshixin/chenchao/my_rlaf/runs/analysis/echosat_symmetry_grpo_v1_7_acceptance_iter=80_canonical_low_warmup_wc1_per_instance.csv,0,random_3sat_control_v260_c1113_seed3306,perm_seed1731,random_3sat_control_v260_c1113_seed3306_perm1731,random_3sat_control,non_symmetric_control,large,control,none,260,1113,10.0,5.0,/home/sunshixin/chenchao/my_rlaf/runs/GNN_Glucose_3SAT_EchoSAT_SymmetryGRPO_v1_7_WC1_PositiveCap/iter=80.pt,6.482,6.482,202621.0,177648.0,True,7.18044,7.18044,214985.0,187707.0,True,6.19264,6.556631737365723,217745.0,196903.0,True,6.19264,6.56401034088403,217745.0,196903.0,True,6.34226,6.716556690523922,255321.0,225161.0,True,False,False,0.006305,1.0,33.0,397.0461730957031,260,0.6931471824645996,True,0.0029263496398925,0.14961999999999964,0.15254634963989222,-0.13974000000000064,0.23455669052392203,37576.0,28258.0,0.6984399999999997,-0.9878,False,True,False
1,/home/sunshixin/chenchao/my_rlaf/runs/analysis/echosat_symmetry_grpo_v1_7_acceptance_iter=80_canonical_low_warmup_wc1_per_instance.csv,0,random_3sat_control_v300_c1266_seed3307,base,random_3sat_control_v300_c1266_seed3307,random_3sat_control,non_symmetric_control,large,control,none,300,1266,10.0,5.0,/home/sunshixin/chenchao/my_rlaf/runs/GNN_Glucose_3SAT_EchoSAT_SymmetryGRPO_v1_7_WC1_PositiveCap/iter=80.pt,0.209105,0.209105,12894.0,10895.0,True,2.49013,2.49013,71356.0,61376.0,True,0.015012,0.3790037373657227,288.0,182.0,True,0.015012,0.386916330421567,288.0,182.0,True,0.033618,0.4084486800614595,2565.0,2058.0,True,False,False,0.006623,1.0,46.0,466.681884765625,300,0.6931471824645996,True,0.0029263496398925,0.018606000000000004,0.021532349639892534,-0.175487,0.1993436800614595,2277.0,1876.0,2.281025,-2.475118,False,True,False
1,/home/sunshixin/chenchao/my_rlaf/runs/analysis/echosat_symmetry_grpo_v1_7_acceptance_iter=80_canonical_low_warmup_wc1_per_instance.csv,0,random_3sat_control_v300_c1266_seed3307,perm_seed1730,random_3sat_control_v300_c1266_seed3307_perm1730,random_3sat_control,non_symmetric_control,large,control,none,300,1266,10.0,5.0,/home/sunshixin/chenchao/my_rlaf/runs/GNN_Glucose_3SAT_EchoSAT_SymmetryGRPO_v1_7_WC1_PositiveCap/iter=80.pt,1.31241,1.31241,43103.0,37339.0,True,2.01736,2.01736,63498.0,54506.0,True,0.010709,0.3747007373657227,321.0,205.0,True,0.010709,0.3837075729965568,321.0,205.0,True,0.038877,0.4148019226364493,2937.0,2391.0,True,False,False,0.007905,1.0,46.0,465.9733581542969,300,0.6931471824645996,True,0.0029263496398925,0.028168000000000002,0.03109434963989255,-1.273533,-0.8976080773635507,2616.0,2186.0,0.70495,-2.006651,False,True,True
1,/home/sunshixin/chenchao/my_rlaf/runs/analysis/echosat_symmetry_grpo_v1_7_acceptance_iter=80_canonical_low_warmup_wc1_per_instance.csv,0,random_3sat_control_v300_c1266_seed3307,perm_seed1731,random_3sat_control_v300_c1266_seed3307_perm1731,random_3sat_control,non_symmetric_control,large,control,none,300,1266,10.0,5.0,/home/sunshixin/chenchao/my_rlaf/runs/GNN_Glucose_3SAT_EchoSAT_SymmetryGRPO_v1_7_WC1_PositiveCap/iter=80.pt,2.07771,2.07771,66962.0,57424.0,True,0.116673,0.116673,7524.0,6304.0,True,0.013513,0.3775047373657226,375.0,247.0,True,0.013513,0.3852495925976634,375.0,247.0,True,0.043488,0.418150942237556,3076.0,2480.0,True,False,False,0.006515,1.0,46.0,465.2885437011719,300,0.6931471824645996,True,0.0029263496398925,0.029974999999999998,0.03290134963989261,-2.034222,-1.6595590577624442,2701.0,2233.0,-1.9610370000000001,-0.10316,False,True,True
1,/home/sunshixin/chenchao/my_rlaf/runs/analysis/echosat_symmetry_grpo_v1_7_acceptance_iter=80_canonical_low_warmup_wc1_per_instance.csv,0,subset_cardinality_bw10,base,subset_cardinality_bw10,subset_cardinality,weak_symmetry,large,main,weak,41,92,10.0,5.0,/home/sunshixin/chenchao/my_rlaf/runs/GNN_Glucose_3SAT_EchoSAT_SymmetryGRPO_v1_7_WC1_PositiveCap/iter=80.pt,0.001746,0.001746,193.0,141.0,True,0.001965,0.001965,237.0,193.0,True,0.002419,0.3664107373657226,162.0,142.0,True,0.002419,0.3692444355614781,162.0,142.0,True,0.001861,0.3716127852013707,179.0,151.0,True,True,True,0.001924,1.0,5.0,62.83808517456055,41,0.6931471824645996,True,0.0029263496398925,-0.0005580000000000001,0.002368349639892575,0.00011500000000000008,0.3698667852013707,17.0,9.0,0.00021900000000000023,0.000454,True,False,False
1,/home/sunshixin/chenchao/my_rlaf/runs/analysis/echosat_symmetry_grpo_v1_7_acceptance_iter=80_canonical_low_warmup_wc1_per_instance.csv,0,subset_cardinality_bw10,perm_seed1730,subset_cardinality_bw10_perm1730,subset_cardinality,weak_symmetry,large,main,weak,41,92,10.0,5.0,/home/sunshixin/chenchao/my_rlaf/runs/GNN_Glucose_3SAT_EchoSAT_SymmetryGRPO_v1_7_WC1_PositiveCap/iter=80.pt,0.000343,0.000343,218.0,167.0,True,0.001638,0.001638,221.0,169.0,True,0.002182,0.3661737373657227,156.0,137.0,True,0.002182,0.3690091056793928,156.0,137.0,True,0.001467,0.3712204553192854,181.0,158.0,True,True,True,0.001768,1.0,6.0,62.92706298828125,41,0.6931471824645996,True,0.0029263496398925,-0.0007149999999999999,0.002211349639892557,0.001124,0.3708774553192854,25.0,21.0,0.001295,0.000544,True,False,False
1,/home/sunshixin/chenchao/my_rlaf/runs/analysis/echosat_symmetry_grpo_v1_7_acceptance_iter=80_canonical_low_warmup_wc1_per_instance.csv,0,subset_cardinality_bw10,perm_seed1731,subset_cardinality_bw10_perm1731,subset_cardinality,weak_symmetry,large,main,weak,41,92,10.0,5.0,/home/sunshixin/chenchao/my_rlaf/runs/GNN_Glucose_3SAT_EchoSAT_SymmetryGRPO_v1_7_WC1_PositiveCap/iter=80.pt,0.001405,0.001405,202.0,147.0,True,0.000343,0.000343,247.0,155.0,True,0.002108,0.3660997373657226,203.0,164.0,True,0.002108,0.3673907927869558,203.0,164.0,True,0.001457,0.3696661424268484,175.0,147.0,True,True,True,0.000495,1.0,7.0,62.392337799072266,41,0.6931471824645996,True,0.0029263496398925,-0.0006510000000000001,0.002275349639892621,5.199999999999996e-05,0.36826114242684843,-28.0,-17.0,-0.001062,0.001765,True,False,False
1,/home/sunshixin/chenchao/my_rlaf/runs/analysis/echosat_symmetry_grpo_v1_7_acceptance_iter=80_canonical_low_warmup_wc1_per_instance.csv,0,subset_cardinality_bw12,base,subset_cardinality_bw12,subset_cardinality,weak_symmetry,large,main,weak,49,108,10.0,5.0,/home/sunshixin/chenchao/my_rlaf/runs/GNN_Glucose_3SAT_EchoSAT_SymmetryGRPO_v1_7_WC1_PositiveCap/iter=80.pt,0.002043,0.002043,442.0,342.0,True,0.000971,0.000971,491.0,414.0,True,0.0,0.3639917373657226,384.0,312.0,True,0.0,0.3654348047482967,384.0,312.0,True,0.002183,0.3705441543881893,390.0,307.0,True,True,True,0.000605,1.0,9.0,75.44426727294922,49,0.6931471824645996,True,0.0029263496398925,0.002183,0.005109349639892569,0.00013999999999999993,0.36850115438818926,6.0,-5.0,-0.001072,-0.000971,False,False,False
1,/home/sunshixin/chenchao/my_rlaf/runs/analysis/echosat_symmetry_grpo_v1_7_acceptance_iter=80_canonical_low_warmup_wc1_per_instance.csv,0,subset_cardinality_bw12,perm_seed1730,subset_cardinality_bw12_perm1730,subset_cardinality,weak_symmetry,large,main,weak,49,108,10.0,5.0,/home/sunshixin/chenchao/my_rlaf/runs/GNN_Glucose_3SAT_EchoSAT_SymmetryGRPO_v1_7_WC1_PositiveCap/iter=80.pt,0.001904,0.001904,440.0,329.0,True,0.002219,0.002219,397.0,314.0,True,0.002825,0.2332615634918212,343.0,268.0,True,0.002825,0.2348723457054495,343.0,268.0,True,0.002018,0.2642484225639701,332.0,273.0,True,True,True,0.000522,1.0,7.0,73.95069122314453,49,0.6931471824645996,True,0.0301830768585205,-0.000807,0.02937607685852059,0.00011399999999999974,0.26234442256397006,-11.0,5.0,0.00031499999999999996,0.0006059999999999998,True,False,False
1,/home/sunshixin/chenchao/my_rlaf/runs/analysis/echosat_symmetry_grpo_v1_7_acceptance_iter=80_canonical_low_warmup_wc1_per_instance.csv,0,subset_cardinality_bw12,perm_seed1731,subset_cardinality_bw12_perm1731,subset_cardinality,weak_symmetry,large,main,weak,49,108,10.0,5.0,/home/sunshixin/chenchao/my_rlaf/runs/GNN_Glucose_3SAT_EchoSAT_SymmetryGRPO_v1_7_WC1_PositiveCap/iter=80.pt,0.0,0.0,393.0,297.0,True,0.002627,0.002627,439.0,311.0,True,0.002686,0.2331225634918212,363.0,285.0,True,0.002686,0.2353875727124214,363.0,285.0,True,0.002041,0.2649256495709419,371.0,306.0,True,True,True,0.001421,1.0,7.0,75.07693481445312,49,0.6931471824645996,True,0.0301830768585205,-0.0006450000000000002,0.0295380768585205,0.002041,0.2649256495709419,8.0,21.0,0.002627,5.9000000000000025e-05,True,False,False
1,/home/sunshixin/chenchao/my_rlaf/runs/analysis/echosat_symmetry_grpo_v1_7_acceptance_iter=80_canonical_low_warmup_wc1_per_instance.csv,0,subset_cardinality_bw8,base,subset_cardinality_bw8,subset_cardinality,weak_symmetry,medium,main,weak,33,76,10.0,5.0,/home/sunshixin/chenchao/my_rlaf/runs/GNN_Glucose_3SAT_EchoSAT_SymmetryGRPO_v1_7_WC1_PositiveCap/iter=80.pt,0.000337,0.000337,89.0,67.0,True,0.000319,0.000319,106.0,76.0,True,0.001647,0.2320835634918213,84.0,69.0,True,0.001647,0.2345836077468395,84.0,69.0,True,0.001144,0.26426368460536,97.0,83.0,True,True,True,0.001611,1.0,12.0,54.99262619018555,33,0.6931471824645996,True,0.0301830768585205,-0.000503,0.029680076858520477,0.000807,0.26392668460536,13.0,14.0,-1.8000000000000004e-05,0.001328,True,False,False
1,/home/sunshixin/chenchao/my_rlaf/runs/analysis/echosat_symmetry_grpo_v1_7_acceptance_iter=80_canonical_low_warmup_wc1_per_instance.csv,0,subset_cardinality_bw8,perm_seed1730,subset_cardinality_bw8_perm1730,subset_cardinality,weak_symmetry,medium,main,weak,33,76,10.0,5.0,/home/sunshixin/chenchao/my_rlaf/runs/GNN_Glucose_3SAT_EchoSAT_SymmetryGRPO_v1_7_WC1_PositiveCap/iter=80.pt,0.001202,0.001202,110.0,76.0,True,0.001292,0.001292,127.0,80.0,True,0.000537,0.2309735634918213,100.0,79.0,True,0.000537,0.2317069707061052,100.0,79.0,True,0.001135,0.2624880475646257,101.0,83.0,True,True,True,0.0,1.0,5.0,49.16338348388672,33,0.6931471824645996,True,0.0301830768585205,0.0005979999999999999,0.030781076858520495,-6.7e-05,0.2612860475646257,1.0,4.0,9.000000000000002e-05,-0.0007549999999999999,False,True,False
1,/home/sunshixin/chenchao/my_rlaf/runs/analysis/echosat_symmetry_grpo_v1_7_acceptance_iter=80_canonical_low_warmup_wc1_per_instance.csv,0,subset_cardinality_bw8,perm_seed1731,subset_cardinality_bw8_perm1731,subset_cardinality,weak_symmetry,medium,main,weak,33,76,10.0,5.0,/home/sunshixin/chenchao/my_rlaf/runs/GNN_Glucose_3SAT_EchoSAT_SymmetryGRPO_v1_7_WC1_PositiveCap/iter=80.pt,0.000958,0.000958,91.0,70.0,True,0.001263,0.001263,102.0,79.0,True,0.001756,0.2321925634918213,81.0,70.0,True,0.001756,0.2331855172691345,81.0,70.0,True,0.001098,0.262710594127655,92.0,76.0,True,True,True,0.0,1.0,11.0,55.44180679321289,33,0.6931471824645996,True,0.0301830768585205,-0.000658,0.029525076858520516,0.00014000000000000004,0.261752594127655,11.0,6.0,0.00030500000000000004,0.000493,True,False,False
1,/home/sunshixin/chenchao/my_rlaf/runs/analysis/echosat_symmetry_grpo_v1_7_acceptance_iter=80_canonical_low_warmup_wc1_per_instance.csv,1,k10_color9,base,k10_color9,complete_coloring,strong_symmetry,large,main,strong,90,775,10.0,5.0,/home/sunshixin/chenchao/my_rlaf/runs/GNN_Glucose_3SAT_EchoSAT_SymmetryGRPO_v1_7_WC1_PositiveCap/iter=80.pt,4.2592,4.2592,340861.0,314066.0,True,4.16536,4.16536,322229.0,299168.0,True,4.03211,4.56392004524231,321840.0,298649.0,True,4.03211,4.5744916180673245,321840.0,298649.0,True,2.94038,3.539663072992861,217726.0,202143.0,True,True,True,0.00882,1.0,8.0,136.93209838867188,90,0.6931471824645996,True,0.0569014549255371,-1.09173,-1.0348285450744634,-1.3188199999999997,-0.7195369270071388,-104114.0,-96506.0,-0.09384000000000015,-0.13324999999999942,True,True,True
1,/home/sunshixin/chenchao/my_rlaf/runs/analysis/echosat_symmetry_grpo_v1_7_acceptance_iter=80_canonical_low_warmup_wc1_per_instance.csv,1,k10_color9,perm_seed1730,k10_color9_perm1730,complete_coloring,strong_symmetry,large,main,strong,90,775,10.0,5.0,/home/sunshixin/chenchao/my_rlaf/runs/GNN_Glucose_3SAT_EchoSAT_SymmetryGRPO_v1_7_WC1_PositiveCap/iter=80.pt,4.96012,4.96012,413643.0,382655.0,True,4.24733,4.24733,283792.0,262594.0,True,3.74963,4.281440045242309,247778.0,229737.0,True,3.74963,4.289306396274387,247778.0,229737.0,True,4.4728,5.069377851199925,298490.0,278650.0,True,True,True,0.006867,1.0,8.0,136.98228454589844,90,0.6931471824645996,True,0.0569014549255371,0.7231700000000005,0.7800714549255376,-0.48731999999999953,0.10925785119992515,50712.0,48913.0,-0.71279,-0.49770000000000003,False,True,False
1,/home/sunshixin/chenchao/my_rlaf/runs/analysis/echosat_symmetry_grpo_v1_7_acceptance_iter=80_canonical_low_warmup_wc1_per_instance.csv,1,k10_color9,perm_seed1731,k10_color9_perm1731,complete_coloring,strong_symmetry,large,main,strong,90,775,10.0,5.0,/home/sunshixin/chenchao/my_rlaf/runs/GNN_Glucose_3SAT_EchoSAT_SymmetryGRPO_v1_7_WC1_PositiveCap/iter=80.pt,4.05501,4.05501,340033.0,312592.0,True,4.09525,4.09525,290369.0,269757.0,True,4.20973,4.74154004524231,290369.0,269757.0,True,4.20973,4.749293620083511,290369.0,269757.0,True,4.74049,5.336955075009048,356144.0,332389.0,True,True,True,0.006838,1.0,8.0,137.00555419921875,90,0.6931471824645996,True,0.0569014549255371,0.5307599999999999,0.587661454925537,0.6854800000000001,1.2819450750090482,65775.0,62632.0,0.04023999999999983,0.11448000000000036,False,False,False
1,/home/sunshixin/chenchao/my_rlaf/runs/analysis/echosat_symmetry_grpo_v1_7_acceptance_iter=80_canonical_low_warmup_wc1_per_instance.csv,1,k8_color7,base,k8_color7,complete_coloring,strong_symmetry,large,main,strong,56,372,10.0,5.0,/home/sunshixin/chenchao/my_rlaf/runs/GNN_Glucose_3SAT_EchoSAT_SymmetryGRPO_v1_7_WC1_PositiveCap/iter=80.pt,0.050536,0.050536,6158.0,5600.0,True,0.044556,0.044556,5946.0,5440.0,True,0.040215,0.5720250452423096,5946.0,5440.0,True,0.040215,0.5766223149046302,5946.0,5440.0,True,0.040464,0.6337727698301674,6019.0,5507.0,True,True,True,0.003735,1.0,6.0,84.73548889160156,56,0.6931471824645996,True,0.0569014549255371,0.0002489999999999992,0.057150454925537164,-0.010071999999999998,0.5832367698301674,73.0,67.0,-0.005979999999999999,-0.004340999999999998,False,True,False
1,/home/sunshixin/chenchao/my_rlaf/runs/analysis/echosat_symmetry_grpo_v1_7_acceptance_iter=80_canonical_low_warmup_wc1_per_instance.csv,1,k8_color7,perm_seed1730,k8_color7_perm1730,complete_coloring,strong_symmetry,large,main,strong,56,372,10.0,5.0,/home/sunshixin/chenchao/my_rlaf/runs/GNN_Glucose_3SAT_EchoSAT_SymmetryGRPO_v1_7_WC1_PositiveCap/iter=80.pt,0.048001,0.048001,6138.0,5624.0,True,0.047331,0.047331,6264.0,5696.0,True,0.046716,0.5785260452423096,6264.0,5696.0,True,0.046716,0.5841050748943091,6264.0,5696.0,True,0.040422,0.6347125298198462,5544.0,5098.0,True,True,True,0.004712,1.0,6.0,84.79159545898438,56,0.6931471824645996,True,0.0569014549255371,-0.006294000000000001,0.05060745492553709,-0.007579000000000002,0.5867115298198462,-720.0,-598.0,-0.0006700000000000039,-0.0006149999999999975,True,True,False
1,/home/sunshixin/chenchao/my_rlaf/runs/analysis/echosat_symmetry_grpo_v1_7_acceptance_iter=80_canonical_low_warmup_wc1_per_instance.csv,1,k8_color7,perm_seed1731,k8_color7_perm1731,complete_coloring,strong_symmetry,large,main,strong,56,372,10.0,5.0,/home/sunshixin/chenchao/my_rlaf/runs/GNN_Glucose_3SAT_EchoSAT_SymmetryGRPO_v1_7_WC1_PositiveCap/iter=80.pt,0.036886,0.036886,5800.0,5271.0,True,0.051764,0.051764,6148.0,5641.0,True,0.051653,0.5834630452423095,6148.0,5641.0,True,0.051653,0.5848736034927964,6148.0,5641.0,True,0.041418,0.6315400584183335,6122.0,5622.0,True,True,True,0.000564,1.0,6.0,84.7841796875,56,0.6931471824645996,True,0.0569014549255371,-0.010234999999999994,0.046666454925537115,0.004532000000000001,0.5946540584183335,-26.0,-19.0,0.014877999999999995,-0.00011099999999999999,True,False,False
1,/home/sunshixin/chenchao/my_rlaf/runs/analysis/echosat_symmetry_grpo_v1_7_acceptance_iter=80_canonical_low_warmup_wc1_per_instance.csv,1,k9_color8,base,k9_color8,complete_coloring,strong_symmetry,large,main,strong,72,549,10.0,5.0,/home/sunshixin/chenchao/my_rlaf/runs/GNN_Glucose_3SAT_EchoSAT_SymmetryGRPO_v1_7_WC1_PositiveCap/iter=80.pt,0.676047,0.676047,46557.0,43529.0,True,0.69538,0.69538,44352.0,41138.0,True,0.662854,1.1946640452423096,43519.0,40436.0,True,0.662854,1.2015165526660083,43519.0,40436.0,True,0.540106,1.1356700075915456,39397.0,36642.0,True,True,True,0.005954,1.0,7.0,109.32144165039062,72,0.6931471824645996,True,0.0569014549255371,-0.12274800000000008,-0.06584654507446275,-0.13594099999999998,0.4596230075915456,-4122.0,-3794.0,0.019333000000000045,-0.032525999999999944,True,True,False
1,/home/sunshixin/chenchao/my_rlaf/runs/analysis/echosat_symmetry_grpo_v1_7_acceptance_iter=80_canonical_low_warmup_wc1_per_instance.csv,1,k9_color8,perm_seed1730,k9_color8_perm1730,complete_coloring,strong_symmetry,large,main,strong,72,549,10.0,5.0,/home/sunshixin/chenchao/my_rlaf/runs/GNN_Glucose_3SAT_EchoSAT_SymmetryGRPO_v1_7_WC1_PositiveCap/iter=80.pt,0.455822,0.455822,39708.0,36681.0,True,0.777754,0.777754,45794.0,42555.0,True,0.733793,1.2656030452423097,45794.0,42555.0,True,0.733793,1.2713516849105957,45794.0,42555.0,True,0.476035,1.0704951398361326,44234.0,40845.0,True,True,True,0.004881,1.0,7.0,109.58531951904295,72,0.6931471824645996,True,0.0569014549255371,-0.25775800000000004,-0.20085654507446304,0.02021299999999998,0.6146731398361327,-1560.0,-1710.0,0.32193199999999994,-0.04396099999999992,True,False,False
1,/home/sunshixin/chenchao/my_rlaf/runs/analysis/echosat_symmetry_grpo_v1_7_acceptance_iter=80_canonical_low_warmup_wc1_per_instance.csv,1,k9_color8,perm_seed1731,k9_color8_perm1731,complete_coloring,strong_symmetry,large,main,strong,72,549,10.0,5.0,/home/sunshixin/chenchao/my_rlaf/runs/GNN_Glucose_3SAT_EchoSAT_SymmetryGRPO_v1_7_WC1_PositiveCap/iter=80.pt,0.627992,0.627992,47177.0,43763.0,True,0.679019,0.679019,47579.0,44103.0,True,0.752753,1.0087168023376465,47579.0,44103.0,True,0.752753,1.0142976186350583,47579.0,44103.0,True,0.406494,0.738472235273242,36801.0,34234.0,True,True,True,0.004633,1.0,7.0,109.56788635253906,72,0.6931471824645996,True,0.0704336166381836,-0.346259,-0.2758253833618163,-0.22149799999999997,0.11048023527324202,-10778.0,-9869.0,0.051027000000000045,0.07373399999999997,True,True,False
1,/home/sunshixin/chenchao/my_rlaf/runs/analysis/echosat_symmetry_grpo_v1_7_acceptance_iter=80_canonical_low_warmup_wc1_per_instance.csv,1,php_p10_h9,base,php_p10_h9,php,strong_symmetry,large,main,strong,90,775,10.0,5.0,/home/sunshixin/chenchao/my_rlaf/runs/GNN_Glucose_3SAT_EchoSAT_SymmetryGRPO_v1_7_WC1_PositiveCap/iter=80.pt,4.26116,4.26116,340861.0,314066.0,True,4.33327,4.33327,322229.0,299168.0,True,4.14297,4.398933802337647,321840.0,298649.0,True,4.14297,4.406550065903902,321840.0,298649.0,True,3.12096,3.454973682542086,217726.0,202143.0,True,True,True,0.006729,1.0,8.0,136.93209838867188,90,0.6931471824645996,True,0.0704336166381836,-1.0220099999999999,-0.9515763833618163,-1.1402,-0.8061863174579145,-104114.0,-96506.0,0.07210999999999945,-0.1902999999999997,True,True,True
1,/home/sunshixin/chenchao/my_rlaf/runs/analysis/echosat_symmetry_grpo_v1_7_acceptance_iter=80_canonical_low_warmup_wc1_per_instance.csv,1,php_p10_h9,perm_seed1730,php_p10_h9_perm1730,php,strong_symmetry,large,main,strong,90,775,10.0,5.0,/home/sunshixin/chenchao/my_rlaf/runs/GNN_Glucose_3SAT_EchoSAT_SymmetryGRPO_v1_7_WC1_PositiveCap/iter=80.pt,4.9811,4.9811,413643.0,382655.0,True,4.26231,4.26231,283792.0,262594.0,True,3.72896,3.9849238023376463,247778.0,229737.0,True,3.72896,3.989410580271304,247778.0,229737.0,True,4.31826,4.649144196909488,298490.0,278650.0,True,True,True,0.003532,1.0,8.0,136.98228454589844,90,0.6931471824645996,True,0.0704336166381836,0.5893000000000006,0.6597336166381846,-0.6628399999999992,-0.3319558030905112,50712.0,48913.0,-0.7187899999999994,-0.5333500000000004,False,True,True
1,/home/sunshixin/chenchao/my_rlaf/runs/analysis/echosat_symmetry_grpo_v1_7_acceptance_iter=80_canonical_low_warmup_wc1_per_instance.csv,1,php_p10_h9,perm_seed1731,php_p10_h9_perm1731,php,strong_symmetry,large,main,strong,90,775,10.0,5.0,/home/sunshixin/chenchao/my_rlaf/runs/GNN_Glucose_3SAT_EchoSAT_SymmetryGRPO_v1_7_WC1_PositiveCap/iter=80.pt,4.14548,4.14548,340033.0,312592.0,True,4.50674,4.50674,290369.0,269757.0,True,3.86499,4.120953802337647,290369.0,269757.0,True,3.86499,4.125183472746015,290369.0,269757.0,True,4.72729,5.057917089384199,356144.0,332389.0,True,True,True,0.0033,1.0,8.0,137.00555419921875,90,0.6931471824645996,True,0.0704336166381836,0.8622999999999998,0.9327336166381848,0.5818099999999999,0.9124370893841993,65775.0,62632.0,0.3612599999999997,-0.6417499999999996,False,False,False
1,/home/sunshixin/chenchao/my_rlaf/runs/analysis/echosat_symmetry_grpo_v1_7_acceptance_iter=80_canonical_low_warmup_wc1_per_instance.csv,1,php_p9_h8,base,php_p9_h8,php,strong_symmetry,large,main,strong,72,549,10.0,5.0,/home/sunshixin/chenchao/my_rlaf/runs/GNN_Glucose_3SAT_EchoSAT_SymmetryGRPO_v1_7_WC1_PositiveCap/iter=80.pt,0.676812,0.676812,46557.0,43529.0,True,0.838301,0.838301,44352.0,41138.0,True,0.7423,0.9982638023376464,43519.0,40436.0,True,0.7423,1.0016361689521074,43519.0,40436.0,True,0.539426,0.869195785590291,39397.0,36642.0,True,True,True,0.002467,1.0,7.0,109.32144165039062,72,0.6931471824645996,True,0.0704336166381836,-0.202874,-0.1324403833618164,-0.137386,0.192383785590291,-4122.0,-3794.0,0.161489,-0.096001,True,True,False
1,/home/sunshixin/chenchao/my_rlaf/runs/analysis/echosat_symmetry_grpo_v1_7_acceptance_iter=80_canonical_low_warmup_wc1_per_instance.csv,1,php_p9_h8,perm_seed1730,php_p9_h8_perm1730,php,strong_symmetry,large,main,strong,72,549,10.0,5.0,/home/sunshixin/chenchao/my_rlaf/runs/GNN_Glucose_3SAT_EchoSAT_SymmetryGRPO_v1_7_WC1_PositiveCap/iter=80.pt,0.457481,0.457481,39708.0,36681.0,True,0.856721,0.856721,45794.0,42555.0,True,0.709777,0.9657408023376464,45794.0,42555.0,True,0.709777,0.9714124839795828,45794.0,42555.0,True,0.477493,0.8095621006177665,44234.0,40845.0,True,True,True,0.004765,1.0,7.0,109.58531951904295,72,0.6931471824645996,True,0.0704336166381836,-0.232284,-0.16185038336181634,0.020011999999999974,0.35208110061776643,-1560.0,-1710.0,0.39923999999999993,-0.14694399999999996,True,False,False
1,/home/sunshixin/chenchao/my_rlaf/runs/analysis/echosat_symmetry_grpo_v1_7_acceptance_iter=80_canonical_low_warmup_wc1_per_instance.csv,1,php_p9_h8,perm_seed1731,php_p9_h8_perm1731,php,strong_symmetry,large,main,strong,72,549,10.0,5.0,/home/sunshixin/chenchao/my_rlaf/runs/GNN_Glucose_3SAT_EchoSAT_SymmetryGRPO_v1_7_WC1_PositiveCap/iter=80.pt,0.619426,0.619426,47177.0,43763.0,True,0.689936,0.689936,47579.0,44103.0,True,0.643236,0.8991998023376465,47579.0,44103.0,True,0.643236,0.9047327185510396,47579.0,44103.0,True,0.452518,0.7844483351892233,36219.0,33463.0,True,True,True,0.004642,1.0,7.0,109.56788635253906,72,0.6931471824645996,True,0.0704336166381836,-0.19071800000000005,-0.12028438336181635,-0.16690800000000006,0.16502233518922327,-11360.0,-10640.0,0.07050999999999996,-0.046699999999999964,True,True,False
1,/home/sunshixin/chenchao/my_rlaf/runs/analysis/echosat_symmetry_grpo_v1_7_acceptance_iter=80_canonical_low_warmup_wc1_per_instance.csv,1,random_3sat_control_v160_c704_seed2615,base,random_3sat_control_v160_c704_seed2615,random_3sat_control,non_symmetric_control,large,control,none,160,704,10.0,5.0,/home/sunshixin/chenchao/my_rlaf/runs/GNN_Glucose_3SAT_EchoSAT_SymmetryGRPO_v1_7_WC1_PositiveCap/iter=80.pt,0.0604,0.0604,6771.0,5767.0,True,0.052407,0.052407,5702.0,4813.0,True,0.051923,0.3078868023376465,4859.0,4212.0,True,0.051923,0.3132755283737778,4859.0,4212.0,True,0.046993,0.3787791450119614,5471.0,4688.0,True,False,False,0.004278,1.0,20.0,250.25311279296875,160,0.6931471824645996,True,0.0704336166381836,-0.004929999999999997,0.0655036166381836,-0.013407000000000002,0.3183791450119614,612.0,476.0,-0.007993,-0.00048400000000000526,True,True,False
1,/home/sunshixin/chenchao/my_rlaf/runs/analysis/echosat_symmetry_grpo_v1_7_acceptance_iter=80_canonical_low_warmup_wc1_per_instance.csv,1,random_3sat_control_v160_c704_seed2615,perm_seed1730,random_3sat_control_v160_c704_seed2615_perm1730,random_3sat_control,non_symmetric_control,large,control,none,160,704,10.0,5.0,/home/sunshixin/chenchao/my_rlaf/runs/GNN_Glucose_3SAT_EchoSAT_SymmetryGRPO_v1_7_WC1_PositiveCap/iter=80.pt,0.091372,0.091372,8522.0,7299.0,True,0.096001,0.096001,7934.0,6809.0,True,0.045164,0.2256866802825927,4602.0,4008.0,True,0.045164,0.2274368607063293,4602.0,4008.0,True,0.052351,0.3140465730323791,5473.0,4688.0,True,False,False,0.000713,1.0,20.0,250.9976043701172,160,0.6931471824645996,True,0.0794227123260498,0.007186999999999999,0.0866097123260498,-0.03902099999999999,0.2226745730323791,871.0,680.0,0.004629000000000008,-0.050837,False,True,False
1,/home/sunshixin/chenchao/my_rlaf/runs/analysis/echosat_symmetry_grpo_v1_7_acceptance_iter=80_canonical_low_warmup_wc1_per_instance.csv,1,random_3sat_control_v160_c704_seed2615,perm_seed1731,random_3sat_control_v160_c704_seed2615_perm1731,random_3sat_control,non_symmetric_control,large,control,none,160,704,10.0,5.0,/home/sunshixin/chenchao/my_rlaf/runs/GNN_Glucose_3SAT_EchoSAT_SymmetryGRPO_v1_7_WC1_PositiveCap/iter=80.pt,0.048974,0.048974,5676.0,4847.0,True,0.103904,0.103904,8017.0,6851.0,True,0.048106,0.2286286802825927,4961.0,4384.0,True,0.048106,0.2314913678603768,4961.0,4384.0,True,0.048336,0.3111440801864266,5559.0,4673.0,True,False,False,0.001788,1.0,20.0,250.14382934570312,160,0.6931471824645996,True,0.0794227123260498,0.0002299999999999941,0.07965271232604978,-0.0006379999999999997,0.26217008018642657,598.0,289.0,0.05493,-0.05579799999999999,False,True,False
1,/home/sunshixin/chenchao/my_rlaf/runs/analysis/echosat_symmetry_grpo_v1_7_acceptance_iter=80_canonical_low_warmup_wc1_per_instance.csv,1,random_3sat_control_v180_c760_seed3301,base,random_3sat_control_v180_c760_seed3301,random_3sat_control,non_symmetric_control,large,control,none,180,760,10.0,5.0,/home/sunshixin/chenchao/my_rlaf/runs/GNN_Glucose_3SAT_EchoSAT_SymmetryGRPO_v1_7_WC1_PositiveCap/iter=80.pt,0.475293,0.475293,27442.0,23617.0,True,0.143122,0.143122,10470.0,8910.0,True,0.013034,0.1935566802825927,693.0,567.0,True,0.013034,0.2008052154552936,693.0,567.0,True,0.832542,1.0997359277813434,41817.0,36891.0,True,False,False,0.006161,1.0,25.0,290.802978515625,180,0.6931471824645996,True,0.0794227123260498,0.819508,0.8989307123260498,0.357249,0.6244429277813435,41124.0,36324.0,-0.332171,-0.130088,False,False,False
1,/home/sunshixin/chenchao/my_rlaf/runs/analysis/echosat_symmetry_grpo_v1_7_acceptance_iter=80_canonical_low_warmup_wc1_per_instance.csv,1,random_3sat_control_v180_c760_seed3301,perm_seed1730,random_3sat_control_v180_c760_seed3301_perm1730,random_3sat_control,non_symmetric_control,large,control,none,180,760,10.0,5.0,/home/sunshixin/chenchao/my_rlaf/runs/GNN_Glucose_3SAT_EchoSAT_SymmetryGRPO_v1_7_WC1_PositiveCap/iter=80.pt,1.04872,1.04872,47649.0,41152.0,True,0.088048,0.088048,7421.0,6253.0,True,0.012058,0.1925806802825928,643.0,525.0,True,0.012058,0.1986006934401988,643.0,525.0,True,0.539163,0.8051284057662487,33548.0,29357.0,True,False,False,0.004873,1.0,25.0,292.0396728515625,180,0.6931471824645996,True,0.0794227123260498,0.5271049999999999,0.6065277123260499,-0.5095570000000001,-0.24359159423375143,32905.0,28832.0,-0.9606720000000001,-0.07599,False,True,True
1,/home/sunshixin/chenchao/my_rlaf/runs/analysis/echosat_symmetry_grpo_v1_7_acceptance_iter=80_canonical_low_warmup_wc1_per_instance.csv,1,random_3sat_control_v180_c760_seed3301,perm_seed1731,random_3sat_control_v180_c760_seed3301_perm1731,random_3sat_control,non_symmetric_control,large,control,none,180,760,10.0,5.0,/home/sunshixin/chenchao/my_rlaf/runs/GNN_Glucose_3SAT_EchoSAT_SymmetryGRPO_v1_7_WC1_PositiveCap/iter=80.pt,0.568026,0.568026,27197.0,23469.0,True,0.123263,0.123263,9011.0,7714.0,True,0.013402,0.1939246802825927,590.0,484.0,True,0.013402,0.2009426055880785,590.0,484.0,True,0.716369,0.9833323179141285,43169.0,38129.0,True,False,False,0.005942,1.0,25.0,291.0475769042969,180,0.6931471824645996,True,0.0794227123260498,0.702967,0.7823897123260499,0.148343,0.4153063179141284,42579.0,37645.0,-0.444763,-0.109861,False,False,False
1,/home/sunshixin/chenchao/my_rlaf/runs/analysis/echosat_symmetry_grpo_v1_7_acceptance_iter=80_canonical_low_warmup_wc1_per_instance.csv,1,random_3sat_control_v220_c928_seed3303,base,random_3sat_control_v220_c928_seed3303,random_3sat_control,non_symmetric_control,large,control,none,220,928,10.0,5.0,/home/sunshixin/chenchao/my_rlaf/runs/GNN_Glucose_3SAT_EchoSAT_SymmetryGRPO_v1_7_WC1_PositiveCap/iter=80.pt,0.727251,0.727251,30277.0,25994.0,True,0.450002,0.450002,22265.0,19025.0,True,0.010853,0.1913756802825927,62.0,4.0,True,0.010853,0.1976829179322719,62.0,4.0,True,0.013136,0.2793886302583218,673.0,525.0,True,False,False,0.005032,1.0,28.0,332.48345947265625,220,0.6931471824645996,True,0.0794227123260498,0.0022830000000000003,0.08170571232604987,-0.7141149999999999,-0.4478623697416782,611.0,521.0,-0.27724899999999997,-0.439149,False,True,True
1,/home/sunshixin/chenchao/my_rlaf/runs/analysis/echosat_symmetry_grpo_v1_7_acceptance_iter=80_canonical_low_warmup_wc1_per_instance.csv,1,random_3sat_control_v220_c928_seed3303,perm_seed1730,random_3sat_control_v220_c928_seed3303_perm1730,random_3sat_control,non_symmetric_control,large,control,none,220,928,10.0,5.0,/home/sunshixin/chenchao/my_rlaf/runs/GNN_Glucose_3SAT_EchoSAT_SymmetryGRPO_v1_7_WC1_PositiveCap/iter=80.pt,1.55729,1.55729,52742.0,45477.0,True,0.216993,0.216993,13039.0,11071.0,True,0.003989,0.1845116802825927,62.0,4.0,True,0.003989,0.1905206428474188,62.0,4.0,True,0.008688,0.2746423551734686,668.0,531.0,True,False,False,0.004871,1.0,28.0,330.46795654296875,220,0.6931471824645996,True,0.0794227123260498,0.004698999999999999,0.08412171232604979,-1.548602,-1.2826476448265316,606.0,527.0,-1.340297,-0.213004,False,True,True
1,/home/sunshixin/chenchao/my_rlaf/runs/analysis/echosat_symmetry_grpo_v1_7_acceptance_iter=80_canonical_low_warmup_wc1_per_instance.csv,1,random_3sat_control_v220_c928_seed3303,perm_seed1731,random_3sat_control_v220_c928_seed3303_perm1731,random_3sat_control,non_symmetric_control,large,control,none,220,928,10.0,5.0,/home/sunshixin/chenchao/my_rlaf/runs/GNN_Glucose_3SAT_EchoSAT_SymmetryGRPO_v1_7_WC1_PositiveCap/iter=80.pt,0.070594,0.070594,4930.0,4147.0,True,0.39037,0.39037,19684.0,16814.0,True,0.00377,0.1842926802825927,63.0,4.0,True,0.00377,0.1903738628222942,63.0,4.0,True,0.014619,0.280645575148344,822.0,632.0,True,False,False,0.004919,1.0,28.0,331.7943725585937,220,0.6931471824645996,True,0.0794227123260498,0.010849000000000001,0.09027171232604977,-0.055975000000000004,0.210051575148344,759.0,628.0,0.319776,-0.3866,False,True,False
1,/home/sunshixin/chenchao/my_rlaf/runs/analysis/echosat_symmetry_grpo_v1_7_acceptance_iter=80_canonical_low_warmup_wc1_per_instance.csv,1,random_3sat_control_v220_c942_seed3304,base,random_3sat_control_v220_c942_seed3304,random_3sat_control,non_symmetric_control,large,control,none,220,942,10.0,5.0,/home/sunshixin/chenchao/my_rlaf/runs/GNN_Glucose_3SAT_EchoSAT_SymmetryGRPO_v1_7_WC1_PositiveCap/iter=80.pt,0.660308,0.660308,35472.0,30813.0,True,1.10027,1.10027,41376.0,36046.0,True,0.419672,0.5973625059814454,26754.0,23980.0,True,0.419672,0.6013425900686383,26754.0,23980.0,True,0.792233,0.9857861336324812,40303.0,36145.0,True,False,False,0.002844,1.0,24.0,322.4337158203125,220,0.6931471824645996,True,0.0118825435638427,0.372561,0.3844435435638429,0.13192499999999996,0.32547813363248124,13549.0,12165.0,0.4399620000000001,-0.680598,False,False,False
1,/home/sunshixin/chenchao/my_rlaf/runs/analysis/echosat_symmetry_grpo_v1_7_acceptance_iter=80_canonical_low_warmup_wc1_per_instance.csv,1,random_3sat_control_v220_c942_seed3304,perm_seed1730,random_3sat_control_v220_c942_seed3304_perm1730,random_3sat_control,non_symmetric_control,large,control,none,220,942,10.0,5.0,/home/sunshixin/chenchao/my_rlaf/runs/GNN_Glucose_3SAT_EchoSAT_SymmetryGRPO_v1_7_WC1_PositiveCap/iter=80.pt,0.657886,0.657886,34825.0,30052.0,True,0.677659,0.677659,33221.0,28818.0,True,0.414275,0.5919655059814453,26445.0,23804.0,True,0.414275,0.6004410606975555,26445.0,23804.0,True,0.770002,0.9680506042613984,39714.0,35415.0,True,False,False,0.007237,1.0,24.0,324.02960205078125,220,0.6931471824645996,True,0.0118825435638427,0.35572699999999996,0.3676095435638429,0.112116,0.31016460426139847,13269.0,11611.0,0.01977300000000004,-0.263384,False,False,False
1,/home/sunshixin/chenchao/my_rlaf/runs/analysis/echosat_symmetry_grpo_v1_7_acceptance_iter=80_canonical_low_warmup_wc1_per_instance.csv,1,random_3sat_control_v220_c942_seed3304,perm_seed1731,random_3sat_control_v220_c942_seed3304_perm1731,random_3sat_control,non_symmetric_control,large,control,none,220,942,10.0,5.0,/home/sunshixin/chenchao/my_rlaf/runs/GNN_Glucose_3SAT_EchoSAT_SymmetryGRPO_v1_7_WC1_PositiveCap/iter=80.pt,0.714365,0.714365,38737.0,33758.0,True,0.875828,0.875828,38909.0,33544.0,True,0.381144,0.5588345059814452,26149.0,23448.0,True,0.381144,0.5655874600729942,26149.0,23448.0,True,0.707233,0.903559003636837,40803.0,36445.0,True,False,False,0.005627,1.0,24.0,324.64569091796875,220,0.6931471824645996,True,0.0118825435638427,0.326089,0.33797154356384285,-0.007132000000000027,0.18919400363683703,14654.0,12997.0,0.16146300000000002,-0.49468400000000007,False,True,False
1,/home/sunshixin/chenchao/my_rlaf/runs/analysis/echosat_symmetry_grpo_v1_7_acceptance_iter=80_canonical_low_warmup_wc1_per_instance.csv,1,random_3sat_control_v260_c1097_seed3305,base,random_3sat_control_v260_c1097_seed3305,random_3sat_control,non_symmetric_control,large,control,none,260,1097,10.0,5.0,/home/sunshixin/chenchao/my_rlaf/runs/GNN_Glucose_3SAT_EchoSAT_SymmetryGRPO_v1_7_WC1_PositiveCap/iter=80.pt,7.06413,7.06413,216854.0,188499.0,True,2.50055,2.50055,73626.0,64181.0,True,1.40952,1.5872105059814454,60642.0,54350.0,True,1.40952,1.595048047564447,60642.0,54350.0,True,1.67118,1.8685905911282896,80287.0,71600.0,True,False,False,0.006642,1.0,35.0,390.6428833007813,260,0.6931471824645996,True,0.0118825435638427,0.26166,0.27354254356384256,-5.392949999999999,-5.19553940887171,19645.0,17250.0,-4.56358,-1.09103,False,True,True
1,/home/sunshixin/chenchao/my_rlaf/runs/analysis/echosat_symmetry_grpo_v1_7_acceptance_iter=80_canonical_low_warmup_wc1_per_instance.csv,1,random_3sat_control_v260_c1097_seed3305,perm_seed1730,random_3sat_control_v260_c1097_seed3305_perm1730,random_3sat_control,non_symmetric_control,large,control,none,260,1097,10.0,5.0,/home/sunshixin/chenchao/my_rlaf/runs/GNN_Glucose_3SAT_EchoSAT_SymmetryGRPO_v1_7_WC1_PositiveCap/iter=80.pt,7.23275,7.23275,224505.0,195557.0,True,0.70089,0.70089,27246.0,23387.0,True,1.4284,1.6060905059814452,60686.0,54724.0,True,1.4284,1.6139507469572425,60686.0,54724.0,True,1.53629,1.733723290521085,69741.0,62000.0,True,False,False,0.006668,1.0,35.0,390.0680847167969,260,0.6931471824645996,True,0.0118825435638427,0.10789000000000004,0.11977254356384259,-5.69646,-5.499026709478915,9055.0,7276.0,-6.53186,0.7275099999999999,False,True,True
1,/home/sunshixin/chenchao/my_rlaf/runs/analysis/echosat_symmetry_grpo_v1_7_acceptance_iter=80_canonical_low_warmup_wc1_per_instance.csv,1,random_3sat_control_v260_c1097_seed3305,perm_seed1731,random_3sat_control_v260_c1097_seed3305_perm1731,random_3sat_control,non_symmetric_control,large,control,none,260,1097,10.0,5.0,/home/sunshixin/chenchao/my_rlaf/runs/GNN_Glucose_3SAT_EchoSAT_SymmetryGRPO_v1_7_WC1_PositiveCap/iter=80.pt,3.92471,3.92471,105916.0,92052.0,True,5.8392,5.8392,162997.0,142194.0,True,1.11506,1.2927505059814453,48534.0,43247.0,True,1.11506,1.2973358120584488,48534.0,43247.0,True,1.6472,1.841358355622292,80122.0,71235.0,True,False,False,0.003405,1.0,35.0,389.6698913574219,260,0.6931471824645996,True,0.0118825435638427,0.5321400000000001,0.5440225435638433,-2.2775100000000004,-2.083351644377708,31588.0,27988.0,1.9144899999999998,-4.72414,False,True,True
1,/home/sunshixin/chenchao/my_rlaf/runs/analysis/echosat_symmetry_grpo_v1_7_acceptance_iter=80_canonical_low_warmup_wc1_per_instance.csv,1,random_3sat_control_v260_c1113_seed3306,base,random_3sat_control_v260_c1113_seed3306,random_3sat_control,non_symmetric_control,large,control,none,260,1113,10.0,5.0,/home/sunshixin/chenchao/my_rlaf/runs/GNN_Glucose_3SAT_EchoSAT_SymmetryGRPO_v1_7_WC1_PositiveCap/iter=80.pt,5.32719,5.32719,178146.0,155541.0,True,6.62185,6.62185,186876.0,163308.0,True,6.24787,6.425560505981445,226200.0,205404.0,True,6.24787,6.432668259516477,226200.0,205404.0,True,6.4792,6.67588080308032,262785.0,231853.0,True,False,False,0.005902,1.0,33.0,397.6284790039063,260,0.6931471824645996,True,0.0118825435638427,0.2313299999999998,0.2432125435638426,1.1520099999999998,1.34869080308032,36585.0,26449.0,1.2946600000000004,-0.3739800000000004,False,False,False
1,/home/sunshixin/chenchao/my_rlaf/runs/analysis/echosat_symmetry_grpo_v1_7_acceptance_iter=80_canonical_low_warmup_wc1_per_instance.csv,1,random_3sat_control_v260_c1113_seed3306,perm_seed1730,random_3sat_control_v260_c1113_seed3306_perm1730,random_3sat_control,non_symmetric_control,large,control,none,260,1113,10.0,5.0,/home/sunshixin/chenchao/my_rlaf/runs/GNN_Glucose_3SAT_EchoSAT_SymmetryGRPO_v1_7_WC1_PositiveCap/iter=80.pt,5.07234,5.07234,171334.0,149746.0,True,7.46041,7.46041,206936.0,180741.0,True,5.5945,5.772190505981445,206101.0,186162.0,True,5.5945,5.780156373359203,206101.0,186162.0,True,6.30776,6.505298916923046,254223.0,224105.0,True,False,False,0.006364,1.0,33.0,396.3316650390625,260,0.6931471824645996,True,0.0118825435638427,0.71326,0.7251425435638428,1.2354200000000004,1.432958916923046,48122.0,37943.0,2.388070000000001,-1.8659100000000004,False,False,False
1,/home/sunshixin/chenchao/my_rlaf/runs/analysis/echosat_symmetry_grpo_v1_7_acceptance_iter=80_canonical_low_warmup_wc1_per_instance.csv,1,random_3sat_control_v260_c1113_seed3306,perm_seed1731,random_3sat_control_v260_c1113_seed3306_perm1731,random_3sat_control,non_symmetric_control,large,control,none,260,1113,10.0,5.0,/home/sunshixin/chenchao/my_rlaf/runs/GNN_Glucose_3SAT_EchoSAT_SymmetryGRPO_v1_7_WC1_PositiveCap/iter=80.pt,6.3225,6.3225,202621.0,177648.0,True,7.21833,7.21833,214985.0,187707.0,True,5.92311,6.017469159469605,217745.0,196903.0,True,5.92311,6.024868694831491,217745.0,196903.0,True,6.21119,6.316839686042428,255321.0,225161.0,True,False,False,0.006226,1.0,33.0,397.0461730957031,260,0.6931471824645996,True,0.0038909912109375,0.2880799999999999,0.2919709912109374,-0.11130999999999958,-0.0056603139575717165,37576.0,28258.0,0.8958300000000001,-1.2952199999999996,False,True,True
1,/home/sunshixin/chenchao/my_rlaf/runs/analysis/echosat_symmetry_grpo_v1_7_acceptance_iter=80_canonical_low_warmup_wc1_per_instance.csv,1,random_3sat_control_v300_c1266_seed3307,base,random_3sat_control_v300_c1266_seed3307,random_3sat_control,non_symmetric_control,large,control,none,300,1266,10.0,5.0,/home/sunshixin/chenchao/my_rlaf/runs/GNN_Glucose_3SAT_EchoSAT_SymmetryGRPO_v1_7_WC1_PositiveCap/iter=80.pt,0.262102,0.262102,12894.0,10895.0,True,3.03037,3.03037,71356.0,61376.0,True,0.008491,0.1028501594696044,288.0,182.0,True,0.008491,0.1143401780692935,288.0,182.0,True,0.04319,0.152930169280231,2565.0,2058.0,True,False,False,0.010301,1.0,46.0,466.681884765625,300,0.6931471824645996,True,0.0038909912109375,0.034699,0.03858999121093751,-0.218912,-0.10917183071976899,2277.0,1876.0,2.768268,-3.021879,False,True,True
1,/home/sunshixin/chenchao/my_rlaf/runs/analysis/echosat_symmetry_grpo_v1_7_acceptance_iter=80_canonical_low_warmup_wc1_per_instance.csv,1,random_3sat_control_v300_c1266_seed3307,perm_seed1730,random_3sat_control_v300_c1266_seed3307_perm1730,random_3sat_control,non_symmetric_control,large,control,none,300,1266,10.0,5.0,/home/sunshixin/chenchao/my_rlaf/runs/GNN_Glucose_3SAT_EchoSAT_SymmetryGRPO_v1_7_WC1_PositiveCap/iter=80.pt,1.31088,1.31088,43103.0,37339.0,True,2.08486,2.08486,63498.0,54506.0,True,0.008926,0.1032851594696045,321.0,205.0,True,0.008926,0.1144674340676069,321.0,205.0,True,0.049179,0.1586114252785444,2937.0,2391.0,True,False,False,0.009947,1.0,46.0,465.9733581542969,300,0.6931471824645996,True,0.0038909912109375,0.040253,0.04414399121093751,-1.261701,-1.1522685747214556,2616.0,2186.0,0.7739799999999999,-2.0759339999999997,False,True,True
1,/home/sunshixin/chenchao/my_rlaf/runs/analysis/echosat_symmetry_grpo_v1_7_acceptance_iter=80_canonical_low_warmup_wc1_per_instance.csv,1,random_3sat_control_v300_c1266_seed3307,perm_seed1731,random_3sat_control_v300_c1266_seed3307_perm1731,random_3sat_control,non_symmetric_control,large,control,none,300,1266,10.0,5.0,/home/sunshixin/chenchao/my_rlaf/runs/GNN_Glucose_3SAT_EchoSAT_SymmetryGRPO_v1_7_WC1_PositiveCap/iter=80.pt,2.36991,2.36991,66962.0,57424.0,True,0.123286,0.123286,7524.0,6304.0,True,0.00998,0.1043391594696045,375.0,247.0,True,0.00998,0.1120683903291225,375.0,247.0,True,0.04403,0.15000938154006,3076.0,2480.0,True,False,False,0.006459,1.0,46.0,465.2885437011719,300,0.6931471824645996,True,0.0038909912109375,0.03405,0.0379409912109375,-2.32588,-2.21990061845994,2701.0,2233.0,-2.2466239999999997,-0.113306,False,True,True
1,/home/sunshixin/chenchao/my_rlaf/runs/analysis/echosat_symmetry_grpo_v1_7_acceptance_iter=80_canonical_low_warmup_wc1_per_instance.csv,1,subset_cardinality_bw10,base,subset_cardinality_bw10,subset_cardinality,weak_symmetry,large,main,weak,41,92,10.0,5.0,/home/sunshixin/chenchao/my_rlaf/runs/GNN_Glucose_3SAT_EchoSAT_SymmetryGRPO_v1_7_WC1_PositiveCap/iter=80.pt,0.00164,0.00164,193.0,141.0,True,0.002541,0.002541,237.0,193.0,True,0.004311,0.0986701594696044,162.0,142.0,True,0.004311,0.1017054721153974,162.0,142.0,True,0.0,0.1012854633263349,179.0,151.0,True,True,True,0.002246,1.0,5.0,62.83808517456055,41,0.6931471824645996,True,0.0038909912109375,-0.004311,-0.00042000878906250927,-0.00164,0.0996454633263349,17.0,9.0,0.0009009999999999999,0.0017699999999999999,True,True,False
1,/home/sunshixin/chenchao/my_rlaf/runs/analysis/echosat_symmetry_grpo_v1_7_acceptance_iter=80_canonical_low_warmup_wc1_per_instance.csv,1,subset_cardinality_bw10,perm_seed1730,subset_cardinality_bw10_perm1730,subset_cardinality,weak_symmetry,large,main,weak,41,92,10.0,5.0,/home/sunshixin/chenchao/my_rlaf/runs/GNN_Glucose_3SAT_EchoSAT_SymmetryGRPO_v1_7_WC1_PositiveCap/iter=80.pt,0.000354,0.000354,218.0,167.0,True,0.002392,0.002392,221.0,169.0,True,0.000551,0.0949101594696044,156.0,137.0,True,0.000551,0.098579624384284,156.0,137.0,True,0.003721,0.1056406155952215,181.0,158.0,True,True,True,0.002758,1.0,6.0,62.92706298828125,41,0.6931471824645996,True,0.0038909912109375,0.00317,0.007060991210937506,0.0033669999999999998,0.10528661559522151,25.0,21.0,0.002038,-0.0018410000000000002,False,False,False
1,/home/sunshixin/chenchao/my_rlaf/runs/analysis/echosat_symmetry_grpo_v1_7_acceptance_iter=80_canonical_low_warmup_wc1_per_instance.csv,1,subset_cardinality_bw10,perm_seed1731,subset_cardinality_bw10_perm1731,subset_cardinality,weak_symmetry,large,main,weak,41,92,10.0,5.0,/home/sunshixin/chenchao/my_rlaf/runs/GNN_Glucose_3SAT_EchoSAT_SymmetryGRPO_v1_7_WC1_PositiveCap/iter=80.pt,0.001183,0.001183,202.0,147.0,True,0.002233,0.002233,247.0,155.0,True,0.0,0.0943591594696044,203.0,164.0,True,0.0,0.0967956981927752,203.0,164.0,True,0.000765,0.1014516894037127,175.0,147.0,True,True,True,0.001586,1.0,7.0,62.392337799072266,41,0.6931471824645996,True,0.0038909912109375,0.000765,0.004655991210937502,-0.0004180000000000001,0.1002686894037127,-28.0,-17.0,0.0010500000000000002,-0.002233,False,True,False
1,/home/sunshixin/chenchao/my_rlaf/runs/analysis/echosat_symmetry_grpo_v1_7_acceptance_iter=80_canonical_low_warmup_wc1_per_instance.csv,1,subset_cardinality_bw12,base,subset_cardinality_bw12,subset_cardinality,weak_symmetry,large,main,weak,49,108,10.0,5.0,/home/sunshixin/chenchao/my_rlaf/runs/GNN_Glucose_3SAT_EchoSAT_SymmetryGRPO_v1_7_WC1_PositiveCap/iter=80.pt,0.001866,0.001866,442.0,342.0,True,0.00325,0.00325,491.0,414.0,True,0.003776,0.0981351594696045,384.0,312.0,True,0.003776,0.0995398806166052,384.0,312.0,True,0.004445,0.1040998718275427,390.0,307.0,True,True,True,0.000508,1.0,9.0,75.44426727294922,49,0.6931471824645996,True,0.0038909912109375,0.0006690000000000003,0.004559991210937503,0.002579,0.10223387182754269,6.0,-5.0,0.0013839999999999998,0.000526,False,False,False
1,/home/sunshixin/chenchao/my_rlaf/runs/analysis/echosat_symmetry_grpo_v1_7_acceptance_iter=80_canonical_low_warmup_wc1_per_instance.csv,1,subset_cardinality_bw12,perm_seed1730,subset_cardinality_bw12_perm1730,subset_cardinality,weak_symmetry,large,main,weak,49,108,10.0,5.0,/home/sunshixin/chenchao/my_rlaf/runs/GNN_Glucose_3SAT_EchoSAT_SymmetryGRPO_v1_7_WC1_PositiveCap/iter=80.pt,0.001821,0.001821,440.0,329.0,True,0.003198,0.003198,397.0,314.0,True,0.003848,0.0359238819580078,343.0,268.0,True,0.003848,0.0384880408907532,343.0,268.0,True,0.002142,0.0701906827059388,332.0,273.0,True,True,True,0.001628,1.0,7.0,73.95069122314453,49,0.6931471824645996,True,0.0334086418151855,-0.001706,0.031702641815185596,0.0003209999999999999,0.0683696827059388,-11.0,5.0,0.001377,0.00065,True,False,False
1,/home/sunshixin/chenchao/my_rlaf/runs/analysis/echosat_symmetry_grpo_v1_7_acceptance_iter=80_canonical_low_warmup_wc1_per_instance.csv,1,subset_cardinality_bw12,perm_seed1731,subset_cardinality_bw12_perm1731,subset_cardinality,weak_symmetry,large,main,weak,49,108,10.0,5.0,/home/sunshixin/chenchao/my_rlaf/runs/GNN_Glucose_3SAT_EchoSAT_SymmetryGRPO_v1_7_WC1_PositiveCap/iter=80.pt,0.001709,0.001709,393.0,297.0,True,0.0029,0.0029,439.0,311.0,True,0.000609,0.0326848819580078,363.0,285.0,True,0.000609,0.0351532590911388,363.0,285.0,True,0.000651,0.0686039009063243,371.0,306.0,True,True,True,0.001527,1.0,7.0,75.07693481445312,49,0.6931471824645996,True,0.0334086418151855,4.2000000000000045e-05,0.033450641815185506,-0.001058,0.0668949009063243,8.0,21.0,0.0011909999999999998,-0.0022909999999999996,False,True,False
1,/home/sunshixin/chenchao/my_rlaf/runs/analysis/echosat_symmetry_grpo_v1_7_acceptance_iter=80_canonical_low_warmup_wc1_per_instance.csv,1,subset_cardinality_bw8,base,subset_cardinality_bw8,subset_cardinality,weak_symmetry,medium,main,weak,33,76,10.0,5.0,/home/sunshixin/chenchao/my_rlaf/runs/GNN_Glucose_3SAT_EchoSAT_SymmetryGRPO_v1_7_WC1_PositiveCap/iter=80.pt,0.000886,0.000886,89.0,67.0,True,0.001849,0.001849,106.0,76.0,True,0.002183,0.0342588819580078,84.0,69.0,True,0.002183,0.0364971107302904,84.0,69.0,True,0.0,0.0677227525454759,97.0,83.0,True,True,True,0.001395,1.0,12.0,54.99262619018555,33,0.6931471824645996,True,0.0334086418151855,-0.002183,0.0312256418151855,-0.000886,0.0668367525454759,13.0,14.0,0.000963,0.0003340000000000001,True,True,False
1,/home/sunshixin/chenchao/my_rlaf/runs/analysis/echosat_symmetry_grpo_v1_7_acceptance_iter=80_canonical_low_warmup_wc1_per_instance.csv,1,subset_cardinality_bw8,perm_seed1730,subset_cardinality_bw8_perm1730,subset_cardinality,weak_symmetry,medium,main,weak,33,76,10.0,5.0,/home/sunshixin/chenchao/my_rlaf/runs/GNN_Glucose_3SAT_EchoSAT_SymmetryGRPO_v1_7_WC1_PositiveCap/iter=80.pt,0.001027,0.001027,110.0,76.0,True,0.001858,0.001858,127.0,80.0,True,0.001537,0.0336128819580078,100.0,79.0,True,0.001537,0.0357234763842225,100.0,79.0,True,0.00053,0.068125118199408,101.0,83.0,True,True,True,0.001222,1.0,5.0,49.16338348388672,33,0.6931471824645996,True,0.0334086418151855,-0.001007,0.032401641815185504,-0.0004969999999999999,0.067098118199408,1.0,4.0,0.0008310000000000001,-0.0003210000000000001,True,True,False
1,/home/sunshixin/chenchao/my_rlaf/runs/analysis/echosat_symmetry_grpo_v1_7_acceptance_iter=80_canonical_low_warmup_wc1_per_instance.csv,1,subset_cardinality_bw8,perm_seed1731,subset_cardinality_bw8_perm1731,subset_cardinality,weak_symmetry,medium,main,weak,33,76,10.0,5.0,/home/sunshixin/chenchao/my_rlaf/runs/GNN_Glucose_3SAT_EchoSAT_SymmetryGRPO_v1_7_WC1_PositiveCap/iter=80.pt,0.00089,0.00089,91.0,70.0,True,0.001762,0.001762,102.0,79.0,True,0.001479,0.0335548819580078,81.0,70.0,True,0.001479,0.0348359415309429,81.0,70.0,True,0.001372,0.0681375833461284,92.0,76.0,True,True,True,0.000429,1.0,11.0,55.44180679321289,33,0.6931471824645996,True,0.0334086418151855,-0.00010700000000000011,0.0333016418151855,0.000482,0.0672475833461284,11.0,6.0,0.0008719999999999999,-0.00028299999999999983,True,False,False
1,/home/sunshixin/chenchao/my_rlaf/runs/analysis/echosat_symmetry_grpo_v1_7_acceptance_iter=80_canonical_low_warmup_wc1_per_instance.csv,2,k10_color9,base,k10_color9,complete_coloring,strong_symmetry,large,main,strong,90,775,10.0,5.0,/home/sunshixin/chenchao/my_rlaf/runs/GNN_Glucose_3SAT_EchoSAT_SymmetryGRPO_v1_7_WC1_PositiveCap/iter=80.pt,4.00767,4.00767,340861.0,314066.0,True,4.31105,4.31105,322229.0,299168.0,True,4.521,4.879868837356567,321840.0,298649.0,True,4.521,4.885534403000414,321840.0,298649.0,True,2.92181,3.3443189799504878,217726.0,202143.0,True,True,True,0.003634,1.0,8.0,136.93209838867188,90,0.6931471824645996,True,0.0579745769500732,-1.5991900000000001,-1.5412154230499264,-1.0858600000000003,-0.6633510200495123,-104114.0,-96506.0,0.30337999999999976,0.20995000000000008,True,True,True
1,/home/sunshixin/chenchao/my_rlaf/runs/analysis/echosat_symmetry_grpo_v1_7_acceptance_iter=80_canonical_low_warmup_wc1_per_instance.csv,2,k10_color9,perm_seed1730,k10_color9_perm1730,complete_coloring,strong_symmetry,large,main,strong,90,775,10.0,5.0,/home/sunshixin/chenchao/my_rlaf/runs/GNN_Glucose_3SAT_EchoSAT_SymmetryGRPO_v1_7_WC1_PositiveCap/iter=80.pt,4.88674,4.88674,413643.0,382655.0,True,4.60182,4.60182,283792.0,262594.0,True,3.90774,4.266608837356568,247778.0,229737.0,True,3.90774,4.274550316805422,247778.0,229737.0,True,4.31068,4.735464893755495,298490.0,278650.0,True,True,True,0.006803,1.0,8.0,136.98228454589844,90,0.6931471824645996,True,0.0579745769500732,0.40293999999999963,0.46091457695007243,-0.57606,-0.1512751062445048,50712.0,48913.0,-0.2849199999999996,-0.69408,False,True,True
1,/home/sunshixin/chenchao/my_rlaf/runs/analysis/echosat_symmetry_grpo_v1_7_acceptance_iter=80_canonical_low_warmup_wc1_per_instance.csv,2,k10_color9,perm_seed1731,k10_color9_perm1731,complete_coloring,strong_symmetry,large,main,strong,90,775,10.0,5.0,/home/sunshixin/chenchao/my_rlaf/runs/GNN_Glucose_3SAT_EchoSAT_SymmetryGRPO_v1_7_WC1_PositiveCap/iter=80.pt,4.06349,4.06349,340033.0,312592.0,True,4.53246,4.53246,290369.0,269757.0,True,3.95006,4.308928837356568,290369.0,269757.0,True,3.95006,4.316781543878258,290369.0,269757.0,True,4.75805,5.18274612082833,356144.0,332389.0,True,True,True,0.006614,1.0,8.0,137.00555419921875,90,0.6931471824645996,True,0.0579745769500732,0.8079899999999998,0.8659645769500726,0.6945600000000001,1.1192561208283305,65775.0,62632.0,0.46897000000000055,-0.5824000000000003,False,False,False
1,/home/sunshixin/chenchao/my_rlaf/runs/analysis/echosat_symmetry_grpo_v1_7_acceptance_iter=80_canonical_low_warmup_wc1_per_instance.csv,2,k8_color7,base,k8_color7,complete_coloring,strong_symmetry,large,main,strong,56,372,10.0,5.0,/home/sunshixin/chenchao/my_rlaf/runs/GNN_Glucose_3SAT_EchoSAT_SymmetryGRPO_v1_7_WC1_PositiveCap/iter=80.pt,0.044016,0.044016,6158.0,5600.0,True,0.041058,0.041058,5946.0,5440.0,True,0.04389,0.4027588373565673,5946.0,5440.0,True,0.04389,0.4112646965841651,5946.0,5440.0,True,0.040268,0.4656172735342383,6019.0,5507.0,True,True,True,0.004672,1.0,6.0,84.73548889160156,56,0.6931471824645996,True,0.0579745769500732,-0.0036220000000000002,0.05435257695007323,-0.0037480000000000013,0.4216012735342383,73.0,67.0,-0.0029580000000000023,0.002832000000000001,True,True,False
1,/home/sunshixin/chenchao/my_rlaf/runs/analysis/echosat_symmetry_grpo_v1_7_acceptance_iter=80_canonical_low_warmup_wc1_per_instance.csv,2,k8_color7,perm_seed1730,k8_color7_perm1730,complete_coloring,strong_symmetry,large,main,strong,56,372,10.0,5.0,/home/sunshixin/chenchao/my_rlaf/runs/GNN_Glucose_3SAT_EchoSAT_SymmetryGRPO_v1_7_WC1_PositiveCap/iter=80.pt,0.037093,0.037093,6138.0,5624.0,True,0.047324,0.047324,6264.0,5696.0,True,0.047428,0.4062968373565674,6264.0,5696.0,True,0.047428,0.4109827617948651,6264.0,5696.0,True,0.040675,0.4622043387449384,5544.0,5098.0,True,True,True,0.003571,1.0,6.0,84.79159545898438,56,0.6931471824645996,True,0.0579745769500732,-0.006752999999999995,0.05122157695007329,0.003582000000000002,0.4251113387449384,-720.0,-598.0,0.010230999999999997,0.00010399999999999993,True,False,False
1,/home/sunshixin/chenchao/my_rlaf/runs/analysis/echosat_symmetry_grpo_v1_7_acceptance_iter=80_canonical_low_warmup_wc1_per_instance.csv,2,k8_color7,perm_seed1731,k8_color7_perm1731,complete_coloring,strong_symmetry,large,main,strong,56,372,10.0,5.0,/home/sunshixin/chenchao/my_rlaf/runs/GNN_Glucose_3SAT_EchoSAT_SymmetryGRPO_v1_7_WC1_PositiveCap/iter=80.pt,0.031963,0.031963,5800.0,5271.0,True,0.055408,0.055408,6148.0,5641.0,True,0.051527,0.4103958373565674,6148.0,5641.0,True,0.051527,0.4173435454687476,6148.0,5641.0,True,0.041416,0.4652071224188208,6122.0,5622.0,True,True,True,0.004858,1.0,6.0,84.7841796875,56,0.6931471824645996,True,0.0579745769500732,-0.010111000000000002,0.047863576950073206,0.009453000000000003,0.43324412241882077,-26.0,-19.0,0.023445,-0.0038809999999999956,True,False,False
1,/home/sunshixin/chenchao/my_rlaf/runs/analysis/echosat_symmetry_grpo_v1_7_acceptance_iter=80_canonical_low_warmup_wc1_per_instance.csv,2,k9_color8,base,k9_color8,complete_coloring,strong_symmetry,large,main,strong,72,549,10.0,5.0,/home/sunshixin/chenchao/my_rlaf/runs/GNN_Glucose_3SAT_EchoSAT_SymmetryGRPO_v1_7_WC1_PositiveCap/iter=80.pt,0.570285,0.570285,46557.0,43529.0,True,0.695517,0.695517,44352.0,41138.0,True,0.580315,0.9391838373565674,43519.0,40436.0,True,0.580315,0.9423765394239426,43519.0,40436.0,True,0.529048,0.9490841163740158,39397.0,36642.0,True,True,True,0.001163,1.0,7.0,109.32144165039062,72,0.6931471824645996,True,0.0579745769500732,-0.05126700000000006,0.00670757695007318,-0.04123700000000008,0.37879911637401575,-4122.0,-3794.0,0.125232,-0.11520200000000003,True,True,False
1,/home/sunshixin/chenchao/my_rlaf/runs/analysis/echosat_symmetry_grpo_v1_7_acceptance_iter=80_canonical_low_warmup_wc1_per_instance.csv,2,k9_color8,perm_seed1730,k9_color8_perm1730,complete_coloring,strong_symmetry,large,main,strong,72,549,10.0,5.0,/home/sunshixin/chenchao/my_rlaf/runs/GNN_Glucose_3SAT_EchoSAT_SymmetryGRPO_v1_7_WC1_PositiveCap/iter=80.pt,0.386143,0.386143,39708.0,36681.0,True,0.713023,0.713023,45794.0,42555.0,True,0.718123,1.0769918373565672,45794.0,42555.0,True,0.718123,1.0833022895422575,45794.0,42555.0,True,0.45654,0.8796938664923311,44234.0,40845.0,True,True,True,0.005022,1.0,7.0,109.58531951904295,72,0.6931471824645996,True,0.0579745769500732,-0.26158299999999995,-0.20360842304992643,0.07039699999999999,0.49355086649233104,-1560.0,-1710.0,0.32687999999999995,0.005099999999999993,True,False,False
1,/home/sunshixin/chenchao/my_rlaf/runs/analysis/echosat_symmetry_grpo_v1_7_acceptance_iter=80_canonical_low_warmup_wc1_per_instance.csv,2,k9_color8,perm_seed1731,k9_color8_perm1731,complete_coloring,strong_symmetry,large,main,strong,72,549,10.0,5.0,/home/sunshixin/chenchao/my_rlaf/runs/GNN_Glucose_3SAT_EchoSAT_SymmetryGRPO_v1_7_WC1_PositiveCap/iter=80.pt,0.502866,0.502866,47177.0,43763.0,True,0.782785,0.782785,47579.0,44103.0,True,0.757825,1.011083228302002,47579.0,44103.0,True,0.757825,1.0170109081389904,47579.0,44103.0,True,0.40285,0.738070692456007,36801.0,34234.0,True,True,True,0.005044,1.0,7.0,109.56788635253906,72,0.6931471824645996,True,0.0760347843170166,-0.354975,-0.27894021568298344,-0.10001600000000005,0.23520469245600695,-10778.0,-9869.0,0.2799189999999999,-0.024959999999999982,True,True,False
1,/home/sunshixin/chenchao/my_rlaf/runs/analysis/echosat_symmetry_grpo_v1_7_acceptance_iter=80_canonical_low_warmup_wc1_per_instance.csv,2,php_p10_h9,base,php_p10_h9,php,strong_symmetry,large,main,strong,90,775,10.0,5.0,/home/sunshixin/chenchao/my_rlaf/runs/GNN_Glucose_3SAT_EchoSAT_SymmetryGRPO_v1_7_WC1_PositiveCap/iter=80.pt,4.00691,4.00691,340861.0,314066.0,True,5.62433,5.62433,322229.0,299168.0,True,4.38164,4.634898228302002,321840.0,298649.0,True,4.38164,4.642696211302936,321840.0,298649.0,True,2.91,3.2470909956199527,217726.0,202143.0,True,True,True,0.006881,1.0,8.0,136.93209838867188,90,0.6931471824645996,True,0.0760347843170166,-1.4716399999999998,-1.3956052156829832,-1.0969100000000003,-0.7598190043800477,-104114.0,-96506.0,1.6174199999999992,-1.2426899999999996,True,True,True
1,/home/sunshixin/chenchao/my_rlaf/runs/analysis/echosat_symmetry_grpo_v1_7_acceptance_iter=80_canonical_low_warmup_wc1_per_instance.csv,2,php_p10_h9,perm_seed1730,php_p10_h9_perm1730,php,strong_symmetry,large,main,strong,90,775,10.0,5.0,/home/sunshixin/chenchao/my_rlaf/runs/GNN_Glucose_3SAT_EchoSAT_SymmetryGRPO_v1_7_WC1_PositiveCap/iter=80.pt,4.70888,4.70888,413643.0,382655.0,True,5.72495,5.72495,283792.0,262594.0,True,4.07911,4.332368228302002,247778.0,229737.0,True,4.07911,4.336687813929558,247778.0,229737.0,True,4.30177,4.635382598246575,298490.0,278650.0,True,True,True,0.003394,1.0,8.0,136.98228454589844,90,0.6931471824645996,True,0.0760347843170166,0.2226600000000003,0.2986947843170169,-0.4071099999999994,-0.0734974017534249,50712.0,48913.0,1.01607,-1.6458399999999997,False,True,True
1,/home/sunshixin/chenchao/my_rlaf/runs/analysis/echosat_symmetry_grpo_v1_7_acceptance_iter=80_canonical_low_warmup_wc1_per_instance.csv,2,php_p10_h9,perm_seed1731,php_p10_h9_perm1731,php,strong_symmetry,large,main,strong,90,775,10.0,5.0,/home/sunshixin/chenchao/my_rlaf/runs/GNN_Glucose_3SAT_EchoSAT_SymmetryGRPO_v1_7_WC1_PositiveCap/iter=80.pt,4.0105,4.0105,340033.0,312592.0,True,4.53751,4.53751,290369.0,269757.0,True,3.83937,4.092628228302003,290369.0,269757.0,True,3.83937,4.097063065609515,290369.0,269757.0,True,4.79296,5.126687849926531,356144.0,332389.0,True,True,True,0.003388,1.0,8.0,137.00555419921875,90,0.6931471824645996,True,0.0760347843170166,0.9535899999999997,1.0296247843170168,0.7824599999999995,1.116187849926531,65775.0,62632.0,0.5270099999999998,-0.69814,False,False,False
1,/home/sunshixin/chenchao/my_rlaf/runs/analysis/echosat_symmetry_grpo_v1_7_acceptance_iter=80_canonical_low_warmup_wc1_per_instance.csv,2,php_p9_h8,base,php_p9_h8,php,strong_symmetry,large,main,strong,72,549,10.0,5.0,/home/sunshixin/chenchao/my_rlaf/runs/GNN_Glucose_3SAT_EchoSAT_SymmetryGRPO_v1_7_WC1_PositiveCap/iter=80.pt,0.618233,0.618233,46557.0,43529.0,True,0.64572,0.64572,44352.0,41138.0,True,0.577115,0.830373228302002,43519.0,40436.0,True,0.577115,0.8341614311383962,43519.0,40436.0,True,0.536902,0.8699832154554128,39397.0,36642.0,True,True,True,0.002743,1.0,7.0,109.32144165039062,72,0.6931471824645996,True,0.0760347843170166,-0.040213000000000054,0.03582178431701655,-0.08133100000000004,0.25175021545541276,-4122.0,-3794.0,0.027486999999999928,-0.06860499999999992,True,True,False
1,/home/sunshixin/chenchao/my_rlaf/runs/analysis/echosat_symmetry_grpo_v1_7_acceptance_iter=80_canonical_low_warmup_wc1_per_instance.csv,2,php_p9_h8,perm_seed1730,php_p9_h8_perm1730,php,strong_symmetry,large,main,strong,72,549,10.0,5.0,/home/sunshixin/chenchao/my_rlaf/runs/GNN_Glucose_3SAT_EchoSAT_SymmetryGRPO_v1_7_WC1_PositiveCap/iter=80.pt,0.426869,0.426869,39708.0,36681.0,True,0.648333,0.648333,45794.0,42555.0,True,0.623813,0.8770712283020019,45794.0,42555.0,True,0.623813,0.8814552183223963,45794.0,42555.0,True,0.470889,0.8045660026394128,44234.0,40845.0,True,True,True,0.003279,1.0,7.0,109.58531951904295,72,0.6931471824645996,True,0.0760347843170166,-0.15292399999999995,-0.07688921568298346,0.044020000000000004,0.3776970026394128,-1560.0,-1710.0,0.22146400000000005,-0.024520000000000097,True,False,False
1,/home/sunshixin/chenchao/my_rlaf/runs/analysis/echosat_symmetry_grpo_v1_7_acceptance_iter=80_canonical_low_warmup_wc1_per_instance.csv,2,php_p9_h8,perm_seed1731,php_p9_h8_perm1731,php,strong_symmetry,large,main,strong,72,549,10.0,5.0,/home/sunshixin/chenchao/my_rlaf/runs/GNN_Glucose_3SAT_EchoSAT_SymmetryGRPO_v1_7_WC1_PositiveCap/iter=80.pt,0.567727,0.567727,47177.0,43763.0,True,0.790632,0.790632,47579.0,44103.0,True,0.637275,0.890533228302002,47579.0,44103.0,True,0.637275,0.8977847565802932,47579.0,44103.0,True,0.408226,0.7447705408973098,36219.0,33463.0,True,True,True,0.006305,1.0,7.0,109.56788635253906,72,0.6931471824645996,True,0.0760347843170166,-0.22904900000000006,-0.15301421568298346,-0.159501,0.17704354089730978,-11360.0,-10640.0,0.22290500000000002,-0.15335699999999997,True,True,False
1,/home/sunshixin/chenchao/my_rlaf/runs/analysis/echosat_symmetry_grpo_v1_7_acceptance_iter=80_canonical_low_warmup_wc1_per_instance.csv,2,random_3sat_control_v160_c704_seed2615,base,random_3sat_control_v160_c704_seed2615,random_3sat_control,non_symmetric_control,large,control,none,160,704,10.0,5.0,/home/sunshixin/chenchao/my_rlaf/runs/GNN_Glucose_3SAT_EchoSAT_SymmetryGRPO_v1_7_WC1_PositiveCap/iter=80.pt,0.057003,0.057003,6771.0,5767.0,True,0.057158,0.057158,5702.0,4813.0,True,0.045585,0.2988432283020019,4859.0,4212.0,True,0.045585,0.3046779204306602,4859.0,4212.0,True,0.057524,0.3926517047476768,5471.0,4688.0,True,False,False,0.004621,1.0,20.0,250.25311279296875,160,0.6931471824645996,True,0.0760347843170166,0.011938999999999998,0.08797378431701658,0.0005210000000000006,0.33564870474767683,612.0,476.0,0.00015500000000000236,-0.011573,False,False,False
1,/home/sunshixin/chenchao/my_rlaf/runs/analysis/echosat_symmetry_grpo_v1_7_acceptance_iter=80_canonical_low_warmup_wc1_per_instance.csv,2,random_3sat_control_v160_c704_seed2615,perm_seed1730,random_3sat_control_v160_c704_seed2615_perm1730,random_3sat_control,non_symmetric_control,large,control,none,160,704,10.0,5.0,/home/sunshixin/chenchao/my_rlaf/runs/GNN_Glucose_3SAT_EchoSAT_SymmetryGRPO_v1_7_WC1_PositiveCap/iter=80.pt,0.094392,0.094392,8522.0,7299.0,True,0.088851,0.088851,7934.0,6809.0,True,0.050536,0.1698723666534423,4602.0,4008.0,True,0.050536,0.1723122843545675,4602.0,4008.0,True,0.05238,0.2410775184854269,5473.0,4688.0,True,False,False,0.001109,1.0,20.0,250.9976043701172,160,0.6931471824645996,True,0.0669212341308593,0.0018440000000000054,0.06876523413085942,-0.042012,0.1466855184854269,871.0,680.0,-0.005541000000000004,-0.038315,False,True,False
1,/home/sunshixin/chenchao/my_rlaf/runs/analysis/echosat_symmetry_grpo_v1_7_acceptance_iter=80_canonical_low_warmup_wc1_per_instance.csv,2,random_3sat_control_v160_c704_seed2615,perm_seed1731,random_3sat_control_v160_c704_seed2615_perm1731,random_3sat_control,non_symmetric_control,large,control,none,160,704,10.0,5.0,/home/sunshixin/chenchao/my_rlaf/runs/GNN_Glucose_3SAT_EchoSAT_SymmetryGRPO_v1_7_WC1_PositiveCap/iter=80.pt,0.042149,0.042149,5676.0,4847.0,True,0.108811,0.108811,8017.0,6851.0,True,0.056434,0.1757703666534423,4961.0,4384.0,True,0.056434,0.180947812779963,4961.0,4384.0,True,0.0561,0.2475350469108224,5559.0,4673.0,True,False,False,0.003798,1.0,20.0,250.14382934570312,160,0.6931471824645996,True,0.0669212341308593,-0.00033400000000000096,0.0665872341308594,0.013950999999999998,0.2053860469108224,598.0,289.0,0.066662,-0.05237700000000001,True,False,False
1,/home/sunshixin/chenchao/my_rlaf/runs/analysis/echosat_symmetry_grpo_v1_7_acceptance_iter=80_canonical_low_warmup_wc1_per_instance.csv,2,random_3sat_control_v180_c760_seed3301,base,random_3sat_control_v180_c760_seed3301,random_3sat_control,non_symmetric_control,large,control,none,180,760,10.0,5.0,/home/sunshixin/chenchao/my_rlaf/runs/GNN_Glucose_3SAT_EchoSAT_SymmetryGRPO_v1_7_WC1_PositiveCap/iter=80.pt,0.464724,0.464724,27442.0,23617.0,True,0.168772,0.168772,10470.0,8910.0,True,0.013813,0.1331493666534423,693.0,567.0,True,0.013813,0.1393438710236549,693.0,567.0,True,0.656814,0.8492661051545143,41817.0,36891.0,True,False,False,0.004902,1.0,25.0,290.802978515625,180,0.6931471824645996,True,0.0669212341308593,0.643001,0.7099222341308594,0.19208999999999998,0.38454210515451426,41124.0,36324.0,-0.295952,-0.154959,False,False,False
1,/home/sunshixin/chenchao/my_rlaf/runs/analysis/echosat_symmetry_grpo_v1_7_acceptance_iter=80_canonical_low_warmup_wc1_per_instance.csv,2,random_3sat_control_v180_c760_seed3301,perm_seed1730,random_3sat_control_v180_c760_seed3301_perm1730,random_3sat_control,non_symmetric_control,large,control,none,180,760,10.0,5.0,/home/sunshixin/chenchao/my_rlaf/runs/GNN_Glucose_3SAT_EchoSAT_SymmetryGRPO_v1_7_WC1_PositiveCap/iter=80.pt,1.05738,1.05738,47649.0,41152.0,True,0.095252,0.095252,7421.0,6253.0,True,0.014337,0.1336733666534423,643.0,525.0,True,0.014337,0.1391450890685319,643.0,525.0,True,0.538181,0.7299103231993914,33548.0,29357.0,True,False,False,0.004225,1.0,25.0,292.0396728515625,180,0.6931471824645996,True,0.0669212341308593,0.523844,0.5907652341308596,-0.519199,-0.32746967680060857,32905.0,28832.0,-0.962128,-0.080915,False,True,True
1,/home/sunshixin/chenchao/my_rlaf/runs/analysis/echosat_symmetry_grpo_v1_7_acceptance_iter=80_canonical_low_warmup_wc1_per_instance.csv,2,random_3sat_control_v180_c760_seed3301,perm_seed1731,random_3sat_control_v180_c760_seed3301_perm1731,random_3sat_control,non_symmetric_control,large,control,none,180,760,10.0,5.0,/home/sunshixin/chenchao/my_rlaf/runs/GNN_Glucose_3SAT_EchoSAT_SymmetryGRPO_v1_7_WC1_PositiveCap/iter=80.pt,0.474811,0.474811,27197.0,23469.0,True,0.137265,0.137265,9011.0,7714.0,True,0.007447,0.1267833666534424,590.0,484.0,True,0.007447,0.1330201639767289,590.0,484.0,True,0.703741,0.8962353981075882,43169.0,38129.0,True,False,False,0.004876,1.0,25.0,291.0475769042969,180,0.6931471824645996,True,0.0669212341308593,0.696294,0.7632152341308593,0.22892999999999997,0.42142439810758825,42579.0,37645.0,-0.337546,-0.129818,False,False,False
1,/home/sunshixin/chenchao/my_rlaf/runs/analysis/echosat_symmetry_grpo_v1_7_acceptance_iter=80_canonical_low_warmup_wc1_per_instance.csv,2,random_3sat_control_v220_c928_seed3303,base,random_3sat_control_v220_c928_seed3303,random_3sat_control,non_symmetric_control,large,control,none,220,928,10.0,5.0,/home/sunshixin/chenchao/my_rlaf/runs/GNN_Glucose_3SAT_EchoSAT_SymmetryGRPO_v1_7_WC1_PositiveCap/iter=80.pt,0.72318,0.72318,30277.0,25994.0,True,0.446762,0.446762,22265.0,19025.0,True,0.00648,0.1258163666534423,62.0,4.0,True,0.00648,0.1286957759069204,62.0,4.0,True,0.005579,0.1947160100377798,673.0,525.0,True,False,False,0.001603,1.0,28.0,332.48345947265625,220,0.6931471824645996,True,0.0669212341308593,-0.0009009999999999999,0.06602023413085939,-0.717601,-0.5284639899622202,611.0,521.0,-0.27641800000000005,-0.440282,True,True,True
1,/home/sunshixin/chenchao/my_rlaf/runs/analysis/echosat_symmetry_grpo_v1_7_acceptance_iter=80_canonical_low_warmup_wc1_per_instance.csv,2,random_3sat_control_v220_c928_seed3303,perm_seed1730,random_3sat_control_v220_c928_seed3303_perm1730,random_3sat_control,non_symmetric_control,large,control,none,220,928,10.0,5.0,/home/sunshixin/chenchao/my_rlaf/runs/GNN_Glucose_3SAT_EchoSAT_SymmetryGRPO_v1_7_WC1_PositiveCap/iter=80.pt,1.46775,1.46775,52742.0,45477.0,True,0.200672,0.200672,13039.0,11071.0,True,0.000477,0.1198133666534423,62.0,4.0,True,0.000477,0.1271116403362155,62.0,4.0,True,0.010383,0.2039388744670748,668.0,531.0,True,False,False,0.005908,1.0,28.0,330.46795654296875,220,0.6931471824645996,True,0.0669212341308593,0.009906,0.07682723413085929,-1.457367,-1.2638111255329254,606.0,527.0,-1.2670780000000001,-0.20019499999999998,False,True,True
1,/home/sunshixin/chenchao/my_rlaf/runs/analysis/echosat_symmetry_grpo_v1_7_acceptance_iter=80_canonical_low_warmup_wc1_per_instance.csv,2,random_3sat_control_v220_c928_seed3303,perm_seed1731,random_3sat_control_v220_c928_seed3303_perm1731,random_3sat_control,non_symmetric_control,large,control,none,220,928,10.0,5.0,/home/sunshixin/chenchao/my_rlaf/runs/GNN_Glucose_3SAT_EchoSAT_SymmetryGRPO_v1_7_WC1_PositiveCap/iter=80.pt,0.061313,0.061313,4930.0,4147.0,True,0.451704,0.451704,19684.0,16814.0,True,0.007383,0.1267193666534423,63.0,4.0,True,0.007383,0.1335327843321561,63.0,4.0,True,0.011678,0.2047490184630155,822.0,632.0,True,False,False,0.005409,1.0,28.0,331.7943725585937,220,0.6931471824645996,True,0.0669212341308593,0.004294999999999999,0.0712162341308594,-0.049635,0.14343601846301549,759.0,628.0,0.390391,-0.444321,False,True,False
1,/home/sunshixin/chenchao/my_rlaf/runs/analysis/echosat_symmetry_grpo_v1_7_acceptance_iter=80_canonical_low_warmup_wc1_per_instance.csv,2,random_3sat_control_v220_c942_seed3304,base,random_3sat_control_v220_c942_seed3304,random_3sat_control,non_symmetric_control,large,control,none,220,942,10.0,5.0,/home/sunshixin/chenchao/my_rlaf/runs/GNN_Glucose_3SAT_EchoSAT_SymmetryGRPO_v1_7_WC1_PositiveCap/iter=80.pt,0.651107,0.651107,35472.0,30813.0,True,0.972768,0.972768,41376.0,36046.0,True,0.411496,0.5894091889343261,26754.0,23980.0,True,0.411496,0.594011285293877,26754.0,23980.0,True,0.706757,0.9841910131686328,40303.0,36145.0,True,False,False,0.003322,1.0,24.0,322.4337158203125,220,0.6931471824645996,True,0.0949187278747558,0.295261,0.39017972787475574,0.05564999999999998,0.3330840131686328,13549.0,12165.0,0.321661,-0.561272,False,False,False
1,/home/sunshixin/chenchao/my_rlaf/runs/analysis/echosat_symmetry_grpo_v1_7_acceptance_iter=80_canonical_low_warmup_wc1_per_instance.csv,2,random_3sat_control_v220_c942_seed3304,perm_seed1730,random_3sat_control_v220_c942_seed3304_perm1730,random_3sat_control,non_symmetric_control,large,control,none,220,942,10.0,5.0,/home/sunshixin/chenchao/my_rlaf/runs/GNN_Glucose_3SAT_EchoSAT_SymmetryGRPO_v1_7_WC1_PositiveCap/iter=80.pt,0.657991,0.657991,34825.0,30052.0,True,0.653563,0.653563,33221.0,28818.0,True,0.404434,0.5823471889343261,26445.0,23804.0,True,0.404434,0.589287554205656,26445.0,23804.0,True,0.7538,1.033572282080412,39714.0,35415.0,True,False,False,0.005661,1.0,24.0,324.02960205078125,220,0.6931471824645996,True,0.0949187278747558,0.349366,0.44428472787475604,0.09580900000000003,0.3755812820804121,13269.0,11611.0,-0.0044279999999999875,-0.249129,False,False,False
1,/home/sunshixin/chenchao/my_rlaf/runs/analysis/echosat_symmetry_grpo_v1_7_acceptance_iter=80_canonical_low_warmup_wc1_per_instance.csv,2,random_3sat_control_v220_c942_seed3304,perm_seed1731,random_3sat_control_v220_c942_seed3304_perm1731,random_3sat_control,non_symmetric_control,large,control,none,220,942,10.0,5.0,/home/sunshixin/chenchao/my_rlaf/runs/GNN_Glucose_3SAT_EchoSAT_SymmetryGRPO_v1_7_WC1_PositiveCap/iter=80.pt,0.716433,0.716433,38737.0,33758.0,True,0.833851,0.833851,38909.0,33544.0,True,0.393896,0.5718091889343262,26149.0,23448.0,True,0.393896,0.5756576333232523,26149.0,23448.0,True,0.765942,1.042622361198008,40803.0,36445.0,True,False,False,0.002422,1.0,24.0,324.64569091796875,220,0.6931471824645996,True,0.0949187278747558,0.372046,0.46696472787475585,0.049509000000000025,0.3261893611980081,14654.0,12997.0,0.11741800000000002,-0.439955,False,False,False
1,/home/sunshixin/chenchao/my_rlaf/runs/analysis/echosat_symmetry_grpo_v1_7_acceptance_iter=80_canonical_low_warmup_wc1_per_instance.csv,2,random_3sat_control_v260_c1097_seed3305,base,random_3sat_control_v260_c1097_seed3305,random_3sat_control,non_symmetric_control,large,control,none,260,1097,10.0,5.0,/home/sunshixin/chenchao/my_rlaf/runs/GNN_Glucose_3SAT_EchoSAT_SymmetryGRPO_v1_7_WC1_PositiveCap/iter=80.pt,6.58921,6.58921,216854.0,188499.0,True,2.33349,2.33349,73626.0,64181.0,True,1.46346,1.6413731889343262,60642.0,54350.0,True,1.46346,1.649388828277469,60642.0,54350.0,True,1.88368,2.1645275561522244,80287.0,71600.0,True,False,False,0.006518,1.0,35.0,390.6428833007813,260,0.6931471824645996,True,0.0949187278747558,0.42022000000000004,0.5151387278747555,-4.7055299999999995,-4.424682443847775,19645.0,17250.0,-4.25572,-0.8700299999999999,False,True,True
1,/home/sunshixin/chenchao/my_rlaf/runs/analysis/echosat_symmetry_grpo_v1_7_acceptance_iter=80_canonical_low_warmup_wc1_per_instance.csv,2,random_3sat_control_v260_c1097_seed3305,perm_seed1730,random_3sat_control_v260_c1097_seed3305_perm1730,random_3sat_control,non_symmetric_control,large,control,none,260,1097,10.0,5.0,/home/sunshixin/chenchao/my_rlaf/runs/GNN_Glucose_3SAT_EchoSAT_SymmetryGRPO_v1_7_WC1_PositiveCap/iter=80.pt,7.13158,7.13158,224505.0,195557.0,True,0.664152,0.664152,27246.0,23387.0,True,1.49287,1.670783188934326,60686.0,54724.0,True,1.49287,1.6815509511511326,60686.0,54724.0,True,1.44885,1.7324496790258883,69741.0,62000.0,True,False,False,0.009278,1.0,35.0,390.0680847167969,260,0.6931471824645996,True,0.0949187278747558,-0.04401999999999995,0.05089872787475569,-5.682729999999999,-5.399130320974111,9055.0,7276.0,-6.467428,0.828718,True,True,True
1,/home/sunshixin/chenchao/my_rlaf/runs/analysis/echosat_symmetry_grpo_v1_7_acceptance_iter=80_canonical_low_warmup_wc1_per_instance.csv,2,random_3sat_control_v260_c1097_seed3305,perm_seed1731,random_3sat_control_v260_c1097_seed3305_perm1731,random_3sat_control,non_symmetric_control,large,control,none,260,1097,10.0,5.0,/home/sunshixin/chenchao/my_rlaf/runs/GNN_Glucose_3SAT_EchoSAT_SymmetryGRPO_v1_7_WC1_PositiveCap/iter=80.pt,3.89726,3.89726,105916.0,92052.0,True,6.13004,6.13004,162997.0,142194.0,True,1.10085,1.2787631889343265,48534.0,43247.0,True,1.10085,1.28649272379303,48534.0,43247.0,True,1.75608,2.0366414516677858,80122.0,71235.0,True,False,False,0.006194,1.0,35.0,389.6698913574219,260,0.6931471824645996,True,0.0949187278747558,0.65523,0.7501487278747558,-2.1411800000000003,-1.8606185483322144,31588.0,27988.0,2.23278,-5.02919,False,True,True
1,/home/sunshixin/chenchao/my_rlaf/runs/analysis/echosat_symmetry_grpo_v1_7_acceptance_iter=80_canonical_low_warmup_wc1_per_instance.csv,2,random_3sat_control_v260_c1113_seed3306,base,random_3sat_control_v260_c1113_seed3306,random_3sat_control,non_symmetric_control,large,control,none,260,1113,10.0,5.0,/home/sunshixin/chenchao/my_rlaf/runs/GNN_Glucose_3SAT_EchoSAT_SymmetryGRPO_v1_7_WC1_PositiveCap/iter=80.pt,5.41514,5.41514,178146.0,155541.0,True,6.37128,6.37128,186876.0,163308.0,True,6.18466,6.362573188934326,226200.0,205404.0,True,6.18466,6.367222968086541,226200.0,205404.0,True,6.52342,6.800901695961296,262785.0,231853.0,True,False,False,0.002954,1.0,33.0,397.6284790039063,260,0.6931471824645996,True,0.0949187278747558,0.33875999999999973,0.4336787278747556,1.1082799999999997,1.3857616959612962,36585.0,26449.0,0.9561399999999995,-0.18661999999999956,False,False,False
1,/home/sunshixin/chenchao/my_rlaf/runs/analysis/echosat_symmetry_grpo_v1_7_acceptance_iter=80_canonical_low_warmup_wc1_per_instance.csv,2,random_3sat_control_v260_c1113_seed3306,perm_seed1730,random_3sat_control_v260_c1113_seed3306_perm1730,random_3sat_control,non_symmetric_control,large,control,none,260,1113,10.0,5.0,/home/sunshixin/chenchao/my_rlaf/runs/GNN_Glucose_3SAT_EchoSAT_SymmetryGRPO_v1_7_WC1_PositiveCap/iter=80.pt,5.06369,5.06369,171334.0,149746.0,True,6.7313,6.7313,206936.0,180741.0,True,5.66956,5.847473188934326,206101.0,186162.0,True,5.66956,5.851597594752729,206101.0,186162.0,True,6.2516,6.528556322627485,254223.0,224105.0,True,False,False,0.002657,1.0,33.0,396.3316650390625,260,0.6931471824645996,True,0.0949187278747558,0.5820400000000001,0.676958727874756,1.1879099999999996,1.4648663226274845,48122.0,37943.0,1.6676099999999998,-1.0617400000000004,False,False,False
1,/home/sunshixin/chenchao/my_rlaf/runs/analysis/echosat_symmetry_grpo_v1_7_acceptance_iter=80_canonical_low_warmup_wc1_per_instance.csv,2,random_3sat_control_v260_c1113_seed3306,perm_seed1731,random_3sat_control_v260_c1113_seed3306_perm1731,random_3sat_control,non_symmetric_control,large,control,none,260,1113,10.0,5.0,/home/sunshixin/chenchao/my_rlaf/runs/GNN_Glucose_3SAT_EchoSAT_SymmetryGRPO_v1_7_WC1_PositiveCap/iter=80.pt,6.27136,6.27136,202621.0,177648.0,True,6.34021,6.34021,214985.0,187707.0,True,6.12859,6.259733808364868,217745.0,196903.0,True,6.12859,6.269086974485457,217745.0,196903.0,True,6.38398,6.576098173139632,255321.0,225161.0,True,False,False,0.008054,1.0,33.0,397.0461730957031,260,0.6931471824645996,True,0.0516211986541748,0.25539000000000023,0.30701119865417503,0.11262000000000061,0.3047381731396328,37576.0,28258.0,0.0688500000000003,-0.21161999999999992,False,False,False
1,/home/sunshixin/chenchao/my_rlaf/runs/analysis/echosat_symmetry_grpo_v1_7_acceptance_iter=80_canonical_low_warmup_wc1_per_instance.csv,2,random_3sat_control_v300_c1266_seed3307,base,random_3sat_control_v300_c1266_seed3307,random_3sat_control,non_symmetric_control,large,control,none,300,1266,10.0,5.0,/home/sunshixin/chenchao/my_rlaf/runs/GNN_Glucose_3SAT_EchoSAT_SymmetryGRPO_v1_7_WC1_PositiveCap/iter=80.pt,0.230917,0.230917,12894.0,10895.0,True,2.51026,2.51026,71356.0,61376.0,True,0.010112,0.1412558083648681,288.0,182.0,True,0.010112,0.146005199258089,288.0,182.0,True,0.036976,0.2244903979122638,2565.0,2058.0,True,False,False,0.003224,1.0,46.0,466.681884765625,300,0.6931471824645996,True,0.0516211986541748,0.026864000000000002,0.0784851986541748,-0.193941,-0.006426602087736211,2277.0,1876.0,2.2793430000000003,-2.5001480000000003,False,True,True
1,/home/sunshixin/chenchao/my_rlaf/runs/analysis/echosat_symmetry_grpo_v1_7_acceptance_iter=80_canonical_low_warmup_wc1_per_instance.csv,2,random_3sat_control_v300_c1266_seed3307,perm_seed1730,random_3sat_control_v300_c1266_seed3307_perm1730,random_3sat_control,non_symmetric_control,large,control,none,300,1266,10.0,5.0,/home/sunshixin/chenchao/my_rlaf/runs/GNN_Glucose_3SAT_EchoSAT_SymmetryGRPO_v1_7_WC1_PositiveCap/iter=80.pt,1.28539,1.28539,43103.0,37339.0,True,1.86753,1.86753,63498.0,54506.0,True,0.008733,0.1398768083648681,321.0,205.0,True,0.008733,0.1455295554160475,321.0,205.0,True,0.053989,0.2424067540702223,2937.0,2391.0,True,False,False,0.004106,1.0,46.0,465.9733581542969,300,0.6931471824645996,True,0.0516211986541748,0.045256000000000005,0.0968771986541748,-1.231401,-1.0429832459297776,2616.0,2186.0,0.5821399999999999,-1.8587969999999998,False,True,True
1,/home/sunshixin/chenchao/my_rlaf/runs/analysis/echosat_symmetry_grpo_v1_7_acceptance_iter=80_canonical_low_warmup_wc1_per_instance.csv,2,random_3sat_control_v300_c1266_seed3307,perm_seed1731,random_3sat_control_v300_c1266_seed3307_perm1731,random_3sat_control,non_symmetric_control,large,control,none,300,1266,10.0,5.0,/home/sunshixin/chenchao/my_rlaf/runs/GNN_Glucose_3SAT_EchoSAT_SymmetryGRPO_v1_7_WC1_PositiveCap/iter=80.pt,2.01192,2.01192,66962.0,57424.0,True,0.123949,0.123949,7524.0,6304.0,True,0.009067,0.1402108083648681,375.0,247.0,True,0.009067,0.1520497857268452,375.0,247.0,True,0.04862,0.24322398438102,3076.0,2480.0,True,False,False,0.010256,1.0,46.0,465.2885437011719,300,0.6931471824645996,True,0.0516211986541748,0.039553,0.09117419865417481,-1.9632999999999998,-1.76869601561898,2701.0,2233.0,-1.8879709999999998,-0.114882,False,True,True
1,/home/sunshixin/chenchao/my_rlaf/runs/analysis/echosat_symmetry_grpo_v1_7_acceptance_iter=80_canonical_low_warmup_wc1_per_instance.csv,2,subset_cardinality_bw10,base,subset_cardinality_bw10,subset_cardinality,weak_symmetry,large,main,weak,41,92,10.0,5.0,/home/sunshixin/chenchao/my_rlaf/runs/GNN_Glucose_3SAT_EchoSAT_SymmetryGRPO_v1_7_WC1_PositiveCap/iter=80.pt,0.001655,0.001655,193.0,141.0,True,0.001982,0.001982,237.0,193.0,True,0.00174,0.1328838083648681,162.0,142.0,True,0.00174,0.134551850795865,162.0,142.0,True,0.000603,0.1850360494500398,179.0,151.0,True,True,True,0.000407,1.0,5.0,62.83808517456055,41,0.6931471824645996,True,0.0516211986541748,-0.001137,0.05048419865417478,-0.001052,0.1833810494500398,17.0,9.0,0.0003269999999999998,-0.0002419999999999998,True,True,False
1,/home/sunshixin/chenchao/my_rlaf/runs/analysis/echosat_symmetry_grpo_v1_7_acceptance_iter=80_canonical_low_warmup_wc1_per_instance.csv,2,subset_cardinality_bw10,perm_seed1730,subset_cardinality_bw10_perm1730,subset_cardinality,weak_symmetry,large,main,weak,41,92,10.0,5.0,/home/sunshixin/chenchao/my_rlaf/runs/GNN_Glucose_3SAT_EchoSAT_SymmetryGRPO_v1_7_WC1_PositiveCap/iter=80.pt,0.001295,0.001295,218.0,167.0,True,0.001692,0.001692,221.0,169.0,True,0.001447,0.1325908083648681,156.0,137.0,True,0.001447,0.1349715827111602,156.0,137.0,True,0.003637,0.188782781365335,181.0,158.0,True,True,True,0.001255,1.0,6.0,62.92706298828125,41,0.6931471824645996,True,0.0516211986541748,0.00219,0.0538111986541748,0.0023420000000000003,0.187487781365335,25.0,21.0,0.000397,-0.000245,False,False,False
1,/home/sunshixin/chenchao/my_rlaf/runs/analysis/echosat_symmetry_grpo_v1_7_acceptance_iter=80_canonical_low_warmup_wc1_per_instance.csv,2,subset_cardinality_bw10,perm_seed1731,subset_cardinality_bw10_perm1731,subset_cardinality,weak_symmetry,large,main,weak,41,92,10.0,5.0,/home/sunshixin/chenchao/my_rlaf/runs/GNN_Glucose_3SAT_EchoSAT_SymmetryGRPO_v1_7_WC1_PositiveCap/iter=80.pt,0.000295,0.000295,202.0,147.0,True,0.001799,0.001799,247.0,155.0,True,0.001519,0.1326628083648681,203.0,164.0,True,0.001519,0.1350068039266467,203.0,164.0,True,0.002483,0.1875920025808215,175.0,147.0,True,True,True,0.001398,1.0,7.0,62.392337799072266,41,0.6931471824645996,True,0.0516211986541748,0.000964,0.0525851986541748,0.002188,0.18729700258082152,-28.0,-17.0,0.0015040000000000001,-0.0002800000000000001,False,False,False
1,/home/sunshixin/chenchao/my_rlaf/runs/analysis/echosat_symmetry_grpo_v1_7_acceptance_iter=80_canonical_low_warmup_wc1_per_instance.csv,2,subset_cardinality_bw12,base,subset_cardinality_bw12,subset_cardinality,weak_symmetry,large,main,weak,49,108,10.0,5.0,/home/sunshixin/chenchao/my_rlaf/runs/GNN_Glucose_3SAT_EchoSAT_SymmetryGRPO_v1_7_WC1_PositiveCap/iter=80.pt,0.001828,0.001828,442.0,342.0,True,0.0,0.0,491.0,414.0,True,0.002067,0.1332108083648681,384.0,312.0,True,0.002067,0.1365992974379659,384.0,312.0,True,0.002703,0.1888564960921407,390.0,307.0,True,True,True,0.002148,1.0,9.0,75.44426727294922,49,0.6931471824645996,True,0.0516211986541748,0.0006360000000000003,0.0522571986541748,0.0008750000000000001,0.1870284960921407,6.0,-5.0,-0.001828,0.002067,False,False,False
1,/home/sunshixin/chenchao/my_rlaf/runs/analysis/echosat_symmetry_grpo_v1_7_acceptance_iter=80_canonical_low_warmup_wc1_per_instance.csv,2,subset_cardinality_bw12,perm_seed1730,subset_cardinality_bw12_perm1730,subset_cardinality,weak_symmetry,large,main,weak,49,108,10.0,5.0,/home/sunshixin/chenchao/my_rlaf/runs/GNN_Glucose_3SAT_EchoSAT_SymmetryGRPO_v1_7_WC1_PositiveCap/iter=80.pt,0.001799,0.001799,440.0,329.0,True,0.002889,0.002889,397.0,314.0,True,0.001968,0.0421462989501953,343.0,268.0,True,0.001968,0.044806167414546,343.0,268.0,True,0.002782,0.0754527689617872,332.0,273.0,True,True,True,0.001588,1.0,7.0,73.95069122314453,49,0.6931471824645996,True,0.0298326015472412,0.000814,0.030646601547241192,0.0009830000000000001,0.0736537689617872,-11.0,5.0,0.00109,-0.0009209999999999999,False,False,False
1,/home/sunshixin/chenchao/my_rlaf/runs/analysis/echosat_symmetry_grpo_v1_7_acceptance_iter=80_canonical_low_warmup_wc1_per_instance.csv,2,subset_cardinality_bw12,perm_seed1731,subset_cardinality_bw12_perm1731,subset_cardinality,weak_symmetry,large,main,weak,49,108,10.0,5.0,/home/sunshixin/chenchao/my_rlaf/runs/GNN_Glucose_3SAT_EchoSAT_SymmetryGRPO_v1_7_WC1_PositiveCap/iter=80.pt,0.001736,0.001736,393.0,297.0,True,0.003197,0.003197,439.0,311.0,True,0.001992,0.0421702989501953,363.0,285.0,True,0.001992,0.0444869708351492,363.0,285.0,True,0.000565,0.0728925723823905,371.0,306.0,True,True,True,0.000765,1.0,7.0,75.07693481445312,49,0.6931471824645996,True,0.0298326015472412,-0.0014269999999999999,0.028405601547241296,-0.001171,0.0711565723823905,8.0,21.0,0.0014610000000000003,-0.0012050000000000003,True,True,False
1,/home/sunshixin/chenchao/my_rlaf/runs/analysis/echosat_symmetry_grpo_v1_7_acceptance_iter=80_canonical_low_warmup_wc1_per_instance.csv,2,subset_cardinality_bw8,base,subset_cardinality_bw8,subset_cardinality,weak_symmetry,medium,main,weak,33,76,10.0,5.0,/home/sunshixin/chenchao/my_rlaf/runs/GNN_Glucose_3SAT_EchoSAT_SymmetryGRPO_v1_7_WC1_PositiveCap/iter=80.pt,0.000907,0.000907,89.0,67.0,True,0.001809,0.001809,106.0,76.0,True,0.001148,0.0413262989501953,84.0,69.0,True,0.001148,0.0451857835818529,84.0,69.0,True,0.0016,0.0754703851290941,97.0,83.0,True,True,True,0.001704,1.0,12.0,54.99262619018555,33,0.6931471824645996,True,0.0298326015472412,0.00045200000000000014,0.030284601547241198,0.000693,0.07456338512909409,13.0,14.0,0.000902,-0.0006610000000000001,False,False,False
1,/home/sunshixin/chenchao/my_rlaf/runs/analysis/echosat_symmetry_grpo_v1_7_acceptance_iter=80_canonical_low_warmup_wc1_per_instance.csv,2,subset_cardinality_bw8,perm_seed1730,subset_cardinality_bw8_perm1730,subset_cardinality,weak_symmetry,medium,main,weak,33,76,10.0,5.0,/home/sunshixin/chenchao/my_rlaf/runs/GNN_Glucose_3SAT_EchoSAT_SymmetryGRPO_v1_7_WC1_PositiveCap/iter=80.pt,0.0,0.0,110.0,76.0,True,0.000415,0.000415,127.0,80.0,True,0.001144,0.0413222989501953,100.0,79.0,True,0.001144,0.044784827376306,100.0,79.0,True,0.0,0.0734734289235472,101.0,83.0,True,True,True,0.001671,1.0,5.0,49.16338348388672,33,0.6931471824645996,True,0.0298326015472412,-0.001144,0.028688601547241205,0.0,0.0734734289235472,1.0,4.0,0.000415,0.000729,True,False,False
1,/home/sunshixin/chenchao/my_rlaf/runs/analysis/echosat_symmetry_grpo_v1_7_acceptance_iter=80_canonical_low_warmup_wc1_per_instance.csv,2,subset_cardinality_bw8,perm_seed1731,subset_cardinality_bw8_perm1731,subset_cardinality,weak_symmetry,medium,main,weak,33,76,10.0,5.0,/home/sunshixin/chenchao/my_rlaf/runs/GNN_Glucose_3SAT_EchoSAT_SymmetryGRPO_v1_7_WC1_PositiveCap/iter=80.pt,0.000911,0.000911,91.0,70.0,True,0.001654,0.001654,102.0,79.0,True,0.001193,0.0413712989501953,81.0,70.0,True,0.001193,0.0437506095297932,81.0,70.0,True,0.0,0.0723902110770344,92.0,76.0,True,True,True,0.001525,1.0,11.0,55.44180679321289,33,0.6931471824645996,True,0.0298326015472412,-0.001193,0.028639601547241204,-0.000911,0.07147921107703441,11.0,6.0,0.0007430000000000001,-0.00046100000000000004,True,True,False
3,/home/sunshixin/chenchao/my_rlaf/runs/analysis/echosat_symmetry_grpo_v1_7_acceptance_iter=80_canonical_low_warmup_wc3_per_instance.csv,0,k10_color9,base,k10_color9,complete_coloring,strong_symmetry,large,main,strong,90,775,10.0,5.0,/home/sunshixin/chenchao/my_rlaf/runs/GNN_Glucose_3SAT_EchoSAT_SymmetryGRPO_v1_7_WC1_PositiveCap/iter=80.pt,4.38706,4.38706,340861.0,314066.0,True,4.4725,4.4725,322229.0,299168.0,True,4.2847,5.106331908416748,321840.0,298649.0,True,4.2847,5.117705660815656,321840.0,298649.0,True,3.78047,4.672216038241804,340002.0,317794.0,True,True,True,0.009247,3.0,9.0,195.45620727539065,90,1.0986123085021973,True,0.0587403774261474,-0.5042299999999997,-0.4454896225738523,-0.6065899999999997,0.28515603824180413,18162.0,19145.0,0.08544000000000018,-0.1878000000000002,True,True,False
3,/home/sunshixin/chenchao/my_rlaf/runs/analysis/echosat_symmetry_grpo_v1_7_acceptance_iter=80_canonical_low_warmup_wc3_per_instance.csv,0,k10_color9,perm_seed1730,k10_color9_perm1730,complete_coloring,strong_symmetry,large,main,strong,90,775,10.0,5.0,/home/sunshixin/chenchao/my_rlaf/runs/GNN_Glucose_3SAT_EchoSAT_SymmetryGRPO_v1_7_WC1_PositiveCap/iter=80.pt,4.85132,4.85132,413643.0,382655.0,True,4.42056,4.42056,283792.0,262594.0,True,3.93674,4.758371908416748,247778.0,229737.0,True,3.93674,4.763271070366323,247778.0,229737.0,True,3.68168,4.56695144779247,333128.0,310050.0,True,True,True,0.003842,3.0,9.0,194.30953979492188,90,1.0986123085021973,True,0.0587403774261474,-0.25505999999999984,-0.19631962257385283,-1.1696400000000002,-0.2843685522075301,85350.0,80313.0,-0.43076000000000025,-0.48382000000000014,True,True,True
3,/home/sunshixin/chenchao/my_rlaf/runs/analysis/echosat_symmetry_grpo_v1_7_acceptance_iter=80_canonical_low_warmup_wc3_per_instance.csv,0,k10_color9,perm_seed1731,k10_color9_perm1731,complete_coloring,strong_symmetry,large,main,strong,90,775,10.0,5.0,/home/sunshixin/chenchao/my_rlaf/runs/GNN_Glucose_3SAT_EchoSAT_SymmetryGRPO_v1_7_WC1_PositiveCap/iter=80.pt,3.82531,3.82531,340033.0,312592.0,True,3.92942,3.92942,290369.0,269757.0,True,4.94238,5.764011908416748,290369.0,269757.0,True,4.94238,5.771165672204256,290369.0,269757.0,True,4.16733,5.054856049630403,331745.0,312573.0,True,True,True,0.006161,3.0,9.0,193.47189331054688,90,1.0986123085021973,True,0.0587403774261474,-0.7750500000000002,-0.7163096225738528,0.34201999999999977,1.229546049630403,41376.0,42816.0,0.10410999999999992,1.01296,True,False,False
3,/home/sunshixin/chenchao/my_rlaf/runs/analysis/echosat_symmetry_grpo_v1_7_acceptance_iter=80_canonical_low_warmup_wc3_per_instance.csv,0,k8_color7,base,k8_color7,complete_coloring,strong_symmetry,large,main,strong,56,372,10.0,5.0,/home/sunshixin/chenchao/my_rlaf/runs/GNN_Glucose_3SAT_EchoSAT_SymmetryGRPO_v1_7_WC1_PositiveCap/iter=80.pt,0.05364,0.05364,6158.0,5600.0,True,0.042059,0.042059,5946.0,5440.0,True,0.042097,0.8637289084167481,5946.0,5440.0,True,0.042097,0.8656790513919592,5946.0,5440.0,True,0.030839,0.9131614288181066,5490.0,5053.0,True,True,True,0.001061,3.0,7.0,125.01708984375,56,1.0986123085021973,True,0.0587403774261474,-0.011258000000000004,0.04748237742614736,-0.022801000000000002,0.8595214288181066,-456.0,-387.0,-0.011581000000000001,3.800000000000331e-05,True,True,False
3,/home/sunshixin/chenchao/my_rlaf/runs/analysis/echosat_symmetry_grpo_v1_7_acceptance_iter=80_canonical_low_warmup_wc3_per_instance.csv,0,k8_color7,perm_seed1730,k8_color7_perm1730,complete_coloring,strong_symmetry,large,main,strong,56,372,10.0,5.0,/home/sunshixin/chenchao/my_rlaf/runs/GNN_Glucose_3SAT_EchoSAT_SymmetryGRPO_v1_7_WC1_PositiveCap/iter=80.pt,0.047086,0.047086,6138.0,5624.0,True,0.04719,0.04719,6264.0,5696.0,True,0.048483,0.8701149084167481,6264.0,5696.0,True,0.048483,0.8716849596142173,6264.0,5696.0,True,0.030142,0.9120843370403648,5686.0,5200.0,True,True,True,0.000656,3.0,7.0,125.1129913330078,56,1.0986123085021973,True,0.0587403774261474,-0.018341,0.04039937742614752,-0.016944000000000004,0.8649983370403649,-578.0,-496.0,0.00010399999999999993,0.0012929999999999955,True,True,False
3,/home/sunshixin/chenchao/my_rlaf/runs/analysis/echosat_symmetry_grpo_v1_7_acceptance_iter=80_canonical_low_warmup_wc3_per_instance.csv,0,k8_color7,perm_seed1731,k8_color7_perm1731,complete_coloring,strong_symmetry,large,main,strong,56,372,10.0,5.0,/home/sunshixin/chenchao/my_rlaf/runs/GNN_Glucose_3SAT_EchoSAT_SymmetryGRPO_v1_7_WC1_PositiveCap/iter=80.pt,0.046927,0.046927,5800.0,5271.0,True,0.05473,0.05473,6148.0,5641.0,True,0.060382,0.8820139084167481,6148.0,5641.0,True,0.060382,0.8828895537338853,6148.0,5641.0,True,0.030843,0.9120909311600328,6065.0,5554.0,True,True,True,0.0,3.0,7.0,125.51768493652344,56,1.0986123085021973,True,0.0587403774261474,-0.029539,0.02920137742614748,-0.016084000000000005,0.8651639311600328,-83.0,-87.0,0.0078029999999999974,0.005651999999999997,True,True,False
3,/home/sunshixin/chenchao/my_rlaf/runs/analysis/echosat_symmetry_grpo_v1_7_acceptance_iter=80_canonical_low_warmup_wc3_per_instance.csv,0,k9_color8,base,k9_color8,complete_coloring,strong_symmetry,large,main,strong,72,549,10.0,5.0,/home/sunshixin/chenchao/my_rlaf/runs/GNN_Glucose_3SAT_EchoSAT_SymmetryGRPO_v1_7_WC1_PositiveCap/iter=80.pt,0.608984,0.608984,46557.0,43529.0,True,0.63402,0.63402,44352.0,41138.0,True,0.652662,1.474293908416748,43519.0,40436.0,True,0.652662,1.4834358834621906,43519.0,40436.0,True,0.405013,1.294527260888338,39547.0,36846.0,True,True,True,0.008169,3.0,8.0,158.36375427246094,72,1.0986123085021973,True,0.0587403774261474,-0.24764899999999995,-0.18890862257385255,-0.20397099999999996,0.6855432608883381,-3972.0,-3590.0,0.025036000000000058,0.018641999999999936,True,True,False
3,/home/sunshixin/chenchao/my_rlaf/runs/analysis/echosat_symmetry_grpo_v1_7_acceptance_iter=80_canonical_low_warmup_wc3_per_instance.csv,0,k9_color8,perm_seed1730,k9_color8_perm1730,complete_coloring,strong_symmetry,large,main,strong,72,549,10.0,5.0,/home/sunshixin/chenchao/my_rlaf/runs/GNN_Glucose_3SAT_EchoSAT_SymmetryGRPO_v1_7_WC1_PositiveCap/iter=80.pt,0.412336,0.412336,39708.0,36681.0,True,0.719415,0.719415,45794.0,42555.0,True,0.738116,1.559747908416748,45794.0,42555.0,True,0.738116,1.5685274209299087,45794.0,42555.0,True,0.400815,1.289966798356056,44352.0,41061.0,True,True,True,0.007763,3.0,10.0,157.64891052246094,72,1.0986123085021973,True,0.0587403774261474,-0.337301,-0.2785606225738526,-0.011521000000000003,0.8776307983560561,-1442.0,-1494.0,0.30707900000000005,0.018700999999999968,True,True,False
3,/home/sunshixin/chenchao/my_rlaf/runs/analysis/echosat_symmetry_grpo_v1_7_acceptance_iter=80_canonical_low_warmup_wc3_per_instance.csv,0,k9_color8,perm_seed1731,k9_color8_perm1731,complete_coloring,strong_symmetry,large,main,strong,72,549,10.0,5.0,/home/sunshixin/chenchao/my_rlaf/runs/GNN_Glucose_3SAT_EchoSAT_SymmetryGRPO_v1_7_WC1_PositiveCap/iter=80.pt,0.539786,0.539786,47177.0,43763.0,True,0.669854,0.669854,47579.0,44103.0,True,0.755497,0.9004736159057617,47579.0,44103.0,True,0.755497,0.9039739487009048,47579.0,44103.0,True,0.42366,0.6422482234201431,42307.0,39488.0,True,True,True,0.002511,3.0,8.0,158.0809783935547,72,1.0986123085021973,True,0.0701112747192382,-0.331837,-0.26172572528076166,-0.11612600000000001,0.1024622234201431,-5272.0,-4615.0,0.13006799999999996,0.08564300000000002,True,True,False
3,/home/sunshixin/chenchao/my_rlaf/runs/analysis/echosat_symmetry_grpo_v1_7_acceptance_iter=80_canonical_low_warmup_wc3_per_instance.csv,0,php_p10_h9,base,php_p10_h9,php,strong_symmetry,large,main,strong,90,775,10.0,5.0,/home/sunshixin/chenchao/my_rlaf/runs/GNN_Glucose_3SAT_EchoSAT_SymmetryGRPO_v1_7_WC1_PositiveCap/iter=80.pt,3.94431,3.94431,340861.0,314066.0,True,4.12883,4.12883,322229.0,299168.0,True,4.15398,4.2989566159057615,321840.0,298649.0,True,4.15398,4.305906886451363,321840.0,298649.0,True,3.83746,4.059498161170602,340002.0,317794.0,True,True,True,0.005972,3.0,9.0,195.45620727539065,90,1.0986123085021973,True,0.0701112747192382,-0.3165199999999997,-0.2464087252807614,-0.10685000000000011,0.1151881611706016,18162.0,19145.0,0.18451999999999957,0.025150000000000006,True,True,False
3,/home/sunshixin/chenchao/my_rlaf/runs/analysis/echosat_symmetry_grpo_v1_7_acceptance_iter=80_canonical_low_warmup_wc3_per_instance.csv,0,php_p10_h9,perm_seed1730,php_p10_h9_perm1730,php,strong_symmetry,large,main,strong,90,775,10.0,5.0,/home/sunshixin/chenchao/my_rlaf/runs/GNN_Glucose_3SAT_EchoSAT_SymmetryGRPO_v1_7_WC1_PositiveCap/iter=80.pt,4.65678,4.65678,413643.0,382655.0,True,4.235,4.235,283792.0,262594.0,True,4.49763,4.642606615905762,247778.0,229737.0,True,4.49763,4.651377417901516,247778.0,229737.0,True,3.64509,3.8689486926207546,333128.0,310050.0,True,True,True,0.007836,3.0,9.0,194.30953979492188,90,1.0986123085021973,True,0.0701112747192382,-0.8525399999999999,-0.7824287252807616,-1.0116900000000002,-0.7878313073792458,85350.0,80313.0,-0.42178000000000004,0.2626299999999997,True,True,True
3,/home/sunshixin/chenchao/my_rlaf/runs/analysis/echosat_symmetry_grpo_v1_7_acceptance_iter=80_canonical_low_warmup_wc3_per_instance.csv,0,php_p10_h9,perm_seed1731,php_p10_h9_perm1731,php,strong_symmetry,large,main,strong,90,775,10.0,5.0,/home/sunshixin/chenchao/my_rlaf/runs/GNN_Glucose_3SAT_EchoSAT_SymmetryGRPO_v1_7_WC1_PositiveCap/iter=80.pt,3.90358,3.90358,340033.0,312592.0,True,4.25211,4.25211,290369.0,269757.0,True,4.42732,4.572296615905762,290369.0,269757.0,True,4.42732,4.576596143401802,290369.0,269757.0,True,4.18704,4.40642741812104,331745.0,312573.0,True,True,True,0.003364,3.0,9.0,193.47189331054688,90,1.0986123085021973,True,0.0701112747192382,-0.24028000000000027,-0.170168725280762,0.2834599999999998,0.5028474181210401,41376.0,42816.0,0.34853000000000023,0.17520999999999987,True,False,False
3,/home/sunshixin/chenchao/my_rlaf/runs/analysis/echosat_symmetry_grpo_v1_7_acceptance_iter=80_canonical_low_warmup_wc3_per_instance.csv,0,php_p9_h8,base,php_p9_h8,php,strong_symmetry,large,main,strong,72,549,10.0,5.0,/home/sunshixin/chenchao/my_rlaf/runs/GNN_Glucose_3SAT_EchoSAT_SymmetryGRPO_v1_7_WC1_PositiveCap/iter=80.pt,0.638887,0.638887,46557.0,43529.0,True,0.690011,0.690011,44352.0,41138.0,True,0.653018,0.7979946159057617,43519.0,40436.0,True,0.653018,0.8023660183064342,43519.0,40436.0,True,0.415955,0.6354142930256724,39547.0,36846.0,True,True,True,0.003414,3.0,8.0,158.36375427246094,72,1.0986123085021973,True,0.0701112747192382,-0.23706299999999997,-0.16695172528076174,-0.22293199999999996,-0.003472706974327555,-3972.0,-3590.0,0.05112400000000006,-0.036993000000000054,True,True,True
3,/home/sunshixin/chenchao/my_rlaf/runs/analysis/echosat_symmetry_grpo_v1_7_acceptance_iter=80_canonical_low_warmup_wc3_per_instance.csv,0,php_p9_h8,perm_seed1730,php_p9_h8_perm1730,php,strong_symmetry,large,main,strong,72,549,10.0,5.0,/home/sunshixin/chenchao/my_rlaf/runs/GNN_Glucose_3SAT_EchoSAT_SymmetryGRPO_v1_7_WC1_PositiveCap/iter=80.pt,0.442002,0.442002,39708.0,36681.0,True,0.658052,0.658052,45794.0,42555.0,True,0.738831,0.8838076159057617,45794.0,42555.0,True,0.738831,0.8852626407008171,45794.0,42555.0,True,0.41659,0.6331329154200553,44352.0,41061.0,True,True,True,0.000492,3.0,10.0,157.64891052246094,72,1.0986123085021973,True,0.0701112747192382,-0.322241,-0.2521297252807617,-0.02541199999999999,0.19113091542005534,-1442.0,-1494.0,0.21604999999999996,0.08077900000000005,True,True,False
3,/home/sunshixin/chenchao/my_rlaf/runs/analysis/echosat_symmetry_grpo_v1_7_acceptance_iter=80_canonical_low_warmup_wc3_per_instance.csv,0,php_p9_h8,perm_seed1731,php_p9_h8_perm1731,php,strong_symmetry,large,main,strong,72,549,10.0,5.0,/home/sunshixin/chenchao/my_rlaf/runs/GNN_Glucose_3SAT_EchoSAT_SymmetryGRPO_v1_7_WC1_PositiveCap/iter=80.pt,0.563367,0.563367,47177.0,43763.0,True,0.682853,0.682853,47579.0,44103.0,True,0.752541,0.8975176159057617,47579.0,44103.0,True,0.752541,0.900967214839518,47579.0,44103.0,True,0.451587,0.6701244895587564,42307.0,39488.0,True,True,True,0.00255,3.0,8.0,158.0809783935547,72,1.0986123085021973,True,0.0701112747192382,-0.300954,-0.23084272528076166,-0.11177999999999993,0.10675748955875641,-5272.0,-4615.0,0.11948600000000009,0.06968799999999997,True,True,False
3,/home/sunshixin/chenchao/my_rlaf/runs/analysis/echosat_symmetry_grpo_v1_7_acceptance_iter=80_canonical_low_warmup_wc3_per_instance.csv,0,random_3sat_control_v160_c704_seed2615,base,random_3sat_control_v160_c704_seed2615,random_3sat_control,non_symmetric_control,large,control,none,160,704,10.0,5.0,/home/sunshixin/chenchao/my_rlaf/runs/GNN_Glucose_3SAT_EchoSAT_SymmetryGRPO_v1_7_WC1_PositiveCap/iter=80.pt,0.053945,0.053945,6771.0,5767.0,True,0.060422,0.060422,5702.0,4813.0,True,0.061323,0.2062996159057617,4859.0,4212.0,True,0.061323,0.2121185669836998,4859.0,4212.0,True,0.04611,0.2670168417029381,5183.0,4431.0,True,False,False,0.004783,3.0,22.0,360.5569458007813,160,1.0986123085021973,True,0.0701112747192382,-0.015213000000000004,0.054898274719238305,-0.007835000000000002,0.2130718417029381,324.0,219.0,0.006476999999999997,0.000901000000000006,True,True,False
3,/home/sunshixin/chenchao/my_rlaf/runs/analysis/echosat_symmetry_grpo_v1_7_acceptance_iter=80_canonical_low_warmup_wc3_per_instance.csv,0,random_3sat_control_v160_c704_seed2615,perm_seed1730,random_3sat_control_v160_c704_seed2615_perm1730,random_3sat_control,non_symmetric_control,large,control,none,160,704,10.0,5.0,/home/sunshixin/chenchao/my_rlaf/runs/GNN_Glucose_3SAT_EchoSAT_SymmetryGRPO_v1_7_WC1_PositiveCap/iter=80.pt,0.090584,0.090584,8522.0,7299.0,True,0.093628,0.093628,7934.0,6809.0,True,0.057605,0.2363564686584472,4602.0,4008.0,True,0.057605,0.2419297731003761,4602.0,4008.0,True,0.043017,0.3106683512406348,5196.0,4419.0,True,False,False,0.004516,3.0,22.0,363.3272399902344,160,1.0986123085021973,True,0.0833265781402587,-0.014588000000000004,0.06873857814025869,-0.047567,0.2200843512406348,594.0,411.0,0.003044000000000005,-0.036023,True,True,False
3,/home/sunshixin/chenchao/my_rlaf/runs/analysis/echosat_symmetry_grpo_v1_7_acceptance_iter=80_canonical_low_warmup_wc3_per_instance.csv,0,random_3sat_control_v160_c704_seed2615,perm_seed1731,random_3sat_control_v160_c704_seed2615_perm1731,random_3sat_control,non_symmetric_control,large,control,none,160,704,10.0,5.0,/home/sunshixin/chenchao/my_rlaf/runs/GNN_Glucose_3SAT_EchoSAT_SymmetryGRPO_v1_7_WC1_PositiveCap/iter=80.pt,0.04699,0.04699,5676.0,4847.0,True,0.099147,0.099147,8017.0,6851.0,True,0.050338,0.2290894686584472,4961.0,4384.0,True,0.050338,0.230612355834186,4961.0,4384.0,True,0.048306,0.3119069339744448,5272.0,4483.0,True,False,False,0.000501,3.0,22.0,364.4381408691406,160,1.0986123085021973,True,0.0833265781402587,-0.002031999999999999,0.08129457814025881,0.0013160000000000047,0.2649169339744448,311.0,99.0,0.052157,-0.048809,True,False,False
3,/home/sunshixin/chenchao/my_rlaf/runs/analysis/echosat_symmetry_grpo_v1_7_acceptance_iter=80_canonical_low_warmup_wc3_per_instance.csv,0,random_3sat_control_v180_c760_seed3301,base,random_3sat_control_v180_c760_seed3301,random_3sat_control,non_symmetric_control,large,control,none,180,760,10.0,5.0,/home/sunshixin/chenchao/my_rlaf/runs/GNN_Glucose_3SAT_EchoSAT_SymmetryGRPO_v1_7_WC1_PositiveCap/iter=80.pt,0.449861,0.449861,27442.0,23617.0,True,0.14579,0.14579,10470.0,8910.0,True,0.009093,0.1878444686584472,693.0,567.0,True,0.009093,0.1940914010554552,693.0,567.0,True,0.190856,0.459180979195714,15298.0,13270.0,True,False,False,0.005157,3.0,28.0,430.4636840820313,180,1.0986123085021973,True,0.0833265781402587,0.181763,0.2650895781402588,-0.25900500000000004,0.009319979195713979,14605.0,12703.0,-0.304071,-0.136697,False,True,False
3,/home/sunshixin/chenchao/my_rlaf/runs/analysis/echosat_symmetry_grpo_v1_7_acceptance_iter=80_canonical_low_warmup_wc3_per_instance.csv,0,random_3sat_control_v180_c760_seed3301,perm_seed1730,random_3sat_control_v180_c760_seed3301_perm1730,random_3sat_control,non_symmetric_control,large,control,none,180,760,10.0,5.0,/home/sunshixin/chenchao/my_rlaf/runs/GNN_Glucose_3SAT_EchoSAT_SymmetryGRPO_v1_7_WC1_PositiveCap/iter=80.pt,1.04463,1.04463,47649.0,41152.0,True,0.091313,0.091313,7421.0,6253.0,True,0.006378,0.1851294686584472,643.0,525.0,True,0.006378,0.1890308159444332,643.0,525.0,True,0.16106,0.427039394084692,13143.0,11385.0,True,False,False,0.002813,3.0,28.0,431.2578125,180,1.0986123085021973,True,0.0833265781402587,0.15468200000000001,0.2380085781402588,-0.88357,-0.617590605915308,12500.0,10860.0,-0.953317,-0.08493500000000001,False,True,True
3,/home/sunshixin/chenchao/my_rlaf/runs/analysis/echosat_symmetry_grpo_v1_7_acceptance_iter=80_canonical_low_warmup_wc3_per_instance.csv,0,random_3sat_control_v180_c760_seed3301,perm_seed1731,random_3sat_control_v180_c760_seed3301_perm1731,random_3sat_control,non_symmetric_control,large,control,none,180,760,10.0,5.0,/home/sunshixin/chenchao/my_rlaf/runs/GNN_Glucose_3SAT_EchoSAT_SymmetryGRPO_v1_7_WC1_PositiveCap/iter=80.pt,0.464531,0.464531,27197.0,23469.0,True,0.126902,0.126902,9011.0,7714.0,True,0.009334,0.1880854686584472,590.0,484.0,True,0.009334,0.1901118024827242,590.0,484.0,True,0.181383,0.445487380622983,14239.0,12341.0,True,False,False,0.000963,3.0,28.0,430.8958129882813,180,1.0986123085021973,True,0.0833265781402587,0.17204899999999998,0.2553755781402588,-0.28314800000000007,-0.01904361937701704,13649.0,11857.0,-0.33762900000000007,-0.11756799999999999,False,True,True
3,/home/sunshixin/chenchao/my_rlaf/runs/analysis/echosat_symmetry_grpo_v1_7_acceptance_iter=80_canonical_low_warmup_wc3_per_instance.csv,0,random_3sat_control_v220_c928_seed3303,base,random_3sat_control_v220_c928_seed3303,random_3sat_control,non_symmetric_control,large,control,none,220,928,10.0,5.0,/home/sunshixin/chenchao/my_rlaf/runs/GNN_Glucose_3SAT_EchoSAT_SymmetryGRPO_v1_7_WC1_PositiveCap/iter=80.pt,0.704275,0.704275,30277.0,25994.0,True,0.500096,0.500096,22265.0,19025.0,True,0.002119,0.1808704686584472,62.0,4.0,True,0.002119,0.1820778007852435,62.0,4.0,True,0.00983,0.2731153789255023,417.0,310.0,True,False,False,0.0,3.0,39.0,455.798828125,220,1.0986123085021973,True,0.0833265781402587,0.007711000000000001,0.09103757814025881,-0.694445,-0.4311596210744977,355.0,306.0,-0.204179,-0.497977,False,True,True
3,/home/sunshixin/chenchao/my_rlaf/runs/analysis/echosat_symmetry_grpo_v1_7_acceptance_iter=80_canonical_low_warmup_wc3_per_instance.csv,0,random_3sat_control_v220_c928_seed3303,perm_seed1730,random_3sat_control_v220_c928_seed3303_perm1730,random_3sat_control,non_symmetric_control,large,control,none,220,928,10.0,5.0,/home/sunshixin/chenchao/my_rlaf/runs/GNN_Glucose_3SAT_EchoSAT_SymmetryGRPO_v1_7_WC1_PositiveCap/iter=80.pt,1.43238,1.43238,52742.0,45477.0,True,0.204669,0.204669,13039.0,11071.0,True,0.005181,0.1839324686584472,62.0,4.0,True,0.005181,0.1879899538410901,62.0,4.0,True,0.003049,0.269184531981349,309.0,219.0,True,False,False,0.002961,3.0,39.0,453.5053405761719,220,1.0986123085021973,True,0.0833265781402587,-0.0021319999999999998,0.0811945781402589,-1.429331,-1.163195468018651,247.0,215.0,-1.227711,-0.199488,True,True,True
3,/home/sunshixin/chenchao/my_rlaf/runs/analysis/echosat_symmetry_grpo_v1_7_acceptance_iter=80_canonical_low_warmup_wc3_per_instance.csv,0,random_3sat_control_v220_c928_seed3303,perm_seed1731,random_3sat_control_v220_c928_seed3303_perm1731,random_3sat_control,non_symmetric_control,large,control,none,220,928,10.0,5.0,/home/sunshixin/chenchao/my_rlaf/runs/GNN_Glucose_3SAT_EchoSAT_SymmetryGRPO_v1_7_WC1_PositiveCap/iter=80.pt,0.056725,0.056725,4930.0,4147.0,True,0.358236,0.358236,19684.0,16814.0,True,0.003584,0.1823354686584472,63.0,4.0,True,0.003584,0.1892197139622569,63.0,4.0,True,0.006825,0.2757872921025157,434.0,307.0,True,False,False,0.005674,3.0,39.0,458.748046875,220,1.0986123085021973,True,0.0833265781402587,0.0032410000000000004,0.08656757814025878,-0.0499,0.21906229210251568,371.0,303.0,0.301511,-0.354652,False,True,False
3,/home/sunshixin/chenchao/my_rlaf/runs/analysis/echosat_symmetry_grpo_v1_7_acceptance_iter=80_canonical_low_warmup_wc3_per_instance.csv,0,random_3sat_control_v220_c942_seed3304,base,random_3sat_control_v220_c942_seed3304,random_3sat_control,non_symmetric_control,large,control,none,220,942,10.0,5.0,/home/sunshixin/chenchao/my_rlaf/runs/GNN_Glucose_3SAT_EchoSAT_SymmetryGRPO_v1_7_WC1_PositiveCap/iter=80.pt,0.749969,0.749969,35472.0,30813.0,True,1.17833,1.17833,41376.0,36046.0,True,0.479072,0.8233727469177246,26754.0,23980.0,True,0.479072,0.8276586905242801,26754.0,23980.0,True,0.680784,1.1225372802612186,41582.0,37253.0,True,False,False,0.003161,3.0,26.0,416.5282897949219,220,1.0986123085021973,True,0.0931665897369384,0.20171199999999995,0.2948785897369385,-0.06918500000000005,0.3725682802612186,14828.0,13273.0,0.4283610000000001,-0.6992580000000002,False,True,False
3,/home/sunshixin/chenchao/my_rlaf/runs/analysis/echosat_symmetry_grpo_v1_7_acceptance_iter=80_canonical_low_warmup_wc3_per_instance.csv,0,random_3sat_control_v220_c942_seed3304,perm_seed1730,random_3sat_control_v220_c942_seed3304_perm1730,random_3sat_control,non_symmetric_control,large,control,none,220,942,10.0,5.0,/home/sunshixin/chenchao/my_rlaf/runs/GNN_Glucose_3SAT_EchoSAT_SymmetryGRPO_v1_7_WC1_PositiveCap/iter=80.pt,0.670083,0.670083,34825.0,30052.0,True,0.609826,0.609826,33221.0,28818.0,True,0.535932,0.8802327469177246,26445.0,23804.0,True,0.535932,0.8872673656722307,26445.0,23804.0,True,0.594863,1.0393649554091693,40651.0,36413.0,True,False,False,0.005917,3.0,26.0,423.32037353515625,220,1.0986123085021973,True,0.0931665897369384,0.05893100000000007,0.15209758973693854,-0.07521999999999995,0.3692819554091693,14206.0,12609.0,-0.060257000000000005,-0.07389400000000002,False,True,False
3,/home/sunshixin/chenchao/my_rlaf/runs/analysis/echosat_symmetry_grpo_v1_7_acceptance_iter=80_canonical_low_warmup_wc3_per_instance.csv,0,random_3sat_control_v220_c942_seed3304,perm_seed1731,random_3sat_control_v220_c942_seed3304_perm1731,random_3sat_control,non_symmetric_control,large,control,none,220,942,10.0,5.0,/home/sunshixin/chenchao/my_rlaf/runs/GNN_Glucose_3SAT_EchoSAT_SymmetryGRPO_v1_7_WC1_PositiveCap/iter=80.pt,0.716921,0.716921,38737.0,33758.0,True,0.804816,0.804816,38909.0,33544.0,True,0.497945,0.8422457469177247,26149.0,23448.0,True,0.497945,0.8470042890328765,26149.0,23448.0,True,0.557781,1.0000068787698149,40689.0,36494.0,True,False,False,0.003646,3.0,26.0,418.775390625,220,1.0986123085021973,True,0.0931665897369384,0.059835999999999945,0.15300258973693837,-0.15914000000000006,0.28308587876981484,14540.0,13046.0,0.08789499999999995,-0.30687099999999995,False,True,False
3,/home/sunshixin/chenchao/my_rlaf/runs/analysis/echosat_symmetry_grpo_v1_7_acceptance_iter=80_canonical_low_warmup_wc3_per_instance.csv,0,random_3sat_control_v260_c1097_seed3305,base,random_3sat_control_v260_c1097_seed3305,random_3sat_control,non_symmetric_control,large,control,none,260,1097,10.0,5.0,/home/sunshixin/chenchao/my_rlaf/runs/GNN_Glucose_3SAT_EchoSAT_SymmetryGRPO_v1_7_WC1_PositiveCap/iter=80.pt,6.78709,6.78709,216854.0,188499.0,True,2.29128,2.29128,73626.0,64181.0,True,1.64722,1.9915207469177243,60642.0,54350.0,True,1.64722,1.9962283215026255,60642.0,54350.0,True,0.923447,1.3656219112395644,51164.0,45305.0,True,False,False,0.003367,3.0,35.0,492.83697509765625,260,1.0986123085021973,True,0.0931665897369384,-0.7237729999999999,-0.6306064102630611,-5.863643,-5.421468088760435,-9478.0,-9045.0,-4.4958100000000005,-0.6440600000000001,True,True,True
3,/home/sunshixin/chenchao/my_rlaf/runs/analysis/echosat_symmetry_grpo_v1_7_acceptance_iter=80_canonical_low_warmup_wc3_per_instance.csv,0,random_3sat_control_v260_c1097_seed3305,perm_seed1730,random_3sat_control_v260_c1097_seed3305_perm1730,random_3sat_control,non_symmetric_control,large,control,none,260,1097,10.0,5.0,/home/sunshixin/chenchao/my_rlaf/runs/GNN_Glucose_3SAT_EchoSAT_SymmetryGRPO_v1_7_WC1_PositiveCap/iter=80.pt,7.28114,7.28114,224505.0,195557.0,True,0.602623,0.602623,27246.0,23387.0,True,1.61301,1.9573107469177249,60686.0,54724.0,True,1.61301,1.9624520312457088,60686.0,54724.0,True,0.840878,1.283486620982647,47274.0,41559.0,True,False,False,0.003943,3.0,35.0,494.8829650878906,260,1.0986123085021973,True,0.0931665897369384,-0.772132,-0.6789654102630618,-6.440262,-5.997653379017352,-13412.0,-13165.0,-6.678516999999999,1.0103870000000001,True,True,True
3,/home/sunshixin/chenchao/my_rlaf/runs/analysis/echosat_symmetry_grpo_v1_7_acceptance_iter=80_canonical_low_warmup_wc3_per_instance.csv,0,random_3sat_control_v260_c1097_seed3305,perm_seed1731,random_3sat_control_v260_c1097_seed3305_perm1731,random_3sat_control,non_symmetric_control,large,control,none,260,1097,10.0,5.0,/home/sunshixin/chenchao/my_rlaf/runs/GNN_Glucose_3SAT_EchoSAT_SymmetryGRPO_v1_7_WC1_PositiveCap/iter=80.pt,3.94018,3.94018,105916.0,92052.0,True,5.548,5.548,162997.0,142194.0,True,1.13552,1.4798207469177247,48534.0,43247.0,True,1.13552,1.488286725501001,48534.0,43247.0,True,0.760834,1.2067673152379397,40383.0,35647.0,True,False,False,0.007273,3.0,35.0,493.7220764160156,260,1.0986123085021973,True,0.0931665897369384,-0.3746860000000001,-0.2815194102630614,-3.179346,-2.73341268476206,-8151.0,-7600.0,1.6078200000000002,-4.41248,True,True,True
3,/home/sunshixin/chenchao/my_rlaf/runs/analysis/echosat_symmetry_grpo_v1_7_acceptance_iter=80_canonical_low_warmup_wc3_per_instance.csv,0,random_3sat_control_v260_c1113_seed3306,base,random_3sat_control_v260_c1113_seed3306,random_3sat_control,non_symmetric_control,large,control,none,260,1113,10.0,5.0,/home/sunshixin/chenchao/my_rlaf/runs/GNN_Glucose_3SAT_EchoSAT_SymmetryGRPO_v1_7_WC1_PositiveCap/iter=80.pt,5.57561,5.57561,178146.0,155541.0,True,6.31149,6.31149,186876.0,163308.0,True,6.54216,6.886460746917725,226200.0,205404.0,True,6.54216,6.895043516072035,226200.0,205404.0,True,6.54711,6.993160105808974,259876.0,229090.0,True,False,False,0.007405,3.0,34.0,480.0674743652344,260,0.6931471824645996,True,0.0931665897369384,0.00495000000000001,0.09811658973693849,0.9714999999999998,1.4175501058089734,33676.0,23686.0,0.7358799999999999,0.23066999999999993,False,False,False
3,/home/sunshixin/chenchao/my_rlaf/runs/analysis/echosat_symmetry_grpo_v1_7_acceptance_iter=80_canonical_low_warmup_wc3_per_instance.csv,0,random_3sat_control_v260_c1113_seed3306,perm_seed1730,random_3sat_control_v260_c1113_seed3306_perm1730,random_3sat_control,non_symmetric_control,large,control,none,260,1113,10.0,5.0,/home/sunshixin/chenchao/my_rlaf/runs/GNN_Glucose_3SAT_EchoSAT_SymmetryGRPO_v1_7_WC1_PositiveCap/iter=80.pt,5.07545,5.07545,171334.0,149746.0,True,7.29279,7.29279,206936.0,180741.0,True,5.89696,6.241260746917725,206101.0,186162.0,True,5.89696,6.246709999821186,206101.0,186162.0,True,6.30832,6.751236589558125,258525.0,228633.0,True,False,False,0.00425,3.0,34.0,478.7396240234375,260,0.6931471824645996,True,0.0931665897369384,0.41136000000000017,0.5045265897369386,1.2328700000000001,1.6757865895581245,52424.0,42471.0,2.21734,-1.3958300000000001,False,False,False
3,/home/sunshixin/chenchao/my_rlaf/runs/analysis/echosat_symmetry_grpo_v1_7_acceptance_iter=80_canonical_low_warmup_wc3_per_instance.csv,0,random_3sat_control_v260_c1113_seed3306,perm_seed1731,random_3sat_control_v260_c1113_seed3306_perm1731,random_3sat_control,non_symmetric_control,large,control,none,260,1113,10.0,5.0,/home/sunshixin/chenchao/my_rlaf/runs/GNN_Glucose_3SAT_EchoSAT_SymmetryGRPO_v1_7_WC1_PositiveCap/iter=80.pt,6.38691,6.38691,202621.0,177648.0,True,7.03973,7.03973,214985.0,187707.0,True,6.12943,6.437372390441895,217745.0,196903.0,True,6.12943,6.44696632428801,217745.0,196903.0,True,6.47421,6.857260888802171,264004.0,232751.0,True,False,False,0.008436,3.0,34.0,481.5274658203125,260,0.6931471824645996,True,0.0655145645141601,0.3447800000000001,0.41029456451416024,0.08729999999999993,0.47035088880217035,46259.0,35848.0,0.6528199999999993,-0.9102999999999994,False,False,False
3,/home/sunshixin/chenchao/my_rlaf/runs/analysis/echosat_symmetry_grpo_v1_7_acceptance_iter=80_canonical_low_warmup_wc3_per_instance.csv,0,random_3sat_control_v300_c1266_seed3307,base,random_3sat_control_v300_c1266_seed3307,random_3sat_control,non_symmetric_control,large,control,none,300,1266,10.0,5.0,/home/sunshixin/chenchao/my_rlaf/runs/GNN_Glucose_3SAT_EchoSAT_SymmetryGRPO_v1_7_WC1_PositiveCap/iter=80.pt,0.21307,0.21307,12894.0,10895.0,True,2.48687,2.48687,71356.0,61376.0,True,0.01075,0.3186923904418945,288.0,182.0,True,0.01075,0.3263478241742253,288.0,182.0,True,0.04018,0.4212923886883855,2222.0,1740.0,True,False,False,0.006436,3.0,48.0,628.0397338867188,300,1.0986123085021973,True,0.0655145645141601,0.02943,0.09494456451416017,-0.17289000000000002,0.20822238868838547,1934.0,1558.0,2.2738,-2.4761200000000003,False,True,False
3,/home/sunshixin/chenchao/my_rlaf/runs/analysis/echosat_symmetry_grpo_v1_7_acceptance_iter=80_canonical_low_warmup_wc3_per_instance.csv,0,random_3sat_control_v300_c1266_seed3307,perm_seed1730,random_3sat_control_v300_c1266_seed3307_perm1730,random_3sat_control,non_symmetric_control,large,control,none,300,1266,10.0,5.0,/home/sunshixin/chenchao/my_rlaf/runs/GNN_Glucose_3SAT_EchoSAT_SymmetryGRPO_v1_7_WC1_PositiveCap/iter=80.pt,1.27923,1.27923,43103.0,37339.0,True,2.0718,2.0718,63498.0,54506.0,True,0.013338,0.3212803904418945,321.0,205.0,True,0.013338,0.329123629378736,321.0,205.0,True,0.046859,0.4281591938928961,2895.0,2378.0,True,False,False,0.006613,3.0,48.0,619.230712890625,300,1.0986123085021973,True,0.0655145645141601,0.033520999999999995,0.09903556451416007,-1.232371,-0.851070806107104,2574.0,2173.0,0.79257,-2.058462,False,True,True
3,/home/sunshixin/chenchao/my_rlaf/runs/analysis/echosat_symmetry_grpo_v1_7_acceptance_iter=80_canonical_low_warmup_wc3_per_instance.csv,0,random_3sat_control_v300_c1266_seed3307,perm_seed1731,random_3sat_control_v300_c1266_seed3307_perm1731,random_3sat_control,non_symmetric_control,large,control,none,300,1266,10.0,5.0,/home/sunshixin/chenchao/my_rlaf/runs/GNN_Glucose_3SAT_EchoSAT_SymmetryGRPO_v1_7_WC1_PositiveCap/iter=80.pt,2.09566,2.09566,66962.0,57424.0,True,0.108506,0.108506,7524.0,6304.0,True,0.013626,0.3215683904418945,375.0,247.0,True,0.013626,0.3272832427580356,375.0,247.0,True,0.04772,0.4268918072721958,2790.0,2244.0,True,False,False,0.004501,3.0,48.0,626.5236206054688,300,1.0986123085021973,True,0.0655145645141601,0.034094,0.09960856451416017,-2.04794,-1.6687681927278044,2415.0,1997.0,-1.987154,-0.09488,False,True,True
3,/home/sunshixin/chenchao/my_rlaf/runs/analysis/echosat_symmetry_grpo_v1_7_acceptance_iter=80_canonical_low_warmup_wc3_per_instance.csv,0,subset_cardinality_bw10,base,subset_cardinality_bw10,subset_cardinality,weak_symmetry,large,main,weak,41,92,10.0,5.0,/home/sunshixin/chenchao/my_rlaf/runs/GNN_Glucose_3SAT_EchoSAT_SymmetryGRPO_v1_7_WC1_PositiveCap/iter=80.pt,0.001847,0.001847,193.0,141.0,True,0.002018,0.002018,237.0,193.0,True,0.003507,0.3114493904418945,162.0,142.0,True,0.003507,0.3139105787233114,162.0,142.0,True,0.003323,0.3792411432374716,188.0,155.0,True,True,True,0.001554,3.0,8.0,94.86821746826172,41,1.0986123085021973,True,0.0655145645141601,-0.00018400000000000014,0.0653305645141602,0.001476,0.3773941432374716,26.0,13.0,0.00017099999999999993,0.0014890000000000003,True,False,False
3,/home/sunshixin/chenchao/my_rlaf/runs/analysis/echosat_symmetry_grpo_v1_7_acceptance_iter=80_canonical_low_warmup_wc3_per_instance.csv,0,subset_cardinality_bw10,perm_seed1730,subset_cardinality_bw10_perm1730,subset_cardinality,weak_symmetry,large,main,weak,41,92,10.0,5.0,/home/sunshixin/chenchao/my_rlaf/runs/GNN_Glucose_3SAT_EchoSAT_SymmetryGRPO_v1_7_WC1_PositiveCap/iter=80.pt,0.001777,0.001777,218.0,167.0,True,0.001723,0.001723,221.0,169.0,True,0.001943,0.3098853904418945,156.0,137.0,True,0.001943,0.3129205218180417,156.0,137.0,True,0.002211,0.3787030863322019,176.0,143.0,True,True,True,0.002171,3.0,10.0,98.69181823730467,41,1.0986123085021973,True,0.0655145645141601,0.0002679999999999998,0.0657825645141602,0.0004339999999999999,0.3769260863322019,20.0,6.0,-5.400000000000001e-05,0.00022000000000000014,False,False,False
3,/home/sunshixin/chenchao/my_rlaf/runs/analysis/echosat_symmetry_grpo_v1_7_acceptance_iter=80_canonical_low_warmup_wc3_per_instance.csv,0,subset_cardinality_bw10,perm_seed1731,subset_cardinality_bw10_perm1731,subset_cardinality,weak_symmetry,large,main,weak,41,92,10.0,5.0,/home/sunshixin/chenchao/my_rlaf/runs/GNN_Glucose_3SAT_EchoSAT_SymmetryGRPO_v1_7_WC1_PositiveCap/iter=80.pt,0.001372,0.001372,202.0,147.0,True,0.004352,0.004352,247.0,155.0,True,0.001715,0.3096573904418945,203.0,164.0,True,0.001715,0.3105201807135344,203.0,164.0,True,0.0,0.3743197452276945,214.0,153.0,True,True,True,0.0,3.0,7.0,87.48927307128906,41,1.0986123085021973,True,0.0655145645141601,-0.001715,0.06379956451416013,-0.001372,0.3729477452276945,11.0,-11.0,0.00298,-0.002637,True,True,False
3,/home/sunshixin/chenchao/my_rlaf/runs/analysis/echosat_symmetry_grpo_v1_7_acceptance_iter=80_canonical_low_warmup_wc3_per_instance.csv,0,subset_cardinality_bw12,base,subset_cardinality_bw12,subset_cardinality,weak_symmetry,large,main,weak,49,108,10.0,5.0,/home/sunshixin/chenchao/my_rlaf/runs/GNN_Glucose_3SAT_EchoSAT_SymmetryGRPO_v1_7_WC1_PositiveCap/iter=80.pt,0.001974,0.001974,442.0,342.0,True,0.002899,0.002899,491.0,414.0,True,0.00058,0.3085223904418945,384.0,312.0,True,0.00058,0.3109385995105505,384.0,312.0,True,0.000602,0.3764751640247106,425.0,309.0,True,True,True,0.001531,3.0,12.0,104.73371887207033,49,0.6931471824645996,True,0.0655145645141601,2.1999999999999993e-05,0.06553656451416012,-0.001372,0.3745011640247106,41.0,-3.0,0.000925,-0.002319,False,True,False
3,/home/sunshixin/chenchao/my_rlaf/runs/analysis/echosat_symmetry_grpo_v1_7_acceptance_iter=80_canonical_low_warmup_wc3_per_instance.csv,0,subset_cardinality_bw12,perm_seed1730,subset_cardinality_bw12_perm1730,subset_cardinality,weak_symmetry,large,main,weak,49,108,10.0,5.0,/home/sunshixin/chenchao/my_rlaf/runs/GNN_Glucose_3SAT_EchoSAT_SymmetryGRPO_v1_7_WC1_PositiveCap/iter=80.pt,0.001933,0.001933,440.0,329.0,True,0.0,0.0,397.0,314.0,True,0.002681,0.046560747390747,343.0,268.0,True,0.002681,0.0486229427300095,343.0,268.0,True,0.005147,0.0809553997154831,388.0,311.0,True,True,True,0.001176,3.0,9.0,101.82083892822266,49,1.0986123085021973,True,0.0298664569854736,0.002466,0.0323324569854736,0.003214,0.0790223997154831,45.0,43.0,-0.001933,0.002681,False,False,False
3,/home/sunshixin/chenchao/my_rlaf/runs/analysis/echosat_symmetry_grpo_v1_7_acceptance_iter=80_canonical_low_warmup_wc3_per_instance.csv,0,subset_cardinality_bw12,perm_seed1731,subset_cardinality_bw12_perm1731,subset_cardinality,weak_symmetry,large,main,weak,49,108,10.0,5.0,/home/sunshixin/chenchao/my_rlaf/runs/GNN_Glucose_3SAT_EchoSAT_SymmetryGRPO_v1_7_WC1_PositiveCap/iter=80.pt,0.00174,0.00174,393.0,297.0,True,0.002703,0.002703,439.0,311.0,True,0.002095,0.045974747390747,363.0,285.0,True,0.002095,0.0486885813159346,363.0,285.0,True,0.003299,0.0797590383014082,348.0,296.0,True,True,True,0.001836,3.0,11.0,104.3914794921875,49,1.0986123085021973,True,0.0298664569854736,0.0012039999999999998,0.031070456985473595,0.0015589999999999998,0.07801903830140819,-15.0,11.0,0.0009630000000000001,-0.000608,False,False,False
3,/home/sunshixin/chenchao/my_rlaf/runs/analysis/echosat_symmetry_grpo_v1_7_acceptance_iter=80_canonical_low_warmup_wc3_per_instance.csv,0,subset_cardinality_bw8,base,subset_cardinality_bw8,subset_cardinality,weak_symmetry,medium,main,weak,33,76,10.0,5.0,/home/sunshixin/chenchao/my_rlaf/runs/GNN_Glucose_3SAT_EchoSAT_SymmetryGRPO_v1_7_WC1_PositiveCap/iter=80.pt,0.000925,0.000925,89.0,67.0,True,0.000433,0.000433,106.0,76.0,True,0.001598,0.045477747390747,84.0,69.0,True,0.001598,0.0479982576019763,84.0,69.0,True,0.0,0.07626671458745,94.0,76.0,True,True,True,0.001684,3.0,13.0,75.20963287353516,33,1.0986123085021973,True,0.0298664569854736,-0.001598,0.028268456985473707,-0.000925,0.07534171458745001,10.0,7.0,-0.000492,0.001165,True,True,False
3,/home/sunshixin/chenchao/my_rlaf/runs/analysis/echosat_symmetry_grpo_v1_7_acceptance_iter=80_canonical_low_warmup_wc3_per_instance.csv,0,subset_cardinality_bw8,perm_seed1730,subset_cardinality_bw8_perm1730,subset_cardinality,weak_symmetry,medium,main,weak,33,76,10.0,5.0,/home/sunshixin/chenchao/my_rlaf/runs/GNN_Glucose_3SAT_EchoSAT_SymmetryGRPO_v1_7_WC1_PositiveCap/iter=80.pt,0.000925,0.000925,110.0,76.0,True,0.000763,0.000763,127.0,80.0,True,0.0,0.043879747390747,100.0,79.0,True,0.0,0.0469198286550045,100.0,79.0,True,0.001817,0.0786032856404781,119.0,76.0,True,True,True,0.002183,3.0,15.0,80.51530456542969,33,1.0986123085021973,True,0.0298664569854736,0.001817,0.0316834569854736,0.000892,0.0776782856404781,19.0,-3.0,-0.00016200000000000003,-0.000763,False,False,False
3,/home/sunshixin/chenchao/my_rlaf/runs/analysis/echosat_symmetry_grpo_v1_7_acceptance_iter=80_canonical_low_warmup_wc3_per_instance.csv,0,subset_cardinality_bw8,perm_seed1731,subset_cardinality_bw8_perm1731,subset_cardinality,weak_symmetry,medium,main,weak,33,76,10.0,5.0,/home/sunshixin/chenchao/my_rlaf/runs/GNN_Glucose_3SAT_EchoSAT_SymmetryGRPO_v1_7_WC1_PositiveCap/iter=80.pt,0.000919,0.000919,91.0,70.0,True,0.000417,0.000417,102.0,79.0,True,0.001502,0.045381747390747,81.0,70.0,True,0.001502,0.048004779687643,81.0,70.0,True,0.003216,0.0795852366731166,91.0,76.0,True,True,True,0.001745,3.0,12.0,79.57261657714844,33,1.0986123085021973,True,0.0298664569854736,0.001714,0.03158045698547359,0.002297,0.07866623667311659,10.0,6.0,-0.0005020000000000001,0.001085,False,False,False
3,/home/sunshixin/chenchao/my_rlaf/runs/analysis/echosat_symmetry_grpo_v1_7_acceptance_iter=80_canonical_low_warmup_wc3_per_instance.csv,1,k10_color9,base,k10_color9,complete_coloring,strong_symmetry,large,main,strong,90,775,10.0,5.0,/home/sunshixin/chenchao/my_rlaf/runs/GNN_Glucose_3SAT_EchoSAT_SymmetryGRPO_v1_7_WC1_PositiveCap/iter=80.pt,4.22928,4.22928,340861.0,314066.0,True,4.34177,4.34177,322229.0,299168.0,True,4.15843,5.642456908874512,321840.0,298649.0,True,4.15843,5.656695304358423,321840.0,298649.0,True,3.82891,5.3844801635198,340002.0,317794.0,True,True,True,0.009297,3.0,9.0,195.45620727539065,90,1.0986123085021973,True,0.0573048591613769,-0.32952000000000004,-0.27221514083862264,-0.4003700000000001,1.1552001635198001,18162.0,19145.0,0.1124900000000002,-0.18334000000000028,True,True,False
3,/home/sunshixin/chenchao/my_rlaf/runs/analysis/echosat_symmetry_grpo_v1_7_acceptance_iter=80_canonical_low_warmup_wc3_per_instance.csv,1,k10_color9,perm_seed1730,k10_color9_perm1730,complete_coloring,strong_symmetry,large,main,strong,90,775,10.0,5.0,/home/sunshixin/chenchao/my_rlaf/runs/GNN_Glucose_3SAT_EchoSAT_SymmetryGRPO_v1_7_WC1_PositiveCap/iter=80.pt,4.96932,4.96932,413643.0,382655.0,True,4.38083,4.38083,283792.0,262594.0,True,3.91832,5.402346908874511,247778.0,229737.0,True,3.91832,5.407848646187782,247778.0,229737.0,True,3.70481,5.25164350534916,333128.0,310050.0,True,True,True,0.003705,3.0,9.0,194.30953979492188,90,1.0986123085021973,True,0.0573048591613769,-0.21350999999999987,-0.15620514083862158,-1.2645099999999996,0.2823235053491606,85350.0,80313.0,-0.5884900000000002,-0.46250999999999953,True,True,False
3,/home/sunshixin/chenchao/my_rlaf/runs/analysis/echosat_symmetry_grpo_v1_7_acceptance_iter=80_canonical_low_warmup_wc3_per_instance.csv,1,k10_color9,perm_seed1731,k10_color9_perm1731,complete_coloring,strong_symmetry,large,main,strong,90,775,10.0,5.0,/home/sunshixin/chenchao/my_rlaf/runs/GNN_Glucose_3SAT_EchoSAT_SymmetryGRPO_v1_7_WC1_PositiveCap/iter=80.pt,4.07561,4.07561,340033.0,312592.0,True,3.90351,3.90351,290369.0,269757.0,True,4.45069,5.934716908874512,290369.0,269757.0,True,4.45069,5.944054778514087,290369.0,269757.0,True,4.34704,5.897709637675463,331745.0,312573.0,True,True,True,0.007653,3.0,9.0,193.47189331054688,90,1.0986123085021973,True,0.0573048591613769,-0.10365000000000002,-0.046345140838623955,0.2714299999999996,1.8220996376754632,41376.0,42816.0,-0.17210000000000036,0.54718,True,False,False
3,/home/sunshixin/chenchao/my_rlaf/runs/analysis/echosat_symmetry_grpo_v1_7_acceptance_iter=80_canonical_low_warmup_wc3_per_instance.csv,1,k8_color7,base,k8_color7,complete_coloring,strong_symmetry,large,main,strong,56,372,10.0,5.0,/home/sunshixin/chenchao/my_rlaf/runs/GNN_Glucose_3SAT_EchoSAT_SymmetryGRPO_v1_7_WC1_PositiveCap/iter=80.pt,0.046659,0.046659,6158.0,5600.0,True,0.035991,0.035991,5946.0,5440.0,True,0.042184,1.5262109088745115,5946.0,5440.0,True,0.042184,1.5308900969253778,5946.0,5440.0,True,0.03254,1.5785509560867548,5490.0,5053.0,True,True,True,0.003099,3.0,7.0,125.01708984375,56,1.0986123085021973,True,0.0573048591613769,-0.009644,0.04766085916137697,-0.014119,1.5318919560867548,-456.0,-387.0,-0.010667999999999997,0.006192999999999997,True,True,False
3,/home/sunshixin/chenchao/my_rlaf/runs/analysis/echosat_symmetry_grpo_v1_7_acceptance_iter=80_canonical_low_warmup_wc3_per_instance.csv,1,k8_color7,perm_seed1730,k8_color7_perm1730,complete_coloring,strong_symmetry,large,main,strong,56,372,10.0,5.0,/home/sunshixin/chenchao/my_rlaf/runs/GNN_Glucose_3SAT_EchoSAT_SymmetryGRPO_v1_7_WC1_PositiveCap/iter=80.pt,0.046721,0.046721,6138.0,5624.0,True,0.042603,0.042603,6264.0,5696.0,True,0.050482,1.5345089088745116,6264.0,5696.0,True,0.050482,1.540742048828423,6264.0,5696.0,True,0.039269,1.5868339079898,5686.0,5200.0,True,True,True,0.00464,3.0,7.0,125.1129913330078,56,1.0986123085021973,True,0.0573048591613769,-0.011213,0.046091859161377036,-0.007452,1.5401129079898,-578.0,-496.0,-0.004117999999999997,0.007878999999999997,True,True,False
3,/home/sunshixin/chenchao/my_rlaf/runs/analysis/echosat_symmetry_grpo_v1_7_acceptance_iter=80_canonical_low_warmup_wc3_per_instance.csv,1,k8_color7,perm_seed1731,k8_color7_perm1731,complete_coloring,strong_symmetry,large,main,strong,56,372,10.0,5.0,/home/sunshixin/chenchao/my_rlaf/runs/GNN_Glucose_3SAT_EchoSAT_SymmetryGRPO_v1_7_WC1_PositiveCap/iter=80.pt,0.037838,0.037838,5800.0,5271.0,True,0.050357,0.050357,6148.0,5641.0,True,0.056417,1.5404439088745117,6148.0,5641.0,True,0.056417,1.5419920827118754,6148.0,5641.0,True,0.036399,1.5792789418732525,6065.0,5554.0,True,True,True,0.0,3.0,7.0,125.51768493652344,56,1.0986123085021973,True,0.0573048591613769,-0.020018,0.037286859161377084,-0.0014389999999999958,1.5414409418732524,-83.0,-87.0,0.012519000000000002,0.006060000000000003,True,True,False
3,/home/sunshixin/chenchao/my_rlaf/runs/analysis/echosat_symmetry_grpo_v1_7_acceptance_iter=80_canonical_low_warmup_wc3_per_instance.csv,1,k9_color8,base,k9_color8,complete_coloring,strong_symmetry,large,main,strong,72,549,10.0,5.0,/home/sunshixin/chenchao/my_rlaf/runs/GNN_Glucose_3SAT_EchoSAT_SymmetryGRPO_v1_7_WC1_PositiveCap/iter=80.pt,0.626779,0.626779,46557.0,43529.0,True,0.813794,0.813794,44352.0,41138.0,True,0.583322,2.067348908874512,43519.0,40436.0,True,0.583322,2.073544371035576,43519.0,40436.0,True,0.435841,1.9833682301969529,39547.0,36846.0,True,True,True,0.004606,3.0,8.0,158.36375427246094,72,1.0986123085021973,True,0.0573048591613769,-0.14748100000000003,-0.09017614083862324,-0.190938,1.3565892301969529,-3972.0,-3590.0,0.18701500000000004,-0.230472,True,True,False
3,/home/sunshixin/chenchao/my_rlaf/runs/analysis/echosat_symmetry_grpo_v1_7_acceptance_iter=80_canonical_low_warmup_wc3_per_instance.csv,1,k9_color8,perm_seed1730,k9_color8_perm1730,complete_coloring,strong_symmetry,large,main,strong,72,549,10.0,5.0,/home/sunshixin/chenchao/my_rlaf/runs/GNN_Glucose_3SAT_EchoSAT_SymmetryGRPO_v1_7_WC1_PositiveCap/iter=80.pt,0.466164,0.466164,39708.0,36681.0,True,0.819428,0.819428,45794.0,42555.0,True,0.734078,2.218104908874512,45794.0,42555.0,True,0.734078,2.2204097314333917,45794.0,42555.0,True,0.434586,1.9782225905947683,44352.0,41061.0,True,True,True,0.000657,3.0,10.0,157.64891052246094,72,1.0986123085021973,True,0.0573048591613769,-0.29949200000000004,-0.24218714083862336,-0.03157800000000005,1.5120585905947683,-1442.0,-1494.0,0.353264,-0.08535000000000004,True,True,False
3,/home/sunshixin/chenchao/my_rlaf/runs/analysis/echosat_symmetry_grpo_v1_7_acceptance_iter=80_canonical_low_warmup_wc3_per_instance.csv,1,k9_color8,perm_seed1731,k9_color8_perm1731,complete_coloring,strong_symmetry,large,main,strong,72,549,10.0,5.0,/home/sunshixin/chenchao/my_rlaf/runs/GNN_Glucose_3SAT_EchoSAT_SymmetryGRPO_v1_7_WC1_PositiveCap/iter=80.pt,0.61907,0.61907,47177.0,43763.0,True,0.827657,0.827657,47579.0,44103.0,True,0.789387,0.8713038090820312,47579.0,44103.0,True,0.789387,0.8769298664560318,47579.0,44103.0,True,0.46112,0.6188625944681168,42307.0,39488.0,True,True,True,0.003962,3.0,8.0,158.0809783935547,72,1.0986123085021973,True,0.0701997280120849,-0.328267,-0.258067271987915,-0.15795000000000003,-0.0002074055318832535,-5272.0,-4615.0,0.20858699999999997,-0.038270000000000026,True,True,True
3,/home/sunshixin/chenchao/my_rlaf/runs/analysis/echosat_symmetry_grpo_v1_7_acceptance_iter=80_canonical_low_warmup_wc3_per_instance.csv,1,php_p10_h9,base,php_p10_h9,php,strong_symmetry,large,main,strong,90,775,10.0,5.0,/home/sunshixin/chenchao/my_rlaf/runs/GNN_Glucose_3SAT_EchoSAT_SymmetryGRPO_v1_7_WC1_PositiveCap/iter=80.pt,4.30218,4.30218,340861.0,314066.0,True,4.5557,4.5557,322229.0,299168.0,True,4.16887,4.250786809082031,321840.0,298649.0,True,4.16887,4.26108288610518,321840.0,298649.0,True,3.84517,4.007582614117265,340002.0,317794.0,True,True,True,0.00862,3.0,9.0,195.45620727539065,90,1.0986123085021973,True,0.0701997280120849,-0.3237000000000001,-0.2535002719879156,-0.4570099999999999,-0.2945973858827351,18162.0,19145.0,0.25351999999999997,-0.3868299999999998,True,True,True
3,/home/sunshixin/chenchao/my_rlaf/runs/analysis/echosat_symmetry_grpo_v1_7_acceptance_iter=80_canonical_low_warmup_wc3_per_instance.csv,1,php_p10_h9,perm_seed1730,php_p10_h9_perm1730,php,strong_symmetry,large,main,strong,90,775,10.0,5.0,/home/sunshixin/chenchao/my_rlaf/runs/GNN_Glucose_3SAT_EchoSAT_SymmetryGRPO_v1_7_WC1_PositiveCap/iter=80.pt,4.94053,4.94053,413643.0,382655.0,True,4.18815,4.18815,283792.0,262594.0,True,3.95603,4.037946809082031,247778.0,229737.0,True,3.95603,4.043909721975982,247778.0,229737.0,True,3.69166,3.8497394499880673,333128.0,310050.0,True,True,True,0.004346,3.0,9.0,194.30953979492188,90,1.0986123085021973,True,0.0701997280120849,-0.26437,-0.19417027198791503,-1.2488699999999997,-1.0907905500119326,85350.0,80313.0,-0.7523799999999996,-0.2321200000000001,True,True,True
3,/home/sunshixin/chenchao/my_rlaf/runs/analysis/echosat_symmetry_grpo_v1_7_acceptance_iter=80_canonical_low_warmup_wc3_per_instance.csv,1,php_p10_h9,perm_seed1731,php_p10_h9_perm1731,php,strong_symmetry,large,main,strong,90,775,10.0,5.0,/home/sunshixin/chenchao/my_rlaf/runs/GNN_Glucose_3SAT_EchoSAT_SymmetryGRPO_v1_7_WC1_PositiveCap/iter=80.pt,4.14839,4.14839,340033.0,312592.0,True,4.12488,4.12488,290369.0,269757.0,True,3.90939,3.991306809082032,290369.0,269757.0,True,3.90939,3.9981610217769146,290369.0,269757.0,True,4.26114,4.420110749789,331745.0,312573.0,True,True,True,0.005187,3.0,9.0,193.47189331054688,90,1.0986123085021973,True,0.0701997280120849,0.35175,0.4219497280120854,0.11275000000000013,0.27172074978899996,41376.0,42816.0,-0.02350999999999992,-0.21548999999999996,False,False,False
3,/home/sunshixin/chenchao/my_rlaf/runs/analysis/echosat_symmetry_grpo_v1_7_acceptance_iter=80_canonical_low_warmup_wc3_per_instance.csv,1,php_p9_h8,base,php_p9_h8,php,strong_symmetry,large,main,strong,72,549,10.0,5.0,/home/sunshixin/chenchao/my_rlaf/runs/GNN_Glucose_3SAT_EchoSAT_SymmetryGRPO_v1_7_WC1_PositiveCap/iter=80.pt,0.705729,0.705729,46557.0,43529.0,True,0.707195,0.707195,44352.0,41138.0,True,0.652947,0.7348638090820313,43519.0,40436.0,True,0.652947,0.7371163455389143,43519.0,40436.0,True,0.444066,0.5984350735509991,39547.0,36846.0,True,True,True,0.00066,3.0,8.0,158.36375427246094,72,1.0986123085021973,True,0.0701997280120849,-0.20888100000000004,-0.13868127198791513,-0.26166300000000003,-0.10729392644900093,-3972.0,-3590.0,0.0014659999999999673,-0.05424799999999996,True,True,True
3,/home/sunshixin/chenchao/my_rlaf/runs/analysis/echosat_symmetry_grpo_v1_7_acceptance_iter=80_canonical_low_warmup_wc3_per_instance.csv,1,php_p9_h8,perm_seed1730,php_p9_h8_perm1730,php,strong_symmetry,large,main,strong,72,549,10.0,5.0,/home/sunshixin/chenchao/my_rlaf/runs/GNN_Glucose_3SAT_EchoSAT_SymmetryGRPO_v1_7_WC1_PositiveCap/iter=80.pt,0.483273,0.483273,39708.0,36681.0,True,0.655086,0.655086,45794.0,42555.0,True,0.789576,0.8714928090820312,45794.0,42555.0,True,0.789576,0.8736365906290411,45794.0,42555.0,True,0.436984,0.5912443186411261,44352.0,41061.0,True,True,True,0.000531,3.0,10.0,157.64891052246094,72,1.0986123085021973,True,0.0701997280120849,-0.35259199999999996,-0.28239227198791494,-0.046289000000000025,0.10797131864112613,-1442.0,-1494.0,0.17181299999999994,0.13449,True,True,False
3,/home/sunshixin/chenchao/my_rlaf/runs/analysis/echosat_symmetry_grpo_v1_7_acceptance_iter=80_canonical_low_warmup_wc3_per_instance.csv,1,php_p9_h8,perm_seed1731,php_p9_h8_perm1731,php,strong_symmetry,large,main,strong,72,549,10.0,5.0,/home/sunshixin/chenchao/my_rlaf/runs/GNN_Glucose_3SAT_EchoSAT_SymmetryGRPO_v1_7_WC1_PositiveCap/iter=80.pt,0.625922,0.625922,47177.0,43763.0,True,0.793995,0.793995,47579.0,44103.0,True,0.772327,0.8542438090820312,47579.0,44103.0,True,0.772327,0.8582244837978482,47579.0,44103.0,True,0.467414,0.6235112118099332,42307.0,39488.0,True,True,True,0.002363,3.0,8.0,158.0809783935547,72,1.0986123085021973,True,0.0701997280120849,-0.304913,-0.23471327198791503,-0.15850799999999998,-0.0024107881900667927,-5272.0,-4615.0,0.16807300000000003,-0.02166800000000002,True,True,True
3,/home/sunshixin/chenchao/my_rlaf/runs/analysis/echosat_symmetry_grpo_v1_7_acceptance_iter=80_canonical_low_warmup_wc3_per_instance.csv,1,random_3sat_control_v160_c704_seed2615,base,random_3sat_control_v160_c704_seed2615,random_3sat_control,non_symmetric_control,large,control,none,160,704,10.0,5.0,/home/sunshixin/chenchao/my_rlaf/runs/GNN_Glucose_3SAT_EchoSAT_SymmetryGRPO_v1_7_WC1_PositiveCap/iter=80.pt,0.072634,0.072634,6771.0,5767.0,True,0.053549,0.053549,5702.0,4813.0,True,0.053684,0.1356008090820312,4859.0,4212.0,True,0.053684,0.1382312903152704,4859.0,4212.0,True,0.056028,0.2107750183273553,5183.0,4431.0,True,False,False,0.000799,3.0,22.0,360.5569458007813,160,1.0986123085021973,True,0.0701997280120849,0.002343999999999999,0.07254372801208489,-0.016606000000000003,0.13814101832735529,324.0,219.0,-0.019085000000000005,0.00013500000000000317,False,True,False
3,/home/sunshixin/chenchao/my_rlaf/runs/analysis/echosat_symmetry_grpo_v1_7_acceptance_iter=80_canonical_low_warmup_wc3_per_instance.csv,1,random_3sat_control_v160_c704_seed2615,perm_seed1730,random_3sat_control_v160_c704_seed2615_perm1730,random_3sat_control,non_symmetric_control,large,control,none,160,704,10.0,5.0,/home/sunshixin/chenchao/my_rlaf/runs/GNN_Glucose_3SAT_EchoSAT_SymmetryGRPO_v1_7_WC1_PositiveCap/iter=80.pt,0.096867,0.096867,8522.0,7299.0,True,0.091664,0.091664,7934.0,6809.0,True,0.045953,0.1996214036254882,4602.0,4008.0,True,0.045953,0.2070754401354789,4602.0,4008.0,True,0.050701,0.2917175059924126,5196.0,4419.0,True,False,False,0.00535,3.0,22.0,363.3272399902344,160,1.0986123085021973,True,0.0798940658569336,0.004748000000000002,0.08464206585693368,-0.04616599999999999,0.1948505059924126,594.0,411.0,-0.005202999999999999,-0.045710999999999995,False,True,False
3,/home/sunshixin/chenchao/my_rlaf/runs/analysis/echosat_symmetry_grpo_v1_7_acceptance_iter=80_canonical_low_warmup_wc3_per_instance.csv,1,random_3sat_control_v160_c704_seed2615,perm_seed1731,random_3sat_control_v160_c704_seed2615_perm1731,random_3sat_control,non_symmetric_control,large,control,none,160,704,10.0,5.0,/home/sunshixin/chenchao/my_rlaf/runs/GNN_Glucose_3SAT_EchoSAT_SymmetryGRPO_v1_7_WC1_PositiveCap/iter=80.pt,0.054737,0.054737,5676.0,4847.0,True,0.10357,0.10357,8017.0,6851.0,True,0.051264,0.2049324036254882,4961.0,4384.0,True,0.051264,0.2077123974117636,4961.0,4384.0,True,0.053342,0.2896844632686972,5272.0,4483.0,True,False,False,0.000416,3.0,22.0,364.4381408691406,160,1.0986123085021973,True,0.0798940658569336,0.0020780000000000035,0.08197206585693359,-0.0013950000000000004,0.23494746326869717,311.0,99.0,0.048832999999999994,-0.052306,False,True,False
3,/home/sunshixin/chenchao/my_rlaf/runs/analysis/echosat_symmetry_grpo_v1_7_acceptance_iter=80_canonical_low_warmup_wc3_per_instance.csv,1,random_3sat_control_v180_c760_seed3301,base,random_3sat_control_v180_c760_seed3301,random_3sat_control,non_symmetric_control,large,control,none,180,760,10.0,5.0,/home/sunshixin/chenchao/my_rlaf/runs/GNN_Glucose_3SAT_EchoSAT_SymmetryGRPO_v1_7_WC1_PositiveCap/iter=80.pt,0.492491,0.492491,27442.0,23617.0,True,0.150815,0.150815,10470.0,8910.0,True,0.006337,0.1600054036254883,693.0,567.0,True,0.006337,0.162583054577589,693.0,567.0,True,0.193715,0.4298551204345226,15298.0,13270.0,True,False,False,0.000381,3.0,28.0,430.4636840820313,180,1.0986123085021973,True,0.0798940658569336,0.187378,0.26727206585693364,-0.29877600000000004,-0.06263587956547739,14605.0,12703.0,-0.341676,-0.144478,False,True,True
3,/home/sunshixin/chenchao/my_rlaf/runs/analysis/echosat_symmetry_grpo_v1_7_acceptance_iter=80_canonical_low_warmup_wc3_per_instance.csv,1,random_3sat_control_v180_c760_seed3301,perm_seed1730,random_3sat_control_v180_c760_seed3301_perm1730,random_3sat_control,non_symmetric_control,large,control,none,180,760,10.0,5.0,/home/sunshixin/chenchao/my_rlaf/runs/GNN_Glucose_3SAT_EchoSAT_SymmetryGRPO_v1_7_WC1_PositiveCap/iter=80.pt,1.05496,1.05496,47649.0,41152.0,True,0.092383,0.092383,7421.0,6253.0,True,0.011455,0.1651234036254882,643.0,525.0,True,0.011455,0.1699133341152668,643.0,525.0,True,0.159957,0.3983093999722004,13143.0,11385.0,True,False,False,0.002972,3.0,28.0,431.2578125,180,1.0986123085021973,True,0.0798940658569336,0.148502,0.2283960658569336,-0.8950029999999999,-0.6566506000277995,12500.0,10860.0,-0.9625769999999999,-0.080928,False,True,True
3,/home/sunshixin/chenchao/my_rlaf/runs/analysis/echosat_symmetry_grpo_v1_7_acceptance_iter=80_canonical_low_warmup_wc3_per_instance.csv,1,random_3sat_control_v180_c760_seed3301,perm_seed1731,random_3sat_control_v180_c760_seed3301_perm1731,random_3sat_control,non_symmetric_control,large,control,none,180,760,10.0,5.0,/home/sunshixin/chenchao/my_rlaf/runs/GNN_Glucose_3SAT_EchoSAT_SymmetryGRPO_v1_7_WC1_PositiveCap/iter=80.pt,0.487268,0.487268,27197.0,23469.0,True,0.129766,0.129766,9011.0,7714.0,True,0.009819,0.1634874036254882,590.0,484.0,True,0.009819,0.1708211479693651,590.0,484.0,True,0.177117,0.4180132138262987,14239.0,12341.0,True,False,False,0.005531,3.0,28.0,430.8958129882813,180,1.0986123085021973,True,0.0798940658569336,0.167298,0.2471920658569336,-0.31015099999999995,-0.06925478617370129,13649.0,11857.0,-0.357502,-0.119947,False,True,True
3,/home/sunshixin/chenchao/my_rlaf/runs/analysis/echosat_symmetry_grpo_v1_7_acceptance_iter=80_canonical_low_warmup_wc3_per_instance.csv,1,random_3sat_control_v220_c928_seed3303,base,random_3sat_control_v220_c928_seed3303,random_3sat_control,non_symmetric_control,large,control,none,220,928,10.0,5.0,/home/sunshixin/chenchao/my_rlaf/runs/GNN_Glucose_3SAT_EchoSAT_SymmetryGRPO_v1_7_WC1_PositiveCap/iter=80.pt,0.722669,0.722669,30277.0,25994.0,True,0.47937,0.47937,22265.0,19025.0,True,0.00209,0.1557584036254883,62.0,4.0,True,0.00209,0.1613377874450087,62.0,4.0,True,0.014041,0.2531828533019423,417.0,310.0,True,False,False,0.003607,3.0,39.0,455.798828125,220,1.0986123085021973,True,0.0798940658569336,0.011951,0.09184506585693358,-0.708628,-0.4694861466980577,355.0,306.0,-0.243299,-0.47728000000000004,False,True,True
3,/home/sunshixin/chenchao/my_rlaf/runs/analysis/echosat_symmetry_grpo_v1_7_acceptance_iter=80_canonical_low_warmup_wc3_per_instance.csv,1,random_3sat_control_v220_c928_seed3303,perm_seed1730,random_3sat_control_v220_c928_seed3303_perm1730,random_3sat_control,non_symmetric_control,large,control,none,220,928,10.0,5.0,/home/sunshixin/chenchao/my_rlaf/runs/GNN_Glucose_3SAT_EchoSAT_SymmetryGRPO_v1_7_WC1_PositiveCap/iter=80.pt,1.42932,1.42932,52742.0,45477.0,True,0.218942,0.218942,13039.0,11071.0,True,0.002192,0.1558604036254882,62.0,4.0,True,0.002192,0.1636759182132482,62.0,4.0,True,0.008678,0.2500559840701818,309.0,219.0,True,False,False,0.005915,3.0,39.0,453.5053405761719,220,1.0986123085021973,True,0.0798940658569336,0.0064860000000000004,0.08638006585693361,-1.420642,-1.1792640159298182,247.0,215.0,-1.210378,-0.21675,False,True,True
3,/home/sunshixin/chenchao/my_rlaf/runs/analysis/echosat_symmetry_grpo_v1_7_acceptance_iter=80_canonical_low_warmup_wc3_per_instance.csv,1,random_3sat_control_v220_c928_seed3303,perm_seed1731,random_3sat_control_v220_c928_seed3303_perm1731,random_3sat_control,non_symmetric_control,large,control,none,220,928,10.0,5.0,/home/sunshixin/chenchao/my_rlaf/runs/GNN_Glucose_3SAT_EchoSAT_SymmetryGRPO_v1_7_WC1_PositiveCap/iter=80.pt,0.063813,0.063813,4930.0,4147.0,True,0.361229,0.361229,19684.0,16814.0,True,0.006057,0.1597254036254883,63.0,4.0,True,0.006057,0.1667050871449113,63.0,4.0,True,0.006988,0.2475301530018449,434.0,307.0,True,False,False,0.005062,3.0,39.0,458.748046875,220,1.0986123085021973,True,0.0798940658569336,0.0009310000000000004,0.08082506585693358,-0.056824999999999994,0.18371715300184488,371.0,303.0,0.297416,-0.35517200000000004,False,True,False
3,/home/sunshixin/chenchao/my_rlaf/runs/analysis/echosat_symmetry_grpo_v1_7_acceptance_iter=80_canonical_low_warmup_wc3_per_instance.csv,1,random_3sat_control_v220_c942_seed3304,base,random_3sat_control_v220_c942_seed3304,random_3sat_control,non_symmetric_control,large,control,none,220,942,10.0,5.0,/home/sunshixin/chenchao/my_rlaf/runs/GNN_Glucose_3SAT_EchoSAT_SymmetryGRPO_v1_7_WC1_PositiveCap/iter=80.pt,0.671792,0.671792,35472.0,30813.0,True,1.13647,1.13647,41376.0,36046.0,True,0.483104,0.6732578372039795,26754.0,23980.0,True,0.483104,0.680701234959662,26754.0,23980.0,True,0.686503,0.9741938476305604,41582.0,37253.0,True,False,False,0.005506,3.0,26.0,416.5282897949219,220,1.0986123085021973,True,0.0900936126708984,0.203399,0.29349261267089843,0.01471100000000003,0.30240184763056044,14828.0,13273.0,0.46467800000000015,-0.6533660000000001,False,False,False
3,/home/sunshixin/chenchao/my_rlaf/runs/analysis/echosat_symmetry_grpo_v1_7_acceptance_iter=80_canonical_low_warmup_wc3_per_instance.csv,1,random_3sat_control_v220_c942_seed3304,perm_seed1730,random_3sat_control_v220_c942_seed3304_perm1730,random_3sat_control,non_symmetric_control,large,control,none,220,942,10.0,5.0,/home/sunshixin/chenchao/my_rlaf/runs/GNN_Glucose_3SAT_EchoSAT_SymmetryGRPO_v1_7_WC1_PositiveCap/iter=80.pt,0.71006,0.71006,34825.0,30052.0,True,0.603522,0.603522,33221.0,28818.0,True,0.452508,0.6426618372039795,26445.0,23804.0,True,0.452508,0.6513343487060667,26445.0,23804.0,True,0.641563,0.9304829613769652,40651.0,36413.0,True,False,False,0.006688,3.0,26.0,423.32037353515625,220,1.0986123085021973,True,0.0900936126708984,0.18905499999999997,0.2791486126708985,-0.06849700000000003,0.22042296137696515,14206.0,12609.0,-0.10653800000000002,-0.15101399999999998,False,True,False
3,/home/sunshixin/chenchao/my_rlaf/runs/analysis/echosat_symmetry_grpo_v1_7_acceptance_iter=80_canonical_low_warmup_wc3_per_instance.csv,1,random_3sat_control_v220_c942_seed3304,perm_seed1731,random_3sat_control_v220_c942_seed3304_perm1731,random_3sat_control,non_symmetric_control,large,control,none,220,942,10.0,5.0,/home/sunshixin/chenchao/my_rlaf/runs/GNN_Glucose_3SAT_EchoSAT_SymmetryGRPO_v1_7_WC1_PositiveCap/iter=80.pt,0.724085,0.724085,38737.0,33758.0,True,0.805158,0.805158,38909.0,33544.0,True,0.456624,0.6467778372039794,26149.0,23448.0,True,0.456624,0.6544686875376104,26149.0,23448.0,True,0.643862,0.931800300208509,40689.0,36494.0,True,False,False,0.005606,3.0,26.0,418.775390625,220,1.0986123085021973,True,0.0900936126708984,0.18723800000000007,0.27733161267089856,-0.08022299999999993,0.20771530020850903,14540.0,13046.0,0.08107300000000006,-0.34853400000000007,False,True,False
3,/home/sunshixin/chenchao/my_rlaf/runs/analysis/echosat_symmetry_grpo_v1_7_acceptance_iter=80_canonical_low_warmup_wc3_per_instance.csv,1,random_3sat_control_v260_c1097_seed3305,base,random_3sat_control_v260_c1097_seed3305,random_3sat_control,non_symmetric_control,large,control,none,260,1097,10.0,5.0,/home/sunshixin/chenchao/my_rlaf/runs/GNN_Glucose_3SAT_EchoSAT_SymmetryGRPO_v1_7_WC1_PositiveCap/iter=80.pt,6.92671,6.92671,216854.0,188499.0,True,2.23854,2.23854,73626.0,64181.0,True,1.29927,1.4894238372039794,60642.0,54350.0,True,1.29927,1.4948101255028845,60642.0,54350.0,True,0.963856,1.2494897381737828,51164.0,45305.0,True,False,False,0.003269,3.0,35.0,492.83697509765625,260,1.0986123085021973,True,0.0900936126708984,-0.3354139999999999,-0.24532038732910166,-5.962854,-5.677220261826217,-9478.0,-9045.0,-4.6881699999999995,-0.93927,True,True,True
3,/home/sunshixin/chenchao/my_rlaf/runs/analysis/echosat_symmetry_grpo_v1_7_acceptance_iter=80_canonical_low_warmup_wc3_per_instance.csv,1,random_3sat_control_v260_c1097_seed3305,perm_seed1730,random_3sat_control_v260_c1097_seed3305_perm1730,random_3sat_control,non_symmetric_control,large,control,none,260,1097,10.0,5.0,/home/sunshixin/chenchao/my_rlaf/runs/GNN_Glucose_3SAT_EchoSAT_SymmetryGRPO_v1_7_WC1_PositiveCap/iter=80.pt,7.24519,7.24519,224505.0,195557.0,True,0.563628,0.563628,27246.0,23387.0,True,1.26371,1.4538638372039796,60686.0,54724.0,True,1.26371,1.46152981113261,60686.0,54724.0,True,0.897795,1.1857084238035085,47274.0,41559.0,True,False,False,0.005586,3.0,35.0,494.8829650878906,260,1.0986123085021973,True,0.0900936126708984,-0.3659150000000001,-0.27582138732910155,-6.347395,-6.059481576196491,-13412.0,-13165.0,-6.681562,0.7000820000000001,True,True,True
3,/home/sunshixin/chenchao/my_rlaf/runs/analysis/echosat_symmetry_grpo_v1_7_acceptance_iter=80_canonical_low_warmup_wc3_per_instance.csv,1,random_3sat_control_v260_c1097_seed3305,perm_seed1731,random_3sat_control_v260_c1097_seed3305_perm1731,random_3sat_control,non_symmetric_control,large,control,none,260,1097,10.0,5.0,/home/sunshixin/chenchao/my_rlaf/runs/GNN_Glucose_3SAT_EchoSAT_SymmetryGRPO_v1_7_WC1_PositiveCap/iter=80.pt,3.86831,3.86831,105916.0,92052.0,True,5.88263,5.88263,162997.0,142194.0,True,1.02648,1.2166338372039796,48534.0,43247.0,True,1.02648,1.225430644477129,48534.0,43247.0,True,0.781949,1.0709932571480274,40383.0,35647.0,True,False,False,0.006802,3.0,35.0,493.7220764160156,260,1.0986123085021973,True,0.0900936126708984,-0.24453100000000005,-0.15443738732910162,-3.086361,-2.7973167428519727,-8151.0,-7600.0,2.0143199999999997,-4.8561499999999995,True,True,True
3,/home/sunshixin/chenchao/my_rlaf/runs/analysis/echosat_symmetry_grpo_v1_7_acceptance_iter=80_canonical_low_warmup_wc3_per_instance.csv,1,random_3sat_control_v260_c1113_seed3306,base,random_3sat_control_v260_c1113_seed3306,random_3sat_control,non_symmetric_control,large,control,none,260,1113,10.0,5.0,/home/sunshixin/chenchao/my_rlaf/runs/GNN_Glucose_3SAT_EchoSAT_SymmetryGRPO_v1_7_WC1_PositiveCap/iter=80.pt,5.37408,5.37408,178146.0,155541.0,True,6.03959,6.03959,186876.0,163308.0,True,6.35887,6.549023837203979,226200.0,205404.0,True,6.35887,6.558029099958002,226200.0,205404.0,True,6.22128,6.510532712628901,259876.0,229090.0,True,False,False,0.006971,3.0,34.0,480.0674743652344,260,0.6931471824645996,True,0.0900936126708984,-0.13758999999999943,-0.047496387329101,0.8472,1.136452712628901,33676.0,23686.0,0.6655099999999994,0.31928,True,False,False
3,/home/sunshixin/chenchao/my_rlaf/runs/analysis/echosat_symmetry_grpo_v1_7_acceptance_iter=80_canonical_low_warmup_wc3_per_instance.csv,1,random_3sat_control_v260_c1113_seed3306,perm_seed1730,random_3sat_control_v260_c1113_seed3306_perm1730,random_3sat_control,non_symmetric_control,large,control,none,260,1113,10.0,5.0,/home/sunshixin/chenchao/my_rlaf/runs/GNN_Glucose_3SAT_EchoSAT_SymmetryGRPO_v1_7_WC1_PositiveCap/iter=80.pt,5.04233,5.04233,171334.0,149746.0,True,6.90526,6.90526,206936.0,180741.0,True,5.5762,5.76635383720398,206101.0,186162.0,True,5.5762,5.771725916691005,206101.0,186162.0,True,5.95673,6.242349529361904,258525.0,228633.0,True,False,False,0.003403,3.0,34.0,478.7396240234375,260,0.6931471824645996,True,0.0900936126708984,0.38053000000000026,0.4706236126708987,0.9144000000000005,1.2000195293619038,52424.0,42471.0,1.8629300000000004,-1.3290600000000001,False,False,False
3,/home/sunshixin/chenchao/my_rlaf/runs/analysis/echosat_symmetry_grpo_v1_7_acceptance_iter=80_canonical_low_warmup_wc3_per_instance.csv,1,random_3sat_control_v260_c1113_seed3306,perm_seed1731,random_3sat_control_v260_c1113_seed3306_perm1731,random_3sat_control,non_symmetric_control,large,control,none,260,1113,10.0,5.0,/home/sunshixin/chenchao/my_rlaf/runs/GNN_Glucose_3SAT_EchoSAT_SymmetryGRPO_v1_7_WC1_PositiveCap/iter=80.pt,6.46099,6.46099,202621.0,177648.0,True,7.13222,7.13222,214985.0,187707.0,True,5.99507,6.142893572158814,217745.0,196903.0,True,5.99507,6.150278432347476,217745.0,196903.0,True,6.25831,6.4286434685871,264004.0,232751.0,True,False,False,0.00529,3.0,34.0,481.5274658203125,260,0.6931471824645996,True,0.015125036239624,0.2632399999999997,0.2783650362396237,-0.20267999999999997,-0.03234653141289989,46259.0,35848.0,0.6712300000000004,-1.13715,False,True,True
3,/home/sunshixin/chenchao/my_rlaf/runs/analysis/echosat_symmetry_grpo_v1_7_acceptance_iter=80_canonical_low_warmup_wc3_per_instance.csv,1,random_3sat_control_v300_c1266_seed3307,base,random_3sat_control_v300_c1266_seed3307,random_3sat_control,non_symmetric_control,large,control,none,300,1266,10.0,5.0,/home/sunshixin/chenchao/my_rlaf/runs/GNN_Glucose_3SAT_EchoSAT_SymmetryGRPO_v1_7_WC1_PositiveCap/iter=80.pt,0.218753,0.218753,12894.0,10895.0,True,2.47127,2.47127,71356.0,61376.0,True,0.008429,0.1562525721588134,288.0,182.0,True,0.008429,0.1654592470207214,288.0,182.0,True,0.031182,0.2033372832603454,2222.0,1740.0,True,False,False,0.00705,3.0,48.0,628.0397338867188,300,1.0986123085021973,True,0.015125036239624,0.022753000000000002,0.03787803623962399,-0.187571,-0.015415716739654611,1934.0,1558.0,2.252517,-2.462841,False,True,True
3,/home/sunshixin/chenchao/my_rlaf/runs/analysis/echosat_symmetry_grpo_v1_7_acceptance_iter=80_canonical_low_warmup_wc3_per_instance.csv,1,random_3sat_control_v300_c1266_seed3307,perm_seed1730,random_3sat_control_v300_c1266_seed3307_perm1730,random_3sat_control,non_symmetric_control,large,control,none,300,1266,10.0,5.0,/home/sunshixin/chenchao/my_rlaf/runs/GNN_Glucose_3SAT_EchoSAT_SymmetryGRPO_v1_7_WC1_PositiveCap/iter=80.pt,1.46969,1.46969,43103.0,37339.0,True,2.05759,2.05759,63498.0,54506.0,True,0.01683,0.1646535721588135,321.0,205.0,True,0.01683,0.1708097944828868,321.0,205.0,True,0.042591,0.2116958307225108,2895.0,2378.0,True,False,False,0.00405,3.0,48.0,619.230712890625,300,1.0986123085021973,True,0.015125036239624,0.025760999999999996,0.040886036239624,-1.427099,-1.2579941692774892,2574.0,2173.0,0.5878999999999999,-2.0407599999999997,False,True,True
3,/home/sunshixin/chenchao/my_rlaf/runs/analysis/echosat_symmetry_grpo_v1_7_acceptance_iter=80_canonical_low_warmup_wc3_per_instance.csv,1,random_3sat_control_v300_c1266_seed3307,perm_seed1731,random_3sat_control_v300_c1266_seed3307_perm1731,random_3sat_control,non_symmetric_control,large,control,none,300,1266,10.0,5.0,/home/sunshixin/chenchao/my_rlaf/runs/GNN_Glucose_3SAT_EchoSAT_SymmetryGRPO_v1_7_WC1_PositiveCap/iter=80.pt,1.9951,1.9951,66962.0,57424.0,True,0.115774,0.115774,7524.0,6304.0,True,0.015716,0.1635395721588134,375.0,247.0,True,0.015716,0.1736342353094816,375.0,247.0,True,0.039719,0.2127622715491056,2790.0,2244.0,True,False,False,0.007886,3.0,48.0,626.5236206054688,300,1.0986123085021973,True,0.015125036239624,0.024002999999999997,0.03912803623962399,-1.955381,-1.7823377284508946,2415.0,1997.0,-1.879326,-0.10005800000000001,False,True,True
3,/home/sunshixin/chenchao/my_rlaf/runs/analysis/echosat_symmetry_grpo_v1_7_acceptance_iter=80_canonical_low_warmup_wc3_per_instance.csv,1,subset_cardinality_bw10,base,subset_cardinality_bw10,subset_cardinality,weak_symmetry,large,main,weak,41,92,10.0,5.0,/home/sunshixin/chenchao/my_rlaf/runs/GNN_Glucose_3SAT_EchoSAT_SymmetryGRPO_v1_7_WC1_PositiveCap/iter=80.pt,0.001815,0.001815,193.0,141.0,True,0.001899,0.001899,237.0,193.0,True,0.001772,0.1495955721588134,162.0,142.0,True,0.001772,0.1518653019444942,162.0,142.0,True,0.001922,0.1671403381841182,188.0,155.0,True,True,True,0.000636,3.0,8.0,94.86821746826172,41,1.0986123085021973,True,0.015125036239624,0.00015000000000000018,0.01527503623962398,0.00010700000000000011,0.16532533818411818,26.0,13.0,8.400000000000009e-05,-0.00012700000000000016,False,False,False
3,/home/sunshixin/chenchao/my_rlaf/runs/analysis/echosat_symmetry_grpo_v1_7_acceptance_iter=80_canonical_low_warmup_wc3_per_instance.csv,1,subset_cardinality_bw10,perm_seed1730,subset_cardinality_bw10_perm1730,subset_cardinality,weak_symmetry,large,main,weak,41,92,10.0,5.0,/home/sunshixin/chenchao/my_rlaf/runs/GNN_Glucose_3SAT_EchoSAT_SymmetryGRPO_v1_7_WC1_PositiveCap/iter=80.pt,0.0,0.0,218.0,167.0,True,0.004556,0.004556,221.0,169.0,True,0.00185,0.1496735721588134,156.0,137.0,True,0.00185,0.151225949986279,156.0,137.0,True,0.001529,0.166029986225903,176.0,143.0,True,True,True,0.0,3.0,10.0,98.69181823730467,41,1.0986123085021973,True,0.015125036239624,-0.0003210000000000001,0.014804036239624008,0.001529,0.166029986225903,20.0,6.0,0.004556,-0.002706,True,False,False
3,/home/sunshixin/chenchao/my_rlaf/runs/analysis/echosat_symmetry_grpo_v1_7_acceptance_iter=80_canonical_low_warmup_wc3_per_instance.csv,1,subset_cardinality_bw10,perm_seed1731,subset_cardinality_bw10_perm1731,subset_cardinality,weak_symmetry,large,main,weak,41,92,10.0,5.0,/home/sunshixin/chenchao/my_rlaf/runs/GNN_Glucose_3SAT_EchoSAT_SymmetryGRPO_v1_7_WC1_PositiveCap/iter=80.pt,0.001242,0.001242,202.0,147.0,True,0.002292,0.002292,247.0,155.0,True,0.004365,0.1521885721588134,203.0,164.0,True,0.004365,0.1547243189390897,203.0,164.0,True,0.001498,0.1669823551787138,214.0,153.0,True,True,True,0.000994,3.0,7.0,87.48927307128906,41,1.0986123085021973,True,0.015125036239624,-0.0028669999999999998,0.012258036239624098,0.00025599999999999993,0.1657403551787138,11.0,-11.0,0.0010500000000000002,0.0020729999999999998,True,False,False
3,/home/sunshixin/chenchao/my_rlaf/runs/analysis/echosat_symmetry_grpo_v1_7_acceptance_iter=80_canonical_low_warmup_wc3_per_instance.csv,1,subset_cardinality_bw12,base,subset_cardinality_bw12,subset_cardinality,weak_symmetry,large,main,weak,49,108,10.0,5.0,/home/sunshixin/chenchao/my_rlaf/runs/GNN_Glucose_3SAT_EchoSAT_SymmetryGRPO_v1_7_WC1_PositiveCap/iter=80.pt,0.001824,0.001824,442.0,342.0,True,0.003475,0.003475,491.0,414.0,True,0.002168,0.1499915721588134,384.0,312.0,True,0.002168,0.1515120559133887,384.0,312.0,True,0.00204,0.1665090921530127,425.0,309.0,True,True,True,0.0,3.0,12.0,104.73371887207033,49,0.6931471824645996,True,0.015125036239624,-0.00012799999999999964,0.014997036239624006,0.00021600000000000005,0.16468509215301272,41.0,-3.0,0.0016509999999999997,-0.001307,True,False,False
3,/home/sunshixin/chenchao/my_rlaf/runs/analysis/echosat_symmetry_grpo_v1_7_acceptance_iter=80_canonical_low_warmup_wc3_per_instance.csv,1,subset_cardinality_bw12,perm_seed1730,subset_cardinality_bw12_perm1730,subset_cardinality,weak_symmetry,large,main,weak,49,108,10.0,5.0,/home/sunshixin/chenchao/my_rlaf/runs/GNN_Glucose_3SAT_EchoSAT_SymmetryGRPO_v1_7_WC1_PositiveCap/iter=80.pt,0.000281,0.000281,440.0,329.0,True,0.002919,0.002919,397.0,314.0,True,0.0,0.0472853183746337,343.0,268.0,True,0.0,0.0511006907055378,343.0,268.0,True,0.002162,0.0833351413433551,388.0,311.0,True,True,True,0.002251,3.0,9.0,101.82083892822266,49,1.0986123085021973,True,0.0300724506378173,0.002162,0.0322344506378173,0.0018809999999999999,0.08305414134335509,45.0,43.0,0.002638,-0.002919,False,False,False
3,/home/sunshixin/chenchao/my_rlaf/runs/analysis/echosat_symmetry_grpo_v1_7_acceptance_iter=80_canonical_low_warmup_wc3_per_instance.csv,1,subset_cardinality_bw12,perm_seed1731,subset_cardinality_bw12_perm1731,subset_cardinality,weak_symmetry,large,main,weak,49,108,10.0,5.0,/home/sunshixin/chenchao/my_rlaf/runs/GNN_Glucose_3SAT_EchoSAT_SymmetryGRPO_v1_7_WC1_PositiveCap/iter=80.pt,0.002079,0.002079,393.0,297.0,True,0.002763,0.002763,439.0,311.0,True,0.002787,0.0500723183746337,363.0,285.0,True,0.002787,0.0531559674574136,363.0,285.0,True,0.002311,0.082752418095231,348.0,296.0,True,True,True,0.00153,3.0,11.0,104.3914794921875,49,1.0986123085021973,True,0.0300724506378173,-0.00047599999999999986,0.0295964506378174,0.000232,0.080673418095231,-15.0,11.0,0.0006839999999999997,2.400000000000015e-05,True,False,False
3,/home/sunshixin/chenchao/my_rlaf/runs/analysis/echosat_symmetry_grpo_v1_7_acceptance_iter=80_canonical_low_warmup_wc3_per_instance.csv,1,subset_cardinality_bw8,base,subset_cardinality_bw8,subset_cardinality,weak_symmetry,medium,main,weak,33,76,10.0,5.0,/home/sunshixin/chenchao/my_rlaf/runs/GNN_Glucose_3SAT_EchoSAT_SymmetryGRPO_v1_7_WC1_PositiveCap/iter=80.pt,0.000918,0.000918,89.0,67.0,True,0.001266,0.001266,106.0,76.0,True,0.00326,0.0505453183746337,84.0,69.0,True,0.00326,0.0541914699709415,84.0,69.0,True,0.001218,0.0822219206087589,94.0,76.0,True,True,True,0.0019,3.0,13.0,75.20963287353516,33,1.0986123085021973,True,0.0300724506378173,-0.002042,0.028030450637817395,0.0002999999999999999,0.08130392060875889,10.0,7.0,0.000348,0.001994,True,False,False
3,/home/sunshixin/chenchao/my_rlaf/runs/analysis/echosat_symmetry_grpo_v1_7_acceptance_iter=80_canonical_low_warmup_wc3_per_instance.csv,1,subset_cardinality_bw8,perm_seed1730,subset_cardinality_bw8_perm1730,subset_cardinality,weak_symmetry,medium,main,weak,33,76,10.0,5.0,/home/sunshixin/chenchao/my_rlaf/runs/GNN_Glucose_3SAT_EchoSAT_SymmetryGRPO_v1_7_WC1_PositiveCap/iter=80.pt,0.000917,0.000917,110.0,76.0,True,0.001169,0.001169,127.0,80.0,True,0.001681,0.0489663183746337,100.0,79.0,True,0.001681,0.0527135386372208,100.0,79.0,True,0.001309,0.0824139892750382,119.0,76.0,True,True,True,0.00182,3.0,15.0,80.51530456542969,33,1.0986123085021973,True,0.0300724506378173,-0.00037199999999999993,0.029700450637817392,0.0003920000000000001,0.08149698927503819,19.0,-3.0,0.00025199999999999995,0.0005120000000000001,True,False,False
3,/home/sunshixin/chenchao/my_rlaf/runs/analysis/echosat_symmetry_grpo_v1_7_acceptance_iter=80_canonical_low_warmup_wc3_per_instance.csv,1,subset_cardinality_bw8,perm_seed1731,subset_cardinality_bw8_perm1731,subset_cardinality,weak_symmetry,medium,main,weak,33,76,10.0,5.0,/home/sunshixin/chenchao/my_rlaf/runs/GNN_Glucose_3SAT_EchoSAT_SymmetryGRPO_v1_7_WC1_PositiveCap/iter=80.pt,0.000911,0.000911,91.0,70.0,True,0.000338,0.000338,102.0,79.0,True,0.001515,0.0488003183746337,81.0,70.0,True,0.001515,0.0525308642041683,81.0,70.0,True,0.001128,0.0822163148419857,91.0,76.0,True,True,True,0.001855,3.0,12.0,79.57261657714844,33,1.0986123085021973,True,0.0300724506378173,-0.000387,0.029685450637817405,0.00021700000000000007,0.0813053148419857,10.0,6.0,-0.000573,0.001177,True,False,False
3,/home/sunshixin/chenchao/my_rlaf/runs/analysis/echosat_symmetry_grpo_v1_7_acceptance_iter=80_canonical_low_warmup_wc3_per_instance.csv,2,k10_color9,base,k10_color9,complete_coloring,strong_symmetry,large,main,strong,90,775,10.0,5.0,/home/sunshixin/chenchao/my_rlaf/runs/GNN_Glucose_3SAT_EchoSAT_SymmetryGRPO_v1_7_WC1_PositiveCap/iter=80.pt,4.38653,4.38653,340861.0,314066.0,True,4.41085,4.41085,322229.0,299168.0,True,4.55219,5.1510989012146,321840.0,298649.0,True,4.55219,5.162168239856184,321840.0,298649.0,True,4.00547,4.678286794238508,340002.0,317794.0,True,True,True,0.009037,3.0,9.0,195.45620727539065,90,1.0986123085021973,True,0.0628385543823242,-0.5467200000000005,-0.4838814456176763,-0.38105999999999973,0.2917567942385082,18162.0,19145.0,0.02432000000000034,0.14134000000000047,True,True,False
3,/home/sunshixin/chenchao/my_rlaf/runs/analysis/echosat_symmetry_grpo_v1_7_acceptance_iter=80_canonical_low_warmup_wc3_per_instance.csv,2,k10_color9,perm_seed1730,k10_color9_perm1730,complete_coloring,strong_symmetry,large,main,strong,90,775,10.0,5.0,/home/sunshixin/chenchao/my_rlaf/runs/GNN_Glucose_3SAT_EchoSAT_SymmetryGRPO_v1_7_WC1_PositiveCap/iter=80.pt,5.00236,5.00236,413643.0,382655.0,True,4.30415,4.30415,283792.0,262594.0,True,3.98059,4.579498901214599,247778.0,229737.0,True,3.98059,4.587858805934906,247778.0,229737.0,True,3.71774,4.38784736031723,333128.0,310050.0,True,True,True,0.007052,3.0,9.0,194.30953979492188,90,1.0986123085021973,True,0.0628385543823242,-0.2628499999999998,-0.20001144561767603,-1.2846200000000003,-0.6145126396827703,85350.0,80313.0,-0.6982100000000004,-0.32356000000000007,True,True,True
3,/home/sunshixin/chenchao/my_rlaf/runs/analysis/echosat_symmetry_grpo_v1_7_acceptance_iter=80_canonical_low_warmup_wc3_per_instance.csv,2,k10_color9,perm_seed1731,k10_color9_perm1731,complete_coloring,strong_symmetry,large,main,strong,90,775,10.0,5.0,/home/sunshixin/chenchao/my_rlaf/runs/GNN_Glucose_3SAT_EchoSAT_SymmetryGRPO_v1_7_WC1_PositiveCap/iter=80.pt,4.14745,4.14745,340033.0,312592.0,True,3.87551,3.87551,290369.0,269757.0,True,3.99721,4.5961189012146,290369.0,269757.0,True,3.99721,4.606232279883503,290369.0,269757.0,True,4.5323,5.204160834265828,331745.0,312573.0,True,True,True,0.008848,3.0,9.0,193.47189331054688,90,1.0986123085021973,True,0.0628385543823242,0.5350900000000003,0.5979285543823245,0.38485000000000014,1.0567108342658278,41376.0,42816.0,-0.2719400000000003,0.12170000000000014,False,False,False
3,/home/sunshixin/chenchao/my_rlaf/runs/analysis/echosat_symmetry_grpo_v1_7_acceptance_iter=80_canonical_low_warmup_wc3_per_instance.csv,2,k8_color7,base,k8_color7,complete_coloring,strong_symmetry,large,main,strong,56,372,10.0,5.0,/home/sunshixin/chenchao/my_rlaf/runs/GNN_Glucose_3SAT_EchoSAT_SymmetryGRPO_v1_7_WC1_PositiveCap/iter=80.pt,0.045959,0.045959,6158.0,5600.0,True,0.045852,0.045852,5946.0,5440.0,True,0.051398,0.6503069012145997,5946.0,5440.0,True,0.051398,0.657150417642951,5946.0,5440.0,True,0.03195,0.7005409720252752,5490.0,5053.0,True,True,True,0.003998,3.0,7.0,125.01708984375,56,1.0986123085021973,True,0.0628385543823242,-0.019448,0.0433905543823242,-0.014009,0.6545819720252752,-456.0,-387.0,-0.00010700000000000293,0.005546000000000002,True,True,False
3,/home/sunshixin/chenchao/my_rlaf/runs/analysis/echosat_symmetry_grpo_v1_7_acceptance_iter=80_canonical_low_warmup_wc3_per_instance.csv,2,k8_color7,perm_seed1730,k8_color7_perm1730,complete_coloring,strong_symmetry,large,main,strong,56,372,10.0,5.0,/home/sunshixin/chenchao/my_rlaf/runs/GNN_Glucose_3SAT_EchoSAT_SymmetryGRPO_v1_7_WC1_PositiveCap/iter=80.pt,0.043845,0.043845,6138.0,5624.0,True,0.052407,0.052407,6264.0,5696.0,True,0.058359,0.6572679012145997,6264.0,5696.0,True,0.058359,0.6621903784112931,6264.0,5696.0,True,0.031741,0.6984109327936173,5686.0,5200.0,True,True,True,0.003774,3.0,7.0,125.1129913330078,56,1.0986123085021973,True,0.0628385543823242,-0.026618000000000003,0.03622055438232419,-0.012104000000000004,0.6545659327936173,-578.0,-496.0,0.008562,0.005951999999999999,True,True,False
3,/home/sunshixin/chenchao/my_rlaf/runs/analysis/echosat_symmetry_grpo_v1_7_acceptance_iter=80_canonical_low_warmup_wc3_per_instance.csv,2,k8_color7,perm_seed1731,k8_color7_perm1731,complete_coloring,strong_symmetry,large,main,strong,56,372,10.0,5.0,/home/sunshixin/chenchao/my_rlaf/runs/GNN_Glucose_3SAT_EchoSAT_SymmetryGRPO_v1_7_WC1_PositiveCap/iter=80.pt,0.037139,0.037139,5800.0,5271.0,True,0.065231,0.065231,6148.0,5641.0,True,0.069143,0.6680519012145996,6148.0,5641.0,True,0.069143,0.6727817813453674,6148.0,5641.0,True,0.031244,0.6977213357276917,6065.0,5554.0,True,True,True,0.003563,3.0,7.0,125.51768493652344,56,1.0986123085021973,True,0.0628385543823242,-0.037898999999999995,0.024939554382324314,-0.0058949999999999975,0.6605823357276916,-83.0,-87.0,0.028092,0.003911999999999999,True,True,False
3,/home/sunshixin/chenchao/my_rlaf/runs/analysis/echosat_symmetry_grpo_v1_7_acceptance_iter=80_canonical_low_warmup_wc3_per_instance.csv,2,k9_color8,base,k9_color8,complete_coloring,strong_symmetry,large,main,strong,72,549,10.0,5.0,/home/sunshixin/chenchao/my_rlaf/runs/GNN_Glucose_3SAT_EchoSAT_SymmetryGRPO_v1_7_WC1_PositiveCap/iter=80.pt,0.703777,0.703777,46557.0,43529.0,True,0.705869,0.705869,44352.0,41138.0,True,0.58614,1.1850489012145995,43519.0,40436.0,True,0.58614,1.1867718563016056,43519.0,40436.0,True,0.440995,1.1044654106839298,39547.0,36846.0,True,True,True,0.000558,3.0,8.0,158.36375427246094,72,1.0986123085021973,True,0.0628385543823242,-0.14514499999999997,-0.08230644561767586,-0.26278199999999996,0.4006884106839298,-3972.0,-3590.0,0.0020919999999999828,-0.11972899999999997,True,True,False
3,/home/sunshixin/chenchao/my_rlaf/runs/analysis/echosat_symmetry_grpo_v1_7_acceptance_iter=80_canonical_low_warmup_wc3_per_instance.csv,2,k9_color8,perm_seed1730,k9_color8_perm1730,complete_coloring,strong_symmetry,large,main,strong,72,549,10.0,5.0,/home/sunshixin/chenchao/my_rlaf/runs/GNN_Glucose_3SAT_EchoSAT_SymmetryGRPO_v1_7_WC1_PositiveCap/iter=80.pt,0.48132,0.48132,39708.0,36681.0,True,0.725242,0.725242,45794.0,42555.0,True,0.743624,1.3425329012145997,45794.0,42555.0,True,0.743624,1.3461069686902762,45794.0,42555.0,True,0.436175,1.1014965230726004,44352.0,41061.0,True,True,True,0.002418,3.0,10.0,157.64891052246094,72,1.0986123085021973,True,0.0628385543823242,-0.307449,-0.24461044561767586,-0.045145000000000046,0.6201765230726004,-1442.0,-1494.0,0.24392200000000003,0.0183819999999999,True,True,False
3,/home/sunshixin/chenchao/my_rlaf/runs/analysis/echosat_symmetry_grpo_v1_7_acceptance_iter=80_canonical_low_warmup_wc3_per_instance.csv,2,k9_color8,perm_seed1731,k9_color8_perm1731,complete_coloring,strong_symmetry,large,main,strong,72,549,10.0,5.0,/home/sunshixin/chenchao/my_rlaf/runs/GNN_Glucose_3SAT_EchoSAT_SymmetryGRPO_v1_7_WC1_PositiveCap/iter=80.pt,0.630389,0.630389,47177.0,43763.0,True,0.747006,0.747006,47579.0,44103.0,True,0.857817,1.7162447629852295,47579.0,44103.0,True,0.857817,1.7224608920532467,47579.0,44103.0,True,0.46314,1.3993457054077387,42307.0,39488.0,True,True,True,0.005013,3.0,8.0,158.0809783935547,72,1.0986123085021973,True,0.0715618133544921,-0.39467700000000006,-0.323115186645508,-0.16724899999999998,0.7689567054077387,-5272.0,-4615.0,0.11661699999999997,0.1108110000000001,True,True,False
3,/home/sunshixin/chenchao/my_rlaf/runs/analysis/echosat_symmetry_grpo_v1_7_acceptance_iter=80_canonical_low_warmup_wc3_per_instance.csv,2,php_p10_h9,base,php_p10_h9,php,strong_symmetry,large,main,strong,90,775,10.0,5.0,/home/sunshixin/chenchao/my_rlaf/runs/GNN_Glucose_3SAT_EchoSAT_SymmetryGRPO_v1_7_WC1_PositiveCap/iter=80.pt,4.43242,4.43242,340861.0,314066.0,True,4.35688,4.35688,322229.0,299168.0,True,4.65526,5.51368776298523,321840.0,298649.0,True,4.65526,5.51836613233769,321840.0,298649.0,True,4.0606,4.995267945692182,340002.0,317794.0,True,True,True,0.003444,3.0,9.0,195.45620727539065,90,1.0986123085021973,True,0.0715618133544921,-0.5946600000000002,-0.523098186645508,-0.3718199999999996,0.562847945692182,18162.0,19145.0,-0.07553999999999927,0.29837999999999987,True,True,False
3,/home/sunshixin/chenchao/my_rlaf/runs/analysis/echosat_symmetry_grpo_v1_7_acceptance_iter=80_canonical_low_warmup_wc3_per_instance.csv,2,php_p10_h9,perm_seed1730,php_p10_h9_perm1730,php,strong_symmetry,large,main,strong,90,775,10.0,5.0,/home/sunshixin/chenchao/my_rlaf/runs/GNN_Glucose_3SAT_EchoSAT_SymmetryGRPO_v1_7_WC1_PositiveCap/iter=80.pt,5.06844,5.06844,413643.0,382655.0,True,4.51173,4.51173,283792.0,262594.0,True,4.2876,5.14602776298523,247778.0,229737.0,True,4.2876,5.150790141230941,247778.0,229737.0,True,3.72202,4.656771954585433,333128.0,310050.0,True,True,True,0.003522,3.0,9.0,194.30953979492188,90,1.0986123085021973,True,0.0715618133544921,-0.5655800000000002,-0.49401818664550845,-1.3464199999999997,-0.4116680454145669,85350.0,80313.0,-0.5567099999999998,-0.22412999999999972,True,True,True
3,/home/sunshixin/chenchao/my_rlaf/runs/analysis/echosat_symmetry_grpo_v1_7_acceptance_iter=80_canonical_low_warmup_wc3_per_instance.csv,2,php_p10_h9,perm_seed1731,php_p10_h9_perm1731,php,strong_symmetry,large,main,strong,90,775,10.0,5.0,/home/sunshixin/chenchao/my_rlaf/runs/GNN_Glucose_3SAT_EchoSAT_SymmetryGRPO_v1_7_WC1_PositiveCap/iter=80.pt,4.16635,4.16635,340033.0,312592.0,True,4.29077,4.29077,290369.0,269757.0,True,4.15715,5.015577762985229,290369.0,269757.0,True,4.15715,5.025317473746776,290369.0,269757.0,True,4.27997,5.219699287101268,331745.0,312573.0,True,True,True,0.008464,3.0,9.0,193.47189331054688,90,1.0986123085021973,True,0.0715618133544921,0.12281999999999993,0.19438181335449212,0.11361999999999917,1.053349287101268,41376.0,42816.0,0.12441999999999975,-0.13362000000000052,False,False,False
3,/home/sunshixin/chenchao/my_rlaf/runs/analysis/echosat_symmetry_grpo_v1_7_acceptance_iter=80_canonical_low_warmup_wc3_per_instance.csv,2,php_p9_h8,base,php_p9_h8,php,strong_symmetry,large,main,strong,72,549,10.0,5.0,/home/sunshixin/chenchao/my_rlaf/runs/GNN_Glucose_3SAT_EchoSAT_SymmetryGRPO_v1_7_WC1_PositiveCap/iter=80.pt,0.706009,0.706009,46557.0,43529.0,True,0.677259,0.677259,44352.0,41138.0,True,0.772281,1.6307087629852297,43519.0,40436.0,True,0.772281,1.6368870307561756,43519.0,40436.0,True,0.50839,1.4445578441106677,39547.0,36846.0,True,True,True,0.005014,3.0,8.0,158.36375427246094,72,1.0986123085021973,True,0.0715618133544921,-0.263891,-0.1923291866455079,-0.197619,0.7385488441106677,-3972.0,-3590.0,-0.028749999999999942,0.09502199999999994,True,True,False
3,/home/sunshixin/chenchao/my_rlaf/runs/analysis/echosat_symmetry_grpo_v1_7_acceptance_iter=80_canonical_low_warmup_wc3_per_instance.csv,2,php_p9_h8,perm_seed1730,php_p9_h8_perm1730,php,strong_symmetry,large,main,strong,72,549,10.0,5.0,/home/sunshixin/chenchao/my_rlaf/runs/GNN_Glucose_3SAT_EchoSAT_SymmetryGRPO_v1_7_WC1_PositiveCap/iter=80.pt,0.503041,0.503041,39708.0,36681.0,True,0.727828,0.727828,45794.0,42555.0,True,0.709688,1.5681157629852294,45794.0,42555.0,True,0.709688,1.5742420103616714,45794.0,42555.0,True,0.4467,1.3828158237161636,44352.0,41061.0,True,True,True,0.004919,3.0,10.0,157.64891052246094,72,1.0986123085021973,True,0.0715618133544921,-0.262988,-0.1914261866455078,-0.056340999999999974,0.8797748237161637,-1442.0,-1494.0,0.22478700000000007,-0.018140000000000045,True,True,False
3,/home/sunshixin/chenchao/my_rlaf/runs/analysis/echosat_symmetry_grpo_v1_7_acceptance_iter=80_canonical_low_warmup_wc3_per_instance.csv,2,php_p9_h8,perm_seed1731,php_p9_h8_perm1731,php,strong_symmetry,large,main,strong,72,549,10.0,5.0,/home/sunshixin/chenchao/my_rlaf/runs/GNN_Glucose_3SAT_EchoSAT_SymmetryGRPO_v1_7_WC1_PositiveCap/iter=80.pt,0.685554,0.685554,47177.0,43763.0,True,0.633642,0.633642,47579.0,44103.0,True,0.754439,1.6128667629852296,47579.0,44103.0,True,0.754439,1.6172468047221302,47579.0,44103.0,True,0.470043,1.4044126180766223,42307.0,39488.0,True,True,True,0.003149,3.0,8.0,158.0809783935547,72,1.0986123085021973,True,0.0715618133544921,-0.284396,-0.2128341866455079,-0.215511,0.7188586180766223,-5272.0,-4615.0,-0.05191199999999996,0.12079699999999993,True,True,False
3,/home/sunshixin/chenchao/my_rlaf/runs/analysis/echosat_symmetry_grpo_v1_7_acceptance_iter=80_canonical_low_warmup_wc3_per_instance.csv,2,random_3sat_control_v160_c704_seed2615,base,random_3sat_control_v160_c704_seed2615,random_3sat_control,non_symmetric_control,large,control,none,160,704,10.0,5.0,/home/sunshixin/chenchao/my_rlaf/runs/GNN_Glucose_3SAT_EchoSAT_SymmetryGRPO_v1_7_WC1_PositiveCap/iter=80.pt,0.071948,0.071948,6771.0,5767.0,True,0.053127,0.053127,5702.0,4813.0,True,0.052384,0.9108117629852296,4859.0,4212.0,True,0.052384,0.9173440847954154,4859.0,4212.0,True,0.050433,0.9869548981499076,5183.0,4431.0,True,False,False,0.005151,3.0,22.0,360.5569458007813,160,1.0986123085021973,True,0.0715618133544921,-0.0019510000000000013,0.06961081335449215,-0.021515,0.9150068981499075,324.0,219.0,-0.018820999999999997,-0.0007430000000000006,True,True,False
3,/home/sunshixin/chenchao/my_rlaf/runs/analysis/echosat_symmetry_grpo_v1_7_acceptance_iter=80_canonical_low_warmup_wc3_per_instance.csv,2,random_3sat_control_v160_c704_seed2615,perm_seed1730,random_3sat_control_v160_c704_seed2615_perm1730,random_3sat_control,non_symmetric_control,large,control,none,160,704,10.0,5.0,/home/sunshixin/chenchao/my_rlaf/runs/GNN_Glucose_3SAT_EchoSAT_SymmetryGRPO_v1_7_WC1_PositiveCap/iter=80.pt,0.103456,0.103456,8522.0,7299.0,True,0.084637,0.084637,7934.0,6809.0,True,0.049035,0.2038134805297851,4602.0,4008.0,True,0.049035,0.2071144903228879,4602.0,4008.0,True,0.044679,0.2175454490173459,5196.0,4419.0,True,False,False,0.001862,3.0,22.0,363.3272399902344,160,1.0986123085021973,True,0.014786958694458,-0.004355999999999999,0.010430958694458009,-0.058777,0.1140894490173459,594.0,411.0,-0.018819000000000002,-0.035602,True,True,False
3,/home/sunshixin/chenchao/my_rlaf/runs/analysis/echosat_symmetry_grpo_v1_7_acceptance_iter=80_canonical_low_warmup_wc3_per_instance.csv,2,random_3sat_control_v160_c704_seed2615,perm_seed1731,random_3sat_control_v160_c704_seed2615_perm1731,random_3sat_control,non_symmetric_control,large,control,none,160,704,10.0,5.0,/home/sunshixin/chenchao/my_rlaf/runs/GNN_Glucose_3SAT_EchoSAT_SymmetryGRPO_v1_7_WC1_PositiveCap/iter=80.pt,0.046925,0.046925,5676.0,4847.0,True,0.095539,0.095539,8017.0,6851.0,True,0.0506,0.2053784805297851,4961.0,4384.0,True,0.0506,0.2117419784545302,4961.0,4384.0,True,0.049946,0.2258749371489882,5272.0,4483.0,True,False,False,0.004939,3.0,22.0,364.4381408691406,160,1.0986123085021973,True,0.014786958694458,-0.0006540000000000018,0.01413295869445802,0.003020999999999996,0.17894993714898821,311.0,99.0,0.048614,-0.044939,True,False,False
3,/home/sunshixin/chenchao/my_rlaf/runs/analysis/echosat_symmetry_grpo_v1_7_acceptance_iter=80_canonical_low_warmup_wc3_per_instance.csv,2,random_3sat_control_v180_c760_seed3301,base,random_3sat_control_v180_c760_seed3301,random_3sat_control,non_symmetric_control,large,control,none,180,760,10.0,5.0,/home/sunshixin/chenchao/my_rlaf/runs/GNN_Glucose_3SAT_EchoSAT_SymmetryGRPO_v1_7_WC1_PositiveCap/iter=80.pt,0.598114,0.598114,27442.0,23617.0,True,0.13698,0.13698,10470.0,8910.0,True,0.010219,0.1649974805297851,693.0,567.0,True,0.010219,0.1711514642730951,693.0,567.0,True,0.182854,0.3585734229675531,15298.0,13270.0,True,False,False,0.004742,3.0,28.0,430.4636840820313,180,1.0986123085021973,True,0.014786958694458,0.17263499999999998,0.18742195869445802,-0.4152600000000001,-0.2395405770324469,14605.0,12703.0,-0.46113400000000004,-0.12676099999999998,False,True,True
3,/home/sunshixin/chenchao/my_rlaf/runs/analysis/echosat_symmetry_grpo_v1_7_acceptance_iter=80_canonical_low_warmup_wc3_per_instance.csv,2,random_3sat_control_v180_c760_seed3301,perm_seed1730,random_3sat_control_v180_c760_seed3301_perm1730,random_3sat_control,non_symmetric_control,large,control,none,180,760,10.0,5.0,/home/sunshixin/chenchao/my_rlaf/runs/GNN_Glucose_3SAT_EchoSAT_SymmetryGRPO_v1_7_WC1_PositiveCap/iter=80.pt,1.08857,1.08857,47649.0,41152.0,True,0.092532,0.092532,7421.0,6253.0,True,0.006393,0.1611714805297851,643.0,525.0,True,0.006393,0.1631167440081238,643.0,525.0,True,0.161064,0.3325747027025819,13143.0,11385.0,True,False,False,0.000458,3.0,28.0,431.2578125,180,1.0986123085021973,True,0.014786958694458,0.154671,0.1694579586944581,-0.927506,-0.7559952972974182,12500.0,10860.0,-0.996038,-0.08613900000000001,False,True,True
3,/home/sunshixin/chenchao/my_rlaf/runs/analysis/echosat_symmetry_grpo_v1_7_acceptance_iter=80_canonical_low_warmup_wc3_per_instance.csv,2,random_3sat_control_v180_c760_seed3301,perm_seed1731,random_3sat_control_v180_c760_seed3301_perm1731,random_3sat_control,non_symmetric_control,large,control,none,180,760,10.0,5.0,/home/sunshixin/chenchao/my_rlaf/runs/GNN_Glucose_3SAT_EchoSAT_SymmetryGRPO_v1_7_WC1_PositiveCap/iter=80.pt,0.491176,0.491176,27197.0,23469.0,True,0.124672,0.124672,9011.0,7714.0,True,0.009418,0.1641964805297851,590.0,484.0,True,0.009418,0.1681674182071686,590.0,484.0,True,0.2118,0.3853363769016266,14239.0,12341.0,True,False,False,0.002371,3.0,28.0,430.8958129882813,180,1.0986123085021973,True,0.014786958694458,0.20238199999999998,0.217168958694458,-0.279376,-0.10583962309837341,13649.0,11857.0,-0.366504,-0.11525400000000001,False,True,True
3,/home/sunshixin/chenchao/my_rlaf/runs/analysis/echosat_symmetry_grpo_v1_7_acceptance_iter=80_canonical_low_warmup_wc3_per_instance.csv,2,random_3sat_control_v220_c928_seed3303,base,random_3sat_control_v220_c928_seed3303,random_3sat_control,non_symmetric_control,large,control,none,220,928,10.0,5.0,/home/sunshixin/chenchao/my_rlaf/runs/GNN_Glucose_3SAT_EchoSAT_SymmetryGRPO_v1_7_WC1_PositiveCap/iter=80.pt,0.742378,0.742378,30277.0,25994.0,True,0.446642,0.446642,22265.0,19025.0,True,0.002561,0.1573394805297851,62.0,4.0,True,0.002561,0.1659901477276683,62.0,4.0,True,0.009322,0.1875381064221263,417.0,310.0,True,False,False,0.007103,3.0,39.0,455.798828125,220,1.0986123085021973,True,0.014786958694458,0.0067610000000000005,0.021547958694457997,-0.7330559999999999,-0.5548398935778737,355.0,306.0,-0.295736,-0.444081,False,True,True
3,/home/sunshixin/chenchao/my_rlaf/runs/analysis/echosat_symmetry_grpo_v1_7_acceptance_iter=80_canonical_low_warmup_wc3_per_instance.csv,2,random_3sat_control_v220_c928_seed3303,perm_seed1730,random_3sat_control_v220_c928_seed3303_perm1730,random_3sat_control,non_symmetric_control,large,control,none,220,928,10.0,5.0,/home/sunshixin/chenchao/my_rlaf/runs/GNN_Glucose_3SAT_EchoSAT_SymmetryGRPO_v1_7_WC1_PositiveCap/iter=80.pt,1.67254,1.67254,52742.0,45477.0,True,0.206919,0.206919,13039.0,11071.0,True,0.005169,0.1599474805297851,62.0,4.0,True,0.005169,0.1674840651348829,62.0,4.0,True,0.00189,0.1789920238293409,309.0,219.0,True,False,False,0.006042,3.0,39.0,453.5053405761719,220,1.0986123085021973,True,0.014786958694458,-0.003279,0.011507958694458004,-1.67065,-1.493547976170659,247.0,215.0,-1.4656209999999998,-0.20174999999999998,True,True,True
3,/home/sunshixin/chenchao/my_rlaf/runs/analysis/echosat_symmetry_grpo_v1_7_acceptance_iter=80_canonical_low_warmup_wc3_per_instance.csv,2,random_3sat_control_v220_c928_seed3303,perm_seed1731,random_3sat_control_v220_c928_seed3303_perm1731,random_3sat_control,non_symmetric_control,large,control,none,220,928,10.0,5.0,/home/sunshixin/chenchao/my_rlaf/runs/GNN_Glucose_3SAT_EchoSAT_SymmetryGRPO_v1_7_WC1_PositiveCap/iter=80.pt,0.061375,0.061375,4930.0,4147.0,True,0.352392,0.352392,19684.0,16814.0,True,0.005284,0.1600624805297851,63.0,4.0,True,0.005284,0.1675757058880329,63.0,4.0,True,0.006679,0.1837576645824909,434.0,307.0,True,False,False,0.005987,3.0,39.0,458.748046875,220,1.0986123085021973,True,0.014786958694458,0.0013950000000000004,0.016181958694458015,-0.054696,0.1223826645824909,371.0,303.0,0.29101699999999997,-0.34710799999999997,False,True,False
3,/home/sunshixin/chenchao/my_rlaf/runs/analysis/echosat_symmetry_grpo_v1_7_acceptance_iter=80_canonical_low_warmup_wc3_per_instance.csv,2,random_3sat_control_v220_c942_seed3304,base,random_3sat_control_v220_c942_seed3304,random_3sat_control,non_symmetric_control,large,control,none,220,942,10.0,5.0,/home/sunshixin/chenchao/my_rlaf/runs/GNN_Glucose_3SAT_EchoSAT_SymmetryGRPO_v1_7_WC1_PositiveCap/iter=80.pt,0.656544,0.656544,35472.0,30813.0,True,0.969336,0.969336,41376.0,36046.0,True,0.472017,0.6465513208312988,26754.0,23980.0,True,0.472017,0.653810682338953,26754.0,23980.0,True,0.686729,0.8719361211359501,41582.0,37253.0,True,False,False,0.005771,3.0,26.0,416.5282897949219,220,1.0986123085021973,True,0.003413438796997,0.21471200000000001,0.21812543879699708,0.030185000000000017,0.21539212113595008,14828.0,13273.0,0.31279199999999996,-0.49731899999999996,False,False,False
3,/home/sunshixin/chenchao/my_rlaf/runs/analysis/echosat_symmetry_grpo_v1_7_acceptance_iter=80_canonical_low_warmup_wc3_per_instance.csv,2,random_3sat_control_v220_c942_seed3304,perm_seed1730,random_3sat_control_v220_c942_seed3304_perm1730,random_3sat_control,non_symmetric_control,large,control,none,220,942,10.0,5.0,/home/sunshixin/chenchao/my_rlaf/runs/GNN_Glucose_3SAT_EchoSAT_SymmetryGRPO_v1_7_WC1_PositiveCap/iter=80.pt,0.649203,0.649203,34825.0,30052.0,True,0.623286,0.623286,33221.0,28818.0,True,0.425209,0.5997433208312988,26445.0,23804.0,True,0.425209,0.6069451459853052,26445.0,23804.0,True,0.636383,0.8215325847823024,40651.0,36413.0,True,False,False,0.005733,3.0,26.0,423.32037353515625,220,1.0986123085021973,True,0.003413438796997,0.21117400000000003,0.21458743879699715,-0.012819999999999943,0.17232958478230243,14206.0,12609.0,-0.025916999999999968,-0.198077,False,True,False
3,/home/sunshixin/chenchao/my_rlaf/runs/analysis/echosat_symmetry_grpo_v1_7_acceptance_iter=80_canonical_low_warmup_wc3_per_instance.csv,2,random_3sat_control_v220_c942_seed3304,perm_seed1731,random_3sat_control_v220_c942_seed3304_perm1731,random_3sat_control,non_symmetric_control,large,control,none,220,942,10.0,5.0,/home/sunshixin/chenchao/my_rlaf/runs/GNN_Glucose_3SAT_EchoSAT_SymmetryGRPO_v1_7_WC1_PositiveCap/iter=80.pt,0.763745,0.763745,38737.0,33758.0,True,0.850537,0.850537,38909.0,33544.0,True,0.455892,0.6304263208312988,26149.0,23448.0,True,0.455892,0.6348325633091927,26149.0,23448.0,True,0.646167,0.8285210021061897,40689.0,36494.0,True,False,False,0.002925,3.0,26.0,418.775390625,220,1.0986123085021973,True,0.003413438796997,0.19027500000000003,0.19368843879699704,-0.11757799999999996,0.06477600210618972,14540.0,13046.0,0.08679199999999998,-0.39464499999999997,False,True,False
3,/home/sunshixin/chenchao/my_rlaf/runs/analysis/echosat_symmetry_grpo_v1_7_acceptance_iter=80_canonical_low_warmup_wc3_per_instance.csv,2,random_3sat_control_v260_c1097_seed3305,base,random_3sat_control_v260_c1097_seed3305,random_3sat_control,non_symmetric_control,large,control,none,260,1097,10.0,5.0,/home/sunshixin/chenchao/my_rlaf/runs/GNN_Glucose_3SAT_EchoSAT_SymmetryGRPO_v1_7_WC1_PositiveCap/iter=80.pt,6.56726,6.56726,216854.0,188499.0,True,2.32823,2.32823,73626.0,64181.0,True,1.55566,1.7301943208312989,60642.0,54350.0,True,1.55566,1.7409817694457177,60642.0,54350.0,True,1.12203,1.3107652082427146,51164.0,45305.0,True,False,False,0.009173,3.0,35.0,492.83697509765625,260,1.0986123085021973,True,0.003413438796997,-0.43362999999999996,-0.4302165612030031,-5.4452300000000005,-5.2564947917572855,-9478.0,-9045.0,-4.23903,-0.77257,True,True,True
3,/home/sunshixin/chenchao/my_rlaf/runs/analysis/echosat_symmetry_grpo_v1_7_acceptance_iter=80_canonical_low_warmup_wc3_per_instance.csv,2,random_3sat_control_v260_c1097_seed3305,perm_seed1730,random_3sat_control_v260_c1097_seed3305_perm1730,random_3sat_control,non_symmetric_control,large,control,none,260,1097,10.0,5.0,/home/sunshixin/chenchao/my_rlaf/runs/GNN_Glucose_3SAT_EchoSAT_SymmetryGRPO_v1_7_WC1_PositiveCap/iter=80.pt,7.43462,7.43462,224505.0,195557.0,True,0.751589,0.751589,27246.0,23387.0,True,1.7613,1.935834320831299,60686.0,54724.0,True,1.7613,1.941202055419445,60686.0,54724.0,True,0.984967,1.168282494216442,47274.0,41559.0,True,False,False,0.003776,3.0,35.0,494.8829650878906,260,1.0986123085021973,True,0.003413438796997,-0.776333,-0.7729195612030029,-6.449653,-6.266337505783557,-13412.0,-13165.0,-6.683031,1.0097110000000002,True,True,True
3,/home/sunshixin/chenchao/my_rlaf/runs/analysis/echosat_symmetry_grpo_v1_7_acceptance_iter=80_canonical_low_warmup_wc3_per_instance.csv,2,random_3sat_control_v260_c1097_seed3305,perm_seed1731,random_3sat_control_v260_c1097_seed3305_perm1731,random_3sat_control,non_symmetric_control,large,control,none,260,1097,10.0,5.0,/home/sunshixin/chenchao/my_rlaf/runs/GNN_Glucose_3SAT_EchoSAT_SymmetryGRPO_v1_7_WC1_PositiveCap/iter=80.pt,3.92293,3.92293,105916.0,92052.0,True,5.44886,5.44886,162997.0,142194.0,True,1.10024,1.274774320831299,48534.0,43247.0,True,1.10024,1.2833392930589915,48534.0,43247.0,True,0.750286,0.9367987318559884,40383.0,35647.0,True,False,False,0.006953,3.0,35.0,493.7220764160156,260,1.0986123085021973,True,0.003413438796997,-0.3499540000000001,-0.34654056120300314,-3.172644,-2.9861312681440118,-8151.0,-7600.0,1.5259299999999998,-4.3486199999999995,True,True,True
3,/home/sunshixin/chenchao/my_rlaf/runs/analysis/echosat_symmetry_grpo_v1_7_acceptance_iter=80_canonical_low_warmup_wc3_per_instance.csv,2,random_3sat_control_v260_c1113_seed3306,base,random_3sat_control_v260_c1113_seed3306,random_3sat_control,non_symmetric_control,large,control,none,260,1113,10.0,5.0,/home/sunshixin/chenchao/my_rlaf/runs/GNN_Glucose_3SAT_EchoSAT_SymmetryGRPO_v1_7_WC1_PositiveCap/iter=80.pt,5.47851,5.47851,178146.0,155541.0,True,5.96797,5.96797,186876.0,163308.0,True,6.43187,6.606404320831299,226200.0,205404.0,True,6.43187,6.610959526955664,226200.0,205404.0,True,6.324,6.506502965752661,259876.0,229090.0,True,False,False,0.002803,3.0,34.0,480.0674743652344,260,0.6931471824645996,True,0.003413438796997,-0.10787000000000013,-0.10445656120300306,0.8454899999999999,1.0279929657526612,33676.0,23686.0,0.48946000000000023,0.46389999999999976,True,False,False
3,/home/sunshixin/chenchao/my_rlaf/runs/analysis/echosat_symmetry_grpo_v1_7_acceptance_iter=80_canonical_low_warmup_wc3_per_instance.csv,2,random_3sat_control_v260_c1113_seed3306,perm_seed1730,random_3sat_control_v260_c1113_seed3306_perm1730,random_3sat_control,non_symmetric_control,large,control,none,260,1113,10.0,5.0,/home/sunshixin/chenchao/my_rlaf/runs/GNN_Glucose_3SAT_EchoSAT_SymmetryGRPO_v1_7_WC1_PositiveCap/iter=80.pt,5.08634,5.08634,171334.0,149746.0,True,6.58688,6.58688,206936.0,180741.0,True,6.23187,6.406404320831299,206101.0,186162.0,True,6.23187,6.414642130287528,206101.0,186162.0,True,6.51786,6.704045569084525,258525.0,228633.0,True,False,False,0.006629,3.0,34.0,478.7396240234375,260,0.6931471824645996,True,0.003413438796997,0.28598999999999997,0.28940343879699704,1.43152,1.6177055690845252,52424.0,42471.0,1.50054,-0.35501000000000005,False,False,False
3,/home/sunshixin/chenchao/my_rlaf/runs/analysis/echosat_symmetry_grpo_v1_7_acceptance_iter=80_canonical_low_warmup_wc3_per_instance.csv,2,random_3sat_control_v260_c1113_seed3306,perm_seed1731,random_3sat_control_v260_c1113_seed3306_perm1731,random_3sat_control,non_symmetric_control,large,control,none,260,1113,10.0,5.0,/home/sunshixin/chenchao/my_rlaf/runs/GNN_Glucose_3SAT_EchoSAT_SymmetryGRPO_v1_7_WC1_PositiveCap/iter=80.pt,6.03339,6.03339,202621.0,177648.0,True,6.90202,6.90202,214985.0,187707.0,True,6.14244,6.250103869857788,217745.0,196903.0,True,6.14244,6.255016550937354,217745.0,196903.0,True,6.33268,6.448189814716041,264004.0,232751.0,True,False,False,0.003346,3.0,34.0,481.5274658203125,260,0.6931471824645996,True,0.0029332637786865,0.1902400000000002,0.1931732637786867,0.29929000000000006,0.41479981471604077,46259.0,35848.0,0.8686300000000005,-0.7595800000000006,False,False,False
3,/home/sunshixin/chenchao/my_rlaf/runs/analysis/echosat_symmetry_grpo_v1_7_acceptance_iter=80_canonical_low_warmup_wc3_per_instance.csv,2,random_3sat_control_v300_c1266_seed3307,base,random_3sat_control_v300_c1266_seed3307,random_3sat_control,non_symmetric_control,large,control,none,300,1266,10.0,5.0,/home/sunshixin/chenchao/my_rlaf/runs/GNN_Glucose_3SAT_EchoSAT_SymmetryGRPO_v1_7_WC1_PositiveCap/iter=80.pt,0.233502,0.233502,12894.0,10895.0,True,2.53077,2.53077,71356.0,61376.0,True,0.004246,0.111909869857788,288.0,182.0,True,0.004246,0.117526334670186,288.0,182.0,True,0.031178,0.1473915984488725,2222.0,1740.0,True,False,False,0.003954,3.0,48.0,628.0397338867188,300,1.0986123085021973,True,0.0029332637786865,0.026932,0.029865263778686507,-0.20232399999999998,-0.08611040155112748,1934.0,1558.0,2.297268,-2.5265239999999998,False,True,True
3,/home/sunshixin/chenchao/my_rlaf/runs/analysis/echosat_symmetry_grpo_v1_7_acceptance_iter=80_canonical_low_warmup_wc3_per_instance.csv,2,random_3sat_control_v300_c1266_seed3307,perm_seed1730,random_3sat_control_v300_c1266_seed3307_perm1730,random_3sat_control,non_symmetric_control,large,control,none,300,1266,10.0,5.0,/home/sunshixin/chenchao/my_rlaf/runs/GNN_Glucose_3SAT_EchoSAT_SymmetryGRPO_v1_7_WC1_PositiveCap/iter=80.pt,1.47131,1.47131,43103.0,37339.0,True,2.11005,2.11005,63498.0,54506.0,True,0.011296,0.118959869857788,321.0,205.0,True,0.011296,0.128913646395564,321.0,205.0,True,0.038592,0.1591429101742505,2895.0,2378.0,True,False,False,0.008265,3.0,48.0,619.230712890625,300,1.0986123085021973,True,0.0029332637786865,0.027296,0.03022926377868651,-1.432718,-1.3121670898257494,2574.0,2173.0,0.6387400000000003,-2.098754,False,True,True
3,/home/sunshixin/chenchao/my_rlaf/runs/analysis/echosat_symmetry_grpo_v1_7_acceptance_iter=80_canonical_low_warmup_wc3_per_instance.csv,2,random_3sat_control_v300_c1266_seed3307,perm_seed1731,random_3sat_control_v300_c1266_seed3307_perm1731,random_3sat_control,non_symmetric_control,large,control,none,300,1266,10.0,5.0,/home/sunshixin/chenchao/my_rlaf/runs/GNN_Glucose_3SAT_EchoSAT_SymmetryGRPO_v1_7_WC1_PositiveCap/iter=80.pt,2.02009,2.02009,66962.0,57424.0,True,0.143117,0.143117,7524.0,6304.0,True,0.00904,0.116703869857788,375.0,247.0,True,0.00904,0.1248213673402666,375.0,247.0,True,0.044174,0.1628886311189532,2790.0,2244.0,True,False,False,0.006323,3.0,48.0,626.5236206054688,300,1.0986123085021973,True,0.0029332637786865,0.035134,0.03806726377868659,-1.9759160000000002,-1.857201368881047,2415.0,1997.0,-1.8769730000000002,-0.134077,False,True,True
3,/home/sunshixin/chenchao/my_rlaf/runs/analysis/echosat_symmetry_grpo_v1_7_acceptance_iter=80_canonical_low_warmup_wc3_per_instance.csv,2,subset_cardinality_bw10,base,subset_cardinality_bw10,subset_cardinality,weak_symmetry,large,main,weak,41,92,10.0,5.0,/home/sunshixin/chenchao/my_rlaf/runs/GNN_Glucose_3SAT_EchoSAT_SymmetryGRPO_v1_7_WC1_PositiveCap/iter=80.pt,0.001679,0.001679,193.0,141.0,True,0.0,0.0,237.0,193.0,True,0.001837,0.109500869857788,162.0,142.0,True,0.001837,0.1106971201772689,162.0,142.0,True,0.002338,0.1141313839559555,188.0,155.0,True,True,True,0.0,3.0,8.0,94.86821746826172,41,1.0986123085021973,True,0.0029332637786865,0.0005009999999999997,0.0034342637786865943,0.0006589999999999999,0.1124523839559555,26.0,13.0,-0.001679,0.001837,False,False,False
3,/home/sunshixin/chenchao/my_rlaf/runs/analysis/echosat_symmetry_grpo_v1_7_acceptance_iter=80_canonical_low_warmup_wc3_per_instance.csv,2,subset_cardinality_bw10,perm_seed1730,subset_cardinality_bw10_perm1730,subset_cardinality,weak_symmetry,large,main,weak,41,92,10.0,5.0,/home/sunshixin/chenchao/my_rlaf/runs/GNN_Glucose_3SAT_EchoSAT_SymmetryGRPO_v1_7_WC1_PositiveCap/iter=80.pt,0.0,0.0,218.0,167.0,True,0.002933,0.002933,221.0,169.0,True,0.001704,0.109367869857788,156.0,137.0,True,0.001704,0.1128991455842256,156.0,137.0,True,0.00272,0.1168484093629121,176.0,143.0,True,True,True,0.002423,3.0,10.0,98.69181823730467,41,1.0986123085021973,True,0.0029332637786865,0.0010160000000000002,0.003949263778686499,0.00272,0.1168484093629121,20.0,6.0,0.002933,-0.0012289999999999998,False,False,False
3,/home/sunshixin/chenchao/my_rlaf/runs/analysis/echosat_symmetry_grpo_v1_7_acceptance_iter=80_canonical_low_warmup_wc3_per_instance.csv,2,subset_cardinality_bw10,perm_seed1731,subset_cardinality_bw10_perm1731,subset_cardinality,weak_symmetry,large,main,weak,41,92,10.0,5.0,/home/sunshixin/chenchao/my_rlaf/runs/GNN_Glucose_3SAT_EchoSAT_SymmetryGRPO_v1_7_WC1_PositiveCap/iter=80.pt,0.001282,0.001282,202.0,147.0,True,0.000597,0.000597,247.0,155.0,True,0.001598,0.109261869857788,203.0,164.0,True,0.001598,0.1122616216391325,203.0,164.0,True,0.002329,0.115925885417819,214.0,153.0,True,True,True,0.001902,3.0,7.0,87.48927307128906,41,1.0986123085021973,True,0.0029332637786865,0.0007309999999999999,0.0036642637786864912,0.001047,0.11464388541781899,11.0,-11.0,-0.000685,0.0010010000000000002,False,False,False
3,/home/sunshixin/chenchao/my_rlaf/runs/analysis/echosat_symmetry_grpo_v1_7_acceptance_iter=80_canonical_low_warmup_wc3_per_instance.csv,2,subset_cardinality_bw12,base,subset_cardinality_bw12,subset_cardinality,weak_symmetry,large,main,weak,49,108,10.0,5.0,/home/sunshixin/chenchao/my_rlaf/runs/GNN_Glucose_3SAT_EchoSAT_SymmetryGRPO_v1_7_WC1_PositiveCap/iter=80.pt,0.00183,0.00183,442.0,342.0,True,0.003759,0.003759,491.0,414.0,True,0.002079,0.109742869857788,384.0,312.0,True,0.002079,0.1127269992207288,384.0,312.0,True,0.000661,0.1142422629994154,425.0,309.0,True,True,True,0.001834,3.0,12.0,104.73371887207033,49,0.6931471824645996,True,0.0029332637786865,-0.001418,0.0015152637786865902,-0.001169,0.1124122629994154,41.0,-3.0,0.0019290000000000002,-0.00168,True,True,False
3,/home/sunshixin/chenchao/my_rlaf/runs/analysis/echosat_symmetry_grpo_v1_7_acceptance_iter=80_canonical_low_warmup_wc3_per_instance.csv,2,subset_cardinality_bw12,perm_seed1730,subset_cardinality_bw12_perm1730,subset_cardinality,weak_symmetry,large,main,weak,49,108,10.0,5.0,/home/sunshixin/chenchao/my_rlaf/runs/GNN_Glucose_3SAT_EchoSAT_SymmetryGRPO_v1_7_WC1_PositiveCap/iter=80.pt,0.000263,0.000263,440.0,329.0,True,0.003138,0.003138,397.0,314.0,True,0.002308,0.0551985391693115,343.0,268.0,True,0.002308,0.0568602841060161,343.0,268.0,True,0.002975,0.0782096190059185,388.0,311.0,True,True,True,0.000515,3.0,9.0,101.82083892822266,49,1.0986123085021973,True,0.0206823348999023,0.0006670000000000001,0.021349334899902393,0.002712,0.0779466190059185,45.0,43.0,0.002875,-0.00083,False,False,False
3,/home/sunshixin/chenchao/my_rlaf/runs/analysis/echosat_symmetry_grpo_v1_7_acceptance_iter=80_canonical_low_warmup_wc3_per_instance.csv,2,subset_cardinality_bw12,perm_seed1731,subset_cardinality_bw12_perm1731,subset_cardinality,weak_symmetry,large,main,weak,49,108,10.0,5.0,/home/sunshixin/chenchao/my_rlaf/runs/GNN_Glucose_3SAT_EchoSAT_SymmetryGRPO_v1_7_WC1_PositiveCap/iter=80.pt,0.001843,0.001843,393.0,297.0,True,0.003425,0.003425,439.0,311.0,True,0.002078,0.0549685391693115,363.0,285.0,True,0.002078,0.0560813774450421,363.0,285.0,True,0.000905,0.0755907123449444,348.0,296.0,True,True,True,0.0,3.0,11.0,104.3914794921875,49,1.0986123085021973,True,0.0206823348999023,-0.001173,0.019509334899902295,-0.000938,0.0737477123449444,-15.0,11.0,0.001582,-0.001347,True,True,False
3,/home/sunshixin/chenchao/my_rlaf/runs/analysis/echosat_symmetry_grpo_v1_7_acceptance_iter=80_canonical_low_warmup_wc3_per_instance.csv,2,subset_cardinality_bw8,base,subset_cardinality_bw8,subset_cardinality,weak_symmetry,medium,main,weak,33,76,10.0,5.0,/home/sunshixin/chenchao/my_rlaf/runs/GNN_Glucose_3SAT_EchoSAT_SymmetryGRPO_v1_7_WC1_PositiveCap/iter=80.pt,0.000937,0.000937,89.0,67.0,True,0.002333,0.002333,106.0,76.0,True,0.001244,0.0541345391693115,84.0,69.0,True,0.001244,0.0568748641981482,84.0,69.0,True,0.001722,0.0780351990980506,94.0,76.0,True,True,True,0.001609,3.0,13.0,75.20963287353516,33,1.0986123085021973,True,0.0206823348999023,0.0004779999999999999,0.02116033489990239,0.000785,0.0770981990980506,10.0,7.0,0.001396,-0.001089,False,False,False
3,/home/sunshixin/chenchao/my_rlaf/runs/analysis/echosat_symmetry_grpo_v1_7_acceptance_iter=80_canonical_low_warmup_wc3_per_instance.csv,2,subset_cardinality_bw8,perm_seed1730,subset_cardinality_bw8_perm1730,subset_cardinality,weak_symmetry,medium,main,weak,33,76,10.0,5.0,/home/sunshixin/chenchao/my_rlaf/runs/GNN_Glucose_3SAT_EchoSAT_SymmetryGRPO_v1_7_WC1_PositiveCap/iter=80.pt,0.000921,0.000921,110.0,76.0,True,0.000582,0.000582,127.0,80.0,True,0.001294,0.0541845391693115,100.0,79.0,True,0.001294,0.0568169621633291,100.0,79.0,True,0.0,0.0762052970632314,119.0,76.0,True,True,True,0.001539,3.0,15.0,80.51530456542969,33,1.0986123085021973,True,0.0206823348999023,-0.001294,0.0193883348999023,-0.000921,0.07528429706323139,19.0,-3.0,-0.000339,0.000712,True,True,False
3,/home/sunshixin/chenchao/my_rlaf/runs/analysis/echosat_symmetry_grpo_v1_7_acceptance_iter=80_canonical_low_warmup_wc3_per_instance.csv,2,subset_cardinality_bw8,perm_seed1731,subset_cardinality_bw8_perm1731,subset_cardinality,weak_symmetry,medium,main,weak,33,76,10.0,5.0,/home/sunshixin/chenchao/my_rlaf/runs/GNN_Glucose_3SAT_EchoSAT_SymmetryGRPO_v1_7_WC1_PositiveCap/iter=80.pt,0.00092,0.00092,91.0,70.0,True,0.0,0.0,102.0,79.0,True,0.001126,0.0540165391693115,81.0,70.0,True,0.001126,0.0562488903601169,81.0,70.0,True,0.0,0.0758052252600193,91.0,76.0,True,True,True,0.001151,3.0,12.0,79.57261657714844,33,1.0986123085021973,True,0.0206823348999023,-0.001126,0.019556334899902404,-0.00092,0.0748852252600193,10.0,6.0,-0.00092,0.001126,True,True,False
