warmup_conflicts,source_csv,repeat_id,base_instance_id,variant,instance_id,family,control_type,scale,benchmark_role,symmetry_strength,num_vars,num_clauses,final_cpu_lim,warmup_cpu_lim,checkpoint,plain_unguided_glucose_final_cpu_time,plain_unguided_glucose_protocol_accounted_time,plain_unguided_glucose_final_decisions,plain_unguided_glucose_final_conflicts,plain_unguided_glucose_final_solved,neutral_weighted_glucose_final_cpu_time,neutral_weighted_glucose_protocol_accounted_time,neutral_weighted_glucose_final_decisions,neutral_weighted_glucose_final_conflicts,neutral_weighted_glucose_final_solved,static_weighted_glucose_final_cpu_time,static_weighted_glucose_protocol_accounted_time,static_weighted_glucose_final_decisions,static_weighted_glucose_final_conflicts,static_weighted_glucose_final_solved,cached_trace_no_adapter_final_final_cpu_time,cached_trace_no_adapter_final_protocol_accounted_time,cached_trace_no_adapter_final_final_decisions,cached_trace_no_adapter_final_final_conflicts,cached_trace_no_adapter_final_final_solved,event_adapter_final_final_cpu_time,event_adapter_final_protocol_accounted_time,event_adapter_final_final_decisions,event_adapter_final_final_conflicts,event_adapter_final_final_solved,known_expected_result,event_adapter_final_known_expected_match,warmup_cpu_time,warmup_conflict_count,warmup_decisions,event_state_l2_sum,event_state_nonzero_vars,event_adapter_graph_gate_evidence,event_adapter_graph_gate_open,adapter_inference_wall_time,adapter_cached_final_cpu_delta,adapter_cached_protocol_delta,adapter_plain_final_cpu_delta,adapter_plain_protocol_delta,adapter_cached_decisions_delta,adapter_cached_conflicts_delta,neutral_plain_final_cpu_delta,static_neutral_final_cpu_delta,adapter_cached_final_cpu_improved,adapter_plain_final_cpu_improved,adapter_plain_protocol_improved
1,/home/sunshixin/chenchao/my_rlaf/runs/analysis/echosat_symmetry_grpo_v1_7_acceptance_iter=50_canonical_low_warmup_wc1_per_instance.csv,0,k10_color9,base,k10_color9,complete_coloring,strong_symmetry,large,main,strong,90,775,10.0,5.0,/home/sunshixin/chenchao/my_rlaf/runs/GNN_Glucose_3SAT_EchoSAT_SymmetryGRPO_v1_7_WC1_PositiveCap/iter=50.pt,4.32823,4.32823,340861.0,314066.0,True,4.1475,4.1475,322229.0,299168.0,True,4.50031,4.667842444000244,321840.0,298649.0,True,4.50031,4.682708847287893,321840.0,298649.0,True,3.41425,3.609632884687185,275905.0,254385.0,True,True,True,0.0126,1.0,8.0,136.93209838867188,90,0.6931471824645996,True,0.0129840373992919,-1.0860599999999998,-1.0730759626007083,-0.9139799999999996,-0.7185971153128148,-45935.0,-44264.0,-0.1807299999999996,0.35280999999999985,True,True,True
1,/home/sunshixin/chenchao/my_rlaf/runs/analysis/echosat_symmetry_grpo_v1_7_acceptance_iter=50_canonical_low_warmup_wc1_per_instance.csv,0,k10_color9,perm_seed1730,k10_color9_perm1730,complete_coloring,strong_symmetry,large,main,strong,90,775,10.0,5.0,/home/sunshixin/chenchao/my_rlaf/runs/GNN_Glucose_3SAT_EchoSAT_SymmetryGRPO_v1_7_WC1_PositiveCap/iter=50.pt,5.0366,5.0366,413643.0,382655.0,True,4.2341,4.2341,283792.0,262594.0,True,4.71538,4.882912444000244,247778.0,229737.0,True,4.71538,4.893954630808532,247778.0,229737.0,True,3.71427,3.905828668207824,250180.0,231632.0,True,True,True,0.010145,1.0,8.0,136.98228454589844,90,0.6931471824645996,True,0.0129840373992919,-1.0011099999999997,-0.9881259626007086,-1.32233,-1.1307713317921761,2402.0,1895.0,-0.8025000000000002,0.48127999999999993,True,True,True
1,/home/sunshixin/chenchao/my_rlaf/runs/analysis/echosat_symmetry_grpo_v1_7_acceptance_iter=50_canonical_low_warmup_wc1_per_instance.csv,0,k10_color9,perm_seed1731,k10_color9_perm1731,complete_coloring,strong_symmetry,large,main,strong,90,775,10.0,5.0,/home/sunshixin/chenchao/my_rlaf/runs/GNN_Glucose_3SAT_EchoSAT_SymmetryGRPO_v1_7_WC1_PositiveCap/iter=50.pt,4.11724,4.11724,340033.0,312592.0,True,4.29384,4.29384,290369.0,269757.0,True,4.15952,4.327052444000244,290369.0,269757.0,True,4.15952,4.3394285458689925,290369.0,269757.0,True,4.45972,4.652612583268285,323520.0,300987.0,True,True,True,0.011565,1.0,8.0,137.00555419921875,90,0.6931471824645996,True,0.0129840373992919,0.30020000000000024,0.31318403739929224,0.3424800000000001,0.535372583268285,33151.0,31230.0,0.17660000000000053,-0.13432000000000066,False,False,False
1,/home/sunshixin/chenchao/my_rlaf/runs/analysis/echosat_symmetry_grpo_v1_7_acceptance_iter=50_canonical_low_warmup_wc1_per_instance.csv,0,k8_color7,base,k8_color7,complete_coloring,strong_symmetry,large,main,strong,56,372,10.0,5.0,/home/sunshixin/chenchao/my_rlaf/runs/GNN_Glucose_3SAT_EchoSAT_SymmetryGRPO_v1_7_WC1_PositiveCap/iter=50.pt,0.050525,0.050525,6158.0,5600.0,True,0.043297,0.043297,5946.0,5440.0,True,0.049896,0.2174284440002441,5946.0,5440.0,True,0.049896,0.2253643979377746,5946.0,5440.0,True,0.042294,0.2307464353370666,6149.0,5633.0,True,True,True,0.007136,1.0,6.0,84.73548889160156,56,0.6931471824645996,True,0.0129840373992919,-0.007602000000000005,0.0053820373992919945,-0.008231000000000002,0.18022143533706658,203.0,193.0,-0.007227999999999998,0.006599000000000001,True,True,False
1,/home/sunshixin/chenchao/my_rlaf/runs/analysis/echosat_symmetry_grpo_v1_7_acceptance_iter=50_canonical_low_warmup_wc1_per_instance.csv,0,k8_color7,perm_seed1730,k8_color7_perm1730,complete_coloring,strong_symmetry,large,main,strong,56,372,10.0,5.0,/home/sunshixin/chenchao/my_rlaf/runs/GNN_Glucose_3SAT_EchoSAT_SymmetryGRPO_v1_7_WC1_PositiveCap/iter=50.pt,0.044055,0.044055,6138.0,5624.0,True,0.041471,0.041471,6264.0,5696.0,True,0.051428,0.2189604440002441,6264.0,5696.0,True,0.051428,0.2271522551648616,6264.0,5696.0,True,0.041063,0.2297712925641536,5889.0,5353.0,True,True,True,0.00749,1.0,6.0,84.79159545898438,56,0.6931471824645996,True,0.0129840373992919,-0.010365,0.002619037399292007,-0.0029919999999999947,0.18571629256415362,-375.0,-343.0,-0.002583999999999996,0.009957,True,True,False
1,/home/sunshixin/chenchao/my_rlaf/runs/analysis/echosat_symmetry_grpo_v1_7_acceptance_iter=50_canonical_low_warmup_wc1_per_instance.csv,0,k8_color7,perm_seed1731,k8_color7_perm1731,complete_coloring,strong_symmetry,large,main,strong,56,372,10.0,5.0,/home/sunshixin/chenchao/my_rlaf/runs/GNN_Glucose_3SAT_EchoSAT_SymmetryGRPO_v1_7_WC1_PositiveCap/iter=50.pt,0.04447,0.04447,5800.0,5271.0,True,0.056237,0.056237,6148.0,5641.0,True,0.061767,0.2292994440002441,6148.0,5641.0,True,0.061767,0.2374135100283027,6148.0,5641.0,True,0.041094,0.2297245474275946,6230.0,5694.0,True,True,True,0.007301,1.0,6.0,84.7841796875,56,0.6931471824645996,True,0.0129840373992919,-0.020673000000000004,-0.007688962600708088,-0.003376000000000004,0.1852545474275946,82.0,53.0,0.011767,0.00553,True,True,False
1,/home/sunshixin/chenchao/my_rlaf/runs/analysis/echosat_symmetry_grpo_v1_7_acceptance_iter=50_canonical_low_warmup_wc1_per_instance.csv,0,k9_color8,base,k9_color8,complete_coloring,strong_symmetry,large,main,strong,72,549,10.0,5.0,/home/sunshixin/chenchao/my_rlaf/runs/GNN_Glucose_3SAT_EchoSAT_SymmetryGRPO_v1_7_WC1_PositiveCap/iter=50.pt,0.712872,0.712872,46557.0,43529.0,True,0.634641,0.634641,44352.0,41138.0,True,0.777309,0.9448414440002442,43519.0,40436.0,True,0.777309,0.9559598945122362,43519.0,40436.0,True,0.500026,0.6916609319115281,38337.0,35916.0,True,True,True,0.010325,1.0,7.0,109.32144165039062,72,0.6931471824645996,True,0.0129840373992919,-0.27728300000000006,-0.26429896260070807,-0.21284599999999998,-0.02121106808847184,-5182.0,-4520.0,-0.07823099999999994,0.14266800000000002,True,True,True
1,/home/sunshixin/chenchao/my_rlaf/runs/analysis/echosat_symmetry_grpo_v1_7_acceptance_iter=50_canonical_low_warmup_wc1_per_instance.csv,0,k9_color8,perm_seed1730,k9_color8_perm1730,complete_coloring,strong_symmetry,large,main,strong,72,549,10.0,5.0,/home/sunshixin/chenchao/my_rlaf/runs/GNN_Glucose_3SAT_EchoSAT_SymmetryGRPO_v1_7_WC1_PositiveCap/iter=50.pt,0.451538,0.451538,39708.0,36681.0,True,0.664488,0.664488,45794.0,42555.0,True,0.84822,1.015752444000244,45794.0,42555.0,True,0.84822,1.017058092762113,45794.0,42555.0,True,0.398422,0.5802441301614046,39478.0,36526.0,True,True,True,0.000528,1.0,7.0,109.58531951904295,72,0.6931471824645996,True,0.0129840373992919,-0.449798,-0.43681396260070826,-0.053116,0.12870613016140464,-6316.0,-6029.0,0.21294999999999997,0.183732,True,True,False
1,/home/sunshixin/chenchao/my_rlaf/runs/analysis/echosat_symmetry_grpo_v1_7_acceptance_iter=50_canonical_low_warmup_wc1_per_instance.csv,0,k9_color8,perm_seed1731,k9_color8_perm1731,complete_coloring,strong_symmetry,large,main,strong,72,549,10.0,5.0,/home/sunshixin/chenchao/my_rlaf/runs/GNN_Glucose_3SAT_EchoSAT_SymmetryGRPO_v1_7_WC1_PositiveCap/iter=50.pt,0.778097,0.778097,47177.0,43763.0,True,0.676853,0.676853,47579.0,44103.0,True,0.682022,0.8529905325622559,47579.0,44103.0,True,0.682022,0.8563062005869746,47579.0,44103.0,True,0.443409,0.6248531489359737,39067.0,36227.0,True,True,True,0.002485,1.0,7.0,109.56788635253906,72,0.6931471824645996,True,0.007159948348999,-0.23861300000000002,-0.23145305165100094,-0.33468800000000004,-0.15324385106402638,-8512.0,-7876.0,-0.101244,0.005168999999999979,True,True,True
1,/home/sunshixin/chenchao/my_rlaf/runs/analysis/echosat_symmetry_grpo_v1_7_acceptance_iter=50_canonical_low_warmup_wc1_per_instance.csv,0,php_p10_h9,base,php_p10_h9,php,strong_symmetry,large,main,strong,90,775,10.0,5.0,/home/sunshixin/chenchao/my_rlaf/runs/GNN_Glucose_3SAT_EchoSAT_SymmetryGRPO_v1_7_WC1_PositiveCap/iter=50.pt,4.40607,4.40607,340861.0,314066.0,True,4.14565,4.14565,322229.0,299168.0,True,4.19449,4.365458532562256,321840.0,298649.0,True,4.19449,4.3755649635870455,321840.0,298649.0,True,3.42353,3.611764911936045,275905.0,254385.0,True,True,True,0.009212,1.0,8.0,136.93209838867188,90,0.6931471824645996,True,0.007159948348999,-0.7709600000000001,-0.7638000516510006,-0.9825399999999997,-0.7943050880639548,-45935.0,-44264.0,-0.2604199999999999,0.04884000000000022,True,True,True
1,/home/sunshixin/chenchao/my_rlaf/runs/analysis/echosat_symmetry_grpo_v1_7_acceptance_iter=50_canonical_low_warmup_wc1_per_instance.csv,0,php_p10_h9,perm_seed1730,php_p10_h9_perm1730,php,strong_symmetry,large,main,strong,90,775,10.0,5.0,/home/sunshixin/chenchao/my_rlaf/runs/GNN_Glucose_3SAT_EchoSAT_SymmetryGRPO_v1_7_WC1_PositiveCap/iter=50.pt,5.01152,5.01152,413643.0,382655.0,True,4.2248,4.2248,283792.0,262594.0,True,4.27701,4.447978532562256,247778.0,229737.0,True,4.27701,4.455002373836994,247778.0,229737.0,True,3.5096,3.694752322185993,250180.0,231632.0,True,True,True,0.006251,1.0,8.0,136.98228454589844,90,0.6931471824645996,True,0.007159948348999,-0.7674099999999999,-0.7602500516510009,-1.5019200000000001,-1.3167676778140072,2402.0,1895.0,-0.7867199999999999,0.052209999999999646,True,True,True
1,/home/sunshixin/chenchao/my_rlaf/runs/analysis/echosat_symmetry_grpo_v1_7_acceptance_iter=50_canonical_low_warmup_wc1_per_instance.csv,0,php_p10_h9,perm_seed1731,php_p10_h9_perm1731,php,strong_symmetry,large,main,strong,90,775,10.0,5.0,/home/sunshixin/chenchao/my_rlaf/runs/GNN_Glucose_3SAT_EchoSAT_SymmetryGRPO_v1_7_WC1_PositiveCap/iter=50.pt,4.76068,4.76068,340033.0,312592.0,True,3.94224,3.94224,290369.0,269757.0,True,4.2175,4.388468532562256,290369.0,269757.0,True,4.2175,4.395516269769312,290369.0,269757.0,True,4.08702,4.27219621811831,323520.0,300987.0,True,True,True,0.006274,1.0,8.0,137.00555419921875,90,0.6931471824645996,True,0.007159948348999,-0.13048000000000037,-0.12332005165100224,-0.6736599999999999,-0.4884837818816896,33151.0,31230.0,-0.8184399999999998,0.2752600000000003,True,True,True
1,/home/sunshixin/chenchao/my_rlaf/runs/analysis/echosat_symmetry_grpo_v1_7_acceptance_iter=50_canonical_low_warmup_wc1_per_instance.csv,0,php_p9_h8,base,php_p9_h8,php,strong_symmetry,large,main,strong,72,549,10.0,5.0,/home/sunshixin/chenchao/my_rlaf/runs/GNN_Glucose_3SAT_EchoSAT_SymmetryGRPO_v1_7_WC1_PositiveCap/iter=50.pt,0.688356,0.688356,46557.0,43529.0,True,0.642004,0.642004,44352.0,41138.0,True,0.596283,0.7672515325622559,43519.0,40436.0,True,0.596283,0.7719885955494642,43519.0,40436.0,True,0.511971,0.6948365438984632,38337.0,35916.0,True,True,True,0.003987,1.0,7.0,109.32144165039062,72,0.6931471824645996,True,0.007159948348999,-0.08431200000000005,-0.07715205165100103,-0.17638500000000001,0.006480543898463198,-5182.0,-4520.0,-0.04635199999999995,-0.04572100000000001,True,True,False
1,/home/sunshixin/chenchao/my_rlaf/runs/analysis/echosat_symmetry_grpo_v1_7_acceptance_iter=50_canonical_low_warmup_wc1_per_instance.csv,0,php_p9_h8,perm_seed1730,php_p9_h8_perm1730,php,strong_symmetry,large,main,strong,72,549,10.0,5.0,/home/sunshixin/chenchao/my_rlaf/runs/GNN_Glucose_3SAT_EchoSAT_SymmetryGRPO_v1_7_WC1_PositiveCap/iter=50.pt,0.486054,0.486054,39708.0,36681.0,True,0.655095,0.655095,45794.0,42555.0,True,0.655857,0.8268255325622559,45794.0,42555.0,True,0.655857,0.8315278913301826,45794.0,42555.0,True,0.403909,0.5867398396791816,39478.0,36526.0,True,True,True,0.003849,1.0,7.0,109.58531951904295,72,0.6931471824645996,True,0.007159948348999,-0.251948,-0.24478805165100093,-0.08214499999999997,0.10068583967918165,-6316.0,-6029.0,0.169041,0.0007620000000000404,True,True,False
1,/home/sunshixin/chenchao/my_rlaf/runs/analysis/echosat_symmetry_grpo_v1_7_acceptance_iter=50_canonical_low_warmup_wc1_per_instance.csv,0,php_p9_h8,perm_seed1731,php_p9_h8_perm1731,php,strong_symmetry,large,main,strong,72,549,10.0,5.0,/home/sunshixin/chenchao/my_rlaf/runs/GNN_Glucose_3SAT_EchoSAT_SymmetryGRPO_v1_7_WC1_PositiveCap/iter=50.pt,0.613271,0.613271,47177.0,43763.0,True,0.674821,0.674821,47579.0,44103.0,True,0.820548,0.991516532562256,47579.0,44103.0,True,0.820548,0.9961115269938708,47579.0,44103.0,True,0.47631,0.6590334753428697,41102.0,37964.0,True,True,True,0.003828,1.0,7.0,109.56788635253906,72,0.6931471824645996,True,0.007159948348999,-0.34423800000000004,-0.33707805165100113,-0.136961,0.0457624753428697,-6477.0,-6139.0,0.061549999999999994,0.14572700000000005,True,True,False
1,/home/sunshixin/chenchao/my_rlaf/runs/analysis/echosat_symmetry_grpo_v1_7_acceptance_iter=50_canonical_low_warmup_wc1_per_instance.csv,0,random_3sat_control_v160_c704_seed2615,base,random_3sat_control_v160_c704_seed2615,random_3sat_control,non_symmetric_control,large,control,none,160,704,10.0,5.0,/home/sunshixin/chenchao/my_rlaf/runs/GNN_Glucose_3SAT_EchoSAT_SymmetryGRPO_v1_7_WC1_PositiveCap/iter=50.pt,0.062026,0.062026,6771.0,5767.0,True,0.05247,0.05247,5702.0,4813.0,True,0.052058,0.2230265325622558,4859.0,4212.0,True,0.052058,0.2239151996316313,4859.0,4212.0,True,0.049245,0.2282621479806303,5576.0,4777.0,True,False,False,0.0,1.0,20.0,250.25311279296875,160,0.6931471824645996,True,0.007159948348999,-0.002813000000000003,0.004346948348998986,-0.012781,0.1662361479806303,717.0,565.0,-0.009555999999999995,-0.00041200000000000264,True,True,False
1,/home/sunshixin/chenchao/my_rlaf/runs/analysis/echosat_symmetry_grpo_v1_7_acceptance_iter=50_canonical_low_warmup_wc1_per_instance.csv,0,random_3sat_control_v160_c704_seed2615,perm_seed1730,random_3sat_control_v160_c704_seed2615_perm1730,random_3sat_control,non_symmetric_control,large,control,none,160,704,10.0,5.0,/home/sunshixin/chenchao/my_rlaf/runs/GNN_Glucose_3SAT_EchoSAT_SymmetryGRPO_v1_7_WC1_PositiveCap/iter=50.pt,0.093805,0.093805,8522.0,7299.0,True,0.08845,0.08845,7934.0,6809.0,True,0.045342,0.2210030870361328,4602.0,4008.0,True,0.045342,0.2254221515974998,4602.0,4008.0,True,0.04747,0.2309418943037987,5025.0,4323.0,True,False,False,0.003554,1.0,20.0,250.9976043701172,160,0.6931471824645996,True,0.0033917427062988,0.002127999999999998,0.005519742706298902,-0.046335,0.1371368943037987,423.0,315.0,-0.005354999999999999,-0.043108,False,True,False
1,/home/sunshixin/chenchao/my_rlaf/runs/analysis/echosat_symmetry_grpo_v1_7_acceptance_iter=50_canonical_low_warmup_wc1_per_instance.csv,0,random_3sat_control_v160_c704_seed2615,perm_seed1731,random_3sat_control_v160_c704_seed2615_perm1731,random_3sat_control,non_symmetric_control,large,control,none,160,704,10.0,5.0,/home/sunshixin/chenchao/my_rlaf/runs/GNN_Glucose_3SAT_EchoSAT_SymmetryGRPO_v1_7_WC1_PositiveCap/iter=50.pt,0.056329,0.056329,5676.0,4847.0,True,0.095381,0.095381,8017.0,6851.0,True,0.054406,0.2300670870361328,4961.0,4384.0,True,0.054406,0.2345455831381082,4961.0,4384.0,True,0.053825,0.237356325844407,5804.0,4967.0,True,False,False,0.003538,1.0,20.0,250.14382934570312,160,0.6931471824645996,True,0.0033917427062988,-0.0005810000000000051,0.002810742706298802,-0.0025039999999999993,0.181027325844407,843.0,583.0,0.039051999999999996,-0.04097499999999999,True,True,False
1,/home/sunshixin/chenchao/my_rlaf/runs/analysis/echosat_symmetry_grpo_v1_7_acceptance_iter=50_canonical_low_warmup_wc1_per_instance.csv,0,random_3sat_control_v180_c760_seed3301,base,random_3sat_control_v180_c760_seed3301,random_3sat_control,non_symmetric_control,large,control,none,180,760,10.0,5.0,/home/sunshixin/chenchao/my_rlaf/runs/GNN_Glucose_3SAT_EchoSAT_SymmetryGRPO_v1_7_WC1_PositiveCap/iter=50.pt,0.522829,0.522829,27442.0,23617.0,True,0.141951,0.141951,10470.0,8910.0,True,0.014556,0.1902170870361328,693.0,567.0,True,0.014556,0.1947256996415853,693.0,567.0,True,0.641107,0.8246684423478842,40918.0,36229.0,True,False,False,0.003587,1.0,25.0,290.802978515625,180,0.6931471824645996,True,0.0033917427062988,0.626551,0.6299427427062989,0.118278,0.3018394423478842,40225.0,35662.0,-0.380878,-0.12739499999999998,False,False,False
1,/home/sunshixin/chenchao/my_rlaf/runs/analysis/echosat_symmetry_grpo_v1_7_acceptance_iter=50_canonical_low_warmup_wc1_per_instance.csv,0,random_3sat_control_v180_c760_seed3301,perm_seed1730,random_3sat_control_v180_c760_seed3301_perm1730,random_3sat_control,non_symmetric_control,large,control,none,180,760,10.0,5.0,/home/sunshixin/chenchao/my_rlaf/runs/GNN_Glucose_3SAT_EchoSAT_SymmetryGRPO_v1_7_WC1_PositiveCap/iter=50.pt,1.10597,1.10597,47649.0,41152.0,True,0.088398,0.088398,7421.0,6253.0,True,0.015112,0.1907730870361328,643.0,525.0,True,0.015112,0.1952129843217134,643.0,525.0,True,0.555832,0.7393247270280123,31948.0,28037.0,True,False,False,0.003558,1.0,25.0,292.0396728515625,180,0.6931471824645996,True,0.0033917427062988,0.54072,0.5441117427062989,-0.5501379999999999,-0.36664527297198757,31305.0,27512.0,-1.017572,-0.073286,False,True,True
1,/home/sunshixin/chenchao/my_rlaf/runs/analysis/echosat_symmetry_grpo_v1_7_acceptance_iter=50_canonical_low_warmup_wc1_per_instance.csv,0,random_3sat_control_v180_c760_seed3301,perm_seed1731,random_3sat_control_v180_c760_seed3301_perm1731,random_3sat_control,non_symmetric_control,large,control,none,180,760,10.0,5.0,/home/sunshixin/chenchao/my_rlaf/runs/GNN_Glucose_3SAT_EchoSAT_SymmetryGRPO_v1_7_WC1_PositiveCap/iter=50.pt,0.586809,0.586809,27197.0,23469.0,True,0.122887,0.122887,9011.0,7714.0,True,0.01387,0.1895310870361328,590.0,484.0,True,0.01387,0.1908627431797385,590.0,484.0,True,0.651792,0.8321764858860374,41749.0,36909.0,True,False,False,0.000349,1.0,25.0,291.0475769042969,180,0.6931471824645996,True,0.0033917427062988,0.637922,0.6413137427062989,0.06498300000000001,0.2453674858860374,41159.0,36425.0,-0.46392200000000006,-0.109017,False,False,False
1,/home/sunshixin/chenchao/my_rlaf/runs/analysis/echosat_symmetry_grpo_v1_7_acceptance_iter=50_canonical_low_warmup_wc1_per_instance.csv,0,random_3sat_control_v220_c928_seed3303,base,random_3sat_control_v220_c928_seed3303,random_3sat_control,non_symmetric_control,large,control,none,220,928,10.0,5.0,/home/sunshixin/chenchao/my_rlaf/runs/GNN_Glucose_3SAT_EchoSAT_SymmetryGRPO_v1_7_WC1_PositiveCap/iter=50.pt,0.785575,0.785575,30277.0,25994.0,True,0.44366,0.44366,22265.0,19025.0,True,0.002878,0.1785390870361328,62.0,4.0,True,0.002878,0.1836935197809338,62.0,4.0,True,0.009954,0.1941612624872326,779.0,606.0,True,False,False,0.004187,1.0,28.0,332.48345947265625,220,0.6931471824645996,True,0.0033917427062988,0.007075999999999999,0.0104677427062988,-0.775621,-0.5914137375127675,717.0,602.0,-0.341915,-0.440782,False,True,True
1,/home/sunshixin/chenchao/my_rlaf/runs/analysis/echosat_symmetry_grpo_v1_7_acceptance_iter=50_canonical_low_warmup_wc1_per_instance.csv,0,random_3sat_control_v220_c928_seed3303,perm_seed1730,random_3sat_control_v220_c928_seed3303_perm1730,random_3sat_control,non_symmetric_control,large,control,none,220,928,10.0,5.0,/home/sunshixin/chenchao/my_rlaf/runs/GNN_Glucose_3SAT_EchoSAT_SymmetryGRPO_v1_7_WC1_PositiveCap/iter=50.pt,1.4352,1.4352,52742.0,45477.0,True,0.200788,0.200788,13039.0,11071.0,True,0.005599,0.1812600870361328,62.0,4.0,True,0.005599,0.1866003669046163,62.0,4.0,True,0.008678,0.1930711096109151,596.0,452.0,True,False,False,0.004269,1.0,28.0,330.46795654296875,220,0.6931471824645996,True,0.0033917427062988,0.003079,0.006470742706298799,-1.426522,-1.242128890389085,534.0,448.0,-1.234412,-0.195189,False,True,True
1,/home/sunshixin/chenchao/my_rlaf/runs/analysis/echosat_symmetry_grpo_v1_7_acceptance_iter=50_canonical_low_warmup_wc1_per_instance.csv,0,random_3sat_control_v220_c928_seed3303,perm_seed1731,random_3sat_control_v220_c928_seed3303_perm1731,random_3sat_control,non_symmetric_control,large,control,none,220,928,10.0,5.0,/home/sunshixin/chenchao/my_rlaf/runs/GNN_Glucose_3SAT_EchoSAT_SymmetryGRPO_v1_7_WC1_PositiveCap/iter=50.pt,0.061363,0.061363,4930.0,4147.0,True,0.361244,0.361244,19684.0,16814.0,True,0.005801,0.1814620870361328,63.0,4.0,True,0.005801,0.1865469015927314,63.0,4.0,True,0.011077,0.1952146442990303,849.0,670.0,True,False,False,0.004121,1.0,28.0,331.7943725585937,220,0.6931471824645996,True,0.0033917427062988,0.005276,0.008667742706298887,-0.050286,0.1338516442990303,786.0,666.0,0.299881,-0.355443,False,True,False
1,/home/sunshixin/chenchao/my_rlaf/runs/analysis/echosat_symmetry_grpo_v1_7_acceptance_iter=50_canonical_low_warmup_wc1_per_instance.csv,0,random_3sat_control_v220_c942_seed3304,base,random_3sat_control_v220_c942_seed3304,random_3sat_control,non_symmetric_control,large,control,none,220,942,10.0,5.0,/home/sunshixin/chenchao/my_rlaf/runs/GNN_Glucose_3SAT_EchoSAT_SymmetryGRPO_v1_7_WC1_PositiveCap/iter=50.pt,0.711877,0.711877,35472.0,30813.0,True,0.965342,0.965342,41376.0,36046.0,True,0.448127,0.6638998672027587,26754.0,23980.0,True,0.448127,0.6694116222188473,26754.0,23980.0,True,0.627135,0.8628112829091549,39651.0,35316.0,True,False,False,0.004509,1.0,24.0,322.4337158203125,220,0.6931471824645996,True,0.0143916606903076,0.179008,0.19339966069030756,-0.08474199999999998,0.1509342829091549,12897.0,11336.0,0.25346500000000005,-0.517215,False,True,False
1,/home/sunshixin/chenchao/my_rlaf/runs/analysis/echosat_symmetry_grpo_v1_7_acceptance_iter=50_canonical_low_warmup_wc1_per_instance.csv,0,random_3sat_control_v220_c942_seed3304,perm_seed1730,random_3sat_control_v220_c942_seed3304_perm1730,random_3sat_control,non_symmetric_control,large,control,none,220,942,10.0,5.0,/home/sunshixin/chenchao/my_rlaf/runs/GNN_Glucose_3SAT_EchoSAT_SymmetryGRPO_v1_7_WC1_PositiveCap/iter=50.pt,0.671527,0.671527,34825.0,30052.0,True,0.628861,0.628861,33221.0,28818.0,True,0.422356,0.6381288672027587,26445.0,23804.0,True,0.422356,0.6443418987414241,26445.0,23804.0,True,0.66892,0.9052975594317316,38918.0,34667.0,True,False,False,0.005404,1.0,24.0,324.02960205078125,220,0.6931471824645996,True,0.0143916606903076,0.24656399999999995,0.2609556606903075,-0.002607000000000026,0.23377055943173164,12473.0,10863.0,-0.04266599999999998,-0.206505,False,True,False
1,/home/sunshixin/chenchao/my_rlaf/runs/analysis/echosat_symmetry_grpo_v1_7_acceptance_iter=50_canonical_low_warmup_wc1_per_instance.csv,0,random_3sat_control_v220_c942_seed3304,perm_seed1731,random_3sat_control_v220_c942_seed3304_perm1731,random_3sat_control,non_symmetric_control,large,control,none,220,942,10.0,5.0,/home/sunshixin/chenchao/my_rlaf/runs/GNN_Glucose_3SAT_EchoSAT_SymmetryGRPO_v1_7_WC1_PositiveCap/iter=50.pt,0.841996,0.841996,38737.0,33758.0,True,0.86724,0.86724,38909.0,33544.0,True,0.495606,0.7113788672027588,26149.0,23448.0,True,0.495606,0.7126228127311468,26149.0,23448.0,True,0.769359,1.0007674734214544,38654.0,34629.0,True,False,False,0.000417,1.0,24.0,324.64569091796875,220,0.6931471824645996,True,0.0143916606903076,0.273753,0.28814466069030764,-0.07263699999999995,0.15877147342145448,12505.0,11181.0,0.025244000000000044,-0.371634,False,True,False
1,/home/sunshixin/chenchao/my_rlaf/runs/analysis/echosat_symmetry_grpo_v1_7_acceptance_iter=50_canonical_low_warmup_wc1_per_instance.csv,0,random_3sat_control_v260_c1097_seed3305,base,random_3sat_control_v260_c1097_seed3305,random_3sat_control,non_symmetric_control,large,control,none,260,1097,10.0,5.0,/home/sunshixin/chenchao/my_rlaf/runs/GNN_Glucose_3SAT_EchoSAT_SymmetryGRPO_v1_7_WC1_PositiveCap/iter=50.pt,7.24786,7.24786,216854.0,188499.0,True,2.35924,2.35924,73626.0,64181.0,True,1.61515,1.8309228672027589,60642.0,54350.0,True,1.61515,1.837301139922023,60642.0,54350.0,True,1.08994,1.3264828006123304,53780.0,47404.0,True,False,False,0.005298,1.0,35.0,390.6428833007813,260,0.6931471824645996,True,0.0143916606903076,-0.5252100000000002,-0.5108183393096926,-6.157920000000001,-5.92137719938767,-6862.0,-6946.0,-4.88862,-0.7440899999999997,True,True,True
1,/home/sunshixin/chenchao/my_rlaf/runs/analysis/echosat_symmetry_grpo_v1_7_acceptance_iter=50_canonical_low_warmup_wc1_per_instance.csv,0,random_3sat_control_v260_c1097_seed3305,perm_seed1730,random_3sat_control_v260_c1097_seed3305_perm1730,random_3sat_control,non_symmetric_control,large,control,none,260,1097,10.0,5.0,/home/sunshixin/chenchao/my_rlaf/runs/GNN_Glucose_3SAT_EchoSAT_SymmetryGRPO_v1_7_WC1_PositiveCap/iter=50.pt,7.39402,7.39402,224505.0,195557.0,True,0.610446,0.610446,27246.0,23387.0,True,1.4995,1.7152728672027588,60686.0,54724.0,True,1.4995,1.7218632442029118,60686.0,54724.0,True,1.63496,1.8717149048932196,77655.0,69047.0,True,False,False,0.005483,1.0,35.0,390.0680847167969,260,0.6931471824645996,True,0.0143916606903076,0.1354599999999999,0.14985166069030775,-5.75906,-5.5223050951067805,16969.0,14323.0,-6.783574,0.889054,False,True,True
1,/home/sunshixin/chenchao/my_rlaf/runs/analysis/echosat_symmetry_grpo_v1_7_acceptance_iter=50_canonical_low_warmup_wc1_per_instance.csv,0,random_3sat_control_v260_c1097_seed3305,perm_seed1731,random_3sat_control_v260_c1097_seed3305_perm1731,random_3sat_control,non_symmetric_control,large,control,none,260,1097,10.0,5.0,/home/sunshixin/chenchao/my_rlaf/runs/GNN_Glucose_3SAT_EchoSAT_SymmetryGRPO_v1_7_WC1_PositiveCap/iter=50.pt,4.06514,4.06514,105916.0,92052.0,True,5.47482,5.47482,162997.0,142194.0,True,1.10922,1.3249928672027589,48534.0,43247.0,True,1.10922,1.3313298533903957,48534.0,43247.0,True,0.971866,1.2083675140807033,59080.0,52233.0,True,False,False,0.005399,1.0,35.0,389.6698913574219,260,0.6931471824645996,True,0.0143916606903076,-0.1373540000000001,-0.12296233930969236,-3.0932740000000005,-2.856772485919297,10546.0,8986.0,1.4096799999999998,-4.365600000000001,True,True,True
1,/home/sunshixin/chenchao/my_rlaf/runs/analysis/echosat_symmetry_grpo_v1_7_acceptance_iter=50_canonical_low_warmup_wc1_per_instance.csv,0,random_3sat_control_v260_c1113_seed3306,base,random_3sat_control_v260_c1113_seed3306,random_3sat_control,non_symmetric_control,large,control,none,260,1113,10.0,5.0,/home/sunshixin/chenchao/my_rlaf/runs/GNN_Glucose_3SAT_EchoSAT_SymmetryGRPO_v1_7_WC1_PositiveCap/iter=50.pt,5.77175,5.77175,178146.0,155541.0,True,6.00887,6.00887,186876.0,163308.0,True,7.5418,7.757572867202759,226200.0,205404.0,True,7.5418,7.763860603267014,226200.0,205404.0,True,6.15013,6.3865822639573215,271876.0,239281.0,True,False,False,0.005236,1.0,33.0,397.6284790039063,260,0.6931471824645996,True,0.0143916606903076,-1.3916700000000004,-1.3772783393096928,0.37837999999999994,0.6148322639573216,45676.0,33877.0,0.23712,1.5329300000000003,True,False,False
1,/home/sunshixin/chenchao/my_rlaf/runs/analysis/echosat_symmetry_grpo_v1_7_acceptance_iter=50_canonical_low_warmup_wc1_per_instance.csv,0,random_3sat_control_v260_c1113_seed3306,perm_seed1730,random_3sat_control_v260_c1113_seed3306_perm1730,random_3sat_control,non_symmetric_control,large,control,none,260,1113,10.0,5.0,/home/sunshixin/chenchao/my_rlaf/runs/GNN_Glucose_3SAT_EchoSAT_SymmetryGRPO_v1_7_WC1_PositiveCap/iter=50.pt,5.36695,5.36695,171334.0,149746.0,True,6.97598,6.97598,206936.0,180741.0,True,5.44087,5.656642867202759,206101.0,186162.0,True,5.44087,5.663204830357433,206101.0,186162.0,True,6.40109,6.63781649104774,263518.0,232369.0,True,False,False,0.00553,1.0,33.0,396.3316650390625,260,0.6931471824645996,True,0.0143916606903076,0.9602199999999996,0.9746116606903072,1.0341399999999998,1.27086649104774,57417.0,46207.0,1.6090299999999997,-1.5351099999999995,False,False,False
1,/home/sunshixin/chenchao/my_rlaf/runs/analysis/echosat_symmetry_grpo_v1_7_acceptance_iter=50_canonical_low_warmup_wc1_per_instance.csv,0,random_3sat_control_v260_c1113_seed3306,perm_seed1731,random_3sat_control_v260_c1113_seed3306_perm1731,random_3sat_control,non_symmetric_control,large,control,none,260,1113,10.0,5.0,/home/sunshixin/chenchao/my_rlaf/runs/GNN_Glucose_3SAT_EchoSAT_SymmetryGRPO_v1_7_WC1_PositiveCap/iter=50.pt,6.51043,6.51043,202621.0,177648.0,True,6.92224,6.92224,214985.0,187707.0,True,6.14743,6.322515783004761,217745.0,196903.0,True,6.14743,6.328409516174018,217745.0,196903.0,True,6.895,7.079012915755927,265073.0,234293.0,True,False,False,0.004947,1.0,33.0,397.0461730957031,260,0.6931471824645996,True,0.0030333995819091,0.7475699999999996,0.7506033995819088,0.3845699999999992,0.5685829157559263,47328.0,37390.0,0.41181,-0.7748100000000004,False,False,False
1,/home/sunshixin/chenchao/my_rlaf/runs/analysis/echosat_symmetry_grpo_v1_7_acceptance_iter=50_canonical_low_warmup_wc1_per_instance.csv,0,random_3sat_control_v300_c1266_seed3307,base,random_3sat_control_v300_c1266_seed3307,random_3sat_control,non_symmetric_control,large,control,none,300,1266,10.0,5.0,/home/sunshixin/chenchao/my_rlaf/runs/GNN_Glucose_3SAT_EchoSAT_SymmetryGRPO_v1_7_WC1_PositiveCap/iter=50.pt,0.267727,0.267727,12894.0,10895.0,True,2.50903,2.50903,71356.0,61376.0,True,0.010952,0.1860377830047607,288.0,182.0,True,0.010952,0.1947070972648263,288.0,182.0,True,0.044928,0.2317164968467354,2612.0,2047.0,True,False,False,0.007668,1.0,46.0,466.681884765625,300,0.6931471824645996,True,0.0030333995819091,0.033976000000000006,0.0370093995819091,-0.222799,-0.036010503153264595,2324.0,1865.0,2.2413030000000003,-2.498078,False,True,True
1,/home/sunshixin/chenchao/my_rlaf/runs/analysis/echosat_symmetry_grpo_v1_7_acceptance_iter=50_canonical_low_warmup_wc1_per_instance.csv,0,random_3sat_control_v300_c1266_seed3307,perm_seed1730,random_3sat_control_v300_c1266_seed3307_perm1730,random_3sat_control,non_symmetric_control,large,control,none,300,1266,10.0,5.0,/home/sunshixin/chenchao/my_rlaf/runs/GNN_Glucose_3SAT_EchoSAT_SymmetryGRPO_v1_7_WC1_PositiveCap/iter=50.pt,1.3898,1.3898,43103.0,37339.0,True,2.11185,2.11185,63498.0,54506.0,True,0.011644,0.1867297830047607,321.0,205.0,True,0.011644,0.1961168448828458,321.0,205.0,True,0.032486,0.219992244464755,2305.0,1828.0,True,False,False,0.008324,1.0,46.0,465.9733581542969,300,0.6931471824645996,True,0.0030333995819091,0.020842,0.02387539958190918,-1.357314,-1.1698077555352449,1984.0,1623.0,0.7220500000000001,-2.100206,False,True,True
1,/home/sunshixin/chenchao/my_rlaf/runs/analysis/echosat_symmetry_grpo_v1_7_acceptance_iter=50_canonical_low_warmup_wc1_per_instance.csv,0,random_3sat_control_v300_c1266_seed3307,perm_seed1731,random_3sat_control_v300_c1266_seed3307_perm1731,random_3sat_control,non_symmetric_control,large,control,none,300,1266,10.0,5.0,/home/sunshixin/chenchao/my_rlaf/runs/GNN_Glucose_3SAT_EchoSAT_SymmetryGRPO_v1_7_WC1_PositiveCap/iter=50.pt,2.23364,2.23364,66962.0,57424.0,True,0.119311,0.119311,7524.0,6304.0,True,0.011432,0.1865177830047607,375.0,247.0,True,0.011432,0.1938071185938716,375.0,247.0,True,0.041159,0.2265675181757807,2556.0,2015.0,True,False,False,0.0063,1.0,46.0,465.2885437011719,300,0.6931471824645996,True,0.0030333995819091,0.029727000000000003,0.0327603995819091,-2.192481,-2.007072481824219,2181.0,1768.0,-2.1143289999999997,-0.107879,False,True,True
1,/home/sunshixin/chenchao/my_rlaf/runs/analysis/echosat_symmetry_grpo_v1_7_acceptance_iter=50_canonical_low_warmup_wc1_per_instance.csv,0,subset_cardinality_bw10,base,subset_cardinality_bw10,subset_cardinality,weak_symmetry,large,main,weak,41,92,10.0,5.0,/home/sunshixin/chenchao/my_rlaf/runs/GNN_Glucose_3SAT_EchoSAT_SymmetryGRPO_v1_7_WC1_PositiveCap/iter=50.pt,0.0,0.0,193.0,141.0,True,0.00192,0.00192,237.0,193.0,True,0.000396,0.1754817830047607,162.0,142.0,True,0.000396,0.178279411545217,162.0,142.0,True,0.004326,0.1852428111271262,179.0,149.0,True,True,True,0.002046,1.0,5.0,62.83808517456055,41,0.6931471824645996,True,0.0030333995819091,0.00393,0.0069633995819091965,0.004326,0.1852428111271262,17.0,7.0,0.00192,-0.0015240000000000002,False,False,False
1,/home/sunshixin/chenchao/my_rlaf/runs/analysis/echosat_symmetry_grpo_v1_7_acceptance_iter=50_canonical_low_warmup_wc1_per_instance.csv,0,subset_cardinality_bw10,perm_seed1730,subset_cardinality_bw10_perm1730,subset_cardinality,weak_symmetry,large,main,weak,41,92,10.0,5.0,/home/sunshixin/chenchao/my_rlaf/runs/GNN_Glucose_3SAT_EchoSAT_SymmetryGRPO_v1_7_WC1_PositiveCap/iter=50.pt,0.001957,0.001957,218.0,167.0,True,0.001902,0.001902,221.0,169.0,True,0.000432,0.1755177830047607,156.0,137.0,True,0.000432,0.1774448299863934,156.0,137.0,True,0.002208,0.1822542295683026,171.0,150.0,True,True,True,0.001108,1.0,6.0,62.92706298828125,41,0.6931471824645996,True,0.0030333995819091,0.0017759999999999998,0.0048093995819091795,0.0002509999999999999,0.1802972295683026,15.0,13.0,-5.499999999999993e-05,-0.00147,False,False,False
1,/home/sunshixin/chenchao/my_rlaf/runs/analysis/echosat_symmetry_grpo_v1_7_acceptance_iter=50_canonical_low_warmup_wc1_per_instance.csv,0,subset_cardinality_bw10,perm_seed1731,subset_cardinality_bw10_perm1731,subset_cardinality,weak_symmetry,large,main,weak,41,92,10.0,5.0,/home/sunshixin/chenchao/my_rlaf/runs/GNN_Glucose_3SAT_EchoSAT_SymmetryGRPO_v1_7_WC1_PositiveCap/iter=50.pt,0.002038,0.002038,202.0,147.0,True,0.001331,0.001331,247.0,155.0,True,0.000372,0.1754577830047607,203.0,164.0,True,0.000372,0.1777710969136953,203.0,164.0,True,0.001914,0.1823464964956045,176.0,147.0,True,True,True,0.001511,1.0,7.0,62.392337799072266,41,0.6931471824645996,True,0.0030333995819091,0.001542,0.004575399581909195,-0.00012399999999999998,0.1803084964956045,-27.0,-17.0,-0.000707,-0.000959,False,True,False
1,/home/sunshixin/chenchao/my_rlaf/runs/analysis/echosat_symmetry_grpo_v1_7_acceptance_iter=50_canonical_low_warmup_wc1_per_instance.csv,0,subset_cardinality_bw12,base,subset_cardinality_bw12,subset_cardinality,weak_symmetry,large,main,weak,49,108,10.0,5.0,/home/sunshixin/chenchao/my_rlaf/runs/GNN_Glucose_3SAT_EchoSAT_SymmetryGRPO_v1_7_WC1_PositiveCap/iter=50.pt,0.002607,0.002607,442.0,342.0,True,0.002743,0.002743,491.0,414.0,True,0.000363,0.1754487830047607,384.0,312.0,True,0.000363,0.1774345442466736,384.0,312.0,True,0.003209,0.1833139438285827,409.0,329.0,True,True,True,0.001205,1.0,9.0,75.44426727294922,49,0.6931471824645996,True,0.0030333995819091,0.002846,0.005879399581909112,0.0006020000000000001,0.1807069438285827,25.0,17.0,0.00013600000000000027,-0.00238,False,False,False
1,/home/sunshixin/chenchao/my_rlaf/runs/analysis/echosat_symmetry_grpo_v1_7_acceptance_iter=50_canonical_low_warmup_wc1_per_instance.csv,0,subset_cardinality_bw12,perm_seed1730,subset_cardinality_bw12_perm1730,subset_cardinality,weak_symmetry,large,main,weak,49,108,10.0,5.0,/home/sunshixin/chenchao/my_rlaf/runs/GNN_Glucose_3SAT_EchoSAT_SymmetryGRPO_v1_7_WC1_PositiveCap/iter=50.pt,0.002837,0.002837,440.0,329.0,True,0.002441,0.002441,397.0,314.0,True,0.002525,0.0486873668670654,343.0,268.0,True,0.002525,0.0508048613579869,343.0,268.0,True,0.002068,0.0718143549645543,349.0,287.0,True,True,True,0.001358,1.0,7.0,73.95069122314453,49,0.6931471824645996,True,0.0214664936065673,-0.00045699999999999994,0.021009493606567398,-0.0007690000000000002,0.06897735496455429,6.0,19.0,-0.0003960000000000001,8.399999999999987e-05,True,True,False
1,/home/sunshixin/chenchao/my_rlaf/runs/analysis/echosat_symmetry_grpo_v1_7_acceptance_iter=50_canonical_low_warmup_wc1_per_instance.csv,0,subset_cardinality_bw12,perm_seed1731,subset_cardinality_bw12_perm1731,subset_cardinality,weak_symmetry,large,main,weak,49,108,10.0,5.0,/home/sunshixin/chenchao/my_rlaf/runs/GNN_Glucose_3SAT_EchoSAT_SymmetryGRPO_v1_7_WC1_PositiveCap/iter=50.pt,0.002474,0.002474,393.0,297.0,True,0.000545,0.000545,439.0,311.0,True,0.0,0.0461623668670654,363.0,285.0,True,0.0,0.0473622406836152,363.0,285.0,True,0.002738,0.0715667342901826,377.0,305.0,True,True,True,0.000373,1.0,7.0,75.07693481445312,49,0.6931471824645996,True,0.0214664936065673,0.002738,0.024204493606567394,0.0002639999999999999,0.06909273429018259,14.0,20.0,-0.0019290000000000002,-0.000545,False,False,False
1,/home/sunshixin/chenchao/my_rlaf/runs/analysis/echosat_symmetry_grpo_v1_7_acceptance_iter=50_canonical_low_warmup_wc1_per_instance.csv,0,subset_cardinality_bw8,base,subset_cardinality_bw8,subset_cardinality,weak_symmetry,medium,main,weak,33,76,10.0,5.0,/home/sunshixin/chenchao/my_rlaf/runs/GNN_Glucose_3SAT_EchoSAT_SymmetryGRPO_v1_7_WC1_PositiveCap/iter=50.pt,0.001913,0.001913,89.0,67.0,True,0.001684,0.001684,106.0,76.0,True,0.001687,0.0478493668670654,84.0,69.0,True,0.001687,0.0501476444544196,84.0,69.0,True,0.0015,0.071427138060987,97.0,83.0,True,True,True,0.001496,1.0,12.0,54.99262619018555,33,0.6931471824645996,True,0.0214664936065673,-0.00018699999999999988,0.021279493606567397,-0.00041299999999999996,0.069514138060987,13.0,14.0,-0.00022900000000000004,2.9999999999999645e-06,True,True,False
1,/home/sunshixin/chenchao/my_rlaf/runs/analysis/echosat_symmetry_grpo_v1_7_acceptance_iter=50_canonical_low_warmup_wc1_per_instance.csv,0,subset_cardinality_bw8,perm_seed1730,subset_cardinality_bw8_perm1730,subset_cardinality,weak_symmetry,medium,main,weak,33,76,10.0,5.0,/home/sunshixin/chenchao/my_rlaf/runs/GNN_Glucose_3SAT_EchoSAT_SymmetryGRPO_v1_7_WC1_PositiveCap/iter=50.pt,0.001792,0.001792,110.0,76.0,True,0.0,0.0,127.0,80.0,True,0.000403,0.0465653668670654,100.0,79.0,True,0.000403,0.0484763958970308,100.0,79.0,True,0.001564,0.0711038895035982,106.0,84.0,True,True,True,0.001248,1.0,5.0,49.16338348388672,33,0.6931471824645996,True,0.0214664936065673,0.0011610000000000001,0.022627493606567392,-0.0002279999999999999,0.06931188950359819,6.0,5.0,-0.001792,0.000403,False,True,False
1,/home/sunshixin/chenchao/my_rlaf/runs/analysis/echosat_symmetry_grpo_v1_7_acceptance_iter=50_canonical_low_warmup_wc1_per_instance.csv,0,subset_cardinality_bw8,perm_seed1731,subset_cardinality_bw8_perm1731,subset_cardinality,weak_symmetry,medium,main,weak,33,76,10.0,5.0,/home/sunshixin/chenchao/my_rlaf/runs/GNN_Glucose_3SAT_EchoSAT_SymmetryGRPO_v1_7_WC1_PositiveCap/iter=50.pt,0.001903,0.001903,91.0,70.0,True,0.00045,0.00045,102.0,79.0,True,0.001626,0.0477883668670654,81.0,70.0,True,0.001626,0.0497610991064906,81.0,70.0,True,0.00197,0.0715715927130579,92.0,76.0,True,True,True,0.001301,1.0,11.0,55.44180679321289,33,0.6931471824645996,True,0.0214664936065673,0.0003439999999999999,0.021810493606567297,6.7e-05,0.06966859271305789,11.0,6.0,-0.0014529999999999999,0.001176,False,False,False
1,/home/sunshixin/chenchao/my_rlaf/runs/analysis/echosat_symmetry_grpo_v1_7_acceptance_iter=50_canonical_low_warmup_wc1_per_instance.csv,1,k10_color9,base,k10_color9,complete_coloring,strong_symmetry,large,main,strong,90,775,10.0,5.0,/home/sunshixin/chenchao/my_rlaf/runs/GNN_Glucose_3SAT_EchoSAT_SymmetryGRPO_v1_7_WC1_PositiveCap/iter=50.pt,4.1329,4.1329,340861.0,314066.0,True,4.45814,4.45814,322229.0,299168.0,True,4.33781,5.7979666791534425,321840.0,298649.0,True,4.33781,5.806591601445556,321840.0,298649.0,True,3.34653,4.860076358601928,275905.0,254385.0,True,True,True,0.007058,1.0,8.0,136.93209838867188,90,0.6931471824645996,True,0.044764757156372,-0.9912800000000002,-0.9465152428436276,-0.7863700000000002,0.7271763586019278,-45935.0,-44264.0,0.32524,-0.12033000000000005,True,True,False
1,/home/sunshixin/chenchao/my_rlaf/runs/analysis/echosat_symmetry_grpo_v1_7_acceptance_iter=50_canonical_low_warmup_wc1_per_instance.csv,1,k10_color9,perm_seed1730,k10_color9_perm1730,complete_coloring,strong_symmetry,large,main,strong,90,775,10.0,5.0,/home/sunshixin/chenchao/my_rlaf/runs/GNN_Glucose_3SAT_EchoSAT_SymmetryGRPO_v1_7_WC1_PositiveCap/iter=50.pt,4.83146,4.83146,413643.0,382655.0,True,4.68329,4.68329,283792.0,262594.0,True,3.85782,5.317976679153443,247778.0,229737.0,True,3.85782,5.32616563902682,247778.0,229737.0,True,3.39925,4.9123603961831925,250180.0,231632.0,True,True,True,0.007221,1.0,8.0,136.98228454589844,90,0.6931471824645996,True,0.044764757156372,-0.4585699999999999,-0.41380524284362785,-1.43221,0.08090039618319267,2402.0,1895.0,-0.14816999999999947,-0.8254700000000006,True,True,False
1,/home/sunshixin/chenchao/my_rlaf/runs/analysis/echosat_symmetry_grpo_v1_7_acceptance_iter=50_canonical_low_warmup_wc1_per_instance.csv,1,k10_color9,perm_seed1731,k10_color9_perm1731,complete_coloring,strong_symmetry,large,main,strong,90,775,10.0,5.0,/home/sunshixin/chenchao/my_rlaf/runs/GNN_Glucose_3SAT_EchoSAT_SymmetryGRPO_v1_7_WC1_PositiveCap/iter=50.pt,4.33082,4.33082,340033.0,312592.0,True,4.30624,4.30624,290369.0,269757.0,True,4.1927,5.652856679153443,290369.0,269757.0,True,4.1927,5.6607758468464615,290369.0,269757.0,True,4.17966,5.692500604002833,323520.0,300987.0,True,True,True,0.006811,1.0,8.0,137.00555419921875,90,0.6931471824645996,True,0.044764757156372,-0.013040000000000163,0.03172475715637191,-0.15115999999999996,1.3616806040028333,33151.0,31230.0,-0.02458000000000027,-0.11353999999999953,True,True,False
1,/home/sunshixin/chenchao/my_rlaf/runs/analysis/echosat_symmetry_grpo_v1_7_acceptance_iter=50_canonical_low_warmup_wc1_per_instance.csv,1,k8_color7,base,k8_color7,complete_coloring,strong_symmetry,large,main,strong,56,372,10.0,5.0,/home/sunshixin/chenchao/my_rlaf/runs/GNN_Glucose_3SAT_EchoSAT_SymmetryGRPO_v1_7_WC1_PositiveCap/iter=50.pt,0.047287,0.047287,6158.0,5600.0,True,0.048305,0.048305,5946.0,5440.0,True,0.035847,1.4960036791534423,5946.0,5440.0,True,0.035847,1.5013046479874252,5946.0,5440.0,True,0.039889,1.5501114051437974,6149.0,5633.0,True,True,True,0.004257,1.0,6.0,84.73548889160156,56,0.6931471824645996,True,0.044764757156372,0.004042000000000004,0.04880675715637217,-0.007398000000000002,1.5028244051437973,203.0,193.0,0.001017999999999998,-0.012458000000000004,False,True,False
1,/home/sunshixin/chenchao/my_rlaf/runs/analysis/echosat_symmetry_grpo_v1_7_acceptance_iter=50_canonical_low_warmup_wc1_per_instance.csv,1,k8_color7,perm_seed1730,k8_color7_perm1730,complete_coloring,strong_symmetry,large,main,strong,56,372,10.0,5.0,/home/sunshixin/chenchao/my_rlaf/runs/GNN_Glucose_3SAT_EchoSAT_SymmetryGRPO_v1_7_WC1_PositiveCap/iter=50.pt,0.044141,0.044141,6138.0,5624.0,True,0.043291,0.043291,6264.0,5696.0,True,0.057561,1.5177176791534424,6264.0,5696.0,True,0.057561,1.5233181544072627,6264.0,5696.0,True,0.04246,1.5529819115636347,5889.0,5353.0,True,True,True,0.004646,1.0,6.0,84.79159545898438,56,0.6931471824645996,True,0.044764757156372,-0.015101000000000003,0.02966375715637204,-0.001681000000000002,1.5088409115636348,-375.0,-343.0,-0.0008499999999999966,0.014269999999999998,True,True,False
1,/home/sunshixin/chenchao/my_rlaf/runs/analysis/echosat_symmetry_grpo_v1_7_acceptance_iter=50_canonical_low_warmup_wc1_per_instance.csv,1,k8_color7,perm_seed1731,k8_color7_perm1731,complete_coloring,strong_symmetry,large,main,strong,56,372,10.0,5.0,/home/sunshixin/chenchao/my_rlaf/runs/GNN_Glucose_3SAT_EchoSAT_SymmetryGRPO_v1_7_WC1_PositiveCap/iter=50.pt,0.034553,0.034553,5800.0,5271.0,True,0.0519,0.0519,6148.0,5641.0,True,0.051416,1.5115726791534423,6148.0,5641.0,True,0.051416,1.516397923692584,6148.0,5641.0,True,0.042618,1.5523646808489562,6230.0,5694.0,True,True,True,0.003746,1.0,6.0,84.7841796875,56,0.6931471824645996,True,0.044764757156372,-0.008798,0.03596675715637221,0.008065000000000003,1.5178116808489561,82.0,53.0,0.017347,-0.0004839999999999983,True,False,False
1,/home/sunshixin/chenchao/my_rlaf/runs/analysis/echosat_symmetry_grpo_v1_7_acceptance_iter=50_canonical_low_warmup_wc1_per_instance.csv,1,k9_color8,base,k9_color8,complete_coloring,strong_symmetry,large,main,strong,72,549,10.0,5.0,/home/sunshixin/chenchao/my_rlaf/runs/GNN_Glucose_3SAT_EchoSAT_SymmetryGRPO_v1_7_WC1_PositiveCap/iter=50.pt,0.602165,0.602165,46557.0,43529.0,True,0.717307,0.717307,44352.0,41138.0,True,0.577875,2.0380316791534425,43519.0,40436.0,True,0.577875,2.043266522976994,43519.0,40436.0,True,0.5129,2.0230562801333667,38337.0,35916.0,True,True,True,0.004219,1.0,7.0,109.32144165039062,72,0.6931471824645996,True,0.044764757156372,-0.064975,-0.02021024284362749,-0.08926499999999993,1.4208912801333669,-5182.0,-4520.0,0.11514200000000008,-0.139432,True,True,False
1,/home/sunshixin/chenchao/my_rlaf/runs/analysis/echosat_symmetry_grpo_v1_7_acceptance_iter=50_canonical_low_warmup_wc1_per_instance.csv,1,k9_color8,perm_seed1730,k9_color8_perm1730,complete_coloring,strong_symmetry,large,main,strong,72,549,10.0,5.0,/home/sunshixin/chenchao/my_rlaf/runs/GNN_Glucose_3SAT_EchoSAT_SymmetryGRPO_v1_7_WC1_PositiveCap/iter=50.pt,0.411943,0.411943,39708.0,36681.0,True,0.71054,0.71054,45794.0,42555.0,True,0.644945,2.1051016791534423,45794.0,42555.0,True,0.644945,2.110981030635953,45794.0,42555.0,True,0.40793,1.9187307877923248,39478.0,36526.0,True,True,True,0.004882,1.0,7.0,109.58531951904295,72,0.6931471824645996,True,0.044764757156372,-0.23701499999999998,-0.19225024284362835,-0.004012999999999989,1.5067877877923248,-6316.0,-6029.0,0.29859699999999995,-0.06559499999999996,True,True,False
1,/home/sunshixin/chenchao/my_rlaf/runs/analysis/echosat_symmetry_grpo_v1_7_acceptance_iter=50_canonical_low_warmup_wc1_per_instance.csv,1,k9_color8,perm_seed1731,k9_color8_perm1731,complete_coloring,strong_symmetry,large,main,strong,72,549,10.0,5.0,/home/sunshixin/chenchao/my_rlaf/runs/GNN_Glucose_3SAT_EchoSAT_SymmetryGRPO_v1_7_WC1_PositiveCap/iter=50.pt,0.538269,0.538269,47177.0,43763.0,True,0.689726,0.689726,47579.0,44103.0,True,0.678841,0.8192626289520264,47579.0,44103.0,True,0.678841,0.8260892175562978,47579.0,44103.0,True,0.463196,0.679001479976952,39067.0,36227.0,True,True,True,0.005877,1.0,7.0,109.56788635253906,72,0.6931471824645996,True,0.0685572624206543,-0.21564500000000003,-0.1470877375793458,-0.075073,0.14073247997695204,-8512.0,-7876.0,0.15145699999999995,-0.010884999999999923,True,True,False
1,/home/sunshixin/chenchao/my_rlaf/runs/analysis/echosat_symmetry_grpo_v1_7_acceptance_iter=50_canonical_low_warmup_wc1_per_instance.csv,1,php_p10_h9,base,php_p10_h9,php,strong_symmetry,large,main,strong,90,775,10.0,5.0,/home/sunshixin/chenchao/my_rlaf/runs/GNN_Glucose_3SAT_EchoSAT_SymmetryGRPO_v1_7_WC1_PositiveCap/iter=50.pt,4.14034,4.14034,340861.0,314066.0,True,4.10842,4.10842,322229.0,299168.0,True,4.23852,4.378941628952027,321840.0,298649.0,True,4.23852,4.38691011436224,321840.0,298649.0,True,3.33467,3.551617376782894,275905.0,254385.0,True,True,True,0.006995,1.0,8.0,136.93209838867188,90,0.6931471824645996,True,0.0685572624206543,-0.9038500000000003,-0.835292737579346,-0.8056700000000001,-0.5887226232171061,-45935.0,-44264.0,-0.03192000000000039,0.13010000000000055,True,True,True
1,/home/sunshixin/chenchao/my_rlaf/runs/analysis/echosat_symmetry_grpo_v1_7_acceptance_iter=50_canonical_low_warmup_wc1_per_instance.csv,1,php_p10_h9,perm_seed1730,php_p10_h9_perm1730,php,strong_symmetry,large,main,strong,90,775,10.0,5.0,/home/sunshixin/chenchao/my_rlaf/runs/GNN_Glucose_3SAT_EchoSAT_SymmetryGRPO_v1_7_WC1_PositiveCap/iter=50.pt,4.89732,4.89732,413643.0,382655.0,True,4.25087,4.25087,283792.0,262594.0,True,4.16108,4.3015016289520265,247778.0,229737.0,True,4.16108,4.306505443375647,247778.0,229737.0,True,3.39846,3.6124427057963016,250180.0,231632.0,True,True,True,0.003874,1.0,8.0,136.98228454589844,90,0.6931471824645996,True,0.0685572624206543,-0.7626200000000001,-0.6940627375793453,-1.4988599999999996,-1.2848772942036981,2402.0,1895.0,-0.6464499999999997,-0.08978999999999981,True,True,True
1,/home/sunshixin/chenchao/my_rlaf/runs/analysis/echosat_symmetry_grpo_v1_7_acceptance_iter=50_canonical_low_warmup_wc1_per_instance.csv,1,php_p10_h9,perm_seed1731,php_p10_h9_perm1731,php,strong_symmetry,large,main,strong,90,775,10.0,5.0,/home/sunshixin/chenchao/my_rlaf/runs/GNN_Glucose_3SAT_EchoSAT_SymmetryGRPO_v1_7_WC1_PositiveCap/iter=50.pt,4.07355,4.07355,340033.0,312592.0,True,3.8583,3.8583,290369.0,269757.0,True,3.93985,4.080271628952026,290369.0,269757.0,True,3.93985,4.088749164833188,290369.0,269757.0,True,3.99656,4.214016427253842,323520.0,300987.0,True,True,True,0.007511,1.0,8.0,137.00555419921875,90,0.6931471824645996,True,0.0685572624206543,0.05671000000000026,0.1252672624206541,-0.07698999999999989,0.14046642725384206,33151.0,31230.0,-0.21525000000000016,0.08155000000000001,False,True,False
1,/home/sunshixin/chenchao/my_rlaf/runs/analysis/echosat_symmetry_grpo_v1_7_acceptance_iter=50_canonical_low_warmup_wc1_per_instance.csv,1,php_p9_h8,base,php_p9_h8,php,strong_symmetry,large,main,strong,72,549,10.0,5.0,/home/sunshixin/chenchao/my_rlaf/runs/GNN_Glucose_3SAT_EchoSAT_SymmetryGRPO_v1_7_WC1_PositiveCap/iter=50.pt,0.647537,0.647537,46557.0,43529.0,True,0.635475,0.635475,44352.0,41138.0,True,0.576293,0.7167146289520264,43519.0,40436.0,True,0.576293,0.7229821829066874,43519.0,40436.0,True,0.508838,0.7240844453273416,38337.0,35916.0,True,True,True,0.005129,1.0,7.0,109.32144165039062,72,0.6931471824645996,True,0.0685572624206543,-0.06745500000000004,0.0011022624206542542,-0.13869900000000002,0.07654744532734159,-5182.0,-4520.0,-0.012062000000000017,-0.05918199999999996,True,True,False
1,/home/sunshixin/chenchao/my_rlaf/runs/analysis/echosat_symmetry_grpo_v1_7_acceptance_iter=50_canonical_low_warmup_wc1_per_instance.csv,1,php_p9_h8,perm_seed1730,php_p9_h8_perm1730,php,strong_symmetry,large,main,strong,72,549,10.0,5.0,/home/sunshixin/chenchao/my_rlaf/runs/GNN_Glucose_3SAT_EchoSAT_SymmetryGRPO_v1_7_WC1_PositiveCap/iter=50.pt,0.412304,0.412304,39708.0,36681.0,True,0.657172,0.657172,45794.0,42555.0,True,0.650643,0.7910646289520263,45794.0,42555.0,True,0.650643,0.794821433632791,45794.0,42555.0,True,0.403835,0.6165706960534454,39478.0,36526.0,True,True,True,0.002714,1.0,7.0,109.58531951904295,72,0.6931471824645996,True,0.0685572624206543,-0.24680799999999997,-0.17825073757934562,-0.008469000000000004,0.20426669605344538,-6316.0,-6029.0,0.24486799999999997,-0.006529000000000007,True,True,False
1,/home/sunshixin/chenchao/my_rlaf/runs/analysis/echosat_symmetry_grpo_v1_7_acceptance_iter=50_canonical_low_warmup_wc1_per_instance.csv,1,php_p9_h8,perm_seed1731,php_p9_h8_perm1731,php,strong_symmetry,large,main,strong,72,549,10.0,5.0,/home/sunshixin/chenchao/my_rlaf/runs/GNN_Glucose_3SAT_EchoSAT_SymmetryGRPO_v1_7_WC1_PositiveCap/iter=50.pt,0.617939,0.617939,47177.0,43763.0,True,0.673449,0.673449,47579.0,44103.0,True,0.678797,0.8192186289520264,47579.0,44103.0,True,0.678797,0.8268591997153163,47579.0,44103.0,True,0.445666,0.6622854621359706,41102.0,37964.0,True,True,True,0.006649,1.0,7.0,109.56788635253906,72,0.6931471824645996,True,0.0685572624206543,-0.23313099999999998,-0.16457373757934568,-0.172273,0.0443464621359706,-6477.0,-6139.0,0.05550999999999995,0.005348000000000019,True,True,False
1,/home/sunshixin/chenchao/my_rlaf/runs/analysis/echosat_symmetry_grpo_v1_7_acceptance_iter=50_canonical_low_warmup_wc1_per_instance.csv,1,random_3sat_control_v160_c704_seed2615,base,random_3sat_control_v160_c704_seed2615,random_3sat_control,non_symmetric_control,large,control,none,160,704,10.0,5.0,/home/sunshixin/chenchao/my_rlaf/runs/GNN_Glucose_3SAT_EchoSAT_SymmetryGRPO_v1_7_WC1_PositiveCap/iter=50.pt,0.063438,0.063438,6771.0,5767.0,True,0.055778,0.055778,5702.0,4813.0,True,0.048341,0.1887626289520263,4859.0,4212.0,True,0.048341,0.1925290553588271,4859.0,4212.0,True,0.057872,0.2706173177794814,5576.0,4777.0,True,False,False,0.0025,1.0,20.0,250.25311279296875,160,0.6931471824645996,True,0.0685572624206543,0.009530999999999998,0.07808826242065428,-0.0055659999999999946,0.2071793177794814,717.0,565.0,-0.007659999999999993,-0.007436999999999999,False,True,False
1,/home/sunshixin/chenchao/my_rlaf/runs/analysis/echosat_symmetry_grpo_v1_7_acceptance_iter=50_canonical_low_warmup_wc1_per_instance.csv,1,random_3sat_control_v160_c704_seed2615,perm_seed1730,random_3sat_control_v160_c704_seed2615_perm1730,random_3sat_control,non_symmetric_control,large,control,none,160,704,10.0,5.0,/home/sunshixin/chenchao/my_rlaf/runs/GNN_Glucose_3SAT_EchoSAT_SymmetryGRPO_v1_7_WC1_PositiveCap/iter=50.pt,0.094982,0.094982,8522.0,7299.0,True,0.091853,0.091853,7934.0,6809.0,True,0.049954,0.5547259478607178,4602.0,4008.0,True,0.049954,0.5615175159919858,4602.0,4008.0,True,0.044291,0.6372777986152768,5025.0,4323.0,True,False,False,0.005687,1.0,20.0,250.9976043701172,160,0.6931471824645996,True,0.081423282623291,-0.005663000000000001,0.07576028262329093,-0.050691,0.5422957986152768,423.0,315.0,-0.003128999999999993,-0.041899000000000006,True,True,False
1,/home/sunshixin/chenchao/my_rlaf/runs/analysis/echosat_symmetry_grpo_v1_7_acceptance_iter=50_canonical_low_warmup_wc1_per_instance.csv,1,random_3sat_control_v160_c704_seed2615,perm_seed1731,random_3sat_control_v160_c704_seed2615_perm1731,random_3sat_control,non_symmetric_control,large,control,none,160,704,10.0,5.0,/home/sunshixin/chenchao/my_rlaf/runs/GNN_Glucose_3SAT_EchoSAT_SymmetryGRPO_v1_7_WC1_PositiveCap/iter=50.pt,0.056579,0.056579,5676.0,4847.0,True,0.107612,0.107612,8017.0,6851.0,True,0.050188,0.5549599478607178,4961.0,4384.0,True,0.050188,0.5568990278026462,4961.0,4384.0,True,0.054861,0.6429953104259373,5804.0,4967.0,True,False,False,0.000797,1.0,20.0,250.14382934570312,160,0.6931471824645996,True,0.081423282623291,0.004672999999999997,0.08609628262329105,-0.0017179999999999973,0.5864163104259372,843.0,583.0,0.051033,-0.057423999999999996,False,True,False
1,/home/sunshixin/chenchao/my_rlaf/runs/analysis/echosat_symmetry_grpo_v1_7_acceptance_iter=50_canonical_low_warmup_wc1_per_instance.csv,1,random_3sat_control_v180_c760_seed3301,base,random_3sat_control_v180_c760_seed3301,random_3sat_control,non_symmetric_control,large,control,none,180,760,10.0,5.0,/home/sunshixin/chenchao/my_rlaf/runs/GNN_Glucose_3SAT_EchoSAT_SymmetryGRPO_v1_7_WC1_PositiveCap/iter=50.pt,0.505107,0.505107,27442.0,23617.0,True,0.129187,0.129187,10470.0,8910.0,True,0.010595,0.5153669478607178,693.0,567.0,True,0.010595,0.5229071907055974,693.0,567.0,True,0.612057,1.2057924733288885,40918.0,36229.0,True,False,False,0.006286,1.0,25.0,290.802978515625,180,0.6931471824645996,True,0.081423282623291,0.6014619999999999,0.6828852826232911,0.10694999999999999,0.7006854733288885,40225.0,35662.0,-0.37592,-0.118592,False,False,False
1,/home/sunshixin/chenchao/my_rlaf/runs/analysis/echosat_symmetry_grpo_v1_7_acceptance_iter=50_canonical_low_warmup_wc1_per_instance.csv,1,random_3sat_control_v180_c760_seed3301,perm_seed1730,random_3sat_control_v180_c760_seed3301_perm1730,random_3sat_control,non_symmetric_control,large,control,none,180,760,10.0,5.0,/home/sunshixin/chenchao/my_rlaf/runs/GNN_Glucose_3SAT_EchoSAT_SymmetryGRPO_v1_7_WC1_PositiveCap/iter=50.pt,1.10874,1.10874,47649.0,41152.0,True,0.085092,0.085092,7421.0,6253.0,True,0.011952,0.5167239478607177,643.0,525.0,True,0.011952,0.5205164194040894,643.0,525.0,True,0.459748,1.0497357020273803,31948.0,28037.0,True,False,False,0.001827,1.0,25.0,292.0396728515625,180,0.6931471824645996,True,0.081423282623291,0.44779599999999997,0.5292192826232909,-0.648992,-0.059004297972619746,31305.0,27512.0,-1.0236480000000001,-0.07314,False,True,True
1,/home/sunshixin/chenchao/my_rlaf/runs/analysis/echosat_symmetry_grpo_v1_7_acceptance_iter=50_canonical_low_warmup_wc1_per_instance.csv,1,random_3sat_control_v180_c760_seed3301,perm_seed1731,random_3sat_control_v180_c760_seed3301_perm1731,random_3sat_control,non_symmetric_control,large,control,none,180,760,10.0,5.0,/home/sunshixin/chenchao/my_rlaf/runs/GNN_Glucose_3SAT_EchoSAT_SymmetryGRPO_v1_7_WC1_PositiveCap/iter=50.pt,0.488409,0.488409,27197.0,23469.0,True,0.108814,0.108814,9011.0,7714.0,True,0.007654,0.5124259478607178,590.0,484.0,True,0.007654,0.5232127981591225,590.0,484.0,True,0.604979,1.2019610807824137,41749.0,36909.0,True,False,False,0.004701,1.0,25.0,291.0475769042969,180,0.6931471824645996,True,0.081423282623291,0.597325,0.6787482826232912,0.11657000000000006,0.7135520807824137,41159.0,36425.0,-0.379595,-0.10116,False,False,False
1,/home/sunshixin/chenchao/my_rlaf/runs/analysis/echosat_symmetry_grpo_v1_7_acceptance_iter=50_canonical_low_warmup_wc1_per_instance.csv,1,random_3sat_control_v220_c928_seed3303,base,random_3sat_control_v220_c928_seed3303,random_3sat_control,non_symmetric_control,large,control,none,220,928,10.0,5.0,/home/sunshixin/chenchao/my_rlaf/runs/GNN_Glucose_3SAT_EchoSAT_SymmetryGRPO_v1_7_WC1_PositiveCap/iter=50.pt,0.72654,0.72654,30277.0,25994.0,True,0.388648,0.388648,22265.0,19025.0,True,0.002668,0.5074399478607178,62.0,4.0,True,0.002668,0.5117356882306934,62.0,4.0,True,0.005829,0.5963199708539844,779.0,606.0,True,False,False,0.002862,1.0,28.0,332.48345947265625,220,0.6931471824645996,True,0.081423282623291,0.003161,0.08458428262329099,-0.720711,-0.1302200291460156,717.0,602.0,-0.33789199999999997,-0.38598,False,True,True
1,/home/sunshixin/chenchao/my_rlaf/runs/analysis/echosat_symmetry_grpo_v1_7_acceptance_iter=50_canonical_low_warmup_wc1_per_instance.csv,1,random_3sat_control_v220_c928_seed3303,perm_seed1730,random_3sat_control_v220_c928_seed3303_perm1730,random_3sat_control,non_symmetric_control,large,control,none,220,928,10.0,5.0,/home/sunshixin/chenchao/my_rlaf/runs/GNN_Glucose_3SAT_EchoSAT_SymmetryGRPO_v1_7_WC1_PositiveCap/iter=50.pt,1.42511,1.42511,52742.0,45477.0,True,0.172109,0.172109,13039.0,11071.0,True,0.00665,0.5114219478607178,62.0,4.0,True,0.00665,0.5135932324004173,62.0,4.0,True,0.016127,0.6044935150237083,596.0,452.0,True,False,False,0.00067,1.0,28.0,330.46795654296875,220,0.6931471824645996,True,0.081423282623291,0.009477,0.09090028262329097,-1.408983,-0.8206164849762918,534.0,448.0,-1.253001,-0.16545900000000002,False,True,True
1,/home/sunshixin/chenchao/my_rlaf/runs/analysis/echosat_symmetry_grpo_v1_7_acceptance_iter=50_canonical_low_warmup_wc1_per_instance.csv,1,random_3sat_control_v220_c928_seed3303,perm_seed1731,random_3sat_control_v220_c928_seed3303_perm1731,random_3sat_control,non_symmetric_control,large,control,none,220,928,10.0,5.0,/home/sunshixin/chenchao/my_rlaf/runs/GNN_Glucose_3SAT_EchoSAT_SymmetryGRPO_v1_7_WC1_PositiveCap/iter=50.pt,0.070159,0.070159,4930.0,4147.0,True,0.329028,0.329028,19684.0,16814.0,True,0.003335,0.5081069478607178,63.0,4.0,True,0.003335,0.5136613728473782,63.0,4.0,True,0.017517,0.6092666554706693,849.0,670.0,True,False,False,0.004077,1.0,28.0,331.7943725585937,220,0.6931471824645996,True,0.081423282623291,0.014182000000000002,0.09560528262329104,-0.052641999999999994,0.5391076554706693,786.0,666.0,0.258869,-0.325693,False,True,False
1,/home/sunshixin/chenchao/my_rlaf/runs/analysis/echosat_symmetry_grpo_v1_7_acceptance_iter=50_canonical_low_warmup_wc1_per_instance.csv,1,random_3sat_control_v220_c942_seed3304,base,random_3sat_control_v220_c942_seed3304,random_3sat_control,non_symmetric_control,large,control,none,220,942,10.0,5.0,/home/sunshixin/chenchao/my_rlaf/runs/GNN_Glucose_3SAT_EchoSAT_SymmetryGRPO_v1_7_WC1_PositiveCap/iter=50.pt,0.656729,0.656729,35472.0,30813.0,True,0.885158,0.885158,41376.0,36046.0,True,0.547566,1.1374788913879397,26754.0,23980.0,True,0.547566,1.1445419478625656,26754.0,23980.0,True,0.617044,1.3025073345660567,39651.0,35316.0,True,False,False,0.00567,1.0,24.0,322.4337158203125,220,0.6931471824645996,True,0.0884873867034912,0.06947800000000004,0.15796538670349114,-0.03968499999999997,0.6457783345660567,12897.0,11336.0,0.228429,-0.337592,False,True,False
1,/home/sunshixin/chenchao/my_rlaf/runs/analysis/echosat_symmetry_grpo_v1_7_acceptance_iter=50_canonical_low_warmup_wc1_per_instance.csv,1,random_3sat_control_v220_c942_seed3304,perm_seed1730,random_3sat_control_v220_c942_seed3304_perm1730,random_3sat_control,non_symmetric_control,large,control,none,220,942,10.0,5.0,/home/sunshixin/chenchao/my_rlaf/runs/GNN_Glucose_3SAT_EchoSAT_SymmetryGRPO_v1_7_WC1_PositiveCap/iter=50.pt,0.658997,0.658997,34825.0,30052.0,True,0.624743,0.624743,33221.0,28818.0,True,0.436518,1.0264308913879394,26445.0,23804.0,True,0.436518,1.0305180361074209,26445.0,23804.0,True,0.622408,1.3048954228109122,38918.0,34667.0,True,False,False,0.002602,1.0,24.0,324.02960205078125,220,0.6931471824645996,True,0.0884873867034912,0.18588999999999994,0.2743773867034913,-0.036589000000000094,0.6458984228109121,12473.0,10863.0,-0.03425400000000001,-0.18822500000000003,False,True,False
1,/home/sunshixin/chenchao/my_rlaf/runs/analysis/echosat_symmetry_grpo_v1_7_acceptance_iter=50_canonical_low_warmup_wc1_per_instance.csv,1,random_3sat_control_v220_c942_seed3304,perm_seed1731,random_3sat_control_v220_c942_seed3304_perm1731,random_3sat_control,non_symmetric_control,large,control,none,220,942,10.0,5.0,/home/sunshixin/chenchao/my_rlaf/runs/GNN_Glucose_3SAT_EchoSAT_SymmetryGRPO_v1_7_WC1_PositiveCap/iter=50.pt,0.716802,0.716802,38737.0,33758.0,True,0.731577,0.731577,38909.0,33544.0,True,0.420973,1.0108858913879395,26149.0,23448.0,True,0.420973,1.0177864568968416,26149.0,23448.0,True,0.607026,1.2923268436003328,38654.0,34629.0,True,False,False,0.00559,1.0,24.0,324.64569091796875,220,0.6931471824645996,True,0.0884873867034912,0.18605299999999997,0.27454038670349123,-0.1097760000000001,0.5755248436003327,12505.0,11181.0,0.014774999999999983,-0.31060400000000005,False,True,False
1,/home/sunshixin/chenchao/my_rlaf/runs/analysis/echosat_symmetry_grpo_v1_7_acceptance_iter=50_canonical_low_warmup_wc1_per_instance.csv,1,random_3sat_control_v260_c1097_seed3305,base,random_3sat_control_v260_c1097_seed3305,random_3sat_control,non_symmetric_control,large,control,none,260,1097,10.0,5.0,/home/sunshixin/chenchao/my_rlaf/runs/GNN_Glucose_3SAT_EchoSAT_SymmetryGRPO_v1_7_WC1_PositiveCap/iter=50.pt,6.87254,6.87254,216854.0,188499.0,True,2.33243,2.33243,73626.0,64181.0,True,1.78425,2.37416289138794,60642.0,54350.0,True,1.78425,2.3832050852030515,60642.0,54350.0,True,1.04274,1.7301824719065428,53780.0,47404.0,True,False,False,0.0075,1.0,35.0,390.6428833007813,260,0.6931471824645996,True,0.0884873867034912,-0.7415099999999999,-0.6530226132965087,-5.8298,-5.1423575280934575,-6862.0,-6946.0,-4.54011,-0.5481800000000001,True,True,True
1,/home/sunshixin/chenchao/my_rlaf/runs/analysis/echosat_symmetry_grpo_v1_7_acceptance_iter=50_canonical_low_warmup_wc1_per_instance.csv,1,random_3sat_control_v260_c1097_seed3305,perm_seed1730,random_3sat_control_v260_c1097_seed3305_perm1730,random_3sat_control,non_symmetric_control,large,control,none,260,1097,10.0,5.0,/home/sunshixin/chenchao/my_rlaf/runs/GNN_Glucose_3SAT_EchoSAT_SymmetryGRPO_v1_7_WC1_PositiveCap/iter=50.pt,7.44142,7.44142,224505.0,195557.0,True,0.614317,0.614317,27246.0,23387.0,True,1.64751,2.2374228913879395,60686.0,54724.0,True,1.64751,2.24148261980623,60686.0,54724.0,True,1.66431,2.346770006509721,77655.0,69047.0,True,False,False,0.002575,1.0,35.0,390.0680847167969,260,0.6931471824645996,True,0.0884873867034912,0.016799999999999926,0.10528738670349114,-5.77711,-5.094649993490279,16969.0,14323.0,-6.827103,1.033193,False,True,True
1,/home/sunshixin/chenchao/my_rlaf/runs/analysis/echosat_symmetry_grpo_v1_7_acceptance_iter=50_canonical_low_warmup_wc1_per_instance.csv,1,random_3sat_control_v260_c1097_seed3305,perm_seed1731,random_3sat_control_v260_c1097_seed3305_perm1731,random_3sat_control,non_symmetric_control,large,control,none,260,1097,10.0,5.0,/home/sunshixin/chenchao/my_rlaf/runs/GNN_Glucose_3SAT_EchoSAT_SymmetryGRPO_v1_7_WC1_PositiveCap/iter=50.pt,3.95598,3.95598,105916.0,92052.0,True,5.36102,5.36102,162997.0,142194.0,True,1.11071,1.7006228913879395,48534.0,43247.0,True,1.11071,1.7056381059902908,48534.0,43247.0,True,1.18579,1.8692054926937816,59080.0,52233.0,True,False,False,0.003495,1.0,35.0,389.6698913574219,260,0.6931471824645996,True,0.0884873867034912,0.07507999999999981,0.1635673867034908,-2.77019,-2.0867745073062185,10546.0,8986.0,1.40504,-4.25031,False,True,True
1,/home/sunshixin/chenchao/my_rlaf/runs/analysis/echosat_symmetry_grpo_v1_7_acceptance_iter=50_canonical_low_warmup_wc1_per_instance.csv,1,random_3sat_control_v260_c1113_seed3306,base,random_3sat_control_v260_c1113_seed3306,random_3sat_control,non_symmetric_control,large,control,none,260,1113,10.0,5.0,/home/sunshixin/chenchao/my_rlaf/runs/GNN_Glucose_3SAT_EchoSAT_SymmetryGRPO_v1_7_WC1_PositiveCap/iter=50.pt,5.6701,5.6701,178146.0,155541.0,True,5.89501,5.89501,186876.0,163308.0,True,6.36947,6.959382891387939,226200.0,205404.0,True,6.36947,6.969055559975505,226200.0,205404.0,True,6.59262,7.280692946678997,271876.0,239281.0,True,False,False,0.00834,1.0,33.0,397.6284790039063,260,0.6931471824645996,True,0.0884873867034912,0.2231500000000004,0.3116373867034916,0.9225200000000005,1.610592946678997,45676.0,33877.0,0.2249100000000004,0.47445999999999966,False,False,False
1,/home/sunshixin/chenchao/my_rlaf/runs/analysis/echosat_symmetry_grpo_v1_7_acceptance_iter=50_canonical_low_warmup_wc1_per_instance.csv,1,random_3sat_control_v260_c1113_seed3306,perm_seed1730,random_3sat_control_v260_c1113_seed3306_perm1730,random_3sat_control,non_symmetric_control,large,control,none,260,1113,10.0,5.0,/home/sunshixin/chenchao/my_rlaf/runs/GNN_Glucose_3SAT_EchoSAT_SymmetryGRPO_v1_7_WC1_PositiveCap/iter=50.pt,5.23157,5.23157,171334.0,149746.0,True,6.84938,6.84938,206936.0,180741.0,True,5.48804,6.077952891387939,206101.0,186162.0,True,5.48804,6.083005014372766,206101.0,186162.0,True,6.47945,7.162902401076257,263518.0,232369.0,True,False,False,0.0037,1.0,33.0,396.3316650390625,260,0.6931471824645996,True,0.0884873867034912,0.9914100000000001,1.0798973867034913,1.2478800000000003,1.9313324010762578,57417.0,46207.0,1.6178100000000004,-1.3613400000000002,False,False,False
1,/home/sunshixin/chenchao/my_rlaf/runs/analysis/echosat_symmetry_grpo_v1_7_acceptance_iter=50_canonical_low_warmup_wc1_per_instance.csv,1,random_3sat_control_v260_c1113_seed3306,perm_seed1731,random_3sat_control_v260_c1113_seed3306_perm1731,random_3sat_control,non_symmetric_control,large,control,none,260,1113,10.0,5.0,/home/sunshixin/chenchao/my_rlaf/runs/GNN_Glucose_3SAT_EchoSAT_SymmetryGRPO_v1_7_WC1_PositiveCap/iter=50.pt,6.6348,6.6348,202621.0,177648.0,True,6.79704,6.79704,214985.0,187707.0,True,6.23851,6.4828542344665525,217745.0,196903.0,True,6.23851,6.489779849625766,217745.0,196903.0,True,6.40115,6.717966362229526,265073.0,234293.0,True,False,False,0.005424,1.0,33.0,397.0461730957031,260,0.6931471824645996,True,0.0655465126037597,0.16264000000000056,0.22818651260376033,-0.2336499999999999,0.08316636222952578,47328.0,37390.0,0.16223999999999972,-0.5585300000000002,False,True,False
1,/home/sunshixin/chenchao/my_rlaf/runs/analysis/echosat_symmetry_grpo_v1_7_acceptance_iter=50_canonical_low_warmup_wc1_per_instance.csv,1,random_3sat_control_v300_c1266_seed3307,base,random_3sat_control_v300_c1266_seed3307,random_3sat_control,non_symmetric_control,large,control,none,300,1266,10.0,5.0,/home/sunshixin/chenchao/my_rlaf/runs/GNN_Glucose_3SAT_EchoSAT_SymmetryGRPO_v1_7_WC1_PositiveCap/iter=50.pt,0.216688,0.216688,12894.0,10895.0,True,2.51828,2.51828,71356.0,61376.0,True,0.008464,0.2528082344665527,288.0,182.0,True,0.008464,0.2584610452371836,288.0,182.0,True,0.037334,0.3528775578409433,2612.0,2047.0,True,False,False,0.004116,1.0,46.0,466.681884765625,300,0.6931471824645996,True,0.0655465126037597,0.02887,0.09441651260375972,-0.17935399999999999,0.13618955784094333,2324.0,1865.0,2.301592,-2.509816,False,True,False
1,/home/sunshixin/chenchao/my_rlaf/runs/analysis/echosat_symmetry_grpo_v1_7_acceptance_iter=50_canonical_low_warmup_wc1_per_instance.csv,1,random_3sat_control_v300_c1266_seed3307,perm_seed1730,random_3sat_control_v300_c1266_seed3307_perm1730,random_3sat_control,non_symmetric_control,large,control,none,300,1266,10.0,5.0,/home/sunshixin/chenchao/my_rlaf/runs/GNN_Glucose_3SAT_EchoSAT_SymmetryGRPO_v1_7_WC1_PositiveCap/iter=50.pt,1.28358,1.28358,43103.0,37339.0,True,2.28008,2.28008,63498.0,54506.0,True,0.013442,0.2577862344665527,321.0,205.0,True,0.013442,0.2634931389961839,321.0,205.0,True,0.028472,0.3440696515999436,2305.0,1828.0,True,False,False,0.00421,1.0,46.0,465.9733581542969,300,0.6931471824645996,True,0.0655465126037597,0.01503,0.08057651260375975,-1.255108,-0.9395103484000563,1984.0,1623.0,0.9964999999999999,-2.266638,False,True,True
1,/home/sunshixin/chenchao/my_rlaf/runs/analysis/echosat_symmetry_grpo_v1_7_acceptance_iter=50_canonical_low_warmup_wc1_per_instance.csv,1,random_3sat_control_v300_c1266_seed3307,perm_seed1731,random_3sat_control_v300_c1266_seed3307_perm1731,random_3sat_control,non_symmetric_control,large,control,none,300,1266,10.0,5.0,/home/sunshixin/chenchao/my_rlaf/runs/GNN_Glucose_3SAT_EchoSAT_SymmetryGRPO_v1_7_WC1_PositiveCap/iter=50.pt,2.0494,2.0494,66962.0,57424.0,True,0.117773,0.117773,7524.0,6304.0,True,0.010702,0.2550462344665527,375.0,247.0,True,0.010702,0.2617847740460038,375.0,247.0,True,0.032898,0.3495272866497635,2556.0,2015.0,True,False,False,0.005164,1.0,46.0,465.2885437011719,300,0.6931471824645996,True,0.0655465126037597,0.022195999999999997,0.0877425126037597,-2.016502,-1.6998727133502363,2181.0,1768.0,-1.931627,-0.107071,False,True,True
1,/home/sunshixin/chenchao/my_rlaf/runs/analysis/echosat_symmetry_grpo_v1_7_acceptance_iter=50_canonical_low_warmup_wc1_per_instance.csv,1,subset_cardinality_bw10,base,subset_cardinality_bw10,subset_cardinality,weak_symmetry,large,main,weak,41,92,10.0,5.0,/home/sunshixin/chenchao/my_rlaf/runs/GNN_Glucose_3SAT_EchoSAT_SymmetryGRPO_v1_7_WC1_PositiveCap/iter=50.pt,0.001613,0.001613,193.0,141.0,True,0.002449,0.002449,237.0,193.0,True,0.000425,0.2447692344665527,162.0,142.0,True,0.000425,0.2459579913645982,162.0,142.0,True,0.001862,0.312941503968358,179.0,149.0,True,True,True,0.0,1.0,5.0,62.83808517456055,41,0.6931471824645996,True,0.0655465126037597,0.001437,0.06698351260375981,0.00024899999999999987,0.31132850396835804,17.0,7.0,0.0008359999999999997,-0.0020239999999999998,False,False,False
1,/home/sunshixin/chenchao/my_rlaf/runs/analysis/echosat_symmetry_grpo_v1_7_acceptance_iter=50_canonical_low_warmup_wc1_per_instance.csv,1,subset_cardinality_bw10,perm_seed1730,subset_cardinality_bw10_perm1730,subset_cardinality,weak_symmetry,large,main,weak,41,92,10.0,5.0,/home/sunshixin/chenchao/my_rlaf/runs/GNN_Glucose_3SAT_EchoSAT_SymmetryGRPO_v1_7_WC1_PositiveCap/iter=50.pt,0.0,0.0,218.0,167.0,True,0.002553,0.002553,221.0,169.0,True,0.000425,0.2447692344665527,156.0,137.0,True,0.000425,0.2460268949044942,156.0,137.0,True,0.001873,0.313021407508254,171.0,150.0,True,True,True,0.000292,1.0,6.0,62.92706298828125,41,0.6931471824645996,True,0.0655465126037597,0.001448,0.06699451260375983,0.001873,0.313021407508254,15.0,13.0,0.002553,-0.002128,False,False,False
1,/home/sunshixin/chenchao/my_rlaf/runs/analysis/echosat_symmetry_grpo_v1_7_acceptance_iter=50_canonical_low_warmup_wc1_per_instance.csv,1,subset_cardinality_bw10,perm_seed1731,subset_cardinality_bw10_perm1731,subset_cardinality,weak_symmetry,large,main,weak,41,92,10.0,5.0,/home/sunshixin/chenchao/my_rlaf/runs/GNN_Glucose_3SAT_EchoSAT_SymmetryGRPO_v1_7_WC1_PositiveCap/iter=50.pt,0.001217,0.001217,202.0,147.0,True,0.000478,0.000478,247.0,155.0,True,0.0,0.2443442344665527,203.0,164.0,True,0.0,0.2453873623162508,203.0,164.0,True,0.001861,0.3127948749200105,176.0,147.0,True,True,True,0.0,1.0,7.0,62.392337799072266,41,0.6931471824645996,True,0.0655465126037597,0.001861,0.06740751260375971,0.000644,0.3115778749200105,-27.0,-17.0,-0.000739,-0.000478,False,False,False
1,/home/sunshixin/chenchao/my_rlaf/runs/analysis/echosat_symmetry_grpo_v1_7_acceptance_iter=50_canonical_low_warmup_wc1_per_instance.csv,1,subset_cardinality_bw12,base,subset_cardinality_bw12,subset_cardinality,weak_symmetry,large,main,weak,49,108,10.0,5.0,/home/sunshixin/chenchao/my_rlaf/runs/GNN_Glucose_3SAT_EchoSAT_SymmetryGRPO_v1_7_WC1_PositiveCap/iter=50.pt,0.001812,0.001812,442.0,342.0,True,0.000466,0.000466,491.0,414.0,True,0.002656,0.2470002344665527,384.0,312.0,True,0.002656,0.2505600745680332,384.0,312.0,True,0.000393,0.3138435871717929,409.0,329.0,True,True,True,0.002513,1.0,9.0,75.44426727294922,49,0.6931471824645996,True,0.0655465126037597,-0.002263,0.0632835126037597,-0.0014190000000000001,0.3120315871717929,25.0,17.0,-0.001346,0.00219,True,True,False
1,/home/sunshixin/chenchao/my_rlaf/runs/analysis/echosat_symmetry_grpo_v1_7_acceptance_iter=50_canonical_low_warmup_wc1_per_instance.csv,1,subset_cardinality_bw12,perm_seed1730,subset_cardinality_bw12_perm1730,subset_cardinality,weak_symmetry,large,main,weak,49,108,10.0,5.0,/home/sunshixin/chenchao/my_rlaf/runs/GNN_Glucose_3SAT_EchoSAT_SymmetryGRPO_v1_7_WC1_PositiveCap/iter=50.pt,0.0,0.0,440.0,329.0,True,0.003611,0.003611,397.0,314.0,True,0.0,0.1357588768005371,343.0,268.0,True,0.0,0.1392689755018949,343.0,268.0,True,0.002349,0.1724540808485746,349.0,287.0,True,True,True,0.002534,1.0,7.0,73.95069122314453,49,0.6931471824645996,True,0.0308361053466796,0.002349,0.033185105346679705,0.002349,0.1724540808485746,6.0,19.0,0.003611,-0.003611,False,False,False
1,/home/sunshixin/chenchao/my_rlaf/runs/analysis/echosat_symmetry_grpo_v1_7_acceptance_iter=50_canonical_low_warmup_wc1_per_instance.csv,1,subset_cardinality_bw12,perm_seed1731,subset_cardinality_bw12_perm1731,subset_cardinality,weak_symmetry,large,main,weak,49,108,10.0,5.0,/home/sunshixin/chenchao/my_rlaf/runs/GNN_Glucose_3SAT_EchoSAT_SymmetryGRPO_v1_7_WC1_PositiveCap/iter=50.pt,0.001936,0.001936,393.0,297.0,True,0.002806,0.002806,439.0,311.0,True,0.002356,0.1381148768005371,363.0,285.0,True,0.002356,0.1405316813354492,363.0,285.0,True,0.000348,0.1693597866821289,377.0,305.0,True,True,True,0.001332,1.0,7.0,75.07693481445312,49,0.6931471824645996,True,0.0308361053466796,-0.0020080000000000002,0.028828105346679705,-0.001588,0.1674237866821289,14.0,20.0,0.0008699999999999999,-0.0004499999999999999,True,True,False
1,/home/sunshixin/chenchao/my_rlaf/runs/analysis/echosat_symmetry_grpo_v1_7_acceptance_iter=50_canonical_low_warmup_wc1_per_instance.csv,1,subset_cardinality_bw8,base,subset_cardinality_bw8,subset_cardinality,weak_symmetry,medium,main,weak,33,76,10.0,5.0,/home/sunshixin/chenchao/my_rlaf/runs/GNN_Glucose_3SAT_EchoSAT_SymmetryGRPO_v1_7_WC1_PositiveCap/iter=50.pt,0.000955,0.000955,89.0,67.0,True,0.001707,0.001707,106.0,76.0,True,0.001693,0.1374518768005371,84.0,69.0,True,0.001693,0.1402390335789322,84.0,69.0,True,0.001419,0.1708011389256119,97.0,83.0,True,True,True,0.001767,1.0,12.0,54.99262619018555,33,0.6931471824645996,True,0.0308361053466796,-0.00027400000000000015,0.03056210534667972,0.0004639999999999999,0.1698461389256119,13.0,14.0,0.000752,-1.3999999999999907e-05,True,False,False
1,/home/sunshixin/chenchao/my_rlaf/runs/analysis/echosat_symmetry_grpo_v1_7_acceptance_iter=50_canonical_low_warmup_wc1_per_instance.csv,1,subset_cardinality_bw8,perm_seed1730,subset_cardinality_bw8_perm1730,subset_cardinality,weak_symmetry,medium,main,weak,33,76,10.0,5.0,/home/sunshixin/chenchao/my_rlaf/runs/GNN_Glucose_3SAT_EchoSAT_SymmetryGRPO_v1_7_WC1_PositiveCap/iter=50.pt,0.001335,0.001335,110.0,76.0,True,0.002042,0.002042,127.0,80.0,True,0.001533,0.1372918768005371,100.0,79.0,True,0.001533,0.1393163705253005,100.0,79.0,True,0.000376,0.1689954758719802,106.0,84.0,True,True,True,0.001121,1.0,5.0,49.16338348388672,33,0.6931471824645996,True,0.0308361053466796,-0.001157,0.029679105346679696,-0.000959,0.16766047587198019,6.0,5.0,0.000707,-0.0005089999999999999,True,True,False
1,/home/sunshixin/chenchao/my_rlaf/runs/analysis/echosat_symmetry_grpo_v1_7_acceptance_iter=50_canonical_low_warmup_wc1_per_instance.csv,1,subset_cardinality_bw8,perm_seed1731,subset_cardinality_bw8_perm1731,subset_cardinality,weak_symmetry,medium,main,weak,33,76,10.0,5.0,/home/sunshixin/chenchao/my_rlaf/runs/GNN_Glucose_3SAT_EchoSAT_SymmetryGRPO_v1_7_WC1_PositiveCap/iter=50.pt,0.000931,0.000931,91.0,70.0,True,0.001424,0.001424,102.0,79.0,True,0.000338,0.1360968768005371,81.0,70.0,True,0.000338,0.1386019648438096,81.0,70.0,True,0.001411,0.1705110701904892,92.0,76.0,True,True,True,0.001461,1.0,11.0,55.44180679321289,33,0.6931471824645996,True,0.0308361053466796,0.001073,0.031909105346679595,0.00047999999999999996,0.1695800701904892,11.0,6.0,0.000493,-0.001086,False,False,False
1,/home/sunshixin/chenchao/my_rlaf/runs/analysis/echosat_symmetry_grpo_v1_7_acceptance_iter=50_canonical_low_warmup_wc1_per_instance.csv,2,k10_color9,base,k10_color9,complete_coloring,strong_symmetry,large,main,strong,90,775,10.0,5.0,/home/sunshixin/chenchao/my_rlaf/runs/GNN_Glucose_3SAT_EchoSAT_SymmetryGRPO_v1_7_WC1_PositiveCap/iter=50.pt,4.22593,4.22593,340861.0,314066.0,True,4.6947,4.6947,322229.0,299168.0,True,4.82343,6.571901736907959,321840.0,298649.0,True,4.82343,6.577206289548457,321840.0,298649.0,True,3.37373,5.1868908739753365,275905.0,254385.0,True,True,True,0.003513,1.0,8.0,136.93209838867188,90,0.6931471824645996,True,0.0593845844268798,-1.4497,-1.39031541557312,-0.8521999999999998,0.9609608739753366,-45935.0,-44264.0,0.46877000000000013,0.12873,True,True,False
1,/home/sunshixin/chenchao/my_rlaf/runs/analysis/echosat_symmetry_grpo_v1_7_acceptance_iter=50_canonical_low_warmup_wc1_per_instance.csv,2,k10_color9,perm_seed1730,k10_color9_perm1730,complete_coloring,strong_symmetry,large,main,strong,90,775,10.0,5.0,/home/sunshixin/chenchao/my_rlaf/runs/GNN_Glucose_3SAT_EchoSAT_SymmetryGRPO_v1_7_WC1_PositiveCap/iter=50.pt,4.92763,4.92763,413643.0,382655.0,True,4.8172,4.8172,283792.0,262594.0,True,4.79223,6.540701736907959,247778.0,229737.0,True,4.79223,6.545409832550884,247778.0,229737.0,True,3.46361,5.276174416977764,250180.0,231632.0,True,True,True,0.003675,1.0,8.0,136.98228454589844,90,0.6931471824645996,True,0.0593845844268798,-1.32862,-1.26923541557312,-1.4640199999999997,0.34854441697776384,2402.0,1895.0,-0.11043000000000003,-0.024969999999999715,True,True,False
1,/home/sunshixin/chenchao/my_rlaf/runs/analysis/echosat_symmetry_grpo_v1_7_acceptance_iter=50_canonical_low_warmup_wc1_per_instance.csv,2,k10_color9,perm_seed1731,k10_color9_perm1731,complete_coloring,strong_symmetry,large,main,strong,90,775,10.0,5.0,/home/sunshixin/chenchao/my_rlaf/runs/GNN_Glucose_3SAT_EchoSAT_SymmetryGRPO_v1_7_WC1_PositiveCap/iter=50.pt,4.09311,4.09311,340033.0,312592.0,True,3.92713,3.92713,290369.0,269757.0,True,3.98908,5.737551736907959,290369.0,269757.0,True,3.98908,5.745890438117325,290369.0,269757.0,True,4.0884,5.904595022544205,323520.0,300987.0,True,True,True,0.007339,1.0,8.0,137.00555419921875,90,0.6931471824645996,True,0.0593845844268798,0.09932000000000007,0.1587045844268804,-0.004710000000000214,1.811485022544205,33151.0,31230.0,-0.16598000000000024,0.06194999999999995,False,True,False
1,/home/sunshixin/chenchao/my_rlaf/runs/analysis/echosat_symmetry_grpo_v1_7_acceptance_iter=50_canonical_low_warmup_wc1_per_instance.csv,2,k8_color7,base,k8_color7,complete_coloring,strong_symmetry,large,main,strong,56,372,10.0,5.0,/home/sunshixin/chenchao/my_rlaf/runs/GNN_Glucose_3SAT_EchoSAT_SymmetryGRPO_v1_7_WC1_PositiveCap/iter=50.pt,0.048698,0.048698,6158.0,5600.0,True,0.053441,0.053441,5946.0,5440.0,True,0.049466,1.797937736907959,5946.0,5440.0,True,0.049466,1.8022970463761687,5946.0,5440.0,True,0.041204,1.8534196308030488,6149.0,5633.0,True,True,True,0.000899,1.0,6.0,84.73548889160156,56,0.6931471824645996,True,0.0593845844268798,-0.008262000000000005,0.05112258442688011,-0.007494000000000001,1.804721630803049,203.0,193.0,0.004743000000000004,-0.003974999999999999,True,True,False
1,/home/sunshixin/chenchao/my_rlaf/runs/analysis/echosat_symmetry_grpo_v1_7_acceptance_iter=50_canonical_low_warmup_wc1_per_instance.csv,2,k8_color7,perm_seed1730,k8_color7_perm1730,complete_coloring,strong_symmetry,large,main,strong,56,372,10.0,5.0,/home/sunshixin/chenchao/my_rlaf/runs/GNN_Glucose_3SAT_EchoSAT_SymmetryGRPO_v1_7_WC1_PositiveCap/iter=50.pt,0.037973,0.037973,6138.0,5624.0,True,0.058052,0.058052,6264.0,5696.0,True,0.050391,1.798862736907959,6264.0,5696.0,True,0.050391,1.7998289952549935,6264.0,5696.0,True,0.039859,1.8486815796818732,5889.0,5353.0,True,True,True,0.0,1.0,6.0,84.79159545898438,56,0.6931471824645996,True,0.0593845844268798,-0.010532,0.048852584426879675,0.0018859999999999988,1.8107085796818732,-375.0,-343.0,0.020079,-0.007661000000000001,True,False,False
1,/home/sunshixin/chenchao/my_rlaf/runs/analysis/echosat_symmetry_grpo_v1_7_acceptance_iter=50_canonical_low_warmup_wc1_per_instance.csv,2,k8_color7,perm_seed1731,k8_color7_perm1731,complete_coloring,strong_symmetry,large,main,strong,56,372,10.0,5.0,/home/sunshixin/chenchao/my_rlaf/runs/GNN_Glucose_3SAT_EchoSAT_SymmetryGRPO_v1_7_WC1_PositiveCap/iter=50.pt,0.035266,0.035266,5800.0,5271.0,True,0.044251,0.044251,6148.0,5641.0,True,0.055333,1.803804736907959,6148.0,5641.0,True,0.055333,1.8048596981422904,6148.0,5641.0,True,0.040033,1.84894428256917,6230.0,5694.0,True,True,True,0.0,1.0,6.0,84.7841796875,56,0.6931471824645996,True,0.0593845844268798,-0.015300000000000001,0.04408458442687957,0.004767,1.81367828256917,82.0,53.0,0.008985,0.011082000000000002,True,False,False
1,/home/sunshixin/chenchao/my_rlaf/runs/analysis/echosat_symmetry_grpo_v1_7_acceptance_iter=50_canonical_low_warmup_wc1_per_instance.csv,2,k9_color8,base,k9_color8,complete_coloring,strong_symmetry,large,main,strong,72,549,10.0,5.0,/home/sunshixin/chenchao/my_rlaf/runs/GNN_Glucose_3SAT_EchoSAT_SymmetryGRPO_v1_7_WC1_PositiveCap/iter=50.pt,0.694854,0.694854,46557.0,43529.0,True,0.852961,0.852961,44352.0,41138.0,True,0.60764,2.356111736907959,43519.0,40436.0,True,0.60764,2.3622169012218714,43519.0,40436.0,True,0.478693,2.292654485648751,38337.0,35916.0,True,True,True,0.005135,1.0,7.0,109.32144165039062,72,0.6931471824645996,True,0.0593845844268798,-0.12894699999999998,-0.06956241557312026,-0.216161,1.5978004856487513,-5182.0,-4520.0,0.158107,-0.245321,True,True,False
1,/home/sunshixin/chenchao/my_rlaf/runs/analysis/echosat_symmetry_grpo_v1_7_acceptance_iter=50_canonical_low_warmup_wc1_per_instance.csv,2,k9_color8,perm_seed1730,k9_color8_perm1730,complete_coloring,strong_symmetry,large,main,strong,72,549,10.0,5.0,/home/sunshixin/chenchao/my_rlaf/runs/GNN_Glucose_3SAT_EchoSAT_SymmetryGRPO_v1_7_WC1_PositiveCap/iter=50.pt,0.444228,0.444228,39708.0,36681.0,True,0.862342,0.862342,45794.0,42555.0,True,0.776896,2.525367736907959,45794.0,42555.0,True,0.776896,2.5305335515046714,45794.0,42555.0,True,0.373207,2.1862291359315518,39478.0,36526.0,True,True,True,0.004105,1.0,7.0,109.58531951904295,72,0.6931471824645996,True,0.0593845844268798,-0.403689,-0.34430441557311964,-0.071021,1.7420011359315517,-6316.0,-6029.0,0.41811400000000004,-0.08544600000000002,True,True,False
1,/home/sunshixin/chenchao/my_rlaf/runs/analysis/echosat_symmetry_grpo_v1_7_acceptance_iter=50_canonical_low_warmup_wc1_per_instance.csv,2,k9_color8,perm_seed1731,k9_color8_perm1731,complete_coloring,strong_symmetry,large,main,strong,72,549,10.0,5.0,/home/sunshixin/chenchao/my_rlaf/runs/GNN_Glucose_3SAT_EchoSAT_SymmetryGRPO_v1_7_WC1_PositiveCap/iter=50.pt,0.59301,0.59301,47177.0,43763.0,True,0.682775,0.682775,47579.0,44103.0,True,0.84235,1.4929928718566896,47579.0,44103.0,True,0.84235,1.496477016643286,47579.0,44103.0,True,0.433326,1.156300911311865,39067.0,36227.0,True,True,True,0.00251,1.0,7.0,109.56788635253906,72,0.6931471824645996,True,0.0688478946685791,-0.40902400000000005,-0.34017610533142095,-0.15968400000000005,0.5632909113118649,-8512.0,-7876.0,0.08976499999999998,0.15957500000000002,True,True,False
1,/home/sunshixin/chenchao/my_rlaf/runs/analysis/echosat_symmetry_grpo_v1_7_acceptance_iter=50_canonical_low_warmup_wc1_per_instance.csv,2,php_p10_h9,base,php_p10_h9,php,strong_symmetry,large,main,strong,90,775,10.0,5.0,/home/sunshixin/chenchao/my_rlaf/runs/GNN_Glucose_3SAT_EchoSAT_SymmetryGRPO_v1_7_WC1_PositiveCap/iter=50.pt,4.23113,4.23113,340861.0,314066.0,True,4.14597,4.14597,322229.0,299168.0,True,4.30562,4.95626287185669,321840.0,298649.0,True,4.30562,4.960863416501343,321840.0,298649.0,True,3.40746,4.131551311169922,275905.0,254385.0,True,True,True,0.003431,1.0,8.0,136.93209838867188,90,0.6931471824645996,True,0.0688478946685791,-0.8981600000000003,-0.8293121053314216,-0.8236700000000003,-0.09957868883007848,-45935.0,-44264.0,-0.08516000000000012,0.15965000000000007,True,True,True
1,/home/sunshixin/chenchao/my_rlaf/runs/analysis/echosat_symmetry_grpo_v1_7_acceptance_iter=50_canonical_low_warmup_wc1_per_instance.csv,2,php_p10_h9,perm_seed1730,php_p10_h9_perm1730,php,strong_symmetry,large,main,strong,90,775,10.0,5.0,/home/sunshixin/chenchao/my_rlaf/runs/GNN_Glucose_3SAT_EchoSAT_SymmetryGRPO_v1_7_WC1_PositiveCap/iter=50.pt,4.92532,4.92532,413643.0,382655.0,True,4.60492,4.60492,283792.0,262594.0,True,3.84759,4.49823287185669,247778.0,229737.0,True,3.84759,4.506694954220652,247778.0,229737.0,True,3.45387,4.181822848889232,250180.0,231632.0,True,True,True,0.00743,1.0,8.0,136.98228454589844,90,0.6931471824645996,True,0.0688478946685791,-0.3937199999999996,-0.3248721053314201,-1.47145,-0.743497151110768,2402.0,1895.0,-0.32040000000000024,-0.7573300000000001,True,True,True
1,/home/sunshixin/chenchao/my_rlaf/runs/analysis/echosat_symmetry_grpo_v1_7_acceptance_iter=50_canonical_low_warmup_wc1_per_instance.csv,2,php_p10_h9,perm_seed1731,php_p10_h9_perm1731,php,strong_symmetry,large,main,strong,90,775,10.0,5.0,/home/sunshixin/chenchao/my_rlaf/runs/GNN_Glucose_3SAT_EchoSAT_SymmetryGRPO_v1_7_WC1_PositiveCap/iter=50.pt,4.14367,4.14367,340033.0,312592.0,True,4.14606,4.14606,290369.0,269757.0,True,4.04148,4.692122871856689,290369.0,269757.0,True,4.04148,4.702209169514894,290369.0,269757.0,True,4.08865,4.818227064183474,323520.0,300987.0,True,True,True,0.008972,1.0,8.0,137.00555419921875,90,0.6931471824645996,True,0.0688478946685791,0.04717000000000038,0.11601789466857948,-0.05501999999999985,0.6745570641834737,33151.0,31230.0,0.0023900000000001143,-0.10458000000000034,False,True,False
1,/home/sunshixin/chenchao/my_rlaf/runs/analysis/echosat_symmetry_grpo_v1_7_acceptance_iter=50_canonical_low_warmup_wc1_per_instance.csv,2,php_p9_h8,base,php_p9_h8,php,strong_symmetry,large,main,strong,72,549,10.0,5.0,/home/sunshixin/chenchao/my_rlaf/runs/GNN_Glucose_3SAT_EchoSAT_SymmetryGRPO_v1_7_WC1_PositiveCap/iter=50.pt,0.682167,0.682167,46557.0,43529.0,True,0.850313,0.850313,44352.0,41138.0,True,0.711647,1.3622898718566896,43519.0,40436.0,True,0.711647,1.3686338410529495,43519.0,40436.0,True,0.514214,1.2400487357215284,38337.0,35916.0,True,True,True,0.005283,1.0,7.0,109.32144165039062,72,0.6931471824645996,True,0.0688478946685791,-0.19743300000000008,-0.1285851053314211,-0.16795300000000002,0.5578817357215284,-5182.0,-4520.0,0.16814600000000002,-0.13866599999999996,True,True,False
1,/home/sunshixin/chenchao/my_rlaf/runs/analysis/echosat_symmetry_grpo_v1_7_acceptance_iter=50_canonical_low_warmup_wc1_per_instance.csv,2,php_p9_h8,perm_seed1730,php_p9_h8_perm1730,php,strong_symmetry,large,main,strong,72,549,10.0,5.0,/home/sunshixin/chenchao/my_rlaf/runs/GNN_Glucose_3SAT_EchoSAT_SymmetryGRPO_v1_7_WC1_PositiveCap/iter=50.pt,0.459491,0.459491,39708.0,36681.0,True,0.653852,0.653852,45794.0,42555.0,True,0.727629,1.378271871856689,45794.0,42555.0,True,0.727629,1.3840410664666891,45794.0,42555.0,True,0.392897,1.1181569611352682,39478.0,36526.0,True,True,True,0.004673,1.0,7.0,109.58531951904295,72,0.6931471824645996,True,0.0688478946685791,-0.334732,-0.26588410533142093,-0.06659399999999999,0.6586659611352682,-6316.0,-6029.0,0.194361,0.07377699999999998,True,True,False
1,/home/sunshixin/chenchao/my_rlaf/runs/analysis/echosat_symmetry_grpo_v1_7_acceptance_iter=50_canonical_low_warmup_wc1_per_instance.csv,2,php_p9_h8,perm_seed1731,php_p9_h8_perm1731,php,strong_symmetry,large,main,strong,72,549,10.0,5.0,/home/sunshixin/chenchao/my_rlaf/runs/GNN_Glucose_3SAT_EchoSAT_SymmetryGRPO_v1_7_WC1_PositiveCap/iter=50.pt,0.62955,0.62955,47177.0,43763.0,True,0.824398,0.824398,47579.0,44103.0,True,0.757037,1.4076798718566894,47579.0,44103.0,True,0.757037,1.4135647768734096,47579.0,44103.0,True,0.483971,1.209346671541989,41102.0,37964.0,True,True,True,0.004905,1.0,7.0,109.56788635253906,72,0.6931471824645996,True,0.0688478946685791,-0.273066,-0.2042181053314207,-0.14557900000000007,0.5797966715419889,-6477.0,-6139.0,0.1948479999999999,-0.067361,True,True,False
1,/home/sunshixin/chenchao/my_rlaf/runs/analysis/echosat_symmetry_grpo_v1_7_acceptance_iter=50_canonical_low_warmup_wc1_per_instance.csv,2,random_3sat_control_v160_c704_seed2615,base,random_3sat_control_v160_c704_seed2615,random_3sat_control,non_symmetric_control,large,control,none,160,704,10.0,5.0,/home/sunshixin/chenchao/my_rlaf/runs/GNN_Glucose_3SAT_EchoSAT_SymmetryGRPO_v1_7_WC1_PositiveCap/iter=50.pt,0.063882,0.063882,6771.0,5767.0,True,0.067005,0.067005,5702.0,4813.0,True,0.044331,0.6949738718566895,4859.0,4212.0,True,0.044331,0.7008668895010353,4859.0,4212.0,True,0.046737,0.7721207841696144,5576.0,4777.0,True,False,False,0.004646,1.0,20.0,250.25311279296875,160,0.6931471824645996,True,0.0688478946685791,0.0024059999999999984,0.07125389466857912,-0.017144999999999994,0.7082387841696144,717.0,565.0,0.0031230000000000008,-0.022673999999999993,False,True,False
1,/home/sunshixin/chenchao/my_rlaf/runs/analysis/echosat_symmetry_grpo_v1_7_acceptance_iter=50_canonical_low_warmup_wc1_per_instance.csv,2,random_3sat_control_v160_c704_seed2615,perm_seed1730,random_3sat_control_v160_c704_seed2615_perm1730,random_3sat_control,non_symmetric_control,large,control,none,160,704,10.0,5.0,/home/sunshixin/chenchao/my_rlaf/runs/GNN_Glucose_3SAT_EchoSAT_SymmetryGRPO_v1_7_WC1_PositiveCap/iter=50.pt,0.095359,0.095359,8522.0,7299.0,True,0.111072,0.111072,7934.0,6809.0,True,0.052415,0.7640095816040039,4602.0,4008.0,True,0.052415,0.7708443220220208,4602.0,4008.0,True,0.054824,0.8563998941350579,5025.0,4323.0,True,False,False,0.005517,1.0,20.0,250.9976043701172,160,0.6931471824645996,True,0.0831465721130371,0.0024089999999999945,0.0855555721130371,-0.040535,0.7610408941350579,423.0,315.0,0.015713000000000005,-0.058657,False,True,False
1,/home/sunshixin/chenchao/my_rlaf/runs/analysis/echosat_symmetry_grpo_v1_7_acceptance_iter=50_canonical_low_warmup_wc1_per_instance.csv,2,random_3sat_control_v160_c704_seed2615,perm_seed1731,random_3sat_control_v160_c704_seed2615_perm1731,random_3sat_control,non_symmetric_control,large,control,none,160,704,10.0,5.0,/home/sunshixin/chenchao/my_rlaf/runs/GNN_Glucose_3SAT_EchoSAT_SymmetryGRPO_v1_7_WC1_PositiveCap/iter=50.pt,0.04704,0.04704,5676.0,4847.0,True,0.119415,0.119415,8017.0,6851.0,True,0.050228,0.761822581604004,4961.0,4384.0,True,0.050228,0.7658418062632084,4961.0,4384.0,True,0.053572,0.8523323783762454,5804.0,4967.0,True,False,False,0.00286,1.0,20.0,250.14382934570312,160,0.6931471824645996,True,0.0831465721130371,0.0033439999999999998,0.08649057211303701,0.006532000000000003,0.8052923783762455,843.0,583.0,0.072375,-0.069187,False,False,False
1,/home/sunshixin/chenchao/my_rlaf/runs/analysis/echosat_symmetry_grpo_v1_7_acceptance_iter=50_canonical_low_warmup_wc1_per_instance.csv,2,random_3sat_control_v180_c760_seed3301,base,random_3sat_control_v180_c760_seed3301,random_3sat_control,non_symmetric_control,large,control,none,180,760,10.0,5.0,/home/sunshixin/chenchao/my_rlaf/runs/GNN_Glucose_3SAT_EchoSAT_SymmetryGRPO_v1_7_WC1_PositiveCap/iter=50.pt,0.492302,0.492302,27442.0,23617.0,True,0.174292,0.174292,10470.0,8910.0,True,0.00903,0.7206245816040039,693.0,567.0,True,0.00903,0.7238139940137267,693.0,567.0,True,0.635097,1.4330275661267635,40918.0,36229.0,True,False,False,0.001896,1.0,25.0,290.802978515625,180,0.6931471824645996,True,0.0831465721130371,0.626067,0.7092135721130368,0.142795,0.9407255661267635,40225.0,35662.0,-0.31801,-0.165262,False,False,False
1,/home/sunshixin/chenchao/my_rlaf/runs/analysis/echosat_symmetry_grpo_v1_7_acceptance_iter=50_canonical_low_warmup_wc1_per_instance.csv,2,random_3sat_control_v180_c760_seed3301,perm_seed1730,random_3sat_control_v180_c760_seed3301_perm1730,random_3sat_control,non_symmetric_control,large,control,none,180,760,10.0,5.0,/home/sunshixin/chenchao/my_rlaf/runs/GNN_Glucose_3SAT_EchoSAT_SymmetryGRPO_v1_7_WC1_PositiveCap/iter=50.pt,1.04841,1.04841,47649.0,41152.0,True,0.095586,0.095586,7421.0,6253.0,True,0.008817,0.7204115816040039,643.0,525.0,True,0.008817,0.726404841443479,643.0,525.0,True,0.458694,1.259428413556516,31948.0,28037.0,True,False,False,0.004831,1.0,25.0,292.0396728515625,180,0.6931471824645996,True,0.0831465721130371,0.44987699999999997,0.5330235721130369,-0.5897160000000001,0.21101841355651585,31305.0,27512.0,-0.9528240000000001,-0.086769,False,True,False
1,/home/sunshixin/chenchao/my_rlaf/runs/analysis/echosat_symmetry_grpo_v1_7_acceptance_iter=50_canonical_low_warmup_wc1_per_instance.csv,2,random_3sat_control_v180_c760_seed3301,perm_seed1731,random_3sat_control_v180_c760_seed3301_perm1731,random_3sat_control,non_symmetric_control,large,control,none,180,760,10.0,5.0,/home/sunshixin/chenchao/my_rlaf/runs/GNN_Glucose_3SAT_EchoSAT_SymmetryGRPO_v1_7_WC1_PositiveCap/iter=50.pt,0.493754,0.493754,27197.0,23469.0,True,0.152886,0.152886,9011.0,7714.0,True,0.008559,0.7201535816040039,590.0,484.0,True,0.008559,0.7235146520420312,590.0,484.0,True,0.681101,1.4792032241550683,41749.0,36909.0,True,False,False,0.00203,1.0,25.0,291.0475769042969,180,0.6931471824645996,True,0.0831465721130371,0.672542,0.7556885721130371,0.18734699999999993,0.9854492241550683,41159.0,36425.0,-0.34086800000000006,-0.14432699999999998,False,False,False
1,/home/sunshixin/chenchao/my_rlaf/runs/analysis/echosat_symmetry_grpo_v1_7_acceptance_iter=50_canonical_low_warmup_wc1_per_instance.csv,2,random_3sat_control_v220_c928_seed3303,base,random_3sat_control_v220_c928_seed3303,random_3sat_control,non_symmetric_control,large,control,none,220,928,10.0,5.0,/home/sunshixin/chenchao/my_rlaf/runs/GNN_Glucose_3SAT_EchoSAT_SymmetryGRPO_v1_7_WC1_PositiveCap/iter=50.pt,0.72789,0.72789,30277.0,25994.0,True,0.559469,0.559469,22265.0,19025.0,True,0.000407,0.712001581604004,62.0,4.0,True,0.000407,0.7189602251580358,62.0,4.0,True,0.011535,0.8132347972710728,779.0,606.0,True,False,False,0.005703,1.0,28.0,332.48345947265625,220,0.6931471824645996,True,0.0831465721130371,0.011128,0.09427457211303703,-0.7163550000000001,0.0853447972710728,717.0,602.0,-0.16842100000000004,-0.559062,False,True,False
1,/home/sunshixin/chenchao/my_rlaf/runs/analysis/echosat_symmetry_grpo_v1_7_acceptance_iter=50_canonical_low_warmup_wc1_per_instance.csv,2,random_3sat_control_v220_c928_seed3303,perm_seed1730,random_3sat_control_v220_c928_seed3303_perm1730,random_3sat_control,non_symmetric_control,large,control,none,220,928,10.0,5.0,/home/sunshixin/chenchao/my_rlaf/runs/GNN_Glucose_3SAT_EchoSAT_SymmetryGRPO_v1_7_WC1_PositiveCap/iter=50.pt,1.4258,1.4258,52742.0,45477.0,True,0.252097,0.252097,13039.0,11071.0,True,0.000109,0.7117035816040039,62.0,4.0,True,0.000109,0.7184049088097215,62.0,4.0,True,0.007299,0.8087414809227587,596.0,452.0,True,False,False,0.005437,1.0,28.0,330.46795654296875,220,0.6931471824645996,True,0.0831465721130371,0.00719,0.09033657211303714,-1.418501,-0.6170585190772413,534.0,448.0,-1.173703,-0.251988,False,True,True
1,/home/sunshixin/chenchao/my_rlaf/runs/analysis/echosat_symmetry_grpo_v1_7_acceptance_iter=50_canonical_low_warmup_wc1_per_instance.csv,2,random_3sat_control_v220_c928_seed3303,perm_seed1731,random_3sat_control_v220_c928_seed3303_perm1731,random_3sat_control,non_symmetric_control,large,control,none,220,928,10.0,5.0,/home/sunshixin/chenchao/my_rlaf/runs/GNN_Glucose_3SAT_EchoSAT_SymmetryGRPO_v1_7_WC1_PositiveCap/iter=50.pt,0.056654,0.056654,4930.0,4147.0,True,0.436325,0.436325,19684.0,16814.0,True,0.004149,0.7157435816040039,63.0,4.0,True,0.004149,0.7224739254165291,63.0,4.0,True,0.013633,0.8151044975295663,849.0,670.0,True,False,False,0.005242,1.0,28.0,331.7943725585937,220,0.6931471824645996,True,0.0831465721130371,0.009484,0.09263057211303716,-0.043021000000000004,0.7584504975295663,786.0,666.0,0.37967100000000004,-0.432176,False,True,False
1,/home/sunshixin/chenchao/my_rlaf/runs/analysis/echosat_symmetry_grpo_v1_7_acceptance_iter=50_canonical_low_warmup_wc1_per_instance.csv,2,random_3sat_control_v220_c942_seed3304,base,random_3sat_control_v220_c942_seed3304,random_3sat_control,non_symmetric_control,large,control,none,220,942,10.0,5.0,/home/sunshixin/chenchao/my_rlaf/runs/GNN_Glucose_3SAT_EchoSAT_SymmetryGRPO_v1_7_WC1_PositiveCap/iter=50.pt,0.658319,0.658319,35472.0,30813.0,True,0.969487,0.969487,41376.0,36046.0,True,0.441632,1.794661727935791,26754.0,23980.0,True,0.441632,1.801495005096972,26754.0,23980.0,True,0.737885,2.1896068689275383,39651.0,35316.0,True,False,False,0.005506,1.0,24.0,322.4337158203125,220,0.6931471824645996,True,0.0918588638305664,0.296253,0.3881118638305663,0.07956600000000003,1.5312878689275382,12897.0,11336.0,0.311168,-0.527855,False,False,False
1,/home/sunshixin/chenchao/my_rlaf/runs/analysis/echosat_symmetry_grpo_v1_7_acceptance_iter=50_canonical_low_warmup_wc1_per_instance.csv,2,random_3sat_control_v220_c942_seed3304,perm_seed1730,random_3sat_control_v220_c942_seed3304_perm1730,random_3sat_control,non_symmetric_control,large,control,none,220,942,10.0,5.0,/home/sunshixin/chenchao/my_rlaf/runs/GNN_Glucose_3SAT_EchoSAT_SymmetryGRPO_v1_7_WC1_PositiveCap/iter=50.pt,0.660435,0.660435,34825.0,30052.0,True,0.721128,0.721128,33221.0,28818.0,True,0.426703,1.779732727935791,26445.0,23804.0,True,0.426703,1.7858506775792242,26445.0,23804.0,True,0.7195,2.1705065414097904,38918.0,34667.0,True,False,False,0.00472,1.0,24.0,324.02960205078125,220,0.6931471824645996,True,0.0918588638305664,0.29279700000000003,0.38465586383056616,0.059065000000000034,1.5100715414097903,12473.0,10863.0,0.060693,-0.294425,False,False,False
1,/home/sunshixin/chenchao/my_rlaf/runs/analysis/echosat_symmetry_grpo_v1_7_acceptance_iter=50_canonical_low_warmup_wc1_per_instance.csv,2,random_3sat_control_v220_c942_seed3304,perm_seed1731,random_3sat_control_v220_c942_seed3304_perm1731,random_3sat_control,non_symmetric_control,large,control,none,220,942,10.0,5.0,/home/sunshixin/chenchao/my_rlaf/runs/GNN_Glucose_3SAT_EchoSAT_SymmetryGRPO_v1_7_WC1_PositiveCap/iter=50.pt,0.70977,0.70977,38737.0,33758.0,True,0.785053,0.785053,38909.0,33544.0,True,0.526264,1.8792937279357909,26149.0,23448.0,True,0.526264,1.8837428380007148,26149.0,23448.0,True,0.618698,2.068035701831281,38654.0,34629.0,True,False,False,0.003112,1.0,24.0,324.64569091796875,220,0.6931471824645996,True,0.0918588638305664,0.09243400000000002,0.1842928638305663,-0.09107200000000004,1.3582657018312811,12505.0,11181.0,0.07528299999999999,-0.25878900000000005,False,True,False
1,/home/sunshixin/chenchao/my_rlaf/runs/analysis/echosat_symmetry_grpo_v1_7_acceptance_iter=50_canonical_low_warmup_wc1_per_instance.csv,2,random_3sat_control_v260_c1097_seed3305,base,random_3sat_control_v260_c1097_seed3305,random_3sat_control,non_symmetric_control,large,control,none,260,1097,10.0,5.0,/home/sunshixin/chenchao/my_rlaf/runs/GNN_Glucose_3SAT_EchoSAT_SymmetryGRPO_v1_7_WC1_PositiveCap/iter=50.pt,6.87364,6.87364,216854.0,188499.0,True,2.35007,2.35007,73626.0,64181.0,True,1.69245,3.045479727935791,60642.0,54350.0,True,1.69245,3.0536158100370168,60642.0,54350.0,True,1.05419,2.507214673867584,53780.0,47404.0,True,False,False,0.006741,1.0,35.0,390.6428833007813,260,0.6931471824645996,True,0.0918588638305664,-0.63826,-0.546401136169433,-5.81945,-4.366425326132417,-6862.0,-6946.0,-4.523569999999999,-0.6576200000000001,True,True,True
1,/home/sunshixin/chenchao/my_rlaf/runs/analysis/echosat_symmetry_grpo_v1_7_acceptance_iter=50_canonical_low_warmup_wc1_per_instance.csv,2,random_3sat_control_v260_c1097_seed3305,perm_seed1730,random_3sat_control_v260_c1097_seed3305_perm1730,random_3sat_control,non_symmetric_control,large,control,none,260,1097,10.0,5.0,/home/sunshixin/chenchao/my_rlaf/runs/GNN_Glucose_3SAT_EchoSAT_SymmetryGRPO_v1_7_WC1_PositiveCap/iter=50.pt,7.41564,7.41564,224505.0,195557.0,True,0.600849,0.600849,27246.0,23387.0,True,1.71404,3.067069727935791,60686.0,54724.0,True,1.71404,3.0711007979971767,60686.0,54724.0,True,1.67102,3.1199396618277437,77655.0,69047.0,True,False,False,0.002566,1.0,35.0,390.0680847167969,260,0.6931471824645996,True,0.0918588638305664,-0.04302000000000006,0.048838863830567014,-5.744619999999999,-4.2957003381722565,16969.0,14323.0,-6.814791,1.113191,True,True,True
1,/home/sunshixin/chenchao/my_rlaf/runs/analysis/echosat_symmetry_grpo_v1_7_acceptance_iter=50_canonical_low_warmup_wc1_per_instance.csv,2,random_3sat_control_v260_c1097_seed3305,perm_seed1731,random_3sat_control_v260_c1097_seed3305_perm1731,random_3sat_control,non_symmetric_control,large,control,none,260,1097,10.0,5.0,/home/sunshixin/chenchao/my_rlaf/runs/GNN_Glucose_3SAT_EchoSAT_SymmetryGRPO_v1_7_WC1_PositiveCap/iter=50.pt,3.94905,3.94905,105916.0,92052.0,True,5.55924,5.55924,162997.0,142194.0,True,1.03484,2.387869727935791,48534.0,43247.0,True,1.03484,2.399410598138213,48534.0,43247.0,True,1.21642,2.67284946196878,59080.0,52233.0,True,False,False,0.009354,1.0,35.0,389.6698913574219,260,0.6931471824645996,True,0.0918588638305664,0.18158000000000007,0.27343886383056715,-2.7326300000000003,-1.2762005380312202,10546.0,8986.0,1.6101899999999998,-4.5244,False,True,True
1,/home/sunshixin/chenchao/my_rlaf/runs/analysis/echosat_symmetry_grpo_v1_7_acceptance_iter=50_canonical_low_warmup_wc1_per_instance.csv,2,random_3sat_control_v260_c1113_seed3306,base,random_3sat_control_v260_c1113_seed3306,random_3sat_control,non_symmetric_control,large,control,none,260,1113,10.0,5.0,/home/sunshixin/chenchao/my_rlaf/runs/GNN_Glucose_3SAT_EchoSAT_SymmetryGRPO_v1_7_WC1_PositiveCap/iter=50.pt,5.49965,5.49965,178146.0,155541.0,True,6.34623,6.34623,186876.0,163308.0,True,6.31155,7.664579727935791,226200.0,205404.0,True,6.31155,7.675589771808446,226200.0,205404.0,True,7.42339,8.879288635639012,271876.0,239281.0,True,False,False,0.008306,1.0,33.0,397.6284790039063,260,0.6931471824645996,True,0.0918588638305664,1.11184,1.2036988638305663,1.9237400000000004,3.3796386356390125,45676.0,33877.0,0.8465800000000003,-0.03467999999999982,False,False,False
1,/home/sunshixin/chenchao/my_rlaf/runs/analysis/echosat_symmetry_grpo_v1_7_acceptance_iter=50_canonical_low_warmup_wc1_per_instance.csv,2,random_3sat_control_v260_c1113_seed3306,perm_seed1730,random_3sat_control_v260_c1113_seed3306_perm1730,random_3sat_control,non_symmetric_control,large,control,none,260,1113,10.0,5.0,/home/sunshixin/chenchao/my_rlaf/runs/GNN_Glucose_3SAT_EchoSAT_SymmetryGRPO_v1_7_WC1_PositiveCap/iter=50.pt,5.13249,5.13249,171334.0,149746.0,True,6.93194,6.93194,206936.0,180741.0,True,5.67398,7.027009727935791,206101.0,186162.0,True,5.67398,7.034773041750372,206101.0,186162.0,True,6.69201,8.144661905580937,263518.0,232369.0,True,False,False,0.006423,1.0,33.0,396.3316650390625,260,0.6931471824645996,True,0.0918588638305664,1.0180299999999995,1.109888863830565,1.55952,3.0121719055809377,57417.0,46207.0,1.7994500000000002,-1.2579599999999997,False,False,False
1,/home/sunshixin/chenchao/my_rlaf/runs/analysis/echosat_symmetry_grpo_v1_7_acceptance_iter=50_canonical_low_warmup_wc1_per_instance.csv,2,random_3sat_control_v260_c1113_seed3306,perm_seed1731,random_3sat_control_v260_c1113_seed3306_perm1731,random_3sat_control,non_symmetric_control,large,control,none,260,1113,10.0,5.0,/home/sunshixin/chenchao/my_rlaf/runs/GNN_Glucose_3SAT_EchoSAT_SymmetryGRPO_v1_7_WC1_PositiveCap/iter=50.pt,6.65609,6.65609,202621.0,177648.0,True,7.0342,7.0342,214985.0,187707.0,True,5.9752,6.320344510269165,217745.0,196903.0,True,5.9752,6.324362801597298,217745.0,196903.0,True,6.40893,6.830223004844367,265073.0,234293.0,True,False,False,0.002818,1.0,33.0,397.0461730957031,260,0.6931471824645996,True,0.0721302032470703,0.4337299999999997,0.5058602032470692,-0.24716000000000005,0.174133004844367,47328.0,37390.0,0.3781100000000004,-1.0590000000000002,False,True,False
1,/home/sunshixin/chenchao/my_rlaf/runs/analysis/echosat_symmetry_grpo_v1_7_acceptance_iter=50_canonical_low_warmup_wc1_per_instance.csv,2,random_3sat_control_v300_c1266_seed3307,base,random_3sat_control_v300_c1266_seed3307,random_3sat_control,non_symmetric_control,large,control,none,300,1266,10.0,5.0,/home/sunshixin/chenchao/my_rlaf/runs/GNN_Glucose_3SAT_EchoSAT_SymmetryGRPO_v1_7_WC1_PositiveCap/iter=50.pt,0.216945,0.216945,12894.0,10895.0,True,2.55972,2.55972,71356.0,61376.0,True,0.010701,0.355845510269165,288.0,182.0,True,0.010701,0.3656164357702732,288.0,182.0,True,0.033422,0.4604676390173435,2612.0,2047.0,True,False,False,0.008547,1.0,46.0,466.681884765625,300,0.6931471824645996,True,0.0721302032470703,0.022720999999999998,0.0948512032470703,-0.183523,0.2435226390173435,2324.0,1865.0,2.342775,-2.549019,False,True,False
1,/home/sunshixin/chenchao/my_rlaf/runs/analysis/echosat_symmetry_grpo_v1_7_acceptance_iter=50_canonical_low_warmup_wc1_per_instance.csv,2,random_3sat_control_v300_c1266_seed3307,perm_seed1730,random_3sat_control_v300_c1266_seed3307_perm1730,random_3sat_control,non_symmetric_control,large,control,none,300,1266,10.0,5.0,/home/sunshixin/chenchao/my_rlaf/runs/GNN_Glucose_3SAT_EchoSAT_SymmetryGRPO_v1_7_WC1_PositiveCap/iter=50.pt,1.27815,1.27815,43103.0,37339.0,True,2.09451,2.09451,63498.0,54506.0,True,0.017017,0.362161510269165,321.0,205.0,True,0.017017,0.3713765129402876,321.0,205.0,True,0.040979,0.4674687161873579,2305.0,1828.0,True,False,False,0.007794,1.0,46.0,465.9733581542969,300,0.6931471824645996,True,0.0721302032470703,0.023962,0.0960922032470703,-1.2371709999999998,-0.810681283812642,1984.0,1623.0,0.8163600000000002,-2.077493,False,True,True
1,/home/sunshixin/chenchao/my_rlaf/runs/analysis/echosat_symmetry_grpo_v1_7_acceptance_iter=50_canonical_low_warmup_wc1_per_instance.csv,2,random_3sat_control_v300_c1266_seed3307,perm_seed1731,random_3sat_control_v300_c1266_seed3307_perm1731,random_3sat_control,non_symmetric_control,large,control,none,300,1266,10.0,5.0,/home/sunshixin/chenchao/my_rlaf/runs/GNN_Glucose_3SAT_EchoSAT_SymmetryGRPO_v1_7_WC1_PositiveCap/iter=50.pt,2.08504,2.08504,66962.0,57424.0,True,0.110628,0.110628,7524.0,6304.0,True,0.009085,0.354229510269165,375.0,247.0,True,0.009085,0.3598268175709248,375.0,247.0,True,0.043565,0.4664370208179951,2556.0,2015.0,True,False,False,0.004195,1.0,46.0,465.2885437011719,300,0.6931471824645996,True,0.0721302032470703,0.03448,0.10661020324707032,-2.0414749999999997,-1.6186029791820047,2181.0,1768.0,-1.9744119999999998,-0.10154300000000001,False,True,True
1,/home/sunshixin/chenchao/my_rlaf/runs/analysis/echosat_symmetry_grpo_v1_7_acceptance_iter=50_canonical_low_warmup_wc1_per_instance.csv,2,subset_cardinality_bw10,base,subset_cardinality_bw10,subset_cardinality,weak_symmetry,large,main,weak,41,92,10.0,5.0,/home/sunshixin/chenchao/my_rlaf/runs/GNN_Glucose_3SAT_EchoSAT_SymmetryGRPO_v1_7_WC1_PositiveCap/iter=50.pt,0.001638,0.001638,193.0,141.0,True,0.000467,0.000467,237.0,193.0,True,0.000422,0.345566510269165,162.0,142.0,True,0.000422,0.3483818498401045,162.0,142.0,True,0.0,0.4200900530871749,179.0,149.0,True,True,True,0.00167,1.0,5.0,62.83808517456055,41,0.6931471824645996,True,0.0721302032470703,-0.000422,0.07170820324707039,-0.001638,0.4184520530871749,17.0,7.0,-0.001171,-4.500000000000001e-05,True,True,False
1,/home/sunshixin/chenchao/my_rlaf/runs/analysis/echosat_symmetry_grpo_v1_7_acceptance_iter=50_canonical_low_warmup_wc1_per_instance.csv,2,subset_cardinality_bw10,perm_seed1730,subset_cardinality_bw10_perm1730,subset_cardinality,weak_symmetry,large,main,weak,41,92,10.0,5.0,/home/sunshixin/chenchao/my_rlaf/runs/GNN_Glucose_3SAT_EchoSAT_SymmetryGRPO_v1_7_WC1_PositiveCap/iter=50.pt,0.001664,0.001664,218.0,167.0,True,0.001054,0.001054,221.0,169.0,True,0.000747,0.345891510269165,156.0,137.0,True,0.000747,0.3486878728153705,156.0,137.0,True,0.002465,0.4225360760624408,171.0,150.0,True,True,True,0.001722,1.0,6.0,62.92706298828125,41,0.6931471824645996,True,0.0721302032470703,0.0017180000000000001,0.07384820324707031,0.0008010000000000003,0.4208720760624408,15.0,13.0,-0.0006099999999999999,-0.000307,False,False,False
1,/home/sunshixin/chenchao/my_rlaf/runs/analysis/echosat_symmetry_grpo_v1_7_acceptance_iter=50_canonical_low_warmup_wc1_per_instance.csv,2,subset_cardinality_bw10,perm_seed1731,subset_cardinality_bw10_perm1731,subset_cardinality,weak_symmetry,large,main,weak,41,92,10.0,5.0,/home/sunshixin/chenchao/my_rlaf/runs/GNN_Glucose_3SAT_EchoSAT_SymmetryGRPO_v1_7_WC1_PositiveCap/iter=50.pt,0.000288,0.000288,202.0,147.0,True,0.001689,0.001689,247.0,155.0,True,0.0,0.345144510269165,203.0,164.0,True,0.0,0.3486206647233367,203.0,164.0,True,0.003103,0.423853867970407,176.0,147.0,True,True,True,0.002272,1.0,7.0,62.392337799072266,41,0.6931471824645996,True,0.0721302032470703,0.003103,0.07523320324707028,0.002815,0.42356586797040696,-27.0,-17.0,0.001401,-0.001689,False,False,False
1,/home/sunshixin/chenchao/my_rlaf/runs/analysis/echosat_symmetry_grpo_v1_7_acceptance_iter=50_canonical_low_warmup_wc1_per_instance.csv,2,subset_cardinality_bw12,base,subset_cardinality_bw12,subset_cardinality,weak_symmetry,large,main,weak,49,108,10.0,5.0,/home/sunshixin/chenchao/my_rlaf/runs/GNN_Glucose_3SAT_EchoSAT_SymmetryGRPO_v1_7_WC1_PositiveCap/iter=50.pt,0.001964,0.001964,442.0,342.0,True,0.002571,0.002571,491.0,414.0,True,0.000632,0.345776510269165,384.0,312.0,True,0.000632,0.3467795633084774,384.0,312.0,True,0.00343,0.4217077665555477,409.0,329.0,True,True,True,0.0,1.0,9.0,75.44426727294922,49,0.6931471824645996,True,0.0721302032470703,0.002798,0.07492820324707028,0.0014659999999999999,0.4197437665555477,25.0,17.0,0.0006069999999999999,-0.001939,False,False,False
1,/home/sunshixin/chenchao/my_rlaf/runs/analysis/echosat_symmetry_grpo_v1_7_acceptance_iter=50_canonical_low_warmup_wc1_per_instance.csv,2,subset_cardinality_bw12,perm_seed1730,subset_cardinality_bw12_perm1730,subset_cardinality,weak_symmetry,large,main,weak,49,108,10.0,5.0,/home/sunshixin/chenchao/my_rlaf/runs/GNN_Glucose_3SAT_EchoSAT_SymmetryGRPO_v1_7_WC1_PositiveCap/iter=50.pt,0.001748,0.001748,440.0,329.0,True,0.002282,0.002282,397.0,314.0,True,0.002861,0.2617568740234375,343.0,268.0,True,0.002861,0.264687387121737,343.0,268.0,True,0.003663,0.2953265186219811,349.0,287.0,True,True,True,0.001776,1.0,7.0,73.95069122314453,49,0.6931471824645996,True,0.0298371315002441,0.0008020000000000002,0.03063913150024411,0.001915,0.2935785186219811,6.0,19.0,0.0005340000000000002,0.0005789999999999997,False,False,False
1,/home/sunshixin/chenchao/my_rlaf/runs/analysis/echosat_symmetry_grpo_v1_7_acceptance_iter=50_canonical_low_warmup_wc1_per_instance.csv,2,subset_cardinality_bw12,perm_seed1731,subset_cardinality_bw12_perm1731,subset_cardinality,weak_symmetry,large,main,weak,49,108,10.0,5.0,/home/sunshixin/chenchao/my_rlaf/runs/GNN_Glucose_3SAT_EchoSAT_SymmetryGRPO_v1_7_WC1_PositiveCap/iter=50.pt,0.001757,0.001757,393.0,297.0,True,0.002337,0.002337,439.0,311.0,True,0.00309,0.2619858740234375,363.0,285.0,True,0.00309,0.2646943338167071,363.0,285.0,True,0.0,0.2914414653169512,377.0,305.0,True,True,True,0.001644,1.0,7.0,75.07693481445312,49,0.6931471824645996,True,0.0298371315002441,-0.00309,0.026747131500244103,-0.001757,0.2896844653169512,14.0,20.0,0.00058,0.0007529999999999998,True,True,False
1,/home/sunshixin/chenchao/my_rlaf/runs/analysis/echosat_symmetry_grpo_v1_7_acceptance_iter=50_canonical_low_warmup_wc1_per_instance.csv,2,subset_cardinality_bw8,base,subset_cardinality_bw8,subset_cardinality,weak_symmetry,medium,main,weak,33,76,10.0,5.0,/home/sunshixin/chenchao/my_rlaf/runs/GNN_Glucose_3SAT_EchoSAT_SymmetryGRPO_v1_7_WC1_PositiveCap/iter=50.pt,0.000901,0.000901,89.0,67.0,True,0.000974,0.000974,106.0,76.0,True,0.001954,0.2608498740234375,84.0,69.0,True,0.001954,0.2634670776277185,84.0,69.0,True,0.0,0.2913502091279626,97.0,83.0,True,True,True,0.00141,1.0,12.0,54.99262619018555,33,0.6931471824645996,True,0.0298371315002441,-0.001954,0.02788313150024413,-0.000901,0.2904492091279626,13.0,14.0,7.300000000000004e-05,0.00098,True,True,False
1,/home/sunshixin/chenchao/my_rlaf/runs/analysis/echosat_symmetry_grpo_v1_7_acceptance_iter=50_canonical_low_warmup_wc1_per_instance.csv,2,subset_cardinality_bw8,perm_seed1730,subset_cardinality_bw8_perm1730,subset_cardinality,weak_symmetry,medium,main,weak,33,76,10.0,5.0,/home/sunshixin/chenchao/my_rlaf/runs/GNN_Glucose_3SAT_EchoSAT_SymmetryGRPO_v1_7_WC1_PositiveCap/iter=50.pt,0.000931,0.000931,110.0,76.0,True,0.00162,0.00162,127.0,80.0,True,0.001823,0.2607188740234375,100.0,79.0,True,0.001823,0.2622022930757403,100.0,79.0,True,0.001151,0.2913674245759844,106.0,84.0,True,True,True,0.000449,1.0,5.0,49.16338348388672,33,0.6931471824645996,True,0.0298371315002441,-0.0006720000000000001,0.029165131500244135,0.00021999999999999993,0.2904364245759844,6.0,5.0,0.0006889999999999999,0.00020300000000000006,True,False,False
1,/home/sunshixin/chenchao/my_rlaf/runs/analysis/echosat_symmetry_grpo_v1_7_acceptance_iter=50_canonical_low_warmup_wc1_per_instance.csv,2,subset_cardinality_bw8,perm_seed1731,subset_cardinality_bw8_perm1731,subset_cardinality,weak_symmetry,medium,main,weak,33,76,10.0,5.0,/home/sunshixin/chenchao/my_rlaf/runs/GNN_Glucose_3SAT_EchoSAT_SymmetryGRPO_v1_7_WC1_PositiveCap/iter=50.pt,0.000892,0.000892,91.0,70.0,True,0.0,0.0,102.0,79.0,True,0.001616,0.2605118740234375,81.0,70.0,True,0.001616,0.2628467883566022,81.0,70.0,True,0.000579,0.2916469198568463,92.0,76.0,True,True,True,0.001324,1.0,11.0,55.44180679321289,33,0.6931471824645996,True,0.0298371315002441,-0.0010370000000000002,0.02880013150024413,-0.000313,0.2907549198568463,11.0,6.0,-0.000892,0.001616,True,True,False
3,/home/sunshixin/chenchao/my_rlaf/runs/analysis/echosat_symmetry_grpo_v1_7_acceptance_iter=50_canonical_low_warmup_wc3_per_instance.csv,0,k10_color9,base,k10_color9,complete_coloring,strong_symmetry,large,main,strong,90,775,10.0,5.0,/home/sunshixin/chenchao/my_rlaf/runs/GNN_Glucose_3SAT_EchoSAT_SymmetryGRPO_v1_7_WC1_PositiveCap/iter=50.pt,4.3812,4.3812,340861.0,314066.0,True,4.16074,4.16074,322229.0,299168.0,True,4.08372,4.442685635299682,321840.0,298649.0,True,4.08372,4.45256354725784,321840.0,298649.0,True,3.47266,3.8998421893782016,320878.0,297689.0,True,True,True,0.007436,3.0,9.0,195.45620727539065,90,1.0986123085021973,True,0.0583386421203613,-0.6110599999999997,-0.5527213578796388,-0.9085399999999999,-0.48135781062179817,-962.0,-960.0,-0.2204600000000001,-0.07702000000000009,True,True,True
3,/home/sunshixin/chenchao/my_rlaf/runs/analysis/echosat_symmetry_grpo_v1_7_acceptance_iter=50_canonical_low_warmup_wc3_per_instance.csv,0,k10_color9,perm_seed1730,k10_color9_perm1730,complete_coloring,strong_symmetry,large,main,strong,90,775,10.0,5.0,/home/sunshixin/chenchao/my_rlaf/runs/GNN_Glucose_3SAT_EchoSAT_SymmetryGRPO_v1_7_WC1_PositiveCap/iter=50.pt,5.15622,5.15622,413643.0,382655.0,True,4.90042,4.90042,283792.0,262594.0,True,3.9304,4.289365635299683,247778.0,229737.0,True,3.9304,4.29758241449821,247778.0,229737.0,True,3.83215,4.257671056618571,329760.0,309263.0,True,True,True,0.006943,3.0,9.0,194.30953979492188,90,1.0986123085021973,True,0.0583386421203613,-0.09825000000000017,-0.03991135787963884,-1.3240700000000003,-0.8985489433814289,81982.0,79526.0,-0.2557999999999998,-0.9700200000000003,True,True,True
3,/home/sunshixin/chenchao/my_rlaf/runs/analysis/echosat_symmetry_grpo_v1_7_acceptance_iter=50_canonical_low_warmup_wc3_per_instance.csv,0,k10_color9,perm_seed1731,k10_color9_perm1731,complete_coloring,strong_symmetry,large,main,strong,90,775,10.0,5.0,/home/sunshixin/chenchao/my_rlaf/runs/GNN_Glucose_3SAT_EchoSAT_SymmetryGRPO_v1_7_WC1_PositiveCap/iter=50.pt,4.15804,4.15804,340033.0,312592.0,True,4.42675,4.42675,290369.0,269757.0,True,4.4863,4.845265635299683,290369.0,269757.0,True,4.4863,4.854038962078988,290369.0,269757.0,True,4.96437,5.390447604199349,384998.0,361413.0,True,True,True,0.007565,3.0,9.0,193.47189331054688,90,1.0986123085021973,True,0.0583386421203613,0.4780699999999998,0.5364086421203611,0.80633,1.2324076041993495,94629.0,91656.0,0.26871000000000045,0.05954999999999977,False,False,False
3,/home/sunshixin/chenchao/my_rlaf/runs/analysis/echosat_symmetry_grpo_v1_7_acceptance_iter=50_canonical_low_warmup_wc3_per_instance.csv,0,k8_color7,base,k8_color7,complete_coloring,strong_symmetry,large,main,strong,56,372,10.0,5.0,/home/sunshixin/chenchao/my_rlaf/runs/GNN_Glucose_3SAT_EchoSAT_SymmetryGRPO_v1_7_WC1_PositiveCap/iter=50.pt,0.052614,0.052614,6158.0,5600.0,True,0.04434,0.04434,5946.0,5440.0,True,0.04186,0.4008256352996826,5946.0,5440.0,True,0.04186,0.4056646118583679,5946.0,5440.0,True,0.03965,0.4617932539787293,5475.0,5038.0,True,True,True,0.003759,3.0,7.0,125.01708984375,56,1.0986123085021973,True,0.0583386421203613,-0.0022100000000000036,0.056128642120361394,-0.012964000000000003,0.4091792539787293,-471.0,-402.0,-0.008274000000000004,-0.002479999999999996,True,True,False
3,/home/sunshixin/chenchao/my_rlaf/runs/analysis/echosat_symmetry_grpo_v1_7_acceptance_iter=50_canonical_low_warmup_wc3_per_instance.csv,0,k8_color7,perm_seed1730,k8_color7_perm1730,complete_coloring,strong_symmetry,large,main,strong,56,372,10.0,5.0,/home/sunshixin/chenchao/my_rlaf/runs/GNN_Glucose_3SAT_EchoSAT_SymmetryGRPO_v1_7_WC1_PositiveCap/iter=50.pt,0.053832,0.053832,6138.0,5624.0,True,0.056343,0.056343,6264.0,5696.0,True,0.051008,0.4099736352996826,6264.0,5696.0,True,0.051008,0.4150995946057438,6264.0,5696.0,True,0.041875,0.4643052367261052,5486.0,5050.0,True,True,True,0.003835,3.0,7.0,125.1129913330078,56,1.0986123085021973,True,0.0583386421203613,-0.009132999999999995,0.04920564212036138,-0.011956999999999995,0.4104732367261052,-778.0,-646.0,0.0025109999999999993,-0.0053349999999999995,True,True,False
3,/home/sunshixin/chenchao/my_rlaf/runs/analysis/echosat_symmetry_grpo_v1_7_acceptance_iter=50_canonical_low_warmup_wc3_per_instance.csv,0,k8_color7,perm_seed1731,k8_color7_perm1731,complete_coloring,strong_symmetry,large,main,strong,56,372,10.0,5.0,/home/sunshixin/chenchao/my_rlaf/runs/GNN_Glucose_3SAT_EchoSAT_SymmetryGRPO_v1_7_WC1_PositiveCap/iter=50.pt,0.038258,0.038258,5800.0,5271.0,True,0.063609,0.063609,6148.0,5641.0,True,0.04916,0.4081256352996826,6148.0,5641.0,True,0.04916,0.4133201817460656,6148.0,5641.0,True,0.038168,0.4606668238664269,5943.0,5428.0,True,True,True,0.004033,3.0,7.0,125.51768493652344,56,1.0986123085021973,True,0.0583386421203613,-0.010992000000000002,0.04734664212036127,-8.99999999999998e-05,0.42240882386642686,-205.0,-213.0,0.025351,-0.014448999999999997,True,True,False
3,/home/sunshixin/chenchao/my_rlaf/runs/analysis/echosat_symmetry_grpo_v1_7_acceptance_iter=50_canonical_low_warmup_wc3_per_instance.csv,0,k9_color8,base,k9_color8,complete_coloring,strong_symmetry,large,main,strong,72,549,10.0,5.0,/home/sunshixin/chenchao/my_rlaf/runs/GNN_Glucose_3SAT_EchoSAT_SymmetryGRPO_v1_7_WC1_PositiveCap/iter=50.pt,0.694953,0.694953,46557.0,43529.0,True,0.727566,0.727566,44352.0,41138.0,True,0.577898,0.9368636352996826,43519.0,40436.0,True,0.577898,0.9441279292325974,43519.0,40436.0,True,0.420161,0.8447295713529587,39662.0,36951.0,True,True,True,0.00615,3.0,8.0,158.36375427246094,72,1.0986123085021973,True,0.0583386421203613,-0.15773700000000002,-0.09939835787963869,-0.27479200000000004,0.14977657135295863,-3857.0,-3485.0,0.032613,-0.14966800000000002,True,True,False
3,/home/sunshixin/chenchao/my_rlaf/runs/analysis/echosat_symmetry_grpo_v1_7_acceptance_iter=50_canonical_low_warmup_wc3_per_instance.csv,0,k9_color8,perm_seed1730,k9_color8_perm1730,complete_coloring,strong_symmetry,large,main,strong,72,549,10.0,5.0,/home/sunshixin/chenchao/my_rlaf/runs/GNN_Glucose_3SAT_EchoSAT_SymmetryGRPO_v1_7_WC1_PositiveCap/iter=50.pt,0.481512,0.481512,39708.0,36681.0,True,0.730517,0.730517,45794.0,42555.0,True,0.842361,1.2013266352996823,45794.0,42555.0,True,0.842361,1.206728102772832,45794.0,42555.0,True,0.412555,0.8352607448931932,42716.0,39743.0,True,True,True,0.004154,3.0,10.0,157.64891052246094,72,1.0986123085021973,True,0.0583386421203613,-0.429806,-0.3714673578796388,-0.06895699999999999,0.35374874489319325,-3078.0,-2812.0,0.24900499999999998,0.11184400000000005,True,True,False
3,/home/sunshixin/chenchao/my_rlaf/runs/analysis/echosat_symmetry_grpo_v1_7_acceptance_iter=50_canonical_low_warmup_wc3_per_instance.csv,0,k9_color8,perm_seed1731,k9_color8_perm1731,complete_coloring,strong_symmetry,large,main,strong,72,549,10.0,5.0,/home/sunshixin/chenchao/my_rlaf/runs/GNN_Glucose_3SAT_EchoSAT_SymmetryGRPO_v1_7_WC1_PositiveCap/iter=50.pt,0.631685,0.631685,47177.0,43763.0,True,0.7488,0.7488,47579.0,44103.0,True,0.819668,0.9812378337554932,47579.0,44103.0,True,0.819668,0.9873602339938878,47579.0,44103.0,True,0.539203,0.7816437500766515,43092.0,40198.0,True,True,True,0.004868,3.0,8.0,158.0809783935547,72,1.0986123085021973,True,0.0747485160827636,-0.28046499999999996,-0.2057164839172363,-0.09248200000000006,0.1499587500766515,-4487.0,-3905.0,0.11711499999999997,0.07086799999999993,True,True,False
3,/home/sunshixin/chenchao/my_rlaf/runs/analysis/echosat_symmetry_grpo_v1_7_acceptance_iter=50_canonical_low_warmup_wc3_per_instance.csv,0,php_p10_h9,base,php_p10_h9,php,strong_symmetry,large,main,strong,90,775,10.0,5.0,/home/sunshixin/chenchao/my_rlaf/runs/GNN_Glucose_3SAT_EchoSAT_SymmetryGRPO_v1_7_WC1_PositiveCap/iter=50.pt,4.35031,4.35031,340861.0,314066.0,True,5.41427,5.41427,322229.0,299168.0,True,4.07781,4.2393798337554935,321840.0,298649.0,True,4.07781,4.244737879881323,321840.0,298649.0,True,3.49947,3.741146395964086,320878.0,297689.0,True,True,True,0.004101,3.0,9.0,195.45620727539065,90,1.0986123085021973,True,0.0747485160827636,-0.5783400000000003,-0.5035914839172371,-0.8508400000000003,-0.6091636040359143,-962.0,-960.0,1.0639599999999998,-1.3364599999999998,True,True,True
3,/home/sunshixin/chenchao/my_rlaf/runs/analysis/echosat_symmetry_grpo_v1_7_acceptance_iter=50_canonical_low_warmup_wc3_per_instance.csv,0,php_p10_h9,perm_seed1730,php_p10_h9_perm1730,php,strong_symmetry,large,main,strong,90,775,10.0,5.0,/home/sunshixin/chenchao/my_rlaf/runs/GNN_Glucose_3SAT_EchoSAT_SymmetryGRPO_v1_7_WC1_PositiveCap/iter=50.pt,5.01999,5.01999,413643.0,382655.0,True,4.24404,4.24404,283792.0,262594.0,True,3.81938,3.980949833755493,247778.0,229737.0,True,3.81938,3.985456540054322,247778.0,229737.0,True,4.03906,4.279885056137085,367014.0,343397.0,True,True,True,0.003389,3.0,9.0,194.30953979492188,90,1.0986123085021973,True,0.0747485160827636,0.21967999999999988,0.29442851608276355,-0.9809299999999999,-0.7401049438629146,119236.0,113660.0,-0.7759499999999999,-0.4246599999999998,False,True,True
3,/home/sunshixin/chenchao/my_rlaf/runs/analysis/echosat_symmetry_grpo_v1_7_acceptance_iter=50_canonical_low_warmup_wc3_per_instance.csv,0,php_p10_h9,perm_seed1731,php_p10_h9_perm1731,php,strong_symmetry,large,main,strong,90,775,10.0,5.0,/home/sunshixin/chenchao/my_rlaf/runs/GNN_Glucose_3SAT_EchoSAT_SymmetryGRPO_v1_7_WC1_PositiveCap/iter=50.pt,4.2068,4.2068,340033.0,312592.0,True,4.30044,4.30044,290369.0,269757.0,True,4.19573,4.357299833755493,290369.0,269757.0,True,4.19573,4.366921901021183,290369.0,269757.0,True,4.98131,5.227250417103946,384998.0,361413.0,True,True,True,0.008463,3.0,9.0,193.47189331054688,90,1.0986123085021973,True,0.0747485160827636,0.7855799999999995,0.8603285160827632,0.7745099999999994,1.0204504171039455,94629.0,91656.0,0.09363999999999972,-0.10470999999999986,False,False,False
3,/home/sunshixin/chenchao/my_rlaf/runs/analysis/echosat_symmetry_grpo_v1_7_acceptance_iter=50_canonical_low_warmup_wc3_per_instance.csv,0,php_p9_h8,base,php_p9_h8,php,strong_symmetry,large,main,strong,72,549,10.0,5.0,/home/sunshixin/chenchao/my_rlaf/runs/GNN_Glucose_3SAT_EchoSAT_SymmetryGRPO_v1_7_WC1_PositiveCap/iter=50.pt,0.700833,0.700833,46557.0,43529.0,True,0.714782,0.714782,44352.0,41138.0,True,0.691133,0.8527028337554932,43519.0,40436.0,True,0.691133,0.8589979422222376,43519.0,40436.0,True,0.415545,0.6581584583050013,39662.0,36951.0,True,True,True,0.005015,3.0,8.0,158.36375427246094,72,1.0986123085021973,True,0.0747485160827636,-0.275588,-0.20083948391723627,-0.28528800000000004,-0.042674541694998736,-3857.0,-3485.0,0.01394899999999999,-0.02364900000000003,True,True,True
3,/home/sunshixin/chenchao/my_rlaf/runs/analysis/echosat_symmetry_grpo_v1_7_acceptance_iter=50_canonical_low_warmup_wc3_per_instance.csv,0,php_p9_h8,perm_seed1730,php_p9_h8_perm1730,php,strong_symmetry,large,main,strong,72,549,10.0,5.0,/home/sunshixin/chenchao/my_rlaf/runs/GNN_Glucose_3SAT_EchoSAT_SymmetryGRPO_v1_7_WC1_PositiveCap/iter=50.pt,0.476242,0.476242,39708.0,36681.0,True,0.73208,0.73208,45794.0,42555.0,True,0.92703,1.0885998337554932,45794.0,42555.0,True,0.92703,1.0961254299643637,45794.0,42555.0,True,0.424559,0.6684029460471272,42716.0,39743.0,True,True,True,0.00625,3.0,10.0,157.64891052246094,72,1.0986123085021973,True,0.0747485160827636,-0.502471,-0.42772248391723644,-0.05168299999999998,0.19216094604712725,-3078.0,-2812.0,0.25583799999999995,0.19495000000000007,True,True,False
3,/home/sunshixin/chenchao/my_rlaf/runs/analysis/echosat_symmetry_grpo_v1_7_acceptance_iter=50_canonical_low_warmup_wc3_per_instance.csv,0,php_p9_h8,perm_seed1731,php_p9_h8_perm1731,php,strong_symmetry,large,main,strong,72,549,10.0,5.0,/home/sunshixin/chenchao/my_rlaf/runs/GNN_Glucose_3SAT_EchoSAT_SymmetryGRPO_v1_7_WC1_PositiveCap/iter=50.pt,0.622769,0.622769,47177.0,43763.0,True,0.753752,0.753752,47579.0,44103.0,True,0.74706,0.9086298337554932,47579.0,44103.0,True,0.74706,0.9147382149714828,47579.0,44103.0,True,0.541741,0.7841677310542464,43092.0,40198.0,True,True,True,0.004906,3.0,8.0,158.0809783935547,72,1.0986123085021973,True,0.0747485160827636,-0.20531899999999992,-0.13057048391723636,-0.08102799999999999,0.1613987310542464,-4487.0,-3905.0,0.13098299999999996,-0.006692000000000031,True,True,False
3,/home/sunshixin/chenchao/my_rlaf/runs/analysis/echosat_symmetry_grpo_v1_7_acceptance_iter=50_canonical_low_warmup_wc3_per_instance.csv,0,random_3sat_control_v160_c704_seed2615,base,random_3sat_control_v160_c704_seed2615,random_3sat_control,non_symmetric_control,large,control,none,160,704,10.0,5.0,/home/sunshixin/chenchao/my_rlaf/runs/GNN_Glucose_3SAT_EchoSAT_SymmetryGRPO_v1_7_WC1_PositiveCap/iter=50.pt,0.062174,0.062174,6771.0,5767.0,True,0.057349,0.057349,5702.0,4813.0,True,0.052845,0.2144148337554931,4859.0,4212.0,True,0.052845,0.2195207486834526,4859.0,4212.0,True,0.050828,0.2922522647662163,5400.0,4612.0,True,False,False,0.003864,3.0,22.0,360.5569458007813,160,1.0986123085021973,True,0.0747485160827636,-0.002017000000000005,0.07273151608276371,-0.011346000000000002,0.2300782647662163,541.0,400.0,-0.004825000000000003,-0.004503999999999994,True,True,False
3,/home/sunshixin/chenchao/my_rlaf/runs/analysis/echosat_symmetry_grpo_v1_7_acceptance_iter=50_canonical_low_warmup_wc3_per_instance.csv,0,random_3sat_control_v160_c704_seed2615,perm_seed1730,random_3sat_control_v160_c704_seed2615_perm1730,random_3sat_control,non_symmetric_control,large,control,none,160,704,10.0,5.0,/home/sunshixin/chenchao/my_rlaf/runs/GNN_Glucose_3SAT_EchoSAT_SymmetryGRPO_v1_7_WC1_PositiveCap/iter=50.pt,0.094216,0.094216,8522.0,7299.0,True,0.091307,0.091307,7934.0,6809.0,True,0.05245,0.2281480419158935,4602.0,4008.0,True,0.05245,0.2313393686568141,4602.0,4008.0,True,0.05137,0.2642631032454371,5575.0,4694.0,True,False,False,0.001774,3.0,22.0,363.3272399902344,160,1.0986123085021973,True,0.034003734588623,-0.0010799999999999976,0.03292373458862302,-0.042845999999999995,0.17004710324543712,973.0,686.0,-0.002908999999999995,-0.038857,True,True,False
3,/home/sunshixin/chenchao/my_rlaf/runs/analysis/echosat_symmetry_grpo_v1_7_acceptance_iter=50_canonical_low_warmup_wc3_per_instance.csv,0,random_3sat_control_v160_c704_seed2615,perm_seed1731,random_3sat_control_v160_c704_seed2615_perm1731,random_3sat_control,non_symmetric_control,large,control,none,160,704,10.0,5.0,/home/sunshixin/chenchao/my_rlaf/runs/GNN_Glucose_3SAT_EchoSAT_SymmetryGRPO_v1_7_WC1_PositiveCap/iter=50.pt,0.043206,0.043206,5676.0,4847.0,True,0.105308,0.105308,8017.0,6851.0,True,0.058139,0.2338370419158935,4961.0,4384.0,True,0.058139,0.2402526508411169,4961.0,4384.0,True,0.057914,0.27403138542974,4925.0,4142.0,True,False,False,0.00506,3.0,22.0,364.4381408691406,160,1.0986123085021973,True,0.034003734588623,-0.00022500000000000298,0.03377873458862307,0.014707999999999999,0.23082538542974,-36.0,-242.0,0.062102,-0.047168999999999996,True,False,False
3,/home/sunshixin/chenchao/my_rlaf/runs/analysis/echosat_symmetry_grpo_v1_7_acceptance_iter=50_canonical_low_warmup_wc3_per_instance.csv,0,random_3sat_control_v180_c760_seed3301,base,random_3sat_control_v180_c760_seed3301,random_3sat_control,non_symmetric_control,large,control,none,180,760,10.0,5.0,/home/sunshixin/chenchao/my_rlaf/runs/GNN_Glucose_3SAT_EchoSAT_SymmetryGRPO_v1_7_WC1_PositiveCap/iter=50.pt,0.497545,0.497545,27442.0,23617.0,True,0.146473,0.146473,10470.0,8910.0,True,0.011045,0.1867430419158935,693.0,567.0,True,0.011045,0.1926074065124392,693.0,567.0,True,0.152491,0.3680571411010622,12622.0,10794.0,True,False,False,0.004429,3.0,28.0,430.4636840820313,180,1.0986123085021973,True,0.034003734588623,0.141446,0.17544973458862298,-0.345054,-0.12948785889893782,11929.0,10227.0,-0.35107200000000005,-0.135428,False,True,True
3,/home/sunshixin/chenchao/my_rlaf/runs/analysis/echosat_symmetry_grpo_v1_7_acceptance_iter=50_canonical_low_warmup_wc3_per_instance.csv,0,random_3sat_control_v180_c760_seed3301,perm_seed1730,random_3sat_control_v180_c760_seed3301_perm1730,random_3sat_control,non_symmetric_control,large,control,none,180,760,10.0,5.0,/home/sunshixin/chenchao/my_rlaf/runs/GNN_Glucose_3SAT_EchoSAT_SymmetryGRPO_v1_7_WC1_PositiveCap/iter=50.pt,1.25615,1.25615,47649.0,41152.0,True,0.09666,0.09666,7421.0,6253.0,True,0.009932,0.1856300419158935,643.0,525.0,True,0.009932,0.1890252501015067,643.0,525.0,True,0.193497,0.4065939846901297,14777.0,12731.0,True,False,False,0.002045,3.0,28.0,431.2578125,180,1.0986123085021973,True,0.034003734588623,0.183565,0.217568734588623,-1.062653,-0.8495560153098705,14134.0,12206.0,-1.1594900000000001,-0.086728,False,True,True
3,/home/sunshixin/chenchao/my_rlaf/runs/analysis/echosat_symmetry_grpo_v1_7_acceptance_iter=50_canonical_low_warmup_wc3_per_instance.csv,0,random_3sat_control_v180_c760_seed3301,perm_seed1731,random_3sat_control_v180_c760_seed3301_perm1731,random_3sat_control,non_symmetric_control,large,control,none,180,760,10.0,5.0,/home/sunshixin/chenchao/my_rlaf/runs/GNN_Glucose_3SAT_EchoSAT_SymmetryGRPO_v1_7_WC1_PositiveCap/iter=50.pt,0.578329,0.578329,27197.0,23469.0,True,0.133051,0.133051,9011.0,7714.0,True,0.009955,0.1856530419158935,590.0,484.0,True,0.009955,0.1895924803546071,590.0,484.0,True,0.178074,0.3917152149432301,13820.0,12036.0,True,False,False,0.00253,3.0,28.0,430.8958129882813,180,1.0986123085021973,True,0.034003734588623,0.16811900000000002,0.20212273458862298,-0.40025499999999997,-0.1866137850567699,13230.0,11552.0,-0.44527799999999995,-0.123096,False,True,True
3,/home/sunshixin/chenchao/my_rlaf/runs/analysis/echosat_symmetry_grpo_v1_7_acceptance_iter=50_canonical_low_warmup_wc3_per_instance.csv,0,random_3sat_control_v220_c928_seed3303,base,random_3sat_control_v220_c928_seed3303,random_3sat_control,non_symmetric_control,large,control,none,220,928,10.0,5.0,/home/sunshixin/chenchao/my_rlaf/runs/GNN_Glucose_3SAT_EchoSAT_SymmetryGRPO_v1_7_WC1_PositiveCap/iter=50.pt,0.728093,0.728093,30277.0,25994.0,True,0.476951,0.476951,22265.0,19025.0,True,0.005614,0.1813120419158935,62.0,4.0,True,0.005614,0.1853856818793416,62.0,4.0,True,0.008275,0.2220504164679646,324.0,241.0,True,False,False,0.002678,3.0,39.0,455.798828125,220,1.0986123085021973,True,0.034003734588623,0.0026609999999999993,0.036664734588623016,-0.719818,-0.5060425835320354,262.0,237.0,-0.251142,-0.471337,False,True,True
3,/home/sunshixin/chenchao/my_rlaf/runs/analysis/echosat_symmetry_grpo_v1_7_acceptance_iter=50_canonical_low_warmup_wc3_per_instance.csv,0,random_3sat_control_v220_c928_seed3303,perm_seed1730,random_3sat_control_v220_c928_seed3303_perm1730,random_3sat_control,non_symmetric_control,large,control,none,220,928,10.0,5.0,/home/sunshixin/chenchao/my_rlaf/runs/GNN_Glucose_3SAT_EchoSAT_SymmetryGRPO_v1_7_WC1_PositiveCap/iter=50.pt,1.48149,1.48149,52742.0,45477.0,True,0.214074,0.214074,13039.0,11071.0,True,0.005829,0.1815270419158935,62.0,4.0,True,0.005829,0.1876281100232601,62.0,4.0,True,0.006993,0.2227958446118831,388.0,282.0,True,False,False,0.004648,3.0,39.0,453.5053405761719,220,1.0986123085021973,True,0.034003734588623,0.001164,0.03516773458862299,-1.474497,-1.2586941553881168,326.0,278.0,-1.2674159999999999,-0.20824499999999999,False,True,True
3,/home/sunshixin/chenchao/my_rlaf/runs/analysis/echosat_symmetry_grpo_v1_7_acceptance_iter=50_canonical_low_warmup_wc3_per_instance.csv,0,random_3sat_control_v220_c928_seed3303,perm_seed1731,random_3sat_control_v220_c928_seed3303_perm1731,random_3sat_control,non_symmetric_control,large,control,none,220,928,10.0,5.0,/home/sunshixin/chenchao/my_rlaf/runs/GNN_Glucose_3SAT_EchoSAT_SymmetryGRPO_v1_7_WC1_PositiveCap/iter=50.pt,0.065152,0.065152,4930.0,4147.0,True,0.377086,0.377086,19684.0,16814.0,True,0.005829,0.1815270419158935,63.0,4.0,True,0.005829,0.1883579550198316,63.0,4.0,True,0.002709,0.2192416896084547,393.0,249.0,True,False,False,0.005217,3.0,39.0,458.748046875,220,1.0986123085021973,True,0.034003734588623,-0.00312,0.03088373458862309,-0.062443,0.1540896896084547,330.0,245.0,0.311934,-0.371257,True,True,False
3,/home/sunshixin/chenchao/my_rlaf/runs/analysis/echosat_symmetry_grpo_v1_7_acceptance_iter=50_canonical_low_warmup_wc3_per_instance.csv,0,random_3sat_control_v220_c942_seed3304,base,random_3sat_control_v220_c942_seed3304,random_3sat_control,non_symmetric_control,large,control,none,220,942,10.0,5.0,/home/sunshixin/chenchao/my_rlaf/runs/GNN_Glucose_3SAT_EchoSAT_SymmetryGRPO_v1_7_WC1_PositiveCap/iter=50.pt,0.758722,0.758722,35472.0,30813.0,True,1.0404,1.0404,41376.0,36046.0,True,0.510553,1.0699158883361817,26754.0,23980.0,True,0.510553,1.0752671358186006,26754.0,23980.0,True,0.683437,1.3402958635255098,40521.0,36417.0,True,False,False,0.003702,3.0,26.0,416.5282897949219,220,1.0986123085021973,True,0.0921447277069091,0.17288399999999993,0.2650287277069092,-0.07528500000000005,0.5815738635255098,13767.0,12437.0,0.281678,-0.529847,False,True,False
3,/home/sunshixin/chenchao/my_rlaf/runs/analysis/echosat_symmetry_grpo_v1_7_acceptance_iter=50_canonical_low_warmup_wc3_per_instance.csv,0,random_3sat_control_v220_c942_seed3304,perm_seed1730,random_3sat_control_v220_c942_seed3304_perm1730,random_3sat_control,non_symmetric_control,large,control,none,220,942,10.0,5.0,/home/sunshixin/chenchao/my_rlaf/runs/GNN_Glucose_3SAT_EchoSAT_SymmetryGRPO_v1_7_WC1_PositiveCap/iter=50.pt,0.668106,0.668106,34825.0,30052.0,True,0.620771,0.620771,33221.0,28818.0,True,0.46885,1.0282128883361816,26445.0,23804.0,True,0.46885,1.0336461988860368,26445.0,23804.0,True,0.641425,1.298365926592946,41164.0,36824.0,True,False,False,0.00284,3.0,26.0,423.32037353515625,220,1.0986123085021973,True,0.0921447277069091,0.17257500000000003,0.2647197277069091,-0.026680999999999955,0.6302599265929459,14719.0,13020.0,-0.047335000000000016,-0.15192099999999997,False,True,False
3,/home/sunshixin/chenchao/my_rlaf/runs/analysis/echosat_symmetry_grpo_v1_7_acceptance_iter=50_canonical_low_warmup_wc3_per_instance.csv,0,random_3sat_control_v220_c942_seed3304,perm_seed1731,random_3sat_control_v220_c942_seed3304_perm1731,random_3sat_control,non_symmetric_control,large,control,none,220,942,10.0,5.0,/home/sunshixin/chenchao/my_rlaf/runs/GNN_Glucose_3SAT_EchoSAT_SymmetryGRPO_v1_7_WC1_PositiveCap/iter=50.pt,0.769954,0.769954,38737.0,33758.0,True,0.806314,0.806314,38909.0,33544.0,True,0.466923,1.0262858883361816,26149.0,23448.0,True,0.466923,1.0333538699459432,26149.0,23448.0,True,0.740607,1.399182597652853,39928.0,35906.0,True,False,False,0.005661,3.0,26.0,418.775390625,220,1.0986123085021973,True,0.0921447277069091,0.27368400000000004,0.36582872770690966,-0.029347000000000012,0.6292285976528529,13779.0,12458.0,0.03635999999999995,-0.339391,False,True,False
3,/home/sunshixin/chenchao/my_rlaf/runs/analysis/echosat_symmetry_grpo_v1_7_acceptance_iter=50_canonical_low_warmup_wc3_per_instance.csv,0,random_3sat_control_v260_c1097_seed3305,base,random_3sat_control_v260_c1097_seed3305,random_3sat_control,non_symmetric_control,large,control,none,260,1097,10.0,5.0,/home/sunshixin/chenchao/my_rlaf/runs/GNN_Glucose_3SAT_EchoSAT_SymmetryGRPO_v1_7_WC1_PositiveCap/iter=50.pt,6.69093,6.69093,216854.0,188499.0,True,2.53112,2.53112,73626.0,64181.0,True,1.41738,1.9767428883361815,60642.0,54350.0,True,1.41738,1.9843308570740816,60642.0,54350.0,True,0.558583,1.217678584780991,32342.0,28420.0,True,False,False,0.006312,3.0,35.0,492.83697509765625,260,1.0986123085021973,True,0.0921447277069091,-0.858797,-0.7666522722930906,-6.132346999999999,-5.473251415219009,-28300.0,-25930.0,-4.15981,-1.11374,True,True,True
3,/home/sunshixin/chenchao/my_rlaf/runs/analysis/echosat_symmetry_grpo_v1_7_acceptance_iter=50_canonical_low_warmup_wc3_per_instance.csv,0,random_3sat_control_v260_c1097_seed3305,perm_seed1730,random_3sat_control_v260_c1097_seed3305_perm1730,random_3sat_control,non_symmetric_control,large,control,none,260,1097,10.0,5.0,/home/sunshixin/chenchao/my_rlaf/runs/GNN_Glucose_3SAT_EchoSAT_SymmetryGRPO_v1_7_WC1_PositiveCap/iter=50.pt,7.84332,7.84332,224505.0,195557.0,True,0.572821,0.572821,27246.0,23387.0,True,1.46714,2.0265028883361818,60686.0,54724.0,True,1.46714,2.0315084766440394,60686.0,54724.0,True,0.759345,1.4158582043509482,40444.0,35663.0,True,False,False,0.003728,3.0,35.0,494.8829650878906,260,1.0986123085021973,True,0.0921447277069091,-0.7077950000000001,-0.6156502722930912,-7.083975000000001,-6.427461795649052,-20242.0,-19061.0,-7.270499,0.8943190000000001,True,True,True
3,/home/sunshixin/chenchao/my_rlaf/runs/analysis/echosat_symmetry_grpo_v1_7_acceptance_iter=50_canonical_low_warmup_wc3_per_instance.csv,0,random_3sat_control_v260_c1097_seed3305,perm_seed1731,random_3sat_control_v260_c1097_seed3305_perm1731,random_3sat_control,non_symmetric_control,large,control,none,260,1097,10.0,5.0,/home/sunshixin/chenchao/my_rlaf/runs/GNN_Glucose_3SAT_EchoSAT_SymmetryGRPO_v1_7_WC1_PositiveCap/iter=50.pt,4.05294,4.05294,105916.0,92052.0,True,5.56157,5.56157,162997.0,142194.0,True,1.10425,1.6636128883361816,48534.0,43247.0,True,1.10425,1.6723327842513918,48534.0,43247.0,True,0.809252,1.469479511958301,42143.0,37319.0,True,False,False,0.007437,3.0,35.0,493.7220764160156,260,1.0986123085021973,True,0.0921447277069091,-0.294998,-0.2028532722930907,-3.2436880000000006,-2.583460488041699,-6391.0,-5928.0,1.5086299999999992,-4.457319999999999,True,True,True
3,/home/sunshixin/chenchao/my_rlaf/runs/analysis/echosat_symmetry_grpo_v1_7_acceptance_iter=50_canonical_low_warmup_wc3_per_instance.csv,0,random_3sat_control_v260_c1113_seed3306,base,random_3sat_control_v260_c1113_seed3306,random_3sat_control,non_symmetric_control,large,control,none,260,1113,10.0,5.0,/home/sunshixin/chenchao/my_rlaf/runs/GNN_Glucose_3SAT_EchoSAT_SymmetryGRPO_v1_7_WC1_PositiveCap/iter=50.pt,5.53939,5.53939,178146.0,155541.0,True,6.0827,6.0827,186876.0,163308.0,True,6.28234,6.841702888336181,226200.0,205404.0,True,6.28234,6.849938798125147,226200.0,205404.0,True,6.58636,7.246103525832057,269374.0,237868.0,True,False,False,0.006721,3.0,34.0,480.0674743652344,260,0.6931471824645996,True,0.0921447277069091,0.3040200000000004,0.3961647277069096,1.04697,1.7067135258320567,43174.0,32464.0,0.54331,0.1996399999999996,False,False,False
3,/home/sunshixin/chenchao/my_rlaf/runs/analysis/echosat_symmetry_grpo_v1_7_acceptance_iter=50_canonical_low_warmup_wc3_per_instance.csv,0,random_3sat_control_v260_c1113_seed3306,perm_seed1730,random_3sat_control_v260_c1113_seed3306_perm1730,random_3sat_control,non_symmetric_control,large,control,none,260,1113,10.0,5.0,/home/sunshixin/chenchao/my_rlaf/runs/GNN_Glucose_3SAT_EchoSAT_SymmetryGRPO_v1_7_WC1_PositiveCap/iter=50.pt,5.16097,5.16097,171334.0,149746.0,True,6.87307,6.87307,206936.0,180741.0,True,5.32781,5.887172888336182,206101.0,186162.0,True,5.32781,5.8967140641884805,206101.0,186162.0,True,6.46952,7.1305687918953895,268641.0,236554.0,True,False,False,0.007973,3.0,34.0,478.7396240234375,260,0.6931471824645996,True,0.0921447277069091,1.1417099999999998,1.233854727706909,1.3085500000000003,1.9695987918953897,62540.0,50392.0,1.7121000000000004,-1.5452599999999999,False,False,False
3,/home/sunshixin/chenchao/my_rlaf/runs/analysis/echosat_symmetry_grpo_v1_7_acceptance_iter=50_canonical_low_warmup_wc3_per_instance.csv,0,random_3sat_control_v260_c1113_seed3306,perm_seed1731,random_3sat_control_v260_c1113_seed3306_perm1731,random_3sat_control,non_symmetric_control,large,control,none,260,1113,10.0,5.0,/home/sunshixin/chenchao/my_rlaf/runs/GNN_Glucose_3SAT_EchoSAT_SymmetryGRPO_v1_7_WC1_PositiveCap/iter=50.pt,6.34269,6.34269,202621.0,177648.0,True,7.0983,7.0983,214985.0,187707.0,True,5.93937,6.323420369262696,217745.0,196903.0,True,5.93937,6.331789827147007,217745.0,196903.0,True,6.73967,7.202162001219273,276640.0,244237.0,True,False,False,0.006883,3.0,34.0,481.5274658203125,260,0.6931471824645996,True,0.0700721740722656,0.8003,0.8703721740722656,0.3969800000000001,0.8594720012192729,58895.0,47334.0,0.7556099999999999,-1.1589299999999998,False,False,False
3,/home/sunshixin/chenchao/my_rlaf/runs/analysis/echosat_symmetry_grpo_v1_7_acceptance_iter=50_canonical_low_warmup_wc3_per_instance.csv,0,random_3sat_control_v300_c1266_seed3307,base,random_3sat_control_v300_c1266_seed3307,random_3sat_control,non_symmetric_control,large,control,none,300,1266,10.0,5.0,/home/sunshixin/chenchao/my_rlaf/runs/GNN_Glucose_3SAT_EchoSAT_SymmetryGRPO_v1_7_WC1_PositiveCap/iter=50.pt,0.217145,0.217145,12894.0,10895.0,True,2.54139,2.54139,71356.0,61376.0,True,0.007498,0.3915483692626953,288.0,182.0,True,0.007498,0.4017960189385414,288.0,182.0,True,0.03284,0.497210193010807,2446.0,1976.0,True,False,False,0.008769,3.0,48.0,628.0397338867188,300,1.0986123085021973,True,0.0700721740722656,0.025342,0.0954141740722656,-0.184305,0.280065193010807,2158.0,1794.0,2.324245,-2.533892,False,True,False
3,/home/sunshixin/chenchao/my_rlaf/runs/analysis/echosat_symmetry_grpo_v1_7_acceptance_iter=50_canonical_low_warmup_wc3_per_instance.csv,0,random_3sat_control_v300_c1266_seed3307,perm_seed1730,random_3sat_control_v300_c1266_seed3307_perm1730,random_3sat_control,non_symmetric_control,large,control,none,300,1266,10.0,5.0,/home/sunshixin/chenchao/my_rlaf/runs/GNN_Glucose_3SAT_EchoSAT_SymmetryGRPO_v1_7_WC1_PositiveCap/iter=50.pt,1.15692,1.15692,43103.0,37339.0,True,2.06321,2.06321,63498.0,54506.0,True,0.0102,0.3942503692626953,321.0,205.0,True,0.0102,0.3999332062995434,321.0,205.0,True,0.039784,0.499589380371809,3066.0,2476.0,True,False,False,0.00406,3.0,48.0,619.230712890625,300,1.0986123085021973,True,0.0700721740722656,0.029584,0.09965617407226562,-1.117136,-0.657330619628191,2745.0,2271.0,0.9062900000000003,-2.05301,False,True,True
3,/home/sunshixin/chenchao/my_rlaf/runs/analysis/echosat_symmetry_grpo_v1_7_acceptance_iter=50_canonical_low_warmup_wc3_per_instance.csv,0,random_3sat_control_v300_c1266_seed3307,perm_seed1731,random_3sat_control_v300_c1266_seed3307_perm1731,random_3sat_control,non_symmetric_control,large,control,none,300,1266,10.0,5.0,/home/sunshixin/chenchao/my_rlaf/runs/GNN_Glucose_3SAT_EchoSAT_SymmetryGRPO_v1_7_WC1_PositiveCap/iter=50.pt,2.01456,2.01456,66962.0,57424.0,True,0.135915,0.135915,7524.0,6304.0,True,0.013111,0.3971613692626953,375.0,247.0,True,0.013111,0.4070721357498169,375.0,247.0,True,0.035212,0.4992453098220825,2498.0,1946.0,True,False,False,0.00838,3.0,48.0,626.5236206054688,300,1.0986123085021973,True,0.0700721740722656,0.022101000000000003,0.0921731740722656,-1.9793479999999999,-1.5153146901779175,2123.0,1699.0,-1.878645,-0.12280400000000001,False,True,True
3,/home/sunshixin/chenchao/my_rlaf/runs/analysis/echosat_symmetry_grpo_v1_7_acceptance_iter=50_canonical_low_warmup_wc3_per_instance.csv,0,subset_cardinality_bw10,base,subset_cardinality_bw10,subset_cardinality,weak_symmetry,large,main,weak,41,92,10.0,5.0,/home/sunshixin/chenchao/my_rlaf/runs/GNN_Glucose_3SAT_EchoSAT_SymmetryGRPO_v1_7_WC1_PositiveCap/iter=50.pt,0.003401,0.003401,193.0,141.0,True,0.001573,0.001573,237.0,193.0,True,0.00181,0.3858603692626953,162.0,142.0,True,0.00181,0.3870722052654624,162.0,142.0,True,0.001726,0.457060379337728,186.0,159.0,True,True,True,0.0,3.0,8.0,94.86821746826172,41,1.0986123085021973,True,0.0700721740722656,-8.399999999999987e-05,0.0699881740722656,-0.0016749999999999998,0.453659379337728,24.0,17.0,-0.001828,0.00023700000000000001,True,True,False
3,/home/sunshixin/chenchao/my_rlaf/runs/analysis/echosat_symmetry_grpo_v1_7_acceptance_iter=50_canonical_low_warmup_wc3_per_instance.csv,0,subset_cardinality_bw10,perm_seed1730,subset_cardinality_bw10_perm1730,subset_cardinality,weak_symmetry,large,main,weak,41,92,10.0,5.0,/home/sunshixin/chenchao/my_rlaf/runs/GNN_Glucose_3SAT_EchoSAT_SymmetryGRPO_v1_7_WC1_PositiveCap/iter=50.pt,0.003324,0.003324,218.0,167.0,True,0.000692,0.000692,221.0,169.0,True,0.001563,0.3856133692626953,156.0,137.0,True,0.001563,0.3886153847670555,156.0,137.0,True,0.001517,0.4586415588393211,177.0,145.0,True,True,True,0.001822,3.0,10.0,98.69181823730467,41,1.0986123085021973,True,0.0700721740722656,-4.6000000000000034e-05,0.07002617407226563,-0.0018070000000000002,0.4553175588393211,21.0,8.0,-0.0026320000000000002,0.0008709999999999999,True,True,False
3,/home/sunshixin/chenchao/my_rlaf/runs/analysis/echosat_symmetry_grpo_v1_7_acceptance_iter=50_canonical_low_warmup_wc3_per_instance.csv,0,subset_cardinality_bw10,perm_seed1731,subset_cardinality_bw10_perm1731,subset_cardinality,weak_symmetry,large,main,weak,41,92,10.0,5.0,/home/sunshixin/chenchao/my_rlaf/runs/GNN_Glucose_3SAT_EchoSAT_SymmetryGRPO_v1_7_WC1_PositiveCap/iter=50.pt,0.000419,0.000419,202.0,147.0,True,0.004332,0.004332,247.0,155.0,True,0.0,0.3840503692626953,203.0,164.0,True,0.0,0.3856379188829064,203.0,164.0,True,0.001702,0.457412092955172,215.0,153.0,True,True,True,0.000529,3.0,7.0,87.48927307128906,41,1.0986123085021973,True,0.0700721740722656,0.001702,0.0717741740722656,0.0012829999999999999,0.456993092955172,12.0,-11.0,0.003913,-0.004332,False,False,False
3,/home/sunshixin/chenchao/my_rlaf/runs/analysis/echosat_symmetry_grpo_v1_7_acceptance_iter=50_canonical_low_warmup_wc3_per_instance.csv,0,subset_cardinality_bw12,base,subset_cardinality_bw12,subset_cardinality,weak_symmetry,large,main,weak,49,108,10.0,5.0,/home/sunshixin/chenchao/my_rlaf/runs/GNN_Glucose_3SAT_EchoSAT_SymmetryGRPO_v1_7_WC1_PositiveCap/iter=50.pt,0.002671,0.002671,442.0,342.0,True,0.002471,0.002471,491.0,414.0,True,0.0,0.3840503692626953,384.0,312.0,True,0.0,0.387023871848762,384.0,312.0,True,0.002179,0.4592750459210276,423.0,304.0,True,True,True,0.001793,3.0,12.0,104.73371887207033,49,0.6931471824645996,True,0.0700721740722656,0.002179,0.07225117407226556,-0.0004920000000000002,0.4566040459210276,39.0,-8.0,-0.0002000000000000001,-0.002471,False,True,False
3,/home/sunshixin/chenchao/my_rlaf/runs/analysis/echosat_symmetry_grpo_v1_7_acceptance_iter=50_canonical_low_warmup_wc3_per_instance.csv,0,subset_cardinality_bw12,perm_seed1730,subset_cardinality_bw12_perm1730,subset_cardinality,weak_symmetry,large,main,weak,49,108,10.0,5.0,/home/sunshixin/chenchao/my_rlaf/runs/GNN_Glucose_3SAT_EchoSAT_SymmetryGRPO_v1_7_WC1_PositiveCap/iter=50.pt,0.000423,0.000423,440.0,329.0,True,0.00602,0.00602,397.0,314.0,True,0.000391,0.0605170662078857,343.0,268.0,True,0.000391,0.0634445282934308,343.0,268.0,True,0.002002,0.1037723213537335,389.0,311.0,True,True,True,0.001776,3.0,9.0,101.82083892822266,49,1.0986123085021973,True,0.0387167930603027,0.0016109999999999998,0.04032779306030271,0.0015789999999999999,0.1033493213537335,46.0,43.0,0.005597,-0.005629,False,False,False
3,/home/sunshixin/chenchao/my_rlaf/runs/analysis/echosat_symmetry_grpo_v1_7_acceptance_iter=50_canonical_low_warmup_wc3_per_instance.csv,0,subset_cardinality_bw12,perm_seed1731,subset_cardinality_bw12_perm1731,subset_cardinality,weak_symmetry,large,main,weak,49,108,10.0,5.0,/home/sunshixin/chenchao/my_rlaf/runs/GNN_Glucose_3SAT_EchoSAT_SymmetryGRPO_v1_7_WC1_PositiveCap/iter=50.pt,0.000476,0.000476,393.0,297.0,True,0.003489,0.003489,439.0,311.0,True,0.002342,0.0624680662078857,363.0,285.0,True,0.002342,0.0654119681998491,363.0,285.0,True,0.00205,0.1038367612601518,348.0,296.0,True,True,True,0.001872,3.0,11.0,104.3914794921875,49,1.0986123085021973,True,0.0387167930603027,-0.0002919999999999997,0.038424793060302706,0.001574,0.1033607612601518,-15.0,11.0,0.003013,-0.001147,True,False,False
3,/home/sunshixin/chenchao/my_rlaf/runs/analysis/echosat_symmetry_grpo_v1_7_acceptance_iter=50_canonical_low_warmup_wc3_per_instance.csv,0,subset_cardinality_bw8,base,subset_cardinality_bw8,subset_cardinality,weak_symmetry,medium,main,weak,33,76,10.0,5.0,/home/sunshixin/chenchao/my_rlaf/runs/GNN_Glucose_3SAT_EchoSAT_SymmetryGRPO_v1_7_WC1_PositiveCap/iter=50.pt,0.000831,0.000831,89.0,67.0,True,0.000457,0.000457,106.0,76.0,True,0.001663,0.0617890662078857,84.0,69.0,True,0.001663,0.0628427655001282,84.0,69.0,True,0.001148,0.101044558560431,94.0,76.0,True,True,True,0.0,3.0,13.0,75.20963287353516,33,1.0986123085021973,True,0.0387167930603027,-0.000515,0.0382017930603028,0.0003169999999999999,0.100213558560431,10.0,7.0,-0.00037400000000000004,0.001206,True,False,False
3,/home/sunshixin/chenchao/my_rlaf/runs/analysis/echosat_symmetry_grpo_v1_7_acceptance_iter=50_canonical_low_warmup_wc3_per_instance.csv,0,subset_cardinality_bw8,perm_seed1730,subset_cardinality_bw8_perm1730,subset_cardinality,weak_symmetry,medium,main,weak,33,76,10.0,5.0,/home/sunshixin/chenchao/my_rlaf/runs/GNN_Glucose_3SAT_EchoSAT_SymmetryGRPO_v1_7_WC1_PositiveCap/iter=50.pt,0.001516,0.001516,110.0,76.0,True,0.000605,0.000605,127.0,80.0,True,0.000489,0.0606150662078857,100.0,79.0,True,0.000489,0.0639130343334078,100.0,79.0,True,0.001141,0.1032818273937106,119.0,76.0,True,True,True,0.002133,3.0,15.0,80.51530456542969,33,1.0986123085021973,True,0.0387167930603027,0.0006520000000000001,0.039368793060302804,-0.0003749999999999999,0.1017658273937106,19.0,-3.0,-0.000911,-0.000116,False,True,False
3,/home/sunshixin/chenchao/my_rlaf/runs/analysis/echosat_symmetry_grpo_v1_7_acceptance_iter=50_canonical_low_warmup_wc3_per_instance.csv,0,subset_cardinality_bw8,perm_seed1731,subset_cardinality_bw8_perm1731,subset_cardinality,weak_symmetry,medium,main,weak,33,76,10.0,5.0,/home/sunshixin/chenchao/my_rlaf/runs/GNN_Glucose_3SAT_EchoSAT_SymmetryGRPO_v1_7_WC1_PositiveCap/iter=50.pt,0.0,0.0,91.0,70.0,True,0.000397,0.000397,102.0,79.0,True,0.001761,0.0618870662078857,81.0,70.0,True,0.001761,0.0651211414194107,81.0,70.0,True,0.001132,0.1032089344797134,91.0,76.0,True,True,True,0.002224,3.0,12.0,79.57261657714844,33,1.0986123085021973,True,0.0387167930603027,-0.000629,0.0380877930603027,0.001132,0.1032089344797134,10.0,6.0,0.000397,0.001364,True,False,False
3,/home/sunshixin/chenchao/my_rlaf/runs/analysis/echosat_symmetry_grpo_v1_7_acceptance_iter=50_canonical_low_warmup_wc3_per_instance.csv,1,k10_color9,base,k10_color9,complete_coloring,strong_symmetry,large,main,strong,90,775,10.0,5.0,/home/sunshixin/chenchao/my_rlaf/runs/GNN_Glucose_3SAT_EchoSAT_SymmetryGRPO_v1_7_WC1_PositiveCap/iter=50.pt,4.28573,4.28573,340861.0,314066.0,True,4.53237,4.53237,322229.0,299168.0,True,4.16899,5.08436880897522,321840.0,298649.0,True,4.16899,5.093141078963399,321840.0,298649.0,True,3.70735,4.688466430068135,320878.0,297689.0,True,True,True,0.006797,3.0,9.0,195.45620727539065,90,1.0986123085021973,True,0.0569653511047363,-0.46164000000000005,-0.4046746488952637,-0.5783800000000001,0.40273643006813487,-962.0,-960.0,0.2466400000000002,-0.36338000000000026,True,True,False
3,/home/sunshixin/chenchao/my_rlaf/runs/analysis/echosat_symmetry_grpo_v1_7_acceptance_iter=50_canonical_low_warmup_wc3_per_instance.csv,1,k10_color9,perm_seed1730,k10_color9_perm1730,complete_coloring,strong_symmetry,large,main,strong,90,775,10.0,5.0,/home/sunshixin/chenchao/my_rlaf/runs/GNN_Glucose_3SAT_EchoSAT_SymmetryGRPO_v1_7_WC1_PositiveCap/iter=50.pt,5.14268,5.14268,413643.0,382655.0,True,4.18718,4.18718,283792.0,262594.0,True,3.88417,4.79954880897522,247778.0,229737.0,True,3.88417,4.809851508862257,247778.0,229737.0,True,4.18967,5.172316859966993,329760.0,309263.0,True,True,True,0.009018,3.0,9.0,194.30953979492188,90,1.0986123085021973,True,0.0569653511047363,0.30549999999999944,0.36246535110473577,-0.9530100000000008,0.029636859966992724,81982.0,79526.0,-0.9555000000000007,-0.30300999999999956,False,True,False
3,/home/sunshixin/chenchao/my_rlaf/runs/analysis/echosat_symmetry_grpo_v1_7_acceptance_iter=50_canonical_low_warmup_wc3_per_instance.csv,1,k10_color9,perm_seed1731,k10_color9_perm1731,complete_coloring,strong_symmetry,large,main,strong,90,775,10.0,5.0,/home/sunshixin/chenchao/my_rlaf/runs/GNN_Glucose_3SAT_EchoSAT_SymmetryGRPO_v1_7_WC1_PositiveCap/iter=50.pt,4.14447,4.14447,340033.0,312592.0,True,3.92896,3.92896,290369.0,269757.0,True,4.26404,5.179418808975219,290369.0,269757.0,True,4.26404,5.18810264777863,290369.0,269757.0,True,4.87875,5.859777998883367,384998.0,361413.0,True,True,True,0.006829,3.0,9.0,193.47189331054688,90,1.0986123085021973,True,0.0569653511047363,0.6147100000000005,0.6716753511047378,0.73428,1.7153079988833673,94629.0,91656.0,-0.2155100000000001,0.3350799999999996,False,False,False
3,/home/sunshixin/chenchao/my_rlaf/runs/analysis/echosat_symmetry_grpo_v1_7_acceptance_iter=50_canonical_low_warmup_wc3_per_instance.csv,1,k8_color7,base,k8_color7,complete_coloring,strong_symmetry,large,main,strong,56,372,10.0,5.0,/home/sunshixin/chenchao/my_rlaf/runs/GNN_Glucose_3SAT_EchoSAT_SymmetryGRPO_v1_7_WC1_PositiveCap/iter=50.pt,0.048877,0.048877,6158.0,5600.0,True,0.04848,0.04848,5946.0,5440.0,True,0.044612,0.9599908089752196,5946.0,5440.0,True,0.044612,0.9666008512251972,5946.0,5440.0,True,0.037685,1.0166392023299338,5475.0,5038.0,True,True,True,0.005067,3.0,7.0,125.01708984375,56,1.0986123085021973,True,0.0569653511047363,-0.006926999999999996,0.050038351104736534,-0.011191999999999994,0.9677622023299338,-471.0,-402.0,-0.0003969999999999946,-0.0038680000000000034,True,True,False
3,/home/sunshixin/chenchao/my_rlaf/runs/analysis/echosat_symmetry_grpo_v1_7_acceptance_iter=50_canonical_low_warmup_wc3_per_instance.csv,1,k8_color7,perm_seed1730,k8_color7_perm1730,complete_coloring,strong_symmetry,large,main,strong,56,372,10.0,5.0,/home/sunshixin/chenchao/my_rlaf/runs/GNN_Glucose_3SAT_EchoSAT_SymmetryGRPO_v1_7_WC1_PositiveCap/iter=50.pt,0.057547,0.057547,6138.0,5624.0,True,0.05095,0.05095,6264.0,5696.0,True,0.051338,0.9667168089752196,6264.0,5696.0,True,0.051338,0.9686510486750006,6264.0,5696.0,True,0.037342,1.011620399779737,5486.0,5050.0,True,True,True,0.000879,3.0,7.0,125.1129913330078,56,1.0986123085021973,True,0.0569653511047363,-0.013996000000000001,0.04296935110473643,-0.020205,0.954073399779737,-778.0,-646.0,-0.006596999999999999,0.00038799999999999946,True,True,False
3,/home/sunshixin/chenchao/my_rlaf/runs/analysis/echosat_symmetry_grpo_v1_7_acceptance_iter=50_canonical_low_warmup_wc3_per_instance.csv,1,k8_color7,perm_seed1731,k8_color7_perm1731,complete_coloring,strong_symmetry,large,main,strong,56,372,10.0,5.0,/home/sunshixin/chenchao/my_rlaf/runs/GNN_Glucose_3SAT_EchoSAT_SymmetryGRPO_v1_7_WC1_PositiveCap/iter=50.pt,0.046759,0.046759,5800.0,5271.0,True,0.067308,0.067308,6148.0,5641.0,True,0.055494,0.9708728089752198,6148.0,5641.0,True,0.055494,0.9724278899814488,6148.0,5641.0,True,0.03389,1.007789241086185,5943.0,5428.0,True,True,True,0.000579,3.0,7.0,125.51768493652344,56,1.0986123085021973,True,0.0569653511047363,-0.021603999999999998,0.03536135110473626,-0.012868999999999998,0.9610302410861851,-205.0,-213.0,0.020549000000000005,-0.011814000000000005,True,True,False
3,/home/sunshixin/chenchao/my_rlaf/runs/analysis/echosat_symmetry_grpo_v1_7_acceptance_iter=50_canonical_low_warmup_wc3_per_instance.csv,1,k9_color8,base,k9_color8,complete_coloring,strong_symmetry,large,main,strong,72,549,10.0,5.0,/home/sunshixin/chenchao/my_rlaf/runs/GNN_Glucose_3SAT_EchoSAT_SymmetryGRPO_v1_7_WC1_PositiveCap/iter=50.pt,0.700871,0.700871,46557.0,43529.0,True,0.749763,0.749763,44352.0,41138.0,True,0.775916,1.6912948089752198,43519.0,40436.0,True,0.775916,1.6990263971322777,43519.0,40436.0,True,0.415841,1.3959167482370138,39662.0,36951.0,True,True,True,0.006749,3.0,8.0,158.36375427246094,72,1.0986123085021973,True,0.0569653511047363,-0.36007500000000003,-0.3031096488952638,-0.28503,0.6950457482370138,-3857.0,-3485.0,0.048891999999999936,0.026153000000000093,True,True,False
3,/home/sunshixin/chenchao/my_rlaf/runs/analysis/echosat_symmetry_grpo_v1_7_acceptance_iter=50_canonical_low_warmup_wc3_per_instance.csv,1,k9_color8,perm_seed1730,k9_color8_perm1730,complete_coloring,strong_symmetry,large,main,strong,72,549,10.0,5.0,/home/sunshixin/chenchao/my_rlaf/runs/GNN_Glucose_3SAT_EchoSAT_SymmetryGRPO_v1_7_WC1_PositiveCap/iter=50.pt,0.477019,0.477019,39708.0,36681.0,True,0.65557,0.65557,45794.0,42555.0,True,0.867192,1.7825708089752197,45794.0,42555.0,True,0.867192,1.7927492474939228,45794.0,42555.0,True,0.414994,1.397516598598659,42716.0,39743.0,True,True,True,0.009156,3.0,10.0,157.64891052246094,72,1.0986123085021973,True,0.0569653511047363,-0.452198,-0.39523264889526377,-0.06202500000000005,0.920497598598659,-3078.0,-2812.0,0.17855099999999996,0.21162199999999998,True,True,False
3,/home/sunshixin/chenchao/my_rlaf/runs/analysis/echosat_symmetry_grpo_v1_7_acceptance_iter=50_canonical_low_warmup_wc3_per_instance.csv,1,k9_color8,perm_seed1731,k9_color8_perm1731,complete_coloring,strong_symmetry,large,main,strong,72,549,10.0,5.0,/home/sunshixin/chenchao/my_rlaf/runs/GNN_Glucose_3SAT_EchoSAT_SymmetryGRPO_v1_7_WC1_PositiveCap/iter=50.pt,0.625634,0.625634,47177.0,43763.0,True,0.675017,0.675017,47579.0,44103.0,True,0.885725,1.0841676975250245,47579.0,44103.0,True,0.885725,1.089025724815905,47579.0,44103.0,True,0.522927,0.7949418666616083,43092.0,40198.0,True,True,True,0.003873,3.0,8.0,158.0809783935547,72,1.0986123085021973,True,0.0687141418457031,-0.36279799999999995,-0.2940838581542967,-0.10270699999999999,0.16930786666160824,-4487.0,-3905.0,0.049382999999999955,0.210708,True,True,False
3,/home/sunshixin/chenchao/my_rlaf/runs/analysis/echosat_symmetry_grpo_v1_7_acceptance_iter=50_canonical_low_warmup_wc3_per_instance.csv,1,php_p10_h9,base,php_p10_h9,php,strong_symmetry,large,main,strong,90,775,10.0,5.0,/home/sunshixin/chenchao/my_rlaf/runs/GNN_Glucose_3SAT_EchoSAT_SymmetryGRPO_v1_7_WC1_PositiveCap/iter=50.pt,4.73201,4.73201,340861.0,314066.0,True,4.09571,4.09571,322229.0,299168.0,True,4.18048,4.378922697525025,321840.0,298649.0,True,4.18048,4.382799929479301,321840.0,298649.0,True,3.47736,3.748394071325004,320878.0,297689.0,True,True,True,0.002769,3.0,9.0,195.45620727539065,90,1.0986123085021973,True,0.0687141418457031,-0.7031200000000002,-0.6344058581542971,-1.2546499999999998,-0.9836159286749959,-962.0,-960.0,-0.6362999999999994,0.08476999999999979,True,True,True
3,/home/sunshixin/chenchao/my_rlaf/runs/analysis/echosat_symmetry_grpo_v1_7_acceptance_iter=50_canonical_low_warmup_wc3_per_instance.csv,1,php_p10_h9,perm_seed1730,php_p10_h9_perm1730,php,strong_symmetry,large,main,strong,90,775,10.0,5.0,/home/sunshixin/chenchao/my_rlaf/runs/GNN_Glucose_3SAT_EchoSAT_SymmetryGRPO_v1_7_WC1_PositiveCap/iter=50.pt,5.00307,5.00307,413643.0,382655.0,True,4.17061,4.17061,283792.0,262594.0,True,4.22159,4.420032697525024,247778.0,229737.0,True,4.22159,4.428172183493137,247778.0,229737.0,True,4.04774,4.32303632533884,367014.0,343397.0,True,True,True,0.007001,3.0,9.0,194.30953979492188,90,1.0986123085021973,True,0.0687141418457031,-0.17384999999999984,-0.10513585815429671,-0.95533,-0.6800336746611597,119236.0,113660.0,-0.8324600000000002,0.050980000000000025,True,True,True
3,/home/sunshixin/chenchao/my_rlaf/runs/analysis/echosat_symmetry_grpo_v1_7_acceptance_iter=50_canonical_low_warmup_wc3_per_instance.csv,1,php_p10_h9,perm_seed1731,php_p10_h9_perm1731,php,strong_symmetry,large,main,strong,90,775,10.0,5.0,/home/sunshixin/chenchao/my_rlaf/runs/GNN_Glucose_3SAT_EchoSAT_SymmetryGRPO_v1_7_WC1_PositiveCap/iter=50.pt,4.15417,4.15417,340033.0,312592.0,True,3.97279,3.97279,290369.0,269757.0,True,4.32811,4.526552697525024,290369.0,269757.0,True,4.32811,4.532360416583538,290369.0,269757.0,True,4.92161,5.194574558429242,384998.0,361413.0,True,True,True,0.004482,3.0,9.0,193.47189331054688,90,1.0986123085021973,True,0.0687141418457031,0.5935000000000006,0.6622141418457037,0.7674400000000006,1.040404558429242,94629.0,91656.0,-0.18137999999999987,0.35531999999999986,False,False,False
3,/home/sunshixin/chenchao/my_rlaf/runs/analysis/echosat_symmetry_grpo_v1_7_acceptance_iter=50_canonical_low_warmup_wc3_per_instance.csv,1,php_p9_h8,base,php_p9_h8,php,strong_symmetry,large,main,strong,72,549,10.0,5.0,/home/sunshixin/chenchao/my_rlaf/runs/GNN_Glucose_3SAT_EchoSAT_SymmetryGRPO_v1_7_WC1_PositiveCap/iter=50.pt,0.690887,0.690887,46557.0,43529.0,True,0.640503,0.640503,44352.0,41138.0,True,0.642332,0.8407746975250244,43519.0,40436.0,True,0.642332,0.8423097874982953,43519.0,40436.0,True,0.427104,0.6957959293439984,39662.0,36951.0,True,True,True,0.000421,3.0,8.0,158.36375427246094,72,1.0986123085021973,True,0.0687141418457031,-0.21522800000000003,-0.14651385815429696,-0.26378300000000005,0.004908929343998336,-3857.0,-3485.0,-0.050383999999999984,0.0018289999999999695,True,True,False
3,/home/sunshixin/chenchao/my_rlaf/runs/analysis/echosat_symmetry_grpo_v1_7_acceptance_iter=50_canonical_low_warmup_wc3_per_instance.csv,1,php_p9_h8,perm_seed1730,php_p9_h8_perm1730,php,strong_symmetry,large,main,strong,72,549,10.0,5.0,/home/sunshixin/chenchao/my_rlaf/runs/GNN_Glucose_3SAT_EchoSAT_SymmetryGRPO_v1_7_WC1_PositiveCap/iter=50.pt,0.478759,0.478759,39708.0,36681.0,True,0.771433,0.771433,45794.0,42555.0,True,0.653631,0.8520736975250244,45794.0,42555.0,True,0.653631,0.8585508575671315,45794.0,42555.0,True,0.433252,0.7068859994128347,42716.0,39743.0,True,True,True,0.005273,3.0,10.0,157.64891052246094,72,1.0986123085021973,True,0.0687141418457031,-0.22037899999999994,-0.15166485815429676,-0.045506999999999964,0.2281269994128347,-3078.0,-2812.0,0.29267400000000005,-0.11780200000000007,True,True,False
3,/home/sunshixin/chenchao/my_rlaf/runs/analysis/echosat_symmetry_grpo_v1_7_acceptance_iter=50_canonical_low_warmup_wc3_per_instance.csv,1,php_p9_h8,perm_seed1731,php_p9_h8_perm1731,php,strong_symmetry,large,main,strong,72,549,10.0,5.0,/home/sunshixin/chenchao/my_rlaf/runs/GNN_Glucose_3SAT_EchoSAT_SymmetryGRPO_v1_7_WC1_PositiveCap/iter=50.pt,0.625401,0.625401,47177.0,43763.0,True,0.684158,0.684158,47579.0,44103.0,True,0.78394,0.9823826975250244,47579.0,44103.0,True,0.78394,0.9872974509927034,47579.0,44103.0,True,0.516714,0.7887855928384065,43092.0,40198.0,True,True,True,0.003779,3.0,8.0,158.0809783935547,72,1.0986123085021973,True,0.0687141418457031,-0.26722599999999996,-0.19851185815429684,-0.10868699999999998,0.16338459283840656,-4487.0,-3905.0,0.05875700000000006,0.09978199999999993,True,True,False
3,/home/sunshixin/chenchao/my_rlaf/runs/analysis/echosat_symmetry_grpo_v1_7_acceptance_iter=50_canonical_low_warmup_wc3_per_instance.csv,1,random_3sat_control_v160_c704_seed2615,base,random_3sat_control_v160_c704_seed2615,random_3sat_control,non_symmetric_control,large,control,none,160,704,10.0,5.0,/home/sunshixin/chenchao/my_rlaf/runs/GNN_Glucose_3SAT_EchoSAT_SymmetryGRPO_v1_7_WC1_PositiveCap/iter=50.pt,0.063814,0.063814,6771.0,5767.0,True,0.056814,0.056814,5702.0,4813.0,True,0.044185,0.2426276975250244,4859.0,4212.0,True,0.044185,0.2438573962947726,4859.0,4212.0,True,0.058241,0.3266275381404757,5400.0,4612.0,True,False,False,0.0,3.0,22.0,360.5569458007813,160,1.0986123085021973,True,0.0687141418457031,0.014055999999999999,0.08277014184570308,-0.005572999999999995,0.2628135381404757,541.0,400.0,-0.006999999999999992,-0.012629000000000001,False,True,False
3,/home/sunshixin/chenchao/my_rlaf/runs/analysis/echosat_symmetry_grpo_v1_7_acceptance_iter=50_canonical_low_warmup_wc3_per_instance.csv,1,random_3sat_control_v160_c704_seed2615,perm_seed1730,random_3sat_control_v160_c704_seed2615_perm1730,random_3sat_control,non_symmetric_control,large,control,none,160,704,10.0,5.0,/home/sunshixin/chenchao/my_rlaf/runs/GNN_Glucose_3SAT_EchoSAT_SymmetryGRPO_v1_7_WC1_PositiveCap/iter=50.pt,0.099571,0.099571,8522.0,7299.0,True,0.106858,0.106858,7934.0,6809.0,True,0.045002,0.172537343170166,4602.0,4008.0,True,0.045002,0.1776192159546017,4602.0,4008.0,True,0.047506,0.1891890824249386,5575.0,4694.0,True,False,False,0.003779,3.0,22.0,363.3272399902344,160,1.0986123085021973,True,0.0090658664703369,0.0025039999999999993,0.011569866470336893,-0.05206500000000001,0.08961808242493859,973.0,686.0,0.007286999999999988,-0.061855999999999994,False,True,False
3,/home/sunshixin/chenchao/my_rlaf/runs/analysis/echosat_symmetry_grpo_v1_7_acceptance_iter=50_canonical_low_warmup_wc3_per_instance.csv,1,random_3sat_control_v160_c704_seed2615,perm_seed1731,random_3sat_control_v160_c704_seed2615_perm1731,random_3sat_control,non_symmetric_control,large,control,none,160,704,10.0,5.0,/home/sunshixin/chenchao/my_rlaf/runs/GNN_Glucose_3SAT_EchoSAT_SymmetryGRPO_v1_7_WC1_PositiveCap/iter=50.pt,0.050286,0.050286,5676.0,4847.0,True,0.102804,0.102804,8017.0,6851.0,True,0.052272,0.179807343170166,4961.0,4384.0,True,0.052272,0.1855881913266778,4961.0,4384.0,True,0.049598,0.1919800577970147,4925.0,4142.0,True,False,False,0.00441,3.0,22.0,364.4381408691406,160,1.0986123085021973,True,0.0090658664703369,-0.002673999999999996,0.006391866470336904,-0.0006879999999999942,0.14169405779701472,-36.0,-242.0,0.05251800000000001,-0.05053200000000001,True,True,False
3,/home/sunshixin/chenchao/my_rlaf/runs/analysis/echosat_symmetry_grpo_v1_7_acceptance_iter=50_canonical_low_warmup_wc3_per_instance.csv,1,random_3sat_control_v180_c760_seed3301,base,random_3sat_control_v180_c760_seed3301,random_3sat_control,non_symmetric_control,large,control,none,180,760,10.0,5.0,/home/sunshixin/chenchao/my_rlaf/runs/GNN_Glucose_3SAT_EchoSAT_SymmetryGRPO_v1_7_WC1_PositiveCap/iter=50.pt,0.496643,0.496643,27442.0,23617.0,True,0.152736,0.152736,10470.0,8910.0,True,0.016558,0.144093343170166,693.0,567.0,True,0.016558,0.1460634508098363,693.0,567.0,True,0.151798,0.2903693172801733,12622.0,10794.0,True,False,False,0.000554,3.0,28.0,430.4636840820313,180,1.0986123085021973,True,0.0090658664703369,0.13524,0.144305866470337,-0.344845,-0.2062736827198267,11929.0,10227.0,-0.34390699999999996,-0.13617800000000002,False,True,True
3,/home/sunshixin/chenchao/my_rlaf/runs/analysis/echosat_symmetry_grpo_v1_7_acceptance_iter=50_canonical_low_warmup_wc3_per_instance.csv,1,random_3sat_control_v180_c760_seed3301,perm_seed1730,random_3sat_control_v180_c760_seed3301_perm1730,random_3sat_control,non_symmetric_control,large,control,none,180,760,10.0,5.0,/home/sunshixin/chenchao/my_rlaf/runs/GNN_Glucose_3SAT_EchoSAT_SymmetryGRPO_v1_7_WC1_PositiveCap/iter=50.pt,1.04664,1.04664,47649.0,41152.0,True,0.091239,0.091239,7421.0,6253.0,True,0.004678,0.132213343170166,643.0,525.0,True,0.004678,0.1363222888077497,643.0,525.0,True,0.183539,0.3242491552780867,14777.0,12731.0,True,False,False,0.002809,3.0,28.0,431.2578125,180,1.0986123085021973,True,0.0090658664703369,0.17886100000000002,0.187926866470337,-0.863101,-0.7223908447219134,14134.0,12206.0,-0.9554010000000001,-0.086561,False,True,True
3,/home/sunshixin/chenchao/my_rlaf/runs/analysis/echosat_symmetry_grpo_v1_7_acceptance_iter=50_canonical_low_warmup_wc3_per_instance.csv,1,random_3sat_control_v180_c760_seed3301,perm_seed1731,random_3sat_control_v180_c760_seed3301_perm1731,random_3sat_control,non_symmetric_control,large,control,none,180,760,10.0,5.0,/home/sunshixin/chenchao/my_rlaf/runs/GNN_Glucose_3SAT_EchoSAT_SymmetryGRPO_v1_7_WC1_PositiveCap/iter=50.pt,0.494881,0.494881,27197.0,23469.0,True,0.132398,0.132398,9011.0,7714.0,True,0.011452,0.138987343170166,590.0,484.0,True,0.011452,0.1460665987715124,590.0,484.0,True,0.173994,0.3176744652418494,13820.0,12036.0,True,False,False,0.005648,3.0,28.0,430.8958129882813,180,1.0986123085021973,True,0.0090658664703369,0.16254200000000002,0.171607866470337,-0.32088700000000003,-0.17720653475815062,13230.0,11552.0,-0.362483,-0.12094599999999998,False,True,True
3,/home/sunshixin/chenchao/my_rlaf/runs/analysis/echosat_symmetry_grpo_v1_7_acceptance_iter=50_canonical_low_warmup_wc3_per_instance.csv,1,random_3sat_control_v220_c928_seed3303,base,random_3sat_control_v220_c928_seed3303,random_3sat_control,non_symmetric_control,large,control,none,220,928,10.0,5.0,/home/sunshixin/chenchao/my_rlaf/runs/GNN_Glucose_3SAT_EchoSAT_SymmetryGRPO_v1_7_WC1_PositiveCap/iter=50.pt,0.725134,0.725134,30277.0,25994.0,True,0.452812,0.452812,22265.0,19025.0,True,0.00779,0.135325343170166,62.0,4.0,True,0.00779,0.1387943760331273,62.0,4.0,True,0.006642,0.1467122425034642,324.0,241.0,True,False,False,0.002058,3.0,39.0,455.798828125,220,1.0986123085021973,True,0.0090658664703369,-0.0011479999999999997,0.007917866470336904,-0.7184919999999999,-0.5784217574965358,262.0,237.0,-0.27232199999999995,-0.445022,True,True,True
3,/home/sunshixin/chenchao/my_rlaf/runs/analysis/echosat_symmetry_grpo_v1_7_acceptance_iter=50_canonical_low_warmup_wc3_per_instance.csv,1,random_3sat_control_v220_c928_seed3303,perm_seed1730,random_3sat_control_v220_c928_seed3303_perm1730,random_3sat_control,non_symmetric_control,large,control,none,220,928,10.0,5.0,/home/sunshixin/chenchao/my_rlaf/runs/GNN_Glucose_3SAT_EchoSAT_SymmetryGRPO_v1_7_WC1_PositiveCap/iter=50.pt,1.42482,1.42482,52742.0,45477.0,True,0.221051,0.221051,13039.0,11071.0,True,0.006867,0.134402343170166,62.0,4.0,True,0.006867,0.1419114394239783,62.0,4.0,True,0.009179,0.1532893058943152,388.0,282.0,True,False,False,0.00609,3.0,39.0,453.5053405761719,220,1.0986123085021973,True,0.0090658664703369,0.002312,0.011377866470336895,-1.415641,-1.2715306941056848,326.0,278.0,-1.2037689999999999,-0.21418399999999999,False,True,True
3,/home/sunshixin/chenchao/my_rlaf/runs/analysis/echosat_symmetry_grpo_v1_7_acceptance_iter=50_canonical_low_warmup_wc3_per_instance.csv,1,random_3sat_control_v220_c928_seed3303,perm_seed1731,random_3sat_control_v220_c928_seed3303_perm1731,random_3sat_control,non_symmetric_control,large,control,none,220,928,10.0,5.0,/home/sunshixin/chenchao/my_rlaf/runs/GNN_Glucose_3SAT_EchoSAT_SymmetryGRPO_v1_7_WC1_PositiveCap/iter=50.pt,0.052725,0.052725,4930.0,4147.0,True,0.381397,0.381397,19684.0,16814.0,True,0.002322,0.129857343170166,63.0,4.0,True,0.002322,0.1352793495905995,63.0,4.0,True,0.009849,0.1518722160609364,393.0,249.0,True,False,False,0.004059,3.0,39.0,458.748046875,220,1.0986123085021973,True,0.0090658664703369,0.007527000000000001,0.016592866470336892,-0.042876,0.0991472160609364,330.0,245.0,0.32867199999999996,-0.379075,False,True,False
3,/home/sunshixin/chenchao/my_rlaf/runs/analysis/echosat_symmetry_grpo_v1_7_acceptance_iter=50_canonical_low_warmup_wc3_per_instance.csv,1,random_3sat_control_v220_c942_seed3304,base,random_3sat_control_v220_c942_seed3304,random_3sat_control,non_symmetric_control,large,control,none,220,942,10.0,5.0,/home/sunshixin/chenchao/my_rlaf/runs/GNN_Glucose_3SAT_EchoSAT_SymmetryGRPO_v1_7_WC1_PositiveCap/iter=50.pt,0.658752,0.658752,35472.0,30813.0,True,1.01059,1.01059,41376.0,36046.0,True,0.530593,0.7001951556854248,26754.0,23980.0,True,0.530593,0.7066815480998159,26754.0,23980.0,True,0.703976,0.978854478443444,40521.0,36417.0,True,False,False,0.005067,3.0,26.0,416.5282897949219,220,1.0986123085021973,True,0.0987899303436279,0.17338300000000006,0.2721729303436281,0.04522400000000004,0.32010247844344397,13767.0,12437.0,0.3518380000000001,-0.4799970000000001,False,False,False
3,/home/sunshixin/chenchao/my_rlaf/runs/analysis/echosat_symmetry_grpo_v1_7_acceptance_iter=50_canonical_low_warmup_wc3_per_instance.csv,1,random_3sat_control_v220_c942_seed3304,perm_seed1730,random_3sat_control_v220_c942_seed3304_perm1730,random_3sat_control,non_symmetric_control,large,control,none,220,942,10.0,5.0,/home/sunshixin/chenchao/my_rlaf/runs/GNN_Glucose_3SAT_EchoSAT_SymmetryGRPO_v1_7_WC1_PositiveCap/iter=50.pt,0.6561,0.6561,34825.0,30052.0,True,0.578634,0.578634,33221.0,28818.0,True,0.461379,0.6309811556854248,26445.0,23804.0,True,0.461379,0.6369027065353393,26445.0,23804.0,True,0.730606,1.0049196368789672,41164.0,36824.0,True,False,False,0.004304,3.0,26.0,423.32037353515625,220,1.0986123085021973,True,0.0987899303436279,0.269227,0.3680169303436279,0.07450599999999996,0.3488196368789672,14719.0,13020.0,-0.07746600000000003,-0.117255,False,False,False
3,/home/sunshixin/chenchao/my_rlaf/runs/analysis/echosat_symmetry_grpo_v1_7_acceptance_iter=50_canonical_low_warmup_wc3_per_instance.csv,1,random_3sat_control_v220_c942_seed3304,perm_seed1731,random_3sat_control_v220_c942_seed3304_perm1731,random_3sat_control,non_symmetric_control,large,control,none,220,942,10.0,5.0,/home/sunshixin/chenchao/my_rlaf/runs/GNN_Glucose_3SAT_EchoSAT_SymmetryGRPO_v1_7_WC1_PositiveCap/iter=50.pt,0.712713,0.712713,38737.0,33758.0,True,1.00484,1.00484,38909.0,33544.0,True,0.423372,0.5929741556854249,26149.0,23448.0,True,0.423372,0.5978891572152376,26149.0,23448.0,True,0.686571,0.9598780875588656,39928.0,35906.0,True,False,False,0.003491,3.0,26.0,418.775390625,220,1.0986123085021973,True,0.0987899303436279,0.263199,0.361988930343628,-0.026142,0.24716508755886557,13779.0,12458.0,0.2921269999999999,-0.5814679999999999,False,True,False
3,/home/sunshixin/chenchao/my_rlaf/runs/analysis/echosat_symmetry_grpo_v1_7_acceptance_iter=50_canonical_low_warmup_wc3_per_instance.csv,1,random_3sat_control_v260_c1097_seed3305,base,random_3sat_control_v260_c1097_seed3305,random_3sat_control,non_symmetric_control,large,control,none,260,1097,10.0,5.0,/home/sunshixin/chenchao/my_rlaf/runs/GNN_Glucose_3SAT_EchoSAT_SymmetryGRPO_v1_7_WC1_PositiveCap/iter=50.pt,6.81069,6.81069,216854.0,188499.0,True,2.2918,2.2918,73626.0,64181.0,True,1.64072,1.8103221556854248,60642.0,54350.0,True,1.64072,1.8179189626601933,60642.0,54350.0,True,0.563476,0.8394648930038213,32342.0,28420.0,True,False,False,0.006161,3.0,35.0,492.83697509765625,260,1.0986123085021973,True,0.0987899303436279,-1.0772439999999999,-0.9784540696563719,-6.2472140000000005,-5.971225106996179,-28300.0,-25930.0,-4.518890000000001,-0.6510799999999999,True,True,True
3,/home/sunshixin/chenchao/my_rlaf/runs/analysis/echosat_symmetry_grpo_v1_7_acceptance_iter=50_canonical_low_warmup_wc3_per_instance.csv,1,random_3sat_control_v260_c1097_seed3305,perm_seed1730,random_3sat_control_v260_c1097_seed3305_perm1730,random_3sat_control,non_symmetric_control,large,control,none,260,1097,10.0,5.0,/home/sunshixin/chenchao/my_rlaf/runs/GNN_Glucose_3SAT_EchoSAT_SymmetryGRPO_v1_7_WC1_PositiveCap/iter=50.pt,7.32119,7.32119,224505.0,195557.0,True,0.60246,0.60246,27246.0,23387.0,True,1.60905,1.778652155685425,60686.0,54724.0,True,1.60905,1.786946492504239,60686.0,54724.0,True,0.90597,1.182656422847867,40444.0,35663.0,True,False,False,0.006746,3.0,35.0,494.8829650878906,260,1.0986123085021973,True,0.0987899303436279,-0.70308,-0.604290069656372,-6.41522,-6.138533577152133,-20242.0,-19061.0,-6.71873,1.00659,True,True,True
3,/home/sunshixin/chenchao/my_rlaf/runs/analysis/echosat_symmetry_grpo_v1_7_acceptance_iter=50_canonical_low_warmup_wc3_per_instance.csv,1,random_3sat_control_v260_c1097_seed3305,perm_seed1731,random_3sat_control_v260_c1097_seed3305_perm1731,random_3sat_control,non_symmetric_control,large,control,none,260,1097,10.0,5.0,/home/sunshixin/chenchao/my_rlaf/runs/GNN_Glucose_3SAT_EchoSAT_SymmetryGRPO_v1_7_WC1_PositiveCap/iter=50.pt,3.79692,3.79692,105916.0,92052.0,True,5.48658,5.48658,162997.0,142194.0,True,1.02983,1.1994321556854248,48534.0,43247.0,True,1.02983,1.2079243086072804,48534.0,43247.0,True,0.756691,1.0335752389509083,42143.0,37319.0,True,False,False,0.007,3.0,35.0,493.7220764160156,260,1.0986123085021973,True,0.0987899303436279,-0.273139,-0.1743490696563721,-3.040229,-2.7633447610490918,-6391.0,-5928.0,1.68966,-4.4567499999999995,True,True,True
3,/home/sunshixin/chenchao/my_rlaf/runs/analysis/echosat_symmetry_grpo_v1_7_acceptance_iter=50_canonical_low_warmup_wc3_per_instance.csv,1,random_3sat_control_v260_c1113_seed3306,base,random_3sat_control_v260_c1113_seed3306,random_3sat_control,non_symmetric_control,large,control,none,260,1113,10.0,5.0,/home/sunshixin/chenchao/my_rlaf/runs/GNN_Glucose_3SAT_EchoSAT_SymmetryGRPO_v1_7_WC1_PositiveCap/iter=50.pt,5.50063,5.50063,178146.0,155541.0,True,6.04171,6.04171,186876.0,163308.0,True,6.20404,6.373642155685425,226200.0,205404.0,True,6.20404,6.380315841089785,226200.0,205404.0,True,6.90053,7.175595771433413,269374.0,237868.0,True,False,False,0.00512,3.0,34.0,480.0674743652344,260,0.6931471824645996,True,0.0987899303436279,0.6964899999999998,0.7952799303436278,1.3998999999999997,1.6749657714334125,43174.0,32464.0,0.54108,0.16232999999999986,False,False,False
3,/home/sunshixin/chenchao/my_rlaf/runs/analysis/echosat_symmetry_grpo_v1_7_acceptance_iter=50_canonical_low_warmup_wc3_per_instance.csv,1,random_3sat_control_v260_c1113_seed3306,perm_seed1730,random_3sat_control_v260_c1113_seed3306_perm1730,random_3sat_control,non_symmetric_control,large,control,none,260,1113,10.0,5.0,/home/sunshixin/chenchao/my_rlaf/runs/GNN_Glucose_3SAT_EchoSAT_SymmetryGRPO_v1_7_WC1_PositiveCap/iter=50.pt,4.94416,4.94416,171334.0,149746.0,True,6.90961,6.90961,206936.0,180741.0,True,5.64906,5.818662155685425,206101.0,186162.0,True,5.64906,5.822418002646149,206101.0,186162.0,True,6.51189,6.784037932989777,268641.0,236554.0,True,False,False,0.002328,3.0,34.0,478.7396240234375,260,0.6931471824645996,True,0.0987899303436279,0.8628299999999998,0.9616199303436277,1.56773,1.8398779329897765,62540.0,50392.0,1.9654499999999997,-1.2605499999999994,False,False,False
3,/home/sunshixin/chenchao/my_rlaf/runs/analysis/echosat_symmetry_grpo_v1_7_acceptance_iter=50_canonical_low_warmup_wc3_per_instance.csv,1,random_3sat_control_v260_c1113_seed3306,perm_seed1731,random_3sat_control_v260_c1113_seed3306_perm1731,random_3sat_control,non_symmetric_control,large,control,none,260,1113,10.0,5.0,/home/sunshixin/chenchao/my_rlaf/runs/GNN_Glucose_3SAT_EchoSAT_SymmetryGRPO_v1_7_WC1_PositiveCap/iter=50.pt,6.47465,6.47465,202621.0,177648.0,True,6.87185,6.87185,214985.0,187707.0,True,5.8374,6.104511301422119,217745.0,196903.0,True,5.8374,6.114287027727663,217745.0,196903.0,True,6.66298,7.008929737536013,276640.0,244237.0,True,False,False,0.008385,3.0,34.0,481.5274658203125,260,0.6931471824645996,True,0.0690627098083496,0.8255800000000004,0.89464270980835,0.18833000000000055,0.5342797375360133,58895.0,47334.0,0.39720000000000066,-1.0344500000000005,False,False,False
3,/home/sunshixin/chenchao/my_rlaf/runs/analysis/echosat_symmetry_grpo_v1_7_acceptance_iter=50_canonical_low_warmup_wc3_per_instance.csv,1,random_3sat_control_v300_c1266_seed3307,base,random_3sat_control_v300_c1266_seed3307,random_3sat_control,non_symmetric_control,large,control,none,300,1266,10.0,5.0,/home/sunshixin/chenchao/my_rlaf/runs/GNN_Glucose_3SAT_EchoSAT_SymmetryGRPO_v1_7_WC1_PositiveCap/iter=50.pt,0.21555,0.21555,12894.0,10895.0,True,2.48424,2.48424,71356.0,61376.0,True,0.008482,0.2755933014221191,288.0,182.0,True,0.008482,0.286650979978621,288.0,182.0,True,0.036749,0.3839806897869706,2446.0,1976.0,True,False,False,0.009486,3.0,48.0,628.0397338867188,300,1.0986123085021973,True,0.0690627098083496,0.028266999999999997,0.0973297098083496,-0.178801,0.1684306897869706,2158.0,1794.0,2.26869,-2.475758,False,True,False
3,/home/sunshixin/chenchao/my_rlaf/runs/analysis/echosat_symmetry_grpo_v1_7_acceptance_iter=50_canonical_low_warmup_wc3_per_instance.csv,1,random_3sat_control_v300_c1266_seed3307,perm_seed1730,random_3sat_control_v300_c1266_seed3307_perm1730,random_3sat_control,non_symmetric_control,large,control,none,300,1266,10.0,5.0,/home/sunshixin/chenchao/my_rlaf/runs/GNN_Glucose_3SAT_EchoSAT_SymmetryGRPO_v1_7_WC1_PositiveCap/iter=50.pt,1.27011,1.27011,43103.0,37339.0,True,2.05064,2.05064,63498.0,54506.0,True,0.005545,0.2726563014221191,321.0,205.0,True,0.005545,0.2833958466647863,321.0,205.0,True,0.04514,0.3920535564731359,3066.0,2476.0,True,False,False,0.009308,3.0,48.0,619.230712890625,300,1.0986123085021973,True,0.0690627098083496,0.039595,0.1086577098083496,-1.2249700000000001,-0.8780564435268642,2745.0,2271.0,0.78053,-2.045095,False,True,True
3,/home/sunshixin/chenchao/my_rlaf/runs/analysis/echosat_symmetry_grpo_v1_7_acceptance_iter=50_canonical_low_warmup_wc3_per_instance.csv,1,random_3sat_control_v300_c1266_seed3307,perm_seed1731,random_3sat_control_v300_c1266_seed3307_perm1731,random_3sat_control,non_symmetric_control,large,control,none,300,1266,10.0,5.0,/home/sunshixin/chenchao/my_rlaf/runs/GNN_Glucose_3SAT_EchoSAT_SymmetryGRPO_v1_7_WC1_PositiveCap/iter=50.pt,2.07232,2.07232,66962.0,57424.0,True,0.118612,0.118612,7524.0,6304.0,True,0.009371,0.2764823014221191,375.0,247.0,True,0.009371,0.2842752398047447,375.0,247.0,True,0.033421,0.3773879496130943,2498.0,1946.0,True,False,False,0.006345,3.0,48.0,626.5236206054688,300,1.0986123085021973,True,0.0690627098083496,0.02405,0.09311270980834963,-2.038899,-1.6949320503869056,2123.0,1699.0,-1.953708,-0.10924099999999999,False,True,True
3,/home/sunshixin/chenchao/my_rlaf/runs/analysis/echosat_symmetry_grpo_v1_7_acceptance_iter=50_canonical_low_warmup_wc3_per_instance.csv,1,subset_cardinality_bw10,base,subset_cardinality_bw10,subset_cardinality,weak_symmetry,large,main,weak,41,92,10.0,5.0,/home/sunshixin/chenchao/my_rlaf/runs/GNN_Glucose_3SAT_EchoSAT_SymmetryGRPO_v1_7_WC1_PositiveCap/iter=50.pt,0.001869,0.001869,193.0,141.0,True,0.000411,0.000411,237.0,193.0,True,0.001691,0.2688023014221191,162.0,142.0,True,0.001691,0.2703872480935454,162.0,142.0,True,0.00189,0.339648957901895,186.0,159.0,True,True,True,0.000455,3.0,8.0,94.86821746826172,41,1.0986123085021973,True,0.0690627098083496,0.00019899999999999996,0.06926170980834956,2.099999999999997e-05,0.33777995790189497,24.0,17.0,-0.001458,0.0012799999999999999,False,False,False
3,/home/sunshixin/chenchao/my_rlaf/runs/analysis/echosat_symmetry_grpo_v1_7_acceptance_iter=50_canonical_low_warmup_wc3_per_instance.csv,1,subset_cardinality_bw10,perm_seed1730,subset_cardinality_bw10_perm1730,subset_cardinality,weak_symmetry,large,main,weak,41,92,10.0,5.0,/home/sunshixin/chenchao/my_rlaf/runs/GNN_Glucose_3SAT_EchoSAT_SymmetryGRPO_v1_7_WC1_PositiveCap/iter=50.pt,0.001469,0.001469,218.0,167.0,True,0.001606,0.001606,221.0,169.0,True,0.000394,0.2675053014221191,156.0,137.0,True,0.000394,0.2698664169883132,156.0,137.0,True,0.001814,0.3403491267966628,177.0,145.0,True,True,True,0.00128,3.0,10.0,98.69181823730467,41,1.0986123085021973,True,0.0690627098083496,0.00142,0.07048270980834959,0.00034500000000000004,0.3388801267966628,21.0,8.0,0.00013699999999999997,-0.001212,False,False,False
3,/home/sunshixin/chenchao/my_rlaf/runs/analysis/echosat_symmetry_grpo_v1_7_acceptance_iter=50_canonical_low_warmup_wc3_per_instance.csv,1,subset_cardinality_bw10,perm_seed1731,subset_cardinality_bw10_perm1731,subset_cardinality,weak_symmetry,large,main,weak,41,92,10.0,5.0,/home/sunshixin/chenchao/my_rlaf/runs/GNN_Glucose_3SAT_EchoSAT_SymmetryGRPO_v1_7_WC1_PositiveCap/iter=50.pt,0.0,0.0,202.0,147.0,True,0.001568,0.001568,247.0,155.0,True,0.001658,0.2687693014221191,203.0,164.0,True,0.001658,0.2711557249547243,203.0,164.0,True,0.002279,0.3408394347630739,215.0,153.0,True,True,True,0.001314,3.0,7.0,87.48927307128906,41,1.0986123085021973,True,0.0690627098083496,0.0006210000000000002,0.06968370980834959,0.002279,0.3408394347630739,12.0,-11.0,0.001568,9.000000000000002e-05,False,False,False
3,/home/sunshixin/chenchao/my_rlaf/runs/analysis/echosat_symmetry_grpo_v1_7_acceptance_iter=50_canonical_low_warmup_wc3_per_instance.csv,1,subset_cardinality_bw12,base,subset_cardinality_bw12,subset_cardinality,weak_symmetry,large,main,weak,49,108,10.0,5.0,/home/sunshixin/chenchao/my_rlaf/runs/GNN_Glucose_3SAT_EchoSAT_SymmetryGRPO_v1_7_WC1_PositiveCap/iter=50.pt,0.001904,0.001904,442.0,342.0,True,0.002511,0.002511,491.0,414.0,True,0.002601,0.2697123014221191,384.0,312.0,True,0.002601,0.2713968361748457,384.0,312.0,True,0.003204,0.3410625459831953,423.0,304.0,True,True,True,0.000591,3.0,12.0,104.73371887207033,49,0.6931471824645996,True,0.0690627098083496,0.0006029999999999998,0.06966570980834957,0.0012999999999999997,0.3391585459831953,39.0,-8.0,0.0006070000000000001,8.99999999999998e-05,False,False,False
3,/home/sunshixin/chenchao/my_rlaf/runs/analysis/echosat_symmetry_grpo_v1_7_acceptance_iter=50_canonical_low_warmup_wc3_per_instance.csv,1,subset_cardinality_bw12,perm_seed1730,subset_cardinality_bw12_perm1730,subset_cardinality,weak_symmetry,large,main,weak,49,108,10.0,5.0,/home/sunshixin/chenchao/my_rlaf/runs/GNN_Glucose_3SAT_EchoSAT_SymmetryGRPO_v1_7_WC1_PositiveCap/iter=50.pt,0.001833,0.001833,440.0,329.0,True,0.00217,0.00217,397.0,314.0,True,0.00241,0.2314272576904296,343.0,268.0,True,0.00241,0.2330519185307621,343.0,268.0,True,0.003709,0.2650070178502202,389.0,311.0,True,True,True,0.000545,3.0,9.0,101.82083892822266,49,1.0986123085021973,True,0.030656099319458,0.0012990000000000002,0.031955099319458086,0.001876,0.2631740178502202,46.0,43.0,0.00033700000000000006,0.00023999999999999976,False,False,False
3,/home/sunshixin/chenchao/my_rlaf/runs/analysis/echosat_symmetry_grpo_v1_7_acceptance_iter=50_canonical_low_warmup_wc3_per_instance.csv,1,subset_cardinality_bw12,perm_seed1731,subset_cardinality_bw12_perm1731,subset_cardinality,weak_symmetry,large,main,weak,49,108,10.0,5.0,/home/sunshixin/chenchao/my_rlaf/runs/GNN_Glucose_3SAT_EchoSAT_SymmetryGRPO_v1_7_WC1_PositiveCap/iter=50.pt,0.0,0.0,393.0,297.0,True,0.002101,0.002101,439.0,311.0,True,0.002459,0.2314762576904296,363.0,285.0,True,0.002459,0.2337926432584524,363.0,285.0,True,0.003329,0.2653187425779104,348.0,296.0,True,True,True,0.001154,3.0,11.0,104.3914794921875,49,1.0986123085021973,True,0.030656099319458,0.0008700000000000001,0.03152609931945799,0.003329,0.2653187425779104,-15.0,11.0,0.002101,0.0003579999999999998,False,False,False
3,/home/sunshixin/chenchao/my_rlaf/runs/analysis/echosat_symmetry_grpo_v1_7_acceptance_iter=50_canonical_low_warmup_wc3_per_instance.csv,1,subset_cardinality_bw8,base,subset_cardinality_bw8,subset_cardinality,weak_symmetry,medium,main,weak,33,76,10.0,5.0,/home/sunshixin/chenchao/my_rlaf/runs/GNN_Glucose_3SAT_EchoSAT_SymmetryGRPO_v1_7_WC1_PositiveCap/iter=50.pt,0.001085,0.001085,89.0,67.0,True,0.00145,0.00145,106.0,76.0,True,0.001254,0.2302712576904297,84.0,69.0,True,0.001254,0.2329133062625527,84.0,69.0,True,0.003683,0.2659984055820107,94.0,76.0,True,True,True,0.000972,3.0,13.0,75.20963287353516,33,1.0986123085021973,True,0.030656099319458,0.002429,0.03308509931945802,0.002598,0.2649134055820107,10.0,7.0,0.0003649999999999999,-0.000196,False,False,False
3,/home/sunshixin/chenchao/my_rlaf/runs/analysis/echosat_symmetry_grpo_v1_7_acceptance_iter=50_canonical_low_warmup_wc3_per_instance.csv,1,subset_cardinality_bw8,perm_seed1730,subset_cardinality_bw8_perm1730,subset_cardinality,weak_symmetry,medium,main,weak,33,76,10.0,5.0,/home/sunshixin/chenchao/my_rlaf/runs/GNN_Glucose_3SAT_EchoSAT_SymmetryGRPO_v1_7_WC1_PositiveCap/iter=50.pt,0.000978,0.000978,110.0,76.0,True,0.00148,0.00148,127.0,80.0,True,0.001654,0.2306712576904296,100.0,79.0,True,0.001654,0.2330741848857998,100.0,79.0,True,0.000559,0.2626352842052578,119.0,76.0,True,True,True,0.001354,3.0,15.0,80.51530456542969,33,1.0986123085021973,True,0.030656099319458,-0.001095,0.029561099319457967,-0.0004189999999999999,0.2616572842052578,19.0,-3.0,0.0005020000000000001,0.0001740000000000001,True,True,False
3,/home/sunshixin/chenchao/my_rlaf/runs/analysis/echosat_symmetry_grpo_v1_7_acceptance_iter=50_canonical_low_warmup_wc3_per_instance.csv,1,subset_cardinality_bw8,perm_seed1731,subset_cardinality_bw8_perm1731,subset_cardinality,weak_symmetry,medium,main,weak,33,76,10.0,5.0,/home/sunshixin/chenchao/my_rlaf/runs/GNN_Glucose_3SAT_EchoSAT_SymmetryGRPO_v1_7_WC1_PositiveCap/iter=50.pt,0.000924,0.000924,91.0,70.0,True,0.001272,0.001272,102.0,79.0,True,0.000263,0.2292802576904297,81.0,70.0,True,0.000263,0.2315706457589864,81.0,70.0,True,0.0,0.2619637450784444,91.0,76.0,True,True,True,0.00135,3.0,12.0,79.57261657714844,33,1.0986123085021973,True,0.030656099319458,-0.000263,0.030393099319457995,-0.000924,0.2610397450784444,10.0,6.0,0.0003479999999999999,-0.001009,True,True,False
3,/home/sunshixin/chenchao/my_rlaf/runs/analysis/echosat_symmetry_grpo_v1_7_acceptance_iter=50_canonical_low_warmup_wc3_per_instance.csv,2,k10_color9,base,k10_color9,complete_coloring,strong_symmetry,large,main,strong,90,775,10.0,5.0,/home/sunshixin/chenchao/my_rlaf/runs/GNN_Glucose_3SAT_EchoSAT_SymmetryGRPO_v1_7_WC1_PositiveCap/iter=50.pt,4.22355,4.22355,340861.0,314066.0,True,4.21857,4.21857,322229.0,299168.0,True,4.41176,4.925078061828613,321840.0,298649.0,True,4.41176,4.930735379783988,321840.0,298649.0,True,3.49504,4.072529497978568,320878.0,297689.0,True,True,True,0.003498,3.0,9.0,195.45620727539065,90,1.0986123085021973,True,0.05851411819458,-0.9167200000000002,-0.8582058818054197,-0.7285100000000004,-0.15102050202143236,-962.0,-960.0,-0.004980000000000651,0.19319000000000042,True,True,True
3,/home/sunshixin/chenchao/my_rlaf/runs/analysis/echosat_symmetry_grpo_v1_7_acceptance_iter=50_canonical_low_warmup_wc3_per_instance.csv,2,k10_color9,perm_seed1730,k10_color9_perm1730,complete_coloring,strong_symmetry,large,main,strong,90,775,10.0,5.0,/home/sunshixin/chenchao/my_rlaf/runs/GNN_Glucose_3SAT_EchoSAT_SymmetryGRPO_v1_7_WC1_PositiveCap/iter=50.pt,4.9177,4.9177,413643.0,382655.0,True,4.21908,4.21908,283792.0,262594.0,True,3.82534,4.338658061828614,247778.0,229737.0,True,3.82534,4.350416052336335,247778.0,229737.0,True,3.80304,4.386630170530916,329760.0,309263.0,True,True,True,0.010589,3.0,9.0,194.30953979492188,90,1.0986123085021973,True,0.05851411819458,-0.022299999999999986,0.036214118194580536,-1.1146599999999998,-0.5310698294690841,81982.0,79526.0,-0.69862,-0.39373999999999976,True,True,True
3,/home/sunshixin/chenchao/my_rlaf/runs/analysis/echosat_symmetry_grpo_v1_7_acceptance_iter=50_canonical_low_warmup_wc3_per_instance.csv,2,k10_color9,perm_seed1731,k10_color9_perm1731,complete_coloring,strong_symmetry,large,main,strong,90,775,10.0,5.0,/home/sunshixin/chenchao/my_rlaf/runs/GNN_Glucose_3SAT_EchoSAT_SymmetryGRPO_v1_7_WC1_PositiveCap/iter=50.pt,4.09117,4.09117,340033.0,312592.0,True,3.95108,3.95108,290369.0,269757.0,True,3.95465,4.467968061828613,290369.0,269757.0,True,3.95465,4.481107850378752,290369.0,269757.0,True,5.04981,5.634781968573332,384998.0,361413.0,True,True,True,0.012075,3.0,9.0,193.47189331054688,90,1.0986123085021973,True,0.05851411819458,1.09516,1.15367411819458,0.9586399999999999,1.543611968573332,94629.0,91656.0,-0.14008999999999983,0.003569999999999851,False,False,False
3,/home/sunshixin/chenchao/my_rlaf/runs/analysis/echosat_symmetry_grpo_v1_7_acceptance_iter=50_canonical_low_warmup_wc3_per_instance.csv,2,k8_color7,base,k8_color7,complete_coloring,strong_symmetry,large,main,strong,56,372,10.0,5.0,/home/sunshixin/chenchao/my_rlaf/runs/GNN_Glucose_3SAT_EchoSAT_SymmetryGRPO_v1_7_WC1_PositiveCap/iter=50.pt,0.050596,0.050596,6158.0,5600.0,True,0.047627,0.047627,5946.0,5440.0,True,0.048036,0.5613540618286132,5946.0,5440.0,True,0.048036,0.5679866933098435,5946.0,5440.0,True,0.037278,0.6157428115044237,5475.0,5038.0,True,True,True,0.003599,3.0,7.0,125.01708984375,56,1.0986123085021973,True,0.05851411819458,-0.010758000000000004,0.047756118194580144,-0.013318000000000003,0.5651468115044237,-471.0,-402.0,-0.0029689999999999994,0.00040899999999999964,True,True,False
3,/home/sunshixin/chenchao/my_rlaf/runs/analysis/echosat_symmetry_grpo_v1_7_acceptance_iter=50_canonical_low_warmup_wc3_per_instance.csv,2,k8_color7,perm_seed1730,k8_color7_perm1730,complete_coloring,strong_symmetry,large,main,strong,56,372,10.0,5.0,/home/sunshixin/chenchao/my_rlaf/runs/GNN_Glucose_3SAT_EchoSAT_SymmetryGRPO_v1_7_WC1_PositiveCap/iter=50.pt,0.047322,0.047322,6138.0,5624.0,True,0.043755,0.043755,6264.0,5696.0,True,0.040757,0.5540750618286133,6264.0,5696.0,True,0.040757,0.5588843269546628,6264.0,5696.0,True,0.039517,0.6161584451492429,5486.0,5050.0,True,True,True,0.003656,3.0,7.0,125.1129913330078,56,1.0986123085021973,True,0.05851411819458,-0.001240000000000005,0.05727411819458006,-0.007805000000000006,0.5688364451492429,-778.0,-646.0,-0.0035670000000000007,-0.0029980000000000007,True,True,False
3,/home/sunshixin/chenchao/my_rlaf/runs/analysis/echosat_symmetry_grpo_v1_7_acceptance_iter=50_canonical_low_warmup_wc3_per_instance.csv,2,k8_color7,perm_seed1731,k8_color7_perm1731,complete_coloring,strong_symmetry,large,main,strong,56,372,10.0,5.0,/home/sunshixin/chenchao/my_rlaf/runs/GNN_Glucose_3SAT_EchoSAT_SymmetryGRPO_v1_7_WC1_PositiveCap/iter=50.pt,0.036655,0.036655,5800.0,5271.0,True,0.048301,0.048301,6148.0,5641.0,True,0.05853,0.5718480618286133,6148.0,5641.0,True,0.05853,0.5766235293465852,6148.0,5641.0,True,0.03611,0.6127176475411653,5943.0,5428.0,True,True,True,0.003675,3.0,7.0,125.51768493652344,56,1.0986123085021973,True,0.05851411819458,-0.022419999999999995,0.03609411819458008,-0.0005449999999999969,0.5760626475411653,-205.0,-213.0,0.011645999999999997,0.010229000000000002,True,True,False
3,/home/sunshixin/chenchao/my_rlaf/runs/analysis/echosat_symmetry_grpo_v1_7_acceptance_iter=50_canonical_low_warmup_wc3_per_instance.csv,2,k9_color8,base,k9_color8,complete_coloring,strong_symmetry,large,main,strong,72,549,10.0,5.0,/home/sunshixin/chenchao/my_rlaf/runs/GNN_Glucose_3SAT_EchoSAT_SymmetryGRPO_v1_7_WC1_PositiveCap/iter=50.pt,0.669584,0.669584,46557.0,43529.0,True,0.627656,0.627656,44352.0,41138.0,True,0.570737,1.084055061828613,43519.0,40436.0,True,0.570737,1.0937740909534095,43519.0,40436.0,True,0.41496,0.9965112091479896,39662.0,36951.0,True,True,True,0.008432,3.0,8.0,158.36375427246094,72,1.0986123085021973,True,0.05851411819458,-0.15577700000000005,-0.09726288180541987,-0.25462399999999996,0.3269272091479897,-3857.0,-3485.0,-0.041927999999999965,-0.05691899999999994,True,True,False
3,/home/sunshixin/chenchao/my_rlaf/runs/analysis/echosat_symmetry_grpo_v1_7_acceptance_iter=50_canonical_low_warmup_wc3_per_instance.csv,2,k9_color8,perm_seed1730,k9_color8_perm1730,complete_coloring,strong_symmetry,large,main,strong,72,549,10.0,5.0,/home/sunshixin/chenchao/my_rlaf/runs/GNN_Glucose_3SAT_EchoSAT_SymmetryGRPO_v1_7_WC1_PositiveCap/iter=50.pt,0.451559,0.451559,39708.0,36681.0,True,0.832812,0.832812,45794.0,42555.0,True,0.649812,1.1631300618286131,45794.0,42555.0,True,0.649812,1.1728050445363525,45794.0,42555.0,True,0.411362,0.9928691627309324,42716.0,39743.0,True,True,True,0.008399,3.0,10.0,157.64891052246094,72,1.0986123085021973,True,0.05851411819458,-0.23844999999999994,-0.17993588180542008,-0.04019699999999998,0.5413101627309325,-3078.0,-2812.0,0.381253,-0.18300000000000005,True,True,False
3,/home/sunshixin/chenchao/my_rlaf/runs/analysis/echosat_symmetry_grpo_v1_7_acceptance_iter=50_canonical_low_warmup_wc3_per_instance.csv,2,k9_color8,perm_seed1731,k9_color8_perm1731,complete_coloring,strong_symmetry,large,main,strong,72,549,10.0,5.0,/home/sunshixin/chenchao/my_rlaf/runs/GNN_Glucose_3SAT_EchoSAT_SymmetryGRPO_v1_7_WC1_PositiveCap/iter=50.pt,0.603485,0.603485,47177.0,43763.0,True,0.671921,0.671921,47579.0,44103.0,True,0.669516,0.960139664855957,47579.0,44103.0,True,0.669516,0.9661786787348984,47579.0,44103.0,True,0.517104,0.8814966286860704,43092.0,40198.0,True,True,True,0.004889,3.0,8.0,158.0809783935547,72,1.0986123085021973,True,0.0677299499511718,-0.152412,-0.084682050048828,-0.08638100000000004,0.2780116286860703,-4487.0,-3905.0,0.06843599999999994,-0.0024049999999999905,True,True,False
3,/home/sunshixin/chenchao/my_rlaf/runs/analysis/echosat_symmetry_grpo_v1_7_acceptance_iter=50_canonical_low_warmup_wc3_per_instance.csv,2,php_p10_h9,base,php_p10_h9,php,strong_symmetry,large,main,strong,90,775,10.0,5.0,/home/sunshixin/chenchao/my_rlaf/runs/GNN_Glucose_3SAT_EchoSAT_SymmetryGRPO_v1_7_WC1_PositiveCap/iter=50.pt,4.23619,4.23619,340861.0,314066.0,True,4.34614,4.34614,322229.0,299168.0,True,4.13125,4.421873664855957,321840.0,298649.0,True,4.13125,4.429494627795934,321840.0,298649.0,True,3.90105,4.267024577747106,320878.0,297689.0,True,True,True,0.006342,3.0,9.0,195.45620727539065,90,1.0986123085021973,True,0.0677299499511718,-0.23019999999999952,-0.16247005004882809,-0.33513999999999955,0.03083457774710663,-962.0,-960.0,0.10995000000000044,-0.21489000000000047,True,True,False
3,/home/sunshixin/chenchao/my_rlaf/runs/analysis/echosat_symmetry_grpo_v1_7_acceptance_iter=50_canonical_low_warmup_wc3_per_instance.csv,2,php_p10_h9,perm_seed1730,php_p10_h9_perm1730,php,strong_symmetry,large,main,strong,90,775,10.0,5.0,/home/sunshixin/chenchao/my_rlaf/runs/GNN_Glucose_3SAT_EchoSAT_SymmetryGRPO_v1_7_WC1_PositiveCap/iter=50.pt,5.00221,5.00221,413643.0,382655.0,True,4.28544,4.28544,283792.0,262594.0,True,3.77409,4.064713664855957,247778.0,229737.0,True,3.77409,4.071165309879899,247778.0,229737.0,True,4.17581,4.540615259831071,367014.0,343397.0,True,True,True,0.005217,3.0,9.0,194.30953979492188,90,1.0986123085021973,True,0.0677299499511718,0.4017200000000001,0.46944994995117195,-0.8263999999999996,-0.46159474016892865,119236.0,113660.0,-0.7167699999999995,-0.5113500000000002,False,True,True
3,/home/sunshixin/chenchao/my_rlaf/runs/analysis/echosat_symmetry_grpo_v1_7_acceptance_iter=50_canonical_low_warmup_wc3_per_instance.csv,2,php_p10_h9,perm_seed1731,php_p10_h9_perm1731,php,strong_symmetry,large,main,strong,90,775,10.0,5.0,/home/sunshixin/chenchao/my_rlaf/runs/GNN_Glucose_3SAT_EchoSAT_SymmetryGRPO_v1_7_WC1_PositiveCap/iter=50.pt,4.34118,4.34118,340033.0,312592.0,True,4.16186,4.16186,290369.0,269757.0,True,3.94455,4.235173664855957,290369.0,269757.0,True,3.94455,4.243737422247768,290369.0,269757.0,True,4.97915,5.346067372198939,384998.0,361413.0,True,True,True,0.007249,3.0,9.0,193.47189331054688,90,1.0986123085021973,True,0.0677299499511718,1.0345999999999997,1.1023299499511712,0.6379700000000001,1.0048873721989393,94629.0,91656.0,-0.1793199999999997,-0.2173099999999999,False,False,False
3,/home/sunshixin/chenchao/my_rlaf/runs/analysis/echosat_symmetry_grpo_v1_7_acceptance_iter=50_canonical_low_warmup_wc3_per_instance.csv,2,php_p9_h8,base,php_p9_h8,php,strong_symmetry,large,main,strong,72,549,10.0,5.0,/home/sunshixin/chenchao/my_rlaf/runs/GNN_Glucose_3SAT_EchoSAT_SymmetryGRPO_v1_7_WC1_PositiveCap/iter=50.pt,0.682937,0.682937,46557.0,43529.0,True,0.636537,0.636537,44352.0,41138.0,True,0.572952,0.863575664855957,43519.0,40436.0,True,0.572952,0.8685495833200216,43519.0,40436.0,True,0.429709,0.7930365332711935,39662.0,36951.0,True,True,True,0.003818,3.0,8.0,158.36375427246094,72,1.0986123085021973,True,0.0677299499511718,-0.143243,-0.07551305004882813,-0.253228,0.11009953327119348,-3857.0,-3485.0,-0.0464,-0.063585,True,True,False
3,/home/sunshixin/chenchao/my_rlaf/runs/analysis/echosat_symmetry_grpo_v1_7_acceptance_iter=50_canonical_low_warmup_wc3_per_instance.csv,2,php_p9_h8,perm_seed1730,php_p9_h8_perm1730,php,strong_symmetry,large,main,strong,72,549,10.0,5.0,/home/sunshixin/chenchao/my_rlaf/runs/GNN_Glucose_3SAT_EchoSAT_SymmetryGRPO_v1_7_WC1_PositiveCap/iter=50.pt,0.463011,0.463011,39708.0,36681.0,True,0.681164,0.681164,45794.0,42555.0,True,0.676432,0.9670556648559572,45794.0,42555.0,True,0.676432,0.9720448303978444,45794.0,42555.0,True,0.433154,0.7964967803490162,42716.0,39743.0,True,True,True,0.003766,3.0,10.0,157.64891052246094,72,1.0986123085021973,True,0.0677299499511718,-0.24327800000000005,-0.17554805004882823,-0.029857000000000022,0.33348578034901616,-3078.0,-2812.0,0.21815299999999999,-0.0047319999999999585,True,True,False
3,/home/sunshixin/chenchao/my_rlaf/runs/analysis/echosat_symmetry_grpo_v1_7_acceptance_iter=50_canonical_low_warmup_wc3_per_instance.csv,2,php_p9_h8,perm_seed1731,php_p9_h8_perm1731,php,strong_symmetry,large,main,strong,72,549,10.0,5.0,/home/sunshixin/chenchao/my_rlaf/runs/GNN_Glucose_3SAT_EchoSAT_SymmetryGRPO_v1_7_WC1_PositiveCap/iter=50.pt,0.634538,0.634538,47177.0,43763.0,True,0.678302,0.678302,47579.0,44103.0,True,0.672232,0.9628556648559572,47579.0,44103.0,True,0.672232,0.9680480639290214,47579.0,44103.0,True,0.51838,0.8819260138801932,43092.0,40198.0,True,True,True,0.003877,3.0,8.0,158.0809783935547,72,1.0986123085021973,True,0.0677299499511718,-0.1538520000000001,-0.08612205004882822,-0.1161580000000001,0.24738801388019316,-4487.0,-3905.0,0.043763999999999914,-0.006069999999999909,True,True,False
3,/home/sunshixin/chenchao/my_rlaf/runs/analysis/echosat_symmetry_grpo_v1_7_acceptance_iter=50_canonical_low_warmup_wc3_per_instance.csv,2,random_3sat_control_v160_c704_seed2615,base,random_3sat_control_v160_c704_seed2615,random_3sat_control,non_symmetric_control,large,control,none,160,704,10.0,5.0,/home/sunshixin/chenchao/my_rlaf/runs/GNN_Glucose_3SAT_EchoSAT_SymmetryGRPO_v1_7_WC1_PositiveCap/iter=50.pt,0.059861,0.059861,6771.0,5767.0,True,0.052632,0.052632,5702.0,4813.0,True,0.043029,0.333652664855957,4859.0,4212.0,True,0.043029,0.3399556148487925,4859.0,4212.0,True,0.051386,0.4160425647999644,5400.0,4612.0,True,False,False,0.005012,3.0,22.0,360.5569458007813,160,1.0986123085021973,True,0.0677299499511718,0.008357000000000003,0.07608694995117188,-0.008474999999999996,0.3561815647999644,541.0,400.0,-0.007228999999999999,-0.009603,False,True,False
3,/home/sunshixin/chenchao/my_rlaf/runs/analysis/echosat_symmetry_grpo_v1_7_acceptance_iter=50_canonical_low_warmup_wc3_per_instance.csv,2,random_3sat_control_v160_c704_seed2615,perm_seed1730,random_3sat_control_v160_c704_seed2615_perm1730,random_3sat_control,non_symmetric_control,large,control,none,160,704,10.0,5.0,/home/sunshixin/chenchao/my_rlaf/runs/GNN_Glucose_3SAT_EchoSAT_SymmetryGRPO_v1_7_WC1_PositiveCap/iter=50.pt,0.103207,0.103207,8522.0,7299.0,True,0.088667,0.088667,7934.0,6809.0,True,0.043894,0.7892982434692383,4602.0,4008.0,True,0.043894,0.7942250422079563,4602.0,4008.0,True,0.05174,0.8822447730581761,5575.0,4694.0,True,False,False,0.003533,3.0,22.0,363.3272399902344,160,1.0986123085021973,True,0.0801737308502197,0.007845999999999999,0.08801973085021975,-0.05146699999999999,0.7790377730581761,973.0,686.0,-0.014539999999999997,-0.04477299999999999,False,True,False
3,/home/sunshixin/chenchao/my_rlaf/runs/analysis/echosat_symmetry_grpo_v1_7_acceptance_iter=50_canonical_low_warmup_wc3_per_instance.csv,2,random_3sat_control_v160_c704_seed2615,perm_seed1731,random_3sat_control_v160_c704_seed2615_perm1731,random_3sat_control,non_symmetric_control,large,control,none,160,704,10.0,5.0,/home/sunshixin/chenchao/my_rlaf/runs/GNN_Glucose_3SAT_EchoSAT_SymmetryGRPO_v1_7_WC1_PositiveCap/iter=50.pt,0.04697,0.04697,5676.0,4847.0,True,0.101325,0.101325,8017.0,6851.0,True,0.052467,0.7978712434692383,4961.0,4384.0,True,0.052467,0.799549185932994,4961.0,4384.0,True,0.045064,0.8723199167832136,4925.0,4142.0,True,False,False,0.000275,3.0,22.0,364.4381408691406,160,1.0986123085021973,True,0.0801737308502197,-0.007403,0.07277073085021968,-0.001905999999999998,0.8253499167832137,-36.0,-242.0,0.054355,-0.048858,True,True,False
3,/home/sunshixin/chenchao/my_rlaf/runs/analysis/echosat_symmetry_grpo_v1_7_acceptance_iter=50_canonical_low_warmup_wc3_per_instance.csv,2,random_3sat_control_v180_c760_seed3301,base,random_3sat_control_v180_c760_seed3301,random_3sat_control,non_symmetric_control,large,control,none,180,760,10.0,5.0,/home/sunshixin/chenchao/my_rlaf/runs/GNN_Glucose_3SAT_EchoSAT_SymmetryGRPO_v1_7_WC1_PositiveCap/iter=50.pt,0.496837,0.496837,27442.0,23617.0,True,0.179391,0.179391,10470.0,8910.0,True,0.008959,0.7543632434692383,693.0,567.0,True,0.008959,0.7594897950115205,693.0,567.0,True,0.147291,0.97799552586174,12622.0,10794.0,True,False,False,0.003785,3.0,28.0,430.4636840820313,180,1.0986123085021973,True,0.0801737308502197,0.138332,0.21850573085021952,-0.34954599999999997,0.48115852586174,11929.0,10227.0,-0.317446,-0.170432,False,True,False
3,/home/sunshixin/chenchao/my_rlaf/runs/analysis/echosat_symmetry_grpo_v1_7_acceptance_iter=50_canonical_low_warmup_wc3_per_instance.csv,2,random_3sat_control_v180_c760_seed3301,perm_seed1730,random_3sat_control_v180_c760_seed3301_perm1730,random_3sat_control,non_symmetric_control,large,control,none,180,760,10.0,5.0,/home/sunshixin/chenchao/my_rlaf/runs/GNN_Glucose_3SAT_EchoSAT_SymmetryGRPO_v1_7_WC1_PositiveCap/iter=50.pt,1.05031,1.05031,47649.0,41152.0,True,0.085784,0.085784,7421.0,6253.0,True,0.004047,0.7494512434692383,643.0,525.0,True,0.004047,0.7545438377609849,643.0,525.0,True,0.198662,1.0293325686112045,14777.0,12731.0,True,False,False,0.003763,3.0,28.0,431.2578125,180,1.0986123085021973,True,0.0801737308502197,0.194615,0.2747887308502196,-0.8516480000000001,-0.020977431388795598,14134.0,12206.0,-0.9645260000000001,-0.081737,False,True,True
3,/home/sunshixin/chenchao/my_rlaf/runs/analysis/echosat_symmetry_grpo_v1_7_acceptance_iter=50_canonical_low_warmup_wc3_per_instance.csv,2,random_3sat_control_v180_c760_seed3301,perm_seed1731,random_3sat_control_v180_c760_seed3301_perm1731,random_3sat_control,non_symmetric_control,large,control,none,180,760,10.0,5.0,/home/sunshixin/chenchao/my_rlaf/runs/GNN_Glucose_3SAT_EchoSAT_SymmetryGRPO_v1_7_WC1_PositiveCap/iter=50.pt,0.49353,0.49353,27197.0,23469.0,True,0.126855,0.126855,9011.0,7714.0,True,0.011893,0.7572972434692383,590.0,484.0,True,0.011893,0.7632235972858668,590.0,484.0,True,0.203823,1.0353273281360864,13820.0,12036.0,True,False,False,0.004439,3.0,28.0,430.8958129882813,180,1.0986123085021973,True,0.0801737308502197,0.19193,0.27210373085021966,-0.28970700000000005,0.5417973281360864,13230.0,11552.0,-0.36667500000000003,-0.114962,False,True,False
3,/home/sunshixin/chenchao/my_rlaf/runs/analysis/echosat_symmetry_grpo_v1_7_acceptance_iter=50_canonical_low_warmup_wc3_per_instance.csv,2,random_3sat_control_v220_c928_seed3303,base,random_3sat_control_v220_c928_seed3303,random_3sat_control,non_symmetric_control,large,control,none,220,928,10.0,5.0,/home/sunshixin/chenchao/my_rlaf/runs/GNN_Glucose_3SAT_EchoSAT_SymmetryGRPO_v1_7_WC1_PositiveCap/iter=50.pt,0.724835,0.724835,30277.0,25994.0,True,0.536583,0.536583,22265.0,19025.0,True,0.00048,0.7458842434692383,62.0,4.0,True,0.00048,0.7514458263575435,62.0,4.0,True,0.003735,0.8348745572077633,324.0,241.0,True,False,False,0.004109,3.0,39.0,455.798828125,220,1.0986123085021973,True,0.0801737308502197,0.003255,0.08342873085021973,-0.7211,0.11003955720776326,262.0,237.0,-0.18825199999999997,-0.536103,False,True,False
3,/home/sunshixin/chenchao/my_rlaf/runs/analysis/echosat_symmetry_grpo_v1_7_acceptance_iter=50_canonical_low_warmup_wc3_per_instance.csv,2,random_3sat_control_v220_c928_seed3303,perm_seed1730,random_3sat_control_v220_c928_seed3303_perm1730,random_3sat_control,non_symmetric_control,large,control,none,220,928,10.0,5.0,/home/sunshixin/chenchao/my_rlaf/runs/GNN_Glucose_3SAT_EchoSAT_SymmetryGRPO_v1_7_WC1_PositiveCap/iter=50.pt,1.62526,1.62526,52742.0,45477.0,True,0.201086,0.201086,13039.0,11071.0,True,0.003953,0.7493572434692383,62.0,4.0,True,0.003953,0.7511814981360435,62.0,4.0,True,0.008762,0.8361642289862633,388.0,282.0,True,False,False,0.000424,3.0,39.0,453.5053405761719,220,1.0986123085021973,True,0.0801737308502197,0.004809000000000001,0.08498273085021979,-1.616498,-0.7890957710137366,326.0,278.0,-1.4241739999999998,-0.19713299999999997,False,True,True
3,/home/sunshixin/chenchao/my_rlaf/runs/analysis/echosat_symmetry_grpo_v1_7_acceptance_iter=50_canonical_low_warmup_wc3_per_instance.csv,2,random_3sat_control_v220_c928_seed3303,perm_seed1731,random_3sat_control_v220_c928_seed3303_perm1731,random_3sat_control,non_symmetric_control,large,control,none,220,928,10.0,5.0,/home/sunshixin/chenchao/my_rlaf/runs/GNN_Glucose_3SAT_EchoSAT_SymmetryGRPO_v1_7_WC1_PositiveCap/iter=50.pt,0.05611,0.05611,4930.0,4147.0,True,0.445387,0.445387,19684.0,16814.0,True,0.003003,0.7484072434692383,63.0,4.0,True,0.003003,0.7540356276780367,63.0,4.0,True,0.003101,0.8343073585282564,393.0,249.0,True,False,False,0.004247,3.0,39.0,458.748046875,220,1.0986123085021973,True,0.0801737308502197,9.8e-05,0.08027173085021977,-0.053009,0.7781973585282564,330.0,245.0,0.389277,-0.442384,False,True,False
3,/home/sunshixin/chenchao/my_rlaf/runs/analysis/echosat_symmetry_grpo_v1_7_acceptance_iter=50_canonical_low_warmup_wc3_per_instance.csv,2,random_3sat_control_v220_c942_seed3304,base,random_3sat_control_v220_c942_seed3304,random_3sat_control,non_symmetric_control,large,control,none,220,942,10.0,5.0,/home/sunshixin/chenchao/my_rlaf/runs/GNN_Glucose_3SAT_EchoSAT_SymmetryGRPO_v1_7_WC1_PositiveCap/iter=50.pt,0.663577,0.663577,35472.0,30813.0,True,1.06151,1.06151,41376.0,36046.0,True,0.469437,0.6665321557159424,26754.0,23980.0,True,0.469437,0.6724855903204083,26754.0,23980.0,True,0.860682,1.1450165438421367,40521.0,36417.0,True,False,False,0.004436,3.0,26.0,416.5282897949219,220,1.0986123085021973,True,0.0812859535217285,0.39124499999999995,0.47253095352172836,0.19710499999999997,0.4814395438421367,13767.0,12437.0,0.397933,-0.592073,False,False,False
3,/home/sunshixin/chenchao/my_rlaf/runs/analysis/echosat_symmetry_grpo_v1_7_acceptance_iter=50_canonical_low_warmup_wc3_per_instance.csv,2,random_3sat_control_v220_c942_seed3304,perm_seed1730,random_3sat_control_v220_c942_seed3304_perm1730,random_3sat_control,non_symmetric_control,large,control,none,220,942,10.0,5.0,/home/sunshixin/chenchao/my_rlaf/runs/GNN_Glucose_3SAT_EchoSAT_SymmetryGRPO_v1_7_WC1_PositiveCap/iter=50.pt,0.664067,0.664067,34825.0,30052.0,True,0.633891,0.633891,33221.0,28818.0,True,0.459426,0.6565211557159424,26445.0,23804.0,True,0.459426,0.6624778185793757,26445.0,23804.0,True,0.772368,1.0567057721011044,41164.0,36824.0,True,False,False,0.004489,3.0,26.0,423.32037353515625,220,1.0986123085021973,True,0.0812859535217285,0.31294200000000005,0.3942279535217287,0.10830100000000009,0.3926387721011044,14719.0,13020.0,-0.03017599999999998,-0.17446499999999998,False,False,False
3,/home/sunshixin/chenchao/my_rlaf/runs/analysis/echosat_symmetry_grpo_v1_7_acceptance_iter=50_canonical_low_warmup_wc3_per_instance.csv,2,random_3sat_control_v220_c942_seed3304,perm_seed1731,random_3sat_control_v220_c942_seed3304_perm1731,random_3sat_control,non_symmetric_control,large,control,none,220,942,10.0,5.0,/home/sunshixin/chenchao/my_rlaf/runs/GNN_Glucose_3SAT_EchoSAT_SymmetryGRPO_v1_7_WC1_PositiveCap/iter=50.pt,0.708754,0.708754,38737.0,33758.0,True,0.794438,0.794438,38909.0,33544.0,True,0.417956,0.6150511557159424,26149.0,23448.0,True,0.417956,0.6183671839222908,26149.0,23448.0,True,0.719676,1.0013731374440191,39928.0,35906.0,True,False,False,0.001905,3.0,26.0,418.775390625,220,1.0986123085021973,True,0.0812859535217285,0.30172,0.3830059535217283,0.010921999999999987,0.29261913744401913,13779.0,12458.0,0.08568399999999998,-0.376482,False,False,False
3,/home/sunshixin/chenchao/my_rlaf/runs/analysis/echosat_symmetry_grpo_v1_7_acceptance_iter=50_canonical_low_warmup_wc3_per_instance.csv,2,random_3sat_control_v260_c1097_seed3305,base,random_3sat_control_v260_c1097_seed3305,random_3sat_control,non_symmetric_control,large,control,none,260,1097,10.0,5.0,/home/sunshixin/chenchao/my_rlaf/runs/GNN_Glucose_3SAT_EchoSAT_SymmetryGRPO_v1_7_WC1_PositiveCap/iter=50.pt,6.84113,6.84113,216854.0,188499.0,True,2.61898,2.61898,73626.0,64181.0,True,1.48187,1.6789651557159424,60642.0,54350.0,True,1.48187,1.6859015401780606,60642.0,54350.0,True,0.70138,0.986697493699789,32342.0,28420.0,True,False,False,0.00543,3.0,35.0,492.83697509765625,260,1.0986123085021973,True,0.0812859535217285,-0.78049,-0.6992040464782716,-6.139749999999999,-5.854432506300211,-28300.0,-25930.0,-4.222149999999999,-1.13711,True,True,True
3,/home/sunshixin/chenchao/my_rlaf/runs/analysis/echosat_symmetry_grpo_v1_7_acceptance_iter=50_canonical_low_warmup_wc3_per_instance.csv,2,random_3sat_control_v260_c1097_seed3305,perm_seed1730,random_3sat_control_v260_c1097_seed3305_perm1730,random_3sat_control,non_symmetric_control,large,control,none,260,1097,10.0,5.0,/home/sunshixin/chenchao/my_rlaf/runs/GNN_Glucose_3SAT_EchoSAT_SymmetryGRPO_v1_7_WC1_PositiveCap/iter=50.pt,7.38824,7.38824,224505.0,195557.0,True,0.603482,0.603482,27246.0,23387.0,True,1.5973,1.7943951557159423,60686.0,54724.0,True,1.5973,1.8032962586093544,60686.0,54724.0,True,0.815641,1.102923212131083,40444.0,35663.0,True,False,False,0.007191,3.0,35.0,494.8829650878906,260,1.0986123085021973,True,0.0812859535217285,-0.781659,-0.7003730464782714,-6.572598999999999,-6.285316787868917,-20242.0,-19061.0,-6.784758,0.993818,True,True,True
3,/home/sunshixin/chenchao/my_rlaf/runs/analysis/echosat_symmetry_grpo_v1_7_acceptance_iter=50_canonical_low_warmup_wc3_per_instance.csv,2,random_3sat_control_v260_c1097_seed3305,perm_seed1731,random_3sat_control_v260_c1097_seed3305_perm1731,random_3sat_control,non_symmetric_control,large,control,none,260,1097,10.0,5.0,/home/sunshixin/chenchao/my_rlaf/runs/GNN_Glucose_3SAT_EchoSAT_SymmetryGRPO_v1_7_WC1_PositiveCap/iter=50.pt,3.85018,3.85018,105916.0,92052.0,True,5.2642,5.2642,162997.0,142194.0,True,1.1778,1.3748951557159423,48534.0,43247.0,True,1.1778,1.3792144145601988,48534.0,43247.0,True,1.03469,1.3173903680819274,42143.0,37319.0,True,False,False,0.002615,3.0,35.0,493.7220764160156,260,1.0986123085021973,True,0.0812859535217285,-0.14310999999999985,-0.06182404647827133,-2.8154899999999996,-2.5327896319180727,-6391.0,-5928.0,1.4140199999999998,-4.086399999999999,True,True,True
3,/home/sunshixin/chenchao/my_rlaf/runs/analysis/echosat_symmetry_grpo_v1_7_acceptance_iter=50_canonical_low_warmup_wc3_per_instance.csv,2,random_3sat_control_v260_c1113_seed3306,base,random_3sat_control_v260_c1113_seed3306,random_3sat_control,non_symmetric_control,large,control,none,260,1113,10.0,5.0,/home/sunshixin/chenchao/my_rlaf/runs/GNN_Glucose_3SAT_EchoSAT_SymmetryGRPO_v1_7_WC1_PositiveCap/iter=50.pt,5.74455,5.74455,178146.0,155541.0,True,5.92727,5.92727,186876.0,163308.0,True,6.16932,6.366415155715942,226200.0,205404.0,True,6.16932,6.374531657625735,226200.0,205404.0,True,6.84071,7.127207611147463,269374.0,237868.0,True,False,False,0.006505,3.0,34.0,480.0674743652344,260,0.6931471824645996,True,0.0812859535217285,0.6713899999999997,0.7526759535217273,1.0961599999999994,1.3826576111474624,43174.0,32464.0,0.18271999999999977,0.24204999999999988,False,False,False
3,/home/sunshixin/chenchao/my_rlaf/runs/analysis/echosat_symmetry_grpo_v1_7_acceptance_iter=50_canonical_low_warmup_wc3_per_instance.csv,2,random_3sat_control_v260_c1113_seed3306,perm_seed1730,random_3sat_control_v260_c1113_seed3306_perm1730,random_3sat_control,non_symmetric_control,large,control,none,260,1113,10.0,5.0,/home/sunshixin/chenchao/my_rlaf/runs/GNN_Glucose_3SAT_EchoSAT_SymmetryGRPO_v1_7_WC1_PositiveCap/iter=50.pt,5.01455,5.01455,171334.0,149746.0,True,6.83878,6.83878,206936.0,180741.0,True,5.49313,5.690225155715942,206101.0,186162.0,True,5.49313,5.698209787584483,206101.0,186162.0,True,6.38533,6.671695741106212,268641.0,236554.0,True,False,False,0.006429,3.0,34.0,478.7396240234375,260,0.6931471824645996,True,0.0812859535217285,0.8921999999999999,0.9734859535217284,1.3707799999999999,1.6571457411062118,62540.0,50392.0,1.82423,-1.34565,False,False,False
3,/home/sunshixin/chenchao/my_rlaf/runs/analysis/echosat_symmetry_grpo_v1_7_acceptance_iter=50_canonical_low_warmup_wc3_per_instance.csv,2,random_3sat_control_v260_c1113_seed3306,perm_seed1731,random_3sat_control_v260_c1113_seed3306_perm1731,random_3sat_control,non_symmetric_control,large,control,none,260,1113,10.0,5.0,/home/sunshixin/chenchao/my_rlaf/runs/GNN_Glucose_3SAT_EchoSAT_SymmetryGRPO_v1_7_WC1_PositiveCap/iter=50.pt,6.47366,6.47366,202621.0,177648.0,True,6.76058,6.76058,214985.0,187707.0,True,6.04622,6.559799845428467,217745.0,196903.0,True,6.04622,6.566272479311943,217745.0,196903.0,True,7.30971,7.91180493498516,276640.0,244237.0,True,False,False,0.004897,3.0,34.0,481.5274658203125,260,0.6931471824645996,True,0.0820424556732177,1.26349,1.3455324556732169,0.8360500000000002,1.4381449349851598,58895.0,47334.0,0.2869200000000003,-0.7143600000000001,False,False,False
3,/home/sunshixin/chenchao/my_rlaf/runs/analysis/echosat_symmetry_grpo_v1_7_acceptance_iter=50_canonical_low_warmup_wc3_per_instance.csv,2,random_3sat_control_v300_c1266_seed3307,base,random_3sat_control_v300_c1266_seed3307,random_3sat_control,non_symmetric_control,large,control,none,300,1266,10.0,5.0,/home/sunshixin/chenchao/my_rlaf/runs/GNN_Glucose_3SAT_EchoSAT_SymmetryGRPO_v1_7_WC1_PositiveCap/iter=50.pt,0.223106,0.223106,12894.0,10895.0,True,2.50066,2.50066,71356.0,61376.0,True,0.008571,0.5221508454284668,288.0,182.0,True,0.008571,0.5319138519932628,288.0,182.0,True,0.043177,0.6485623076664806,2446.0,1976.0,True,False,False,0.008167,3.0,48.0,628.0397338867188,300,1.0986123085021973,True,0.0820424556732177,0.034606,0.1166484556732178,-0.179929,0.42545630766648057,2158.0,1794.0,2.277554,-2.492089,False,True,False
3,/home/sunshixin/chenchao/my_rlaf/runs/analysis/echosat_symmetry_grpo_v1_7_acceptance_iter=50_canonical_low_warmup_wc3_per_instance.csv,2,random_3sat_control_v300_c1266_seed3307,perm_seed1730,random_3sat_control_v300_c1266_seed3307_perm1730,random_3sat_control,non_symmetric_control,large,control,none,300,1266,10.0,5.0,/home/sunshixin/chenchao/my_rlaf/runs/GNN_Glucose_3SAT_EchoSAT_SymmetryGRPO_v1_7_WC1_PositiveCap/iter=50.pt,1.27058,1.27058,43103.0,37339.0,True,2.46782,2.46782,63498.0,54506.0,True,0.008944,0.5225238454284667,321.0,205.0,True,0.008944,0.5303062880926728,321.0,205.0,True,0.047439,0.6508437437658906,3066.0,2476.0,True,False,False,0.006185,3.0,48.0,619.230712890625,300,1.0986123085021973,True,0.0820424556732177,0.038495,0.12053745567321783,-1.223141,-0.6197362562341094,2745.0,2271.0,1.19724,-2.458876,False,True,True
3,/home/sunshixin/chenchao/my_rlaf/runs/analysis/echosat_symmetry_grpo_v1_7_acceptance_iter=50_canonical_low_warmup_wc3_per_instance.csv,2,random_3sat_control_v300_c1266_seed3307,perm_seed1731,random_3sat_control_v300_c1266_seed3307_perm1731,random_3sat_control,non_symmetric_control,large,control,none,300,1266,10.0,5.0,/home/sunshixin/chenchao/my_rlaf/runs/GNN_Glucose_3SAT_EchoSAT_SymmetryGRPO_v1_7_WC1_PositiveCap/iter=50.pt,2.05684,2.05684,66962.0,57424.0,True,0.112145,0.112145,7524.0,6304.0,True,0.009154,0.5227338454284668,375.0,247.0,True,0.009154,0.5304762660967708,375.0,247.0,True,0.039157,0.6425217217699886,2498.0,1946.0,True,False,False,0.00619,3.0,48.0,626.5236206054688,300,1.0986123085021973,True,0.0820424556732177,0.030002999999999995,0.11204545567321778,-2.017683,-1.4143182782300112,2123.0,1699.0,-1.9446949999999998,-0.102991,False,True,True
3,/home/sunshixin/chenchao/my_rlaf/runs/analysis/echosat_symmetry_grpo_v1_7_acceptance_iter=50_canonical_low_warmup_wc3_per_instance.csv,2,subset_cardinality_bw10,base,subset_cardinality_bw10,subset_cardinality,weak_symmetry,large,main,weak,41,92,10.0,5.0,/home/sunshixin/chenchao/my_rlaf/runs/GNN_Glucose_3SAT_EchoSAT_SymmetryGRPO_v1_7_WC1_PositiveCap/iter=50.pt,0.001645,0.001645,193.0,141.0,True,0.001941,0.001941,237.0,193.0,True,0.001748,0.5153278454284668,162.0,142.0,True,0.001748,0.518091028562963,162.0,142.0,True,0.003801,0.6021864842361808,186.0,159.0,True,True,True,0.00137,3.0,8.0,94.86821746826172,41,1.0986123085021973,True,0.0820424556732177,0.002053,0.08409545567321786,0.002156,0.6005414842361808,24.0,17.0,0.00029600000000000004,-0.00019300000000000003,False,False,False
3,/home/sunshixin/chenchao/my_rlaf/runs/analysis/echosat_symmetry_grpo_v1_7_acceptance_iter=50_canonical_low_warmup_wc3_per_instance.csv,2,subset_cardinality_bw10,perm_seed1730,subset_cardinality_bw10_perm1730,subset_cardinality,weak_symmetry,large,main,weak,41,92,10.0,5.0,/home/sunshixin/chenchao/my_rlaf/runs/GNN_Glucose_3SAT_EchoSAT_SymmetryGRPO_v1_7_WC1_PositiveCap/iter=50.pt,0.000937,0.000937,218.0,167.0,True,0.0,0.0,221.0,169.0,True,0.001517,0.5150968454284668,156.0,137.0,True,0.001517,0.5184559453213811,156.0,137.0,True,0.0,0.5989814009945988,177.0,145.0,True,True,True,0.001034,3.0,10.0,98.69181823730467,41,1.0986123085021973,True,0.0820424556732177,-0.001517,0.08052545567321778,-0.000937,0.5980444009945989,21.0,8.0,-0.000937,0.001517,True,True,False
3,/home/sunshixin/chenchao/my_rlaf/runs/analysis/echosat_symmetry_grpo_v1_7_acceptance_iter=50_canonical_low_warmup_wc3_per_instance.csv,2,subset_cardinality_bw10,perm_seed1731,subset_cardinality_bw10_perm1731,subset_cardinality,weak_symmetry,large,main,weak,41,92,10.0,5.0,/home/sunshixin/chenchao/my_rlaf/runs/GNN_Glucose_3SAT_EchoSAT_SymmetryGRPO_v1_7_WC1_PositiveCap/iter=50.pt,0.001673,0.001673,202.0,147.0,True,0.000344,0.000344,247.0,155.0,True,0.001781,0.5153608454284668,203.0,164.0,True,0.001781,0.5182310877300501,203.0,164.0,True,0.002306,0.6007985434032679,215.0,153.0,True,True,True,0.001351,3.0,7.0,87.48927307128906,41,1.0986123085021973,True,0.0820424556732177,0.0005249999999999999,0.08256745567321777,0.0006329999999999999,0.5991255434032678,12.0,-11.0,-0.0013289999999999999,0.001437,False,False,False
3,/home/sunshixin/chenchao/my_rlaf/runs/analysis/echosat_symmetry_grpo_v1_7_acceptance_iter=50_canonical_low_warmup_wc3_per_instance.csv,2,subset_cardinality_bw12,base,subset_cardinality_bw12,subset_cardinality,weak_symmetry,large,main,weak,49,108,10.0,5.0,/home/sunshixin/chenchao/my_rlaf/runs/GNN_Glucose_3SAT_EchoSAT_SymmetryGRPO_v1_7_WC1_PositiveCap/iter=50.pt,0.002389,0.002389,442.0,342.0,True,0.002724,0.002724,491.0,414.0,True,0.002176,0.5157558454284668,384.0,312.0,True,0.002176,0.5182215780559182,384.0,312.0,True,0.004547,0.602635033729136,423.0,304.0,True,True,True,0.001529,3.0,12.0,104.73371887207033,49,0.6931471824645996,True,0.0820424556732177,0.002371,0.08441345567321779,0.0021579999999999998,0.600246033729136,39.0,-8.0,0.0003349999999999998,-0.0005479999999999999,False,False,False
3,/home/sunshixin/chenchao/my_rlaf/runs/analysis/echosat_symmetry_grpo_v1_7_acceptance_iter=50_canonical_low_warmup_wc3_per_instance.csv,2,subset_cardinality_bw12,perm_seed1730,subset_cardinality_bw12_perm1730,subset_cardinality,weak_symmetry,large,main,weak,49,108,10.0,5.0,/home/sunshixin/chenchao/my_rlaf/runs/GNN_Glucose_3SAT_EchoSAT_SymmetryGRPO_v1_7_WC1_PositiveCap/iter=50.pt,0.000822,0.000822,440.0,329.0,True,0.002259,0.002259,397.0,314.0,True,0.002061,0.0427766944274902,343.0,268.0,True,0.002061,0.0441182778638005,343.0,268.0,True,0.003016,0.0751528810589909,389.0,311.0,True,True,True,0.000398,3.0,9.0,101.82083892822266,49,1.0986123085021973,True,0.0300796031951904,0.0009550000000000001,0.0310346031951904,0.0021939999999999998,0.0743308810589909,46.0,43.0,0.0014370000000000001,-0.00019800000000000026,False,False,False
3,/home/sunshixin/chenchao/my_rlaf/runs/analysis/echosat_symmetry_grpo_v1_7_acceptance_iter=50_canonical_low_warmup_wc3_per_instance.csv,2,subset_cardinality_bw12,perm_seed1731,subset_cardinality_bw12_perm1731,subset_cardinality,weak_symmetry,large,main,weak,49,108,10.0,5.0,/home/sunshixin/chenchao/my_rlaf/runs/GNN_Glucose_3SAT_EchoSAT_SymmetryGRPO_v1_7_WC1_PositiveCap/iter=50.pt,0.002121,0.002121,393.0,297.0,True,0.002224,0.002224,439.0,311.0,True,0.001967,0.0426826944274902,363.0,285.0,True,0.001967,0.0436288576273322,363.0,285.0,True,0.002895,0.0746364608225226,348.0,296.0,True,True,True,0.0,3.0,11.0,104.3914794921875,49,1.0986123085021973,True,0.0300796031951904,0.000928,0.031007603195190393,0.000774,0.0725154608225226,-15.0,11.0,0.00010299999999999979,-0.00025699999999999985,False,False,False
3,/home/sunshixin/chenchao/my_rlaf/runs/analysis/echosat_symmetry_grpo_v1_7_acceptance_iter=50_canonical_low_warmup_wc3_per_instance.csv,2,subset_cardinality_bw8,base,subset_cardinality_bw8,subset_cardinality,weak_symmetry,medium,main,weak,33,76,10.0,5.0,/home/sunshixin/chenchao/my_rlaf/runs/GNN_Glucose_3SAT_EchoSAT_SymmetryGRPO_v1_7_WC1_PositiveCap/iter=50.pt,0.0012,0.0012,89.0,67.0,True,0.001521,0.001521,106.0,76.0,True,0.001173,0.0418886944274902,84.0,69.0,True,0.001173,0.0441609610137939,84.0,69.0,True,0.002446,0.0755135642089843,94.0,76.0,True,True,True,0.001233,3.0,13.0,75.20963287353516,33,1.0986123085021973,True,0.0300796031951904,0.0012729999999999998,0.03135260319519039,0.001246,0.07431356420898429,10.0,7.0,0.0003210000000000001,-0.000348,False,False,False
3,/home/sunshixin/chenchao/my_rlaf/runs/analysis/echosat_symmetry_grpo_v1_7_acceptance_iter=50_canonical_low_warmup_wc3_per_instance.csv,2,subset_cardinality_bw8,perm_seed1730,subset_cardinality_bw8_perm1730,subset_cardinality,weak_symmetry,medium,main,weak,33,76,10.0,5.0,/home/sunshixin/chenchao/my_rlaf/runs/GNN_Glucose_3SAT_EchoSAT_SymmetryGRPO_v1_7_WC1_PositiveCap/iter=50.pt,0.000955,0.000955,110.0,76.0,True,0.001646,0.001646,127.0,80.0,True,0.001139,0.0418546944274902,100.0,79.0,True,0.001139,0.0441934259666204,100.0,79.0,True,0.001831,0.0749650291618108,119.0,76.0,True,True,True,0.001178,3.0,15.0,80.51530456542969,33,1.0986123085021973,True,0.0300796031951904,0.0006919999999999999,0.0307716031951904,0.0008759999999999999,0.0740100291618108,19.0,-3.0,0.0006909999999999999,-0.0005069999999999999,False,False,False
3,/home/sunshixin/chenchao/my_rlaf/runs/analysis/echosat_symmetry_grpo_v1_7_acceptance_iter=50_canonical_low_warmup_wc3_per_instance.csv,2,subset_cardinality_bw8,perm_seed1731,subset_cardinality_bw8_perm1731,subset_cardinality,weak_symmetry,medium,main,weak,33,76,10.0,5.0,/home/sunshixin/chenchao/my_rlaf/runs/GNN_Glucose_3SAT_EchoSAT_SymmetryGRPO_v1_7_WC1_PositiveCap/iter=50.pt,0.000901,0.000901,91.0,70.0,True,0.001302,0.001302,102.0,79.0,True,0.001419,0.0421346944274902,81.0,70.0,True,0.001419,0.0442780833793282,81.0,70.0,True,0.000582,0.0735206865745186,91.0,76.0,True,True,True,0.001087,3.0,12.0,79.57261657714844,33,1.0986123085021973,True,0.0300796031951904,-0.0008369999999999999,0.029242603195190404,-0.00031899999999999995,0.0726196865745186,10.0,6.0,0.000401,0.00011699999999999992,True,True,False
