warmup_conflicts,source_csv,repeat_id,base_instance_id,variant,instance_id,family,control_type,scale,benchmark_role,symmetry_strength,num_vars,num_clauses,final_cpu_lim,warmup_cpu_lim,checkpoint,plain_unguided_glucose_final_cpu_time,plain_unguided_glucose_protocol_accounted_time,plain_unguided_glucose_final_decisions,plain_unguided_glucose_final_conflicts,plain_unguided_glucose_final_solved,neutral_weighted_glucose_final_cpu_time,neutral_weighted_glucose_protocol_accounted_time,neutral_weighted_glucose_final_decisions,neutral_weighted_glucose_final_conflicts,neutral_weighted_glucose_final_solved,static_weighted_glucose_final_cpu_time,static_weighted_glucose_protocol_accounted_time,static_weighted_glucose_final_decisions,static_weighted_glucose_final_conflicts,static_weighted_glucose_final_solved,cached_trace_no_adapter_final_final_cpu_time,cached_trace_no_adapter_final_protocol_accounted_time,cached_trace_no_adapter_final_final_decisions,cached_trace_no_adapter_final_final_conflicts,cached_trace_no_adapter_final_final_solved,event_adapter_final_final_cpu_time,event_adapter_final_protocol_accounted_time,event_adapter_final_final_decisions,event_adapter_final_final_conflicts,event_adapter_final_final_solved,known_expected_result,event_adapter_final_known_expected_match,warmup_cpu_time,warmup_conflict_count,warmup_decisions,event_state_l2_sum,event_state_nonzero_vars,event_adapter_graph_gate_evidence,event_adapter_graph_gate_open,adapter_inference_wall_time,adapter_cached_final_cpu_delta,adapter_cached_protocol_delta,adapter_plain_final_cpu_delta,adapter_plain_protocol_delta,adapter_cached_decisions_delta,adapter_cached_conflicts_delta,neutral_plain_final_cpu_delta,static_neutral_final_cpu_delta,adapter_cached_final_cpu_improved,adapter_plain_final_cpu_improved,adapter_plain_protocol_improved
1,/home/sunshixin/chenchao/my_rlaf/runs/analysis/echosat_symmetry_grpo_v1_7_acceptance_v1_2_iter15_canonical_low_warmup_wc1_per_instance.csv,0,k10_color9,base,k10_color9,complete_coloring,strong_symmetry,large,main,strong,90,775,10.0,5.0,/home/sunshixin/chenchao/my_rlaf/runs/GNN_Glucose_3SAT_EchoSAT_SymmetryGRPO_v1_2_WC1_HardNeg_Full/iter=15.pt,4.27509,4.27509,340861.0,314066.0,True,4.18607,4.18607,322229.0,299168.0,True,4.08472,4.409943445892334,321840.0,298649.0,True,4.08472,4.415079364074588,321840.0,298649.0,True,2.95952,3.3517237129820585,234018.0,217098.0,True,True,True,0.003222,1.0,8.0,136.93209838867188,90,0.6931471824645996,True,0.0618443489074707,-1.1252,-1.0633556510925293,-1.3155699999999997,-0.9233662870179411,-87822.0,-81551.0,-0.08901999999999965,-0.10135000000000005,True,True,True
1,/home/sunshixin/chenchao/my_rlaf/runs/analysis/echosat_symmetry_grpo_v1_7_acceptance_v1_2_iter15_canonical_low_warmup_wc1_per_instance.csv,0,k10_color9,perm_seed1730,k10_color9_perm1730,complete_coloring,strong_symmetry,large,main,strong,90,775,10.0,5.0,/home/sunshixin/chenchao/my_rlaf/runs/GNN_Glucose_3SAT_EchoSAT_SymmetryGRPO_v1_2_WC1_HardNeg_Full/iter=15.pt,5.07886,5.07886,413643.0,382655.0,True,4.24481,4.24481,283792.0,262594.0,True,3.89371,4.218933445892334,247778.0,229737.0,True,3.89371,4.2238246540554165,247778.0,229737.0,True,4.41898,4.810939002962888,293797.0,275194.0,True,True,True,0.003758,1.0,8.0,136.98228454589844,90,0.6931471824645996,True,0.0618443489074707,0.5252700000000003,0.5871143489074715,-0.6598799999999994,-0.2679209970371117,46019.0,45457.0,-0.8340499999999995,-0.3511000000000002,False,True,True
1,/home/sunshixin/chenchao/my_rlaf/runs/analysis/echosat_symmetry_grpo_v1_7_acceptance_v1_2_iter15_canonical_low_warmup_wc1_per_instance.csv,0,k10_color9,perm_seed1731,k10_color9_perm1731,complete_coloring,strong_symmetry,large,main,strong,90,775,10.0,5.0,/home/sunshixin/chenchao/my_rlaf/runs/GNN_Glucose_3SAT_EchoSAT_SymmetryGRPO_v1_2_WC1_HardNeg_Full/iter=15.pt,4.18717,4.18717,340033.0,312592.0,True,4.10458,4.10458,290369.0,269757.0,True,4.10783,4.433053445892334,290369.0,269757.0,True,4.10783,4.441517657019258,290369.0,269757.0,True,4.09227,4.487802005926729,274350.0,258764.0,True,True,True,0.007431,1.0,8.0,137.00555419921875,90,0.6931471824645996,True,0.0618443489074707,-0.015559999999999796,0.04628434890747091,-0.09489999999999998,0.3006320059267287,-16019.0,-10993.0,-0.08258999999999972,0.003249999999999531,True,True,False
1,/home/sunshixin/chenchao/my_rlaf/runs/analysis/echosat_symmetry_grpo_v1_7_acceptance_v1_2_iter15_canonical_low_warmup_wc1_per_instance.csv,0,k8_color7,base,k8_color7,complete_coloring,strong_symmetry,large,main,strong,56,372,10.0,5.0,/home/sunshixin/chenchao/my_rlaf/runs/GNN_Glucose_3SAT_EchoSAT_SymmetryGRPO_v1_2_WC1_HardNeg_Full/iter=15.pt,0.064908,0.064908,6158.0,5600.0,True,0.040283,0.040283,5946.0,5440.0,True,0.043106,0.3683294458923339,5946.0,5440.0,True,0.043106,0.3722479318443537,5946.0,5440.0,True,0.040448,0.4314342807518244,5995.0,5516.0,True,True,True,0.002935,1.0,6.0,84.73548889160156,56,0.6931471824645996,True,0.0618443489074707,-0.0026580000000000006,0.05918634890747071,-0.024459999999999996,0.36652628075182436,49.0,76.0,-0.024624999999999994,0.002822999999999999,True,True,False
1,/home/sunshixin/chenchao/my_rlaf/runs/analysis/echosat_symmetry_grpo_v1_7_acceptance_v1_2_iter15_canonical_low_warmup_wc1_per_instance.csv,0,k8_color7,perm_seed1730,k8_color7_perm1730,complete_coloring,strong_symmetry,large,main,strong,56,372,10.0,5.0,/home/sunshixin/chenchao/my_rlaf/runs/GNN_Glucose_3SAT_EchoSAT_SymmetryGRPO_v1_2_WC1_HardNeg_Full/iter=15.pt,0.045268,0.045268,6138.0,5624.0,True,0.047884,0.047884,6264.0,5696.0,True,0.045451,0.370674445892334,6264.0,5696.0,True,0.045451,0.3716355540223122,6264.0,5696.0,True,0.04254,0.4305689029297829,5895.0,5403.0,True,True,True,3.1e-05,1.0,6.0,84.79159545898438,56,0.6931471824645996,True,0.0618443489074707,-0.002910999999999997,0.058933348907470706,-0.0027280000000000013,0.3853009029297829,-369.0,-293.0,0.0026160000000000003,-0.0024330000000000046,True,True,False
1,/home/sunshixin/chenchao/my_rlaf/runs/analysis/echosat_symmetry_grpo_v1_7_acceptance_v1_2_iter15_canonical_low_warmup_wc1_per_instance.csv,0,k8_color7,perm_seed1731,k8_color7_perm1731,complete_coloring,strong_symmetry,large,main,strong,56,372,10.0,5.0,/home/sunshixin/chenchao/my_rlaf/runs/GNN_Glucose_3SAT_EchoSAT_SymmetryGRPO_v1_2_WC1_HardNeg_Full/iter=15.pt,0.034356,0.034356,5800.0,5271.0,True,0.056261,0.056261,6148.0,5641.0,True,0.054774,0.379997445892334,6148.0,5641.0,True,0.054774,0.3849130591918826,6148.0,5641.0,True,0.036073,0.4280564080993533,6048.0,5528.0,True,True,True,0.003964,1.0,6.0,84.7841796875,56,0.6931471824645996,True,0.0618443489074707,-0.018701000000000002,0.04314334890747068,0.0017170000000000032,0.3937004080993533,-100.0,-113.0,0.021905,-0.0014869999999999953,True,False,False
1,/home/sunshixin/chenchao/my_rlaf/runs/analysis/echosat_symmetry_grpo_v1_7_acceptance_v1_2_iter15_canonical_low_warmup_wc1_per_instance.csv,0,k9_color8,base,k9_color8,complete_coloring,strong_symmetry,large,main,strong,72,549,10.0,5.0,/home/sunshixin/chenchao/my_rlaf/runs/GNN_Glucose_3SAT_EchoSAT_SymmetryGRPO_v1_2_WC1_HardNeg_Full/iter=15.pt,0.671655,0.671655,46557.0,43529.0,True,0.642575,0.642575,44352.0,41138.0,True,0.561666,0.886889445892334,43519.0,40436.0,True,0.561666,0.8917072397835255,43519.0,40436.0,True,0.546904,0.938789588690996,42086.0,39187.0,True,True,True,0.003816,1.0,7.0,109.32144165039062,72,0.6931471824645996,True,0.0618443489074707,-0.014762000000000053,0.04708234890747054,-0.12475100000000006,0.26713458869099604,-1433.0,-1249.0,-0.029079999999999995,-0.08090900000000001,True,True,False
1,/home/sunshixin/chenchao/my_rlaf/runs/analysis/echosat_symmetry_grpo_v1_7_acceptance_v1_2_iter15_canonical_low_warmup_wc1_per_instance.csv,0,k9_color8,perm_seed1730,k9_color8_perm1730,complete_coloring,strong_symmetry,large,main,strong,72,549,10.0,5.0,/home/sunshixin/chenchao/my_rlaf/runs/GNN_Glucose_3SAT_EchoSAT_SymmetryGRPO_v1_2_WC1_HardNeg_Full/iter=15.pt,0.457205,0.457205,39708.0,36681.0,True,0.67099,0.67099,45794.0,42555.0,True,0.711998,1.037221445892334,45794.0,42555.0,True,0.711998,1.0407656893382071,45794.0,42555.0,True,0.464062,0.8546740382456779,44807.0,41502.0,True,True,True,0.002578,1.0,7.0,109.58531951904295,72,0.6931471824645996,True,0.0618443489074707,-0.24793600000000005,-0.18609165109252923,0.006857000000000002,0.3974690382456779,-987.0,-1053.0,0.213785,0.041008000000000044,True,False,False
1,/home/sunshixin/chenchao/my_rlaf/runs/analysis/echosat_symmetry_grpo_v1_7_acceptance_v1_2_iter15_canonical_low_warmup_wc1_per_instance.csv,0,k9_color8,perm_seed1731,k9_color8_perm1731,complete_coloring,strong_symmetry,large,main,strong,72,549,10.0,5.0,/home/sunshixin/chenchao/my_rlaf/runs/GNN_Glucose_3SAT_EchoSAT_SymmetryGRPO_v1_2_WC1_HardNeg_Full/iter=15.pt,0.605055,0.605055,47177.0,43763.0,True,0.687067,0.687067,47579.0,44103.0,True,0.74898,1.2896720909881592,47579.0,44103.0,True,0.74898,1.2945530152035951,47579.0,44103.0,True,0.516636,1.1343299201260804,44246.0,41050.0,True,True,True,0.003887,1.0,7.0,109.56788635253906,72,0.6931471824645996,True,0.0721209049224853,-0.232344,-0.16022309507751475,-0.08841900000000003,0.5292749201260804,-3333.0,-3053.0,0.08201199999999997,0.061912999999999996,True,True,False
1,/home/sunshixin/chenchao/my_rlaf/runs/analysis/echosat_symmetry_grpo_v1_7_acceptance_v1_2_iter15_canonical_low_warmup_wc1_per_instance.csv,0,php_p10_h9,base,php_p10_h9,php,strong_symmetry,large,main,strong,90,775,10.0,5.0,/home/sunshixin/chenchao/my_rlaf/runs/GNN_Glucose_3SAT_EchoSAT_SymmetryGRPO_v1_2_WC1_HardNeg_Full/iter=15.pt,4.25526,4.25526,340861.0,314066.0,True,4.15039,4.15039,322229.0,299168.0,True,4.24097,4.781662090988159,321840.0,298649.0,True,4.24097,4.791515204952956,321840.0,298649.0,True,2.95929,3.5819561098754407,234018.0,217098.0,True,True,True,0.00886,1.0,8.0,136.93209838867188,90,0.6931471824645996,True,0.0721209049224853,-1.2816799999999997,-1.2095590950775157,-1.2959699999999996,-0.6733038901245592,-87822.0,-81551.0,-0.10487000000000002,0.0905800000000001,True,True,True
1,/home/sunshixin/chenchao/my_rlaf/runs/analysis/echosat_symmetry_grpo_v1_7_acceptance_v1_2_iter15_canonical_low_warmup_wc1_per_instance.csv,0,php_p10_h9,perm_seed1730,php_p10_h9_perm1730,php,strong_symmetry,large,main,strong,90,775,10.0,5.0,/home/sunshixin/chenchao/my_rlaf/runs/GNN_Glucose_3SAT_EchoSAT_SymmetryGRPO_v1_2_WC1_HardNeg_Full/iter=15.pt,4.97561,4.97561,413643.0,382655.0,True,4.22157,4.22157,283792.0,262594.0,True,3.70616,4.24685209098816,247778.0,229737.0,True,3.70616,4.256704623959958,247778.0,229737.0,True,3.81862,4.441285528882444,262949.0,244730.0,True,True,True,0.00884,1.0,8.0,136.98228454589844,90,0.6931471824645996,True,0.0721209049224853,0.11246,0.1845809049224858,-1.1569899999999995,-0.5343244711175554,15171.0,14993.0,-0.7540399999999998,-0.5154099999999997,False,True,True
1,/home/sunshixin/chenchao/my_rlaf/runs/analysis/echosat_symmetry_grpo_v1_7_acceptance_v1_2_iter15_canonical_low_warmup_wc1_per_instance.csv,0,php_p10_h9,perm_seed1731,php_p10_h9_perm1731,php,strong_symmetry,large,main,strong,90,775,10.0,5.0,/home/sunshixin/chenchao/my_rlaf/runs/GNN_Glucose_3SAT_EchoSAT_SymmetryGRPO_v1_2_WC1_HardNeg_Full/iter=15.pt,4.1505,4.1505,340033.0,312592.0,True,4.10353,4.10353,290369.0,269757.0,True,3.92086,4.461552090988159,290369.0,269757.0,True,3.92086,4.469958853305757,290369.0,269757.0,True,4.10152,4.722739758228242,274350.0,258764.0,True,True,True,0.007393,1.0,8.0,137.00555419921875,90,0.6931471824645996,True,0.0721209049224853,0.18066000000000004,0.25278090492248495,-0.048980000000000246,0.5722397582282417,-16019.0,-10993.0,-0.046969999999999956,-0.18267000000000033,False,True,False
1,/home/sunshixin/chenchao/my_rlaf/runs/analysis/echosat_symmetry_grpo_v1_7_acceptance_v1_2_iter15_canonical_low_warmup_wc1_per_instance.csv,0,php_p9_h8,base,php_p9_h8,php,strong_symmetry,large,main,strong,72,549,10.0,5.0,/home/sunshixin/chenchao/my_rlaf/runs/GNN_Glucose_3SAT_EchoSAT_SymmetryGRPO_v1_2_WC1_HardNeg_Full/iter=15.pt,0.715622,0.715622,46557.0,43529.0,True,0.635176,0.635176,44352.0,41138.0,True,0.550411,1.0911030909881592,43519.0,40436.0,True,0.550411,1.0971157892175911,43519.0,40436.0,True,0.576806,1.1956316941400766,42086.0,39187.0,True,True,True,0.005068,1.0,7.0,109.32144165039062,72,0.6931471824645996,True,0.0721209049224853,0.026395000000000057,0.09851590492248552,-0.13881599999999994,0.48000969414007666,-1433.0,-1249.0,-0.08044600000000002,-0.08476499999999998,False,True,False
1,/home/sunshixin/chenchao/my_rlaf/runs/analysis/echosat_symmetry_grpo_v1_7_acceptance_v1_2_iter15_canonical_low_warmup_wc1_per_instance.csv,0,php_p9_h8,perm_seed1730,php_p9_h8_perm1730,php,strong_symmetry,large,main,strong,72,549,10.0,5.0,/home/sunshixin/chenchao/my_rlaf/runs/GNN_Glucose_3SAT_EchoSAT_SymmetryGRPO_v1_2_WC1_HardNeg_Full/iter=15.pt,0.506702,0.506702,39708.0,36681.0,True,0.660076,0.660076,45794.0,42555.0,True,0.640453,1.1811450909881591,45794.0,42555.0,True,0.640453,1.1881405888069274,45794.0,42555.0,True,0.48304,1.1028484937294127,44807.0,41502.0,True,True,True,0.006013,1.0,7.0,109.58531951904295,72,0.6931471824645996,True,0.0721209049224853,-0.15741300000000003,-0.08529209507751467,-0.02366199999999996,0.5961464937294128,-987.0,-1053.0,0.153374,-0.019622999999999946,True,True,False
1,/home/sunshixin/chenchao/my_rlaf/runs/analysis/echosat_symmetry_grpo_v1_7_acceptance_v1_2_iter15_canonical_low_warmup_wc1_per_instance.csv,0,php_p9_h8,perm_seed1731,php_p9_h8_perm1731,php,strong_symmetry,large,main,strong,72,549,10.0,5.0,/home/sunshixin/chenchao/my_rlaf/runs/GNN_Glucose_3SAT_EchoSAT_SymmetryGRPO_v1_2_WC1_HardNeg_Full/iter=15.pt,0.602252,0.602252,47177.0,43763.0,True,0.675261,0.675261,47579.0,44103.0,True,0.674857,1.2155490909881592,47579.0,44103.0,True,0.674857,1.221547810519397,47579.0,44103.0,True,0.526146,1.1449577154418826,44246.0,41050.0,True,True,True,0.005039,1.0,7.0,109.56788635253906,72,0.6931471824645996,True,0.0721209049224853,-0.14871100000000004,-0.07659009507751446,-0.07610600000000001,0.5427057154418826,-3333.0,-3053.0,0.07300899999999999,-0.00040399999999995995,True,True,False
1,/home/sunshixin/chenchao/my_rlaf/runs/analysis/echosat_symmetry_grpo_v1_7_acceptance_v1_2_iter15_canonical_low_warmup_wc1_per_instance.csv,0,random_3sat_control_v160_c704_seed2615,base,random_3sat_control_v160_c704_seed2615,random_3sat_control,non_symmetric_control,large,control,none,160,704,10.0,5.0,/home/sunshixin/chenchao/my_rlaf/runs/GNN_Glucose_3SAT_EchoSAT_SymmetryGRPO_v1_2_WC1_HardNeg_Full/iter=15.pt,0.072177,0.072177,6771.0,5767.0,True,0.052597,0.052597,5702.0,4813.0,True,0.04287,0.5835620909881591,4859.0,4212.0,True,0.04287,0.5871719076735973,4859.0,4212.0,True,0.056646,0.6730688125960826,5289.0,4519.0,True,False,False,0.002397,1.0,20.0,250.25311279296875,160,0.6931471824645996,True,0.0721209049224853,0.013776000000000004,0.08589690492248536,-0.015531000000000003,0.6008918125960826,430.0,307.0,-0.019580000000000007,-0.009727,False,True,False
1,/home/sunshixin/chenchao/my_rlaf/runs/analysis/echosat_symmetry_grpo_v1_7_acceptance_v1_2_iter15_canonical_low_warmup_wc1_per_instance.csv,0,random_3sat_control_v160_c704_seed2615,perm_seed1730,random_3sat_control_v160_c704_seed2615_perm1730,random_3sat_control,non_symmetric_control,large,control,none,160,704,10.0,5.0,/home/sunshixin/chenchao/my_rlaf/runs/GNN_Glucose_3SAT_EchoSAT_SymmetryGRPO_v1_2_WC1_HardNeg_Full/iter=15.pt,0.094437,0.094437,8522.0,7299.0,True,0.080348,0.080348,7934.0,6809.0,True,0.052694,0.2247223031463623,4602.0,4008.0,True,0.052694,0.2264031589168906,4602.0,4008.0,True,0.050869,0.3039519954342246,5397.0,4621.0,True,False,False,0.000472,1.0,20.0,250.9976043701172,160,0.6931471824645996,True,0.0793738365173339,-0.0018250000000000002,0.07754883651733396,-0.043567999999999996,0.20951499543422458,795.0,613.0,-0.01408899999999999,-0.027654000000000005,True,True,False
1,/home/sunshixin/chenchao/my_rlaf/runs/analysis/echosat_symmetry_grpo_v1_7_acceptance_v1_2_iter15_canonical_low_warmup_wc1_per_instance.csv,0,random_3sat_control_v160_c704_seed2615,perm_seed1731,random_3sat_control_v160_c704_seed2615_perm1731,random_3sat_control,non_symmetric_control,large,control,none,160,704,10.0,5.0,/home/sunshixin/chenchao/my_rlaf/runs/GNN_Glucose_3SAT_EchoSAT_SymmetryGRPO_v1_2_WC1_HardNeg_Full/iter=15.pt,0.054222,0.054222,5676.0,4847.0,True,0.09121,0.09121,8017.0,6851.0,True,0.054873,0.2269013031463623,4961.0,4384.0,True,0.054873,0.2281189859922528,4961.0,4384.0,True,0.059229,0.3118488225095868,5754.0,4947.0,True,False,False,0.0,1.0,20.0,250.14382934570312,160,0.6931471824645996,True,0.0793738365173339,0.004355999999999999,0.08372983651733398,0.0050069999999999976,0.2576268225095868,793.0,563.0,0.036988,-0.036337,False,False,False
1,/home/sunshixin/chenchao/my_rlaf/runs/analysis/echosat_symmetry_grpo_v1_7_acceptance_v1_2_iter15_canonical_low_warmup_wc1_per_instance.csv,0,random_3sat_control_v180_c760_seed3301,base,random_3sat_control_v180_c760_seed3301,random_3sat_control,non_symmetric_control,large,control,none,180,760,10.0,5.0,/home/sunshixin/chenchao/my_rlaf/runs/GNN_Glucose_3SAT_EchoSAT_SymmetryGRPO_v1_2_WC1_HardNeg_Full/iter=15.pt,0.491754,0.491754,27442.0,23617.0,True,0.137851,0.137851,10470.0,8910.0,True,0.012583,0.1846113031463623,693.0,567.0,True,0.012583,0.1898660844207406,693.0,567.0,True,0.636068,0.8927249209380745,40481.0,35966.0,True,False,False,0.003953,1.0,25.0,290.802978515625,180,0.6931471824645996,True,0.0793738365173339,0.623485,0.7028588365173339,0.14431399999999994,0.4009709209380745,39788.0,35399.0,-0.353903,-0.125268,False,False,False
1,/home/sunshixin/chenchao/my_rlaf/runs/analysis/echosat_symmetry_grpo_v1_7_acceptance_v1_2_iter15_canonical_low_warmup_wc1_per_instance.csv,0,random_3sat_control_v180_c760_seed3301,perm_seed1730,random_3sat_control_v180_c760_seed3301_perm1730,random_3sat_control,non_symmetric_control,large,control,none,180,760,10.0,5.0,/home/sunshixin/chenchao/my_rlaf/runs/GNN_Glucose_3SAT_EchoSAT_SymmetryGRPO_v1_2_WC1_HardNeg_Full/iter=15.pt,1.06991,1.06991,47649.0,41152.0,True,0.08795,0.08795,7421.0,6253.0,True,0.01636,0.1883883031463623,643.0,525.0,True,0.01636,0.1942221074569225,643.0,525.0,True,0.661658,0.9188939439742564,37207.0,32912.0,True,False,False,0.004595,1.0,25.0,292.0396728515625,180,0.6931471824645996,True,0.0793738365173339,0.6452979999999999,0.7246718365173339,-0.40825199999999995,-0.15101605602574353,36564.0,32387.0,-0.9819599999999999,-0.07159,False,True,True
1,/home/sunshixin/chenchao/my_rlaf/runs/analysis/echosat_symmetry_grpo_v1_7_acceptance_v1_2_iter15_canonical_low_warmup_wc1_per_instance.csv,0,random_3sat_control_v180_c760_seed3301,perm_seed1731,random_3sat_control_v180_c760_seed3301_perm1731,random_3sat_control,non_symmetric_control,large,control,none,180,760,10.0,5.0,/home/sunshixin/chenchao/my_rlaf/runs/GNN_Glucose_3SAT_EchoSAT_SymmetryGRPO_v1_2_WC1_HardNeg_Full/iter=15.pt,0.49154,0.49154,27197.0,23469.0,True,0.125828,0.125828,9011.0,7714.0,True,0.007904,0.1799323031463623,590.0,484.0,True,0.007904,0.1865865443081259,590.0,484.0,True,0.709647,0.96770338082546,45474.0,40090.0,True,False,False,0.005407,1.0,25.0,291.0475769042969,180,0.6931471824645996,True,0.0793738365173339,0.701743,0.7811168365173341,0.21810700000000005,0.47616338082546006,44884.0,39606.0,-0.365712,-0.117924,False,False,False
1,/home/sunshixin/chenchao/my_rlaf/runs/analysis/echosat_symmetry_grpo_v1_7_acceptance_v1_2_iter15_canonical_low_warmup_wc1_per_instance.csv,0,random_3sat_control_v220_c928_seed3303,base,random_3sat_control_v220_c928_seed3303,random_3sat_control,non_symmetric_control,large,control,none,220,928,10.0,5.0,/home/sunshixin/chenchao/my_rlaf/runs/GNN_Glucose_3SAT_EchoSAT_SymmetryGRPO_v1_2_WC1_HardNeg_Full/iter=15.pt,0.724135,0.724135,30277.0,25994.0,True,0.533431,0.533431,22265.0,19025.0,True,0.00214,0.1741683031463623,62.0,4.0,True,0.00214,0.1802062580090165,62.0,4.0,True,0.006536,0.2639760945263505,338.0,241.0,True,False,False,0.004719,1.0,28.0,332.48345947265625,220,0.6931471824645996,True,0.0793738365173339,0.004396000000000001,0.08376983651733402,-0.717599,-0.46015890547364946,276.0,237.0,-0.19070399999999998,-0.531291,False,True,True
1,/home/sunshixin/chenchao/my_rlaf/runs/analysis/echosat_symmetry_grpo_v1_7_acceptance_v1_2_iter15_canonical_low_warmup_wc1_per_instance.csv,0,random_3sat_control_v220_c928_seed3303,perm_seed1730,random_3sat_control_v220_c928_seed3303_perm1730,random_3sat_control,non_symmetric_control,large,control,none,220,928,10.0,5.0,/home/sunshixin/chenchao/my_rlaf/runs/GNN_Glucose_3SAT_EchoSAT_SymmetryGRPO_v1_2_WC1_HardNeg_Full/iter=15.pt,1.43065,1.43065,52742.0,45477.0,True,0.235238,0.235238,13039.0,11071.0,True,0.003828,0.1758563031463623,62.0,4.0,True,0.003828,0.1824594761918187,62.0,4.0,True,0.013158,0.2711633127091527,334.0,226.0,True,False,False,0.005159,1.0,28.0,330.46795654296875,220,0.6931471824645996,True,0.0793738365173339,0.00933,0.08870383651733402,-1.417492,-1.1594866872908471,272.0,222.0,-1.195412,-0.23141,False,True,True
1,/home/sunshixin/chenchao/my_rlaf/runs/analysis/echosat_symmetry_grpo_v1_7_acceptance_v1_2_iter15_canonical_low_warmup_wc1_per_instance.csv,0,random_3sat_control_v220_c928_seed3303,perm_seed1731,random_3sat_control_v220_c928_seed3303_perm1731,random_3sat_control,non_symmetric_control,large,control,none,220,928,10.0,5.0,/home/sunshixin/chenchao/my_rlaf/runs/GNN_Glucose_3SAT_EchoSAT_SymmetryGRPO_v1_2_WC1_HardNeg_Full/iter=15.pt,0.056459,0.056459,4930.0,4147.0,True,0.4247,0.4247,19684.0,16814.0,True,0.007482,0.1795103031463623,63.0,4.0,True,0.007482,0.1833979288289547,63.0,4.0,True,0.006514,0.2618037653462887,347.0,245.0,True,False,False,0.002594,1.0,28.0,331.7943725585937,220,0.6931471824645996,True,0.0793738365173339,-0.0009680000000000001,0.07840583651733399,-0.049945,0.20534476534628868,284.0,241.0,0.36824100000000004,-0.41721800000000003,True,True,False
1,/home/sunshixin/chenchao/my_rlaf/runs/analysis/echosat_symmetry_grpo_v1_7_acceptance_v1_2_iter15_canonical_low_warmup_wc1_per_instance.csv,0,random_3sat_control_v220_c942_seed3304,base,random_3sat_control_v220_c942_seed3304,random_3sat_control,non_symmetric_control,large,control,none,220,942,10.0,5.0,/home/sunshixin/chenchao/my_rlaf/runs/GNN_Glucose_3SAT_EchoSAT_SymmetryGRPO_v1_2_WC1_HardNeg_Full/iter=15.pt,0.664105,0.664105,35472.0,30813.0,True,1.04257,1.04257,41376.0,36046.0,True,0.468304,1.7499235487976077,26754.0,23980.0,True,0.468304,1.753698428074062,26754.0,23980.0,True,0.622583,2.002774800892055,40178.0,35793.0,True,False,False,0.002445,1.0,24.0,322.4337158203125,220,0.6931471824645996,True,0.0947973728179931,0.154279,0.249076372817993,-0.04152199999999995,1.338669800892055,13424.0,11813.0,0.37846500000000005,-0.5742659999999999,False,True,False
1,/home/sunshixin/chenchao/my_rlaf/runs/analysis/echosat_symmetry_grpo_v1_7_acceptance_v1_2_iter15_canonical_low_warmup_wc1_per_instance.csv,0,random_3sat_control_v220_c942_seed3304,perm_seed1730,random_3sat_control_v220_c942_seed3304_perm1730,random_3sat_control,non_symmetric_control,large,control,none,220,942,10.0,5.0,/home/sunshixin/chenchao/my_rlaf/runs/GNN_Glucose_3SAT_EchoSAT_SymmetryGRPO_v1_2_WC1_HardNeg_Full/iter=15.pt,0.661609,0.661609,34825.0,30052.0,True,0.673363,0.673363,33221.0,28818.0,True,0.425628,1.7072475487976075,26445.0,23804.0,True,0.425628,1.7115420483653545,26445.0,23804.0,True,0.646415,2.027126421183348,41430.0,37011.0,True,False,False,0.00296,1.0,24.0,324.02960205078125,220,0.6931471824645996,True,0.0947973728179931,0.22078699999999996,0.3155843728179937,-0.01519400000000004,1.3655174211833483,14985.0,13207.0,0.011754000000000042,-0.24773500000000004,False,True,False
1,/home/sunshixin/chenchao/my_rlaf/runs/analysis/echosat_symmetry_grpo_v1_7_acceptance_v1_2_iter15_canonical_low_warmup_wc1_per_instance.csv,0,random_3sat_control_v220_c942_seed3304,perm_seed1731,random_3sat_control_v220_c942_seed3304_perm1731,random_3sat_control,non_symmetric_control,large,control,none,220,942,10.0,5.0,/home/sunshixin/chenchao/my_rlaf/runs/GNN_Glucose_3SAT_EchoSAT_SymmetryGRPO_v1_2_WC1_HardNeg_Full/iter=15.pt,0.898259,0.898259,38737.0,33758.0,True,0.92132,0.92132,38909.0,33544.0,True,0.417181,1.6988005487976074,26149.0,23448.0,True,0.417181,1.7056494958233834,26149.0,23448.0,True,0.615926,1.9991918686413763,39359.0,35082.0,True,False,False,0.005489,1.0,24.0,324.64569091796875,220,0.6931471824645996,True,0.0947973728179931,0.19874499999999995,0.2935423728179929,-0.28233300000000006,1.1009328686413764,13210.0,11634.0,0.023060999999999998,-0.504139,False,True,False
1,/home/sunshixin/chenchao/my_rlaf/runs/analysis/echosat_symmetry_grpo_v1_7_acceptance_v1_2_iter15_canonical_low_warmup_wc1_per_instance.csv,0,random_3sat_control_v260_c1097_seed3305,base,random_3sat_control_v260_c1097_seed3305,random_3sat_control,non_symmetric_control,large,control,none,260,1097,10.0,5.0,/home/sunshixin/chenchao/my_rlaf/runs/GNN_Glucose_3SAT_EchoSAT_SymmetryGRPO_v1_2_WC1_HardNeg_Full/iter=15.pt,6.83428,6.83428,216854.0,188499.0,True,2.34728,2.34728,73626.0,64181.0,True,1.42357,2.705189548797607,60642.0,54350.0,True,1.42357,2.709556681339324,60642.0,54350.0,True,1.88608,3.266864054157317,88482.0,78928.0,True,False,False,0.002983,1.0,35.0,390.6428833007813,260,0.6931471824645996,True,0.0947973728179931,0.46251,0.5573073728179927,-4.9482,-3.567415945842683,27840.0,24578.0,-4.487,-0.92371,False,True,True
1,/home/sunshixin/chenchao/my_rlaf/runs/analysis/echosat_symmetry_grpo_v1_7_acceptance_v1_2_iter15_canonical_low_warmup_wc1_per_instance.csv,0,random_3sat_control_v260_c1097_seed3305,perm_seed1730,random_3sat_control_v260_c1097_seed3305_perm1730,random_3sat_control,non_symmetric_control,large,control,none,260,1097,10.0,5.0,/home/sunshixin/chenchao/my_rlaf/runs/GNN_Glucose_3SAT_EchoSAT_SymmetryGRPO_v1_2_WC1_HardNeg_Full/iter=15.pt,7.38521,7.38521,224505.0,195557.0,True,0.717987,0.717987,27246.0,23387.0,True,1.4926,2.774219548797608,60686.0,54724.0,True,1.4926,2.780902204864442,60686.0,54724.0,True,2.24575,3.628849577682436,100679.0,89754.0,True,False,False,0.005282,1.0,35.0,390.0680847167969,260,0.6931471824645996,True,0.0947973728179931,0.7531500000000002,0.8479473728179938,-5.13946,-3.756360422317564,39993.0,35030.0,-6.667223,0.7746129999999999,False,True,True
1,/home/sunshixin/chenchao/my_rlaf/runs/analysis/echosat_symmetry_grpo_v1_7_acceptance_v1_2_iter15_canonical_low_warmup_wc1_per_instance.csv,0,random_3sat_control_v260_c1097_seed3305,perm_seed1731,random_3sat_control_v260_c1097_seed3305_perm1731,random_3sat_control,non_symmetric_control,large,control,none,260,1097,10.0,5.0,/home/sunshixin/chenchao/my_rlaf/runs/GNN_Glucose_3SAT_EchoSAT_SymmetryGRPO_v1_2_WC1_HardNeg_Full/iter=15.pt,3.98718,3.98718,105916.0,92052.0,True,5.51767,5.51767,162997.0,142194.0,True,1.10076,2.382379548797608,48534.0,43247.0,True,1.10076,2.39003407060492,48534.0,43247.0,True,1.89067,3.2747414434229136,82933.0,73499.0,True,False,False,0.006243,1.0,35.0,389.6698913574219,260,0.6931471824645996,True,0.0947973728179931,0.7899100000000001,0.8847073728179935,-2.09651,-0.7124385565770863,34399.0,30252.0,1.53049,-4.41691,False,True,True
1,/home/sunshixin/chenchao/my_rlaf/runs/analysis/echosat_symmetry_grpo_v1_7_acceptance_v1_2_iter15_canonical_low_warmup_wc1_per_instance.csv,0,random_3sat_control_v260_c1113_seed3306,base,random_3sat_control_v260_c1113_seed3306,random_3sat_control,non_symmetric_control,large,control,none,260,1113,10.0,5.0,/home/sunshixin/chenchao/my_rlaf/runs/GNN_Glucose_3SAT_EchoSAT_SymmetryGRPO_v1_2_WC1_HardNeg_Full/iter=15.pt,5.45221,5.45221,178146.0,155541.0,True,6.06264,6.06264,186876.0,163308.0,True,6.44987,7.731489548797607,226200.0,205404.0,True,6.44987,7.737853794811606,226200.0,205404.0,True,6.73782,8.1206011676296,270239.0,238331.0,True,False,False,0.004969,1.0,33.0,397.6284790039063,260,0.6931471824645996,True,0.0947973728179931,0.2879500000000004,0.38274737281799354,1.2856100000000001,2.6683911676295997,44039.0,32927.0,0.61043,0.38722999999999974,False,False,False
1,/home/sunshixin/chenchao/my_rlaf/runs/analysis/echosat_symmetry_grpo_v1_7_acceptance_v1_2_iter15_canonical_low_warmup_wc1_per_instance.csv,0,random_3sat_control_v260_c1113_seed3306,perm_seed1730,random_3sat_control_v260_c1113_seed3306_perm1730,random_3sat_control,non_symmetric_control,large,control,none,260,1113,10.0,5.0,/home/sunshixin/chenchao/my_rlaf/runs/GNN_Glucose_3SAT_EchoSAT_SymmetryGRPO_v1_2_WC1_HardNeg_Full/iter=15.pt,5.13977,5.13977,171334.0,149746.0,True,6.65601,6.65601,206936.0,180741.0,True,5.73851,7.020129548797607,206101.0,186162.0,True,5.73851,7.023757390231311,206101.0,186162.0,True,7.08885,8.468894763049304,268313.0,236556.0,True,False,False,0.002192,1.0,33.0,396.3316650390625,260,0.6931471824645996,True,0.0947973728179931,1.35034,1.4451373728179933,1.9490799999999995,3.329124763049304,62212.0,50394.0,1.5162399999999998,-0.9175000000000004,False,False,False
1,/home/sunshixin/chenchao/my_rlaf/runs/analysis/echosat_symmetry_grpo_v1_7_acceptance_v1_2_iter15_canonical_low_warmup_wc1_per_instance.csv,0,random_3sat_control_v260_c1113_seed3306,perm_seed1731,random_3sat_control_v260_c1113_seed3306_perm1731,random_3sat_control,non_symmetric_control,large,control,none,260,1113,10.0,5.0,/home/sunshixin/chenchao/my_rlaf/runs/GNN_Glucose_3SAT_EchoSAT_SymmetryGRPO_v1_2_WC1_HardNeg_Full/iter=15.pt,6.63175,6.63175,202621.0,177648.0,True,6.9521,6.9521,214985.0,187707.0,True,6.10395,6.352779603195191,217745.0,196903.0,True,6.10395,6.360611862850428,217745.0,196903.0,True,6.91895,7.241938004207849,276540.0,244171.0,True,False,False,0.006419,1.0,33.0,397.0461730957031,260,0.6931471824645996,True,0.0663261413574218,0.8149999999999995,0.8813261413574214,0.28719999999999946,0.6101880042078491,58795.0,47268.0,0.32034999999999947,-0.8481499999999995,False,False,False
1,/home/sunshixin/chenchao/my_rlaf/runs/analysis/echosat_symmetry_grpo_v1_7_acceptance_v1_2_iter15_canonical_low_warmup_wc1_per_instance.csv,0,random_3sat_control_v300_c1266_seed3307,base,random_3sat_control_v300_c1266_seed3307,random_3sat_control,non_symmetric_control,large,control,none,300,1266,10.0,5.0,/home/sunshixin/chenchao/my_rlaf/runs/GNN_Glucose_3SAT_EchoSAT_SymmetryGRPO_v1_2_WC1_HardNeg_Full/iter=15.pt,0.215925,0.215925,12894.0,10895.0,True,2.449,2.449,71356.0,61376.0,True,0.008378,0.2572076031951904,288.0,182.0,True,0.008378,0.2658865853804349,288.0,182.0,True,0.042063,0.3658977267378568,3192.0,2608.0,True,False,False,0.007227,1.0,46.0,466.681884765625,300,0.6931471824645996,True,0.0663261413574218,0.03368500000000001,0.1000111413574219,-0.17386200000000002,0.1499727267378568,2904.0,2426.0,2.233075,-2.440622,False,True,False
1,/home/sunshixin/chenchao/my_rlaf/runs/analysis/echosat_symmetry_grpo_v1_7_acceptance_v1_2_iter15_canonical_low_warmup_wc1_per_instance.csv,0,random_3sat_control_v300_c1266_seed3307,perm_seed1730,random_3sat_control_v300_c1266_seed3307_perm1730,random_3sat_control,non_symmetric_control,large,control,none,300,1266,10.0,5.0,/home/sunshixin/chenchao/my_rlaf/runs/GNN_Glucose_3SAT_EchoSAT_SymmetryGRPO_v1_2_WC1_HardNeg_Full/iter=15.pt,1.27738,1.27738,43103.0,37339.0,True,2.05487,2.05487,63498.0,54506.0,True,0.009086,0.2579156031951904,321.0,205.0,True,0.009086,0.2678663312095999,321.0,205.0,True,0.040047,0.3651534725670218,2791.0,2255.0,True,False,False,0.008305,1.0,46.0,465.9733581542969,300,0.6931471824645996,True,0.0663261413574218,0.030961,0.09728714135742189,-1.237333,-0.9122265274329782,2470.0,2050.0,0.7774900000000002,-2.0457840000000003,False,True,True
1,/home/sunshixin/chenchao/my_rlaf/runs/analysis/echosat_symmetry_grpo_v1_7_acceptance_v1_2_iter15_canonical_low_warmup_wc1_per_instance.csv,0,random_3sat_control_v300_c1266_seed3307,perm_seed1731,random_3sat_control_v300_c1266_seed3307_perm1731,random_3sat_control,non_symmetric_control,large,control,none,300,1266,10.0,5.0,/home/sunshixin/chenchao/my_rlaf/runs/GNN_Glucose_3SAT_EchoSAT_SymmetryGRPO_v1_2_WC1_HardNeg_Full/iter=15.pt,2.03974,2.03974,66962.0,57424.0,True,0.143783,0.143783,7524.0,6304.0,True,0.008861,0.2576906031951904,375.0,247.0,True,0.008861,0.2675195643448234,375.0,247.0,True,0.038383,0.3633677057022452,2573.0,2095.0,True,False,False,0.008143,1.0,46.0,465.2885437011719,300,0.6931471824645996,True,0.0663261413574218,0.029522,0.09584814135742181,-2.001357,-1.6763722942977548,2198.0,1848.0,-1.8959570000000001,-0.134922,False,True,True
1,/home/sunshixin/chenchao/my_rlaf/runs/analysis/echosat_symmetry_grpo_v1_7_acceptance_v1_2_iter15_canonical_low_warmup_wc1_per_instance.csv,0,subset_cardinality_bw10,base,subset_cardinality_bw10,subset_cardinality,weak_symmetry,large,main,weak,41,92,10.0,5.0,/home/sunshixin/chenchao/my_rlaf/runs/GNN_Glucose_3SAT_EchoSAT_SymmetryGRPO_v1_2_WC1_HardNeg_Full/iter=15.pt,0.003722,0.003722,193.0,141.0,True,0.002524,0.002524,237.0,193.0,True,0.001463,0.2502926031951904,162.0,142.0,True,0.001463,0.2518652345201969,162.0,142.0,True,0.001808,0.3185363758776188,179.0,149.0,True,True,True,0.000333,1.0,5.0,62.83808517456055,41,0.6931471824645996,True,0.0663261413574218,0.0003449999999999998,0.06667114135742191,-0.0019140000000000001,0.3148143758776188,17.0,7.0,-0.0011979999999999998,-0.001061,False,True,False
1,/home/sunshixin/chenchao/my_rlaf/runs/analysis/echosat_symmetry_grpo_v1_7_acceptance_v1_2_iter15_canonical_low_warmup_wc1_per_instance.csv,0,subset_cardinality_bw10,perm_seed1730,subset_cardinality_bw10_perm1730,subset_cardinality,weak_symmetry,large,main,weak,41,92,10.0,5.0,/home/sunshixin/chenchao/my_rlaf/runs/GNN_Glucose_3SAT_EchoSAT_SymmetryGRPO_v1_2_WC1_HardNeg_Full/iter=15.pt,0.001661,0.001661,218.0,167.0,True,0.000446,0.000446,221.0,169.0,True,0.001492,0.2503216031951904,156.0,137.0,True,0.001492,0.2516996266357302,156.0,137.0,True,0.001536,0.3180697679931521,171.0,150.0,True,True,True,0.00044,1.0,6.0,62.92706298828125,41,0.6931471824645996,True,0.0663261413574218,4.3999999999999985e-05,0.06637014135742192,-0.0001249999999999999,0.3164087679931521,15.0,13.0,-0.001215,0.001046,False,True,False
1,/home/sunshixin/chenchao/my_rlaf/runs/analysis/echosat_symmetry_grpo_v1_7_acceptance_v1_2_iter15_canonical_low_warmup_wc1_per_instance.csv,0,subset_cardinality_bw10,perm_seed1731,subset_cardinality_bw10_perm1731,subset_cardinality,weak_symmetry,large,main,weak,41,92,10.0,5.0,/home/sunshixin/chenchao/my_rlaf/runs/GNN_Glucose_3SAT_EchoSAT_SymmetryGRPO_v1_2_WC1_HardNeg_Full/iter=15.pt,0.00335,0.00335,202.0,147.0,True,0.000409,0.000409,247.0,155.0,True,0.00155,0.2503796031951904,203.0,164.0,True,0.00155,0.2527121415385008,203.0,164.0,True,0.001396,0.3188842828959227,176.0,148.0,True,True,True,0.001379,1.0,7.0,62.392337799072266,41,0.6931471824645996,True,0.0663261413574218,-0.00015399999999999984,0.06617214135742189,-0.001954,0.31553428289592267,-27.0,-16.0,-0.002941,0.0011409999999999999,True,True,False
1,/home/sunshixin/chenchao/my_rlaf/runs/analysis/echosat_symmetry_grpo_v1_7_acceptance_v1_2_iter15_canonical_low_warmup_wc1_per_instance.csv,0,subset_cardinality_bw12,base,subset_cardinality_bw12,subset_cardinality,weak_symmetry,large,main,weak,49,108,10.0,5.0,/home/sunshixin/chenchao/my_rlaf/runs/GNN_Glucose_3SAT_EchoSAT_SymmetryGRPO_v1_2_WC1_HardNeg_Full/iter=15.pt,0.002115,0.002115,442.0,342.0,True,0.000415,0.000415,491.0,414.0,True,0.001994,0.2508236031951904,384.0,312.0,True,0.001994,0.2536585637626647,384.0,312.0,True,0.00034,0.3183307051200866,402.0,325.0,True,True,True,0.001837,1.0,9.0,75.44426727294922,49,0.6931471824645996,True,0.0663261413574218,-0.001654,0.06467214135742189,-0.001775,0.3162157051200866,18.0,13.0,-0.0017000000000000001,0.001579,True,True,False
1,/home/sunshixin/chenchao/my_rlaf/runs/analysis/echosat_symmetry_grpo_v1_7_acceptance_v1_2_iter15_canonical_low_warmup_wc1_per_instance.csv,0,subset_cardinality_bw12,perm_seed1730,subset_cardinality_bw12_perm1730,subset_cardinality,weak_symmetry,large,main,weak,49,108,10.0,5.0,/home/sunshixin/chenchao/my_rlaf/runs/GNN_Glucose_3SAT_EchoSAT_SymmetryGRPO_v1_2_WC1_HardNeg_Full/iter=15.pt,0.004587,0.004587,440.0,329.0,True,0.003077,0.003077,397.0,314.0,True,0.001882,0.1872641277618408,343.0,268.0,True,0.001882,0.1898783743944168,343.0,268.0,True,0.000356,0.2185297292070388,384.0,310.0,True,True,True,0.001627,1.0,7.0,73.95069122314453,49,0.6931471824645996,True,0.030177354812622,-0.001526,0.028651354812622015,-0.004231,0.2139427292070388,41.0,42.0,-0.00151,-0.0011949999999999999,True,True,False
1,/home/sunshixin/chenchao/my_rlaf/runs/analysis/echosat_symmetry_grpo_v1_7_acceptance_v1_2_iter15_canonical_low_warmup_wc1_per_instance.csv,0,subset_cardinality_bw12,perm_seed1731,subset_cardinality_bw12_perm1731,subset_cardinality,weak_symmetry,large,main,weak,49,108,10.0,5.0,/home/sunshixin/chenchao/my_rlaf/runs/GNN_Glucose_3SAT_EchoSAT_SymmetryGRPO_v1_2_WC1_HardNeg_Full/iter=15.pt,0.000567,0.000567,393.0,297.0,True,0.003058,0.003058,439.0,311.0,True,0.001999,0.1873811277618408,363.0,285.0,True,0.001999,0.1887361311973929,363.0,285.0,True,0.002144,0.219058486010015,383.0,305.0,True,True,True,0.000384,1.0,7.0,75.07693481445312,49,0.6931471824645996,True,0.030177354812622,0.00014500000000000016,0.030322354812622104,0.001577,0.218491486010015,20.0,20.0,0.002491,-0.001059,False,False,False
1,/home/sunshixin/chenchao/my_rlaf/runs/analysis/echosat_symmetry_grpo_v1_7_acceptance_v1_2_iter15_canonical_low_warmup_wc1_per_instance.csv,0,subset_cardinality_bw8,base,subset_cardinality_bw8,subset_cardinality,weak_symmetry,medium,main,weak,33,76,10.0,5.0,/home/sunshixin/chenchao/my_rlaf/runs/GNN_Glucose_3SAT_EchoSAT_SymmetryGRPO_v1_2_WC1_HardNeg_Full/iter=15.pt,0.000994,0.000994,89.0,67.0,True,0.000626,0.000626,106.0,76.0,True,0.001242,0.1866241277618408,84.0,69.0,True,0.001242,0.1889603310117721,84.0,69.0,True,0.001295,0.2191906858243942,93.0,79.0,True,True,True,0.001359,1.0,12.0,54.99262619018555,33,0.6931471824645996,True,0.030177354812622,5.299999999999988e-05,0.030230354812622096,0.00030099999999999984,0.2181966858243942,9.0,10.0,-0.00036800000000000005,0.000616,False,False,False
1,/home/sunshixin/chenchao/my_rlaf/runs/analysis/echosat_symmetry_grpo_v1_7_acceptance_v1_2_iter15_canonical_low_warmup_wc1_per_instance.csv,0,subset_cardinality_bw8,perm_seed1730,subset_cardinality_bw8_perm1730,subset_cardinality,weak_symmetry,medium,main,weak,33,76,10.0,5.0,/home/sunshixin/chenchao/my_rlaf/runs/GNN_Glucose_3SAT_EchoSAT_SymmetryGRPO_v1_2_WC1_HardNeg_Full/iter=15.pt,0.001478,0.001478,110.0,76.0,True,0.001872,0.001872,127.0,80.0,True,0.00109,0.1864721277618408,100.0,79.0,True,0.00109,0.1879002799044251,100.0,79.0,True,0.00125,0.2182376347170472,103.0,83.0,True,True,True,0.000497,1.0,5.0,49.16338348388672,33,0.6931471824645996,True,0.030177354812622,0.00015999999999999999,0.03033735481262212,-0.0002279999999999999,0.2167596347170472,3.0,4.0,0.00039400000000000004,-0.0007819999999999999,False,True,False
1,/home/sunshixin/chenchao/my_rlaf/runs/analysis/echosat_symmetry_grpo_v1_7_acceptance_v1_2_iter15_canonical_low_warmup_wc1_per_instance.csv,0,subset_cardinality_bw8,perm_seed1731,subset_cardinality_bw8_perm1731,subset_cardinality,weak_symmetry,medium,main,weak,33,76,10.0,5.0,/home/sunshixin/chenchao/my_rlaf/runs/GNN_Glucose_3SAT_EchoSAT_SymmetryGRPO_v1_2_WC1_HardNeg_Full/iter=15.pt,0.001084,0.001084,91.0,70.0,True,0.001823,0.001823,102.0,79.0,True,0.001078,0.1864601277618408,81.0,70.0,True,0.001078,0.1886503145797848,81.0,70.0,True,0.001096,0.2188456693924069,95.0,79.0,True,True,True,0.0012,1.0,11.0,55.44180679321289,33,0.6931471824645996,True,0.030177354812622,1.8000000000000004e-05,0.030195354812622116,1.2000000000000075e-05,0.2177616693924069,14.0,9.0,0.0007390000000000001,-0.000745,False,False,False
1,/home/sunshixin/chenchao/my_rlaf/runs/analysis/echosat_symmetry_grpo_v1_7_acceptance_v1_2_iter15_canonical_low_warmup_wc1_per_instance.csv,1,k10_color9,base,k10_color9,complete_coloring,strong_symmetry,large,main,strong,90,775,10.0,5.0,/home/sunshixin/chenchao/my_rlaf/runs/GNN_Glucose_3SAT_EchoSAT_SymmetryGRPO_v1_2_WC1_HardNeg_Full/iter=15.pt,4.17817,4.17817,340861.0,314066.0,True,4.12885,4.12885,322229.0,299168.0,True,4.10216,4.715640806350708,321840.0,298649.0,True,4.10216,4.724499364357769,321840.0,298649.0,True,3.01064,3.668883056603253,234018.0,217098.0,True,True,True,0.007463,1.0,8.0,136.93209838867188,90,0.6931471824645996,True,0.0359036922454834,-1.0915199999999996,-1.0556163077545158,-1.1675299999999997,-0.5092869433967468,-87822.0,-81551.0,-0.04931999999999981,-0.026690000000000325,True,True,True
1,/home/sunshixin/chenchao/my_rlaf/runs/analysis/echosat_symmetry_grpo_v1_7_acceptance_v1_2_iter15_canonical_low_warmup_wc1_per_instance.csv,1,k10_color9,perm_seed1730,k10_color9_perm1730,complete_coloring,strong_symmetry,large,main,strong,90,775,10.0,5.0,/home/sunshixin/chenchao/my_rlaf/runs/GNN_Glucose_3SAT_EchoSAT_SymmetryGRPO_v1_2_WC1_HardNeg_Full/iter=15.pt,4.88953,4.88953,413643.0,382655.0,True,5.07081,5.07081,283792.0,262594.0,True,4.31007,4.923550806350708,247778.0,229737.0,True,4.31007,4.932280781585336,247778.0,229737.0,True,4.48268,5.14079447383082,293797.0,275194.0,True,True,True,0.007671,1.0,8.0,136.98228454589844,90,0.6931471824645996,True,0.0359036922454834,0.1726100000000006,0.20851369224548488,-0.4068499999999995,0.25126447383082073,46019.0,45457.0,0.1812800000000001,-0.7607400000000002,False,True,False
1,/home/sunshixin/chenchao/my_rlaf/runs/analysis/echosat_symmetry_grpo_v1_7_acceptance_v1_2_iter15_canonical_low_warmup_wc1_per_instance.csv,1,k10_color9,perm_seed1731,k10_color9_perm1731,complete_coloring,strong_symmetry,large,main,strong,90,775,10.0,5.0,/home/sunshixin/chenchao/my_rlaf/runs/GNN_Glucose_3SAT_EchoSAT_SymmetryGRPO_v1_2_WC1_HardNeg_Full/iter=15.pt,4.16088,4.16088,340033.0,312592.0,True,4.2158,4.2158,290369.0,269757.0,True,3.89938,4.512860806350708,290369.0,269757.0,True,3.89938,4.517183997015774,290369.0,269757.0,True,4.14665,4.800357689261258,274350.0,258764.0,True,True,True,0.003317,1.0,8.0,137.00555419921875,90,0.6931471824645996,True,0.0359036922454834,0.24727000000000032,0.2831736922454837,-0.01422999999999952,0.6394776892612581,-16019.0,-10993.0,0.05492000000000008,-0.3164199999999999,False,True,False
1,/home/sunshixin/chenchao/my_rlaf/runs/analysis/echosat_symmetry_grpo_v1_7_acceptance_v1_2_iter15_canonical_low_warmup_wc1_per_instance.csv,1,k8_color7,base,k8_color7,complete_coloring,strong_symmetry,large,main,strong,56,372,10.0,5.0,/home/sunshixin/chenchao/my_rlaf/runs/GNN_Glucose_3SAT_EchoSAT_SymmetryGRPO_v1_2_WC1_HardNeg_Full/iter=15.pt,0.049259,0.049259,6158.0,5600.0,True,0.046526,0.046526,5946.0,5440.0,True,0.041709,0.655189806350708,5946.0,5440.0,True,0.041709,0.6607342021055818,5946.0,5440.0,True,0.040138,0.6950668943510652,5995.0,5516.0,True,True,True,0.004359,1.0,6.0,84.73548889160156,56,0.6931471824645996,True,0.0359036922454834,-0.001571000000000003,0.03433269224548341,-0.009120999999999997,0.6458078943510652,49.0,76.0,-0.0027329999999999993,-0.004816999999999995,True,True,False
1,/home/sunshixin/chenchao/my_rlaf/runs/analysis/echosat_symmetry_grpo_v1_7_acceptance_v1_2_iter15_canonical_low_warmup_wc1_per_instance.csv,1,k8_color7,perm_seed1730,k8_color7_perm1730,complete_coloring,strong_symmetry,large,main,strong,56,372,10.0,5.0,/home/sunshixin/chenchao/my_rlaf/runs/GNN_Glucose_3SAT_EchoSAT_SymmetryGRPO_v1_2_WC1_HardNeg_Full/iter=15.pt,0.061071,0.061071,6138.0,5624.0,True,0.053869,0.053869,6264.0,5696.0,True,0.044734,0.6582148063507081,6264.0,5696.0,True,0.044734,0.6709579977674485,6264.0,5696.0,True,0.042205,0.7043326900129319,5895.0,5403.0,True,True,True,0.004208,1.0,6.0,84.79159545898438,56,0.6931471824645996,True,0.0359036922454834,-0.0025290000000000035,0.033374692245483395,-0.018866,0.6432616900129319,-369.0,-293.0,-0.007202,-0.009134999999999997,True,True,False
1,/home/sunshixin/chenchao/my_rlaf/runs/analysis/echosat_symmetry_grpo_v1_7_acceptance_v1_2_iter15_canonical_low_warmup_wc1_per_instance.csv,1,k8_color7,perm_seed1731,k8_color7_perm1731,complete_coloring,strong_symmetry,large,main,strong,56,372,10.0,5.0,/home/sunshixin/chenchao/my_rlaf/runs/GNN_Glucose_3SAT_EchoSAT_SymmetryGRPO_v1_2_WC1_HardNeg_Full/iter=15.pt,0.034522,0.034522,5800.0,5271.0,True,0.050462,0.050462,6148.0,5641.0,True,0.06133,0.674810806350708,6148.0,5641.0,True,0.06133,0.6797286943904162,6148.0,5641.0,True,0.03566,0.6899623866358996,6048.0,5528.0,True,True,True,0.003966,1.0,6.0,84.7841796875,56,0.6931471824645996,True,0.0359036922454834,-0.025670000000000005,0.010233692245483428,0.0011380000000000001,0.6554403866358995,-100.0,-113.0,0.015940000000000003,0.010868000000000003,True,False,False
1,/home/sunshixin/chenchao/my_rlaf/runs/analysis/echosat_symmetry_grpo_v1_7_acceptance_v1_2_iter15_canonical_low_warmup_wc1_per_instance.csv,1,k9_color8,base,k9_color8,complete_coloring,strong_symmetry,large,main,strong,72,549,10.0,5.0,/home/sunshixin/chenchao/my_rlaf/runs/GNN_Glucose_3SAT_EchoSAT_SymmetryGRPO_v1_2_WC1_HardNeg_Full/iter=15.pt,0.655916,0.655916,46557.0,43529.0,True,0.640212,0.640212,44352.0,41138.0,True,0.677109,1.290589806350708,43519.0,40436.0,True,0.677109,1.2970803239884972,43519.0,40436.0,True,0.550734,1.2066090162339806,42086.0,39187.0,True,True,True,0.005596,1.0,7.0,109.32144165039062,72,0.6931471824645996,True,0.0359036922454834,-0.12637500000000002,-0.0904713077545165,-0.10518200000000011,0.5506930162339806,-1433.0,-1249.0,-0.01570400000000005,0.03689699999999996,True,True,False
1,/home/sunshixin/chenchao/my_rlaf/runs/analysis/echosat_symmetry_grpo_v1_7_acceptance_v1_2_iter15_canonical_low_warmup_wc1_per_instance.csv,1,k9_color8,perm_seed1730,k9_color8_perm1730,complete_coloring,strong_symmetry,large,main,strong,72,549,10.0,5.0,/home/sunshixin/chenchao/my_rlaf/runs/GNN_Glucose_3SAT_EchoSAT_SymmetryGRPO_v1_2_WC1_HardNeg_Full/iter=15.pt,0.435546,0.435546,39708.0,36681.0,True,0.665586,0.665586,45794.0,42555.0,True,0.672517,1.285997806350708,45794.0,42555.0,True,0.672517,1.2893140411261916,45794.0,42555.0,True,0.461682,1.114382733371675,44807.0,41502.0,True,True,True,0.002235,1.0,7.0,109.58531951904295,72,0.6931471824645996,True,0.0359036922454834,-0.21083500000000005,-0.1749313077545167,0.026135999999999993,0.6788367333716749,-987.0,-1053.0,0.23004000000000002,0.0069310000000000205,True,False,False
1,/home/sunshixin/chenchao/my_rlaf/runs/analysis/echosat_symmetry_grpo_v1_7_acceptance_v1_2_iter15_canonical_low_warmup_wc1_per_instance.csv,1,k9_color8,perm_seed1731,k9_color8_perm1731,complete_coloring,strong_symmetry,large,main,strong,72,549,10.0,5.0,/home/sunshixin/chenchao/my_rlaf/runs/GNN_Glucose_3SAT_EchoSAT_SymmetryGRPO_v1_2_WC1_HardNeg_Full/iter=15.pt,0.589746,0.589746,47177.0,43763.0,True,0.898737,0.898737,47579.0,44103.0,True,0.722392,0.8190204275054932,47579.0,44103.0,True,0.722392,0.8250019257954956,47579.0,44103.0,True,0.518029,0.6376088450002074,44246.0,41050.0,True,True,True,0.00509,1.0,7.0,109.56788635253906,72,0.6931471824645996,True,0.0169699192047119,-0.20436300000000007,-0.18739308079528816,-0.07171700000000003,0.04786284500020743,-3333.0,-3053.0,0.308991,-0.17634499999999997,True,True,False
1,/home/sunshixin/chenchao/my_rlaf/runs/analysis/echosat_symmetry_grpo_v1_7_acceptance_v1_2_iter15_canonical_low_warmup_wc1_per_instance.csv,1,php_p10_h9,base,php_p10_h9,php,strong_symmetry,large,main,strong,90,775,10.0,5.0,/home/sunshixin/chenchao/my_rlaf/runs/GNN_Glucose_3SAT_EchoSAT_SymmetryGRPO_v1_2_WC1_HardNeg_Full/iter=15.pt,4.18908,4.18908,340861.0,314066.0,True,4.359,4.359,322229.0,299168.0,True,4.10249,4.199118427505494,321840.0,298649.0,True,4.10249,4.206966217668176,321840.0,298649.0,True,2.97104,3.0924861368728878,234018.0,217098.0,True,True,True,0.006877,1.0,8.0,136.93209838867188,90,0.6931471824645996,True,0.0169699192047119,-1.1314500000000005,-1.1144800807952886,-1.2180399999999998,-1.096593863127112,-87822.0,-81551.0,0.1699200000000003,-0.25650999999999957,True,True,True
1,/home/sunshixin/chenchao/my_rlaf/runs/analysis/echosat_symmetry_grpo_v1_7_acceptance_v1_2_iter15_canonical_low_warmup_wc1_per_instance.csv,1,php_p10_h9,perm_seed1730,php_p10_h9_perm1730,php,strong_symmetry,large,main,strong,90,775,10.0,5.0,/home/sunshixin/chenchao/my_rlaf/runs/GNN_Glucose_3SAT_EchoSAT_SymmetryGRPO_v1_2_WC1_HardNeg_Full/iter=15.pt,4.92464,4.92464,413643.0,382655.0,True,5.00068,5.00068,283792.0,262594.0,True,3.74763,3.844258427505493,247778.0,229737.0,True,3.74763,3.8530026202127337,247778.0,229737.0,True,3.82362,3.9459625394174456,262949.0,244730.0,True,True,True,0.007745,1.0,8.0,136.98228454589844,90,0.6931471824645996,True,0.0169699192047119,0.07599,0.09295991920471192,-1.10102,-0.9786774605825546,15171.0,14993.0,0.07603999999999989,-1.25305,False,True,True
1,/home/sunshixin/chenchao/my_rlaf/runs/analysis/echosat_symmetry_grpo_v1_7_acceptance_v1_2_iter15_canonical_low_warmup_wc1_per_instance.csv,1,php_p10_h9,perm_seed1731,php_p10_h9_perm1731,php,strong_symmetry,large,main,strong,90,775,10.0,5.0,/home/sunshixin/chenchao/my_rlaf/runs/GNN_Glucose_3SAT_EchoSAT_SymmetryGRPO_v1_2_WC1_HardNeg_Full/iter=15.pt,4.07721,4.07721,340033.0,312592.0,True,3.91737,3.91737,290369.0,269757.0,True,4.75374,4.850368427505493,290369.0,269757.0,True,4.75374,4.855320304399788,290369.0,269757.0,True,4.11747,4.2360202236045,274350.0,258764.0,True,True,True,0.003996,1.0,8.0,137.00555419921875,90,0.6931471824645996,True,0.0169699192047119,-0.6362699999999997,-0.6193000807952878,0.04025999999999996,0.15881022360450014,-16019.0,-10993.0,-0.15983999999999998,0.8363699999999996,True,False,False
1,/home/sunshixin/chenchao/my_rlaf/runs/analysis/echosat_symmetry_grpo_v1_7_acceptance_v1_2_iter15_canonical_low_warmup_wc1_per_instance.csv,1,php_p9_h8,base,php_p9_h8,php,strong_symmetry,large,main,strong,72,549,10.0,5.0,/home/sunshixin/chenchao/my_rlaf/runs/GNN_Glucose_3SAT_EchoSAT_SymmetryGRPO_v1_2_WC1_HardNeg_Full/iter=15.pt,0.675992,0.675992,46557.0,43529.0,True,0.637353,0.637353,44352.0,41138.0,True,0.541127,0.6377554275054932,43519.0,40436.0,True,0.541127,0.6418414498624205,43519.0,40436.0,True,0.567818,0.6855023690671325,42086.0,39187.0,True,True,True,0.003168,1.0,7.0,109.32144165039062,72,0.6931471824645996,True,0.0169699192047119,0.02669100000000002,0.043660919204711934,-0.10817399999999999,0.00951036906713243,-1433.0,-1249.0,-0.03863900000000009,-0.09622599999999992,False,True,False
1,/home/sunshixin/chenchao/my_rlaf/runs/analysis/echosat_symmetry_grpo_v1_7_acceptance_v1_2_iter15_canonical_low_warmup_wc1_per_instance.csv,1,php_p9_h8,perm_seed1730,php_p9_h8_perm1730,php,strong_symmetry,large,main,strong,72,549,10.0,5.0,/home/sunshixin/chenchao/my_rlaf/runs/GNN_Glucose_3SAT_EchoSAT_SymmetryGRPO_v1_2_WC1_HardNeg_Full/iter=15.pt,0.449965,0.449965,39708.0,36681.0,True,0.762561,0.762561,45794.0,42555.0,True,0.619308,0.7159364275054931,45794.0,42555.0,True,0.619308,0.7220908549429178,45794.0,42555.0,True,0.484091,0.6038437741476297,44807.0,41502.0,True,True,True,0.005089,1.0,7.0,109.58531951904295,72,0.6931471824645996,True,0.0169699192047119,-0.13521699999999998,-0.11824708079528812,0.03412599999999999,0.15387877414762968,-987.0,-1053.0,0.31259600000000004,-0.14325300000000007,True,False,False
1,/home/sunshixin/chenchao/my_rlaf/runs/analysis/echosat_symmetry_grpo_v1_7_acceptance_v1_2_iter15_canonical_low_warmup_wc1_per_instance.csv,1,php_p9_h8,perm_seed1731,php_p9_h8_perm1731,php,strong_symmetry,large,main,strong,72,549,10.0,5.0,/home/sunshixin/chenchao/my_rlaf/runs/GNN_Glucose_3SAT_EchoSAT_SymmetryGRPO_v1_2_WC1_HardNeg_Full/iter=15.pt,0.604371,0.604371,47177.0,43763.0,True,0.683261,0.683261,47579.0,44103.0,True,0.645245,0.7418734275054931,47579.0,44103.0,True,0.645245,0.7465839167596101,47579.0,44103.0,True,0.536146,0.6544548359643221,44246.0,41050.0,True,True,True,0.003752,1.0,7.0,109.56788635253906,72,0.6931471824645996,True,0.0169699192047119,-0.10909899999999995,-0.09212908079528803,-0.06822499999999998,0.05008383596432209,-3333.0,-3053.0,0.07889000000000002,-0.03801600000000005,True,True,False
1,/home/sunshixin/chenchao/my_rlaf/runs/analysis/echosat_symmetry_grpo_v1_7_acceptance_v1_2_iter15_canonical_low_warmup_wc1_per_instance.csv,1,random_3sat_control_v160_c704_seed2615,base,random_3sat_control_v160_c704_seed2615,random_3sat_control,non_symmetric_control,large,control,none,160,704,10.0,5.0,/home/sunshixin/chenchao/my_rlaf/runs/GNN_Glucose_3SAT_EchoSAT_SymmetryGRPO_v1_2_WC1_HardNeg_Full/iter=15.pt,0.058271,0.058271,6771.0,5767.0,True,0.06059,0.06059,5702.0,4813.0,True,0.053475,0.1501034275054931,4859.0,4212.0,True,0.053475,0.1547942387151718,4859.0,4212.0,True,0.04952,0.1678091579198837,5289.0,4519.0,True,False,False,0.003555,1.0,20.0,250.25311279296875,160,0.6931471824645996,True,0.0169699192047119,-0.003955,0.0130149192047119,-0.008751000000000002,0.10953815791988371,430.0,307.0,0.0023189999999999947,-0.007114999999999996,True,True,False
1,/home/sunshixin/chenchao/my_rlaf/runs/analysis/echosat_symmetry_grpo_v1_7_acceptance_v1_2_iter15_canonical_low_warmup_wc1_per_instance.csv,1,random_3sat_control_v160_c704_seed2615,perm_seed1730,random_3sat_control_v160_c704_seed2615_perm1730,random_3sat_control,non_symmetric_control,large,control,none,160,704,10.0,5.0,/home/sunshixin/chenchao/my_rlaf/runs/GNN_Glucose_3SAT_EchoSAT_SymmetryGRPO_v1_2_WC1_HardNeg_Full/iter=15.pt,0.09315,0.09315,8522.0,7299.0,True,0.091797,0.091797,7934.0,6809.0,True,0.04905,0.2376364734649658,4602.0,4008.0,True,0.04905,0.2425346934306621,4602.0,4008.0,True,0.053887,0.2525088985545635,5397.0,4621.0,True,False,False,0.003805,1.0,20.0,250.9976043701172,160,0.6931471824645996,True,0.0051372051239013,0.004836999999999994,0.009974205123901375,-0.039263,0.15935889855456348,795.0,613.0,-0.001352999999999993,-0.042747,False,True,False
1,/home/sunshixin/chenchao/my_rlaf/runs/analysis/echosat_symmetry_grpo_v1_7_acceptance_v1_2_iter15_canonical_low_warmup_wc1_per_instance.csv,1,random_3sat_control_v160_c704_seed2615,perm_seed1731,random_3sat_control_v160_c704_seed2615_perm1731,random_3sat_control,non_symmetric_control,large,control,none,160,704,10.0,5.0,/home/sunshixin/chenchao/my_rlaf/runs/GNN_Glucose_3SAT_EchoSAT_SymmetryGRPO_v1_2_WC1_HardNeg_Full/iter=15.pt,0.056379,0.056379,5676.0,4847.0,True,0.098822,0.098822,8017.0,6851.0,True,0.055722,0.2443084734649658,4961.0,4384.0,True,0.055722,0.2473862668401003,4961.0,4384.0,True,0.050861,0.2476624719640016,5754.0,4947.0,True,False,False,0.001838,1.0,20.0,250.14382934570312,160,0.6931471824645996,True,0.0051372051239013,-0.004860999999999997,0.00027620512390130747,-0.005517999999999995,0.19128347196400158,793.0,563.0,0.042442999999999995,-0.04309999999999999,True,True,False
1,/home/sunshixin/chenchao/my_rlaf/runs/analysis/echosat_symmetry_grpo_v1_7_acceptance_v1_2_iter15_canonical_low_warmup_wc1_per_instance.csv,1,random_3sat_control_v180_c760_seed3301,base,random_3sat_control_v180_c760_seed3301,random_3sat_control,non_symmetric_control,large,control,none,180,760,10.0,5.0,/home/sunshixin/chenchao/my_rlaf/runs/GNN_Glucose_3SAT_EchoSAT_SymmetryGRPO_v1_2_WC1_HardNeg_Full/iter=15.pt,0.573018,0.573018,27442.0,23617.0,True,0.173279,0.173279,10470.0,8910.0,True,0.016024,0.2046104734649658,693.0,567.0,True,0.016024,0.211465553589642,693.0,567.0,True,0.631781,0.8323597587135434,40481.0,35966.0,True,False,False,0.005689,1.0,25.0,290.802978515625,180,0.6931471824645996,True,0.0051372051239013,0.615757,0.6208942051239014,0.05876300000000001,0.25934175871354337,39788.0,35399.0,-0.39973900000000007,-0.15725499999999998,False,False,False
1,/home/sunshixin/chenchao/my_rlaf/runs/analysis/echosat_symmetry_grpo_v1_7_acceptance_v1_2_iter15_canonical_low_warmup_wc1_per_instance.csv,1,random_3sat_control_v180_c760_seed3301,perm_seed1730,random_3sat_control_v180_c760_seed3301_perm1730,random_3sat_control,non_symmetric_control,large,control,none,180,760,10.0,5.0,/home/sunshixin/chenchao/my_rlaf/runs/GNN_Glucose_3SAT_EchoSAT_SymmetryGRPO_v1_2_WC1_HardNeg_Full/iter=15.pt,1.05353,1.05353,47649.0,41152.0,True,0.097041,0.097041,7421.0,6253.0,True,0.016412,0.2049984734649658,643.0,525.0,True,0.016412,0.2111829786350131,643.0,525.0,True,0.56685,0.7667581837589145,37207.0,32912.0,True,False,False,0.005001,1.0,25.0,292.0396728515625,180,0.6931471824645996,True,0.0051372051239013,0.550438,0.5555752051239014,-0.4866800000000001,-0.2867718162410856,36564.0,32387.0,-0.956489,-0.080629,False,True,True
1,/home/sunshixin/chenchao/my_rlaf/runs/analysis/echosat_symmetry_grpo_v1_7_acceptance_v1_2_iter15_canonical_low_warmup_wc1_per_instance.csv,1,random_3sat_control_v180_c760_seed3301,perm_seed1731,random_3sat_control_v180_c760_seed3301_perm1731,random_3sat_control,non_symmetric_control,large,control,none,180,760,10.0,5.0,/home/sunshixin/chenchao/my_rlaf/runs/GNN_Glucose_3SAT_EchoSAT_SymmetryGRPO_v1_2_WC1_HardNeg_Full/iter=15.pt,0.47973,0.47973,27197.0,23469.0,True,0.157871,0.157871,9011.0,7714.0,True,0.007744,0.1963304734649658,590.0,484.0,True,0.007744,0.2013950874571204,590.0,484.0,True,0.710174,0.9089622925810218,45474.0,40090.0,True,False,False,0.003808,1.0,25.0,291.0475769042969,180,0.6931471824645996,True,0.0051372051239013,0.70243,0.7075672051239014,0.23044399999999998,0.4292322925810218,44884.0,39606.0,-0.321859,-0.150127,False,False,False
1,/home/sunshixin/chenchao/my_rlaf/runs/analysis/echosat_symmetry_grpo_v1_7_acceptance_v1_2_iter15_canonical_low_warmup_wc1_per_instance.csv,1,random_3sat_control_v220_c928_seed3303,base,random_3sat_control_v220_c928_seed3303,random_3sat_control,non_symmetric_control,large,control,none,220,928,10.0,5.0,/home/sunshixin/chenchao/my_rlaf/runs/GNN_Glucose_3SAT_EchoSAT_SymmetryGRPO_v1_2_WC1_HardNeg_Full/iter=15.pt,0.715805,0.715805,30277.0,25994.0,True,0.497816,0.497816,22265.0,19025.0,True,0.003968,0.1925544734649658,62.0,4.0,True,0.003968,0.1996874491517543,62.0,4.0,True,0.002123,0.2029796542756557,338.0,241.0,True,False,False,0.00577,1.0,28.0,332.48345947265625,220,0.6931471824645996,True,0.0051372051239013,-0.0018450000000000003,0.0032922051239014094,-0.713682,-0.5128253457243444,276.0,237.0,-0.21798900000000004,-0.49384799999999995,True,True,True
1,/home/sunshixin/chenchao/my_rlaf/runs/analysis/echosat_symmetry_grpo_v1_7_acceptance_v1_2_iter15_canonical_low_warmup_wc1_per_instance.csv,1,random_3sat_control_v220_c928_seed3303,perm_seed1730,random_3sat_control_v220_c928_seed3303_perm1730,random_3sat_control,non_symmetric_control,large,control,none,220,928,10.0,5.0,/home/sunshixin/chenchao/my_rlaf/runs/GNN_Glucose_3SAT_EchoSAT_SymmetryGRPO_v1_2_WC1_HardNeg_Full/iter=15.pt,1.42778,1.42778,52742.0,45477.0,True,0.257551,0.257551,13039.0,11071.0,True,0.003909,0.1924954734649658,62.0,4.0,True,0.003909,0.1993998029773235,62.0,4.0,True,0.006294,0.2069220081012248,334.0,226.0,True,False,False,0.005704,1.0,28.0,330.46795654296875,220,0.6931471824645996,True,0.0051372051239013,0.002385,0.00752220512390131,-1.421486,-1.2208579918987752,272.0,222.0,-1.170229,-0.253642,False,True,True
1,/home/sunshixin/chenchao/my_rlaf/runs/analysis/echosat_symmetry_grpo_v1_7_acceptance_v1_2_iter15_canonical_low_warmup_wc1_per_instance.csv,1,random_3sat_control_v220_c928_seed3303,perm_seed1731,random_3sat_control_v220_c928_seed3303_perm1731,random_3sat_control,non_symmetric_control,large,control,none,220,928,10.0,5.0,/home/sunshixin/chenchao/my_rlaf/runs/GNN_Glucose_3SAT_EchoSAT_SymmetryGRPO_v1_2_WC1_HardNeg_Full/iter=15.pt,0.05232,0.05232,4930.0,4147.0,True,0.383755,0.383755,19684.0,16814.0,True,0.004005,0.1925914734649658,63.0,4.0,True,0.004005,0.1964228400843739,63.0,4.0,True,0.003293,0.2008480452082753,347.0,245.0,True,False,False,0.002589,1.0,28.0,331.7943725585937,220,0.6931471824645996,True,0.0051372051239013,-0.000712,0.004425205123901377,-0.049027,0.14852804520827528,284.0,241.0,0.33143500000000004,-0.37975000000000003,True,True,False
1,/home/sunshixin/chenchao/my_rlaf/runs/analysis/echosat_symmetry_grpo_v1_7_acceptance_v1_2_iter15_canonical_low_warmup_wc1_per_instance.csv,1,random_3sat_control_v220_c942_seed3304,base,random_3sat_control_v220_c942_seed3304,random_3sat_control,non_symmetric_control,large,control,none,220,942,10.0,5.0,/home/sunshixin/chenchao/my_rlaf/runs/GNN_Glucose_3SAT_EchoSAT_SymmetryGRPO_v1_2_WC1_HardNeg_Full/iter=15.pt,0.663524,0.663524,35472.0,30813.0,True,0.953348,0.953348,41376.0,36046.0,True,0.423224,0.710408476852417,26754.0,23980.0,True,0.423224,0.7162415287761688,26754.0,23980.0,True,0.623127,0.9882957128582,40178.0,35793.0,True,False,False,0.004579,1.0,24.0,322.4337158203125,220,0.6931471824645996,True,0.0721511840820312,0.199903,0.2720541840820312,-0.040397000000000016,0.32477171285819995,13424.0,11813.0,0.28982399999999997,-0.530124,False,True,False
1,/home/sunshixin/chenchao/my_rlaf/runs/analysis/echosat_symmetry_grpo_v1_7_acceptance_v1_2_iter15_canonical_low_warmup_wc1_per_instance.csv,1,random_3sat_control_v220_c942_seed3304,perm_seed1730,random_3sat_control_v220_c942_seed3304_perm1730,random_3sat_control,non_symmetric_control,large,control,none,220,942,10.0,5.0,/home/sunshixin/chenchao/my_rlaf/runs/GNN_Glucose_3SAT_EchoSAT_SymmetryGRPO_v1_2_WC1_HardNeg_Full/iter=15.pt,0.745371,0.745371,34825.0,30052.0,True,0.609147,0.609147,33221.0,28818.0,True,0.410565,0.6977494768524171,26445.0,23804.0,True,0.410565,0.7054707887932062,26445.0,23804.0,True,0.650714,1.0177709728752375,41430.0,37011.0,True,False,False,0.006199,1.0,24.0,324.02960205078125,220,0.6931471824645996,True,0.0721511840820312,0.240149,0.3123001840820313,-0.09465699999999999,0.27239997287523754,14985.0,13207.0,-0.136224,-0.19858199999999998,False,True,False
1,/home/sunshixin/chenchao/my_rlaf/runs/analysis/echosat_symmetry_grpo_v1_7_acceptance_v1_2_iter15_canonical_low_warmup_wc1_per_instance.csv,1,random_3sat_control_v220_c942_seed3304,perm_seed1731,random_3sat_control_v220_c942_seed3304_perm1731,random_3sat_control,non_symmetric_control,large,control,none,220,942,10.0,5.0,/home/sunshixin/chenchao/my_rlaf/runs/GNN_Glucose_3SAT_EchoSAT_SymmetryGRPO_v1_2_WC1_HardNeg_Full/iter=15.pt,0.71698,0.71698,38737.0,33758.0,True,0.818419,0.818419,38909.0,33544.0,True,0.408772,0.695956476852417,26149.0,23448.0,True,0.408772,0.7044305246710181,26149.0,23448.0,True,0.641162,1.0089717087530494,39359.0,35082.0,True,False,False,0.007117,1.0,24.0,324.64569091796875,220,0.6931471824645996,True,0.0721511840820312,0.23238999999999999,0.30454118408203135,-0.07581799999999994,0.2919917087530495,13210.0,11634.0,0.10143900000000006,-0.409647,False,True,False
1,/home/sunshixin/chenchao/my_rlaf/runs/analysis/echosat_symmetry_grpo_v1_7_acceptance_v1_2_iter15_canonical_low_warmup_wc1_per_instance.csv,1,random_3sat_control_v260_c1097_seed3305,base,random_3sat_control_v260_c1097_seed3305,random_3sat_control,non_symmetric_control,large,control,none,260,1097,10.0,5.0,/home/sunshixin/chenchao/my_rlaf/runs/GNN_Glucose_3SAT_EchoSAT_SymmetryGRPO_v1_2_WC1_HardNeg_Full/iter=15.pt,6.94086,6.94086,216854.0,188499.0,True,2.4249,2.4249,73626.0,64181.0,True,1.45193,1.739114476852417,60642.0,54350.0,True,1.45193,1.7457058961099985,60642.0,54350.0,True,2.18792,2.5538470801920297,88482.0,78928.0,True,False,False,0.005316,1.0,35.0,390.6428833007813,260,0.6931471824645996,True,0.0721511840820312,0.7359900000000001,0.8081411840820312,-4.75294,-4.387012919807971,27840.0,24578.0,-4.51596,-0.9729700000000001,False,True,True
1,/home/sunshixin/chenchao/my_rlaf/runs/analysis/echosat_symmetry_grpo_v1_7_acceptance_v1_2_iter15_canonical_low_warmup_wc1_per_instance.csv,1,random_3sat_control_v260_c1097_seed3305,perm_seed1730,random_3sat_control_v260_c1097_seed3305_perm1730,random_3sat_control,non_symmetric_control,large,control,none,260,1097,10.0,5.0,/home/sunshixin/chenchao/my_rlaf/runs/GNN_Glucose_3SAT_EchoSAT_SymmetryGRPO_v1_2_WC1_HardNeg_Full/iter=15.pt,7.49168,7.49168,224505.0,195557.0,True,0.574387,0.574387,27246.0,23387.0,True,1.52042,1.807604476852417,60686.0,54724.0,True,1.52042,1.816457438471556,60686.0,54724.0,True,2.56529,2.933478622553587,100679.0,89754.0,True,False,False,0.007564,1.0,35.0,390.0680847167969,260,0.6931471824645996,True,0.0721511840820312,1.04487,1.117021184082031,-4.92639,-4.558201377446412,39993.0,35030.0,-6.917293,0.9460330000000001,False,True,True
1,/home/sunshixin/chenchao/my_rlaf/runs/analysis/echosat_symmetry_grpo_v1_7_acceptance_v1_2_iter15_canonical_low_warmup_wc1_per_instance.csv,1,random_3sat_control_v260_c1097_seed3305,perm_seed1731,random_3sat_control_v260_c1097_seed3305_perm1731,random_3sat_control,non_symmetric_control,large,control,none,260,1097,10.0,5.0,/home/sunshixin/chenchao/my_rlaf/runs/GNN_Glucose_3SAT_EchoSAT_SymmetryGRPO_v1_2_WC1_HardNeg_Full/iter=15.pt,3.92423,3.92423,105916.0,92052.0,True,5.95301,5.95301,162997.0,142194.0,True,1.07821,1.3653944768524169,48534.0,43247.0,True,1.07821,1.3742429410571455,48534.0,43247.0,True,1.65271,2.0208941251391765,82933.0,73499.0,True,False,False,0.007541,1.0,35.0,389.6698913574219,260,0.6931471824645996,True,0.0721511840820312,0.5745,0.646651184082031,-2.27152,-1.9033358748608236,34399.0,30252.0,2.02878,-4.8748000000000005,False,True,True
1,/home/sunshixin/chenchao/my_rlaf/runs/analysis/echosat_symmetry_grpo_v1_7_acceptance_v1_2_iter15_canonical_low_warmup_wc1_per_instance.csv,1,random_3sat_control_v260_c1113_seed3306,base,random_3sat_control_v260_c1113_seed3306,random_3sat_control,non_symmetric_control,large,control,none,260,1113,10.0,5.0,/home/sunshixin/chenchao/my_rlaf/runs/GNN_Glucose_3SAT_EchoSAT_SymmetryGRPO_v1_2_WC1_HardNeg_Full/iter=15.pt,5.76256,5.76256,178146.0,155541.0,True,6.19325,6.19325,186876.0,163308.0,True,6.38099,6.668174476852417,226200.0,205404.0,True,6.38099,6.674694852749884,226200.0,205404.0,True,6.71589,7.081746036831915,270239.0,238331.0,True,False,False,0.005038,1.0,33.0,397.6284790039063,260,0.6931471824645996,True,0.0721511840820312,0.3349000000000002,0.40705118408203145,0.9533300000000002,1.3191860368319155,44039.0,32927.0,0.43069000000000024,0.1877399999999998,False,False,False
1,/home/sunshixin/chenchao/my_rlaf/runs/analysis/echosat_symmetry_grpo_v1_7_acceptance_v1_2_iter15_canonical_low_warmup_wc1_per_instance.csv,1,random_3sat_control_v260_c1113_seed3306,perm_seed1730,random_3sat_control_v260_c1113_seed3306_perm1730,random_3sat_control,non_symmetric_control,large,control,none,260,1113,10.0,5.0,/home/sunshixin/chenchao/my_rlaf/runs/GNN_Glucose_3SAT_EchoSAT_SymmetryGRPO_v1_2_WC1_HardNeg_Full/iter=15.pt,5.24218,5.24218,171334.0,149746.0,True,6.57729,6.57729,206936.0,180741.0,True,5.4969,5.784084476852417,206101.0,186162.0,True,5.4969,5.792174134713054,206101.0,186162.0,True,6.64421,7.0116353187950855,268313.0,236556.0,True,False,False,0.006484,1.0,33.0,396.3316650390625,260,0.6931471824645996,True,0.0721511840820312,1.14731,1.2194611840820313,1.4020299999999999,1.7694553187950852,62212.0,50394.0,1.3351099999999994,-1.0803899999999995,False,False,False
1,/home/sunshixin/chenchao/my_rlaf/runs/analysis/echosat_symmetry_grpo_v1_7_acceptance_v1_2_iter15_canonical_low_warmup_wc1_per_instance.csv,1,random_3sat_control_v260_c1113_seed3306,perm_seed1731,random_3sat_control_v260_c1113_seed3306_perm1731,random_3sat_control,non_symmetric_control,large,control,none,260,1113,10.0,5.0,/home/sunshixin/chenchao/my_rlaf/runs/GNN_Glucose_3SAT_EchoSAT_SymmetryGRPO_v1_2_WC1_HardNeg_Full/iter=15.pt,6.44772,6.44772,202621.0,177648.0,True,6.9928,6.9928,214985.0,187707.0,True,5.99353,6.596571648864746,217745.0,196903.0,True,5.99353,6.601080681993902,217745.0,196903.0,True,6.92333,7.534345142366827,276540.0,244171.0,True,False,False,0.002849,1.0,33.0,397.0461730957031,260,0.6931471824645996,True,0.0034644603729248,0.9298000000000002,0.933264460372925,0.47560999999999964,1.0866251423668265,58795.0,47268.0,0.5450799999999996,-0.9992700000000001,False,False,False
1,/home/sunshixin/chenchao/my_rlaf/runs/analysis/echosat_symmetry_grpo_v1_7_acceptance_v1_2_iter15_canonical_low_warmup_wc1_per_instance.csv,1,random_3sat_control_v300_c1266_seed3307,base,random_3sat_control_v300_c1266_seed3307,random_3sat_control,non_symmetric_control,large,control,none,300,1266,10.0,5.0,/home/sunshixin/chenchao/my_rlaf/runs/GNN_Glucose_3SAT_EchoSAT_SymmetryGRPO_v1_2_WC1_HardNeg_Full/iter=15.pt,0.250612,0.250612,12894.0,10895.0,True,2.4688,2.4688,71356.0,61376.0,True,0.005176,0.608217648864746,288.0,182.0,True,0.005176,0.617837558948636,288.0,182.0,True,0.046347,0.6624730193215609,3192.0,2608.0,True,False,False,0.008158,1.0,46.0,466.681884765625,300,0.6931471824645996,True,0.0034644603729248,0.041171,0.04463546037292487,-0.204265,0.4118610193215609,2904.0,2426.0,2.218188,-2.463624,False,True,False
1,/home/sunshixin/chenchao/my_rlaf/runs/analysis/echosat_symmetry_grpo_v1_7_acceptance_v1_2_iter15_canonical_low_warmup_wc1_per_instance.csv,1,random_3sat_control_v300_c1266_seed3307,perm_seed1730,random_3sat_control_v300_c1266_seed3307_perm1730,random_3sat_control,non_symmetric_control,large,control,none,300,1266,10.0,5.0,/home/sunshixin/chenchao/my_rlaf/runs/GNN_Glucose_3SAT_EchoSAT_SymmetryGRPO_v1_2_WC1_HardNeg_Full/iter=15.pt,1.30677,1.30677,43103.0,37339.0,True,2.0247,2.0247,63498.0,54506.0,True,0.00858,0.6116216488647461,321.0,205.0,True,0.00858,0.6162277082759738,321.0,205.0,True,0.040081,0.6511931686488986,2791.0,2255.0,True,False,False,0.003286,1.0,46.0,465.9733581542969,300,0.6931471824645996,True,0.0034644603729248,0.031501,0.034965460372924806,-1.266689,-0.6555768313511013,2470.0,2050.0,0.7179300000000002,-2.0161200000000004,False,True,True
1,/home/sunshixin/chenchao/my_rlaf/runs/analysis/echosat_symmetry_grpo_v1_7_acceptance_v1_2_iter15_canonical_low_warmup_wc1_per_instance.csv,1,random_3sat_control_v300_c1266_seed3307,perm_seed1731,random_3sat_control_v300_c1266_seed3307_perm1731,random_3sat_control,non_symmetric_control,large,control,none,300,1266,10.0,5.0,/home/sunshixin/chenchao/my_rlaf/runs/GNN_Glucose_3SAT_EchoSAT_SymmetryGRPO_v1_2_WC1_HardNeg_Full/iter=15.pt,2.08023,2.08023,66962.0,57424.0,True,0.111269,0.111269,7524.0,6304.0,True,0.008926,0.6119676488647461,375.0,247.0,True,0.008926,0.619430854554534,375.0,247.0,True,0.034475,0.6484443149274588,2573.0,2095.0,True,False,False,0.006135,1.0,46.0,465.2885437011719,300,0.6931471824645996,True,0.0034644603729248,0.025549,0.02901346037292485,-2.0457549999999998,-1.431785685072541,2198.0,1848.0,-1.9689609999999997,-0.102343,False,True,True
1,/home/sunshixin/chenchao/my_rlaf/runs/analysis/echosat_symmetry_grpo_v1_7_acceptance_v1_2_iter15_canonical_low_warmup_wc1_per_instance.csv,1,subset_cardinality_bw10,base,subset_cardinality_bw10,subset_cardinality,weak_symmetry,large,main,weak,41,92,10.0,5.0,/home/sunshixin/chenchao/my_rlaf/runs/GNN_Glucose_3SAT_EchoSAT_SymmetryGRPO_v1_2_WC1_HardNeg_Full/iter=15.pt,0.001628,0.001628,193.0,141.0,True,0.0,0.0,237.0,193.0,True,0.000728,0.603769648864746,162.0,142.0,True,0.000728,0.6055435673080086,162.0,142.0,True,0.000439,0.6087190276809334,179.0,149.0,True,True,True,0.000529,1.0,5.0,62.83808517456055,41,0.6931471824645996,True,0.0034644603729248,-0.00028900000000000003,0.003175460372924821,-0.0011890000000000002,0.6070910276809335,17.0,7.0,-0.001628,0.000728,True,True,False
1,/home/sunshixin/chenchao/my_rlaf/runs/analysis/echosat_symmetry_grpo_v1_7_acceptance_v1_2_iter15_canonical_low_warmup_wc1_per_instance.csv,1,subset_cardinality_bw10,perm_seed1730,subset_cardinality_bw10_perm1730,subset_cardinality,weak_symmetry,large,main,weak,41,92,10.0,5.0,/home/sunshixin/chenchao/my_rlaf/runs/GNN_Glucose_3SAT_EchoSAT_SymmetryGRPO_v1_2_WC1_HardNeg_Full/iter=15.pt,0.001244,0.001244,218.0,167.0,True,0.002122,0.002122,221.0,169.0,True,0.0,0.6030416488647461,156.0,137.0,True,0.0,0.6049537693762779,156.0,137.0,True,0.001483,0.6099012297492027,171.0,150.0,True,True,True,0.000365,1.0,6.0,62.92706298828125,41,0.6931471824645996,True,0.0034644603729248,0.001483,0.004947460372924817,0.00023899999999999985,0.6086572297492027,15.0,13.0,0.0008780000000000001,-0.002122,False,False,False
1,/home/sunshixin/chenchao/my_rlaf/runs/analysis/echosat_symmetry_grpo_v1_7_acceptance_v1_2_iter15_canonical_low_warmup_wc1_per_instance.csv,1,subset_cardinality_bw10,perm_seed1731,subset_cardinality_bw10_perm1731,subset_cardinality,weak_symmetry,large,main,weak,41,92,10.0,5.0,/home/sunshixin/chenchao/my_rlaf/runs/GNN_Glucose_3SAT_EchoSAT_SymmetryGRPO_v1_2_WC1_HardNeg_Full/iter=15.pt,0.001162,0.001162,202.0,147.0,True,0.001762,0.001762,247.0,155.0,True,0.000315,0.603356648864746,203.0,164.0,True,0.000315,0.6054262654795051,203.0,164.0,True,0.001459,0.6100347258524299,176.0,148.0,True,True,True,0.000438,1.0,7.0,62.392337799072266,41,0.6931471824645996,True,0.0034644603729248,0.001144,0.0046084603729248386,0.00029699999999999996,0.6088727258524299,-27.0,-16.0,0.0005999999999999998,-0.001447,False,False,False
1,/home/sunshixin/chenchao/my_rlaf/runs/analysis/echosat_symmetry_grpo_v1_7_acceptance_v1_2_iter15_canonical_low_warmup_wc1_per_instance.csv,1,subset_cardinality_bw12,base,subset_cardinality_bw12,subset_cardinality,weak_symmetry,large,main,weak,49,108,10.0,5.0,/home/sunshixin/chenchao/my_rlaf/runs/GNN_Glucose_3SAT_EchoSAT_SymmetryGRPO_v1_2_WC1_HardNeg_Full/iter=15.pt,0.001797,0.001797,442.0,342.0,True,0.002316,0.002316,491.0,414.0,True,0.000544,0.6035856488647461,384.0,312.0,True,0.000544,0.6061539535728693,384.0,312.0,True,0.002327,0.6114014139457941,402.0,325.0,True,True,True,0.001262,1.0,9.0,75.44426727294922,49,0.6931471824645996,True,0.0034644603729248,0.001783,0.005247460372924784,0.0005300000000000001,0.609604413945794,18.0,13.0,0.0005189999999999999,-0.001772,False,False,False
1,/home/sunshixin/chenchao/my_rlaf/runs/analysis/echosat_symmetry_grpo_v1_7_acceptance_v1_2_iter15_canonical_low_warmup_wc1_per_instance.csv,1,subset_cardinality_bw12,perm_seed1730,subset_cardinality_bw12_perm1730,subset_cardinality,weak_symmetry,large,main,weak,49,108,10.0,5.0,/home/sunshixin/chenchao/my_rlaf/runs/GNN_Glucose_3SAT_EchoSAT_SymmetryGRPO_v1_2_WC1_HardNeg_Full/iter=15.pt,0.001814,0.001814,440.0,329.0,True,0.004266,0.004266,397.0,314.0,True,0.002247,0.0403150561065673,343.0,268.0,True,0.002247,0.0411408533142209,343.0,268.0,True,0.002094,0.0707389157074093,384.0,310.0,True,True,True,0.0,1.0,7.0,73.95069122314453,49,0.6931471824645996,True,0.0297510623931884,-0.00015299999999999992,0.0295980623931884,0.00027999999999999987,0.0689249157074093,41.0,42.0,0.0024519999999999998,-0.002019,True,False,False
1,/home/sunshixin/chenchao/my_rlaf/runs/analysis/echosat_symmetry_grpo_v1_7_acceptance_v1_2_iter15_canonical_low_warmup_wc1_per_instance.csv,1,subset_cardinality_bw12,perm_seed1731,subset_cardinality_bw12_perm1731,subset_cardinality,weak_symmetry,large,main,weak,49,108,10.0,5.0,/home/sunshixin/chenchao/my_rlaf/runs/GNN_Glucose_3SAT_EchoSAT_SymmetryGRPO_v1_2_WC1_HardNeg_Full/iter=15.pt,0.002202,0.002202,393.0,297.0,True,0.0,0.0,439.0,311.0,True,0.002071,0.0401390561065673,363.0,285.0,True,0.002071,0.0413367637886405,363.0,285.0,True,0.002021,0.0710378261818289,383.0,305.0,True,True,True,0.000357,1.0,7.0,75.07693481445312,49,0.6931471824645996,True,0.0297510623931884,-5.000000000000013e-05,0.0297010623931884,-0.00018100000000000017,0.0688358261818289,20.0,20.0,-0.002202,0.002071,True,True,False
1,/home/sunshixin/chenchao/my_rlaf/runs/analysis/echosat_symmetry_grpo_v1_7_acceptance_v1_2_iter15_canonical_low_warmup_wc1_per_instance.csv,1,subset_cardinality_bw8,base,subset_cardinality_bw8,subset_cardinality,weak_symmetry,medium,main,weak,33,76,10.0,5.0,/home/sunshixin/chenchao/my_rlaf/runs/GNN_Glucose_3SAT_EchoSAT_SymmetryGRPO_v1_2_WC1_HardNeg_Full/iter=15.pt,0.000893,0.000893,89.0,67.0,True,0.002386,0.002386,106.0,76.0,True,0.00145,0.0395180561065673,84.0,69.0,True,0.00145,0.0417865121487975,84.0,69.0,True,0.001143,0.071230574541986,93.0,79.0,True,True,True,0.001452,1.0,12.0,54.99262619018555,33,0.6931471824645996,True,0.0297510623931884,-0.000307,0.029444062393188503,0.0002499999999999999,0.070337574541986,9.0,10.0,0.001493,-0.0009360000000000002,True,False,False
1,/home/sunshixin/chenchao/my_rlaf/runs/analysis/echosat_symmetry_grpo_v1_7_acceptance_v1_2_iter15_canonical_low_warmup_wc1_per_instance.csv,1,subset_cardinality_bw8,perm_seed1730,subset_cardinality_bw8_perm1730,subset_cardinality,weak_symmetry,medium,main,weak,33,76,10.0,5.0,/home/sunshixin/chenchao/my_rlaf/runs/GNN_Glucose_3SAT_EchoSAT_SymmetryGRPO_v1_2_WC1_HardNeg_Full/iter=15.pt,0.000873,0.000873,110.0,76.0,True,0.002253,0.002253,127.0,80.0,True,0.001229,0.0392970561065673,100.0,79.0,True,0.001229,0.0409633405514359,100.0,79.0,True,0.001181,0.0706664029446244,103.0,83.0,True,True,True,0.000789,1.0,5.0,49.16338348388672,33,0.6931471824645996,True,0.0297510623931884,-4.800000000000008e-05,0.029703062393188498,0.000308,0.0697934029446244,3.0,4.0,0.0013799999999999997,-0.0010239999999999997,True,False,False
1,/home/sunshixin/chenchao/my_rlaf/runs/analysis/echosat_symmetry_grpo_v1_7_acceptance_v1_2_iter15_canonical_low_warmup_wc1_per_instance.csv,1,subset_cardinality_bw8,perm_seed1731,subset_cardinality_bw8_perm1731,subset_cardinality,weak_symmetry,medium,main,weak,33,76,10.0,5.0,/home/sunshixin/chenchao/my_rlaf/runs/GNN_Glucose_3SAT_EchoSAT_SymmetryGRPO_v1_2_WC1_HardNeg_Full/iter=15.pt,0.000875,0.000875,91.0,70.0,True,0.001445,0.001445,102.0,79.0,True,0.001278,0.0393460561065673,81.0,70.0,True,0.001278,0.0414674459463954,81.0,70.0,True,0.001158,0.0710985083395838,95.0,79.0,True,True,True,0.001193,1.0,11.0,55.44180679321289,33,0.6931471824645996,True,0.0297510623931884,-0.0001200000000000001,0.029631062393188398,0.00028299999999999994,0.0702235083395838,14.0,9.0,0.0005700000000000001,-0.00016700000000000005,True,False,False
1,/home/sunshixin/chenchao/my_rlaf/runs/analysis/echosat_symmetry_grpo_v1_7_acceptance_v1_2_iter15_canonical_low_warmup_wc1_per_instance.csv,2,k10_color9,base,k10_color9,complete_coloring,strong_symmetry,large,main,strong,90,775,10.0,5.0,/home/sunshixin/chenchao/my_rlaf/runs/GNN_Glucose_3SAT_EchoSAT_SymmetryGRPO_v1_2_WC1_HardNeg_Full/iter=15.pt,4.33869,4.33869,340861.0,314066.0,True,3.2079,3.2079,322229.0,299168.0,True,3.17726,4.663718539962769,321840.0,298649.0,True,3.17726,4.676028634788275,321840.0,298649.0,True,2.27148,3.773892624351263,234018.0,217098.0,True,True,True,0.011048,1.0,8.0,136.93209838867188,90,0.6931471824645996,True,0.0036439895629882,-0.90578,-0.9021360104370117,-2.0672099999999998,-0.5647973756487366,-87822.0,-81551.0,-1.1307899999999997,-0.03064,True,True,True
1,/home/sunshixin/chenchao/my_rlaf/runs/analysis/echosat_symmetry_grpo_v1_7_acceptance_v1_2_iter15_canonical_low_warmup_wc1_per_instance.csv,2,k10_color9,perm_seed1730,k10_color9_perm1730,complete_coloring,strong_symmetry,large,main,strong,90,775,10.0,5.0,/home/sunshixin/chenchao/my_rlaf/runs/GNN_Glucose_3SAT_EchoSAT_SymmetryGRPO_v1_2_WC1_HardNeg_Full/iter=15.pt,5.02559,5.02559,413643.0,382655.0,True,3.25289,3.25289,283792.0,262594.0,True,2.94754,4.433998539962769,247778.0,229737.0,True,2.94754,4.443122630817593,247778.0,229737.0,True,3.38737,4.886596620380581,293797.0,275194.0,True,True,True,0.0082,1.0,8.0,136.98228454589844,90,0.6931471824645996,True,0.0036439895629882,0.43983000000000017,0.443473989562988,-1.63822,-0.1389933796194196,46019.0,45457.0,-1.7727000000000004,-0.3053499999999998,False,True,True
1,/home/sunshixin/chenchao/my_rlaf/runs/analysis/echosat_symmetry_grpo_v1_7_acceptance_v1_2_iter15_canonical_low_warmup_wc1_per_instance.csv,2,k10_color9,perm_seed1731,k10_color9_perm1731,complete_coloring,strong_symmetry,large,main,strong,90,775,10.0,5.0,/home/sunshixin/chenchao/my_rlaf/runs/GNN_Glucose_3SAT_EchoSAT_SymmetryGRPO_v1_2_WC1_HardNeg_Full/iter=15.pt,4.12831,4.12831,340033.0,312592.0,True,3.01397,3.01397,290369.0,269757.0,True,3.10303,4.589488539962769,290369.0,269757.0,True,3.10303,4.600382204569995,290369.0,269757.0,True,3.19617,4.697166194132984,274350.0,258764.0,True,True,True,0.009992,1.0,8.0,137.00555419921875,90,0.6931471824645996,True,0.0036439895629882,0.09314,0.09678398956298828,-0.93214,0.5688561941329837,-16019.0,-10993.0,-1.1143399999999999,0.08905999999999992,False,True,False
1,/home/sunshixin/chenchao/my_rlaf/runs/analysis/echosat_symmetry_grpo_v1_7_acceptance_v1_2_iter15_canonical_low_warmup_wc1_per_instance.csv,2,k8_color7,base,k8_color7,complete_coloring,strong_symmetry,large,main,strong,56,372,10.0,5.0,/home/sunshixin/chenchao/my_rlaf/runs/GNN_Glucose_3SAT_EchoSAT_SymmetryGRPO_v1_2_WC1_HardNeg_Full/iter=15.pt,0.046584,0.046584,6158.0,5600.0,True,0.042709,0.042709,5946.0,5440.0,True,0.037622,1.5240805399627686,5946.0,5440.0,True,0.037622,1.5303457152078748,5946.0,5440.0,True,0.038701,1.535068704770863,5995.0,5516.0,True,True,True,0.00389,1.0,6.0,84.73548889160156,56,0.6931471824645996,True,0.0036439895629882,0.0010789999999999966,0.004722989562988333,-0.007883000000000001,1.4884847047708631,49.0,76.0,-0.0038750000000000034,-0.005086999999999994,False,True,False
1,/home/sunshixin/chenchao/my_rlaf/runs/analysis/echosat_symmetry_grpo_v1_7_acceptance_v1_2_iter15_canonical_low_warmup_wc1_per_instance.csv,2,k8_color7,perm_seed1730,k8_color7_perm1730,complete_coloring,strong_symmetry,large,main,strong,56,372,10.0,5.0,/home/sunshixin/chenchao/my_rlaf/runs/GNN_Glucose_3SAT_EchoSAT_SymmetryGRPO_v1_2_WC1_HardNeg_Full/iter=15.pt,0.043382,0.043382,6138.0,5624.0,True,0.038136,0.038136,6264.0,5696.0,True,0.038795,1.5252535399627685,6264.0,5696.0,True,0.038795,1.5297092797025442,6264.0,5696.0,True,0.044905,1.5394632692655326,5895.0,5403.0,True,True,True,0.003594,1.0,6.0,84.79159545898438,56,0.6931471824645996,True,0.0036439895629882,0.006109999999999997,0.009753989562988341,0.0015230000000000035,1.4960812692655325,-369.0,-293.0,-0.005245999999999994,0.0006589999999999999,False,False,False
1,/home/sunshixin/chenchao/my_rlaf/runs/analysis/echosat_symmetry_grpo_v1_7_acceptance_v1_2_iter15_canonical_low_warmup_wc1_per_instance.csv,2,k8_color7,perm_seed1731,k8_color7_perm1731,complete_coloring,strong_symmetry,large,main,strong,56,372,10.0,5.0,/home/sunshixin/chenchao/my_rlaf/runs/GNN_Glucose_3SAT_EchoSAT_SymmetryGRPO_v1_2_WC1_HardNeg_Full/iter=15.pt,0.029262,0.029262,5800.0,5271.0,True,0.043062,0.043062,6148.0,5641.0,True,0.044329,1.5307875399627686,6148.0,5641.0,True,0.044329,1.5385619391205312,6148.0,5641.0,True,0.035458,1.5333349286835194,6048.0,5528.0,True,True,True,0.00709,1.0,6.0,84.7841796875,56,0.6931471824645996,True,0.0036439895629882,-0.008870999999999997,-0.005227010437011792,0.006196000000000004,1.5040729286835195,-100.0,-113.0,0.013800000000000003,0.0012669999999999973,True,False,False
1,/home/sunshixin/chenchao/my_rlaf/runs/analysis/echosat_symmetry_grpo_v1_7_acceptance_v1_2_iter15_canonical_low_warmup_wc1_per_instance.csv,2,k9_color8,base,k9_color8,complete_coloring,strong_symmetry,large,main,strong,72,549,10.0,5.0,/home/sunshixin/chenchao/my_rlaf/runs/GNN_Glucose_3SAT_EchoSAT_SymmetryGRPO_v1_2_WC1_HardNeg_Full/iter=15.pt,0.663787,0.663787,46557.0,43529.0,True,0.491664,0.491664,44352.0,41138.0,True,0.480582,1.9670405399627688,43519.0,40436.0,True,0.480582,1.974268367918432,43519.0,40436.0,True,0.438509,1.93583935748142,42086.0,39187.0,True,True,True,0.006553,1.0,7.0,109.32144165039062,72,0.6931471824645996,True,0.0036439895629882,-0.04207300000000003,-0.03842901043701197,-0.22527800000000003,1.27205235748142,-1433.0,-1249.0,-0.17212300000000003,-0.01108199999999998,True,True,False
1,/home/sunshixin/chenchao/my_rlaf/runs/analysis/echosat_symmetry_grpo_v1_7_acceptance_v1_2_iter15_canonical_low_warmup_wc1_per_instance.csv,2,k9_color8,perm_seed1730,k9_color8_perm1730,complete_coloring,strong_symmetry,large,main,strong,72,549,10.0,5.0,/home/sunshixin/chenchao/my_rlaf/runs/GNN_Glucose_3SAT_EchoSAT_SymmetryGRPO_v1_2_WC1_HardNeg_Full/iter=15.pt,0.516247,0.516247,39708.0,36681.0,True,0.518092,0.518092,45794.0,42555.0,True,0.529496,2.0159545399627685,45794.0,42555.0,True,0.529496,2.026664162811041,45794.0,42555.0,True,0.380022,1.8808341523740293,44807.0,41502.0,True,True,True,0.010094,1.0,7.0,109.58531951904295,72,0.6931471824645996,True,0.0036439895629882,-0.14947399999999994,-0.1458300104370116,-0.13622499999999998,1.3645871523740292,-987.0,-1053.0,0.0018449999999999855,0.01140399999999997,True,True,False
1,/home/sunshixin/chenchao/my_rlaf/runs/analysis/echosat_symmetry_grpo_v1_7_acceptance_v1_2_iter15_canonical_low_warmup_wc1_per_instance.csv,2,k9_color8,perm_seed1731,k9_color8_perm1731,complete_coloring,strong_symmetry,large,main,strong,72,549,10.0,5.0,/home/sunshixin/chenchao/my_rlaf/runs/GNN_Glucose_3SAT_EchoSAT_SymmetryGRPO_v1_2_WC1_HardNeg_Full/iter=15.pt,0.63536,0.63536,47177.0,43763.0,True,0.528999,0.528999,47579.0,44103.0,True,0.523533,0.606949223526001,47579.0,44103.0,True,0.523533,0.6120283422578574,47579.0,44103.0,True,0.414883,0.5064002977479696,44246.0,41050.0,True,True,True,0.004469,1.0,7.0,109.56788635253906,72,0.6931471824645996,True,0.0030219554901123,-0.10865000000000002,-0.10562804450988783,-0.22047700000000003,-0.12895970225203046,-3333.0,-3053.0,-0.10636100000000004,-0.005465999999999971,True,True,True
1,/home/sunshixin/chenchao/my_rlaf/runs/analysis/echosat_symmetry_grpo_v1_7_acceptance_v1_2_iter15_canonical_low_warmup_wc1_per_instance.csv,2,php_p10_h9,base,php_p10_h9,php,strong_symmetry,large,main,strong,90,775,10.0,5.0,/home/sunshixin/chenchao/my_rlaf/runs/GNN_Glucose_3SAT_EchoSAT_SymmetryGRPO_v1_2_WC1_HardNeg_Full/iter=15.pt,4.26197,4.26197,340861.0,314066.0,True,3.2749,3.2749,322229.0,299168.0,True,3.18242,3.265836223526001,321840.0,298649.0,True,3.18242,3.2798130490195154,321840.0,298649.0,True,2.34895,2.449365004509628,234018.0,217098.0,True,True,True,0.013289,1.0,8.0,136.93209838867188,90,0.6931471824645996,True,0.0030219554901123,-0.8334700000000002,-0.8304480445098874,-1.91302,-1.8126049954903718,-87822.0,-81551.0,-0.9870699999999997,-0.09248000000000012,True,True,True
1,/home/sunshixin/chenchao/my_rlaf/runs/analysis/echosat_symmetry_grpo_v1_7_acceptance_v1_2_iter15_canonical_low_warmup_wc1_per_instance.csv,2,php_p10_h9,perm_seed1730,php_p10_h9_perm1730,php,strong_symmetry,large,main,strong,90,775,10.0,5.0,/home/sunshixin/chenchao/my_rlaf/runs/GNN_Glucose_3SAT_EchoSAT_SymmetryGRPO_v1_2_WC1_HardNeg_Full/iter=15.pt,4.96363,4.96363,413643.0,382655.0,True,3.32625,3.32625,283792.0,262594.0,True,2.95041,3.033826223526001,247778.0,229737.0,True,2.95041,3.0428394261202216,247778.0,229737.0,True,3.0386,3.134051381610334,262949.0,244730.0,True,True,True,0.008275,1.0,8.0,136.98228454589844,90,0.6931471824645996,True,0.0030219554901123,0.08818999999999999,0.0912119554901123,-1.92503,-1.8295786183896663,15171.0,14993.0,-1.6373800000000003,-0.37583999999999973,False,True,True
1,/home/sunshixin/chenchao/my_rlaf/runs/analysis/echosat_symmetry_grpo_v1_7_acceptance_v1_2_iter15_canonical_low_warmup_wc1_per_instance.csv,2,php_p10_h9,perm_seed1731,php_p10_h9_perm1731,php,strong_symmetry,large,main,strong,90,775,10.0,5.0,/home/sunshixin/chenchao/my_rlaf/runs/GNN_Glucose_3SAT_EchoSAT_SymmetryGRPO_v1_2_WC1_HardNeg_Full/iter=15.pt,4.68657,4.68657,340033.0,312592.0,True,3.04673,3.04673,290369.0,269757.0,True,3.01791,3.101326223526001,290369.0,269757.0,True,3.01791,3.109697435125649,290369.0,269757.0,True,3.18292,3.2777293906157614,274350.0,258764.0,True,True,True,0.007704,1.0,8.0,137.00555419921875,90,0.6931471824645996,True,0.0030219554901123,0.1650100000000001,0.1680319554901124,-1.5036499999999995,-1.4088406093842383,-16019.0,-10993.0,-1.6398399999999995,-0.028820000000000068,False,True,True
1,/home/sunshixin/chenchao/my_rlaf/runs/analysis/echosat_symmetry_grpo_v1_7_acceptance_v1_2_iter15_canonical_low_warmup_wc1_per_instance.csv,2,php_p9_h8,base,php_p9_h8,php,strong_symmetry,large,main,strong,72,549,10.0,5.0,/home/sunshixin/chenchao/my_rlaf/runs/GNN_Glucose_3SAT_EchoSAT_SymmetryGRPO_v1_2_WC1_HardNeg_Full/iter=15.pt,0.715841,0.715841,46557.0,43529.0,True,0.503358,0.503358,44352.0,41138.0,True,0.470588,0.554004223526001,43519.0,40436.0,True,0.470588,0.5609076541018486,43519.0,40436.0,True,0.446597,0.5399386095919609,42086.0,39187.0,True,True,True,0.006282,1.0,7.0,109.32144165039062,72,0.6931471824645996,True,0.0030219554901123,-0.023990999999999985,-0.02096904450988768,-0.26924399999999993,-0.175902390408039,-1433.0,-1249.0,-0.21248299999999998,-0.032769999999999966,True,True,True
1,/home/sunshixin/chenchao/my_rlaf/runs/analysis/echosat_symmetry_grpo_v1_7_acceptance_v1_2_iter15_canonical_low_warmup_wc1_per_instance.csv,2,php_p9_h8,perm_seed1730,php_p9_h8_perm1730,php,strong_symmetry,large,main,strong,72,549,10.0,5.0,/home/sunshixin/chenchao/my_rlaf/runs/GNN_Glucose_3SAT_EchoSAT_SymmetryGRPO_v1_2_WC1_HardNeg_Full/iter=15.pt,0.476952,0.476952,39708.0,36681.0,True,0.510352,0.510352,45794.0,42555.0,True,0.503824,0.587240223526001,45794.0,42555.0,True,0.503824,0.5967417271649837,45794.0,42555.0,True,0.377378,0.473317682655096,44807.0,41502.0,True,True,True,0.008886,1.0,7.0,109.58531951904295,72,0.6931471824645996,True,0.0030219554901123,-0.12644600000000006,-0.12342404450988775,-0.099574,-0.0036343173449039923,-987.0,-1053.0,0.03340000000000004,-0.006527999999999978,True,True,True
1,/home/sunshixin/chenchao/my_rlaf/runs/analysis/echosat_symmetry_grpo_v1_7_acceptance_v1_2_iter15_canonical_low_warmup_wc1_per_instance.csv,2,php_p9_h8,perm_seed1731,php_p9_h8_perm1731,php,strong_symmetry,large,main,strong,72,549,10.0,5.0,/home/sunshixin/chenchao/my_rlaf/runs/GNN_Glucose_3SAT_EchoSAT_SymmetryGRPO_v1_2_WC1_HardNeg_Full/iter=15.pt,0.630041,0.630041,47177.0,43763.0,True,0.539875,0.539875,47579.0,44103.0,True,0.530165,0.613581223526001,47579.0,44103.0,True,0.530165,0.6231761003576517,47579.0,44103.0,True,0.416675,0.512708055847764,44246.0,41050.0,True,True,True,0.008953,1.0,7.0,109.56788635253906,72,0.6931471824645996,True,0.0030219554901123,-0.11348999999999998,-0.11046804450988768,-0.21336599999999994,-0.11733294415223594,-3333.0,-3053.0,-0.09016599999999997,-0.009709999999999996,True,True,True
1,/home/sunshixin/chenchao/my_rlaf/runs/analysis/echosat_symmetry_grpo_v1_7_acceptance_v1_2_iter15_canonical_low_warmup_wc1_per_instance.csv,2,random_3sat_control_v160_c704_seed2615,base,random_3sat_control_v160_c704_seed2615,random_3sat_control,non_symmetric_control,large,control,none,160,704,10.0,5.0,/home/sunshixin/chenchao/my_rlaf/runs/GNN_Glucose_3SAT_EchoSAT_SymmetryGRPO_v1_2_WC1_HardNeg_Full/iter=15.pt,0.070517,0.070517,6771.0,5767.0,True,0.045655,0.045655,5702.0,4813.0,True,0.03687,0.1202862235260009,4859.0,4212.0,True,0.03687,0.130260898188591,4859.0,4212.0,True,0.038504,0.1349168536787033,5289.0,4519.0,True,False,False,0.009159,1.0,20.0,250.25311279296875,160,0.6931471824645996,True,0.0030219554901123,0.0016339999999999966,0.004655955490112301,-0.032013,0.0643998536787033,430.0,307.0,-0.024861999999999995,-0.008785000000000001,False,True,False
1,/home/sunshixin/chenchao/my_rlaf/runs/analysis/echosat_symmetry_grpo_v1_7_acceptance_v1_2_iter15_canonical_low_warmup_wc1_per_instance.csv,2,random_3sat_control_v160_c704_seed2615,perm_seed1730,random_3sat_control_v160_c704_seed2615_perm1730,random_3sat_control,non_symmetric_control,large,control,none,160,704,10.0,5.0,/home/sunshixin/chenchao/my_rlaf/runs/GNN_Glucose_3SAT_EchoSAT_SymmetryGRPO_v1_2_WC1_HardNeg_Full/iter=15.pt,0.091544,0.091544,8522.0,7299.0,True,0.06293,0.06293,7934.0,6809.0,True,0.03481,0.7956804566955566,4602.0,4008.0,True,0.03481,0.8014749790347815,4602.0,4008.0,True,0.039356,0.8088996449588537,5397.0,4621.0,True,False,False,0.005047,1.0,20.0,250.9976043701172,160,0.6931471824645996,True,0.0028786659240722,0.004546000000000001,0.007424665924072205,-0.052188,0.7173556449588537,795.0,613.0,-0.028614,-0.02812,False,True,False
1,/home/sunshixin/chenchao/my_rlaf/runs/analysis/echosat_symmetry_grpo_v1_7_acceptance_v1_2_iter15_canonical_low_warmup_wc1_per_instance.csv,2,random_3sat_control_v160_c704_seed2615,perm_seed1731,random_3sat_control_v160_c704_seed2615_perm1731,random_3sat_control,non_symmetric_control,large,control,none,160,704,10.0,5.0,/home/sunshixin/chenchao/my_rlaf/runs/GNN_Glucose_3SAT_EchoSAT_SymmetryGRPO_v1_2_WC1_HardNeg_Full/iter=15.pt,0.046865,0.046865,5676.0,4847.0,True,0.083645,0.083645,8017.0,6851.0,True,0.038479,0.7993494566955567,4961.0,4384.0,True,0.038479,0.8061557320852281,4961.0,4384.0,True,0.038526,0.8090813980093002,5754.0,4947.0,True,False,False,0.006048,1.0,20.0,250.14382934570312,160,0.6931471824645996,True,0.0028786659240722,4.699999999999843e-05,0.002925665924072174,-0.008339,0.7622163980093002,793.0,563.0,0.03678,-0.045166,False,True,False
1,/home/sunshixin/chenchao/my_rlaf/runs/analysis/echosat_symmetry_grpo_v1_7_acceptance_v1_2_iter15_canonical_low_warmup_wc1_per_instance.csv,2,random_3sat_control_v180_c760_seed3301,base,random_3sat_control_v180_c760_seed3301,random_3sat_control,non_symmetric_control,large,control,none,180,760,10.0,5.0,/home/sunshixin/chenchao/my_rlaf/runs/GNN_Glucose_3SAT_EchoSAT_SymmetryGRPO_v1_2_WC1_HardNeg_Full/iter=15.pt,0.490045,0.490045,27442.0,23617.0,True,0.118538,0.118538,10470.0,8910.0,True,0.006589,0.7674594566955566,693.0,567.0,True,0.006589,0.7720150361195802,693.0,567.0,True,0.490879,1.2591837020436525,40481.0,35966.0,True,False,False,0.003772,1.0,25.0,290.802978515625,180,0.6931471824645996,True,0.0028786659240722,0.48429,0.48716866592407226,0.0008340000000000014,0.7691387020436524,39788.0,35399.0,-0.37150700000000003,-0.111949,False,False,False
1,/home/sunshixin/chenchao/my_rlaf/runs/analysis/echosat_symmetry_grpo_v1_7_acceptance_v1_2_iter15_canonical_low_warmup_wc1_per_instance.csv,2,random_3sat_control_v180_c760_seed3301,perm_seed1730,random_3sat_control_v180_c760_seed3301_perm1730,random_3sat_control,non_symmetric_control,large,control,none,180,760,10.0,5.0,/home/sunshixin/chenchao/my_rlaf/runs/GNN_Glucose_3SAT_EchoSAT_SymmetryGRPO_v1_2_WC1_HardNeg_Full/iter=15.pt,1.05256,1.05256,47649.0,41152.0,True,0.077819,0.077819,7421.0,6253.0,True,0.012224,0.7730944566955567,643.0,525.0,True,0.012224,0.7767028606750965,643.0,525.0,True,0.433634,1.2009915265991689,37207.0,32912.0,True,False,False,0.00278,1.0,25.0,292.0396728515625,180,0.6931471824645996,True,0.0028786659240722,0.42141,0.42428866592407233,-0.6189259999999999,0.14843152659916892,36564.0,32387.0,-0.974741,-0.065595,False,True,False
1,/home/sunshixin/chenchao/my_rlaf/runs/analysis/echosat_symmetry_grpo_v1_7_acceptance_v1_2_iter15_canonical_low_warmup_wc1_per_instance.csv,2,random_3sat_control_v180_c760_seed3301,perm_seed1731,random_3sat_control_v180_c760_seed3301_perm1731,random_3sat_control,non_symmetric_control,large,control,none,180,760,10.0,5.0,/home/sunshixin/chenchao/my_rlaf/runs/GNN_Glucose_3SAT_EchoSAT_SymmetryGRPO_v1_2_WC1_HardNeg_Full/iter=15.pt,0.49779,0.49779,27197.0,23469.0,True,0.106946,0.106946,9011.0,7714.0,True,0.012995,0.7738654566955566,590.0,484.0,True,0.012995,0.7799832511332631,590.0,484.0,True,0.553717,1.3235839170573354,45474.0,40090.0,True,False,False,0.00535,1.0,25.0,291.0475769042969,180,0.6931471824645996,True,0.0028786659240722,0.540722,0.5436006659240723,0.055927000000000004,0.8257939170573354,44884.0,39606.0,-0.390844,-0.093951,False,False,False
1,/home/sunshixin/chenchao/my_rlaf/runs/analysis/echosat_symmetry_grpo_v1_7_acceptance_v1_2_iter15_canonical_low_warmup_wc1_per_instance.csv,2,random_3sat_control_v220_c928_seed3303,base,random_3sat_control_v220_c928_seed3303,random_3sat_control,non_symmetric_control,large,control,none,220,928,10.0,5.0,/home/sunshixin/chenchao/my_rlaf/runs/GNN_Glucose_3SAT_EchoSAT_SymmetryGRPO_v1_2_WC1_HardNeg_Full/iter=15.pt,0.723844,0.723844,30277.0,25994.0,True,0.346798,0.346798,22265.0,19025.0,True,0.004603,0.7654734566955567,62.0,4.0,True,0.004603,0.7735657697373033,62.0,4.0,True,0.013539,0.7853804356613755,338.0,241.0,True,False,False,0.007251,1.0,28.0,332.48345947265625,220,0.6931471824645996,True,0.0028786659240722,0.008936,0.01181466592407221,-0.7103050000000001,0.061536435661375455,276.0,237.0,-0.37704600000000005,-0.34219499999999997,False,True,False
1,/home/sunshixin/chenchao/my_rlaf/runs/analysis/echosat_symmetry_grpo_v1_7_acceptance_v1_2_iter15_canonical_low_warmup_wc1_per_instance.csv,2,random_3sat_control_v220_c928_seed3303,perm_seed1730,random_3sat_control_v220_c928_seed3303_perm1730,random_3sat_control,non_symmetric_control,large,control,none,220,928,10.0,5.0,/home/sunshixin/chenchao/my_rlaf/runs/GNN_Glucose_3SAT_EchoSAT_SymmetryGRPO_v1_2_WC1_HardNeg_Full/iter=15.pt,1.44931,1.44931,52742.0,45477.0,True,0.167083,0.167083,13039.0,11071.0,True,0.000335,0.7612054566955566,62.0,4.0,True,0.000335,0.7670178921268582,62.0,4.0,True,0.005738,0.7752995580509305,334.0,226.0,True,False,False,0.005012,1.0,28.0,330.46795654296875,220,0.6931471824645996,True,0.0028786659240722,0.005403,0.008281665924072312,-1.443572,-0.6740104419490696,272.0,222.0,-1.282227,-0.166748,False,True,True
1,/home/sunshixin/chenchao/my_rlaf/runs/analysis/echosat_symmetry_grpo_v1_7_acceptance_v1_2_iter15_canonical_low_warmup_wc1_per_instance.csv,2,random_3sat_control_v220_c928_seed3303,perm_seed1731,random_3sat_control_v220_c928_seed3303_perm1731,random_3sat_control,non_symmetric_control,large,control,none,220,928,10.0,5.0,/home/sunshixin/chenchao/my_rlaf/runs/GNN_Glucose_3SAT_EchoSAT_SymmetryGRPO_v1_2_WC1_HardNeg_Full/iter=15.pt,0.063242,0.063242,4930.0,4147.0,True,0.293681,0.293681,19684.0,16814.0,True,0.007075,0.7679454566955567,63.0,4.0,True,0.007075,0.7760616136983037,63.0,4.0,True,0.005893,0.777758279622376,347.0,245.0,True,False,False,0.00725,1.0,28.0,331.7943725585937,220,0.6931471824645996,True,0.0028786659240722,-0.0011819999999999999,0.0016966659240722493,-0.057349000000000004,0.714516279622376,284.0,241.0,0.230439,-0.286606,True,True,False
1,/home/sunshixin/chenchao/my_rlaf/runs/analysis/echosat_symmetry_grpo_v1_7_acceptance_v1_2_iter15_canonical_low_warmup_wc1_per_instance.csv,2,random_3sat_control_v220_c942_seed3304,base,random_3sat_control_v220_c942_seed3304,random_3sat_control,non_symmetric_control,large,control,none,220,942,10.0,5.0,/home/sunshixin/chenchao/my_rlaf/runs/GNN_Glucose_3SAT_EchoSAT_SymmetryGRPO_v1_2_WC1_HardNeg_Full/iter=15.pt,0.669206,0.669206,35472.0,30813.0,True,0.746561,0.746561,41376.0,36046.0,True,0.347944,0.8872291829528809,26754.0,23980.0,True,0.347944,0.8945142010025977,26754.0,23980.0,True,0.479324,1.0301921727280616,40178.0,35793.0,True,False,False,0.006474,1.0,24.0,322.4337158203125,220,0.6931471824645996,True,0.0042979717254638,0.13138,0.13567797172546392,-0.189882,0.36098617272806166,13424.0,11813.0,0.07735500000000006,-0.39861700000000005,False,True,False
1,/home/sunshixin/chenchao/my_rlaf/runs/analysis/echosat_symmetry_grpo_v1_7_acceptance_v1_2_iter15_canonical_low_warmup_wc1_per_instance.csv,2,random_3sat_control_v220_c942_seed3304,perm_seed1730,random_3sat_control_v220_c942_seed3304_perm1730,random_3sat_control,non_symmetric_control,large,control,none,220,942,10.0,5.0,/home/sunshixin/chenchao/my_rlaf/runs/GNN_Glucose_3SAT_EchoSAT_SymmetryGRPO_v1_2_WC1_HardNeg_Full/iter=15.pt,0.661608,0.661608,34825.0,30052.0,True,0.489649,0.489649,33221.0,28818.0,True,0.334522,0.8738071829528808,26445.0,23804.0,True,0.334522,0.8818713326781392,26445.0,23804.0,True,0.510655,1.062302304403603,41430.0,37011.0,True,False,False,0.007267,1.0,24.0,324.02960205078125,220,0.6931471824645996,True,0.0042979717254638,0.17613299999999998,0.18043097172546385,-0.150953,0.4006943044036031,14985.0,13207.0,-0.17195899999999997,-0.15512700000000001,False,True,False
1,/home/sunshixin/chenchao/my_rlaf/runs/analysis/echosat_symmetry_grpo_v1_7_acceptance_v1_2_iter15_canonical_low_warmup_wc1_per_instance.csv,2,random_3sat_control_v220_c942_seed3304,perm_seed1731,random_3sat_control_v220_c942_seed3304_perm1731,random_3sat_control,non_symmetric_control,large,control,none,220,942,10.0,5.0,/home/sunshixin/chenchao/my_rlaf/runs/GNN_Glucose_3SAT_EchoSAT_SymmetryGRPO_v1_2_WC1_HardNeg_Full/iter=15.pt,0.741273,0.741273,38737.0,33758.0,True,0.62979,0.62979,38909.0,33544.0,True,0.344528,0.8838131829528808,26149.0,23448.0,True,0.344528,0.8944723505832552,26149.0,23448.0,True,0.480038,1.0342803223087191,39359.0,35082.0,True,False,False,0.009865,1.0,24.0,324.64569091796875,220,0.6931471824645996,True,0.0042979717254638,0.13551000000000002,0.1398079717254639,-0.26123499999999994,0.2930073223087192,13210.0,11634.0,-0.111483,-0.28526199999999996,False,True,False
1,/home/sunshixin/chenchao/my_rlaf/runs/analysis/echosat_symmetry_grpo_v1_7_acceptance_v1_2_iter15_canonical_low_warmup_wc1_per_instance.csv,2,random_3sat_control_v260_c1097_seed3305,base,random_3sat_control_v260_c1097_seed3305,random_3sat_control,non_symmetric_control,large,control,none,260,1097,10.0,5.0,/home/sunshixin/chenchao/my_rlaf/runs/GNN_Glucose_3SAT_EchoSAT_SymmetryGRPO_v1_2_WC1_HardNeg_Full/iter=15.pt,5.67249,5.67249,216854.0,188499.0,True,1.8254,1.8254,73626.0,64181.0,True,1.16351,1.702795182952881,60642.0,54350.0,True,1.16351,1.7145221054723263,60642.0,54350.0,True,1.53317,2.08848007719779,88482.0,78928.0,True,False,False,0.010864,1.0,35.0,390.6428833007813,260,0.6931471824645996,True,0.0042979717254638,0.3696599999999999,0.37395797172546374,-4.13932,-3.5840099228022098,27840.0,24578.0,-3.8470899999999997,-0.6618899999999999,False,True,True
1,/home/sunshixin/chenchao/my_rlaf/runs/analysis/echosat_symmetry_grpo_v1_7_acceptance_v1_2_iter15_canonical_low_warmup_wc1_per_instance.csv,2,random_3sat_control_v260_c1097_seed3305,perm_seed1730,random_3sat_control_v260_c1097_seed3305_perm1730,random_3sat_control,non_symmetric_control,large,control,none,260,1097,10.0,5.0,/home/sunshixin/chenchao/my_rlaf/runs/GNN_Glucose_3SAT_EchoSAT_SymmetryGRPO_v1_2_WC1_HardNeg_Full/iter=15.pt,6.23889,6.23889,224505.0,195557.0,True,0.475792,0.475792,27246.0,23387.0,True,1.1512,1.6904851829528809,60686.0,54724.0,True,1.1512,1.699488130435288,60686.0,54724.0,True,1.72185,2.274436102160752,100679.0,89754.0,True,False,False,0.008164,1.0,35.0,390.0680847167969,260,0.6931471824645996,True,0.0042979717254638,0.5706500000000001,0.574947971725464,-4.51704,-3.9644538978392476,39993.0,35030.0,-5.763097999999999,0.675408,False,True,True
1,/home/sunshixin/chenchao/my_rlaf/runs/analysis/echosat_symmetry_grpo_v1_7_acceptance_v1_2_iter15_canonical_low_warmup_wc1_per_instance.csv,2,random_3sat_control_v260_c1097_seed3305,perm_seed1731,random_3sat_control_v260_c1097_seed3305_perm1731,random_3sat_control,non_symmetric_control,large,control,none,260,1097,10.0,5.0,/home/sunshixin/chenchao/my_rlaf/runs/GNN_Glucose_3SAT_EchoSAT_SymmetryGRPO_v1_2_WC1_HardNeg_Full/iter=15.pt,3.19176,3.19176,105916.0,92052.0,True,4.23018,4.23018,162997.0,142194.0,True,0.844951,1.3842361829528809,48534.0,43247.0,True,0.844951,1.38981548980397,48534.0,43247.0,True,1.2976,1.8467624615294336,82933.0,73499.0,True,False,False,0.004756,1.0,35.0,389.6698913574219,260,0.6931471824645996,True,0.0042979717254638,0.4526490000000001,0.4569469717254635,-1.8941599999999998,-1.3449975384705664,34399.0,30252.0,1.03842,-3.385229,False,True,True
1,/home/sunshixin/chenchao/my_rlaf/runs/analysis/echosat_symmetry_grpo_v1_7_acceptance_v1_2_iter15_canonical_low_warmup_wc1_per_instance.csv,2,random_3sat_control_v260_c1113_seed3306,base,random_3sat_control_v260_c1113_seed3306,random_3sat_control,non_symmetric_control,large,control,none,260,1113,10.0,5.0,/home/sunshixin/chenchao/my_rlaf/runs/GNN_Glucose_3SAT_EchoSAT_SymmetryGRPO_v1_2_WC1_HardNeg_Full/iter=15.pt,4.63648,4.63648,178146.0,155541.0,True,4.52873,4.52873,186876.0,163308.0,True,4.74437,5.283655182952881,226200.0,205404.0,True,4.74437,5.295344402777434,226200.0,205404.0,True,5.30512,5.860392374502897,270239.0,238331.0,True,False,False,0.010798,1.0,33.0,397.6284790039063,260,0.6931471824645996,True,0.0042979717254638,0.5607499999999996,0.5650479717254635,0.6686399999999999,1.2239123745028975,44039.0,32927.0,-0.10774999999999935,0.2156399999999996,False,False,False
1,/home/sunshixin/chenchao/my_rlaf/runs/analysis/echosat_symmetry_grpo_v1_7_acceptance_v1_2_iter15_canonical_low_warmup_wc1_per_instance.csv,2,random_3sat_control_v260_c1113_seed3306,perm_seed1730,random_3sat_control_v260_c1113_seed3306_perm1730,random_3sat_control,non_symmetric_control,large,control,none,260,1113,10.0,5.0,/home/sunshixin/chenchao/my_rlaf/runs/GNN_Glucose_3SAT_EchoSAT_SymmetryGRPO_v1_2_WC1_HardNeg_Full/iter=15.pt,3.81862,3.81862,171334.0,149746.0,True,5.10537,5.10537,206936.0,180741.0,True,4.20195,4.741235182952881,206101.0,186162.0,True,4.20195,4.750153585492969,206101.0,186162.0,True,5.15846,5.7109615572184325,268313.0,236556.0,True,False,False,0.008065,1.0,33.0,396.3316650390625,260,0.6931471824645996,True,0.0042979717254638,0.9565099999999997,0.9608079717254636,1.3398399999999997,1.8923415572184323,62212.0,50394.0,1.2867499999999996,-0.9034199999999997,False,False,False
1,/home/sunshixin/chenchao/my_rlaf/runs/analysis/echosat_symmetry_grpo_v1_7_acceptance_v1_2_iter15_canonical_low_warmup_wc1_per_instance.csv,2,random_3sat_control_v260_c1113_seed3306,perm_seed1731,random_3sat_control_v260_c1113_seed3306_perm1731,random_3sat_control,non_symmetric_control,large,control,none,260,1113,10.0,5.0,/home/sunshixin/chenchao/my_rlaf/runs/GNN_Glucose_3SAT_EchoSAT_SymmetryGRPO_v1_2_WC1_HardNeg_Full/iter=15.pt,5.35204,5.35204,202621.0,177648.0,True,5.3259,5.3259,214985.0,187707.0,True,4.51387,5.209666966552734,217745.0,196903.0,True,4.51387,5.215391305014312,217745.0,196903.0,True,5.29376,5.998440589605987,276540.0,244171.0,True,False,False,0.004847,1.0,33.0,397.0461730957031,260,0.6931471824645996,True,0.0031592845916748,0.77989,0.7830492845916748,-0.05827999999999989,0.646400589605987,58795.0,47268.0,-0.02613999999999983,-0.81203,False,True,False
1,/home/sunshixin/chenchao/my_rlaf/runs/analysis/echosat_symmetry_grpo_v1_7_acceptance_v1_2_iter15_canonical_low_warmup_wc1_per_instance.csv,2,random_3sat_control_v300_c1266_seed3307,base,random_3sat_control_v300_c1266_seed3307,random_3sat_control,non_symmetric_control,large,control,none,300,1266,10.0,5.0,/home/sunshixin/chenchao/my_rlaf/runs/GNN_Glucose_3SAT_EchoSAT_SymmetryGRPO_v1_2_WC1_HardNeg_Full/iter=15.pt,0.217432,0.217432,12894.0,10895.0,True,1.91867,1.91867,71356.0,61376.0,True,0.003548,0.6993449665527344,288.0,182.0,True,0.003548,0.7042200639845133,288.0,182.0,True,0.042816,0.7466473485761881,3192.0,2608.0,True,False,False,0.003974,1.0,46.0,466.681884765625,300,0.6931471824645996,True,0.0031592845916748,0.039268,0.042427284591674774,-0.174616,0.5292153485761881,2904.0,2426.0,1.701238,-1.915122,False,True,False
1,/home/sunshixin/chenchao/my_rlaf/runs/analysis/echosat_symmetry_grpo_v1_7_acceptance_v1_2_iter15_canonical_low_warmup_wc1_per_instance.csv,2,random_3sat_control_v300_c1266_seed3307,perm_seed1730,random_3sat_control_v300_c1266_seed3307_perm1730,random_3sat_control,non_symmetric_control,large,control,none,300,1266,10.0,5.0,/home/sunshixin/chenchao/my_rlaf/runs/GNN_Glucose_3SAT_EchoSAT_SymmetryGRPO_v1_2_WC1_HardNeg_Full/iter=15.pt,1.2702,1.2702,43103.0,37339.0,True,1.62809,1.62809,63498.0,54506.0,True,0.013375,0.7091719665527344,321.0,205.0,True,0.013375,0.7171302894831896,321.0,205.0,True,0.04222,0.7491345740748644,2791.0,2255.0,True,False,False,0.007072,1.0,46.0,465.9733581542969,300,0.6931471824645996,True,0.0031592845916748,0.028845000000000003,0.032004284591674814,-1.22798,-0.5210654259251356,2470.0,2050.0,0.35789000000000004,-1.6147150000000001,False,True,True
1,/home/sunshixin/chenchao/my_rlaf/runs/analysis/echosat_symmetry_grpo_v1_7_acceptance_v1_2_iter15_canonical_low_warmup_wc1_per_instance.csv,2,random_3sat_control_v300_c1266_seed3307,perm_seed1731,random_3sat_control_v300_c1266_seed3307_perm1731,random_3sat_control,non_symmetric_control,large,control,none,300,1266,10.0,5.0,/home/sunshixin/chenchao/my_rlaf/runs/GNN_Glucose_3SAT_EchoSAT_SymmetryGRPO_v1_2_WC1_HardNeg_Full/iter=15.pt,1.81615,1.81615,66962.0,57424.0,True,0.098307,0.098307,7524.0,6304.0,True,0.015461,0.7112579665527343,375.0,247.0,True,0.015461,0.7148532774978279,375.0,247.0,True,0.040501,0.7430525620895028,2573.0,2095.0,True,False,False,0.002693,1.0,46.0,465.2885437011719,300,0.6931471824645996,True,0.0031592845916748,0.02504,0.028199284591674867,-1.775649,-1.0730974379104972,2198.0,1848.0,-1.717843,-0.082846,False,True,True
1,/home/sunshixin/chenchao/my_rlaf/runs/analysis/echosat_symmetry_grpo_v1_7_acceptance_v1_2_iter15_canonical_low_warmup_wc1_per_instance.csv,2,subset_cardinality_bw10,base,subset_cardinality_bw10,subset_cardinality,weak_symmetry,large,main,weak,41,92,10.0,5.0,/home/sunshixin/chenchao/my_rlaf/runs/GNN_Glucose_3SAT_EchoSAT_SymmetryGRPO_v1_2_WC1_HardNeg_Full/iter=15.pt,0.001466,0.001466,193.0,141.0,True,0.004632,0.004632,237.0,193.0,True,0.000752,0.6965489665527343,162.0,142.0,True,0.000752,0.6979867400684953,162.0,142.0,True,0.004248,0.7046420246601701,179.0,149.0,True,True,True,0.000788,1.0,5.0,62.83808517456055,41,0.6931471824645996,True,0.0031592845916748,0.003496,0.006655284591674859,0.0027819999999999998,0.7031760246601702,17.0,7.0,0.0031659999999999995,-0.0038799999999999998,False,False,False
1,/home/sunshixin/chenchao/my_rlaf/runs/analysis/echosat_symmetry_grpo_v1_7_acceptance_v1_2_iter15_canonical_low_warmup_wc1_per_instance.csv,2,subset_cardinality_bw10,perm_seed1730,subset_cardinality_bw10_perm1730,subset_cardinality,weak_symmetry,large,main,weak,41,92,10.0,5.0,/home/sunshixin/chenchao/my_rlaf/runs/GNN_Glucose_3SAT_EchoSAT_SymmetryGRPO_v1_2_WC1_HardNeg_Full/iter=15.pt,0.00122,0.00122,218.0,167.0,True,0.00153,0.00153,221.0,169.0,True,0.001314,0.6971109665527344,156.0,137.0,True,0.001314,0.6991549091155529,156.0,137.0,True,0.004266,0.7052661937072277,171.0,150.0,True,True,True,0.001423,1.0,6.0,62.92706298828125,41,0.6931471824645996,True,0.0031592845916748,0.0029519999999999998,0.006111284591674759,0.003046,0.7040461937072277,15.0,13.0,0.00030999999999999995,-0.00021599999999999983,False,False,False
1,/home/sunshixin/chenchao/my_rlaf/runs/analysis/echosat_symmetry_grpo_v1_7_acceptance_v1_2_iter15_canonical_low_warmup_wc1_per_instance.csv,2,subset_cardinality_bw10,perm_seed1731,subset_cardinality_bw10_perm1731,subset_cardinality,weak_symmetry,large,main,weak,41,92,10.0,5.0,/home/sunshixin/chenchao/my_rlaf/runs/GNN_Glucose_3SAT_EchoSAT_SymmetryGRPO_v1_2_WC1_HardNeg_Full/iter=15.pt,0.001192,0.001192,202.0,147.0,True,0.004242,0.004242,247.0,155.0,True,0.001325,0.6971219665527344,203.0,164.0,True,0.001325,0.6987686850900054,203.0,164.0,True,0.000654,0.7012569696816803,176.0,148.0,True,True,True,0.001001,1.0,7.0,62.392337799072266,41,0.6931471824645996,True,0.0031592845916748,-0.000671,0.0024882845916748275,-0.000538,0.7000649696816803,-27.0,-16.0,0.00305,-0.0029170000000000003,True,True,False
1,/home/sunshixin/chenchao/my_rlaf/runs/analysis/echosat_symmetry_grpo_v1_7_acceptance_v1_2_iter15_canonical_low_warmup_wc1_per_instance.csv,2,subset_cardinality_bw12,base,subset_cardinality_bw12,subset_cardinality,weak_symmetry,large,main,weak,49,108,10.0,5.0,/home/sunshixin/chenchao/my_rlaf/runs/GNN_Glucose_3SAT_EchoSAT_SymmetryGRPO_v1_2_WC1_HardNeg_Full/iter=15.pt,0.001796,0.001796,442.0,342.0,True,0.003491,0.003491,491.0,414.0,True,0.0,0.6957969665527344,384.0,312.0,True,0.0,0.6977759308100939,384.0,312.0,True,0.005699,0.7066342154017687,402.0,325.0,True,True,True,0.001322,1.0,9.0,75.44426727294922,49,0.6931471824645996,True,0.0031592845916748,0.005699,0.008858284591674814,0.0039030000000000002,0.7048382154017687,18.0,13.0,0.0016950000000000001,-0.003491,False,False,False
1,/home/sunshixin/chenchao/my_rlaf/runs/analysis/echosat_symmetry_grpo_v1_7_acceptance_v1_2_iter15_canonical_low_warmup_wc1_per_instance.csv,2,subset_cardinality_bw12,perm_seed1730,subset_cardinality_bw12_perm1730,subset_cardinality,weak_symmetry,large,main,weak,49,108,10.0,5.0,/home/sunshixin/chenchao/my_rlaf/runs/GNN_Glucose_3SAT_EchoSAT_SymmetryGRPO_v1_2_WC1_HardNeg_Full/iter=15.pt,0.0,0.0,440.0,329.0,True,0.002894,0.002894,397.0,314.0,True,0.005414,0.0503420738830566,343.0,268.0,True,0.005414,0.0529035962094068,343.0,268.0,True,0.005742,0.0553442232388258,384.0,310.0,True,True,True,0.001938,1.0,7.0,73.95069122314453,49,0.6931471824645996,True,0.0021126270294189,0.0003279999999999993,0.002440627029418996,0.005742,0.0553442232388258,41.0,42.0,0.002894,0.0025200000000000005,False,False,False
1,/home/sunshixin/chenchao/my_rlaf/runs/analysis/echosat_symmetry_grpo_v1_7_acceptance_v1_2_iter15_canonical_low_warmup_wc1_per_instance.csv,2,subset_cardinality_bw12,perm_seed1731,subset_cardinality_bw12_perm1731,subset_cardinality,weak_symmetry,large,main,weak,49,108,10.0,5.0,/home/sunshixin/chenchao/my_rlaf/runs/GNN_Glucose_3SAT_EchoSAT_SymmetryGRPO_v1_2_WC1_HardNeg_Full/iter=15.pt,0.001743,0.001743,393.0,297.0,True,0.00497,0.00497,439.0,311.0,True,0.0,0.0449280738830566,363.0,285.0,True,0.0,0.0459393196707367,363.0,285.0,True,0.003929,0.0519809467001557,383.0,305.0,True,True,True,0.000349,1.0,7.0,75.07693481445312,49,0.6931471824645996,True,0.0021126270294189,0.003929,0.006041627029418996,0.0021860000000000004,0.050237946700155696,20.0,20.0,0.003227,-0.00497,False,False,False
1,/home/sunshixin/chenchao/my_rlaf/runs/analysis/echosat_symmetry_grpo_v1_7_acceptance_v1_2_iter15_canonical_low_warmup_wc1_per_instance.csv,2,subset_cardinality_bw8,base,subset_cardinality_bw8,subset_cardinality,weak_symmetry,medium,main,weak,33,76,10.0,5.0,/home/sunshixin/chenchao/my_rlaf/runs/GNN_Glucose_3SAT_EchoSAT_SymmetryGRPO_v1_2_WC1_HardNeg_Full/iter=15.pt,0.001027,0.001027,89.0,67.0,True,0.0,0.0,106.0,76.0,True,0.0,0.0449280738830566,84.0,69.0,True,0.0,0.0471399105764627,84.0,69.0,True,0.001543,0.0507955376058816,93.0,79.0,True,True,True,0.001582,1.0,12.0,54.99262619018555,33,0.6931471824645996,True,0.0021126270294189,0.001543,0.0036556270294188994,0.0005160000000000002,0.049768537605881596,9.0,10.0,-0.001027,0.0,False,False,False
1,/home/sunshixin/chenchao/my_rlaf/runs/analysis/echosat_symmetry_grpo_v1_7_acceptance_v1_2_iter15_canonical_low_warmup_wc1_per_instance.csv,2,subset_cardinality_bw8,perm_seed1730,subset_cardinality_bw8_perm1730,subset_cardinality,weak_symmetry,medium,main,weak,33,76,10.0,5.0,/home/sunshixin/chenchao/my_rlaf/runs/GNN_Glucose_3SAT_EchoSAT_SymmetryGRPO_v1_2_WC1_HardNeg_Full/iter=15.pt,0.000901,0.000901,110.0,76.0,True,0.001545,0.001545,127.0,80.0,True,0.003284,0.0482120738830566,100.0,79.0,True,0.003284,0.0499715810373425,100.0,79.0,True,0.001557,0.0503572080667615,103.0,83.0,True,True,True,0.001141,1.0,5.0,49.16338348388672,33,0.6931471824645996,True,0.0021126270294189,-0.001727,0.00038562702941900145,0.000656,0.0494562080667615,3.0,4.0,0.0006439999999999999,0.001739,True,False,False
1,/home/sunshixin/chenchao/my_rlaf/runs/analysis/echosat_symmetry_grpo_v1_7_acceptance_v1_2_iter15_canonical_low_warmup_wc1_per_instance.csv,2,subset_cardinality_bw8,perm_seed1731,subset_cardinality_bw8_perm1731,subset_cardinality,weak_symmetry,medium,main,weak,33,76,10.0,5.0,/home/sunshixin/chenchao/my_rlaf/runs/GNN_Glucose_3SAT_EchoSAT_SymmetryGRPO_v1_2_WC1_HardNeg_Full/iter=15.pt,0.000876,0.000876,91.0,70.0,True,0.001563,0.001563,102.0,79.0,True,0.00305,0.0479780738830566,81.0,70.0,True,0.00305,0.049495719543159,81.0,70.0,True,0.003297,0.0518553465725779,95.0,79.0,True,True,True,0.000811,1.0,11.0,55.44180679321289,33,0.6931471824645996,True,0.0021126270294189,0.0002469999999999998,0.002359627029418901,0.002421,0.0509793465725779,14.0,9.0,0.0006869999999999999,0.0014870000000000003,False,False,False
3,/home/sunshixin/chenchao/my_rlaf/runs/analysis/echosat_symmetry_grpo_v1_7_acceptance_v1_2_iter15_canonical_low_warmup_wc3_per_instance.csv,0,k10_color9,base,k10_color9,complete_coloring,strong_symmetry,large,main,strong,90,775,10.0,5.0,/home/sunshixin/chenchao/my_rlaf/runs/GNN_Glucose_3SAT_EchoSAT_SymmetryGRPO_v1_2_WC1_HardNeg_Full/iter=15.pt,3.38161,3.38161,340861.0,314066.0,True,3.17909,3.17909,322229.0,299168.0,True,3.22501,3.3487315995788576,321840.0,298649.0,True,3.22501,3.357677209972501,321840.0,298649.0,True,3.49215,3.628323393596769,392457.0,365617.0,True,True,True,0.007336,3.0,9.0,195.45620727539065,90,1.0986123085021973,True,0.0035061836242675,0.26713999999999993,0.27064618362426796,0.1105400000000003,0.24671339359676914,70617.0,66968.0,-0.2025199999999998,0.04592000000000018,False,False,False
3,/home/sunshixin/chenchao/my_rlaf/runs/analysis/echosat_symmetry_grpo_v1_7_acceptance_v1_2_iter15_canonical_low_warmup_wc3_per_instance.csv,0,k10_color9,perm_seed1730,k10_color9_perm1730,complete_coloring,strong_symmetry,large,main,strong,90,775,10.0,5.0,/home/sunshixin/chenchao/my_rlaf/runs/GNN_Glucose_3SAT_EchoSAT_SymmetryGRPO_v1_2_WC1_HardNeg_Full/iter=15.pt,3.99421,3.99421,413643.0,382655.0,True,3.23438,3.23438,283792.0,262594.0,True,2.94815,3.071871599578857,247778.0,229737.0,True,2.94815,3.080193061127305,247778.0,229737.0,True,2.95825,3.0937992447515725,335851.0,314384.0,True,True,True,0.007424,3.0,9.0,194.30953979492188,90,1.0986123085021973,True,0.0035061836242675,0.010099999999999998,0.013606183624267576,-1.0359599999999998,-0.9004107552484273,88073.0,84647.0,-0.75983,-0.28622999999999976,False,True,True
3,/home/sunshixin/chenchao/my_rlaf/runs/analysis/echosat_symmetry_grpo_v1_7_acceptance_v1_2_iter15_canonical_low_warmup_wc3_per_instance.csv,0,k10_color9,perm_seed1731,k10_color9_perm1731,complete_coloring,strong_symmetry,large,main,strong,90,775,10.0,5.0,/home/sunshixin/chenchao/my_rlaf/runs/GNN_Glucose_3SAT_EchoSAT_SymmetryGRPO_v1_2_WC1_HardNeg_Full/iter=15.pt,3.17119,3.17119,340033.0,312592.0,True,3.06275,3.06275,290369.0,269757.0,True,3.05688,3.180601599578857,290369.0,269757.0,True,3.05688,3.1940746540046336,290369.0,269757.0,True,3.94224,4.082940837628901,406630.0,380678.0,True,True,True,0.012716,3.0,9.0,193.47189331054688,90,1.0986123085021973,True,0.0035061836242675,0.8853599999999999,0.8888661836242675,0.7710499999999998,0.911750837628901,116261.0,110921.0,-0.10844000000000031,-0.00586999999999982,False,False,False
3,/home/sunshixin/chenchao/my_rlaf/runs/analysis/echosat_symmetry_grpo_v1_7_acceptance_v1_2_iter15_canonical_low_warmup_wc3_per_instance.csv,0,k8_color7,base,k8_color7,complete_coloring,strong_symmetry,large,main,strong,56,372,10.0,5.0,/home/sunshixin/chenchao/my_rlaf/runs/GNN_Glucose_3SAT_EchoSAT_SymmetryGRPO_v1_2_WC1_HardNeg_Full/iter=15.pt,0.05532,0.05532,6158.0,5600.0,True,0.039527,0.039527,5946.0,5440.0,True,0.042861,0.1665825995788574,5946.0,5440.0,True,0.042861,0.1710150339201092,5946.0,5440.0,True,0.026547,0.1582072175443768,5622.0,5167.0,True,True,True,0.003714,3.0,7.0,125.01708984375,56,1.0986123085021973,True,0.0035061836242675,-0.016314000000000002,-0.01280781637573239,-0.028773,0.1028872175443768,-324.0,-273.0,-0.015793,0.0033340000000000036,True,True,False
3,/home/sunshixin/chenchao/my_rlaf/runs/analysis/echosat_symmetry_grpo_v1_7_acceptance_v1_2_iter15_canonical_low_warmup_wc3_per_instance.csv,0,k8_color7,perm_seed1730,k8_color7_perm1730,complete_coloring,strong_symmetry,large,main,strong,56,372,10.0,5.0,/home/sunshixin/chenchao/my_rlaf/runs/GNN_Glucose_3SAT_EchoSAT_SymmetryGRPO_v1_2_WC1_HardNeg_Full/iter=15.pt,0.050509,0.050509,6138.0,5624.0,True,0.040945,0.040945,6264.0,5696.0,True,0.044537,0.1682585995788574,6264.0,5696.0,True,0.044537,0.172581489075601,6264.0,5696.0,True,0.031328,0.1628786726998686,5613.0,5176.0,True,True,True,0.003516,3.0,7.0,125.1129913330078,56,1.0986123085021973,True,0.0035061836242675,-0.013208999999999999,-0.009702816375732393,-0.019180999999999997,0.11236967269986861,-651.0,-520.0,-0.009563999999999996,0.003591999999999998,True,True,False
3,/home/sunshixin/chenchao/my_rlaf/runs/analysis/echosat_symmetry_grpo_v1_7_acceptance_v1_2_iter15_canonical_low_warmup_wc3_per_instance.csv,0,k8_color7,perm_seed1731,k8_color7_perm1731,complete_coloring,strong_symmetry,large,main,strong,56,372,10.0,5.0,/home/sunshixin/chenchao/my_rlaf/runs/GNN_Glucose_3SAT_EchoSAT_SymmetryGRPO_v1_2_WC1_HardNeg_Full/iter=15.pt,0.041791,0.041791,5800.0,5271.0,True,0.04599,0.04599,6148.0,5641.0,True,0.046473,0.1701945995788574,6148.0,5641.0,True,0.046473,0.1783664167706966,6148.0,5641.0,True,0.027431,0.1628306003949642,5789.0,5309.0,True,True,True,0.00729,3.0,7.0,125.51768493652344,56,1.0986123085021973,True,0.0035061836242675,-0.019042,-0.015535816375732397,-0.014360000000000001,0.1210396003949642,-359.0,-332.0,0.004199000000000001,0.0004829999999999973,True,True,False
3,/home/sunshixin/chenchao/my_rlaf/runs/analysis/echosat_symmetry_grpo_v1_7_acceptance_v1_2_iter15_canonical_low_warmup_wc3_per_instance.csv,0,k9_color8,base,k9_color8,complete_coloring,strong_symmetry,large,main,strong,72,549,10.0,5.0,/home/sunshixin/chenchao/my_rlaf/runs/GNN_Glucose_3SAT_EchoSAT_SymmetryGRPO_v1_2_WC1_HardNeg_Full/iter=15.pt,0.543192,0.543192,46557.0,43529.0,True,0.496656,0.496656,44352.0,41138.0,True,0.461026,0.5847475995788574,43519.0,40436.0,True,0.461026,0.5951554619389772,43519.0,40436.0,True,0.366595,0.5042306455632448,41815.0,39084.0,True,True,True,0.009679,3.0,8.0,158.36375427246094,72,1.0986123085021973,True,0.0035061836242675,-0.09443099999999999,-0.09092481637573235,-0.176597,-0.03896135443675519,-1704.0,-1352.0,-0.04653600000000002,-0.035629999999999995,True,True,True
3,/home/sunshixin/chenchao/my_rlaf/runs/analysis/echosat_symmetry_grpo_v1_7_acceptance_v1_2_iter15_canonical_low_warmup_wc3_per_instance.csv,0,k9_color8,perm_seed1730,k9_color8_perm1730,complete_coloring,strong_symmetry,large,main,strong,72,549,10.0,5.0,/home/sunshixin/chenchao/my_rlaf/runs/GNN_Glucose_3SAT_EchoSAT_SymmetryGRPO_v1_2_WC1_HardNeg_Full/iter=15.pt,0.375814,0.375814,39708.0,36681.0,True,0.508262,0.508262,45794.0,42555.0,True,0.519612,0.6433335995788574,45794.0,42555.0,True,0.519612,0.6507384244760871,45794.0,42555.0,True,0.348772,0.4834046081003547,43427.0,40378.0,True,True,True,0.006673,3.0,10.0,157.64891052246094,72,1.0986123085021973,True,0.0035061836242675,-0.17083999999999994,-0.1673338163757324,-0.027041999999999955,0.1075906081003547,-2367.0,-2177.0,0.132448,0.011349999999999971,True,True,False
3,/home/sunshixin/chenchao/my_rlaf/runs/analysis/echosat_symmetry_grpo_v1_7_acceptance_v1_2_iter15_canonical_low_warmup_wc3_per_instance.csv,0,k9_color8,perm_seed1731,k9_color8_perm1731,complete_coloring,strong_symmetry,large,main,strong,72,549,10.0,5.0,/home/sunshixin/chenchao/my_rlaf/runs/GNN_Glucose_3SAT_EchoSAT_SymmetryGRPO_v1_2_WC1_HardNeg_Full/iter=15.pt,0.497394,0.497394,47177.0,43763.0,True,0.532125,0.532125,47579.0,44103.0,True,0.538498,0.6691010750274659,47579.0,44103.0,True,0.538498,0.6765243143023253,47579.0,44103.0,True,0.368777,0.5094640656450987,42271.0,39351.0,True,True,True,0.006699,3.0,8.0,158.0809783935547,72,1.0986123085021973,True,0.0026607513427734,-0.169721,-0.16706024865722657,-0.12861699999999998,0.012070065645098715,-5308.0,-4752.0,0.034730999999999956,0.006373000000000073,True,True,False
3,/home/sunshixin/chenchao/my_rlaf/runs/analysis/echosat_symmetry_grpo_v1_7_acceptance_v1_2_iter15_canonical_low_warmup_wc3_per_instance.csv,0,php_p10_h9,base,php_p10_h9,php,strong_symmetry,large,main,strong,90,775,10.0,5.0,/home/sunshixin/chenchao/my_rlaf/runs/GNN_Glucose_3SAT_EchoSAT_SymmetryGRPO_v1_2_WC1_HardNeg_Full/iter=15.pt,3.32807,3.32807,340861.0,314066.0,True,3.24512,3.24512,322229.0,299168.0,True,3.17897,3.309573075027466,321840.0,298649.0,True,3.17897,3.3181774400261643,321840.0,298649.0,True,3.40026,3.542128191368937,392457.0,365617.0,True,True,True,0.007636,3.0,9.0,195.45620727539065,90,1.0986123085021973,True,0.0026607513427734,0.22128999999999976,0.22395075134277276,0.07218999999999998,0.21405819136893722,70617.0,66968.0,-0.08294999999999986,-0.06614999999999993,False,False,False
3,/home/sunshixin/chenchao/my_rlaf/runs/analysis/echosat_symmetry_grpo_v1_7_acceptance_v1_2_iter15_canonical_low_warmup_wc3_per_instance.csv,0,php_p10_h9,perm_seed1730,php_p10_h9_perm1730,php,strong_symmetry,large,main,strong,90,775,10.0,5.0,/home/sunshixin/chenchao/my_rlaf/runs/GNN_Glucose_3SAT_EchoSAT_SymmetryGRPO_v1_2_WC1_HardNeg_Full/iter=15.pt,3.90427,3.90427,413643.0,382655.0,True,3.24115,3.24115,283792.0,262594.0,True,2.95591,3.0865130750274656,247778.0,229737.0,True,2.95591,3.094898692896962,247778.0,229737.0,True,2.98527,3.126919444239736,335851.0,314384.0,True,True,True,0.00769,3.0,9.0,194.30953979492188,90,1.0986123085021973,True,0.0026607513427734,0.029360000000000053,0.032020751342773934,-0.919,-0.7773505557602638,88073.0,84647.0,-0.6631199999999997,-0.2852400000000004,False,True,True
3,/home/sunshixin/chenchao/my_rlaf/runs/analysis/echosat_symmetry_grpo_v1_7_acceptance_v1_2_iter15_canonical_low_warmup_wc3_per_instance.csv,0,php_p10_h9,perm_seed1731,php_p10_h9_perm1731,php,strong_symmetry,large,main,strong,90,775,10.0,5.0,/home/sunshixin/chenchao/my_rlaf/runs/GNN_Glucose_3SAT_EchoSAT_SymmetryGRPO_v1_2_WC1_HardNeg_Full/iter=15.pt,3.24006,3.24006,340033.0,312592.0,True,3.04433,3.04433,290369.0,269757.0,True,3.03107,3.161673075027466,290369.0,269757.0,True,3.03107,3.172823688274026,290369.0,269757.0,True,4.05448,4.198894439616799,406630.0,380678.0,True,True,True,0.01042,3.0,9.0,193.47189331054688,90,1.0986123085021973,True,0.0026607513427734,1.0234099999999997,1.0260707513427731,0.8144199999999997,0.9588344396167989,116261.0,110921.0,-0.19573000000000018,-0.013259999999999827,False,False,False
3,/home/sunshixin/chenchao/my_rlaf/runs/analysis/echosat_symmetry_grpo_v1_7_acceptance_v1_2_iter15_canonical_low_warmup_wc3_per_instance.csv,0,php_p9_h8,base,php_p9_h8,php,strong_symmetry,large,main,strong,72,549,10.0,5.0,/home/sunshixin/chenchao/my_rlaf/runs/GNN_Glucose_3SAT_EchoSAT_SymmetryGRPO_v1_2_WC1_HardNeg_Full/iter=15.pt,0.555363,0.555363,46557.0,43529.0,True,0.498821,0.498821,44352.0,41138.0,True,0.463915,0.5945180750274659,43519.0,40436.0,True,0.463915,0.6050545088301301,43519.0,40436.0,True,0.387388,0.5311882601729035,41815.0,39084.0,True,True,True,0.009797,3.0,8.0,158.36375427246094,72,1.0986123085021973,True,0.0026607513427734,-0.07652700000000001,-0.07386624865722657,-0.16797500000000004,-0.024174739827096503,-1704.0,-1352.0,-0.05654200000000004,-0.03490599999999999,True,True,True
3,/home/sunshixin/chenchao/my_rlaf/runs/analysis/echosat_symmetry_grpo_v1_7_acceptance_v1_2_iter15_canonical_low_warmup_wc3_per_instance.csv,0,php_p9_h8,perm_seed1730,php_p9_h8_perm1730,php,strong_symmetry,large,main,strong,72,549,10.0,5.0,/home/sunshixin/chenchao/my_rlaf/runs/GNN_Glucose_3SAT_EchoSAT_SymmetryGRPO_v1_2_WC1_HardNeg_Full/iter=15.pt,0.375572,0.375572,39708.0,36681.0,True,0.514167,0.514167,45794.0,42555.0,True,0.519666,0.6502690750274658,45794.0,42555.0,True,0.519666,0.660809222364366,45794.0,42555.0,True,0.34952,0.4933239737071395,43427.0,40378.0,True,True,True,0.009598,3.0,10.0,157.64891052246094,72,1.0986123085021973,True,0.0026607513427734,-0.17014599999999996,-0.16748524865722653,-0.02605200000000002,0.11775197370713947,-2367.0,-2177.0,0.13859500000000002,0.005498999999999921,True,True,False
3,/home/sunshixin/chenchao/my_rlaf/runs/analysis/echosat_symmetry_grpo_v1_7_acceptance_v1_2_iter15_canonical_low_warmup_wc3_per_instance.csv,0,php_p9_h8,perm_seed1731,php_p9_h8_perm1731,php,strong_symmetry,large,main,strong,72,549,10.0,5.0,/home/sunshixin/chenchao/my_rlaf/runs/GNN_Glucose_3SAT_EchoSAT_SymmetryGRPO_v1_2_WC1_HardNeg_Full/iter=15.pt,0.490575,0.490575,47177.0,43763.0,True,0.526621,0.526621,47579.0,44103.0,True,0.534448,0.6650510750274659,47579.0,44103.0,True,0.534448,0.6720206756619216,47579.0,44103.0,True,0.369496,0.5097294270046949,42271.0,39351.0,True,True,True,0.006183,3.0,8.0,158.0809783935547,72,1.0986123085021973,True,0.0026607513427734,-0.16495200000000004,-0.16229124865722666,-0.12107899999999999,0.01915442700469494,-5308.0,-4752.0,0.03604600000000002,0.007827000000000028,True,True,False
3,/home/sunshixin/chenchao/my_rlaf/runs/analysis/echosat_symmetry_grpo_v1_7_acceptance_v1_2_iter15_canonical_low_warmup_wc3_per_instance.csv,0,random_3sat_control_v160_c704_seed2615,base,random_3sat_control_v160_c704_seed2615,random_3sat_control,non_symmetric_control,large,control,none,160,704,10.0,5.0,/home/sunshixin/chenchao/my_rlaf/runs/GNN_Glucose_3SAT_EchoSAT_SymmetryGRPO_v1_2_WC1_HardNeg_Full/iter=15.pt,0.056191,0.056191,6771.0,5767.0,True,0.040519,0.040519,5702.0,4813.0,True,0.039578,0.1701810750274658,4859.0,4212.0,True,0.039578,0.1780047063410878,4859.0,4212.0,True,0.041619,0.1827064576838612,5524.0,4731.0,True,False,False,0.006983,3.0,22.0,360.5569458007813,160,1.0986123085021973,True,0.0026607513427734,0.002041000000000001,0.004701751342773397,-0.014571999999999995,0.12651545768386122,665.0,519.0,-0.015672,-0.0009409999999999974,False,True,False
3,/home/sunshixin/chenchao/my_rlaf/runs/analysis/echosat_symmetry_grpo_v1_7_acceptance_v1_2_iter15_canonical_low_warmup_wc3_per_instance.csv,0,random_3sat_control_v160_c704_seed2615,perm_seed1730,random_3sat_control_v160_c704_seed2615_perm1730,random_3sat_control,non_symmetric_control,large,control,none,160,704,10.0,5.0,/home/sunshixin/chenchao/my_rlaf/runs/GNN_Glucose_3SAT_EchoSAT_SymmetryGRPO_v1_2_WC1_HardNeg_Full/iter=15.pt,0.081313,0.081313,8522.0,7299.0,True,0.075026,0.075026,7934.0,6809.0,True,0.034929,0.1889040099182128,4602.0,4008.0,True,0.034929,0.1900856268355846,4602.0,4008.0,True,0.046986,0.2070218630568981,5950.0,5073.0,True,False,False,0.000397,3.0,22.0,363.3272399902344,160,1.0986123085021973,True,0.0048792362213134,0.012056999999999998,0.01693623622131349,-0.034326999999999996,0.1257088630568981,1348.0,1065.0,-0.006287000000000001,-0.040096999999999994,False,True,False
3,/home/sunshixin/chenchao/my_rlaf/runs/analysis/echosat_symmetry_grpo_v1_7_acceptance_v1_2_iter15_canonical_low_warmup_wc3_per_instance.csv,0,random_3sat_control_v160_c704_seed2615,perm_seed1731,random_3sat_control_v160_c704_seed2615_perm1731,random_3sat_control,non_symmetric_control,large,control,none,160,704,10.0,5.0,/home/sunshixin/chenchao/my_rlaf/runs/GNN_Glucose_3SAT_EchoSAT_SymmetryGRPO_v1_2_WC1_HardNeg_Full/iter=15.pt,0.03682,0.03682,5676.0,4847.0,True,0.073328,0.073328,8017.0,6851.0,True,0.038707,0.1926820099182128,4961.0,4384.0,True,0.038707,0.1970567280436754,4961.0,4384.0,True,0.052815,0.2160439642649889,5676.0,4831.0,True,False,False,0.003355,3.0,22.0,364.4381408691406,160,1.0986123085021973,True,0.0048792362213134,0.014108000000000002,0.018987236221313486,0.015995000000000002,0.1792239642649889,715.0,447.0,0.036508000000000006,-0.034621000000000006,False,False,False
3,/home/sunshixin/chenchao/my_rlaf/runs/analysis/echosat_symmetry_grpo_v1_7_acceptance_v1_2_iter15_canonical_low_warmup_wc3_per_instance.csv,0,random_3sat_control_v180_c760_seed3301,base,random_3sat_control_v180_c760_seed3301,random_3sat_control,non_symmetric_control,large,control,none,180,760,10.0,5.0,/home/sunshixin/chenchao/my_rlaf/runs/GNN_Glucose_3SAT_EchoSAT_SymmetryGRPO_v1_2_WC1_HardNeg_Full/iter=15.pt,0.38342,0.38342,27442.0,23617.0,True,0.119786,0.119786,10470.0,8910.0,True,0.013411,0.1673860099182129,693.0,567.0,True,0.013411,0.1780361728070378,693.0,567.0,True,0.180583,0.3500874090283513,16151.0,14012.0,True,False,False,0.009806,3.0,28.0,430.4636840820313,180,1.0986123085021973,True,0.0048792362213134,0.167172,0.1720512362213135,-0.202837,-0.0333325909716487,15458.0,13445.0,-0.263634,-0.106375,False,True,True
3,/home/sunshixin/chenchao/my_rlaf/runs/analysis/echosat_symmetry_grpo_v1_7_acceptance_v1_2_iter15_canonical_low_warmup_wc3_per_instance.csv,0,random_3sat_control_v180_c760_seed3301,perm_seed1730,random_3sat_control_v180_c760_seed3301_perm1730,random_3sat_control,non_symmetric_control,large,control,none,180,760,10.0,5.0,/home/sunshixin/chenchao/my_rlaf/runs/GNN_Glucose_3SAT_EchoSAT_SymmetryGRPO_v1_2_WC1_HardNeg_Full/iter=15.pt,0.802482,0.802482,47649.0,41152.0,True,0.067777,0.067777,7421.0,6253.0,True,0.011376,0.1653510099182129,643.0,525.0,True,0.011376,0.1700264669799208,643.0,525.0,True,0.153714,0.3172437032012343,14349.0,12462.0,True,False,False,0.003878,3.0,28.0,431.2578125,180,1.0986123085021973,True,0.0048792362213134,0.142338,0.1472172362213135,-0.648768,-0.48523829679876573,13706.0,11937.0,-0.734705,-0.05640100000000001,False,True,True
3,/home/sunshixin/chenchao/my_rlaf/runs/analysis/echosat_symmetry_grpo_v1_7_acceptance_v1_2_iter15_canonical_low_warmup_wc3_per_instance.csv,0,random_3sat_control_v180_c760_seed3301,perm_seed1731,random_3sat_control_v180_c760_seed3301_perm1731,random_3sat_control,non_symmetric_control,large,control,none,180,760,10.0,5.0,/home/sunshixin/chenchao/my_rlaf/runs/GNN_Glucose_3SAT_EchoSAT_SymmetryGRPO_v1_2_WC1_HardNeg_Full/iter=15.pt,0.383834,0.383834,27197.0,23469.0,True,0.098933,0.098933,9011.0,7714.0,True,0.014977,0.1689520099182128,590.0,484.0,True,0.014977,0.1734888998044729,590.0,484.0,True,0.161771,0.3251621360257863,15493.0,13430.0,True,False,False,0.00374,3.0,28.0,430.8958129882813,180,1.0986123085021973,True,0.0048792362213134,0.146794,0.1516732362213134,-0.222063,-0.0586718639742137,14903.0,12946.0,-0.284901,-0.08395599999999999,False,True,True
3,/home/sunshixin/chenchao/my_rlaf/runs/analysis/echosat_symmetry_grpo_v1_7_acceptance_v1_2_iter15_canonical_low_warmup_wc3_per_instance.csv,0,random_3sat_control_v220_c928_seed3303,base,random_3sat_control_v220_c928_seed3303,random_3sat_control,non_symmetric_control,large,control,none,220,928,10.0,5.0,/home/sunshixin/chenchao/my_rlaf/runs/GNN_Glucose_3SAT_EchoSAT_SymmetryGRPO_v1_2_WC1_HardNeg_Full/iter=15.pt,0.561612,0.561612,30277.0,25994.0,True,0.344075,0.344075,22265.0,19025.0,True,0.003137,0.1571120099182129,62.0,4.0,True,0.003137,0.1628883214548826,62.0,4.0,True,0.008541,0.1731715576761961,398.0,265.0,True,False,False,0.004674,3.0,39.0,455.798828125,220,1.0986123085021973,True,0.0048792362213134,0.005404,0.010283236221313496,-0.553071,-0.3884404423238039,336.0,261.0,-0.21753699999999998,-0.340938,False,True,True
3,/home/sunshixin/chenchao/my_rlaf/runs/analysis/echosat_symmetry_grpo_v1_7_acceptance_v1_2_iter15_canonical_low_warmup_wc3_per_instance.csv,0,random_3sat_control_v220_c928_seed3303,perm_seed1730,random_3sat_control_v220_c928_seed3303_perm1730,random_3sat_control,non_symmetric_control,large,control,none,220,928,10.0,5.0,/home/sunshixin/chenchao/my_rlaf/runs/GNN_Glucose_3SAT_EchoSAT_SymmetryGRPO_v1_2_WC1_HardNeg_Full/iter=15.pt,1.08751,1.08751,52742.0,45477.0,True,0.157288,0.157288,13039.0,11071.0,True,0.003407,0.1573820099182128,62.0,4.0,True,0.003407,0.1630415253551006,62.0,4.0,True,0.008931,0.1734447615764141,388.0,273.0,True,False,False,0.00484,3.0,39.0,453.5053405761719,220,1.0986123085021973,True,0.0048792362213134,0.005523999999999999,0.010403236221313505,-1.078579,-0.9140652384235859,326.0,269.0,-0.930222,-0.15388100000000002,False,True,True
3,/home/sunshixin/chenchao/my_rlaf/runs/analysis/echosat_symmetry_grpo_v1_7_acceptance_v1_2_iter15_canonical_low_warmup_wc3_per_instance.csv,0,random_3sat_control_v220_c928_seed3303,perm_seed1731,random_3sat_control_v220_c928_seed3303_perm1731,random_3sat_control,non_symmetric_control,large,control,none,220,928,10.0,5.0,/home/sunshixin/chenchao/my_rlaf/runs/GNN_Glucose_3SAT_EchoSAT_SymmetryGRPO_v1_2_WC1_HardNeg_Full/iter=15.pt,0.051954,0.051954,4930.0,4147.0,True,0.277432,0.277432,19684.0,16814.0,True,0.003231,0.1572060099182129,63.0,4.0,True,0.003231,0.1653850748723149,63.0,4.0,True,0.002444,0.1694773110936284,364.0,269.0,True,False,False,0.007293,3.0,39.0,458.748046875,220,1.0986123085021973,True,0.0048792362213134,-0.0007869999999999999,0.004092236221313494,-0.04951,0.1175233110936284,301.0,265.0,0.225478,-0.27420100000000003,True,True,False
3,/home/sunshixin/chenchao/my_rlaf/runs/analysis/echosat_symmetry_grpo_v1_7_acceptance_v1_2_iter15_canonical_low_warmup_wc3_per_instance.csv,0,random_3sat_control_v220_c942_seed3304,base,random_3sat_control_v220_c942_seed3304,random_3sat_control,non_symmetric_control,large,control,none,220,942,10.0,5.0,/home/sunshixin/chenchao/my_rlaf/runs/GNN_Glucose_3SAT_EchoSAT_SymmetryGRPO_v1_2_WC1_HardNeg_Full/iter=15.pt,0.521941,0.521941,35472.0,30813.0,True,0.748204,0.748204,41376.0,36046.0,True,0.3497,0.5221674701690674,26754.0,23980.0,True,0.3497,0.5310233225716352,26754.0,23980.0,True,0.56329,0.7492655843056439,41828.0,37443.0,True,False,False,0.007967,3.0,26.0,416.5282897949219,220,1.0986123085021973,True,0.0046522617340087,0.21358999999999995,0.21824226173400874,0.04134899999999997,0.22732458430564395,15074.0,13463.0,0.226263,-0.39850399999999997,False,False,False
3,/home/sunshixin/chenchao/my_rlaf/runs/analysis/echosat_symmetry_grpo_v1_7_acceptance_v1_2_iter15_canonical_low_warmup_wc3_per_instance.csv,0,random_3sat_control_v220_c942_seed3304,perm_seed1730,random_3sat_control_v220_c942_seed3304_perm1730,random_3sat_control,non_symmetric_control,large,control,none,220,942,10.0,5.0,/home/sunshixin/chenchao/my_rlaf/runs/GNN_Glucose_3SAT_EchoSAT_SymmetryGRPO_v1_2_WC1_HardNeg_Full/iter=15.pt,0.50891,0.50891,34825.0,30052.0,True,0.488117,0.488117,33221.0,28818.0,True,0.347412,0.5198794701690674,26445.0,23804.0,True,0.347412,0.524565572449863,26445.0,23804.0,True,0.563285,0.7450908341838718,42293.0,38083.0,True,False,False,0.003668,3.0,26.0,423.32037353515625,220,1.0986123085021973,True,0.0046522617340087,0.21587300000000004,0.22052526173400877,0.05437500000000006,0.2361808341838718,15848.0,14279.0,-0.02079299999999995,-0.14070500000000002,False,False,False
3,/home/sunshixin/chenchao/my_rlaf/runs/analysis/echosat_symmetry_grpo_v1_7_acceptance_v1_2_iter15_canonical_low_warmup_wc3_per_instance.csv,0,random_3sat_control_v220_c942_seed3304,perm_seed1731,random_3sat_control_v220_c942_seed3304_perm1731,random_3sat_control,non_symmetric_control,large,control,none,220,942,10.0,5.0,/home/sunshixin/chenchao/my_rlaf/runs/GNN_Glucose_3SAT_EchoSAT_SymmetryGRPO_v1_2_WC1_HardNeg_Full/iter=15.pt,0.554432,0.554432,38737.0,33758.0,True,0.615402,0.615402,38909.0,33544.0,True,0.336697,0.5091644701690674,26149.0,23448.0,True,0.336697,0.5207503896540999,26149.0,23448.0,True,0.552367,0.7410726513881087,40809.0,36653.0,True,False,False,0.010724,3.0,26.0,418.775390625,220,1.0986123085021973,True,0.0046522617340087,0.21567000000000003,0.22032226173400882,-0.0020649999999999835,0.1866406513881087,14660.0,13205.0,0.06096999999999997,-0.278705,False,True,False
3,/home/sunshixin/chenchao/my_rlaf/runs/analysis/echosat_symmetry_grpo_v1_7_acceptance_v1_2_iter15_canonical_low_warmup_wc3_per_instance.csv,0,random_3sat_control_v260_c1097_seed3305,base,random_3sat_control_v260_c1097_seed3305,random_3sat_control,non_symmetric_control,large,control,none,260,1097,10.0,5.0,/home/sunshixin/chenchao/my_rlaf/runs/GNN_Glucose_3SAT_EchoSAT_SymmetryGRPO_v1_2_WC1_HardNeg_Full/iter=15.pt,5.288,5.288,216854.0,188499.0,True,1.77848,1.77848,73626.0,64181.0,True,1.13862,1.3110874701690671,60642.0,54350.0,True,1.13862,1.31481640602839,60642.0,54350.0,True,0.718716,0.8995646677623987,48332.0,42862.0,True,False,False,0.002857,3.0,35.0,492.83697509765625,260,1.0986123085021973,True,0.0046522617340087,-0.41990399999999994,-0.41525173826599127,-4.569284000000001,-4.388435332237601,-12310.0,-11488.0,-3.50952,-0.6398600000000001,True,True,True
3,/home/sunshixin/chenchao/my_rlaf/runs/analysis/echosat_symmetry_grpo_v1_7_acceptance_v1_2_iter15_canonical_low_warmup_wc3_per_instance.csv,0,random_3sat_control_v260_c1097_seed3305,perm_seed1730,random_3sat_control_v260_c1097_seed3305_perm1730,random_3sat_control,non_symmetric_control,large,control,none,260,1097,10.0,5.0,/home/sunshixin/chenchao/my_rlaf/runs/GNN_Glucose_3SAT_EchoSAT_SymmetryGRPO_v1_2_WC1_HardNeg_Full/iter=15.pt,5.60133,5.60133,224505.0,195557.0,True,0.488391,0.488391,27246.0,23387.0,True,1.16222,1.3346874701690674,60686.0,54724.0,True,1.16222,1.3464144105552436,60686.0,54724.0,True,0.446168,0.6350146722892522,31797.0,27977.0,True,False,False,0.010658,3.0,35.0,494.8829650878906,260,1.0986123085021973,True,0.0046522617340087,-0.716052,-0.7113997382659913,-5.155162,-4.966315327710747,-28889.0,-26747.0,-5.112939,0.673829,True,True,True
3,/home/sunshixin/chenchao/my_rlaf/runs/analysis/echosat_symmetry_grpo_v1_7_acceptance_v1_2_iter15_canonical_low_warmup_wc3_per_instance.csv,0,random_3sat_control_v260_c1097_seed3305,perm_seed1731,random_3sat_control_v260_c1097_seed3305_perm1731,random_3sat_control,non_symmetric_control,large,control,none,260,1097,10.0,5.0,/home/sunshixin/chenchao/my_rlaf/runs/GNN_Glucose_3SAT_EchoSAT_SymmetryGRPO_v1_2_WC1_HardNeg_Full/iter=15.pt,3.11103,3.11103,105916.0,92052.0,True,4.2663,4.2663,162997.0,142194.0,True,0.843741,1.0162084701690677,48534.0,43247.0,True,0.843741,1.0215645821461676,48534.0,43247.0,True,0.623983,0.8064588438801765,42249.0,37108.0,True,False,False,0.00441,3.0,35.0,493.7220764160156,260,1.0986123085021973,True,0.0046522617340087,-0.219758,-0.2151057382659911,-2.487047,-2.3045711561198234,-6285.0,-6139.0,1.1552700000000002,-3.422559,True,True,True
3,/home/sunshixin/chenchao/my_rlaf/runs/analysis/echosat_symmetry_grpo_v1_7_acceptance_v1_2_iter15_canonical_low_warmup_wc3_per_instance.csv,0,random_3sat_control_v260_c1113_seed3306,base,random_3sat_control_v260_c1113_seed3306,random_3sat_control,non_symmetric_control,large,control,none,260,1113,10.0,5.0,/home/sunshixin/chenchao/my_rlaf/runs/GNN_Glucose_3SAT_EchoSAT_SymmetryGRPO_v1_2_WC1_HardNeg_Full/iter=15.pt,4.17835,4.17835,178146.0,155541.0,True,4.54689,4.54689,186876.0,163308.0,True,4.90208,5.074547470169067,226200.0,205404.0,True,4.90208,5.079582621072531,226200.0,205404.0,True,5.21915,5.40130488280654,278578.0,245881.0,True,False,False,0.004175,3.0,34.0,480.0674743652344,260,0.6931471824645996,True,0.0046522617340087,0.3170700000000002,0.32172226173400986,1.0408,1.2229548828065404,52378.0,40477.0,0.3685400000000003,0.35518999999999945,False,False,False
3,/home/sunshixin/chenchao/my_rlaf/runs/analysis/echosat_symmetry_grpo_v1_7_acceptance_v1_2_iter15_canonical_low_warmup_wc3_per_instance.csv,0,random_3sat_control_v260_c1113_seed3306,perm_seed1730,random_3sat_control_v260_c1113_seed3306_perm1730,random_3sat_control,non_symmetric_control,large,control,none,260,1113,10.0,5.0,/home/sunshixin/chenchao/my_rlaf/runs/GNN_Glucose_3SAT_EchoSAT_SymmetryGRPO_v1_2_WC1_HardNeg_Full/iter=15.pt,3.97505,3.97505,171334.0,149746.0,True,5.14283,5.14283,206936.0,180741.0,True,4.22764,4.4001074701690674,206101.0,186162.0,True,4.22764,4.408161972932935,206101.0,186162.0,True,5.05491,5.240084234666943,274989.0,242640.0,True,False,False,0.007187,3.0,34.0,478.7396240234375,260,0.6931471824645996,True,0.0046522617340087,0.8272699999999995,0.8319222617340083,1.0798599999999996,1.2650342346669432,68888.0,56478.0,1.16778,-0.91519,False,False,False
3,/home/sunshixin/chenchao/my_rlaf/runs/analysis/echosat_symmetry_grpo_v1_7_acceptance_v1_2_iter15_canonical_low_warmup_wc3_per_instance.csv,0,random_3sat_control_v260_c1113_seed3306,perm_seed1731,random_3sat_control_v260_c1113_seed3306_perm1731,random_3sat_control,non_symmetric_control,large,control,none,260,1113,10.0,5.0,/home/sunshixin/chenchao/my_rlaf/runs/GNN_Glucose_3SAT_EchoSAT_SymmetryGRPO_v1_2_WC1_HardNeg_Full/iter=15.pt,4.99515,4.99515,202621.0,177648.0,True,5.21351,5.21351,214985.0,187707.0,True,4.64761,4.732622912750244,217745.0,196903.0,True,4.64761,4.74563699792105,217745.0,196903.0,True,5.15708,5.258186412288725,276612.0,244023.0,True,False,False,0.011858,3.0,34.0,481.5274658203125,260,0.6931471824645996,True,0.0030794143676757,0.5094699999999994,0.5125494143676752,0.1619299999999999,0.26303641228872543,58867.0,47120.0,0.21836000000000055,-0.5659000000000001,False,False,False
3,/home/sunshixin/chenchao/my_rlaf/runs/analysis/echosat_symmetry_grpo_v1_7_acceptance_v1_2_iter15_canonical_low_warmup_wc3_per_instance.csv,0,random_3sat_control_v300_c1266_seed3307,base,random_3sat_control_v300_c1266_seed3307,random_3sat_control,non_symmetric_control,large,control,none,300,1266,10.0,5.0,/home/sunshixin/chenchao/my_rlaf/runs/GNN_Glucose_3SAT_EchoSAT_SymmetryGRPO_v1_2_WC1_HardNeg_Full/iter=15.pt,0.19089,0.19089,12894.0,10895.0,True,1.92476,1.92476,71356.0,61376.0,True,0.012059,0.0970719127502441,288.0,182.0,True,0.012059,0.1087233158962726,288.0,182.0,True,0.040389,0.1401327302639484,2974.0,2378.0,True,False,False,0.010749,3.0,48.0,628.0397338867188,300,1.0986123085021973,True,0.0030794143676757,0.02833,0.0314094143676758,-0.150501,-0.0507572697360516,2686.0,2196.0,1.73387,-1.912701,False,True,True
3,/home/sunshixin/chenchao/my_rlaf/runs/analysis/echosat_symmetry_grpo_v1_7_acceptance_v1_2_iter15_canonical_low_warmup_wc3_per_instance.csv,0,random_3sat_control_v300_c1266_seed3307,perm_seed1730,random_3sat_control_v300_c1266_seed3307_perm1730,random_3sat_control,non_symmetric_control,large,control,none,300,1266,10.0,5.0,/home/sunshixin/chenchao/my_rlaf/runs/GNN_Glucose_3SAT_EchoSAT_SymmetryGRPO_v1_2_WC1_HardNeg_Full/iter=15.pt,1.01141,1.01141,43103.0,37339.0,True,1.59818,1.59818,63498.0,54506.0,True,0.016793,0.1018059127502441,321.0,205.0,True,0.016793,0.108168629210174,321.0,205.0,True,0.032488,0.1269430435778498,2745.0,2186.0,True,False,False,0.00547,3.0,48.0,619.230712890625,300,1.0986123085021973,True,0.0030794143676757,0.015695000000000004,0.018774414367675796,-0.978922,-0.8844669564221501,2424.0,1981.0,0.58677,-1.5813869999999999,False,True,True
3,/home/sunshixin/chenchao/my_rlaf/runs/analysis/echosat_symmetry_grpo_v1_7_acceptance_v1_2_iter15_canonical_low_warmup_wc3_per_instance.csv,0,random_3sat_control_v300_c1266_seed3307,perm_seed1731,random_3sat_control_v300_c1266_seed3307_perm1731,random_3sat_control,non_symmetric_control,large,control,none,300,1266,10.0,5.0,/home/sunshixin/chenchao/my_rlaf/runs/GNN_Glucose_3SAT_EchoSAT_SymmetryGRPO_v1_2_WC1_HardNeg_Full/iter=15.pt,1.63399,1.63399,66962.0,57424.0,True,0.093137,0.093137,7524.0,6304.0,True,0.012583,0.0975959127502441,375.0,247.0,True,0.012583,0.1117111347244381,375.0,247.0,True,0.032589,0.1347965490921139,2941.0,2412.0,True,False,False,0.013064,3.0,48.0,626.5236206054688,300,1.0986123085021973,True,0.0030794143676757,0.020006,0.02308541436767579,-1.601401,-1.4991934509078861,2566.0,2165.0,-1.540853,-0.080554,False,True,True
3,/home/sunshixin/chenchao/my_rlaf/runs/analysis/echosat_symmetry_grpo_v1_7_acceptance_v1_2_iter15_canonical_low_warmup_wc3_per_instance.csv,0,subset_cardinality_bw10,base,subset_cardinality_bw10,subset_cardinality,weak_symmetry,large,main,weak,41,92,10.0,5.0,/home/sunshixin/chenchao/my_rlaf/runs/GNN_Glucose_3SAT_EchoSAT_SymmetryGRPO_v1_2_WC1_HardNeg_Full/iter=15.pt,0.001329,0.001329,193.0,141.0,True,0.004531,0.004531,237.0,193.0,True,0.0,0.0850129127502441,162.0,142.0,True,0.0,0.0889934889940023,162.0,142.0,True,0.001271,0.0933439033616781,185.0,154.0,True,True,True,0.003156,3.0,8.0,94.86821746826172,41,1.0986123085021973,True,0.0030794143676757,0.001271,0.0043504143676757895,-5.800000000000011e-05,0.0920149033616781,23.0,12.0,0.003202,-0.004531,False,True,False
3,/home/sunshixin/chenchao/my_rlaf/runs/analysis/echosat_symmetry_grpo_v1_7_acceptance_v1_2_iter15_canonical_low_warmup_wc3_per_instance.csv,0,subset_cardinality_bw10,perm_seed1730,subset_cardinality_bw10_perm1730,subset_cardinality,weak_symmetry,large,main,weak,41,92,10.0,5.0,/home/sunshixin/chenchao/my_rlaf/runs/GNN_Glucose_3SAT_EchoSAT_SymmetryGRPO_v1_2_WC1_HardNeg_Full/iter=15.pt,0.003616,0.003616,218.0,167.0,True,0.002296,0.002296,221.0,169.0,True,0.001451,0.0864639127502441,156.0,137.0,True,0.001451,0.0902166502457857,156.0,137.0,True,0.004164,0.0960090646134615,177.0,145.0,True,True,True,0.003094,3.0,10.0,98.69181823730467,41,1.0986123085021973,True,0.0030794143676757,0.002713,0.005792414367675788,0.0005480000000000003,0.0923930646134615,21.0,8.0,-0.00132,-0.0008449999999999998,False,False,False
3,/home/sunshixin/chenchao/my_rlaf/runs/analysis/echosat_symmetry_grpo_v1_7_acceptance_v1_2_iter15_canonical_low_warmup_wc3_per_instance.csv,0,subset_cardinality_bw10,perm_seed1731,subset_cardinality_bw10_perm1731,subset_cardinality,weak_symmetry,large,main,weak,41,92,10.0,5.0,/home/sunshixin/chenchao/my_rlaf/runs/GNN_Glucose_3SAT_EchoSAT_SymmetryGRPO_v1_2_WC1_HardNeg_Full/iter=15.pt,0.001346,0.001346,202.0,147.0,True,0.002292,0.002292,247.0,155.0,True,0.001287,0.0862999127502441,203.0,164.0,True,0.001287,0.0877761220400333,203.0,164.0,True,0.002258,0.0918265364077091,215.0,153.0,True,True,True,0.000776,3.0,7.0,87.48927307128906,41,1.0986123085021973,True,0.0030794143676757,0.0009710000000000001,0.004050414367675809,0.000912,0.0904805364077091,12.0,-11.0,0.0009460000000000002,-0.0010050000000000003,False,False,False
3,/home/sunshixin/chenchao/my_rlaf/runs/analysis/echosat_symmetry_grpo_v1_7_acceptance_v1_2_iter15_canonical_low_warmup_wc3_per_instance.csv,0,subset_cardinality_bw12,base,subset_cardinality_bw12,subset_cardinality,weak_symmetry,large,main,weak,49,108,10.0,5.0,/home/sunshixin/chenchao/my_rlaf/runs/GNN_Glucose_3SAT_EchoSAT_SymmetryGRPO_v1_2_WC1_HardNeg_Full/iter=15.pt,0.004763,0.004763,442.0,342.0,True,0.003032,0.003032,491.0,414.0,True,0.001714,0.0867269127502441,384.0,312.0,True,0.001714,0.0874189906626343,384.0,312.0,True,0.004329,0.0931134050303101,434.0,306.0,True,True,True,0.0,3.0,12.0,104.73371887207033,49,0.6931471824645996,True,0.0030794143676757,0.002615,0.005694414367675801,-0.0004339999999999995,0.0883504050303101,50.0,-6.0,-0.001731,-0.001318,False,True,False
3,/home/sunshixin/chenchao/my_rlaf/runs/analysis/echosat_symmetry_grpo_v1_7_acceptance_v1_2_iter15_canonical_low_warmup_wc3_per_instance.csv,0,subset_cardinality_bw12,perm_seed1730,subset_cardinality_bw12_perm1730,subset_cardinality,weak_symmetry,large,main,weak,49,108,10.0,5.0,/home/sunshixin/chenchao/my_rlaf/runs/GNN_Glucose_3SAT_EchoSAT_SymmetryGRPO_v1_2_WC1_HardNeg_Full/iter=15.pt,0.0004,0.0004,440.0,329.0,True,0.005711,0.005711,397.0,314.0,True,0.002705,0.0308696251678466,343.0,268.0,True,0.002705,0.0333190027481913,343.0,268.0,True,0.000708,0.0332946780716776,378.0,296.0,True,True,True,0.001541,3.0,9.0,101.82083892822266,49,1.0986123085021973,True,0.0019726753234863,-0.001997,-2.4324676513698407e-05,0.00030799999999999995,0.032894678071677605,35.0,28.0,0.005311,-0.003006,True,False,False
3,/home/sunshixin/chenchao/my_rlaf/runs/analysis/echosat_symmetry_grpo_v1_7_acceptance_v1_2_iter15_canonical_low_warmup_wc3_per_instance.csv,0,subset_cardinality_bw12,perm_seed1731,subset_cardinality_bw12_perm1731,subset_cardinality,weak_symmetry,large,main,weak,49,108,10.0,5.0,/home/sunshixin/chenchao/my_rlaf/runs/GNN_Glucose_3SAT_EchoSAT_SymmetryGRPO_v1_2_WC1_HardNeg_Full/iter=15.pt,0.00045,0.00045,393.0,297.0,True,0.002581,0.002581,439.0,311.0,True,0.001576,0.0297406251678466,363.0,285.0,True,0.001576,0.0333996590339541,363.0,285.0,True,0.001345,0.0351413343574404,358.0,301.0,True,True,True,0.003003,3.0,11.0,104.3914794921875,49,1.0986123085021973,True,0.0019726753234863,-0.00023099999999999987,0.0017416753234862983,0.0008950000000000001,0.0346913343574404,-5.0,16.0,0.002131,-0.001005,True,False,False
3,/home/sunshixin/chenchao/my_rlaf/runs/analysis/echosat_symmetry_grpo_v1_7_acceptance_v1_2_iter15_canonical_low_warmup_wc3_per_instance.csv,0,subset_cardinality_bw8,base,subset_cardinality_bw8,subset_cardinality,weak_symmetry,medium,main,weak,33,76,10.0,5.0,/home/sunshixin/chenchao/my_rlaf/runs/GNN_Glucose_3SAT_EchoSAT_SymmetryGRPO_v1_2_WC1_HardNeg_Full/iter=15.pt,0.000348,0.000348,89.0,67.0,True,0.001815,0.001815,106.0,76.0,True,0.000959,0.0291236251678466,84.0,69.0,True,0.000959,0.0312286327838301,84.0,69.0,True,0.0,0.0322423081073164,94.0,76.0,True,True,True,0.00138,3.0,13.0,75.20963287353516,33,1.0986123085021973,True,0.0019726753234863,-0.000959,0.0010136753234863023,-0.000348,0.0318943081073164,10.0,7.0,0.001467,-0.000856,True,True,False
3,/home/sunshixin/chenchao/my_rlaf/runs/analysis/echosat_symmetry_grpo_v1_7_acceptance_v1_2_iter15_canonical_low_warmup_wc3_per_instance.csv,0,subset_cardinality_bw8,perm_seed1730,subset_cardinality_bw8_perm1730,subset_cardinality,weak_symmetry,medium,main,weak,33,76,10.0,5.0,/home/sunshixin/chenchao/my_rlaf/runs/GNN_Glucose_3SAT_EchoSAT_SymmetryGRPO_v1_2_WC1_HardNeg_Full/iter=15.pt,0.001325,0.001325,110.0,76.0,True,0.001778,0.001778,127.0,80.0,True,0.000981,0.0291456251678466,100.0,79.0,True,0.000981,0.0312529812203049,100.0,79.0,True,0.0,0.0322446565437912,91.0,67.0,True,True,True,0.001366,3.0,15.0,80.51530456542969,33,1.0986123085021973,True,0.0019726753234863,-0.000981,0.0009916753234863046,-0.001325,0.030919656543791203,-9.0,-12.0,0.00045300000000000006,-0.000797,True,True,False
3,/home/sunshixin/chenchao/my_rlaf/runs/analysis/echosat_symmetry_grpo_v1_7_acceptance_v1_2_iter15_canonical_low_warmup_wc3_per_instance.csv,0,subset_cardinality_bw8,perm_seed1731,subset_cardinality_bw8_perm1731,subset_cardinality,weak_symmetry,medium,main,weak,33,76,10.0,5.0,/home/sunshixin/chenchao/my_rlaf/runs/GNN_Glucose_3SAT_EchoSAT_SymmetryGRPO_v1_2_WC1_HardNeg_Full/iter=15.pt,0.001184,0.001184,91.0,70.0,True,0.0,0.0,102.0,79.0,True,0.000643,0.0288076251678466,81.0,70.0,True,0.000643,0.0305605257555246,81.0,70.0,True,0.002762,0.0346522010790109,91.0,76.0,True,True,True,0.000896,3.0,12.0,79.57261657714844,33,1.0986123085021973,True,0.0019726753234863,0.0021190000000000002,0.004091675323486303,0.0015780000000000002,0.033468201079010905,10.0,6.0,-0.001184,0.000643,False,False,False
3,/home/sunshixin/chenchao/my_rlaf/runs/analysis/echosat_symmetry_grpo_v1_7_acceptance_v1_2_iter15_canonical_low_warmup_wc3_per_instance.csv,1,k10_color9,base,k10_color9,complete_coloring,strong_symmetry,large,main,strong,90,775,10.0,5.0,/home/sunshixin/chenchao/my_rlaf/runs/GNN_Glucose_3SAT_EchoSAT_SymmetryGRPO_v1_2_WC1_HardNeg_Full/iter=15.pt,3.25231,3.25231,340861.0,314066.0,True,3.34264,3.34264,322229.0,299168.0,True,3.18564,3.2758418547058104,321840.0,298649.0,True,3.18564,3.2868890186648367,321840.0,298649.0,True,3.47437,3.5786650544314385,392457.0,365617.0,True,True,True,0.007708,3.0,9.0,195.45620727539065,90,1.0986123085021973,True,0.0030460357666015,0.28873000000000015,0.2917760357666017,0.22205999999999992,0.3263550544314384,70617.0,66968.0,0.0903299999999998,-0.15700000000000003,False,False,False
3,/home/sunshixin/chenchao/my_rlaf/runs/analysis/echosat_symmetry_grpo_v1_7_acceptance_v1_2_iter15_canonical_low_warmup_wc3_per_instance.csv,1,k10_color9,perm_seed1730,k10_color9_perm1730,complete_coloring,strong_symmetry,large,main,strong,90,775,10.0,5.0,/home/sunshixin/chenchao/my_rlaf/runs/GNN_Glucose_3SAT_EchoSAT_SymmetryGRPO_v1_2_WC1_HardNeg_Full/iter=15.pt,4.0106,4.0106,413643.0,382655.0,True,3.39326,3.39326,283792.0,262594.0,True,3.0089,3.0991018547058107,247778.0,229737.0,True,3.0089,3.1033621392291786,247778.0,229737.0,True,2.98451,3.08201817499578,335851.0,314384.0,True,True,True,0.003495,3.0,9.0,194.30953979492188,90,1.0986123085021973,True,0.0030460357666015,-0.024389999999999912,-0.021343964233398793,-1.02609,-0.9285818250042204,88073.0,84647.0,-0.61734,-0.38436000000000003,True,True,True
3,/home/sunshixin/chenchao/my_rlaf/runs/analysis/echosat_symmetry_grpo_v1_7_acceptance_v1_2_iter15_canonical_low_warmup_wc3_per_instance.csv,1,k10_color9,perm_seed1731,k10_color9_perm1731,complete_coloring,strong_symmetry,large,main,strong,90,775,10.0,5.0,/home/sunshixin/chenchao/my_rlaf/runs/GNN_Glucose_3SAT_EchoSAT_SymmetryGRPO_v1_2_WC1_HardNeg_Full/iter=15.pt,3.27292,3.27292,340033.0,312592.0,True,3.09923,3.09923,290369.0,269757.0,True,3.02474,3.1149418547058105,290369.0,269757.0,True,3.02474,3.1268543468628525,290369.0,269757.0,True,3.96963,4.074790382629455,406630.0,380678.0,True,True,True,0.011062,3.0,9.0,193.47189331054688,90,1.0986123085021973,True,0.0030460357666015,0.94489,0.9479360357666029,0.6967099999999999,0.8018703826294553,116261.0,110921.0,-0.17369000000000012,-0.07448999999999995,False,False,False
3,/home/sunshixin/chenchao/my_rlaf/runs/analysis/echosat_symmetry_grpo_v1_7_acceptance_v1_2_iter15_canonical_low_warmup_wc3_per_instance.csv,1,k8_color7,base,k8_color7,complete_coloring,strong_symmetry,large,main,strong,56,372,10.0,5.0,/home/sunshixin/chenchao/my_rlaf/runs/GNN_Glucose_3SAT_EchoSAT_SymmetryGRPO_v1_2_WC1_HardNeg_Full/iter=15.pt,0.034976,0.034976,6158.0,5600.0,True,0.040945,0.040945,5946.0,5440.0,True,0.040695,0.1308968547058105,5946.0,5440.0,True,0.040695,0.1352000307757854,5946.0,5440.0,True,0.03258,0.1301310665423869,5622.0,5167.0,True,True,True,0.003532,3.0,7.0,125.01708984375,56,1.0986123085021973,True,0.0030460357666015,-0.008115000000000004,-0.005068964233398504,-0.0023960000000000023,0.0951550665423869,-324.0,-273.0,0.005969000000000002,-0.0002500000000000002,True,True,False
3,/home/sunshixin/chenchao/my_rlaf/runs/analysis/echosat_symmetry_grpo_v1_7_acceptance_v1_2_iter15_canonical_low_warmup_wc3_per_instance.csv,1,k8_color7,perm_seed1730,k8_color7_perm1730,complete_coloring,strong_symmetry,large,main,strong,56,372,10.0,5.0,/home/sunshixin/chenchao/my_rlaf/runs/GNN_Glucose_3SAT_EchoSAT_SymmetryGRPO_v1_2_WC1_HardNeg_Full/iter=15.pt,0.034251,0.034251,6138.0,5624.0,True,0.042569,0.042569,6264.0,5696.0,True,0.04462,0.1348218547058105,6264.0,5696.0,True,0.04462,0.1389240679613352,6264.0,5696.0,True,0.031805,0.1291551037279367,5613.0,5176.0,True,True,True,0.003401,3.0,7.0,125.1129913330078,56,1.0986123085021973,True,0.0030460357666015,-0.012815,-0.009768964233398486,-0.002445999999999997,0.0949041037279367,-651.0,-520.0,0.008318000000000006,0.0020509999999999973,True,True,False
3,/home/sunshixin/chenchao/my_rlaf/runs/analysis/echosat_symmetry_grpo_v1_7_acceptance_v1_2_iter15_canonical_low_warmup_wc3_per_instance.csv,1,k8_color7,perm_seed1731,k8_color7_perm1731,complete_coloring,strong_symmetry,large,main,strong,56,372,10.0,5.0,/home/sunshixin/chenchao/my_rlaf/runs/GNN_Glucose_3SAT_EchoSAT_SymmetryGRPO_v1_2_WC1_HardNeg_Full/iter=15.pt,0.026377,0.026377,5800.0,5271.0,True,0.048652,0.048652,6148.0,5641.0,True,0.044978,0.1351798547058105,6148.0,5641.0,True,0.044978,0.1425366353163123,6148.0,5641.0,True,0.025814,0.1264186710829138,5789.0,5309.0,True,True,True,0.006662,3.0,7.0,125.51768493652344,56,1.0986123085021973,True,0.0030460357666015,-0.019163999999999997,-0.016117964233398507,-0.000563000000000001,0.1000416710829138,-359.0,-332.0,0.022275,-0.0036740000000000037,True,True,False
3,/home/sunshixin/chenchao/my_rlaf/runs/analysis/echosat_symmetry_grpo_v1_7_acceptance_v1_2_iter15_canonical_low_warmup_wc3_per_instance.csv,1,k9_color8,base,k9_color8,complete_coloring,strong_symmetry,large,main,strong,72,549,10.0,5.0,/home/sunshixin/chenchao/my_rlaf/runs/GNN_Glucose_3SAT_EchoSAT_SymmetryGRPO_v1_2_WC1_HardNeg_Full/iter=15.pt,0.533908,0.533908,46557.0,43529.0,True,0.495312,0.495312,44352.0,41138.0,True,0.469905,0.5601068547058106,43519.0,40436.0,True,0.469905,0.5654399191020132,43519.0,40436.0,True,0.364729,0.4633099548686147,41815.0,39084.0,True,True,True,0.004612,3.0,8.0,158.36375427246094,72,1.0986123085021973,True,0.0030460357666015,-0.10517599999999999,-0.10212996423339848,-0.16917900000000002,-0.07059804513138535,-1704.0,-1352.0,-0.038596000000000075,-0.025406999999999957,True,True,True
3,/home/sunshixin/chenchao/my_rlaf/runs/analysis/echosat_symmetry_grpo_v1_7_acceptance_v1_2_iter15_canonical_low_warmup_wc3_per_instance.csv,1,k9_color8,perm_seed1730,k9_color8_perm1730,complete_coloring,strong_symmetry,large,main,strong,72,549,10.0,5.0,/home/sunshixin/chenchao/my_rlaf/runs/GNN_Glucose_3SAT_EchoSAT_SymmetryGRPO_v1_2_WC1_HardNeg_Full/iter=15.pt,0.362107,0.362107,39708.0,36681.0,True,0.530231,0.530231,45794.0,42555.0,True,0.518953,0.6091548547058105,45794.0,42555.0,True,0.518953,0.614566029942274,45794.0,42555.0,True,0.348025,0.4466840657088756,43427.0,40378.0,True,True,True,0.004566,3.0,10.0,157.64891052246094,72,1.0986123085021973,True,0.0030460357666015,-0.17092800000000002,-0.16788196423339846,-0.014082000000000039,0.08457706570887558,-2367.0,-2177.0,0.168124,-0.01127800000000001,True,True,False
3,/home/sunshixin/chenchao/my_rlaf/runs/analysis/echosat_symmetry_grpo_v1_7_acceptance_v1_2_iter15_canonical_low_warmup_wc3_per_instance.csv,1,k9_color8,perm_seed1731,k9_color8_perm1731,complete_coloring,strong_symmetry,large,main,strong,72,549,10.0,5.0,/home/sunshixin/chenchao/my_rlaf/runs/GNN_Glucose_3SAT_EchoSAT_SymmetryGRPO_v1_2_WC1_HardNeg_Full/iter=15.pt,0.488554,0.488554,47177.0,43763.0,True,0.531394,0.531394,47579.0,44103.0,True,0.526441,0.6090740184936524,47579.0,44103.0,True,0.526441,0.6184180158955456,47579.0,44103.0,True,0.375332,0.4699063478962779,42271.0,39351.0,True,True,True,0.008615,3.0,8.0,158.0809783935547,72,1.0986123085021973,True,0.0025973320007324,-0.15110900000000005,-0.14851166799926768,-0.11322199999999999,-0.0186476521037221,-5308.0,-4752.0,0.042840000000000045,-0.004952999999999985,True,True,True
3,/home/sunshixin/chenchao/my_rlaf/runs/analysis/echosat_symmetry_grpo_v1_7_acceptance_v1_2_iter15_canonical_low_warmup_wc3_per_instance.csv,1,php_p10_h9,base,php_p10_h9,php,strong_symmetry,large,main,strong,90,775,10.0,5.0,/home/sunshixin/chenchao/my_rlaf/runs/GNN_Glucose_3SAT_EchoSAT_SymmetryGRPO_v1_2_WC1_HardNeg_Full/iter=15.pt,3.28642,3.28642,340861.0,314066.0,True,3.14999,3.14999,322229.0,299168.0,True,3.18145,3.264083018493652,321840.0,298649.0,True,3.18145,3.269791313437879,321840.0,298649.0,True,3.41378,3.5047186454386114,392457.0,365617.0,True,True,True,0.004981,3.0,9.0,195.45620727539065,90,1.0986123085021973,True,0.0025973320007324,0.23233000000000015,0.23492733200073257,0.12735999999999992,0.21829864543861133,70617.0,66968.0,-0.13643000000000027,0.031460000000000043,False,False,False
3,/home/sunshixin/chenchao/my_rlaf/runs/analysis/echosat_symmetry_grpo_v1_7_acceptance_v1_2_iter15_canonical_low_warmup_wc3_per_instance.csv,1,php_p10_h9,perm_seed1730,php_p10_h9_perm1730,php,strong_symmetry,large,main,strong,90,775,10.0,5.0,/home/sunshixin/chenchao/my_rlaf/runs/GNN_Glucose_3SAT_EchoSAT_SymmetryGRPO_v1_2_WC1_HardNeg_Full/iter=15.pt,4.01209,4.01209,413643.0,382655.0,True,3.21126,3.21126,283792.0,262594.0,True,2.93558,3.018213018493652,247778.0,229737.0,True,2.93558,3.032293551616013,247778.0,229737.0,True,3.03001,3.129320883616745,335851.0,314384.0,True,True,True,0.013354,3.0,9.0,194.30953979492188,90,1.0986123085021973,True,0.0025973320007324,0.09443000000000001,0.09702733200073199,-0.9820799999999998,-0.8827691163832547,88073.0,84647.0,-0.8008299999999999,-0.2756799999999999,False,True,True
3,/home/sunshixin/chenchao/my_rlaf/runs/analysis/echosat_symmetry_grpo_v1_7_acceptance_v1_2_iter15_canonical_low_warmup_wc3_per_instance.csv,1,php_p10_h9,perm_seed1731,php_p10_h9_perm1731,php,strong_symmetry,large,main,strong,90,775,10.0,5.0,/home/sunshixin/chenchao/my_rlaf/runs/GNN_Glucose_3SAT_EchoSAT_SymmetryGRPO_v1_2_WC1_HardNeg_Full/iter=15.pt,3.16471,3.16471,340033.0,312592.0,True,3.01061,3.01061,290369.0,269757.0,True,3.11203,3.194663018493652,290369.0,269757.0,True,3.11203,3.204371515246391,290369.0,269757.0,True,3.98682,4.081758847247124,406630.0,380678.0,True,True,True,0.008866,3.0,9.0,193.47189331054688,90,1.0986123085021973,True,0.0025973320007324,0.87479,0.8773873320007328,0.8221099999999999,0.9170488472471239,116261.0,110921.0,-0.15410000000000013,0.10142000000000007,False,False,False
3,/home/sunshixin/chenchao/my_rlaf/runs/analysis/echosat_symmetry_grpo_v1_7_acceptance_v1_2_iter15_canonical_low_warmup_wc3_per_instance.csv,1,php_p9_h8,base,php_p9_h8,php,strong_symmetry,large,main,strong,72,549,10.0,5.0,/home/sunshixin/chenchao/my_rlaf/runs/GNN_Glucose_3SAT_EchoSAT_SymmetryGRPO_v1_2_WC1_HardNeg_Full/iter=15.pt,0.553959,0.553959,46557.0,43529.0,True,0.519154,0.519154,44352.0,41138.0,True,0.463601,0.5462340184936523,43519.0,40436.0,True,0.463601,0.5573991978080273,43519.0,40436.0,True,0.382703,0.4790985298087597,41815.0,39084.0,True,True,True,0.010396,3.0,8.0,158.36375427246094,72,1.0986123085021973,True,0.0025973320007324,-0.08089799999999997,-0.07830066799926755,-0.17125599999999996,-0.07486047019124026,-1704.0,-1352.0,-0.034804999999999975,-0.05555300000000002,True,True,True
3,/home/sunshixin/chenchao/my_rlaf/runs/analysis/echosat_symmetry_grpo_v1_7_acceptance_v1_2_iter15_canonical_low_warmup_wc3_per_instance.csv,1,php_p9_h8,perm_seed1730,php_p9_h8_perm1730,php,strong_symmetry,large,main,strong,72,549,10.0,5.0,/home/sunshixin/chenchao/my_rlaf/runs/GNN_Glucose_3SAT_EchoSAT_SymmetryGRPO_v1_2_WC1_HardNeg_Full/iter=15.pt,0.379909,0.379909,39708.0,36681.0,True,0.495385,0.495385,45794.0,42555.0,True,0.501621,0.5842540184936523,45794.0,42555.0,True,0.501621,0.5901575782316327,45794.0,42555.0,True,0.353686,0.4448199102323651,43427.0,40378.0,True,True,True,0.005198,3.0,10.0,157.64891052246094,72,1.0986123085021973,True,0.0025973320007324,-0.14793499999999998,-0.14533766799926762,-0.026222999999999996,0.06491091023236512,-2367.0,-2177.0,0.11547600000000002,0.006235999999999964,True,True,False
3,/home/sunshixin/chenchao/my_rlaf/runs/analysis/echosat_symmetry_grpo_v1_7_acceptance_v1_2_iter15_canonical_low_warmup_wc3_per_instance.csv,1,php_p9_h8,perm_seed1731,php_p9_h8_perm1731,php,strong_symmetry,large,main,strong,72,549,10.0,5.0,/home/sunshixin/chenchao/my_rlaf/runs/GNN_Glucose_3SAT_EchoSAT_SymmetryGRPO_v1_2_WC1_HardNeg_Full/iter=15.pt,0.492659,0.492659,47177.0,43763.0,True,0.52076,0.52076,47579.0,44103.0,True,0.536949,0.6195820184936524,47579.0,44103.0,True,0.536949,0.6243979802920818,47579.0,44103.0,True,0.376434,0.4664803122928142,42271.0,39351.0,True,True,True,0.004115,3.0,8.0,158.0809783935547,72,1.0986123085021973,True,0.0025973320007324,-0.16051500000000002,-0.1579176679992676,-0.11622500000000002,-0.026178687707185788,-5308.0,-4752.0,0.028100999999999987,0.01618900000000001,True,True,True
3,/home/sunshixin/chenchao/my_rlaf/runs/analysis/echosat_symmetry_grpo_v1_7_acceptance_v1_2_iter15_canonical_low_warmup_wc3_per_instance.csv,1,random_3sat_control_v160_c704_seed2615,base,random_3sat_control_v160_c704_seed2615,random_3sat_control,non_symmetric_control,large,control,none,160,704,10.0,5.0,/home/sunshixin/chenchao/my_rlaf/runs/GNN_Glucose_3SAT_EchoSAT_SymmetryGRPO_v1_2_WC1_HardNeg_Full/iter=15.pt,0.062619,0.062619,6771.0,5767.0,True,0.040132,0.040132,5702.0,4813.0,True,0.04311,0.1257430184936523,4859.0,4212.0,True,0.04311,0.1314711746532321,4859.0,4212.0,True,0.051087,0.1420455066539645,5524.0,4731.0,True,False,False,0.004881,3.0,22.0,360.5569458007813,160,1.0986123085021973,True,0.0025973320007324,0.007976999999999998,0.010574332000732406,-0.011531999999999994,0.07942650665396452,665.0,519.0,-0.022486999999999993,0.0029780000000000015,False,True,False
3,/home/sunshixin/chenchao/my_rlaf/runs/analysis/echosat_symmetry_grpo_v1_7_acceptance_v1_2_iter15_canonical_low_warmup_wc3_per_instance.csv,1,random_3sat_control_v160_c704_seed2615,perm_seed1730,random_3sat_control_v160_c704_seed2615_perm1730,random_3sat_control,non_symmetric_control,large,control,none,160,704,10.0,5.0,/home/sunshixin/chenchao/my_rlaf/runs/GNN_Glucose_3SAT_EchoSAT_SymmetryGRPO_v1_2_WC1_HardNeg_Full/iter=15.pt,0.085018,0.085018,8522.0,7299.0,True,0.067455,0.067455,7934.0,6809.0,True,0.034842,0.1717619752807617,4602.0,4008.0,True,0.034842,0.175701577550292,4602.0,4008.0,True,0.044336,0.1891514186147451,5950.0,5073.0,True,False,False,0.00303,3.0,22.0,363.3272399902344,160,1.0986123085021973,True,0.0039558410644531,0.009494000000000002,0.0134498410644531,-0.040681999999999996,0.10413341861474511,1348.0,1065.0,-0.017562999999999995,-0.032613,False,True,False
3,/home/sunshixin/chenchao/my_rlaf/runs/analysis/echosat_symmetry_grpo_v1_7_acceptance_v1_2_iter15_canonical_low_warmup_wc3_per_instance.csv,1,random_3sat_control_v160_c704_seed2615,perm_seed1731,random_3sat_control_v160_c704_seed2615_perm1731,random_3sat_control,non_symmetric_control,large,control,none,160,704,10.0,5.0,/home/sunshixin/chenchao/my_rlaf/runs/GNN_Glucose_3SAT_EchoSAT_SymmetryGRPO_v1_2_WC1_HardNeg_Full/iter=15.pt,0.043767,0.043767,5676.0,4847.0,True,0.083815,0.083815,8017.0,6851.0,True,0.037953,0.1748729752807617,4961.0,4384.0,True,0.037953,0.1788239430358409,4961.0,4384.0,True,0.051402,0.1962287841002941,5676.0,4831.0,True,False,False,0.003171,3.0,22.0,364.4381408691406,160,1.0986123085021973,True,0.0039558410644531,0.013449000000000003,0.017404841064453197,0.007635000000000003,0.1524617841002941,715.0,447.0,0.040048,-0.045862,False,False,False
3,/home/sunshixin/chenchao/my_rlaf/runs/analysis/echosat_symmetry_grpo_v1_7_acceptance_v1_2_iter15_canonical_low_warmup_wc3_per_instance.csv,1,random_3sat_control_v180_c760_seed3301,base,random_3sat_control_v180_c760_seed3301,random_3sat_control,non_symmetric_control,large,control,none,180,760,10.0,5.0,/home/sunshixin/chenchao/my_rlaf/runs/GNN_Glucose_3SAT_EchoSAT_SymmetryGRPO_v1_2_WC1_HardNeg_Full/iter=15.pt,0.400905,0.400905,27442.0,23617.0,True,0.119625,0.119625,10470.0,8910.0,True,0.003494,0.1404139752807617,693.0,567.0,True,0.003494,0.1460658248797059,693.0,567.0,True,0.165027,0.311554665944159,16151.0,14012.0,True,False,False,0.004856,3.0,28.0,430.4636840820313,180,1.0986123085021973,True,0.0039558410644531,0.161533,0.16548884106445308,-0.235878,-0.08935033405584103,15458.0,13445.0,-0.28128000000000003,-0.116131,False,True,True
3,/home/sunshixin/chenchao/my_rlaf/runs/analysis/echosat_symmetry_grpo_v1_7_acceptance_v1_2_iter15_canonical_low_warmup_wc3_per_instance.csv,1,random_3sat_control_v180_c760_seed3301,perm_seed1730,random_3sat_control_v180_c760_seed3301_perm1730,random_3sat_control,non_symmetric_control,large,control,none,180,760,10.0,5.0,/home/sunshixin/chenchao/my_rlaf/runs/GNN_Glucose_3SAT_EchoSAT_SymmetryGRPO_v1_2_WC1_HardNeg_Full/iter=15.pt,0.829066,0.829066,47649.0,41152.0,True,0.080025,0.080025,7421.0,6253.0,True,0.006345,0.1432649752807617,643.0,525.0,True,0.006345,0.1538029473093748,643.0,525.0,True,0.154021,0.3054347883738279,14349.0,12462.0,True,False,False,0.009686,3.0,28.0,431.2578125,180,1.0986123085021973,True,0.0039558410644531,0.147676,0.15163184106445313,-0.675045,-0.5236312116261721,13706.0,11937.0,-0.749041,-0.07368,False,True,True
3,/home/sunshixin/chenchao/my_rlaf/runs/analysis/echosat_symmetry_grpo_v1_7_acceptance_v1_2_iter15_canonical_low_warmup_wc3_per_instance.csv,1,random_3sat_control_v180_c760_seed3301,perm_seed1731,random_3sat_control_v180_c760_seed3301_perm1731,random_3sat_control,non_symmetric_control,large,control,none,180,760,10.0,5.0,/home/sunshixin/chenchao/my_rlaf/runs/GNN_Glucose_3SAT_EchoSAT_SymmetryGRPO_v1_2_WC1_HardNeg_Full/iter=15.pt,0.387425,0.387425,27197.0,23469.0,True,0.102503,0.102503,9011.0,7714.0,True,0.011332,0.1482519752807617,590.0,484.0,True,0.011332,0.1512160033474564,590.0,484.0,True,0.164662,0.3085018444119096,15493.0,13430.0,True,False,False,0.00203,3.0,28.0,430.8958129882813,180,1.0986123085021973,True,0.0039558410644531,0.15333,0.15728584106445317,-0.22276300000000002,-0.07892315558809043,14903.0,12946.0,-0.284922,-0.091171,False,True,True
3,/home/sunshixin/chenchao/my_rlaf/runs/analysis/echosat_symmetry_grpo_v1_7_acceptance_v1_2_iter15_canonical_low_warmup_wc3_per_instance.csv,1,random_3sat_control_v220_c928_seed3303,base,random_3sat_control_v220_c928_seed3303,random_3sat_control,non_symmetric_control,large,control,none,220,928,10.0,5.0,/home/sunshixin/chenchao/my_rlaf/runs/GNN_Glucose_3SAT_EchoSAT_SymmetryGRPO_v1_2_WC1_HardNeg_Full/iter=15.pt,0.565228,0.565228,30277.0,25994.0,True,0.339934,0.339934,22265.0,19025.0,True,0.004356,0.1412759752807617,62.0,4.0,True,0.004356,0.1463098775755763,62.0,4.0,True,0.012948,0.1588577186400294,398.0,265.0,True,False,False,0.004228,3.0,39.0,455.798828125,220,1.0986123085021973,True,0.0039558410644531,0.008591999999999999,0.012547841064453086,-0.55228,-0.40637028135997055,336.0,261.0,-0.22529399999999994,-0.335578,False,True,True
3,/home/sunshixin/chenchao/my_rlaf/runs/analysis/echosat_symmetry_grpo_v1_7_acceptance_v1_2_iter15_canonical_low_warmup_wc3_per_instance.csv,1,random_3sat_control_v220_c928_seed3303,perm_seed1730,random_3sat_control_v220_c928_seed3303_perm1730,random_3sat_control,non_symmetric_control,large,control,none,220,928,10.0,5.0,/home/sunshixin/chenchao/my_rlaf/runs/GNN_Glucose_3SAT_EchoSAT_SymmetryGRPO_v1_2_WC1_HardNeg_Full/iter=15.pt,1.09502,1.09502,52742.0,45477.0,True,0.156037,0.156037,13039.0,11071.0,True,0.004794,0.1417139752807617,62.0,4.0,True,0.004794,0.1429354153414368,62.0,4.0,True,0.005307,0.14740425640589,388.0,273.0,True,False,False,0.000394,3.0,39.0,453.5053405761719,220,1.0986123085021973,True,0.0039558410644531,0.0005130000000000004,0.004468841064453194,-1.0897130000000002,-0.9476157435941102,326.0,269.0,-0.9389830000000001,-0.15124300000000002,False,True,True
3,/home/sunshixin/chenchao/my_rlaf/runs/analysis/echosat_symmetry_grpo_v1_7_acceptance_v1_2_iter15_canonical_low_warmup_wc3_per_instance.csv,1,random_3sat_control_v220_c928_seed3303,perm_seed1731,random_3sat_control_v220_c928_seed3303_perm1731,random_3sat_control,non_symmetric_control,large,control,none,220,928,10.0,5.0,/home/sunshixin/chenchao/my_rlaf/runs/GNN_Glucose_3SAT_EchoSAT_SymmetryGRPO_v1_2_WC1_HardNeg_Full/iter=15.pt,0.053745,0.053745,4930.0,4147.0,True,0.287436,0.287436,19684.0,16814.0,True,0.00034,0.1372599752807617,63.0,4.0,True,0.00034,0.1385663130242228,63.0,4.0,True,0.008564,0.1507461540886759,364.0,269.0,True,False,False,0.000401,3.0,39.0,458.748046875,220,1.0986123085021973,True,0.0039558410644531,0.008224,0.012179841064453106,-0.045181,0.09700115408867589,301.0,265.0,0.23369100000000004,-0.287096,False,True,False
3,/home/sunshixin/chenchao/my_rlaf/runs/analysis/echosat_symmetry_grpo_v1_7_acceptance_v1_2_iter15_canonical_low_warmup_wc3_per_instance.csv,1,random_3sat_control_v220_c942_seed3304,base,random_3sat_control_v220_c942_seed3304,random_3sat_control,non_symmetric_control,large,control,none,220,942,10.0,5.0,/home/sunshixin/chenchao/my_rlaf/runs/GNN_Glucose_3SAT_EchoSAT_SymmetryGRPO_v1_2_WC1_HardNeg_Full/iter=15.pt,0.5163,0.5163,35472.0,30813.0,True,0.735758,0.735758,41376.0,36046.0,True,0.33866,0.4902484399414062,26754.0,23980.0,True,0.33866,0.4952480850854516,26754.0,23980.0,True,0.557949,0.7181825051599146,41828.0,37443.0,True,False,False,0.004055,3.0,26.0,416.5282897949219,220,1.0986123085021973,True,0.0036454200744628,0.219289,0.22293442007446296,0.04164900000000005,0.20188250515991457,15074.0,13463.0,0.21945800000000004,-0.397098,False,False,False
3,/home/sunshixin/chenchao/my_rlaf/runs/analysis/echosat_symmetry_grpo_v1_7_acceptance_v1_2_iter15_canonical_low_warmup_wc3_per_instance.csv,1,random_3sat_control_v220_c942_seed3304,perm_seed1730,random_3sat_control_v220_c942_seed3304_perm1730,random_3sat_control,non_symmetric_control,large,control,none,220,942,10.0,5.0,/home/sunshixin/chenchao/my_rlaf/runs/GNN_Glucose_3SAT_EchoSAT_SymmetryGRPO_v1_2_WC1_HardNeg_Full/iter=15.pt,0.526416,0.526416,34825.0,30052.0,True,0.487247,0.487247,33221.0,28818.0,True,0.32323,0.4748184399414062,26445.0,23804.0,True,0.32323,0.4793380060592294,26445.0,23804.0,True,0.541023,0.7007764261336923,42293.0,38083.0,True,False,False,0.00371,3.0,26.0,423.32037353515625,220,1.0986123085021973,True,0.0036454200744628,0.21779300000000001,0.2214384200744629,0.014607000000000037,0.1743604261336923,15848.0,14279.0,-0.03916900000000001,-0.16401699999999997,False,False,False
3,/home/sunshixin/chenchao/my_rlaf/runs/analysis/echosat_symmetry_grpo_v1_7_acceptance_v1_2_iter15_canonical_low_warmup_wc3_per_instance.csv,1,random_3sat_control_v220_c942_seed3304,perm_seed1731,random_3sat_control_v220_c942_seed3304_perm1731,random_3sat_control,non_symmetric_control,large,control,none,220,942,10.0,5.0,/home/sunshixin/chenchao/my_rlaf/runs/GNN_Glucose_3SAT_EchoSAT_SymmetryGRPO_v1_2_WC1_HardNeg_Full/iter=15.pt,0.5541,0.5541,38737.0,33758.0,True,0.636652,0.636652,38909.0,33544.0,True,0.334291,0.4858794399414062,26149.0,23448.0,True,0.334291,0.4941805048041343,26149.0,23448.0,True,0.553751,0.7172859248785972,40809.0,36653.0,True,False,False,0.007427,3.0,26.0,418.775390625,220,1.0986123085021973,True,0.0036454200744628,0.21946,0.22310542007446293,-0.0003490000000000437,0.16318592487859718,14660.0,13205.0,0.08255199999999996,-0.302361,False,True,False
3,/home/sunshixin/chenchao/my_rlaf/runs/analysis/echosat_symmetry_grpo_v1_7_acceptance_v1_2_iter15_canonical_low_warmup_wc3_per_instance.csv,1,random_3sat_control_v260_c1097_seed3305,base,random_3sat_control_v260_c1097_seed3305,random_3sat_control,non_symmetric_control,large,control,none,260,1097,10.0,5.0,/home/sunshixin/chenchao/my_rlaf/runs/GNN_Glucose_3SAT_EchoSAT_SymmetryGRPO_v1_2_WC1_HardNeg_Full/iter=15.pt,5.21936,5.21936,216854.0,188499.0,True,1.83335,1.83335,73626.0,64181.0,True,1.17266,1.3242484399414065,60642.0,54350.0,True,1.17266,1.3279171962783338,60642.0,54350.0,True,0.732768,0.8916706163527965,48332.0,42862.0,True,False,False,0.002676,3.0,35.0,492.83697509765625,260,1.0986123085021973,True,0.0036454200744628,-0.43989200000000006,-0.4362465799255373,-4.486592,-4.327689383647203,-12310.0,-11488.0,-3.3860099999999997,-0.66069,True,True,True
3,/home/sunshixin/chenchao/my_rlaf/runs/analysis/echosat_symmetry_grpo_v1_7_acceptance_v1_2_iter15_canonical_low_warmup_wc3_per_instance.csv,1,random_3sat_control_v260_c1097_seed3305,perm_seed1730,random_3sat_control_v260_c1097_seed3305_perm1730,random_3sat_control,non_symmetric_control,large,control,none,260,1097,10.0,5.0,/home/sunshixin/chenchao/my_rlaf/runs/GNN_Glucose_3SAT_EchoSAT_SymmetryGRPO_v1_2_WC1_HardNeg_Full/iter=15.pt,5.80571,5.80571,224505.0,195557.0,True,0.473378,0.473378,27246.0,23387.0,True,1.1373,1.2888884399414062,60686.0,54724.0,True,1.1373,1.2983086176801324,60686.0,54724.0,True,0.430616,0.5952700377545953,31797.0,27977.0,True,False,False,0.008491,3.0,35.0,494.8829650878906,260,1.0986123085021973,True,0.0036454200744628,-0.706684,-0.7030385799255371,-5.375094000000001,-5.210439962245405,-28889.0,-26747.0,-5.332332,0.6639219999999999,True,True,True
3,/home/sunshixin/chenchao/my_rlaf/runs/analysis/echosat_symmetry_grpo_v1_7_acceptance_v1_2_iter15_canonical_low_warmup_wc3_per_instance.csv,1,random_3sat_control_v260_c1097_seed3305,perm_seed1731,random_3sat_control_v260_c1097_seed3305_perm1731,random_3sat_control,non_symmetric_control,large,control,none,260,1097,10.0,5.0,/home/sunshixin/chenchao/my_rlaf/runs/GNN_Glucose_3SAT_EchoSAT_SymmetryGRPO_v1_2_WC1_HardNeg_Full/iter=15.pt,3.11861,3.11861,105916.0,92052.0,True,4.35482,4.35482,162997.0,142194.0,True,0.842579,0.9941674399414062,48534.0,43247.0,True,0.842579,0.9996938859250544,48534.0,43247.0,True,0.614055,0.7748153059995174,42249.0,37108.0,True,False,False,0.004655,3.0,35.0,493.7220764160156,260,1.0986123085021973,True,0.0036454200744628,-0.22852399999999995,-0.22487857992553695,-2.504555,-2.3437946940004823,-6285.0,-6139.0,1.2362100000000003,-3.5122410000000004,True,True,True
3,/home/sunshixin/chenchao/my_rlaf/runs/analysis/echosat_symmetry_grpo_v1_7_acceptance_v1_2_iter15_canonical_low_warmup_wc3_per_instance.csv,1,random_3sat_control_v260_c1113_seed3306,base,random_3sat_control_v260_c1113_seed3306,random_3sat_control,non_symmetric_control,large,control,none,260,1113,10.0,5.0,/home/sunshixin/chenchao/my_rlaf/runs/GNN_Glucose_3SAT_EchoSAT_SymmetryGRPO_v1_2_WC1_HardNeg_Full/iter=15.pt,4.10794,4.10794,178146.0,155541.0,True,4.54471,4.54471,186876.0,163308.0,True,4.76969,4.921278439941406,226200.0,205404.0,True,4.76969,4.924711445169032,226200.0,205404.0,True,5.46325,5.621916865243495,278578.0,245881.0,True,False,False,0.002563,3.0,34.0,480.0674743652344,260,0.6931471824645996,True,0.0036454200744628,0.6935600000000006,0.6972054200744635,1.3553100000000002,1.513976865243495,52378.0,40477.0,0.4367700000000001,0.2249799999999995,False,False,False
3,/home/sunshixin/chenchao/my_rlaf/runs/analysis/echosat_symmetry_grpo_v1_7_acceptance_v1_2_iter15_canonical_low_warmup_wc3_per_instance.csv,1,random_3sat_control_v260_c1113_seed3306,perm_seed1730,random_3sat_control_v260_c1113_seed3306_perm1730,random_3sat_control,non_symmetric_control,large,control,none,260,1113,10.0,5.0,/home/sunshixin/chenchao/my_rlaf/runs/GNN_Glucose_3SAT_EchoSAT_SymmetryGRPO_v1_2_WC1_HardNeg_Full/iter=15.pt,3.79814,3.79814,171334.0,149746.0,True,5.14769,5.14769,206936.0,180741.0,True,4.23857,4.390158439941406,206101.0,186162.0,True,4.23857,4.4018767826252585,206101.0,186162.0,True,5.26927,5.436222202699721,274989.0,242640.0,True,False,False,0.010684,3.0,34.0,478.7396240234375,260,0.6931471824645996,True,0.0036454200744628,1.0306999999999995,1.0343454200744624,1.4711299999999996,1.6380822026997208,68888.0,56478.0,1.3495499999999998,-0.9091199999999997,False,False,False
3,/home/sunshixin/chenchao/my_rlaf/runs/analysis/echosat_symmetry_grpo_v1_7_acceptance_v1_2_iter15_canonical_low_warmup_wc3_per_instance.csv,1,random_3sat_control_v260_c1113_seed3306,perm_seed1731,random_3sat_control_v260_c1113_seed3306_perm1731,random_3sat_control,non_symmetric_control,large,control,none,260,1113,10.0,5.0,/home/sunshixin/chenchao/my_rlaf/runs/GNN_Glucose_3SAT_EchoSAT_SymmetryGRPO_v1_2_WC1_HardNeg_Full/iter=15.pt,4.96469,4.96469,202621.0,177648.0,True,5.22181,5.22181,214985.0,187707.0,True,4.75257,4.872917261428833,217745.0,196903.0,True,4.75257,4.878097582046212,217745.0,196903.0,True,5.15628,5.284587304259956,276612.0,244023.0,True,False,False,0.004292,3.0,34.0,481.5274658203125,260,0.6931471824645996,True,0.0027797222137451,0.40370999999999935,0.40648972221374446,0.1915899999999997,0.319897304259956,58867.0,47120.0,0.25711999999999957,-0.4692399999999992,False,False,False
3,/home/sunshixin/chenchao/my_rlaf/runs/analysis/echosat_symmetry_grpo_v1_7_acceptance_v1_2_iter15_canonical_low_warmup_wc3_per_instance.csv,1,random_3sat_control_v300_c1266_seed3307,base,random_3sat_control_v300_c1266_seed3307,random_3sat_control,non_symmetric_control,large,control,none,300,1266,10.0,5.0,/home/sunshixin/chenchao/my_rlaf/runs/GNN_Glucose_3SAT_EchoSAT_SymmetryGRPO_v1_2_WC1_HardNeg_Full/iter=15.pt,0.165148,0.165148,12894.0,10895.0,True,1.91858,1.91858,71356.0,61376.0,True,0.014972,0.135319261428833,288.0,182.0,True,0.014972,0.1415766866557002,288.0,182.0,True,0.033781,0.1631654088694453,2974.0,2378.0,True,False,False,0.00536,3.0,48.0,628.0397338867188,300,1.0986123085021973,True,0.0027797222137451,0.018809,0.02158872221374511,-0.13136699999999998,-0.001982591130554684,2686.0,2196.0,1.7534319999999999,-1.903608,False,True,True
3,/home/sunshixin/chenchao/my_rlaf/runs/analysis/echosat_symmetry_grpo_v1_7_acceptance_v1_2_iter15_canonical_low_warmup_wc3_per_instance.csv,1,random_3sat_control_v300_c1266_seed3307,perm_seed1730,random_3sat_control_v300_c1266_seed3307_perm1730,random_3sat_control,non_symmetric_control,large,control,none,300,1266,10.0,5.0,/home/sunshixin/chenchao/my_rlaf/runs/GNN_Glucose_3SAT_EchoSAT_SymmetryGRPO_v1_2_WC1_HardNeg_Full/iter=15.pt,1.01332,1.01332,43103.0,37339.0,True,1.6634,1.6634,63498.0,54506.0,True,0.00329,0.123637261428833,321.0,205.0,True,0.00329,0.1297525977328419,321.0,205.0,True,0.040832,0.1700743199465871,2745.0,2186.0,True,False,False,0.005185,3.0,48.0,619.230712890625,300,1.0986123085021973,True,0.0027797222137451,0.037542,0.04032172221374519,-0.972488,-0.8432456800534129,2424.0,1981.0,0.65008,-1.66011,False,True,True
3,/home/sunshixin/chenchao/my_rlaf/runs/analysis/echosat_symmetry_grpo_v1_7_acceptance_v1_2_iter15_canonical_low_warmup_wc3_per_instance.csv,1,random_3sat_control_v300_c1266_seed3307,perm_seed1731,random_3sat_control_v300_c1266_seed3307_perm1731,random_3sat_control,non_symmetric_control,large,control,none,300,1266,10.0,5.0,/home/sunshixin/chenchao/my_rlaf/runs/GNN_Glucose_3SAT_EchoSAT_SymmetryGRPO_v1_2_WC1_HardNeg_Full/iter=15.pt,1.56563,1.56563,66962.0,57424.0,True,0.097383,0.097383,7524.0,6304.0,True,0.006733,0.127080261428833,375.0,247.0,True,0.006733,0.136627292643845,375.0,247.0,True,0.033236,0.1659100148575902,2941.0,2412.0,True,False,False,0.008383,3.0,48.0,626.5236206054688,300,1.0986123085021973,True,0.0027797222137451,0.026503000000000002,0.0292827222137452,-1.532394,-1.3997199851424098,2566.0,2165.0,-1.468247,-0.09065,False,True,True
3,/home/sunshixin/chenchao/my_rlaf/runs/analysis/echosat_symmetry_grpo_v1_7_acceptance_v1_2_iter15_canonical_low_warmup_wc3_per_instance.csv,1,subset_cardinality_bw10,base,subset_cardinality_bw10,subset_cardinality,weak_symmetry,large,main,weak,41,92,10.0,5.0,/home/sunshixin/chenchao/my_rlaf/runs/GNN_Glucose_3SAT_EchoSAT_SymmetryGRPO_v1_2_WC1_HardNeg_Full/iter=15.pt,0.000771,0.000771,193.0,141.0,True,0.001556,0.001556,237.0,193.0,True,0.004264,0.124611261428833,162.0,142.0,True,0.004264,0.1264218995534181,162.0,142.0,True,0.0,0.1249376217671632,185.0,154.0,True,True,True,0.001054,3.0,8.0,94.86821746826172,41,1.0986123085021973,True,0.0027797222137451,-0.004264,-0.0014842777862548867,-0.000771,0.12416662176716321,23.0,12.0,0.0007850000000000001,0.0027080000000000003,True,True,False
3,/home/sunshixin/chenchao/my_rlaf/runs/analysis/echosat_symmetry_grpo_v1_7_acceptance_v1_2_iter15_canonical_low_warmup_wc3_per_instance.csv,1,subset_cardinality_bw10,perm_seed1730,subset_cardinality_bw10_perm1730,subset_cardinality,weak_symmetry,large,main,weak,41,92,10.0,5.0,/home/sunshixin/chenchao/my_rlaf/runs/GNN_Glucose_3SAT_EchoSAT_SymmetryGRPO_v1_2_WC1_HardNeg_Full/iter=15.pt,0.0,0.0,218.0,167.0,True,0.00437,0.00437,221.0,169.0,True,0.00414,0.124487261428833,156.0,137.0,True,0.00414,0.1266968936272263,156.0,137.0,True,0.0,0.1253366158409714,177.0,145.0,True,True,True,0.001528,3.0,10.0,98.69181823730467,41,1.0986123085021973,True,0.0027797222137451,-0.00414,-0.0013602777862549154,0.0,0.1253366158409714,21.0,8.0,0.00437,-0.00023000000000000017,True,False,False
3,/home/sunshixin/chenchao/my_rlaf/runs/analysis/echosat_symmetry_grpo_v1_7_acceptance_v1_2_iter15_canonical_low_warmup_wc3_per_instance.csv,1,subset_cardinality_bw10,perm_seed1731,subset_cardinality_bw10_perm1731,subset_cardinality,weak_symmetry,large,main,weak,41,92,10.0,5.0,/home/sunshixin/chenchao/my_rlaf/runs/GNN_Glucose_3SAT_EchoSAT_SymmetryGRPO_v1_2_WC1_HardNeg_Full/iter=15.pt,0.003444,0.003444,202.0,147.0,True,0.004086,0.004086,247.0,155.0,True,0.000839,0.121186261428833,203.0,164.0,True,0.000839,0.1218976363449692,203.0,164.0,True,0.001575,0.1254133585587143,215.0,153.0,True,True,True,0.0,3.0,7.0,87.48927307128906,41,1.0986123085021973,True,0.0027797222137451,0.000736,0.003515722213745104,-0.001869,0.1219693585587143,12.0,-11.0,0.0006420000000000002,-0.0032470000000000003,False,True,False
3,/home/sunshixin/chenchao/my_rlaf/runs/analysis/echosat_symmetry_grpo_v1_7_acceptance_v1_2_iter15_canonical_low_warmup_wc3_per_instance.csv,1,subset_cardinality_bw12,base,subset_cardinality_bw12,subset_cardinality,weak_symmetry,large,main,weak,49,108,10.0,5.0,/home/sunshixin/chenchao/my_rlaf/runs/GNN_Glucose_3SAT_EchoSAT_SymmetryGRPO_v1_2_WC1_HardNeg_Full/iter=15.pt,0.000423,0.000423,442.0,342.0,True,0.002308,0.002308,491.0,414.0,True,0.002954,0.123301261428833,384.0,312.0,True,0.002954,0.1251552907457948,384.0,312.0,True,0.00464,0.1296210129595399,434.0,306.0,True,True,True,0.001031,3.0,12.0,104.73371887207033,49,0.6931471824645996,True,0.0027797222137451,0.001686,0.00446572221374511,0.004217,0.1291980129595399,50.0,-6.0,0.0018850000000000002,0.0006459999999999999,False,False,False
3,/home/sunshixin/chenchao/my_rlaf/runs/analysis/echosat_symmetry_grpo_v1_7_acceptance_v1_2_iter15_canonical_low_warmup_wc3_per_instance.csv,1,subset_cardinality_bw12,perm_seed1730,subset_cardinality_bw12_perm1730,subset_cardinality,weak_symmetry,large,main,weak,49,108,10.0,5.0,/home/sunshixin/chenchao/my_rlaf/runs/GNN_Glucose_3SAT_EchoSAT_SymmetryGRPO_v1_2_WC1_HardNeg_Full/iter=15.pt,0.0,0.0,440.0,329.0,True,0.006089,0.006089,397.0,314.0,True,0.005259,0.0432514774169921,343.0,268.0,True,0.005259,0.0454042996051907,343.0,268.0,True,0.002732,0.0448983739002347,378.0,296.0,True,True,True,0.001471,3.0,9.0,101.82083892822266,49,1.0986123085021973,True,0.0020210742950439,-0.0025269999999999997,-0.0005059257049560006,0.002732,0.0448983739002347,35.0,28.0,0.006089,-0.00083,True,False,False
3,/home/sunshixin/chenchao/my_rlaf/runs/analysis/echosat_symmetry_grpo_v1_7_acceptance_v1_2_iter15_canonical_low_warmup_wc3_per_instance.csv,1,subset_cardinality_bw12,perm_seed1731,subset_cardinality_bw12_perm1731,subset_cardinality,weak_symmetry,large,main,weak,49,108,10.0,5.0,/home/sunshixin/chenchao/my_rlaf/runs/GNN_Glucose_3SAT_EchoSAT_SymmetryGRPO_v1_2_WC1_HardNeg_Full/iter=15.pt,0.002833,0.002833,393.0,297.0,True,0.003539,0.003539,439.0,311.0,True,0.004606,0.0425984774169921,363.0,285.0,True,0.004606,0.0443103560263514,363.0,285.0,True,0.003301,0.0450264303213953,358.0,301.0,True,True,True,0.00102,3.0,11.0,104.3914794921875,49,1.0986123085021973,True,0.0020210742950439,-0.0013049999999999997,0.0007160742950438961,0.0004680000000000001,0.042193430321395296,-5.0,16.0,0.000706,0.0010669999999999998,True,False,False
3,/home/sunshixin/chenchao/my_rlaf/runs/analysis/echosat_symmetry_grpo_v1_7_acceptance_v1_2_iter15_canonical_low_warmup_wc3_per_instance.csv,1,subset_cardinality_bw8,base,subset_cardinality_bw8,subset_cardinality,weak_symmetry,medium,main,weak,33,76,10.0,5.0,/home/sunshixin/chenchao/my_rlaf/runs/GNN_Glucose_3SAT_EchoSAT_SymmetryGRPO_v1_2_WC1_HardNeg_Full/iter=15.pt,0.002692,0.002692,89.0,67.0,True,0.00153,0.00153,106.0,76.0,True,0.0,0.0379924774169921,84.0,69.0,True,0.0,0.0415725747957825,84.0,69.0,True,0.003288,0.0468816490908265,94.0,76.0,True,True,True,0.0029,3.0,13.0,75.20963287353516,33,1.0986123085021973,True,0.0020210742950439,0.003288,0.005309074295043993,0.0005960000000000002,0.0441896490908265,10.0,7.0,-0.001162,-0.00153,False,False,False
3,/home/sunshixin/chenchao/my_rlaf/runs/analysis/echosat_symmetry_grpo_v1_7_acceptance_v1_2_iter15_canonical_low_warmup_wc3_per_instance.csv,1,subset_cardinality_bw8,perm_seed1730,subset_cardinality_bw8_perm1730,subset_cardinality,weak_symmetry,medium,main,weak,33,76,10.0,5.0,/home/sunshixin/chenchao/my_rlaf/runs/GNN_Glucose_3SAT_EchoSAT_SymmetryGRPO_v1_2_WC1_HardNeg_Full/iter=15.pt,0.001683,0.001683,110.0,76.0,True,0.001158,0.001158,127.0,80.0,True,0.002989,0.0409814774169921,100.0,79.0,True,0.002989,0.0426808599119782,100.0,79.0,True,0.001559,0.0432719342070221,91.0,67.0,True,True,True,0.00091,3.0,15.0,80.51530456542969,33,1.0986123085021973,True,0.0020210742950439,-0.0014299999999999998,0.000591074295043896,-0.00012399999999999998,0.0415889342070221,-9.0,-12.0,-0.0005250000000000001,0.001831,True,True,False
3,/home/sunshixin/chenchao/my_rlaf/runs/analysis/echosat_symmetry_grpo_v1_7_acceptance_v1_2_iter15_canonical_low_warmup_wc3_per_instance.csv,1,subset_cardinality_bw8,perm_seed1731,subset_cardinality_bw8_perm1731,subset_cardinality,weak_symmetry,medium,main,weak,33,76,10.0,5.0,/home/sunshixin/chenchao/my_rlaf/runs/GNN_Glucose_3SAT_EchoSAT_SymmetryGRPO_v1_2_WC1_HardNeg_Full/iter=15.pt,0.0024,0.0024,91.0,70.0,True,0.000817,0.000817,102.0,79.0,True,0.000714,0.0387064774169921,81.0,70.0,True,0.000714,0.0408235499578714,81.0,70.0,True,0.002617,0.0447476242529153,91.0,76.0,True,True,True,0.001366,3.0,12.0,79.57261657714844,33,1.0986123085021973,True,0.0020210742950439,0.001903,0.003924074295043899,0.00021700000000000018,0.0423476242529153,10.0,6.0,-0.0015829999999999998,-0.00010300000000000001,False,False,False
3,/home/sunshixin/chenchao/my_rlaf/runs/analysis/echosat_symmetry_grpo_v1_7_acceptance_v1_2_iter15_canonical_low_warmup_wc3_per_instance.csv,2,k10_color9,base,k10_color9,complete_coloring,strong_symmetry,large,main,strong,90,775,10.0,5.0,/home/sunshixin/chenchao/my_rlaf/runs/GNN_Glucose_3SAT_EchoSAT_SymmetryGRPO_v1_2_WC1_HardNeg_Full/iter=15.pt,3.28754,3.28754,340861.0,314066.0,True,3.18362,3.18362,322229.0,299168.0,True,3.17861,3.2597078412628173,321840.0,298649.0,True,3.17861,3.269973529995024,321840.0,298649.0,True,3.42126,3.517247658336699,392457.0,365617.0,True,True,True,0.008489,3.0,9.0,195.45620727539065,90,1.0986123085021973,True,0.0046241283416748,0.24265000000000025,0.24727412834167506,0.13372000000000028,0.22970765833669926,70617.0,66968.0,-0.10392000000000001,-0.005009999999999959,False,False,False
3,/home/sunshixin/chenchao/my_rlaf/runs/analysis/echosat_symmetry_grpo_v1_7_acceptance_v1_2_iter15_canonical_low_warmup_wc3_per_instance.csv,2,k10_color9,perm_seed1730,k10_color9_perm1730,complete_coloring,strong_symmetry,large,main,strong,90,775,10.0,5.0,/home/sunshixin/chenchao/my_rlaf/runs/GNN_Glucose_3SAT_EchoSAT_SymmetryGRPO_v1_2_WC1_HardNeg_Full/iter=15.pt,3.85023,3.85023,413643.0,382655.0,True,3.23436,3.23436,283792.0,262594.0,True,2.94502,3.0261178412628174,247778.0,229737.0,True,2.94502,3.0396010916560887,247778.0,229737.0,True,2.99489,3.0940952199977634,335851.0,314384.0,True,True,True,0.012155,3.0,9.0,194.30953979492188,90,1.0986123085021973,True,0.0046241283416748,0.04986999999999986,0.054494128341674664,-0.85534,-0.7561347800022364,88073.0,84647.0,-0.6158699999999997,-0.28934000000000015,False,True,True
3,/home/sunshixin/chenchao/my_rlaf/runs/analysis/echosat_symmetry_grpo_v1_7_acceptance_v1_2_iter15_canonical_low_warmup_wc3_per_instance.csv,2,k10_color9,perm_seed1731,k10_color9_perm1731,complete_coloring,strong_symmetry,large,main,strong,90,775,10.0,5.0,/home/sunshixin/chenchao/my_rlaf/runs/GNN_Glucose_3SAT_EchoSAT_SymmetryGRPO_v1_2_WC1_HardNeg_Full/iter=15.pt,3.25402,3.25402,340033.0,312592.0,True,3.05491,3.05491,290369.0,269757.0,True,3.01802,3.0991178412628173,290369.0,269757.0,True,3.01802,3.1115665934562085,290369.0,269757.0,True,3.97936,4.077530721797883,406630.0,380678.0,True,True,True,0.011144,3.0,9.0,193.47189331054688,90,1.0986123085021973,True,0.0046241283416748,0.9613399999999999,0.9659641283416747,0.7253399999999997,0.823510721797883,116261.0,110921.0,-0.19911000000000012,-0.03689000000000009,False,False,False
3,/home/sunshixin/chenchao/my_rlaf/runs/analysis/echosat_symmetry_grpo_v1_7_acceptance_v1_2_iter15_canonical_low_warmup_wc3_per_instance.csv,2,k8_color7,base,k8_color7,complete_coloring,strong_symmetry,large,main,strong,56,372,10.0,5.0,/home/sunshixin/chenchao/my_rlaf/runs/GNN_Glucose_3SAT_EchoSAT_SymmetryGRPO_v1_2_WC1_HardNeg_Full/iter=15.pt,0.037284,0.037284,6158.0,5600.0,True,0.036198,0.036198,5946.0,5440.0,True,0.039878,0.1209758412628173,5946.0,5440.0,True,0.039878,0.1269734057943224,5946.0,5440.0,True,0.026382,0.1181015341359973,5622.0,5167.0,True,True,True,0.003684,3.0,7.0,125.01708984375,56,1.0986123085021973,True,0.0046241283416748,-0.013495999999999998,-0.008871871658325092,-0.010901999999999998,0.08081753413599731,-324.0,-273.0,-0.0010859999999999967,0.0036799999999999958,True,True,False
3,/home/sunshixin/chenchao/my_rlaf/runs/analysis/echosat_symmetry_grpo_v1_7_acceptance_v1_2_iter15_canonical_low_warmup_wc3_per_instance.csv,2,k8_color7,perm_seed1730,k8_color7_perm1730,complete_coloring,strong_symmetry,large,main,strong,56,372,10.0,5.0,/home/sunshixin/chenchao/my_rlaf/runs/GNN_Glucose_3SAT_EchoSAT_SymmetryGRPO_v1_2_WC1_HardNeg_Full/iter=15.pt,0.034666,0.034666,6138.0,5624.0,True,0.039655,0.039655,6264.0,5696.0,True,0.040334,0.1214318412628173,6264.0,5696.0,True,0.040334,0.1257613679540753,6264.0,5696.0,True,0.034976,0.1250274962957501,5613.0,5176.0,True,True,True,0.003622,3.0,7.0,125.1129913330078,56,1.0986123085021973,True,0.0046241283416748,-0.005358000000000002,-0.000733871658325197,0.0003099999999999978,0.0903614962957501,-651.0,-520.0,0.004989,0.000678999999999999,True,False,False
3,/home/sunshixin/chenchao/my_rlaf/runs/analysis/echosat_symmetry_grpo_v1_7_acceptance_v1_2_iter15_canonical_low_warmup_wc3_per_instance.csv,2,k8_color7,perm_seed1731,k8_color7_perm1731,complete_coloring,strong_symmetry,large,main,strong,56,372,10.0,5.0,/home/sunshixin/chenchao/my_rlaf/runs/GNN_Glucose_3SAT_EchoSAT_SymmetryGRPO_v1_2_WC1_HardNeg_Full/iter=15.pt,0.02614,0.02614,5800.0,5271.0,True,0.046236,0.046236,6148.0,5641.0,True,0.047287,0.1283848412628173,6148.0,5641.0,True,0.047287,0.1365049895246028,6148.0,5641.0,True,0.029171,0.1230131178662777,5789.0,5309.0,True,True,True,0.00724,3.0,7.0,125.51768493652344,56,1.0986123085021973,True,0.0046241283416748,-0.018116000000000004,-0.013491871658325105,0.003030999999999999,0.0968731178662777,-359.0,-332.0,0.020096,0.0010510000000000033,True,False,False
3,/home/sunshixin/chenchao/my_rlaf/runs/analysis/echosat_symmetry_grpo_v1_7_acceptance_v1_2_iter15_canonical_low_warmup_wc3_per_instance.csv,2,k9_color8,base,k9_color8,complete_coloring,strong_symmetry,large,main,strong,72,549,10.0,5.0,/home/sunshixin/chenchao/my_rlaf/runs/GNN_Glucose_3SAT_EchoSAT_SymmetryGRPO_v1_2_WC1_HardNeg_Full/iter=15.pt,0.544465,0.544465,46557.0,43529.0,True,0.512283,0.512283,44352.0,41138.0,True,0.465009,0.5461068412628174,43519.0,40436.0,True,0.465009,0.5507754624472857,43519.0,40436.0,True,0.369885,0.4602755907889604,41815.0,39084.0,True,True,True,0.003874,3.0,8.0,158.36375427246094,72,1.0986123085021973,True,0.0046241283416748,-0.09512399999999999,-0.09049987165832529,-0.17457999999999996,-0.08418940921103957,-1704.0,-1352.0,-0.03218199999999993,-0.04727400000000004,True,True,True
3,/home/sunshixin/chenchao/my_rlaf/runs/analysis/echosat_symmetry_grpo_v1_7_acceptance_v1_2_iter15_canonical_low_warmup_wc3_per_instance.csv,2,k9_color8,perm_seed1730,k9_color8_perm1730,complete_coloring,strong_symmetry,large,main,strong,72,549,10.0,5.0,/home/sunshixin/chenchao/my_rlaf/runs/GNN_Glucose_3SAT_EchoSAT_SymmetryGRPO_v1_2_WC1_HardNeg_Full/iter=15.pt,0.378225,0.378225,39708.0,36681.0,True,0.505527,0.505527,45794.0,42555.0,True,0.524387,0.6054848412628174,45794.0,42555.0,True,0.524387,0.6128410601976514,45794.0,42555.0,True,0.353702,0.4467801885393262,43427.0,40378.0,True,True,True,0.006643,3.0,10.0,157.64891052246094,72,1.0986123085021973,True,0.0046241283416748,-0.17068500000000003,-0.16606087165832517,-0.02452299999999996,0.06855518853932624,-2367.0,-2177.0,0.12730199999999997,0.0188600000000001,True,True,False
3,/home/sunshixin/chenchao/my_rlaf/runs/analysis/echosat_symmetry_grpo_v1_7_acceptance_v1_2_iter15_canonical_low_warmup_wc3_per_instance.csv,2,k9_color8,perm_seed1731,k9_color8_perm1731,complete_coloring,strong_symmetry,large,main,strong,72,549,10.0,5.0,/home/sunshixin/chenchao/my_rlaf/runs/GNN_Glucose_3SAT_EchoSAT_SymmetryGRPO_v1_2_WC1_HardNeg_Full/iter=15.pt,0.489722,0.489722,47177.0,43763.0,True,0.529689,0.529689,47579.0,44103.0,True,0.543018,0.6300891803436279,47579.0,44103.0,True,0.543018,0.6361117711166143,47579.0,44103.0,True,0.362866,0.4584002236922979,42271.0,39351.0,True,True,True,0.005308,3.0,8.0,158.0809783935547,72,1.0986123085021973,True,0.0024404525756835,-0.18015199999999998,-0.17771154742431644,-0.12685599999999997,-0.03132177630770211,-5308.0,-4752.0,0.039966999999999975,0.013329000000000035,True,True,True
3,/home/sunshixin/chenchao/my_rlaf/runs/analysis/echosat_symmetry_grpo_v1_7_acceptance_v1_2_iter15_canonical_low_warmup_wc3_per_instance.csv,2,php_p10_h9,base,php_p10_h9,php,strong_symmetry,large,main,strong,90,775,10.0,5.0,/home/sunshixin/chenchao/my_rlaf/runs/GNN_Glucose_3SAT_EchoSAT_SymmetryGRPO_v1_2_WC1_HardNeg_Full/iter=15.pt,3.29747,3.29747,340861.0,314066.0,True,3.18206,3.18206,322229.0,299168.0,True,3.2458,3.332871180343628,321840.0,298649.0,True,3.2458,3.345032052029848,321840.0,298649.0,True,3.41933,3.521002504605532,392457.0,365617.0,True,True,True,0.011308,3.0,9.0,195.45620727539065,90,1.0986123085021973,True,0.0024404525756835,0.17352999999999996,0.175970452575684,0.12185999999999986,0.2235325046055321,70617.0,66968.0,-0.11541000000000023,0.06374000000000013,False,False,False
3,/home/sunshixin/chenchao/my_rlaf/runs/analysis/echosat_symmetry_grpo_v1_7_acceptance_v1_2_iter15_canonical_low_warmup_wc3_per_instance.csv,2,php_p10_h9,perm_seed1730,php_p10_h9_perm1730,php,strong_symmetry,large,main,strong,90,775,10.0,5.0,/home/sunshixin/chenchao/my_rlaf/runs/GNN_Glucose_3SAT_EchoSAT_SymmetryGRPO_v1_2_WC1_HardNeg_Full/iter=15.pt,3.83198,3.83198,413643.0,382655.0,True,3.2416,3.2416,283792.0,262594.0,True,2.96489,3.051961180343628,247778.0,229737.0,True,2.96489,3.0622164969038965,247778.0,229737.0,True,3.05261,3.15237694947958,335851.0,314384.0,True,True,True,0.00938,3.0,9.0,194.30953979492188,90,1.0986123085021973,True,0.0024404525756835,0.08772000000000002,0.09016045257568361,-0.7793700000000001,-0.67960305052042,88073.0,84647.0,-0.5903800000000001,-0.27671,False,True,True
3,/home/sunshixin/chenchao/my_rlaf/runs/analysis/echosat_symmetry_grpo_v1_7_acceptance_v1_2_iter15_canonical_low_warmup_wc3_per_instance.csv,2,php_p10_h9,perm_seed1731,php_p10_h9_perm1731,php,strong_symmetry,large,main,strong,90,775,10.0,5.0,/home/sunshixin/chenchao/my_rlaf/runs/GNN_Glucose_3SAT_EchoSAT_SymmetryGRPO_v1_2_WC1_HardNeg_Full/iter=15.pt,3.26628,3.26628,340033.0,312592.0,True,3.02272,3.02272,290369.0,269757.0,True,3.03483,3.121901180343628,290369.0,269757.0,True,3.03483,3.1264440133214,290369.0,269757.0,True,4.0475,4.141554465897084,406630.0,380678.0,True,True,True,0.00382,3.0,9.0,193.47189331054688,90,1.0986123085021973,True,0.0024404525756835,1.0126700000000004,1.0151104525756836,0.7812200000000002,0.8752744658970837,116261.0,110921.0,-0.24356,0.012109999999999843,False,False,False
3,/home/sunshixin/chenchao/my_rlaf/runs/analysis/echosat_symmetry_grpo_v1_7_acceptance_v1_2_iter15_canonical_low_warmup_wc3_per_instance.csv,2,php_p9_h8,base,php_p9_h8,php,strong_symmetry,large,main,strong,72,549,10.0,5.0,/home/sunshixin/chenchao/my_rlaf/runs/GNN_Glucose_3SAT_EchoSAT_SymmetryGRPO_v1_2_WC1_HardNeg_Full/iter=15.pt,0.556117,0.556117,46557.0,43529.0,True,0.513661,0.513661,44352.0,41138.0,True,0.455592,0.5426631803436279,43519.0,40436.0,True,0.455592,0.5534494392948747,43519.0,40436.0,True,0.378785,0.4790828918705582,41815.0,39084.0,True,True,True,0.010077,3.0,8.0,158.36375427246094,72,1.0986123085021973,True,0.0024404525756835,-0.07680700000000001,-0.07436654742431648,-0.177332,-0.07703410812944178,-1704.0,-1352.0,-0.04245599999999994,-0.05806900000000004,True,True,True
3,/home/sunshixin/chenchao/my_rlaf/runs/analysis/echosat_symmetry_grpo_v1_7_acceptance_v1_2_iter15_canonical_low_warmup_wc3_per_instance.csv,2,php_p9_h8,perm_seed1730,php_p9_h8_perm1730,php,strong_symmetry,large,main,strong,72,549,10.0,5.0,/home/sunshixin/chenchao/my_rlaf/runs/GNN_Glucose_3SAT_EchoSAT_SymmetryGRPO_v1_2_WC1_HardNeg_Full/iter=15.pt,0.381256,0.381256,39708.0,36681.0,True,0.502129,0.502129,45794.0,42555.0,True,0.506955,0.594026180343628,45794.0,42555.0,True,0.506955,0.6047798459237814,45794.0,42555.0,True,0.347998,0.4482632984994649,43427.0,40378.0,True,True,True,0.01003,3.0,10.0,157.64891052246094,72,1.0986123085021973,True,0.0024404525756835,-0.15895700000000007,-0.15651654742431653,-0.03325800000000001,0.0670072984994649,-2367.0,-2177.0,0.12087300000000006,0.004825999999999997,True,True,False
3,/home/sunshixin/chenchao/my_rlaf/runs/analysis/echosat_symmetry_grpo_v1_7_acceptance_v1_2_iter15_canonical_low_warmup_wc3_per_instance.csv,2,php_p9_h8,perm_seed1731,php_p9_h8_perm1731,php,strong_symmetry,large,main,strong,72,549,10.0,5.0,/home/sunshixin/chenchao/my_rlaf/runs/GNN_Glucose_3SAT_EchoSAT_SymmetryGRPO_v1_2_WC1_HardNeg_Full/iter=15.pt,0.493825,0.493825,47177.0,43763.0,True,0.534537,0.534537,47579.0,44103.0,True,0.522066,0.609137180343628,47579.0,44103.0,True,0.522066,0.6200506091803909,47579.0,44103.0,True,0.369088,0.4695130617560744,42271.0,39351.0,True,True,True,0.00997,3.0,8.0,158.0809783935547,72,1.0986123085021973,True,0.0024404525756835,-0.152978,-0.15053754742431652,-0.12473699999999999,-0.024311938243925635,-5308.0,-4752.0,0.040712000000000026,-0.01247100000000001,True,True,True
3,/home/sunshixin/chenchao/my_rlaf/runs/analysis/echosat_symmetry_grpo_v1_7_acceptance_v1_2_iter15_canonical_low_warmup_wc3_per_instance.csv,2,random_3sat_control_v160_c704_seed2615,base,random_3sat_control_v160_c704_seed2615,random_3sat_control,non_symmetric_control,large,control,none,160,704,10.0,5.0,/home/sunshixin/chenchao/my_rlaf/runs/GNN_Glucose_3SAT_EchoSAT_SymmetryGRPO_v1_2_WC1_HardNeg_Full/iter=15.pt,0.05679,0.05679,6771.0,5767.0,True,0.047149,0.047149,5702.0,4813.0,True,0.037799,0.1248701803436279,4859.0,4212.0,True,0.037799,0.1256356036340594,4859.0,4212.0,True,0.050703,0.140980056209743,5524.0,4731.0,True,False,False,0.0,3.0,22.0,360.5569458007813,160,1.0986123085021973,True,0.0024404525756835,0.012903999999999999,0.015344452575683593,-0.006087000000000002,0.08419005620974299,665.0,519.0,-0.009640999999999997,-0.009350000000000004,False,True,False
3,/home/sunshixin/chenchao/my_rlaf/runs/analysis/echosat_symmetry_grpo_v1_7_acceptance_v1_2_iter15_canonical_low_warmup_wc3_per_instance.csv,2,random_3sat_control_v160_c704_seed2615,perm_seed1730,random_3sat_control_v160_c704_seed2615_perm1730,random_3sat_control,non_symmetric_control,large,control,none,160,704,10.0,5.0,/home/sunshixin/chenchao/my_rlaf/runs/GNN_Glucose_3SAT_EchoSAT_SymmetryGRPO_v1_2_WC1_HardNeg_Full/iter=15.pt,0.073887,0.073887,8522.0,7299.0,True,0.067878,0.067878,7934.0,6809.0,True,0.041274,0.1971666105499267,4602.0,4008.0,True,0.041274,0.2071783192178011,4602.0,4008.0,True,0.050058,0.2196682976113557,5950.0,5073.0,True,False,False,0.009225,3.0,22.0,363.3272399902344,160,1.0986123085021973,True,0.0037059783935546,0.008784,0.01248997839355459,-0.023828999999999996,0.14578129761135572,1348.0,1065.0,-0.0060090000000000005,-0.026603999999999996,False,True,False
3,/home/sunshixin/chenchao/my_rlaf/runs/analysis/echosat_symmetry_grpo_v1_7_acceptance_v1_2_iter15_canonical_low_warmup_wc3_per_instance.csv,2,random_3sat_control_v160_c704_seed2615,perm_seed1731,random_3sat_control_v160_c704_seed2615_perm1731,random_3sat_control,non_symmetric_control,large,control,none,160,704,10.0,5.0,/home/sunshixin/chenchao/my_rlaf/runs/GNN_Glucose_3SAT_EchoSAT_SymmetryGRPO_v1_2_WC1_HardNeg_Full/iter=15.pt,0.036232,0.036232,5676.0,4847.0,True,0.079635,0.079635,8017.0,6851.0,True,0.050441,0.2063336105499267,4961.0,4384.0,True,0.050441,0.212515601137638,4961.0,4384.0,True,0.047703,0.2134835795311927,5676.0,4831.0,True,False,False,0.0054,3.0,22.0,364.4381408691406,160,1.0986123085021973,True,0.0037059783935546,-0.0027379999999999974,0.0009679783935546971,0.011471000000000002,0.1772515795311927,715.0,447.0,0.043403,-0.029193999999999998,True,False,False
3,/home/sunshixin/chenchao/my_rlaf/runs/analysis/echosat_symmetry_grpo_v1_7_acceptance_v1_2_iter15_canonical_low_warmup_wc3_per_instance.csv,2,random_3sat_control_v180_c760_seed3301,base,random_3sat_control_v180_c760_seed3301,random_3sat_control,non_symmetric_control,large,control,none,180,760,10.0,5.0,/home/sunshixin/chenchao/my_rlaf/runs/GNN_Glucose_3SAT_EchoSAT_SymmetryGRPO_v1_2_WC1_HardNeg_Full/iter=15.pt,0.388823,0.388823,27442.0,23617.0,True,0.114931,0.114931,10470.0,8910.0,True,0.013245,0.1691376105499267,693.0,567.0,True,0.013245,0.1766592199238539,693.0,567.0,True,0.163833,0.3309531983174085,16151.0,14012.0,True,False,False,0.006474,3.0,28.0,430.4636840820313,180,1.0986123085021973,True,0.0037059783935546,0.150588,0.1542939783935546,-0.22498999999999997,-0.05786980168259148,15458.0,13445.0,-0.27389199999999997,-0.101686,False,True,True
3,/home/sunshixin/chenchao/my_rlaf/runs/analysis/echosat_symmetry_grpo_v1_7_acceptance_v1_2_iter15_canonical_low_warmup_wc3_per_instance.csv,2,random_3sat_control_v180_c760_seed3301,perm_seed1730,random_3sat_control_v180_c760_seed3301_perm1730,random_3sat_control,non_symmetric_control,large,control,none,180,760,10.0,5.0,/home/sunshixin/chenchao/my_rlaf/runs/GNN_Glucose_3SAT_EchoSAT_SymmetryGRPO_v1_2_WC1_HardNeg_Full/iter=15.pt,0.822797,0.822797,47649.0,41152.0,True,0.07864,0.07864,7421.0,6253.0,True,0.006291,0.1621836105499267,643.0,525.0,True,0.006291,0.1716387680543661,643.0,525.0,True,0.152652,0.3217057464479208,14349.0,12462.0,True,False,False,0.008676,3.0,28.0,431.2578125,180,1.0986123085021973,True,0.0037059783935546,0.14636100000000002,0.15006697839355473,-0.670145,-0.5010912535520792,13706.0,11937.0,-0.744157,-0.072349,False,True,True
3,/home/sunshixin/chenchao/my_rlaf/runs/analysis/echosat_symmetry_grpo_v1_7_acceptance_v1_2_iter15_canonical_low_warmup_wc3_per_instance.csv,2,random_3sat_control_v180_c760_seed3301,perm_seed1731,random_3sat_control_v180_c760_seed3301_perm1731,random_3sat_control,non_symmetric_control,large,control,none,180,760,10.0,5.0,/home/sunshixin/chenchao/my_rlaf/runs/GNN_Glucose_3SAT_EchoSAT_SymmetryGRPO_v1_2_WC1_HardNeg_Full/iter=15.pt,0.387469,0.387469,27197.0,23469.0,True,0.10286,0.10286,9011.0,7714.0,True,0.00608,0.1619726105499267,590.0,484.0,True,0.00608,0.1665376472260952,590.0,484.0,True,0.157399,0.3215626256196499,15493.0,13430.0,True,False,False,0.003754,3.0,28.0,430.8958129882813,180,1.0986123085021973,True,0.0037059783935546,0.151319,0.15502497839355467,-0.23007,-0.06590637438035013,14903.0,12946.0,-0.284609,-0.09677999999999999,False,True,True
3,/home/sunshixin/chenchao/my_rlaf/runs/analysis/echosat_symmetry_grpo_v1_7_acceptance_v1_2_iter15_canonical_low_warmup_wc3_per_instance.csv,2,random_3sat_control_v220_c928_seed3303,base,random_3sat_control_v220_c928_seed3303,random_3sat_control,non_symmetric_control,large,control,none,220,928,10.0,5.0,/home/sunshixin/chenchao/my_rlaf/runs/GNN_Glucose_3SAT_EchoSAT_SymmetryGRPO_v1_2_WC1_HardNeg_Full/iter=15.pt,0.564142,0.564142,30277.0,25994.0,True,0.341762,0.341762,22265.0,19025.0,True,0.004752,0.1606446105499267,62.0,4.0,True,0.004752,0.1720040159817934,62.0,4.0,True,0.005447,0.1764049943753481,398.0,265.0,True,False,False,0.010432,3.0,39.0,455.798828125,220,1.0986123085021973,True,0.0037059783935546,0.0006949999999999994,0.004400978393554689,-0.558695,-0.38773700562465196,336.0,261.0,-0.22238000000000002,-0.33701000000000003,False,True,True
3,/home/sunshixin/chenchao/my_rlaf/runs/analysis/echosat_symmetry_grpo_v1_7_acceptance_v1_2_iter15_canonical_low_warmup_wc3_per_instance.csv,2,random_3sat_control_v220_c928_seed3303,perm_seed1730,random_3sat_control_v220_c928_seed3303_perm1730,random_3sat_control,non_symmetric_control,large,control,none,220,928,10.0,5.0,/home/sunshixin/chenchao/my_rlaf/runs/GNN_Glucose_3SAT_EchoSAT_SymmetryGRPO_v1_2_WC1_HardNeg_Full/iter=15.pt,1.10085,1.10085,52742.0,45477.0,True,0.170974,0.170974,13039.0,11071.0,True,0.005385,0.1612776105499267,62.0,4.0,True,0.005385,0.1671087688319087,62.0,4.0,True,0.008668,0.1740977472254634,388.0,273.0,True,False,False,0.004797,3.0,39.0,453.5053405761719,220,1.0986123085021973,True,0.0037059783935546,0.0032830000000000003,0.006988978393554696,-1.0921820000000002,-0.9267522527745367,326.0,269.0,-0.9298760000000001,-0.165589,False,True,True
3,/home/sunshixin/chenchao/my_rlaf/runs/analysis/echosat_symmetry_grpo_v1_7_acceptance_v1_2_iter15_canonical_low_warmup_wc3_per_instance.csv,2,random_3sat_control_v220_c928_seed3303,perm_seed1731,random_3sat_control_v220_c928_seed3303_perm1731,random_3sat_control,non_symmetric_control,large,control,none,220,928,10.0,5.0,/home/sunshixin/chenchao/my_rlaf/runs/GNN_Glucose_3SAT_EchoSAT_SymmetryGRPO_v1_2_WC1_HardNeg_Full/iter=15.pt,0.051845,0.051845,4930.0,4147.0,True,0.291236,0.291236,19684.0,16814.0,True,0.004336,0.1602286105499267,63.0,4.0,True,0.004336,0.1647788354783058,63.0,4.0,True,0.014376,0.1785248138718605,364.0,269.0,True,False,False,0.003692,3.0,39.0,458.748046875,220,1.0986123085021973,True,0.0037059783935546,0.01004,0.013745978393554709,-0.037469,0.1266798138718605,301.0,265.0,0.239391,-0.2869,False,True,False
3,/home/sunshixin/chenchao/my_rlaf/runs/analysis/echosat_symmetry_grpo_v1_7_acceptance_v1_2_iter15_canonical_low_warmup_wc3_per_instance.csv,2,random_3sat_control_v220_c942_seed3304,base,random_3sat_control_v220_c942_seed3304,random_3sat_control,non_symmetric_control,large,control,none,220,942,10.0,5.0,/home/sunshixin/chenchao/my_rlaf/runs/GNN_Glucose_3SAT_EchoSAT_SymmetryGRPO_v1_2_WC1_HardNeg_Full/iter=15.pt,0.519626,0.519626,35472.0,30813.0,True,0.741732,0.741732,41376.0,36046.0,True,0.356727,0.5791143138427735,26754.0,23980.0,True,0.356727,0.5835687730412483,26754.0,23980.0,True,0.543275,0.7733337549290656,41828.0,37443.0,True,False,False,0.003621,3.0,26.0,416.5282897949219,220,1.0986123085021973,True,0.0032169818878173,0.18654799999999994,0.18976498188781732,0.02364899999999992,0.2537077549290656,15074.0,13463.0,0.22210599999999991,-0.38500499999999993,False,False,False
3,/home/sunshixin/chenchao/my_rlaf/runs/analysis/echosat_symmetry_grpo_v1_7_acceptance_v1_2_iter15_canonical_low_warmup_wc3_per_instance.csv,2,random_3sat_control_v220_c942_seed3304,perm_seed1730,random_3sat_control_v220_c942_seed3304_perm1730,random_3sat_control,non_symmetric_control,large,control,none,220,942,10.0,5.0,/home/sunshixin/chenchao/my_rlaf/runs/GNN_Glucose_3SAT_EchoSAT_SymmetryGRPO_v1_2_WC1_HardNeg_Full/iter=15.pt,0.512408,0.512408,34825.0,30052.0,True,0.483592,0.483592,33221.0,28818.0,True,0.344107,0.5664943138427734,26445.0,23804.0,True,0.344107,0.579268143936932,26445.0,23804.0,True,0.537615,0.7759931258247494,42293.0,38083.0,True,False,False,0.011757,3.0,26.0,423.32037353515625,220,1.0986123085021973,True,0.0032169818878173,0.19350799999999996,0.1967249818878174,0.02520699999999998,0.26358512582474947,15848.0,14279.0,-0.028815999999999953,-0.13948500000000003,False,False,False
3,/home/sunshixin/chenchao/my_rlaf/runs/analysis/echosat_symmetry_grpo_v1_7_acceptance_v1_2_iter15_canonical_low_warmup_wc3_per_instance.csv,2,random_3sat_control_v220_c942_seed3304,perm_seed1731,random_3sat_control_v220_c942_seed3304_perm1731,random_3sat_control,non_symmetric_control,large,control,none,220,942,10.0,5.0,/home/sunshixin/chenchao/my_rlaf/runs/GNN_Glucose_3SAT_EchoSAT_SymmetryGRPO_v1_2_WC1_HardNeg_Full/iter=15.pt,0.567372,0.567372,38737.0,33758.0,True,0.652049,0.652049,38909.0,33544.0,True,0.320453,0.5428403138427734,26149.0,23448.0,True,0.320453,0.5483618686180711,26149.0,23448.0,True,0.543622,0.7747478505058885,40809.0,36653.0,True,False,False,0.004581,3.0,26.0,418.775390625,220,1.0986123085021973,True,0.0032169818878173,0.22316900000000006,0.22638598188781733,-0.023749999999999938,0.20737585050588847,14660.0,13205.0,0.084677,-0.331596,False,True,False
3,/home/sunshixin/chenchao/my_rlaf/runs/analysis/echosat_symmetry_grpo_v1_7_acceptance_v1_2_iter15_canonical_low_warmup_wc3_per_instance.csv,2,random_3sat_control_v260_c1097_seed3305,base,random_3sat_control_v260_c1097_seed3305,random_3sat_control,non_symmetric_control,large,control,none,260,1097,10.0,5.0,/home/sunshixin/chenchao/my_rlaf/runs/GNN_Glucose_3SAT_EchoSAT_SymmetryGRPO_v1_2_WC1_HardNeg_Full/iter=15.pt,5.28676,5.28676,216854.0,188499.0,True,1.86104,1.86104,73626.0,64181.0,True,1.13681,1.3591973138427735,60642.0,54350.0,True,1.13681,1.3661311804860832,60642.0,54350.0,True,0.720582,0.9531201623739004,48332.0,42862.0,True,False,False,0.00604,3.0,35.0,492.83697509765625,260,1.0986123085021973,True,0.0032169818878173,-0.41622800000000015,-0.41301101811218277,-4.566178,-4.3336398376261,-12310.0,-11488.0,-3.42572,-0.7242299999999999,True,True,True
3,/home/sunshixin/chenchao/my_rlaf/runs/analysis/echosat_symmetry_grpo_v1_7_acceptance_v1_2_iter15_canonical_low_warmup_wc3_per_instance.csv,2,random_3sat_control_v260_c1097_seed3305,perm_seed1730,random_3sat_control_v260_c1097_seed3305_perm1730,random_3sat_control,non_symmetric_control,large,control,none,260,1097,10.0,5.0,/home/sunshixin/chenchao/my_rlaf/runs/GNN_Glucose_3SAT_EchoSAT_SymmetryGRPO_v1_2_WC1_HardNeg_Full/iter=15.pt,5.64475,5.64475,224505.0,195557.0,True,0.483525,0.483525,27246.0,23387.0,True,1.17705,1.3994373138427734,60686.0,54724.0,True,1.17705,1.4117545637100934,60686.0,54724.0,True,0.43374,0.6716615455979109,31797.0,27977.0,True,False,False,0.011425,3.0,35.0,494.8829650878906,260,1.0986123085021973,True,0.0032169818878173,-0.7433099999999999,-0.7400930181121825,-5.21101,-4.973088454402089,-28889.0,-26747.0,-5.161225,0.693525,True,True,True
3,/home/sunshixin/chenchao/my_rlaf/runs/analysis/echosat_symmetry_grpo_v1_7_acceptance_v1_2_iter15_canonical_low_warmup_wc3_per_instance.csv,2,random_3sat_control_v260_c1097_seed3305,perm_seed1731,random_3sat_control_v260_c1097_seed3305_perm1731,random_3sat_control,non_symmetric_control,large,control,none,260,1097,10.0,5.0,/home/sunshixin/chenchao/my_rlaf/runs/GNN_Glucose_3SAT_EchoSAT_SymmetryGRPO_v1_2_WC1_HardNeg_Full/iter=15.pt,3.04738,3.04738,105916.0,92052.0,True,4.30097,4.30097,162997.0,142194.0,True,0.843269,1.0656563138427737,48534.0,43247.0,True,0.843269,1.070304951768756,48534.0,43247.0,True,0.613046,0.8432989336565733,42249.0,37108.0,True,False,False,0.00349,3.0,35.0,493.7220764160156,260,1.0986123085021973,True,0.0032169818878173,-0.23022300000000007,-0.22700601811218268,-2.4343339999999998,-2.2040810663434267,-6285.0,-6139.0,1.2535900000000004,-3.457701,True,True,True
3,/home/sunshixin/chenchao/my_rlaf/runs/analysis/echosat_symmetry_grpo_v1_7_acceptance_v1_2_iter15_canonical_low_warmup_wc3_per_instance.csv,2,random_3sat_control_v260_c1113_seed3306,base,random_3sat_control_v260_c1113_seed3306,random_3sat_control,non_symmetric_control,large,control,none,260,1113,10.0,5.0,/home/sunshixin/chenchao/my_rlaf/runs/GNN_Glucose_3SAT_EchoSAT_SymmetryGRPO_v1_2_WC1_HardNeg_Full/iter=15.pt,4.18654,4.18654,178146.0,155541.0,True,4.64566,4.64566,186876.0,163308.0,True,4.91921,5.141597313842773,226200.0,205404.0,True,4.91921,5.145441505551338,226200.0,205404.0,True,5.24791,5.477358487439155,278578.0,245881.0,True,False,False,0.002915,3.0,34.0,480.0674743652344,260,0.6931471824645996,True,0.0032169818878173,0.32870000000000044,0.3319169818878178,1.0613700000000001,1.2908184874391555,52378.0,40477.0,0.4591200000000004,0.2735499999999993,False,False,False
3,/home/sunshixin/chenchao/my_rlaf/runs/analysis/echosat_symmetry_grpo_v1_7_acceptance_v1_2_iter15_canonical_low_warmup_wc3_per_instance.csv,2,random_3sat_control_v260_c1113_seed3306,perm_seed1730,random_3sat_control_v260_c1113_seed3306_perm1730,random_3sat_control,non_symmetric_control,large,control,none,260,1113,10.0,5.0,/home/sunshixin/chenchao/my_rlaf/runs/GNN_Glucose_3SAT_EchoSAT_SymmetryGRPO_v1_2_WC1_HardNeg_Full/iter=15.pt,3.9374,3.9374,171334.0,149746.0,True,5.20727,5.20727,206936.0,180741.0,True,4.3567,4.5790873138427735,206101.0,186162.0,True,4.3567,4.580332584947765,206101.0,186162.0,True,5.10334,5.330189566835583,274989.0,242640.0,True,False,False,0.000377,3.0,34.0,478.7396240234375,260,0.6931471824645996,True,0.0032169818878173,0.7466400000000002,0.7498569818878176,1.1659400000000004,1.392789566835583,68888.0,56478.0,1.2698700000000005,-0.8505700000000003,False,False,False
3,/home/sunshixin/chenchao/my_rlaf/runs/analysis/echosat_symmetry_grpo_v1_7_acceptance_v1_2_iter15_canonical_low_warmup_wc3_per_instance.csv,2,random_3sat_control_v260_c1113_seed3306,perm_seed1731,random_3sat_control_v260_c1113_seed3306_perm1731,random_3sat_control,non_symmetric_control,large,control,none,260,1113,10.0,5.0,/home/sunshixin/chenchao/my_rlaf/runs/GNN_Glucose_3SAT_EchoSAT_SymmetryGRPO_v1_2_WC1_HardNeg_Full/iter=15.pt,4.87841,4.87841,202621.0,177648.0,True,5.38246,5.38246,214985.0,187707.0,True,4.51209,4.601310762252807,217745.0,196903.0,True,4.51209,4.605625097723305,217745.0,196903.0,True,5.17693,5.272931061086952,276612.0,244023.0,True,False,False,0.00331,3.0,34.0,481.5274658203125,260,0.6931471824645996,True,0.0024659633636474,0.6648399999999999,0.6673059633636473,0.2985199999999999,0.3945210610869525,58867.0,47120.0,0.5040500000000003,-0.8703700000000003,False,False,False
3,/home/sunshixin/chenchao/my_rlaf/runs/analysis/echosat_symmetry_grpo_v1_7_acceptance_v1_2_iter15_canonical_low_warmup_wc3_per_instance.csv,2,random_3sat_control_v300_c1266_seed3307,base,random_3sat_control_v300_c1266_seed3307,random_3sat_control,non_symmetric_control,large,control,none,300,1266,10.0,5.0,/home/sunshixin/chenchao/my_rlaf/runs/GNN_Glucose_3SAT_EchoSAT_SymmetryGRPO_v1_2_WC1_HardNeg_Full/iter=15.pt,0.177355,0.177355,12894.0,10895.0,True,1.90158,1.90158,71356.0,61376.0,True,0.01523,0.1044507622528076,288.0,182.0,True,0.01523,0.1097104450216889,288.0,182.0,True,0.042223,0.1391694083853364,2974.0,2378.0,True,False,False,0.004205,3.0,48.0,628.0397338867188,300,1.0986123085021973,True,0.0024659633636474,0.026992999999999996,0.029458963363647492,-0.13513200000000003,-0.038185591614663617,2686.0,2196.0,1.7242250000000001,-1.88635,False,True,True
3,/home/sunshixin/chenchao/my_rlaf/runs/analysis/echosat_symmetry_grpo_v1_7_acceptance_v1_2_iter15_canonical_low_warmup_wc3_per_instance.csv,2,random_3sat_control_v300_c1266_seed3307,perm_seed1730,random_3sat_control_v300_c1266_seed3307_perm1730,random_3sat_control,non_symmetric_control,large,control,none,300,1266,10.0,5.0,/home/sunshixin/chenchao/my_rlaf/runs/GNN_Glucose_3SAT_EchoSAT_SymmetryGRPO_v1_2_WC1_HardNeg_Full/iter=15.pt,0.993039,0.993039,43103.0,37339.0,True,1.585,1.585,63498.0,54506.0,True,0.015673,0.1048937622528076,321.0,205.0,True,0.015673,0.1116528545470833,321.0,205.0,True,0.032023,0.1304688179107308,2745.0,2186.0,True,False,False,0.00586,3.0,48.0,619.230712890625,300,1.0986123085021973,True,0.0024659633636474,0.016350000000000003,0.018815963363647506,-0.961016,-0.8625701820892692,2424.0,1981.0,0.591961,-1.569327,False,True,True
3,/home/sunshixin/chenchao/my_rlaf/runs/analysis/echosat_symmetry_grpo_v1_7_acceptance_v1_2_iter15_canonical_low_warmup_wc3_per_instance.csv,2,random_3sat_control_v300_c1266_seed3307,perm_seed1731,random_3sat_control_v300_c1266_seed3307_perm1731,random_3sat_control,non_symmetric_control,large,control,none,300,1266,10.0,5.0,/home/sunshixin/chenchao/my_rlaf/runs/GNN_Glucose_3SAT_EchoSAT_SymmetryGRPO_v1_2_WC1_HardNeg_Full/iter=15.pt,1.5949,1.5949,66962.0,57424.0,True,0.096493,0.096493,7524.0,6304.0,True,0.012725,0.1019457622528076,375.0,247.0,True,0.012725,0.1096307047083973,375.0,247.0,True,0.029236,0.1286076680720448,2941.0,2412.0,True,False,False,0.00665,3.0,48.0,626.5236206054688,300,1.0986123085021973,True,0.0024659633636474,0.016511,0.0189769633636475,-1.565664,-1.4662923319279553,2566.0,2165.0,-1.498407,-0.083768,False,True,True
3,/home/sunshixin/chenchao/my_rlaf/runs/analysis/echosat_symmetry_grpo_v1_7_acceptance_v1_2_iter15_canonical_low_warmup_wc3_per_instance.csv,2,subset_cardinality_bw10,base,subset_cardinality_bw10,subset_cardinality,weak_symmetry,large,main,weak,41,92,10.0,5.0,/home/sunshixin/chenchao/my_rlaf/runs/GNN_Glucose_3SAT_EchoSAT_SymmetryGRPO_v1_2_WC1_HardNeg_Full/iter=15.pt,0.003493,0.003493,193.0,141.0,True,0.00453,0.00453,237.0,193.0,True,0.001357,0.0905777622528076,162.0,142.0,True,0.001357,0.0926369633595347,162.0,142.0,True,0.001263,0.0950089267231822,185.0,154.0,True,True,True,0.00118,3.0,8.0,94.86821746826172,41,1.0986123085021973,True,0.0024659633636474,-9.39999999999999e-05,0.0023719633636475057,-0.00223,0.0915159267231822,23.0,12.0,0.0010370000000000002,-0.0031730000000000005,True,True,False
3,/home/sunshixin/chenchao/my_rlaf/runs/analysis/echosat_symmetry_grpo_v1_7_acceptance_v1_2_iter15_canonical_low_warmup_wc3_per_instance.csv,2,subset_cardinality_bw10,perm_seed1730,subset_cardinality_bw10_perm1730,subset_cardinality,weak_symmetry,large,main,weak,41,92,10.0,5.0,/home/sunshixin/chenchao/my_rlaf/runs/GNN_Glucose_3SAT_EchoSAT_SymmetryGRPO_v1_2_WC1_HardNeg_Full/iter=15.pt,0.0,0.0,218.0,167.0,True,0.0,0.0,221.0,169.0,True,0.0,0.0892207622528076,156.0,137.0,True,0.0,0.0909769195039272,156.0,137.0,True,0.00121,0.0946528828675747,177.0,145.0,True,True,True,0.001102,3.0,10.0,98.69181823730467,41,1.0986123085021973,True,0.0024659633636474,0.00121,0.0036759633636475053,0.00121,0.0946528828675747,21.0,8.0,0.0,0.0,False,False,False
3,/home/sunshixin/chenchao/my_rlaf/runs/analysis/echosat_symmetry_grpo_v1_7_acceptance_v1_2_iter15_canonical_low_warmup_wc3_per_instance.csv,2,subset_cardinality_bw10,perm_seed1731,subset_cardinality_bw10_perm1731,subset_cardinality,weak_symmetry,large,main,weak,41,92,10.0,5.0,/home/sunshixin/chenchao/my_rlaf/runs/GNN_Glucose_3SAT_EchoSAT_SymmetryGRPO_v1_2_WC1_HardNeg_Full/iter=15.pt,0.003453,0.003453,202.0,147.0,True,0.0,0.0,247.0,155.0,True,0.001816,0.0910367622528076,203.0,164.0,True,0.001816,0.093512546978116,203.0,164.0,True,0.001268,0.0954305103417635,215.0,153.0,True,True,True,0.001791,3.0,7.0,87.48927307128906,41,1.0986123085021973,True,0.0024659633636474,-0.0005479999999999999,0.0019179633636474958,-0.002185,0.0919775103417635,12.0,-11.0,-0.003453,0.001816,True,True,False
3,/home/sunshixin/chenchao/my_rlaf/runs/analysis/echosat_symmetry_grpo_v1_7_acceptance_v1_2_iter15_canonical_low_warmup_wc3_per_instance.csv,2,subset_cardinality_bw12,base,subset_cardinality_bw12,subset_cardinality,weak_symmetry,large,main,weak,49,108,10.0,5.0,/home/sunshixin/chenchao/my_rlaf/runs/GNN_Glucose_3SAT_EchoSAT_SymmetryGRPO_v1_2_WC1_HardNeg_Full/iter=15.pt,0.00072,0.00072,442.0,342.0,True,0.002545,0.002545,491.0,414.0,True,0.005847,0.0950677622528076,384.0,312.0,True,0.005847,0.0965410103567838,384.0,312.0,True,0.001835,0.0949949737204313,434.0,306.0,True,True,True,0.000782,3.0,12.0,104.73371887207033,49,0.6931471824645996,True,0.0024659633636474,-0.004012,-0.001546036636352499,0.001115,0.0942749737204313,50.0,-6.0,0.0018249999999999998,0.003302,True,False,False
3,/home/sunshixin/chenchao/my_rlaf/runs/analysis/echosat_symmetry_grpo_v1_7_acceptance_v1_2_iter15_canonical_low_warmup_wc3_per_instance.csv,2,subset_cardinality_bw12,perm_seed1730,subset_cardinality_bw12_perm1730,subset_cardinality,weak_symmetry,large,main,weak,49,108,10.0,5.0,/home/sunshixin/chenchao/my_rlaf/runs/GNN_Glucose_3SAT_EchoSAT_SymmetryGRPO_v1_2_WC1_HardNeg_Full/iter=15.pt,0.004874,0.004874,440.0,329.0,True,0.005988,0.005988,397.0,314.0,True,0.001582,0.0353058311767578,343.0,268.0,True,0.001582,0.0393304889841675,343.0,268.0,True,0.001819,0.0414571946421265,378.0,296.0,True,True,True,0.003221,3.0,9.0,101.82083892822266,49,1.0986123085021973,True,0.0018897056579589,0.00023700000000000001,0.0021267056579589994,-0.0030549999999999996,0.036583194642126504,35.0,28.0,0.0011140000000000004,-0.004406,False,True,False
3,/home/sunshixin/chenchao/my_rlaf/runs/analysis/echosat_symmetry_grpo_v1_7_acceptance_v1_2_iter15_canonical_low_warmup_wc3_per_instance.csv,2,subset_cardinality_bw12,perm_seed1731,subset_cardinality_bw12_perm1731,subset_cardinality,weak_symmetry,large,main,weak,49,108,10.0,5.0,/home/sunshixin/chenchao/my_rlaf/runs/GNN_Glucose_3SAT_EchoSAT_SymmetryGRPO_v1_2_WC1_HardNeg_Full/iter=15.pt,0.005139,0.005139,393.0,297.0,True,0.005805,0.005805,439.0,311.0,True,0.0032,0.0369238311767578,363.0,285.0,True,0.0032,0.0410210843669772,363.0,285.0,True,0.005555,0.0452657900249362,358.0,301.0,True,True,True,0.003319,3.0,11.0,104.3914794921875,49,1.0986123085021973,True,0.0018897056579589,0.002355,0.004244705657959001,0.0004159999999999997,0.0401267900249362,-5.0,16.0,0.0006659999999999999,-0.002605,False,False,False
3,/home/sunshixin/chenchao/my_rlaf/runs/analysis/echosat_symmetry_grpo_v1_7_acceptance_v1_2_iter15_canonical_low_warmup_wc3_per_instance.csv,2,subset_cardinality_bw8,base,subset_cardinality_bw8,subset_cardinality,weak_symmetry,medium,main,weak,33,76,10.0,5.0,/home/sunshixin/chenchao/my_rlaf/runs/GNN_Glucose_3SAT_EchoSAT_SymmetryGRPO_v1_2_WC1_HardNeg_Full/iter=15.pt,0.002375,0.002375,89.0,67.0,True,0.002155,0.002155,106.0,76.0,True,0.000828,0.0345518311767578,84.0,69.0,True,0.000828,0.0363288693404197,84.0,69.0,True,0.0,0.0373905749983787,94.0,76.0,True,True,True,0.001107,3.0,13.0,75.20963287353516,33,1.0986123085021973,True,0.0018897056579589,-0.000828,0.0010617056579590028,-0.002375,0.0350155749983787,10.0,7.0,-0.00022000000000000014,-0.0013269999999999998,True,True,False
3,/home/sunshixin/chenchao/my_rlaf/runs/analysis/echosat_symmetry_grpo_v1_7_acceptance_v1_2_iter15_canonical_low_warmup_wc3_per_instance.csv,2,subset_cardinality_bw8,perm_seed1730,subset_cardinality_bw8_perm1730,subset_cardinality,weak_symmetry,medium,main,weak,33,76,10.0,5.0,/home/sunshixin/chenchao/my_rlaf/runs/GNN_Glucose_3SAT_EchoSAT_SymmetryGRPO_v1_2_WC1_HardNeg_Full/iter=15.pt,0.002068,0.002068,110.0,76.0,True,0.00346,0.00346,127.0,80.0,True,0.000551,0.0342748311767578,100.0,79.0,True,0.000551,0.0358495997474193,100.0,79.0,True,0.002164,0.0393523054053783,91.0,67.0,True,True,True,0.00081,3.0,15.0,80.51530456542969,33,1.0986123085021973,True,0.0018897056579589,0.0016130000000000003,0.0035027056579589946,9.600000000000017e-05,0.0372843054053783,-9.0,-12.0,0.001392,-0.002909,False,False,False
3,/home/sunshixin/chenchao/my_rlaf/runs/analysis/echosat_symmetry_grpo_v1_7_acceptance_v1_2_iter15_canonical_low_warmup_wc3_per_instance.csv,2,subset_cardinality_bw8,perm_seed1731,subset_cardinality_bw8_perm1731,subset_cardinality,weak_symmetry,medium,main,weak,33,76,10.0,5.0,/home/sunshixin/chenchao/my_rlaf/runs/GNN_Glucose_3SAT_EchoSAT_SymmetryGRPO_v1_2_WC1_HardNeg_Full/iter=15.pt,0.000838,0.000838,91.0,70.0,True,0.002127,0.002127,102.0,79.0,True,0.0,0.0337238311767578,81.0,70.0,True,0.0,0.0348530185379982,81.0,70.0,True,0.001845,0.0385877241959571,91.0,76.0,True,True,True,0.000404,3.0,12.0,79.57261657714844,33,1.0986123085021973,True,0.0018897056579589,0.001845,0.0037347056579589005,0.001007,0.0377497241959571,10.0,6.0,0.001289,-0.002127,False,False,False
