eval_path,checkpoint,cnf_id,file,file_key,guidance_hash,weight_mean,weight_std,weight_min,weight_max,phase_true,risk_prob,recovery_prob,slowdown_prob,use_before_veto,slowdown_veto,use_adapter,local_reopen_rule_open,use_adapter_with_local_reopen,local_reopen_candidate,warmup_c500_solved,warmup_c1000_solved,warmup_c2000_base_rho_std,warmup_c2000_base_rho_range,warmup_c2000_event_conf_learnt_log_max,warmup_c2000_minus_warmup_c1000_delta_abs_mean,warmup_c2000_minus_warmup_c1000_delta_mu_abs_mean,warmup_c2000_minus_warmup_c1000_propagations,warmup_c2000_event_entropy_norm,warmup_c2000_event_top10_mass,warmup_c1000_minus_warmup_c500_rho_event_top10_overlap,warmup_c2000_minus_warmup_c1000_event_top05_mass,warmup_c500_decisions,warmup_c1000_decisions,warmup_c2000_decisions,warmup_c500_propagations,warmup_c1000_propagations,warmup_c2000_propagations,warmup_c2000_cpu_time,warmup_c2000_base_rho_mean,warmup_c2000_delta_abs_mean,warmup_c2000_delta_abs_max,warmup_c2000_rho_event_corr,warmup_c2000_rho_event_top10_overlap,warmup_c2000_event_conf_learnt_log_mean,warmup_c1000_minus_warmup_c500_event_top10_mass,warmup_c2000_minus_warmup_c1000_event_top10_mass,warmup_c1000_minus_warmup_c500_rho_event_corr,warmup_c2000_minus_warmup_c1000_rho_event_corr,warmup_c1000_minus_warmup_c750_decisions
data/test/3sat/400/*.cnf,runs/GNN_Glucose_3SAT_TwoStageRiskControllerOnlineConsistentBoundary400LocalReopenOverride/best.pt,0,data/test/3sat/400/3sat_0.cnf,3sat_0.cnf,14fcd69cc1405fb61f9938bd91487b50f8bdc478285586fc2ed1e7a811a70f1e,0.9104063510894775,0.23303240537643433,0.785521388053894,2.1279895305633545,36,0.2233346849679947,0.2407248467206955,0.16673019528388977,False,False,False,0.0,False,0.0,0.0,0.0,2.0434746742248535,24.756954193115234,7.122866630554199,-0.0011136271059513092,-0.003340885043144226,56419.0,0.863401472568512,0.5119901895523071,-0.025000005960464478,0.007357805967330933,626.0,1227.0,2402.0,27999.0,58388.0,114807.0,0.043917,-0.3707832992076874,0.03423348069190979,0.0416666716337204,-0.15454451739788055,0.4000000059604645,4.730160236358643,0.0005387067794799805,-0.00016355514526367188,-0.03671662509441376,-0.001070261001586914,306.0
data/test/3sat/400/*.cnf,runs/GNN_Glucose_3SAT_TwoStageRiskControllerOnlineConsistentBoundary400LocalReopenOverride/best.pt,1,data/test/3sat/400/3sat_1.cnf,3sat_1.cnf,6e2977c58b7e9e23254bd726db05bb2677ebe12b3f064ea8242a9a84d306e60c,0.9159769415855408,0.2457561194896698,0.7878244519233704,2.334571599960327,35,0.8162674307823181,0.0932178720831871,0.7328309416770935,False,False,False,0.0,False,0.0,0.0,0.0,2.302459478378296,27.52845573425293,7.114769458770752,-0.0003341399133205414,-0.0010024309158325195,58710.0,0.8851549029350281,0.4700225293636322,0.0,0.023805856704711914,625.0,1269.0,2481.0,29796.0,61119.0,119829.0,0.038728,-0.30125901103019714,0.034852396696805954,0.0416666716337204,-0.08003980666399002,0.3499999940395355,4.922647476196289,-0.006091117858886719,0.02145552635192871,0.016184408217668533,-0.030046317726373672,308.0
data/test/3sat/400/*.cnf,runs/GNN_Glucose_3SAT_TwoStageRiskControllerOnlineConsistentBoundary400LocalReopenOverride/best.pt,2,data/test/3sat/400/3sat_10.cnf,3sat_10.cnf,5337e8d4fc741ec0f2724155eb072a9fb0a333691a52b875b9936ee696eca98f,0.9218933582305908,0.2545146942138672,0.786039412021637,2.448359727859497,46,0.6861668825149536,0.058777160942554474,0.753455638885498,False,False,False,0.0,False,0.0,0.0,0.0,2.5030665397644043,29.806772232055664,7.108243942260742,0.0012326836585998535,0.003698013722896576,61711.0,0.8786972165107727,0.47048258781433105,0.0,0.004116535186767578,624.0,1236.0,2381.0,31182.0,62435.0,124146.0,0.039493,-0.1920880824327469,0.035255756229162216,0.041666675359010696,0.09080114960670471,0.44999998807907104,4.7935709953308105,0.002432912588119507,0.005869388580322266,0.017559848725795746,-0.008237093687057495,311.0
data/test/3sat/400/*.cnf,runs/GNN_Glucose_3SAT_TwoStageRiskControllerOnlineConsistentBoundary400LocalReopenOverride/best.pt,3,data/test/3sat/400/3sat_100.cnf,3sat_100.cnf,22c87f470a9ebe75a1a4e39d639727166e763a9669a4fee31d683a82235cb906,0.9199556708335876,0.25052306056022644,0.7881075143814087,2.2525570392608643,42,0.5239686369895935,0.44329833984375,0.27042168378829956,False,False,False,0.0,False,0.0,0.0,0.0,2.510010242462158,29.087318420410156,7.0166096687316895,0.0005759969353675842,0.001727968454360962,60634.0,0.884122908115387,0.45999881625175476,0.02499997615814209,0.004728823900222778,659.0,1274.0,2465.0,30440.0,61798.0,122432.0,0.04155,-0.1999620497226715,0.0347868837416172,0.041666675359010696,0.010844649747014046,0.42500001192092896,4.843822479248047,-0.02143809199333191,0.012455254793167114,-0.005840081721544266,-0.03001033328473568,318.0
data/test/3sat/400/*.cnf,runs/GNN_Glucose_3SAT_TwoStageRiskControllerOnlineConsistentBoundary400LocalReopenOverride/best.pt,4,data/test/3sat/400/3sat_101.cnf,3sat_101.cnf,e5ab2a4cb9d070c323ab17ea7c3e088156a7634aacd84f92d7f604c61a705300,0.9090423583984375,0.23216696083545685,0.7846302390098572,2.3333029747009277,41,0.7640919089317322,0.012073112651705742,0.9277133941650391,False,False,False,0.0,False,0.0,0.0,0.0,1.9484856128692627,24.255176544189453,7.201916217803955,0.0009226091206073761,0.00276782363653183,56822.0,0.868004560470581,0.5008584260940552,0.0,-7.414817810058594e-05,666.0,1248.0,2438.0,30085.0,59284.0,116106.0,0.042069,-0.16424483060836792,0.03640216216444969,0.041666675359010696,0.08238424360752106,0.32499998807907104,4.7749342918396,0.018086344003677368,0.007875233888626099,0.008259192109107971,-0.01650877296924591,301.0
data/test/3sat/400/*.cnf,runs/GNN_Glucose_3SAT_TwoStageRiskControllerOnlineConsistentBoundary400LocalReopenOverride/best.pt,5,data/test/3sat/400/3sat_102.cnf,3sat_102.cnf,efc1312b1e9fb4fcd26fbaef59148700515c6c01227d4c39d426174782dd134b,0.9188714623451233,0.23333488404750824,0.7858549356460571,2.103160858154297,38,0.5667339563369751,0.1381828635931015,0.13410377502441406,False,False,False,0.0,False,0.0,0.0,0.0,2.460568904876709,29.233577728271484,7.149916648864746,-0.0004816986620426178,-0.0014451146125793457,58122.0,0.8809319138526917,0.4758136570453644,0.0,-0.003138929605484009,677.0,1281.0,2486.0,30093.0,60897.0,119019.0,0.04189,-0.42399710416793823,0.035121411085128784,0.0416666716337204,-0.3273721933364868,0.3499999940395355,4.929051876068115,-0.004614710807800293,-0.033717185258865356,-0.0010621249675750732,-0.03750044107437134,293.0
data/test/3sat/400/*.cnf,runs/GNN_Glucose_3SAT_TwoStageRiskControllerOnlineConsistentBoundary400LocalReopenOverride/best.pt,6,data/test/3sat/400/3sat_103.cnf,3sat_103.cnf,da7d66325fa1a78a9fe6c56f2e5240155e7c8b6a844a2fb8830d33cb5f28c33e,0.9322965145111084,0.2575570344924927,0.6954655647277832,2.0473036766052246,31,0.10333963483572006,0.7813164591789246,0.016524208709597588,True,False,True,0.0,True,0.0,0.0,0.0,2.1165030002593994,23.39627456665039,7.007600784301758,-0.0003826506435871124,-0.0011479482054710388,63878.0,0.8947376012802124,0.4363493323326111,0.025000005960464478,-0.013145625591278076,626.0,1286.0,2543.0,30636.0,60802.0,124680.0,0.034245,-0.3048749268054962,0.03460557758808136,0.0416666716337204,-0.017413077875971794,0.3499999940395355,4.973979949951172,-0.0173662006855011,-0.020964831113815308,0.003446955233812332,0.012011954560875893,317.0
data/test/3sat/400/*.cnf,runs/GNN_Glucose_3SAT_TwoStageRiskControllerOnlineConsistentBoundary400LocalReopenOverride/best.pt,7,data/test/3sat/400/3sat_104.cnf,3sat_104.cnf,5e4bb528b39f58a75fbbe6daef01ace01db7fbd6c6c0bbb10c90d7c6953dd1a8,0.9150617718696594,0.23682208359241486,0.7863847017288208,2.2540013790130615,38,0.8074127435684204,0.3173525035381317,0.725966215133667,False,False,False,0.0,False,0.0,0.0,0.0,2.278611660003662,26.481338500976562,7.19743537902832,-0.00025976449251174927,-0.0007793232798576355,63197.0,0.8700537085533142,0.5024093985557556,0.025000005960464478,0.02546820044517517,629.0,1225.0,2374.0,30931.0,60007.0,123204.0,0.044606,-0.1566149741411209,0.0349927693605423,0.0416666716337204,0.1697843074798584,0.4000000059604645,4.880904674530029,0.013980627059936523,0.030491530895233154,0.012838780879974365,0.0008102059364318848,298.0
data/test/3sat/400/*.cnf,runs/GNN_Glucose_3SAT_TwoStageRiskControllerOnlineConsistentBoundary400LocalReopenOverride/best.pt,8,data/test/3sat/400/3sat_105.cnf,3sat_105.cnf,1d41b08e1ccc3b6fd3118cb30563c752802da8b52bef7bfec27a650e0167f986,0.917249321937561,0.25550708174705505,0.7856611013412476,2.537971258163452,34,0.5250226259231567,0.13756690919399261,0.5083116888999939,False,False,False,0.0,False,0.0,0.0,0.0,2.5421931743621826,29.28011703491211,7.042286396026611,0.00019907578825950623,0.0005972161889076233,62831.0,0.8885788321495056,0.46477770805358887,0.02499997615814209,0.0005431771278381348,662.0,1282.0,2472.0,29885.0,61292.0,124123.0,0.035682,-0.5281243324279785,0.0353630892932415,0.0416666716337204,-0.3156875967979431,0.32499998807907104,4.921380996704102,-0.02137356996536255,0.0027693510055541992,0.004994690418243408,0.0065309107303619385,321.0
data/test/3sat/400/*.cnf,runs/GNN_Glucose_3SAT_TwoStageRiskControllerOnlineConsistentBoundary400LocalReopenOverride/best.pt,9,data/test/3sat/400/3sat_106.cnf,3sat_106.cnf,ced882d9c8e9d0e39f46ebcba7f625388c2147a292b93363f0a8d5d5581cd92c,0.9209908843040466,0.26086190342903137,0.786631166934967,2.235264778137207,31,0.41828396916389465,0.3243902921676636,0.12971068918704987,False,False,False,0.0,False,1.0,0.0,0.0,2.689344644546509,30.401111602783203,6.960347652435303,0.0009939111769199371,0.0029817596077919006,59172.0,0.8950257897377014,0.4324340224266052,-0.050000011920928955,-0.00022611021995544434,642.0,1263.0,2494.0,31478.0,61981.0,121153.0,0.041091,-0.4587804079055786,0.034093666821718216,0.041666675359010696,-0.11659644544124603,0.375,4.8700642585754395,0.0054108500480651855,0.001992732286453247,0.008434511721134186,-0.01883503794670105,324.0
data/test/3sat/400/*.cnf,runs/GNN_Glucose_3SAT_TwoStageRiskControllerOnlineConsistentBoundary400LocalReopenOverride/best.pt,10,data/test/3sat/400/3sat_107.cnf,3sat_107.cnf,0a9dbe4613b4c642bf51a9521b289a3a88862ea52f36f72382a9c2fea13385af,0.9090028405189514,0.2386258989572525,0.7874140739440918,2.4368646144866943,32,0.3209258019924164,0.33236050605773926,0.3118278980255127,False,False,False,0.0,False,0.0,0.0,0.0,2.293107032775879,28.928333282470703,7.091742038726807,8.106231689453125e-06,2.4303793907165527e-05,61849.0,0.8735092282295227,0.4923228323459625,0.0,0.004878968000411987,608.0,1208.0,2367.0,28787.0,59397.0,121246.0,0.034454,-0.3443050682544708,0.035367202013731,0.0416666716337204,-0.11215564608573914,0.32499998807907104,4.842386722564697,-0.02399289608001709,-0.003862351179122925,0.0037049874663352966,0.0016614198684692383,300.0
data/test/3sat/400/*.cnf,runs/GNN_Glucose_3SAT_TwoStageRiskControllerOnlineConsistentBoundary400LocalReopenOverride/best.pt,11,data/test/3sat/400/3sat_108.cnf,3sat_108.cnf,96ee7893846803ebba3d33bbc9381a73f5a5b6b0f351d2e4bf1e5bb09a192bb0,0.904877781867981,0.21777863800525665,0.7856666445732117,1.9987730979919434,37,0.4455910623073578,0.2663910984992981,0.22993862628936768,False,False,False,0.0,False,0.0,0.0,0.0,2.1643660068511963,22.343114852905273,7.074963092803955,0.0007850080728530884,0.002355016767978668,60490.0,0.8711184859275818,0.49692395329475403,-0.025000005960464478,-2.899765968322754e-05,636.0,1256.0,2444.0,29290.0,58701.0,119191.0,0.040629,-0.3713659644126892,0.034934647381305695,0.0416666716337204,-0.12196130305528641,0.3499999940395355,4.7874064445495605,-0.0071863532066345215,-0.00926920771598816,0.003129042685031891,-0.013514161109924316,314.0
data/test/3sat/400/*.cnf,runs/GNN_Glucose_3SAT_TwoStageRiskControllerOnlineConsistentBoundary400LocalReopenOverride/best.pt,12,data/test/3sat/400/3sat_109.cnf,3sat_109.cnf,646807866b0acbd7e4961aad0e598c1df7a4d811acae63346a883d8718533ba3,0.9092862010002136,0.23265454173088074,0.7854805588722229,2.2236101627349854,28,0.6774603724479675,0.02793627791106701,0.865441083908081,False,False,False,0.0,False,0.0,0.0,0.0,2.2060675621032715,27.23941421508789,7.14755916595459,-0.0003115609288215637,-0.0009347200393676758,60806.0,0.8729159235954285,0.4991191625595093,0.0,0.021535724401474,640.0,1241.0,2433.0,31285.0,62582.0,123388.0,0.032699,-0.3767279088497162,0.035667784512043,0.0416666716337204,-0.09144717454910278,0.4000000059604645,4.87287712097168,-0.01858830451965332,0.016333281993865967,0.004379644989967346,-0.012119442224502563,310.0
data/test/3sat/400/*.cnf,runs/GNN_Glucose_3SAT_TwoStageRiskControllerOnlineConsistentBoundary400LocalReopenOverride/best.pt,13,data/test/3sat/400/3sat_11.cnf,3sat_11.cnf,3192b19b99ce8dfefae0ebeffd30289935c3b6b7747a9cc7e30bf84cfa7a5aac,0.9109044671058655,0.23383240401744843,0.7869735360145569,2.3766613006591797,37,0.4396730661392212,0.27983736991882324,0.45095524191856384,False,False,False,0.0,False,0.0,0.0,0.0,2.2893319129943848,30.020235061645508,7.083387851715088,0.0005259625613689423,0.0015778839588165283,61252.0,0.8779625296592712,0.4885426163673401,0.0,0.0013476908206939697,677.0,1288.0,2499.0,29876.0,60525.0,121777.0,0.038356,-0.33525416254997253,0.03507619723677635,0.0416666716337204,-0.043598879128694534,0.32499998807907104,4.898748874664307,-0.02249053120613098,0.004493802785873413,0.0019476525485515594,-0.021370891481637955,311.0
data/test/3sat/400/*.cnf,runs/GNN_Glucose_3SAT_TwoStageRiskControllerOnlineConsistentBoundary400LocalReopenOverride/best.pt,14,data/test/3sat/400/3sat_110.cnf,3sat_110.cnf,0f5da67127259f1256cab38340e91d0216bcf330f7658d3d589e91bb615c1e79,0.9100294709205627,0.23169834911823273,0.7867119908332825,2.230646848678589,45,0.5852739810943604,0.007192235440015793,0.592128574848175,False,False,False,0.0,False,0.0,0.0,0.0,2.1523988246917725,28.258544921875,7.170888423919678,-3.082677721977234e-05,-9.251385927200317e-05,60180.0,0.8828560709953308,0.4695206582546234,0.050000011920928955,-0.006122946739196777,681.0,1282.0,2457.0,29991.0,60888.0,121068.0,0.038171,-0.27672114968299866,0.03490415960550308,0.0416666716337204,-0.026432914659380913,0.42500001192092896,4.912844657897949,0.018641233444213867,-0.005855470895767212,0.0007296446710824966,-0.005258288234472275,300.0
data/test/3sat/400/*.cnf,runs/GNN_Glucose_3SAT_TwoStageRiskControllerOnlineConsistentBoundary400LocalReopenOverride/best.pt,15,data/test/3sat/400/3sat_111.cnf,3sat_111.cnf,e3f4c971d1cb61a64275b543eef345228a8e8570c1d7a231a3b7a5f9bbc7fe14,0.9108023643493652,0.2227555364370346,0.7850311398506165,2.071321725845337,38,0.7508856654167175,0.12150197476148605,0.25109630823135376,False,False,False,0.0,False,0.0,0.0,0.0,2.0518174171447754,24.335330963134766,7.235619068145752,0.0001064501702785492,0.0003193765878677368,57961.0,0.874725878238678,0.491191565990448,0.0,-0.003283590078353882,617.0,1209.0,2395.0,29613.0,60770.0,118731.0,0.034084,-0.4433774948120117,0.03490651771426201,0.0416666716337204,-0.3188919126987457,0.30000001192092896,4.873668670654297,-0.016410887241363525,-0.01146477460861206,0.002333402633666992,-0.0023718178272247314,270.0
data/test/3sat/400/*.cnf,runs/GNN_Glucose_3SAT_TwoStageRiskControllerOnlineConsistentBoundary400LocalReopenOverride/best.pt,16,data/test/3sat/400/3sat_112.cnf,3sat_112.cnf,482dc17ea8239933decfb6bb6aaa089de03c9f184b07ef8c859008834e89e042,0.9093625545501709,0.23478999733924866,0.7872224450111389,2.2499401569366455,30,0.5125170946121216,0.09008773416280746,0.33426496386528015,False,False,False,0.0,False,0.0,0.0,0.0,2.0704259872436523,26.422008514404297,7.122866630554199,0.0007097162306308746,0.0021291449666023254,58635.0,0.8757169246673584,0.48543205857276917,0.025000005960464478,-0.009099006652832031,652.0,1237.0,2454.0,30552.0,62169.0,120804.0,0.030801,-0.3667129874229431,0.035308439284563065,0.0416666716337204,-0.10213527083396912,0.375,4.84882926940918,-0.013979971408843994,-0.028007179498672485,-0.010896161198616028,0.009814567863941193,293.0
data/test/3sat/400/*.cnf,runs/GNN_Glucose_3SAT_TwoStageRiskControllerOnlineConsistentBoundary400LocalReopenOverride/best.pt,17,data/test/3sat/400/3sat_113.cnf,3sat_113.cnf,3397f5b81415320c4ab3ef24cb6a6742bab43f23e94e4a9527345aa730d09c60,0.9183263182640076,0.2635432779788971,0.7865045666694641,2.493509292602539,30,0.7567341327667236,0.6753445267677307,0.10497737675905228,False,False,False,0.0,False,0.0,0.0,0.0,2.3783628940582275,30.01730728149414,7.1921820640563965,0.0014935843646526337,0.004480712115764618,62314.0,0.8764947652816772,0.4836212396621704,-0.025000005960464478,1.3023614883422852e-05,629.0,1229.0,2436.0,32627.0,63362.0,125676.0,0.043121,-0.2471567541360855,0.03529234975576401,0.0416666716337204,0.014031763188540936,0.3499999940395355,4.878495693206787,-0.017665386199951172,-0.003585338592529297,0.028967751190066338,-0.0011141225695610046,304.0
data/test/3sat/400/*.cnf,runs/GNN_Glucose_3SAT_TwoStageRiskControllerOnlineConsistentBoundary400LocalReopenOverride/best.pt,18,data/test/3sat/400/3sat_114.cnf,3sat_114.cnf,09e8a0885aba0d5664efa33ccefa03d855def7481eaabd0ffe0737a6a7ce5c27,0.9169248342514038,0.25258007645606995,0.7864541411399841,2.2090370655059814,44,0.9225081205368042,0.19335022568702698,0.8213866353034973,False,False,False,0.0,False,0.0,0.0,0.0,2.5853335857391357,29.07875633239746,7.163946628570557,0.0003950633108615875,0.0011852085590362549,57864.0,0.8769885897636414,0.4846758246421814,0.0,0.017444521188735962,742.0,1363.0,2559.0,30739.0,60563.0,118427.0,0.041741,-0.17298728227615356,0.03556409850716591,0.0416666716337204,0.14641103148460388,0.44999998807907104,4.875920295715332,0.014855176210403442,0.016899049282073975,-0.017321661114692688,0.014488711953163147,305.0
data/test/3sat/400/*.cnf,runs/GNN_Glucose_3SAT_TwoStageRiskControllerOnlineConsistentBoundary400LocalReopenOverride/best.pt,19,data/test/3sat/400/3sat_115.cnf,3sat_115.cnf,b98dd501e103f0e688eb1da871588482e7825bc7fd833000fe7315c4ae7f0a99,0.905951738357544,0.23110133409500122,0.7865282297134399,2.109630584716797,30,0.2830657958984375,0.5536094903945923,0.037109266966581345,False,False,False,0.0,False,1.0,0.0,0.0,2.077075481414795,23.84284210205078,6.999422550201416,9.190291166305542e-05,0.00027573108673095703,60787.0,0.8859642744064331,0.4586960971355438,0.0,0.00687485933303833,659.0,1270.0,2496.0,30163.0,60020.0,120807.0,0.029844,-0.4399232566356659,0.03416317328810692,0.0416666716337204,-0.22336626052856445,0.32499998807907104,4.841135025024414,0.013687610626220703,-0.0006171762943267822,0.0016681104898452759,0.006192311644554138,297.0
data/test/3sat/400/*.cnf,runs/GNN_Glucose_3SAT_TwoStageRiskControllerOnlineConsistentBoundary400LocalReopenOverride/best.pt,20,data/test/3sat/400/3sat_116.cnf,3sat_116.cnf,6173c28dfd755fae5d30fe24657263b4343396c5f07545a025cc4cd02fbd4d3c,0.9171035289764404,0.2433231621980667,0.7857650518417358,2.47744083404541,37,0.07984233647584915,0.044926200062036514,0.33206599950790405,False,False,False,0.0,False,0.0,0.0,0.0,2.308641195297241,29.685115814208984,7.068171977996826,-0.00014120712876319885,-0.00042366981506347656,60679.0,0.8932940363883972,0.4380561411380768,-0.025000005960464478,-0.027133047580718994,645.0,1250.0,2474.0,30296.0,60347.0,121026.0,0.04155,-0.2670789062976837,0.03558802604675293,0.041666675359010696,-0.07244311273097992,0.375,4.918807029724121,0.030790001153945923,-0.040374547243118286,-0.032554809004068375,-0.0007625371217727661,296.0
data/test/3sat/400/*.cnf,runs/GNN_Glucose_3SAT_TwoStageRiskControllerOnlineConsistentBoundary400LocalReopenOverride/best.pt,21,data/test/3sat/400/3sat_117.cnf,3sat_117.cnf,7619be536d7dce56ec1fccabbe79773b0ebc633260f5c23c96bb71353acb5864,0.9117528796195984,0.24060803651809692,0.7871474027633667,2.3513576984405518,39,0.3104146718978882,0.4570142328739166,0.08469255268573761,False,False,False,0.0,False,1.0,0.0,0.0,2.2717397212982178,29.31131362915039,7.104144096374512,-0.0003274567425251007,-0.0009823963046073914,59863.0,0.8730255365371704,0.48268136382102966,0.025000005960464478,0.003765881061553955,649.0,1234.0,2466.0,29088.0,58231.0,118094.0,0.037033,-0.20831197500228882,0.034332819283008575,0.0416666716337204,0.0534120537340641,0.42500001192092896,4.750010013580322,0.013987690210342407,-0.008316248655319214,0.013601992279291153,-0.013626288622617722,287.0
data/test/3sat/400/*.cnf,runs/GNN_Glucose_3SAT_TwoStageRiskControllerOnlineConsistentBoundary400LocalReopenOverride/best.pt,22,data/test/3sat/400/3sat_118.cnf,3sat_118.cnf,da1fcfcf34a9b5d3f20476e095cea1b1288ac7a3d2efee9db78fae5a8c5b4d2e,0.913440465927124,0.25700610876083374,0.7868725061416626,2.2550137042999268,34,0.6168219447135925,0.35701730847358704,0.2796875536441803,False,False,False,0.0,False,0.0,0.0,0.0,2.4997167587280273,27.757665634155273,7.121252536773682,0.00035078078508377075,0.0010523051023483276,59091.0,0.8770167231559753,0.4699842929840088,-0.04999998211860657,0.011620908975601196,629.0,1226.0,2409.0,28915.0,59351.0,118442.0,0.037114,-0.5061702132225037,0.035074569284915924,0.0416666716337204,-0.33799993991851807,0.2750000059604645,4.86060094833374,-0.005441129207611084,0.023544251918792725,0.024825245141983032,-0.03297355771064758,300.0
data/test/3sat/400/*.cnf,runs/GNN_Glucose_3SAT_TwoStageRiskControllerOnlineConsistentBoundary400LocalReopenOverride/best.pt,23,data/test/3sat/400/3sat_119.cnf,3sat_119.cnf,75ed2ea1586fe108abf845e587dc3524164ae339aa1a4c6a48c81aee7b65ac3a,0.9144787788391113,0.2397421896457672,0.785986065864563,2.071261167526245,34,0.7854226231575012,0.07666769623756409,0.7948144674301147,False,False,False,0.0,False,0.0,0.0,0.0,2.2659544944763184,26.090816497802734,7.170119762420654,-0.00024280697107315063,-0.0007284656167030334,58819.0,0.8728010058403015,0.4971766471862793,0.0,0.016546428203582764,609.0,1213.0,2402.0,30119.0,60092.0,118911.0,0.041343,-0.3920455276966095,0.0355011485517025,0.0416666716337204,-0.2192414551973343,0.32499998807907104,4.832312107086182,-0.0037761330604553223,0.02338448166847229,-0.04899199306964874,-0.03176771104335785,282.0
data/test/3sat/400/*.cnf,runs/GNN_Glucose_3SAT_TwoStageRiskControllerOnlineConsistentBoundary400LocalReopenOverride/best.pt,24,data/test/3sat/400/3sat_12.cnf,3sat_12.cnf,db82a2db81c035fca5a701b49c62a87a9df8ef1cc8c4ae0f6b0fec56a294ab98,0.909445583820343,0.23769724369049072,0.7852020263671875,2.331664562225342,36,0.16669797897338867,0.17861227691173553,0.6663382053375244,False,False,False,0.0,False,0.0,0.0,0.0,1.9144046306610107,25.794647216796875,7.059617519378662,0.00047792866826057434,0.0014337971806526184,61257.0,0.8777459263801575,0.47970834374427795,-0.050000011920928955,0.0035148262977600098,660.0,1277.0,2471.0,28308.0,57000.0,118257.0,0.041512,-0.2171090841293335,0.03554408624768257,0.0416666716337204,0.030014455318450928,0.32499998807907104,4.808457374572754,-0.01710459589958191,0.0024787485599517822,0.02012213971465826,0.011631464585661888,306.0
data/test/3sat/400/*.cnf,runs/GNN_Glucose_3SAT_TwoStageRiskControllerOnlineConsistentBoundary400LocalReopenOverride/best.pt,25,data/test/3sat/400/3sat_120.cnf,3sat_120.cnf,dd7fbeee14bb3396bbabe46fdf170d8768e21485d87e3886513a4894fa6252bf,0.939736008644104,0.2553451955318451,0.6956073641777039,2.1353471279144287,43,0.39829492568969727,0.9039539694786072,0.026219801977276802,True,False,True,0.0,True,0.0,0.0,0.0,2.451838493347168,29.31607437133789,7.053585529327393,0.0006024949252605438,0.0018075183033943176,62918.0,0.8909428715705872,0.4423789978027344,-0.02499997615814209,0.003680676221847534,655.0,1274.0,2467.0,33076.0,64042.0,126960.0,0.042983,-0.08950140327215195,0.03446594998240471,0.0416666716337204,0.1467817723751068,0.5,4.978829860687256,0.0025352835655212402,0.00024309754371643066,0.023726381361484528,0.023758284747600555,299.0
data/test/3sat/400/*.cnf,runs/GNN_Glucose_3SAT_TwoStageRiskControllerOnlineConsistentBoundary400LocalReopenOverride/best.pt,26,data/test/3sat/400/3sat_121.cnf,3sat_121.cnf,bc40d59b2e4203ceab0601696c0e99852f7b8631dcd2193e2982db7f2d741e55,0.9160957336425781,0.2541760504245758,0.7874606847763062,2.353224277496338,32,0.8027486205101013,0.9174212217330933,0.02266831137239933,False,False,False,0.0,False,0.0,0.0,0.0,2.4792439937591553,28.828990936279297,7.183111667633057,0.0008464418351650238,0.00253932923078537,60549.0,0.8628290295600891,0.5135458707809448,0.02499997615814209,0.005973100662231445,606.0,1207.0,2391.0,30768.0,61261.0,121810.0,0.039003,-0.4751923680305481,0.03505142405629158,0.0416666716337204,-0.3142765462398529,0.32499998807907104,4.738105773925781,0.008824139833450317,0.015156060457229614,-0.01806887984275818,0.01594027876853943,296.0
data/test/3sat/400/*.cnf,runs/GNN_Glucose_3SAT_TwoStageRiskControllerOnlineConsistentBoundary400LocalReopenOverride/best.pt,27,data/test/3sat/400/3sat_122.cnf,3sat_122.cnf,d7db18bb080b557147990691c8ce0eac85e3fa385b440b055f20b633da24c5b1,0.9111626148223877,0.2434178590774536,0.7866082191467285,2.323739528656006,40,0.8635537624359131,0.43417346477508545,0.08971084654331207,False,False,False,0.0,False,0.0,0.0,0.0,2.6431169509887695,30.581314086914062,7.271703720092773,0.00042800232768058777,0.0012840107083320618,63018.0,0.8645540475845337,0.5075902938842773,0.04999998211860657,0.0030286312103271484,615.0,1195.0,2373.0,29876.0,59699.0,122717.0,0.043645,-0.2747277319431305,0.03420116379857063,0.0416666716337204,-0.02942700684070587,0.5,4.736130237579346,0.014689326286315918,-0.0017131567001342773,-0.03473911131732166,0.0032076872885227203,288.0
data/test/3sat/400/*.cnf,runs/GNN_Glucose_3SAT_TwoStageRiskControllerOnlineConsistentBoundary400LocalReopenOverride/best.pt,28,data/test/3sat/400/3sat_123.cnf,3sat_123.cnf,da302252353e705e612f1145a564c31ecf43b8064a62c507cce1b63ec9b08945,0.9281114339828491,0.2650122344493866,0.7869922518730164,2.4401206970214844,53,0.6037181615829468,0.5538291931152344,0.19991980493068695,False,False,False,0.0,False,0.0,0.0,0.0,2.8997559547424316,31.084205627441406,6.9966816902160645,0.0006574876606464386,0.0019724369049072266,60738.0,0.883514940738678,0.4690236747264862,0.02499997615814209,-0.0023969411849975586,651.0,1239.0,2414.0,30848.0,61055.0,121793.0,0.03501,-0.04440360143780708,0.0350320003926754,0.0416666716337204,0.21261268854141235,0.550000011920929,4.91684627532959,0.015698492527008057,-0.00576290488243103,0.01238471269607544,-0.012056395411491394,305.0
data/test/3sat/400/*.cnf,runs/GNN_Glucose_3SAT_TwoStageRiskControllerOnlineConsistentBoundary400LocalReopenOverride/best.pt,29,data/test/3sat/400/3sat_124.cnf,3sat_124.cnf,32a338ded0b85c588b7cefd2fe1698648d94ff7a81dfebec3b67a5a79275ac21,0.9200417399406433,0.25267207622528076,0.7880154252052307,2.335386037826538,39,0.08331471681594849,8.178823287033343e-13,0.6306543946266174,False,False,False,0.0,False,0.0,0.0,1.0,2.604995012283325,31.211009979248047,5.961005210876465,0.0,0.0,0.0,0.8863482475280762,0.43396565318107605,0.0,0.0,682.0,900.0,900.0,31815.0,43163.0,43163.0,0.017045,-0.23722288012504578,0.03528779745101929,0.0416666716337204,-0.06062035635113716,0.375,3.8003320693969727,-0.008324146270751953,0.0,0.002652730792760849,0.0,0.0
data/test/3sat/400/*.cnf,runs/GNN_Glucose_3SAT_TwoStageRiskControllerOnlineConsistentBoundary400LocalReopenOverride/best.pt,30,data/test/3sat/400/3sat_125.cnf,3sat_125.cnf,a7e6cf27cc58e7695247834226a330e7d2bf71ed9524487f2d1a1fdae88ccfae,0.9106696844100952,0.24517054855823517,0.7865539193153381,2.5054633617401123,38,0.19287298619747162,0.06317843496799469,0.33877691626548767,False,False,False,0.0,False,0.0,0.0,0.0,2.3001246452331543,31.264041900634766,7.071573257446289,0.0005200952291488647,0.0015602484345436096,60670.0,0.8798648118972778,0.48631396889686584,-0.025000005960464478,-0.015606850385665894,615.0,1215.0,2428.0,30353.0,60852.0,121522.0,0.035795,-0.25846564769744873,0.035192690789699554,0.041666675359010696,-0.09464196115732193,0.4000000059604645,4.862034320831299,0.018086671829223633,-0.03196272253990173,-0.00740201398730278,-0.03545739874243736,305.0
data/test/3sat/400/*.cnf,runs/GNN_Glucose_3SAT_TwoStageRiskControllerOnlineConsistentBoundary400LocalReopenOverride/best.pt,31,data/test/3sat/400/3sat_126.cnf,3sat_126.cnf,4e105e4a7589b1f3bbe663783da313543f7c01db295916e5ca393b26f99a08ce,0.9167395830154419,0.24596023559570312,0.7862758636474609,2.124990224838257,45,0.841637372970581,0.08252307027578354,0.7141661643981934,False,False,False,0.0,False,0.0,0.0,0.0,2.260651111602783,27.55381202697754,7.15461540222168,0.0015920661389827728,0.0047761499881744385,60723.0,0.8798498511314392,0.46349456906318665,0.0,0.009785890579223633,609.0,1266.0,2452.0,30127.0,58603.0,119326.0,0.035402,-0.20220348238945007,0.03539877012372017,0.0416666716337204,0.03686677664518356,0.44999998807907104,4.885876178741455,-0.009118258953094482,0.004789143800735474,-0.011999297887086868,-0.023070823401212692,343.0
data/test/3sat/400/*.cnf,runs/GNN_Glucose_3SAT_TwoStageRiskControllerOnlineConsistentBoundary400LocalReopenOverride/best.pt,32,data/test/3sat/400/3sat_127.cnf,3sat_127.cnf,c22b76959b263204b95a29ebd7a61f91a0d7ed421a3110ce901b435226e6aa27,0.9089668989181519,0.23010578751564026,0.7865606546401978,2.451178789138794,42,0.10200008004903793,0.7464047074317932,0.09372511506080627,False,False,False,0.0,False,0.0,0.0,0.0,2.3532912731170654,31.149805068969727,6.900730609893799,-0.000322829931974411,-0.0009684041142463684,59972.0,0.8930246829986572,0.44992735981941223,0.025000005960464478,-0.003474712371826172,655.0,1261.0,2475.0,31485.0,63098.0,123070.0,0.039933,-0.25816795229911804,0.03518759831786156,0.0416666716337204,-0.060905683785676956,0.375,4.93583869934082,-0.01638561487197876,0.005188018083572388,0.012818492949008942,0.011648159474134445,306.0
data/test/3sat/400/*.cnf,runs/GNN_Glucose_3SAT_TwoStageRiskControllerOnlineConsistentBoundary400LocalReopenOverride/best.pt,33,data/test/3sat/400/3sat_128.cnf,3sat_128.cnf,b00abe8ca8355060e2a134bec22461bebae7c8a71b492b0df2fcfbcc6a1811aa,0.9401313066482544,0.2633219361305237,0.6947382688522339,2.203078031539917,47,0.20928899943828583,0.9401527643203735,0.012826502323150635,True,False,True,0.0,True,0.0,0.0,0.0,2.5461270809173584,34.61715316772461,7.080867767333984,0.0002615302801132202,0.0007845386862754822,64115.0,0.8878241181373596,0.46179357171058655,0.0,-0.011534303426742554,639.0,1251.0,2473.0,32119.0,64539.0,128654.0,0.043927,-0.1022990420460701,0.0345035158097744,0.0416666716337204,0.10764401406049728,0.44999998807907104,4.934479236602783,0.008927643299102783,-0.0166340172290802,0.007584527134895325,0.024918928742408752,304.0
data/test/3sat/400/*.cnf,runs/GNN_Glucose_3SAT_TwoStageRiskControllerOnlineConsistentBoundary400LocalReopenOverride/best.pt,34,data/test/3sat/400/3sat_129.cnf,3sat_129.cnf,e7587bb4a36bd1438a00d2dac19af8bb502c2f6cd6faf2d4dc009c4a3a2038ed,0.9207006096839905,0.25121262669563293,0.787786602973938,2.345696210861206,43,0.689953088760376,0.4519343674182892,0.3585582375526428,False,False,False,0.0,False,0.0,0.0,0.0,2.551647663116455,29.539846420288086,7.243513107299805,0.0005521327257156372,0.0016563758254051208,65205.0,0.874093770980835,0.478145956993103,0.050000011920928955,-0.007489234209060669,722.0,1319.0,2533.0,31063.0,63559.0,128764.0,0.041542,-0.19437478482723236,0.035995613783597946,0.0416666716337204,0.015720652416348457,0.4000000059604645,4.88044548034668,0.004914015531539917,-0.0025210976600646973,0.021534381434321404,-0.0015775207430124283,307.0
data/test/3sat/400/*.cnf,runs/GNN_Glucose_3SAT_TwoStageRiskControllerOnlineConsistentBoundary400LocalReopenOverride/best.pt,35,data/test/3sat/400/3sat_13.cnf,3sat_13.cnf,7472304012f82e7c5c4f14259896820e2860875e0fbf099303f170833bc337f5,0.9375124573707581,0.27277395129203796,0.6954716444015503,2.143646240234375,43,0.25695645809173584,0.9593316316604614,0.04938040301203728,True,False,True,0.0,True,0.0,0.0,0.0,2.5010478496551514,29.78055191040039,7.021083831787109,0.0006668344140052795,0.002000473439693451,65113.0,0.8870685696601868,0.46174871921539307,0.025000005960464478,-0.01021641492843628,661.0,1251.0,2449.0,30986.0,62007.0,127120.0,0.042889,-0.012505697086453438,0.0356999896466732,0.0416666716337204,0.14799924194812775,0.4000000059604645,4.9139628410339355,-0.006245315074920654,-0.01193961501121521,0.08934364840388298,0.03966931998729706,313.0
data/test/3sat/400/*.cnf,runs/GNN_Glucose_3SAT_TwoStageRiskControllerOnlineConsistentBoundary400LocalReopenOverride/best.pt,36,data/test/3sat/400/3sat_130.cnf,3sat_130.cnf,d26b097c6b3b10e572b31ee611cff3f4e66b7352e8506a66f8808e58cb99790e,0.9166666269302368,0.2517695128917694,0.7875480651855469,2.277561902999878,39,0.9437330365180969,0.14748524129390717,0.8523121476173401,False,False,False,0.0,False,0.0,0.0,0.0,2.4045586585998535,27.071094512939453,7.217443466186523,0.00016712024807929993,0.0005013346672058105,58122.0,0.8644077777862549,0.5198425054550171,0.025000005960464478,0.022349178791046143,673.0,1295.0,2475.0,29694.0,60174.0,118296.0,0.027106,-0.2244734913110733,0.03577297925949097,0.0416666716337204,-0.10314052551984787,0.4000000059604645,4.730408191680908,-0.004436790943145752,0.02690446376800537,0.003990627825260162,-0.020106583833694458,306.0
data/test/3sat/400/*.cnf,runs/GNN_Glucose_3SAT_TwoStageRiskControllerOnlineConsistentBoundary400LocalReopenOverride/best.pt,37,data/test/3sat/400/3sat_131.cnf,3sat_131.cnf,cf353cc07c86d7e26c3bc8263f8c66e1442457a86e354e6699a0fe62c4216221,0.9185975790023804,0.2711849510669708,0.7867434620857239,2.4800422191619873,35,0.6780494451522827,0.1586306095123291,0.24335221946239471,False,False,False,0.0,False,0.0,0.0,0.0,2.852585792541504,33.87818908691406,7.100027084350586,0.000545114278793335,0.001635327935218811,63511.0,0.8891259431838989,0.4462713897228241,0.04999998211860657,-0.0019488632678985596,695.0,1305.0,2473.0,30242.0,60397.0,123908.0,0.04148,-0.3531799018383026,0.03455159440636635,0.0416666716337204,-0.11436434835195541,0.44999998807907104,4.889286994934082,0.01187121868133545,-0.008792310953140259,-0.0006675869226455688,-0.006782196462154388,312.0
data/test/3sat/400/*.cnf,runs/GNN_Glucose_3SAT_TwoStageRiskControllerOnlineConsistentBoundary400LocalReopenOverride/best.pt,38,data/test/3sat/400/3sat_132.cnf,3sat_132.cnf,04597a277468d179dc73cfabb16e923b1fc791a181bebc792e290785eb4c42b5,0.9303181171417236,0.24498619139194489,0.6939278244972229,2.0102474689483643,49,0.12475387006998062,0.9676713943481445,0.0021925410255789757,True,False,True,0.0,True,0.0,0.0,0.0,2.075227975845337,24.814334869384766,7.075809001922607,-0.0011212676763534546,-0.0033638104796409607,61370.0,0.8811994791030884,0.47015756368637085,0.025000005960464478,-0.004870414733886719,653.0,1264.0,2463.0,30162.0,61457.0,122827.0,0.038693,-0.1784713715314865,0.03317839279770851,0.0416666716337204,0.0010390495881438255,0.4000000059604645,4.867303848266602,0.0007093548774719238,-0.014360249042510986,-0.00921697961166501,0.015064232982695103,308.0
data/test/3sat/400/*.cnf,runs/GNN_Glucose_3SAT_TwoStageRiskControllerOnlineConsistentBoundary400LocalReopenOverride/best.pt,39,data/test/3sat/400/3sat_133.cnf,3sat_133.cnf,2bf0abf3f4c5c6bae1499a80ec8dfee52c98e1a29af51ab15641a1bcc91217ad,0.9130582213401794,0.25536873936653137,0.7858129739761353,2.5804359912872314,45,0.5113558173179626,0.6478421092033386,0.1504502147436142,False,False,False,0.0,False,0.0,0.0,0.0,2.332190752029419,28.797439575195312,7.067319869995117,0.0007092468440532684,0.00212772935628891,60228.0,0.8857351541519165,0.45085635781288147,0.0,0.0041817426681518555,690.0,1332.0,2528.0,30351.0,60325.0,120553.0,0.035683,-0.08471467345952988,0.035095348954200745,0.0416666716337204,0.13105778396129608,0.4749999940395355,4.913583755493164,-0.01160314679145813,0.004523873329162598,-0.02911829948425293,0.009831160306930542,323.0
data/test/3sat/400/*.cnf,runs/GNN_Glucose_3SAT_TwoStageRiskControllerOnlineConsistentBoundary400LocalReopenOverride/best.pt,40,data/test/3sat/400/3sat_134.cnf,3sat_134.cnf,0b6ff8cd3662850b365dbe0e2f940f9d8be385b68f68dc2a7547d187d01382f8,0.9144589304924011,0.24693234264850616,0.7877634167671204,2.2243876457214355,31,0.9054068326950073,0.07030431181192398,0.363656610250473,False,False,False,0.0,False,0.0,0.0,0.0,2.3892502784729004,26.617904663085938,7.114769458770752,0.0008089318871498108,0.0024268031120300293,60639.0,0.884451150894165,0.44803386926651,0.125,0.007957905530929565,626.0,1241.0,2430.0,31327.0,61819.0,122458.0,0.042205,-0.38695570826530457,0.03401749208569527,0.0416666716337204,-0.0648990273475647,0.4749999940395355,4.812178611755371,-0.0008238255977630615,0.009359955787658691,0.0414276197552681,0.0014427155256271362,305.0
data/test/3sat/400/*.cnf,runs/GNN_Glucose_3SAT_TwoStageRiskControllerOnlineConsistentBoundary400LocalReopenOverride/best.pt,41,data/test/3sat/400/3sat_135.cnf,3sat_135.cnf,fe224c4f7f3194cb1fc28da5a6d1f9f5bf6c5839ba399611df9b70df1c7c43cf,0.912285566329956,0.24203364551067352,0.7866988182067871,2.1604185104370117,32,0.49174296855926514,0.02145027369260788,0.7695468068122864,False,False,False,0.0,False,0.0,0.0,0.0,2.113161087036133,27.435253143310547,7.090909957885742,-0.00038059428334236145,-0.0011417865753173828,60156.0,0.881675660610199,0.4800802767276764,0.07500001788139343,-0.0003536641597747803,647.0,1252.0,2422.0,31128.0,60102.0,120258.0,0.033229,-0.26416051387786865,0.03515736758708954,0.041666675359010696,-0.00797357689589262,0.42500001192092896,4.889063358306885,-0.02350395917892456,0.004567056894302368,0.019513809122145176,-0.014947556890547276,298.0
data/test/3sat/400/*.cnf,runs/GNN_Glucose_3SAT_TwoStageRiskControllerOnlineConsistentBoundary400LocalReopenOverride/best.pt,42,data/test/3sat/400/3sat_136.cnf,3sat_136.cnf,ee91d4a4d11ca1adaf7e0c76bf52524ef0d6e74f980e8da38954d6060cf06762,0.917472779750824,0.2578074634075165,0.7854664325714111,2.2814104557037354,37,0.6725568771362305,0.08202382922172546,0.5647632479667664,False,False,False,0.0,False,0.0,0.0,0.0,2.63089656829834,29.966201782226562,7.153833866119385,0.0002366863191127777,0.00071001797914505,62466.0,0.8878719806671143,0.45220768451690674,0.0,-0.0005438327789306641,640.0,1263.0,2490.0,31368.0,61765.0,124231.0,0.039107,-0.4429178237915039,0.035622190684080124,0.0416666716337204,-0.24577264487743378,0.44999998807907104,4.958147048950195,0.02109050750732422,-0.0016204118728637695,-0.04628187417984009,0.004574999213218689,308.0
data/test/3sat/400/*.cnf,runs/GNN_Glucose_3SAT_TwoStageRiskControllerOnlineConsistentBoundary400LocalReopenOverride/best.pt,43,data/test/3sat/400/3sat_137.cnf,3sat_137.cnf,1e2b3e5e64601ec5a09b59612f7e0449b176483cac5688767d34167504ab461b,0.9090630412101746,0.243840292096138,0.786625325679779,2.1902694702148438,32,0.46936407685279846,0.43324291706085205,0.15282398462295532,False,False,False,0.0,False,0.0,0.0,0.0,2.2027316093444824,26.976219177246094,7.025538444519043,0.0006314367055892944,0.0018943101167678833,60517.0,0.8728528022766113,0.49016690254211426,0.04999998211860657,0.007285892963409424,591.0,1173.0,2314.0,29092.0,59122.0,119639.0,0.034477,-0.3698291778564453,0.034586306661367416,0.0416666716337204,-0.2027653306722641,0.4000000059604645,4.797070503234863,-0.005966067314147949,0.012631893157958984,-0.010917693376541138,0.0062658339738845825,280.0
data/test/3sat/400/*.cnf,runs/GNN_Glucose_3SAT_TwoStageRiskControllerOnlineConsistentBoundary400LocalReopenOverride/best.pt,44,data/test/3sat/400/3sat_138.cnf,3sat_138.cnf,18355f9061217e4b6dba88e06766951af29161eda75690e8a77ebe6ba1a6e335,0.9187586307525635,0.25019609928131104,0.7866070866584778,2.2866954803466797,33,0.22681878507137299,0.5837916731834412,0.024019107222557068,False,False,False,0.0,False,0.0,0.0,0.0,2.6519575119018555,32.026710510253906,7.096721172332764,2.968311309814453e-05,8.90195369720459e-05,62991.0,0.8738487362861633,0.49621784687042236,0.025000005960464478,-0.0182856023311615,614.0,1191.0,2379.0,30041.0,61756.0,124747.0,0.037805,-0.3747156858444214,0.034745246171951294,0.041666675359010696,-0.19491131603717804,0.4000000059604645,4.805088520050049,-0.01902061700820923,-0.02842259407043457,0.0016101449728012085,-0.011098146438598633,298.0
data/test/3sat/400/*.cnf,runs/GNN_Glucose_3SAT_TwoStageRiskControllerOnlineConsistentBoundary400LocalReopenOverride/best.pt,45,data/test/3sat/400/3sat_139.cnf,3sat_139.cnf,c27a5ed8f04801c6621d13d9e8aadaac916a883948287c19ea55abf17d6d5540,0.9158099293708801,0.25711899995803833,0.7856306433677673,2.403383493423462,32,0.5928516387939453,0.43340399861335754,0.2330401986837387,False,False,False,0.0,False,0.0,0.0,0.0,2.3994367122650146,26.812496185302734,7.151485443115234,-4.8819929361343384e-05,-0.0001464560627937317,62602.0,0.8704179525375366,0.4962083101272583,0.025000005960464478,0.007550656795501709,627.0,1198.0,2362.0,31056.0,62794.0,125396.0,0.03786,-0.2957674562931061,0.03487218916416168,0.0416666716337204,-0.05799167603254318,0.4000000059604645,4.817444324493408,0.006116420030593872,0.00959467887878418,0.0005452632904052734,0.0008751079440116882,289.0
data/test/3sat/400/*.cnf,runs/GNN_Glucose_3SAT_TwoStageRiskControllerOnlineConsistentBoundary400LocalReopenOverride/best.pt,46,data/test/3sat/400/3sat_14.cnf,3sat_14.cnf,f6f003f58924f416741808699fc5391b213f977f98b353b7e3b819420dbe03f5,0.9194867610931396,0.26661035418510437,0.785824179649353,2.4886670112609863,37,0.8402605056762695,0.6442220211029053,0.07704341411590576,False,False,False,0.0,False,0.0,0.0,0.0,2.7228567600250244,32.87535095214844,7.134093761444092,0.0016296915709972382,0.004889048635959625,65341.0,0.8961731195449829,0.4169759452342987,0.050000011920928955,0.001630440354347229,706.0,1309.0,2477.0,31136.0,63890.0,129231.0,0.044089,-0.17206916213035583,0.03501538559794426,0.0416666716337204,0.022751323878765106,0.375,5.014552116394043,0.021185636520385742,-0.0017621219158172607,0.01373967807739973,0.004678377881646156,305.0
data/test/3sat/400/*.cnf,runs/GNN_Glucose_3SAT_TwoStageRiskControllerOnlineConsistentBoundary400LocalReopenOverride/best.pt,47,data/test/3sat/400/3sat_140.cnf,3sat_140.cnf,ace66274c8999eeed45d8ccd05bf323aa981e5a2766b925bce69254fe378710d,0.9319908022880554,0.2587253749370575,0.6954173445701599,2.141157627105713,33,0.23393769562244415,0.9541949033737183,0.009911530651152134,True,False,True,0.0,True,0.0,0.0,0.0,2.4783942699432373,27.551864624023438,7.06390380859375,7.110834121704102e-05,0.0002133101224899292,62265.0,0.8771000504493713,0.4730148911476135,-0.025000005960464478,-0.00010269880294799805,632.0,1247.0,2471.0,31140.0,63362.0,125627.0,0.031613,-0.312283992767334,0.03407944366335869,0.0416666716337204,0.043023791164159775,0.44999998807907104,4.842257022857666,-0.016978442668914795,-0.0005511641502380371,0.03285639360547066,0.033119168132543564,309.0
data/test/3sat/400/*.cnf,runs/GNN_Glucose_3SAT_TwoStageRiskControllerOnlineConsistentBoundary400LocalReopenOverride/best.pt,48,data/test/3sat/400/3sat_141.cnf,3sat_141.cnf,cee0ca1e22dea7797a93a8f145b60af3b8ac290a130cec7153c320b8cdcf1682,0.9218746423721313,0.27156299352645874,0.7862625122070312,2.413376569747925,45,0.9593282341957092,0.8000384569168091,0.013923692516982555,False,False,False,0.0,False,0.0,0.0,0.0,2.8612492084503174,30.347537994384766,7.2254815101623535,0.0005923956632614136,0.0017772242426872253,62286.0,0.8873744010925293,0.4508243799209595,0.04999998211860657,0.007376939058303833,667.0,1258.0,2443.0,29891.0,62163.0,124449.0,0.030649,-0.372528612613678,0.03353976830840111,0.0416666716337204,-0.12985360622406006,0.3499999940395355,4.8760666847229,-0.014474660158157349,0.01314970850944519,0.011200398206710815,0.005622237920761108,290.0
data/test/3sat/400/*.cnf,runs/GNN_Glucose_3SAT_TwoStageRiskControllerOnlineConsistentBoundary400LocalReopenOverride/best.pt,49,data/test/3sat/400/3sat_142.cnf,3sat_142.cnf,9018c0deeaf73c69baa9a3898b963820020fa2510c7a75a5d7f82eb3a5846117,0.9204221963882446,0.2545877695083618,0.7856302857398987,2.4787790775299072,43,0.7006353735923767,0.01126895286142826,0.6563364267349243,False,False,False,0.0,False,0.0,0.0,0.0,2.648761034011841,32.34152603149414,7.069023609161377,0.0009346567094326019,0.0028039589524269104,60610.0,0.8891663551330566,0.44519948959350586,0.050000011920928955,-0.003377169370651245,637.0,1212.0,2381.0,29237.0,61120.0,121730.0,0.034305,-0.3370846211910248,0.03518166020512581,0.041666675359010696,0.006298709195107222,0.42500001192092896,4.904393196105957,-0.011976301670074463,-0.005489766597747803,0.0417450163513422,-0.002437612507492304,293.0
data/test/3sat/400/*.cnf,runs/GNN_Glucose_3SAT_TwoStageRiskControllerOnlineConsistentBoundary400LocalReopenOverride/best.pt,50,data/test/3sat/400/3sat_143.cnf,3sat_143.cnf,8225b489f989845a90deb6d4a1950b3dfe98579e9696be8ce2fd33541f5a24be,0.9093369841575623,0.23367273807525635,0.7866303324699402,2.257223606109619,39,0.17750681936740875,0.002215495565906167,0.8646326661109924,False,False,False,0.0,False,0.0,0.0,0.0,1.9654302597045898,24.131000518798828,7.15461540222168,-0.00044105201959609985,-0.0013231858611106873,64891.0,0.8712472319602966,0.5062247514724731,-0.025000005960464478,0.0007263720035552979,690.0,1293.0,2468.0,30509.0,61409.0,126300.0,0.0347,-0.1498432755470276,0.035554189234972,0.041666675359010696,0.11213122308254242,0.44999998807907104,4.821702480316162,0.026023000478744507,0.003014981746673584,0.016353964805603027,-0.03648173809051514,311.0
data/test/3sat/400/*.cnf,runs/GNN_Glucose_3SAT_TwoStageRiskControllerOnlineConsistentBoundary400LocalReopenOverride/best.pt,51,data/test/3sat/400/3sat_144.cnf,3sat_144.cnf,d088e1f4895250c01a75e580157be0406b2843eeb56f10dfb95d7701a2b79e40,0.9107398986816406,0.24930523335933685,0.7862831950187683,2.475132703781128,46,0.16386140882968903,0.11198420822620392,0.7670567631721497,False,False,False,0.0,False,1.0,0.0,0.0,2.0907583236694336,28.457651138305664,7.026426792144775,-0.000496257096529007,-0.00148879736661911,57658.0,0.873021125793457,0.49489128589630127,0.0,0.003676891326904297,660.0,1226.0,2425.0,28600.0,56075.0,113733.0,0.041924,-0.05619456619024277,0.03490680828690529,0.041666675359010696,0.2759380340576172,0.4749999940395355,4.751391887664795,0.007271319627761841,0.006709963083267212,0.02863292396068573,0.011707127094268799,287.0
data/test/3sat/400/*.cnf,runs/GNN_Glucose_3SAT_TwoStageRiskControllerOnlineConsistentBoundary400LocalReopenOverride/best.pt,52,data/test/3sat/400/3sat_145.cnf,3sat_145.cnf,b25157fe54b319e0befb395e69b720097249b4d7b13edcdf6a308bb4adc58248,0.9122695922851562,0.24267448484897614,0.7866606116294861,2.2309107780456543,38,0.05533447489142418,0.4570857584476471,0.030446037650108337,False,False,False,0.0,False,1.0,0.0,0.0,2.2240140438079834,26.447399139404297,6.946976184844971,-0.000496305525302887,-0.001488909125328064,60454.0,0.8980370759963989,0.42872947454452515,0.0,-0.018301278352737427,648.0,1259.0,2524.0,30254.0,61399.0,121853.0,0.036328,-0.2813694477081299,0.034198302775621414,0.0416666716337204,0.018921691924333572,0.44999998807907104,4.983827114105225,-0.014725446701049805,-0.03570067882537842,-0.003018233459442854,0.014102200511842966,306.0
data/test/3sat/400/*.cnf,runs/GNN_Glucose_3SAT_TwoStageRiskControllerOnlineConsistentBoundary400LocalReopenOverride/best.pt,53,data/test/3sat/400/3sat_146.cnf,3sat_146.cnf,8d3b0c49667f45935e7224d7d700239589bc45cc38fb182ef07a7d4224ca9f87,0.9122832417488098,0.2402198165655136,0.7859197854995728,2.2472736835479736,29,0.29315558075904846,0.05329245701432228,0.6194653511047363,False,False,False,0.0,False,0.0,0.0,0.0,2.3084521293640137,29.667245864868164,7.009408950805664,8.368492126464844e-05,0.00025103986263275146,58228.0,0.8839176893234253,0.46494734287261963,0.025000005960464478,-0.003864586353302002,652.0,1242.0,2439.0,29966.0,60092.0,118320.0,0.037142,-0.38243207335472107,0.03541780635714531,0.041666675359010696,-0.2110179215669632,0.375,4.853196144104004,0.003540933132171631,0.0019335448741912842,0.0058914124965667725,-0.017818361520767212,301.0
data/test/3sat/400/*.cnf,runs/GNN_Glucose_3SAT_TwoStageRiskControllerOnlineConsistentBoundary400LocalReopenOverride/best.pt,54,data/test/3sat/400/3sat_147.cnf,3sat_147.cnf,8e6152a84f52f21e36317b9ab9f22d5b737635d8bcdbfdf6079a9a2682dbc6b2,0.9177712798118591,0.2451530247926712,0.7869033217430115,2.189668893814087,38,0.9016404747962952,0.18707036972045898,0.6021559238433838,False,False,False,0.0,False,0.0,0.0,0.0,2.553778886795044,29.00265884399414,7.061334133148193,0.0011788979172706604,0.003536693751811981,59083.0,0.8827381134033203,0.4684412181377411,0.050000011920928955,0.012027174234390259,633.0,1262.0,2471.0,29143.0,60636.0,119719.0,0.036873,-0.30864477157592773,0.035272061824798584,0.0416666716337204,-0.029272528365254402,0.375,4.883143901824951,-0.02366897463798523,0.006249487400054932,0.03797083906829357,-0.017514154314994812,301.0
data/test/3sat/400/*.cnf,runs/GNN_Glucose_3SAT_TwoStageRiskControllerOnlineConsistentBoundary400LocalReopenOverride/best.pt,55,data/test/3sat/400/3sat_148.cnf,3sat_148.cnf,133c73a069ada1481c9f4419a4de8d1655381692581fb4c57fea61f567a15221,0.9181314706802368,0.2580302953720093,0.7865061163902283,2.503039836883545,39,0.4264005422592163,0.3211602568626404,0.4053894877433777,False,False,False,0.0,False,0.0,0.0,0.0,2.543715238571167,31.70513916015625,7.0431599617004395,0.0009925775229930878,0.0029776692390441895,61562.0,0.8818276524543762,0.4756188988685608,-0.025000005960464478,-0.0015264451503753662,639.0,1263.0,2463.0,27558.0,56194.0,117756.0,0.037051,-0.2529556453227997,0.03561770170927048,0.0416666716337204,-0.10508764535188675,0.4749999940395355,4.888733863830566,0.004896491765975952,-0.0027312040328979492,0.013389214873313904,0.02416916936635971,318.0
data/test/3sat/400/*.cnf,runs/GNN_Glucose_3SAT_TwoStageRiskControllerOnlineConsistentBoundary400LocalReopenOverride/best.pt,56,data/test/3sat/400/3sat_149.cnf,3sat_149.cnf,95c7b029d91f9191e7a01ee423a897969ea8e6aa922e5c9b04d581fe4edca7aa,0.9131584763526917,0.24765998125076294,0.7865596413612366,2.432459831237793,51,0.5568363070487976,0.04347116872668266,0.7941551804542542,False,False,False,0.0,False,0.0,0.0,0.0,2.244720935821533,27.991029739379883,7.109879493713379,-0.0001111254096031189,-0.00033339858055114746,58811.0,0.8757738471031189,0.47198471426963806,0.04999998211860657,0.008703052997589111,659.0,1237.0,2424.0,29955.0,59655.0,118466.0,0.034083,-0.061111319810152054,0.03521503508090973,0.0416666716337204,0.22870445251464844,0.574999988079071,4.7432451248168945,-0.01119154691696167,0.003907829523086548,0.026373907923698425,0.022998511791229248,286.0
data/test/3sat/400/*.cnf,runs/GNN_Glucose_3SAT_TwoStageRiskControllerOnlineConsistentBoundary400LocalReopenOverride/best.pt,57,data/test/3sat/400/3sat_15.cnf,3sat_15.cnf,af6dd4ebf42e9a5cd40d898579b8d08843f7a6ad2ec5f6f0af7cf16c5643316d,0.9147696495056152,0.25492000579833984,0.7865058779716492,2.3350298404693604,30,0.801841676235199,0.405055969953537,0.13797815144062042,False,False,False,0.0,False,0.0,0.0,0.0,2.4712910652160645,27.90857696533203,7.186901092529297,0.000329725444316864,0.0009891018271446228,61308.0,0.8673551678657532,0.5132466554641724,0.050000011920928955,0.0006665587425231934,600.0,1160.0,2304.0,31181.0,62199.0,123507.0,0.036603,-0.4265693724155426,0.03443031385540962,0.041666675359010696,-0.18179990351200104,0.30000001192092896,4.815008163452148,-0.006661772727966309,0.005233287811279297,0.01561744511127472,-0.028387948870658875,270.0
data/test/3sat/400/*.cnf,runs/GNN_Glucose_3SAT_TwoStageRiskControllerOnlineConsistentBoundary400LocalReopenOverride/best.pt,58,data/test/3sat/400/3sat_150.cnf,3sat_150.cnf,80dc463efa0ca5a4ed3e0d194fc77e329ac19e9701af378295cb7a4a2ec0abb7,0.9163091778755188,0.24860365688800812,0.786758542060852,2.308711290359497,41,0.9018828272819519,0.21839138865470886,0.6156660914421082,False,False,False,0.0,False,0.0,0.0,0.0,2.3693976402282715,30.60520362854004,7.269616603851318,0.0008309558033943176,0.0024928227066993713,63813.0,0.8588005900382996,0.5300873517990112,0.04999998211860657,0.017174720764160156,628.0,1231.0,2371.0,31617.0,62978.0,126791.0,0.033662,-0.25919005274772644,0.035040341317653656,0.041666675359010696,0.019259624183177948,0.4749999940395355,4.731599807739258,-0.007582902908325195,0.01499950885772705,-0.0017216075211763382,0.015825862996280193,299.0
data/test/3sat/400/*.cnf,runs/GNN_Glucose_3SAT_TwoStageRiskControllerOnlineConsistentBoundary400LocalReopenOverride/best.pt,59,data/test/3sat/400/3sat_151.cnf,3sat_151.cnf,d91d366fb231c613f2325c6470f7ea29c65df08798767895b8784e970db8aa8c,0.9184948801994324,0.2581287622451782,0.7866408824920654,2.506746768951416,34,0.5095143914222717,0.4850251078605652,0.08177287131547928,False,False,False,0.0,False,1.0,0.0,0.0,2.5740888118743896,29.061317443847656,7.032624244689941,-0.00045062601566314697,-0.0013518556952476501,64722.0,0.8957024216651917,0.44533592462539673,0.025000005960464478,0.012365847826004028,645.0,1244.0,2463.0,34260.0,68375.0,133097.0,0.03631,-0.3818596601486206,0.03401387855410576,0.041666675359010696,-0.14640815556049347,0.42500001192092896,5.055951118469238,0.015189111232757568,0.00607675313949585,-0.021904654800891876,-0.028396762907505035,304.0
data/test/3sat/400/*.cnf,runs/GNN_Glucose_3SAT_TwoStageRiskControllerOnlineConsistentBoundary400LocalReopenOverride/best.pt,60,data/test/3sat/400/3sat_152.cnf,3sat_152.cnf,c3dca3658fc56a24cf36224d8ad4625bf0df3fb9976298e92d28ef90fc777e4a,0.9168928265571594,0.25768622756004333,0.7866246104240417,2.4516446590423584,42,0.875684380531311,0.20244407653808594,0.747999906539917,False,False,False,0.0,False,0.0,0.0,0.0,2.6282083988189697,32.0645866394043,7.1316986083984375,0.0006758458912372589,0.0020275115966796875,58410.0,0.8744106292724609,0.4753817915916443,0.0,0.025464147329330444,643.0,1252.0,2399.0,29566.0,59348.0,117758.0,0.04132,-0.3169218897819519,0.03505479916930199,0.0416666716337204,-0.031282518059015274,0.375,4.737332820892334,-0.005563199520111084,0.03741288185119629,0.0017169900238513947,-0.0053265951573848724,308.0
data/test/3sat/400/*.cnf,runs/GNN_Glucose_3SAT_TwoStageRiskControllerOnlineConsistentBoundary400LocalReopenOverride/best.pt,61,data/test/3sat/400/3sat_153.cnf,3sat_153.cnf,e21c9a19fc884727890f4d6de9a98bd4ff80ff152ecf343c3fe9cb0473d41ad2,0.915109395980835,0.25132492184638977,0.7850317358970642,2.288616418838501,42,0.21529394388198853,0.6869953274726868,0.044868189841508865,False,False,False,0.0,False,1.0,0.0,0.0,2.2852797508239746,30.1768741607666,7.046647071838379,-0.0007100030779838562,-0.002129964530467987,59944.0,0.8782176971435547,0.477929025888443,0.0,0.010796308517456055,644.0,1249.0,2459.0,27874.0,57008.0,116952.0,0.037686,-0.2382829636335373,0.03414815664291382,0.0416666716337204,-0.019563356414437294,0.44999998807907104,4.847716808319092,0.00010639429092407227,0.00683167576789856,0.003973217681050301,0.010469924658536911,305.0
data/test/3sat/400/*.cnf,runs/GNN_Glucose_3SAT_TwoStageRiskControllerOnlineConsistentBoundary400LocalReopenOverride/best.pt,62,data/test/3sat/400/3sat_154.cnf,3sat_154.cnf,08d5120ea7bbda3a35676846159a4dfcd7e58b66cb64dcb1e2968b1b02e9286f,0.9357001781463623,0.2561550438404083,0.6951773166656494,2.0510964393615723,40,0.7168204188346863,0.9881216287612915,0.028120730072259903,True,False,True,0.0,True,0.0,0.0,0.0,2.7569992542266846,28.807186126708984,7.087573528289795,-4.490092396736145e-05,-0.00013475865125656128,63004.0,0.8841632008552551,0.46620965003967285,0.025000005960464478,0.009481310844421387,665.0,1297.0,2477.0,33011.0,65588.0,128592.0,0.036281,-0.3224637508392334,0.03479478880763054,0.0416666716337204,-0.1405276209115982,0.25,4.956198692321777,-0.0024254024028778076,0.019960671663284302,-0.0002750605344772339,-0.025079354643821716,322.0
data/test/3sat/400/*.cnf,runs/GNN_Glucose_3SAT_TwoStageRiskControllerOnlineConsistentBoundary400LocalReopenOverride/best.pt,63,data/test/3sat/400/3sat_155.cnf,3sat_155.cnf,205adefe66bf59707351b4cf178ed8c43cfbf5bb47dc59484afbcd2b212015a3,0.9199296832084656,0.2481968253850937,0.7878235578536987,2.2476212978363037,40,0.8519653677940369,0.6657227873802185,0.05935157462954521,False,False,False,0.0,False,0.0,0.0,0.0,2.4461636543273926,29.03430938720703,7.22329568862915,-0.00010230019688606262,-0.00030690431594848633,55231.0,0.8637740015983582,0.505587100982666,-0.025000005960464478,0.017949968576431274,681.0,1279.0,2475.0,28639.0,55791.0,111022.0,0.040933,-0.3291364014148712,0.03433769941329956,0.0416666716337204,-0.06623190641403198,0.44999998807907104,4.777764797210693,0.00429534912109375,0.014486044645309448,0.007362529635429382,0.014885500073432922,305.0
data/test/3sat/400/*.cnf,runs/GNN_Glucose_3SAT_TwoStageRiskControllerOnlineConsistentBoundary400LocalReopenOverride/best.pt,64,data/test/3sat/400/3sat_156.cnf,3sat_156.cnf,20a8046c400773c26e491d8ff249c6aed31d26de291efa85a62c5da485ee606f,0.9160810708999634,0.2501690685749054,0.7861724495887756,2.269580841064453,37,0.7596166729927063,0.09925787895917892,0.735069751739502,False,False,False,0.0,False,0.0,0.0,0.0,2.4787495136260986,30.278427124023438,6.971668720245361,0.001432657241821289,0.004297889769077301,58787.0,0.8821752667427063,0.47554510831832886,0.10000002384185791,-0.0022765696048736572,625.0,1218.0,2449.0,30194.0,61409.0,120196.0,0.039558,-0.42584168910980225,0.0356539785861969,0.041666675359010696,-0.035400185734033585,0.4000000059604645,4.906068801879883,-0.017838597297668457,-9.146332740783691e-05,0.03264620527625084,0.010828524827957153,295.0
data/test/3sat/400/*.cnf,runs/GNN_Glucose_3SAT_TwoStageRiskControllerOnlineConsistentBoundary400LocalReopenOverride/best.pt,65,data/test/3sat/400/3sat_157.cnf,3sat_157.cnf,497d50a8f2fa56f266fd62738b95b791adafb2eeba4ca9cb5a1a92da187265f2,0.9204379320144653,0.2375209480524063,0.696176290512085,2.209005117416382,45,0.5350499749183655,0.8758414387702942,0.006315277423709631,True,False,True,0.0,True,0.0,0.0,0.0,2.6100282669067383,33.724609375,7.181591987609863,0.00017661228775978088,0.000529848039150238,60710.0,0.8766416907310486,0.4546434283256531,0.04999998211860657,-0.0016415715217590332,706.0,1321.0,2512.0,29586.0,59502.0,120212.0,0.039751,-0.3364180326461792,0.03362046554684639,0.0416666716337204,-0.08225280791521072,0.4000000059604645,4.867587089538574,-0.004787623882293701,0.007220238447189331,0.013889342546463013,-0.03150452673435211,298.0
data/test/3sat/400/*.cnf,runs/GNN_Glucose_3SAT_TwoStageRiskControllerOnlineConsistentBoundary400LocalReopenOverride/best.pt,66,data/test/3sat/400/3sat_158.cnf,3sat_158.cnf,56bb4d211f05004c8f71a4fdf929295ccf29e1888f0d751f6b0cdfd83917d51f,0.9171783924102783,0.2519743740558624,0.7858620882034302,2.4350624084472656,42,0.2083187997341156,0.06398487836122513,0.30298125743865967,False,False,False,0.0,False,0.0,0.0,0.0,2.251927137374878,27.584007263183594,7.114769458770752,-1.6782432794570923e-05,-5.0373375415802e-05,59167.0,0.8836577534675598,0.4621655344963074,0.025000005960464478,-0.028175175189971924,610.0,1222.0,2424.0,29692.0,58753.0,117920.0,0.042108,-0.24361468851566315,0.03505665808916092,0.041666675359010696,-0.0053866952657699585,0.42500001192092896,4.828995704650879,-0.004217177629470825,-0.03340199589729309,-0.015658556949347258,0.0042318180203437805,292.0
data/test/3sat/400/*.cnf,runs/GNN_Glucose_3SAT_TwoStageRiskControllerOnlineConsistentBoundary400LocalReopenOverride/best.pt,67,data/test/3sat/400/3sat_159.cnf,3sat_159.cnf,13365738375ce852a06c7ea36624384baeae98337d89c372ecb16ec7f0c89156,0.911027193069458,0.24181655049324036,0.786804735660553,2.2849252223968506,28,0.25512340664863586,0.639836847782135,0.06163937598466873,False,False,False,0.0,False,0.0,0.0,0.0,2.556748151779175,30.40863037109375,6.9957661628723145,0.0007255896925926208,0.0021766871213912964,61588.0,0.8837762475013733,0.46807366609573364,-0.025000005960464478,-0.0053642988204956055,674.0,1280.0,2521.0,30038.0,60106.0,121694.0,0.040067,-0.4938894212245941,0.03532484918832779,0.041666675359010696,-0.20783372223377228,0.2750000059604645,4.920546531677246,-0.016756713390350342,-0.009905517101287842,-0.009760230779647827,-0.02408672869205475,299.0
data/test/3sat/400/*.cnf,runs/GNN_Glucose_3SAT_TwoStageRiskControllerOnlineConsistentBoundary400LocalReopenOverride/best.pt,68,data/test/3sat/400/3sat_16.cnf,3sat_16.cnf,2bc050d09e152d389dd72e8b006f22b7685e7c40e19f8ff31b9f96e3870e9818,0.9156322479248047,0.23999884724617004,0.7855040431022644,2.200742721557617,39,0.24217049777507782,0.673547625541687,0.04549252241849899,False,False,False,0.0,False,0.0,0.0,0.0,2.328148365020752,27.355878829956055,7.112327575683594,-0.0002425462007522583,-0.0007276460528373718,63640.0,0.8803706169128418,0.47871699929237366,-0.025000005960464478,-0.0027340352535247803,688.0,1279.0,2487.0,31364.0,63563.0,127203.0,0.038953,-0.2509342133998871,0.03478898108005524,0.0416666716337204,-0.03564813360571861,0.375,4.948300361633301,-0.006531178951263428,-0.012308090925216675,0.0009394567459821701,-0.01075192354619503,285.0
data/test/3sat/400/*.cnf,runs/GNN_Glucose_3SAT_TwoStageRiskControllerOnlineConsistentBoundary400LocalReopenOverride/best.pt,69,data/test/3sat/400/3sat_160.cnf,3sat_160.cnf,a8ce7b3f7d4e9d0f58e02872df0e3f2854752ac77218e2fad6d835ec789ca9d5,0.9186649918556213,0.245161771774292,0.7864561676979065,2.3139638900756836,47,0.8050159811973572,0.03396303206682205,0.5862036943435669,False,False,False,0.0,False,0.0,0.0,0.0,2.243530511856079,29.441421508789062,7.1777825355529785,0.0007865950465202332,0.0023598000407218933,60412.0,0.8833104968070984,0.45906877517700195,0.04999998211860657,0.003141939640045166,630.0,1221.0,2406.0,30716.0,61179.0,121591.0,0.039972,-0.2286180704832077,0.034783825278282166,0.0416666716337204,-0.055826060473918915,0.4749999940395355,4.861268997192383,0.0011449158191680908,0.00483819842338562,-0.013699091970920563,-0.009577218443155289,292.0
data/test/3sat/400/*.cnf,runs/GNN_Glucose_3SAT_TwoStageRiskControllerOnlineConsistentBoundary400LocalReopenOverride/best.pt,70,data/test/3sat/400/3sat_161.cnf,3sat_161.cnf,8cf4ed1990a7657d1107b748e09ec9cf11c4136220a644d0eefba0016fcedcc1,0.9164018034934998,0.23712438344955444,0.7862614393234253,2.232614755630493,29,0.9237005710601807,0.8704001903533936,0.05294568091630936,False,False,False,0.0,False,0.0,0.0,0.0,2.4806621074676514,27.308399200439453,7.230563163757324,0.0005775801837444305,0.0017327293753623962,62230.0,0.8740248084068298,0.4914095103740692,0.0,0.01829203963279724,652.0,1252.0,2444.0,32807.0,64580.0,126810.0,0.042022,-0.3183068633079529,0.034390658140182495,0.0416666716337204,-0.06509477645158768,0.42500001192092896,4.948505401611328,0.007931172847747803,0.028851717710494995,0.0019115656614303589,0.01620069146156311,312.0
data/test/3sat/400/*.cnf,runs/GNN_Glucose_3SAT_TwoStageRiskControllerOnlineConsistentBoundary400LocalReopenOverride/best.pt,71,data/test/3sat/400/3sat_162.cnf,3sat_162.cnf,185840a2b53a0f7b931f3532fb3295082bd02cc44982d7bd3acc86d275ec82b5,0.9169127941131592,0.23395684361457825,0.7854107022285461,1.9976081848144531,45,0.06465112417936325,0.6784127354621887,0.1556134968996048,False,False,False,0.0,False,0.0,0.0,0.0,2.2993109226226807,27.138153076171875,7.046647071838379,0.000303417444229126,0.0009102299809455872,60880.0,0.8668964505195618,0.5117128491401672,-0.02499997615814209,-0.026437431573867798,667.0,1279.0,2468.0,29348.0,57060.0,117940.0,0.037937,-0.27859362959861755,0.036846525967121124,0.0416666716337204,-0.17442533373832703,0.30000001192092896,4.773561477661133,0.003275275230407715,-0.018858730792999268,-0.032947078347206116,-0.004024684429168701,316.0
data/test/3sat/400/*.cnf,runs/GNN_Glucose_3SAT_TwoStageRiskControllerOnlineConsistentBoundary400LocalReopenOverride/best.pt,72,data/test/3sat/400/3sat_163.cnf,3sat_163.cnf,0a2a9702e7ccbaf59d647f776b90a74d83877453b9382e95b0ee67402134ac3c,0.9338136315345764,0.2802450358867645,0.6951107382774353,2.114196300506592,38,0.7315986752510071,0.9328502416610718,0.02178484946489334,True,False,True,0.0,True,0.0,0.0,0.0,2.485395908355713,28.984455108642578,7.163172245025635,0.00028401240706443787,0.0008520409464836121,61222.0,0.8681830167770386,0.503150999546051,0.025000005960464478,0.008801668882369995,609.0,1202.0,2384.0,30126.0,58057.0,119279.0,0.031058,-0.2756374180316925,0.03448755666613579,0.0416666716337204,-0.05083034932613373,0.32499998807907104,4.750353813171387,0.009836912155151367,0.011191338300704956,0.030156433582305908,-0.0014238879084587097,291.0
data/test/3sat/400/*.cnf,runs/GNN_Glucose_3SAT_TwoStageRiskControllerOnlineConsistentBoundary400LocalReopenOverride/best.pt,73,data/test/3sat/400/3sat_164.cnf,3sat_164.cnf,68e139bfc72b52a5af1a1c8ab15ad51657d0da1bbcbc85ad7365aec84d4bb5c9,0.9121281504631042,0.24152597784996033,0.7865858674049377,2.272124767303467,51,0.6691139936447144,0.49331358075141907,0.1885310560464859,False,False,False,0.0,False,1.0,0.0,0.0,2.3177361488342285,25.872514724731445,7.150701522827148,0.00013926252722740173,0.00041779130697250366,59628.0,0.8703666925430298,0.5066736340522766,0.050000011920928955,-0.0074201226234436035,635.0,1222.0,2461.0,31097.0,61923.0,121551.0,0.039753,-0.1200888529419899,0.03493622690439224,0.0416666716337204,0.15330779552459717,0.4749999940395355,4.837215423583984,0.022454053163528442,-0.009421885013580322,0.03145460784435272,0.006675750017166138,285.0
data/test/3sat/400/*.cnf,runs/GNN_Glucose_3SAT_TwoStageRiskControllerOnlineConsistentBoundary400LocalReopenOverride/best.pt,74,data/test/3sat/400/3sat_165.cnf,3sat_165.cnf,1bf9de3141f5e767b76fd8f24a7818ed41826be73c1f2d07646a6e9dec9a536a,0.9388670921325684,0.2788989841938019,0.694930374622345,2.2608532905578613,37,0.6026152968406677,0.8972033262252808,0.09140227735042572,True,False,True,0.0,True,0.0,0.0,0.0,2.700993776321411,31.11634635925293,7.118826389312744,0.00020189955830574036,0.0006057620048522949,63282.0,0.8889789581298828,0.45234617590904236,0.0,0.0008703768253326416,687.0,1295.0,2486.0,32135.0,65587.0,128869.0,0.04118,-0.1420663595199585,0.03561282157897949,0.0416666716337204,0.056159619241952896,0.375,4.982766628265381,-0.02134642004966736,0.006950438022613525,-0.0004037916660308838,0.017076075077056885,308.0
data/test/3sat/400/*.cnf,runs/GNN_Glucose_3SAT_TwoStageRiskControllerOnlineConsistentBoundary400LocalReopenOverride/best.pt,75,data/test/3sat/400/3sat_166.cnf,3sat_166.cnf,78080569e5c8b46b1b5f1291f245a2dc82ab5248d65ccb3e99f16992073872eb,0.9099888801574707,0.2408515363931656,0.7861354947090149,2.149346113204956,32,0.40142422914505005,0.002025442197918892,0.8623596429824829,False,False,False,0.0,False,0.0,0.0,0.0,2.148893117904663,27.233154296875,7.124478340148926,0.00038970261812210083,0.001169063150882721,63295.0,0.88016277551651,0.490731418132782,-0.04999998211860657,0.003614097833633423,657.0,1249.0,2422.0,29702.0,61263.0,124558.0,0.037958,-0.26483333110809326,0.035594258457422256,0.0416666716337204,0.008944840170443058,0.44999998807907104,4.957520961761475,-0.020986825227737427,0.0033531486988067627,-0.015764102339744568,-0.02610177081078291,288.0
data/test/3sat/400/*.cnf,runs/GNN_Glucose_3SAT_TwoStageRiskControllerOnlineConsistentBoundary400LocalReopenOverride/best.pt,76,data/test/3sat/400/3sat_167.cnf,3sat_167.cnf,7cb5a1e37374ee6e181cd6b29810834813b9167c7ffeff5af55012ab05b5b6de,0.9225507974624634,0.2656536102294922,0.7873374819755554,2.3967599868774414,38,0.8494535088539124,0.3464053273200989,0.506281316280365,False,False,False,0.0,False,0.0,0.0,0.0,2.6811208724975586,29.311491012573242,7.083387851715088,0.0007341764867305756,0.002202533185482025,62834.0,0.8769375085830688,0.4816017150878906,0.07499998807907104,0.012179642915725708,676.0,1261.0,2479.0,31263.0,64509.0,127343.0,0.045055,-0.1411343514919281,0.035141684114933014,0.0416666716337204,0.1253640502691269,0.5249999761581421,4.852533340454102,0.00219118595123291,0.009938657283782959,0.006052732467651367,-0.01342947781085968,293.0
data/test/3sat/400/*.cnf,runs/GNN_Glucose_3SAT_TwoStageRiskControllerOnlineConsistentBoundary400LocalReopenOverride/best.pt,77,data/test/3sat/400/3sat_168.cnf,3sat_168.cnf,5f3450611f2ddc47f12b8649785775d866f8f6157395a6e177de8559478a1ddb,0.9176771640777588,0.2484453320503235,0.7849090695381165,2.166410446166992,36,0.809558093547821,0.19526298344135284,0.44388818740844727,False,False,False,0.0,False,0.0,0.0,0.0,2.55989408493042,29.14274787902832,7.1670379638671875,0.00020360201597213745,0.00061073899269104,58887.0,0.879830539226532,0.4721270203590393,0.0,0.006328284740447998,645.0,1257.0,2434.0,30459.0,60196.0,119083.0,0.035462,-0.3815809488296509,0.03446435555815697,0.0416666716337204,-0.13199195265769958,0.4000000059604645,4.837033271789551,-0.007694929838180542,0.02039209008216858,-0.016225524246692657,-0.011321134865283966,295.0
data/test/3sat/400/*.cnf,runs/GNN_Glucose_3SAT_TwoStageRiskControllerOnlineConsistentBoundary400LocalReopenOverride/best.pt,78,data/test/3sat/400/3sat_169.cnf,3sat_169.cnf,1eff8c67b8f3aec71d4bea9d2699bc8401d1a73deb6aa7c3bea69926dafcc60a,0.9138821959495544,0.2532085180282593,0.7865977883338928,2.3593058586120605,34,0.8700367212295532,0.033401016145944595,0.7833263278007507,False,False,False,0.0,False,0.0,0.0,0.0,2.478240728378296,28.768997192382812,7.254884719848633,0.0006294772028923035,0.001888379454612732,64083.0,0.8788869380950928,0.485981285572052,-0.025000005960464478,0.008938461542129517,633.0,1217.0,2376.0,29113.0,62005.0,126088.0,0.041643,-0.39931628108024597,0.035738855600357056,0.0416666716337204,-0.23060815036296844,0.2750000059604645,4.943260669708252,-0.015936970710754395,0.00895237922668457,-0.011202812194824219,-0.02202688157558441,289.0
data/test/3sat/400/*.cnf,runs/GNN_Glucose_3SAT_TwoStageRiskControllerOnlineConsistentBoundary400LocalReopenOverride/best.pt,79,data/test/3sat/400/3sat_17.cnf,3sat_17.cnf,a018174b9d81f32b841327b27844345d4b380a1a874467c0f65aff0790a61a26,0.9144262671470642,0.2506583034992218,0.7859121561050415,2.3418281078338623,40,0.10211994498968124,0.08145850896835327,0.5741404294967651,False,False,False,0.0,False,1.0,0.0,0.0,2.3832361698150635,29.38973617553711,6.953684329986572,-3.162771463394165e-05,-9.488314390182495e-05,60404.0,0.886289656162262,0.43965843319892883,0.02499997615814209,-0.003427475690841675,649.0,1235.0,2449.0,30616.0,60489.0,120893.0,0.040278,-0.21217121183872223,0.034922368824481964,0.0416666716337204,0.0725819319486618,0.6499999761581421,4.8968939781188965,-0.001972675323486328,0.0018844008445739746,0.03346651792526245,0.011709071695804596,292.0
data/test/3sat/400/*.cnf,runs/GNN_Glucose_3SAT_TwoStageRiskControllerOnlineConsistentBoundary400LocalReopenOverride/best.pt,80,data/test/3sat/400/3sat_170.cnf,3sat_170.cnf,a592a224e896022478efe0a0a35307892551174b3e3853a8fa5d452d1370a069,0.9127464890480042,0.2389146387577057,0.7870634198188782,2.230766534805298,45,0.2898303270339966,0.21387945115566254,0.2857702374458313,False,False,False,0.0,False,0.0,0.0,0.0,2.331150531768799,26.265365600585938,7.091742038726807,-0.00019977986812591553,-0.0005994066596031189,62225.0,0.8863027691841125,0.4572460949420929,0.02499997615814209,-0.01178121566772461,624.0,1214.0,2384.0,31144.0,62385.0,124610.0,0.043649,-0.10865544527769089,0.03420750051736832,0.0416666716337204,0.17030243575572968,0.550000011920929,4.9134602546691895,-0.008742451667785645,-0.00925031304359436,-0.007697060704231262,0.020505249500274658,289.0
data/test/3sat/400/*.cnf,runs/GNN_Glucose_3SAT_TwoStageRiskControllerOnlineConsistentBoundary400LocalReopenOverride/best.pt,81,data/test/3sat/400/3sat_171.cnf,3sat_171.cnf,1329a7ec667ce346f2a5c7402c7651fa13072ebacc8927aca2dc05783e802260,0.911078929901123,0.23306486010551453,0.7872373461723328,2.1522345542907715,42,0.5581941604614258,0.1298682987689972,0.62547767162323,False,False,False,0.0,False,0.0,0.0,0.0,2.318403482437134,28.310487747192383,7.113955974578857,-0.0002161078155040741,-0.0006482750177383423,60329.0,0.8842785954475403,0.45777907967567444,0.0,0.012845158576965332,633.0,1247.0,2429.0,30460.0,61413.0,121742.0,0.037286,-0.2650092840194702,0.034484196454286575,0.0416666716337204,0.007516680285334587,0.42500001192092896,4.864819526672363,0.0028414130210876465,0.023075968027114868,0.011189669836312532,0.0002450859174132347,315.0
data/test/3sat/400/*.cnf,runs/GNN_Glucose_3SAT_TwoStageRiskControllerOnlineConsistentBoundary400LocalReopenOverride/best.pt,82,data/test/3sat/400/3sat_172.cnf,3sat_172.cnf,6c8be35ace59aa97f190f40e27afc6948cb20aa8f20d393f65c89d16f4b2cb72,0.9132832288742065,0.2498863935470581,0.7866354584693909,2.350024700164795,34,0.5475941300392151,0.45156317949295044,0.2806214988231659,False,False,False,0.0,False,1.0,0.0,0.0,2.327221155166626,27.60807991027832,7.16472053527832,0.00011158362030982971,0.00033470243215560913,62031.0,0.8766056299209595,0.4953356385231018,-0.025000005960464478,0.0001894235610961914,641.0,1227.0,2480.0,31330.0,61754.0,123785.0,0.037325,-0.17101061344146729,0.03535621240735054,0.041666675359010696,0.05476972460746765,0.4000000059604645,4.874100685119629,0.019549041986465454,-0.0074898600578308105,-0.0017216838896274567,-0.0008981935679912567,293.0
data/test/3sat/400/*.cnf,runs/GNN_Glucose_3SAT_TwoStageRiskControllerOnlineConsistentBoundary400LocalReopenOverride/best.pt,83,data/test/3sat/400/3sat_173.cnf,3sat_173.cnf,a8457618891dabe7405a57bfb428ea728973953320dcb25942ca94ce2aef6aeb,0.9078981280326843,0.23440997302532196,0.7856062650680542,2.3249387741088867,36,0.2059144675731659,0.6336230635643005,0.04292294383049011,False,False,False,0.0,False,1.0,0.0,0.0,2.103100538253784,25.382694244384766,7.090909957885742,-0.0006187073886394501,-0.0018561556935310364,62117.0,0.8901464343070984,0.45141521096229553,0.0,-0.005117058753967285,648.0,1236.0,2489.0,30902.0,61160.0,123277.0,0.039759,-0.1912873387336731,0.034338388592004776,0.041666675359010696,-0.10097851604223251,0.375,4.908663749694824,-0.010293364524841309,-0.0023272931575775146,-0.0066086724400520325,-0.027224160730838776,304.0
data/test/3sat/400/*.cnf,runs/GNN_Glucose_3SAT_TwoStageRiskControllerOnlineConsistentBoundary400LocalReopenOverride/best.pt,84,data/test/3sat/400/3sat_174.cnf,3sat_174.cnf,e5cf68ad7b645f18859973cbc29dd15da7468fc86407d678e271fd929537a275,0.9070141315460205,0.23477010428905487,0.7861430644989014,2.202946424484253,33,0.49504202604293823,0.6975888609886169,0.04683481156826019,False,False,False,0.0,False,0.0,0.0,0.0,2.1835076808929443,27.95998191833496,7.085901260375977,0.00022768601775169373,0.0006830766797065735,62004.0,0.8681542873382568,0.5004635453224182,0.025000005960464478,0.02027076482772827,661.0,1274.0,2422.0,30533.0,59725.0,121729.0,0.038545,-0.3986527919769287,0.03392188623547554,0.041666675359010696,-0.20342643558979034,0.32499998807907104,4.764742851257324,0.0017827153205871582,0.028702259063720703,-0.00616455078125,-0.03885634243488312,299.0
data/test/3sat/400/*.cnf,runs/GNN_Glucose_3SAT_TwoStageRiskControllerOnlineConsistentBoundary400LocalReopenOverride/best.pt,85,data/test/3sat/400/3sat_175.cnf,3sat_175.cnf,ac511df9f3db472c9adcfba140ce57b1ec6aec6d2d77597e3a026be77afd9997,0.9368918538093567,0.2757298946380615,0.6940136551856995,1.909645438194275,36,0.5434644222259521,0.8159887194633484,0.02372662164270878,True,False,True,0.0,True,0.0,0.0,0.0,2.57155179977417,25.21050262451172,7.102499485015869,0.00023864954710006714,0.000715896487236023,61624.0,0.8735382556915283,0.49904394149780273,0.02499997615814209,-0.012742012739181519,620.0,1220.0,2425.0,30316.0,61537.0,123161.0,0.034758,-0.40725889801979065,0.035201359540224075,0.0416666716337204,-0.20505225658416748,0.375,4.799749851226807,0.005295515060424805,-0.01229393482208252,-0.051563069224357605,0.03297595679759979,297.0
data/test/3sat/400/*.cnf,runs/GNN_Glucose_3SAT_TwoStageRiskControllerOnlineConsistentBoundary400LocalReopenOverride/best.pt,86,data/test/3sat/400/3sat_176.cnf,3sat_176.cnf,a90b87c11227ef4b64d889aed5724a46bfd038711a49d3e4e4780ada10353726,0.9152960181236267,0.2590940594673157,0.7863693237304688,2.466237783432007,41,0.8687481880187988,0.0013775567058473825,0.9038665890693665,False,False,False,0.0,False,0.0,0.0,0.0,2.213222026824951,24.404373168945312,7.215240001678467,0.000827934592962265,0.002483740448951721,60766.0,0.8725360631942749,0.4826664924621582,0.025000035762786865,0.009299874305725098,627.0,1228.0,2389.0,29918.0,59420.0,120186.0,0.038197,-0.028038371354341507,0.03574643284082413,0.0416666716337204,0.39903420209884644,0.574999988079071,4.778642654418945,0.0022408664226531982,-0.003639817237854004,0.010755360126495361,0.013338327407836914,292.0
data/test/3sat/400/*.cnf,runs/GNN_Glucose_3SAT_TwoStageRiskControllerOnlineConsistentBoundary400LocalReopenOverride/best.pt,87,data/test/3sat/400/3sat_177.cnf,3sat_177.cnf,8291a0aa9a811f6f6cdcad62a09640808ae31866de56690e9eebb88b288e7d7a,0.914360523223877,0.24417391419410706,0.7859868407249451,2.2510504722595215,39,0.7281661629676819,0.5408912897109985,0.3674967288970947,False,False,False,0.0,False,0.0,0.0,0.0,2.241852283477783,25.529756546020508,7.1033220291137695,0.0004662349820137024,0.001398630440235138,59730.0,0.8703367710113525,0.5018757581710815,0.0,0.01704546809196472,645.0,1237.0,2426.0,30933.0,62921.0,122651.0,0.034648,-0.13255542516708374,0.03518759831786156,0.0416666716337204,0.14282138645648956,0.44999998807907104,4.829048156738281,0.0008354485034942627,0.014828473329544067,0.01486426591873169,0.020286917686462402,289.0
data/test/3sat/400/*.cnf,runs/GNN_Glucose_3SAT_TwoStageRiskControllerOnlineConsistentBoundary400LocalReopenOverride/best.pt,88,data/test/3sat/400/3sat_178.cnf,3sat_178.cnf,c309455e8f96a0628bc736a0ba23ec7d922731bc7623d50f28b6cb23221c20d3,0.9115801453590393,0.23515918850898743,0.7869303822517395,2.1902053356170654,28,0.6915907263755798,0.16832128167152405,0.602798581123352,False,False,False,0.0,False,0.0,0.0,0.0,2.1238512992858887,27.655841827392578,7.113955974578857,0.0014364905655384064,0.004309467971324921,60862.0,0.8687147498130798,0.5045724511146545,0.025000005960464478,0.005502283573150635,631.0,1203.0,2414.0,29986.0,59777.0,120639.0,0.033292,-0.2578488290309906,0.035443104803562164,0.0416666716337204,-0.03969540446996689,0.4000000059604645,4.758699893951416,-0.0007638931274414062,0.0016148686408996582,-0.005649693310260773,-0.005407392978668213,286.0
data/test/3sat/400/*.cnf,runs/GNN_Glucose_3SAT_TwoStageRiskControllerOnlineConsistentBoundary400LocalReopenOverride/best.pt,89,data/test/3sat/400/3sat_179.cnf,3sat_179.cnf,82657471d3d2a2d135d7c6f6d420bde9287a1d9b7fe33ec09bab87b5489d1f88,0.9148750901222229,0.24288569390773773,0.786520779132843,2.1850833892822266,39,0.6290664672851562,0.367318332195282,0.1763538271188736,False,False,False,0.0,False,0.0,0.0,0.0,2.451186418533325,27.186717987060547,7.100027084350586,0.0002211928367614746,0.0006636306643486023,60971.0,0.8796707987785339,0.4731122851371765,0.0,0.008674591779708862,647.0,1287.0,2495.0,29858.0,60970.0,121941.0,0.030639,-0.36808598041534424,0.034644514322280884,0.0416666716337204,-0.17891313135623932,0.42500001192092896,4.857803821563721,-0.015675455331802368,0.00549393892288208,0.013251572847366333,-0.018146246671676636,306.0
data/test/3sat/400/*.cnf,runs/GNN_Glucose_3SAT_TwoStageRiskControllerOnlineConsistentBoundary400LocalReopenOverride/best.pt,90,data/test/3sat/400/3sat_18.cnf,3sat_18.cnf,af851feeab5b001d4734027990d1a00a91789238fe98027cf13e3a07dedda3e8,0.9210636615753174,0.2584850490093231,0.7866736650466919,2.290940523147583,39,0.48083704710006714,0.7561477422714233,0.031814951449632645,False,False,False,0.0,False,0.0,0.0,0.0,2.4884936809539795,28.558883666992188,7.069023609161377,-0.0009380094707012177,-0.002813994884490967,59936.0,0.8818165063858032,0.4651123881340027,0.09999999403953552,0.0006670653820037842,643.0,1252.0,2418.0,30896.0,61768.0,121704.0,0.038333,-0.09984385222196579,0.033667780458927155,0.0416666716337204,0.20458371937274933,0.574999988079071,4.857921600341797,-0.021730005741119385,0.0037839412689208984,0.05283410847187042,0.032228827476501465,296.0
data/test/3sat/400/*.cnf,runs/GNN_Glucose_3SAT_TwoStageRiskControllerOnlineConsistentBoundary400LocalReopenOverride/best.pt,91,data/test/3sat/400/3sat_180.cnf,3sat_180.cnf,47840835dcc8c0cba8b69b9ec1f8be20d63cf1738ca64a4e6c7f2b89af8ca71f,0.9100756645202637,0.2304450124502182,0.786543071269989,2.2670934200286865,32,0.1872682273387909,0.3889457583427429,0.20489941537380219,False,False,False,0.0,False,0.0,0.0,0.0,2.2622690200805664,27.21961212158203,7.0457763671875,-0.00014877691864967346,-0.0004463121294975281,64624.0,0.8855115175247192,0.457438588142395,0.0,0.0044186413288116455,677.0,1314.0,2482.0,30956.0,64087.0,128711.0,0.036443,-0.4979404807090759,0.03492766246199608,0.041666675359010696,-0.22556979954242706,0.22499999403953552,4.89608097076416,0.007001399993896484,0.009631961584091187,-0.038717061281204224,-0.003568395972251892,315.0
data/test/3sat/400/*.cnf,runs/GNN_Glucose_3SAT_TwoStageRiskControllerOnlineConsistentBoundary400LocalReopenOverride/best.pt,92,data/test/3sat/400/3sat_181.cnf,3sat_181.cnf,a17c40ecb9f9d12cdc8d30dd97ffb97dfd39d46a538153568f74cd4670e6b626,0.913218080997467,0.24680352210998535,0.7865712642669678,2.3120861053466797,48,0.6444124579429626,0.084133580327034,0.6500915288925171,False,False,False,0.0,False,0.0,0.0,0.0,2.424403190612793,29.389524459838867,7.234177112579346,0.0009606145322322845,0.0028818324208259583,64101.0,0.8733086585998535,0.4698234796524048,0.0,0.0014351308345794678,646.0,1214.0,2395.0,31468.0,64198.0,128299.0,0.043864,-0.24940073490142822,0.035716231912374496,0.0416666716337204,-0.050253573805093765,0.4749999940395355,4.839010715484619,0.013384699821472168,0.0006275773048400879,-0.014028795063495636,0.0005336590111255646,285.0
data/test/3sat/400/*.cnf,runs/GNN_Glucose_3SAT_TwoStageRiskControllerOnlineConsistentBoundary400LocalReopenOverride/best.pt,93,data/test/3sat/400/3sat_182.cnf,3sat_182.cnf,a74c710431a24f22b0963dac0e7e053f9cb9d8233e25d793d31787eeb50b514e,0.9323828816413879,0.26256683468818665,0.6933294534683228,2.0460994243621826,45,0.25508546829223633,0.8807806968688965,0.0182962529361248,True,False,True,0.0,True,0.0,0.0,0.0,2.379901170730591,28.02920913696289,7.013915538787842,0.00042943283915519714,0.0012882798910140991,57382.0,0.8780876398086548,0.4777606427669525,-0.025000005960464478,-0.008520007133483887,636.0,1241.0,2467.0,28575.0,58198.0,115580.0,0.033424,-0.2827240526676178,0.035158123821020126,0.0416666716337204,-0.14064666628837585,0.32499998807907104,4.757877826690674,0.0027722716331481934,-0.01076960563659668,-0.0473010390996933,0.009045705199241638,292.0
data/test/3sat/400/*.cnf,runs/GNN_Glucose_3SAT_TwoStageRiskControllerOnlineConsistentBoundary400LocalReopenOverride/best.pt,94,data/test/3sat/400/3sat_183.cnf,3sat_183.cnf,7ba3e4947d1590411840de02649040ba2890bae67bc92275264b1dcab9b456a3,0.90667724609375,0.2232256382703781,0.7863055467605591,2.107938766479492,42,0.39362865686416626,0.0020495865028351545,0.8402184844017029,False,False,False,0.0,False,1.0,0.0,0.0,1.7997437715530396,21.89200210571289,7.025538444519043,-0.00034982338547706604,-0.0010494515299797058,57065.0,0.8842137455940247,0.4702903628349304,0.07500001788139343,-0.0031865835189819336,644.0,1256.0,2512.0,29499.0,58374.0,115439.0,0.034015,-0.13063563406467438,0.035412829369306564,0.0416666716337204,0.23353040218353271,0.5249999761581421,4.865879535675049,-0.0035685598850250244,-0.006644248962402344,0.03555290400981903,0.0013387203216552734,293.0
data/test/3sat/400/*.cnf,runs/GNN_Glucose_3SAT_TwoStageRiskControllerOnlineConsistentBoundary400LocalReopenOverride/best.pt,95,data/test/3sat/400/3sat_184.cnf,3sat_184.cnf,048cc12c76b81ce7ccf2f8b7d87f286941b39c9667f324ba7426b60664e08b3d,0.9137518405914307,0.23101015388965607,0.785539448261261,2.1795458793640137,36,0.391207218170166,0.5805654525756836,0.022772682830691338,False,False,False,0.0,False,0.0,0.0,0.0,2.2613308429718018,26.636722564697266,7.173191547393799,0.0004829913377761841,0.0014490112662315369,60705.0,0.8709644079208374,0.4910784661769867,-0.025000005960464478,-0.009325414896011353,616.0,1195.0,2435.0,28021.0,57606.0,118311.0,0.033523,-0.4591062068939209,0.03529816493391991,0.0416666716337204,-0.3661182224750519,0.25,4.778558731079102,0.0026760101318359375,-0.026669412851333618,-0.03505268692970276,-0.02242186665534973,294.0
data/test/3sat/400/*.cnf,runs/GNN_Glucose_3SAT_TwoStageRiskControllerOnlineConsistentBoundary400LocalReopenOverride/best.pt,96,data/test/3sat/400/3sat_185.cnf,3sat_185.cnf,af5e8f67178b1764327530a8c3dd94fd2b2864f09de99aa150256294ebfb7498,0.9170067310333252,0.24160060286521912,0.7872940301895142,2.332714557647705,37,0.7851969599723816,0.1293259859085083,0.5440999865531921,False,False,False,0.0,False,0.0,0.0,0.0,2.382084369659424,28.04012680053711,7.11639404296875,0.0001610293984413147,0.00048311054706573486,58926.0,0.8733566403388977,0.4977043569087982,0.07499998807907104,0.0034856200218200684,646.0,1260.0,2496.0,31991.0,63814.0,122740.0,0.042558,-0.14927063882350922,0.034801311790943146,0.0416666716337204,0.1362627148628235,0.5249999761581421,4.832016944885254,-0.0014662742614746094,-0.006749898195266724,-0.008279681205749512,-0.03275074064731598,297.0
data/test/3sat/400/*.cnf,runs/GNN_Glucose_3SAT_TwoStageRiskControllerOnlineConsistentBoundary400LocalReopenOverride/best.pt,97,data/test/3sat/400/3sat_186.cnf,3sat_186.cnf,db9dc924be7b6b6ff0b3e3a23e3452ead94222cbed840d7f50fdf1718ed072cc,0.9133513569831848,0.257899671792984,0.785864531993866,2.3610410690307617,35,0.4760858416557312,0.01872478611767292,0.6151049137115479,False,False,False,0.0,False,0.0,0.0,0.0,2.53471040725708,31.593769073486328,7.080026626586914,-0.0005186349153518677,-0.0015558376908302307,58558.0,0.8875183463096619,0.44823622703552246,0.025000005960464478,0.004225611686706543,680.0,1313.0,2519.0,29209.0,58557.0,117115.0,0.03969,-0.42065948247909546,0.035622671246528625,0.0416666716337204,-0.10975761711597443,0.375,4.896702289581299,-0.015112370252609253,-0.012071341276168823,-0.011375978589057922,-0.017300106585025787,298.0
data/test/3sat/400/*.cnf,runs/GNN_Glucose_3SAT_TwoStageRiskControllerOnlineConsistentBoundary400LocalReopenOverride/best.pt,98,data/test/3sat/400/3sat_187.cnf,3sat_187.cnf,e6025236000a477c8128953bbc9ea89fecb71b3186431d233dbdc7a036090a4e,0.9339518547058105,0.2512153387069702,0.694651186466217,2.1363630294799805,43,0.1797364503145218,0.7992347478866577,0.03635602816939354,True,False,True,0.0,True,0.0,0.0,0.0,2.018383502960205,28.887426376342773,7.0817084312438965,-0.0003536008298397064,-0.0010607242584228516,60606.0,0.8861363530158997,0.4650605022907257,-0.025000005960464478,0.0010084211826324463,637.0,1249.0,2479.0,30929.0,61672.0,122278.0,0.04011,-0.17921650409698486,0.03461695834994316,0.0416666716337204,0.07833355665206909,0.32499998807907104,4.969557762145996,-0.016088396310806274,-0.007648974657058716,0.0010749846696853638,0.006545588374137878,314.0
data/test/3sat/400/*.cnf,runs/GNN_Glucose_3SAT_TwoStageRiskControllerOnlineConsistentBoundary400LocalReopenOverride/best.pt,99,data/test/3sat/400/3sat_188.cnf,3sat_188.cnf,3504e9b3035af2d389655eba183fcd220040f3896d6025c01f51869e0c9e143b,0.936572790145874,0.261486291885376,0.696023166179657,2.0804293155670166,43,0.2634933888912201,0.7562291622161865,0.018723677843809128,False,False,False,1.0,True,1.0,0.0,0.0,2.3579344749450684,29.661060333251953,7.182352066040039,-0.0007706955075263977,-0.0023120418190956116,59171.0,0.8782775402069092,0.47703832387924194,-0.050000011920928955,-0.005817323923110962,654.0,1265.0,2496.0,30048.0,62203.0,121374.0,0.037895,-0.03889838606119156,0.03361200913786888,0.0416666716337204,0.20963668823242188,0.5,4.767145156860352,-0.007360637187957764,-0.009391158819198608,-0.006374388933181763,0.01570175588130951,294.0
data/test/3sat/400/*.cnf,runs/GNN_Glucose_3SAT_TwoStageRiskControllerOnlineConsistentBoundary400LocalReopenOverride/best.pt,100,data/test/3sat/400/3sat_189.cnf,3sat_189.cnf,386c0d288604cd89a75aae4404ad3dd2fb87cb912d5e3d6470ba3b23cb9d7603,0.9387414455413818,0.2635185122489929,0.6952419281005859,2.1466660499572754,41,0.5193330645561218,0.8863211870193481,0.07894644886255264,True,False,True,0.0,True,0.0,0.0,0.0,2.4060401916503906,28.705886840820312,6.985641956329346,0.00010173022747039795,0.00030515342950820923,62065.0,0.8848979473114014,0.45710813999176025,0.07499998807907104,0.01627039909362793,650.0,1274.0,2481.0,30430.0,61388.0,123453.0,0.043391,-0.1747720092535019,0.03489596024155617,0.0416666716337204,0.02052178978919983,0.42500001192092896,4.867936611175537,-0.018571436405181885,0.024563968181610107,0.010101736523211002,0.0021177008748054504,316.0
data/test/3sat/400/*.cnf,runs/GNN_Glucose_3SAT_TwoStageRiskControllerOnlineConsistentBoundary400LocalReopenOverride/best.pt,101,data/test/3sat/400/3sat_19.cnf,3sat_19.cnf,81b91199601da041e2575b3d2b40bc40b9e08a0370b2622ff380810b2088be9b,0.9271471500396729,0.2620510160923004,0.6953896284103394,2.1456964015960693,41,0.45617571473121643,0.969639778137207,0.0059242695569992065,True,False,True,0.0,True,0.0,0.0,0.0,2.483461856842041,29.896770477294922,7.0431599617004395,0.0012535229325294495,0.0037605315446853638,60073.0,0.8822087049484253,0.4423190951347351,0.025000005960464478,-0.002286583185195923,651.0,1255.0,2446.0,30612.0,61173.0,121246.0,0.04317,-0.22909259796142578,0.03458746522665024,0.0416666716337204,-0.0871824398636818,0.32499998807907104,4.781720161437988,-0.008577555418014526,-0.008442819118499756,-0.006891332566738129,-0.017265863716602325,315.0
data/test/3sat/400/*.cnf,runs/GNN_Glucose_3SAT_TwoStageRiskControllerOnlineConsistentBoundary400LocalReopenOverride/best.pt,102,data/test/3sat/400/3sat_190.cnf,3sat_190.cnf,d3a32aaec04e8fcc6950390a996ab5c02dae824ec0f7cc66330812f3798bef4e,0.9151017069816589,0.25258830189704895,0.7859356999397278,2.496727466583252,47,0.9654104709625244,4.311014212277087e-09,0.8717189431190491,False,False,False,0.0,False,0.0,0.0,0.0,2.805661201477051,33.060611724853516,6.580639362335205,0.002712611109018326,0.00813775509595871,22703.0,0.902397871017456,0.4089541435241699,0.0,-0.010568886995315552,639.0,1265.0,1762.0,31574.0,64620.0,87323.0,0.032339,-0.10395469516515732,0.03671647980809212,0.041666675359010696,0.06202187389135361,0.44999998807907104,4.621571063995361,-0.0392860472202301,-0.01743638515472412,-0.005208376795053482,0.0064076147973537445,326.0
data/test/3sat/400/*.cnf,runs/GNN_Glucose_3SAT_TwoStageRiskControllerOnlineConsistentBoundary400LocalReopenOverride/best.pt,103,data/test/3sat/400/3sat_191.cnf,3sat_191.cnf,93df00ee7a10975fcd5de44fd04bf9019ddb956776a982f6be1950b238d7c5d6,0.9353070259094238,0.2614485025405884,0.6950386166572571,2.0349819660186768,45,0.3048451840877533,0.7603507041931152,0.040437739342451096,True,False,True,0.0,True,0.0,0.0,0.0,2.294386148452759,27.047569274902344,7.0228681564331055,0.0005011595785617828,0.0015035197138786316,63568.0,0.8854557275772095,0.4628257155418396,0.02499997615814209,-0.0025500357151031494,634.0,1214.0,2403.0,30272.0,61130.0,124698.0,0.043706,-0.1692468225955963,0.03473690524697304,0.0416666716337204,0.018793143332004547,0.4000000059604645,4.916419506072998,0.02016100287437439,-0.005511879920959473,-0.030678229173645377,0.01604431658051908,286.0
data/test/3sat/400/*.cnf,runs/GNN_Glucose_3SAT_TwoStageRiskControllerOnlineConsistentBoundary400LocalReopenOverride/best.pt,104,data/test/3sat/400/3sat_192.cnf,3sat_192.cnf,60bc30a22d7a386fb78c59c8f05934b80821b88bcd63649dc32c80a953b01bcb,0.9124791622161865,0.23873797059059143,0.7856437563896179,2.217752695083618,42,0.883997917175293,0.04046180844306946,0.6249863505363464,False,False,False,0.0,False,0.0,0.0,0.0,2.3464505672454834,28.301515579223633,7.271703720092773,0.00042987242341041565,0.0012895911931991577,59738.0,0.8700411319732666,0.49691060185432434,0.025000005960464478,0.004098474979400635,636.0,1260.0,2446.0,29780.0,61396.0,121134.0,0.038965,-0.2992410957813263,0.0352059081196785,0.0416666716337204,-0.08236592262983322,0.4000000059604645,4.828866004943848,-0.0013632476329803467,-0.0005059242248535156,0.03293406963348389,-0.02102556824684143,306.0
data/test/3sat/400/*.cnf,runs/GNN_Glucose_3SAT_TwoStageRiskControllerOnlineConsistentBoundary400LocalReopenOverride/best.pt,105,data/test/3sat/400/3sat_193.cnf,3sat_193.cnf,651b114857ef0628e7da01066ee10ccfe204bfae7bafa5726b0c3fcaae90eb6a,0.9173911213874817,0.25399693846702576,0.7878836393356323,2.3910341262817383,39,0.7975443601608276,0.04857683926820755,0.7836432456970215,False,False,False,0.0,False,0.0,0.0,0.0,2.3942174911499023,27.880168914794922,7.085901260375977,0.002376087009906769,0.007128208875656128,63316.0,0.8741424083709717,0.5005221366882324,0.04999998211860657,-0.010866522789001465,629.0,1208.0,2405.0,29454.0,61004.0,124320.0,0.041498,-0.27309727668762207,0.036307744681835175,0.0416666716337204,-0.03978932648897171,0.4749999940395355,4.88914680480957,-0.02227991819381714,-0.01722097396850586,0.02233392745256424,0.016079217195510864,279.0
data/test/3sat/400/*.cnf,runs/GNN_Glucose_3SAT_TwoStageRiskControllerOnlineConsistentBoundary400LocalReopenOverride/best.pt,106,data/test/3sat/400/3sat_194.cnf,3sat_194.cnf,3a387005d3536177b1c72915010a174827dc044c511421958f9a5f5eef0cd87d,0.9142347574234009,0.23640406131744385,0.7859522700309753,2.142918109893799,35,0.6286248564720154,0.061380449682474136,0.5697412490844727,False,False,False,0.0,False,0.0,0.0,0.0,2.1944351196289062,26.28567886352539,7.046647071838379,0.0005164854228496552,0.0015494078397750854,59398.0,0.8804910778999329,0.48288899660110474,0.10000000894069672,-0.008427411317825317,632.0,1215.0,2375.0,29562.0,60015.0,119413.0,0.034864,-0.4618285000324249,0.035664498805999756,0.0416666716337204,-0.34129491448402405,0.30000001192092896,4.874392986297607,-0.013491123914718628,-0.004221469163894653,-0.01335945725440979,-0.007292568683624268,297.0
data/test/3sat/400/*.cnf,runs/GNN_Glucose_3SAT_TwoStageRiskControllerOnlineConsistentBoundary400LocalReopenOverride/best.pt,107,data/test/3sat/400/3sat_195.cnf,3sat_195.cnf,dc1d6ba16c3569c4f463bc2bac71c1a25d4f9a95a209aec4a6307849312b18d4,0.9111610651016235,0.24679411947727203,0.7878003716468811,2.320510149002075,45,0.47380688786506653,0.17643792927265167,0.6724501252174377,False,False,False,0.0,False,0.0,0.0,0.0,2.1590869426727295,27.014968872070312,7.060476303100586,0.0008919164538383484,0.0026757270097732544,62422.0,0.871449887752533,0.49891209602355957,0.025000005960464478,0.007452845573425293,710.0,1277.0,2475.0,29734.0,60345.0,122767.0,0.039276,-0.017241699621081352,0.03509128838777542,0.041666675359010696,0.31590983271598816,0.44999998807907104,4.726140975952148,0.030580580234527588,-0.004019021987915039,0.012812644243240356,0.01648765802383423,287.0
data/test/3sat/400/*.cnf,runs/GNN_Glucose_3SAT_TwoStageRiskControllerOnlineConsistentBoundary400LocalReopenOverride/best.pt,108,data/test/3sat/400/3sat_196.cnf,3sat_196.cnf,1dc4bfc1f3d46dabe00d86a26f8e99f8654d162073ffe6a98a6254586920cf87,0.940575361251831,0.25924211740493774,0.6959889531135559,2.1045022010803223,42,0.5841636657714844,0.25100138783454895,0.431731641292572,False,False,False,1.0,True,1.0,0.0,0.0,2.399827480316162,31.69094467163086,7.061334133148193,0.0005535110831260681,0.0016605481505393982,63098.0,0.8966101408004761,0.4276759922504425,0.02499997615814209,0.01152658462524414,648.0,1261.0,2459.0,34295.0,65948.0,129046.0,0.038939,-0.2710143029689789,0.03462967649102211,0.0416666716337204,0.0365009643137455,0.44999998807907104,5.00940465927124,-0.02050936222076416,0.010103702545166016,-0.008599061518907547,-0.00879409909248352,320.0
data/test/3sat/400/*.cnf,runs/GNN_Glucose_3SAT_TwoStageRiskControllerOnlineConsistentBoundary400LocalReopenOverride/best.pt,109,data/test/3sat/400/3sat_197.cnf,3sat_197.cnf,923c3dc604ffa208c362edf65773d7c4c66cefa217a0091dc5b1144dc89ae967,0.9163786172866821,0.2510876953601837,0.7859147787094116,2.290806770324707,38,0.2966182231903076,0.6770495176315308,0.04434194415807724,False,False,False,0.0,False,1.0,0.0,0.0,2.449563980102539,29.323339462280273,7.070724010467529,0.0003282688558101654,0.0009848102927207947,62997.0,0.8804604411125183,0.47005823254585266,0.0,-0.0024161934852600098,628.0,1209.0,2422.0,30835.0,60979.0,123976.0,0.039362,-0.24500621855258942,0.03439770266413689,0.0416666716337204,0.08846960961818695,0.4000000059604645,4.845649719238281,-0.016205400228500366,-0.007813841104507446,0.0029802843928337097,-0.00771670788526535,284.0
data/test/3sat/400/*.cnf,runs/GNN_Glucose_3SAT_TwoStageRiskControllerOnlineConsistentBoundary400LocalReopenOverride/best.pt,110,data/test/3sat/400/3sat_198.cnf,3sat_198.cnf,df65f8534e8f7521a1d21ecf1354c511ffc5d78ff1f41810c28b0965eae517d7,0.9302641153335571,0.26899102330207825,0.6966762542724609,2.1761059761047363,41,0.5799046754837036,0.8507745265960693,0.015004511922597885,True,False,True,0.0,True,0.0,0.0,0.0,2.547438383102417,31.207895278930664,7.126087188720703,0.00043393298983573914,0.0013017356395721436,61497.0,0.8781222105026245,0.472598671913147,0.07499998807907104,-0.009367257356643677,643.0,1208.0,2406.0,30945.0,62593.0,124090.0,0.03943,-0.32620304822921753,0.035026952624320984,0.0416666716337204,-0.1532330960035324,0.3499999940395355,4.8542022705078125,0.025984346866607666,-0.01228630542755127,-0.017783313989639282,0.01965126395225525,271.0
data/test/3sat/400/*.cnf,runs/GNN_Glucose_3SAT_TwoStageRiskControllerOnlineConsistentBoundary400LocalReopenOverride/best.pt,111,data/test/3sat/400/3sat_199.cnf,3sat_199.cnf,01114b6bbebc2b27446dcdd5d5100a27d79d268d3f4d4a6ff08c835b161c6712,0.9185641407966614,0.2505224347114563,0.7870799899101257,2.3267037868499756,43,0.8654274940490723,0.1062937006354332,0.8100387454032898,False,False,False,0.0,False,0.0,0.0,0.0,2.427030324935913,28.713977813720703,7.1276936531066895,0.0017716996371746063,0.005315087735652924,59903.0,0.8752340078353882,0.48858848214149475,0.025000005960464478,-0.0009149312973022461,615.0,1210.0,2393.0,32780.0,61042.0,120945.0,0.038548,-0.20516082644462585,0.03633859008550644,0.041666675359010696,0.04592643305659294,0.4749999940395355,4.851263523101807,0.02337309718132019,-0.007387995719909668,-0.006135979667305946,0.019342554733157158,285.0
data/test/3sat/400/*.cnf,runs/GNN_Glucose_3SAT_TwoStageRiskControllerOnlineConsistentBoundary400LocalReopenOverride/best.pt,112,data/test/3sat/400/3sat_2.cnf,3sat_2.cnf,7e1d52132d1055118da4efd6fdc7a65fbf795fa0eafe988641b786c5cc8429f4,0.919242262840271,0.2564670443534851,0.7861234545707703,2.5046591758728027,36,0.5601690411567688,0.28671929240226746,0.4484233856201172,False,False,False,0.0,False,0.0,0.0,0.0,2.3803718090057373,28.083141326904297,7.130898952484131,5.440041422843933e-05,0.00016329437494277954,62772.0,0.8818362951278687,0.46476075053215027,0.0,0.010766327381134033,643.0,1209.0,2374.0,31438.0,62669.0,125441.0,0.038089,-0.28050634264945984,0.035492006689310074,0.0416666716337204,-0.12201104313135147,0.42500001192092896,4.910099983215332,-0.0094241201877594,0.005919069051742554,-0.003955349326133728,0.016178853809833527,282.0
data/test/3sat/400/*.cnf,runs/GNN_Glucose_3SAT_TwoStageRiskControllerOnlineConsistentBoundary400LocalReopenOverride/best.pt,113,data/test/3sat/400/3sat_20.cnf,3sat_20.cnf,93d5f1c2a89ba9042432f2a6f1e0026030ac017740d8e48557fac3eeadc16e93,0.9125390648841858,0.23837006092071533,0.786331057548523,2.185546398162842,35,0.5360873341560364,0.5383751392364502,0.22006385028362274,False,False,False,0.0,False,0.0,0.0,0.0,2.489367723464966,31.352386474609375,7.0457763671875,0.001033879816532135,0.0031015947461128235,61995.0,0.8863226771354675,0.46603500843048096,-0.025000005960464478,0.0047254860401153564,624.0,1216.0,2395.0,31724.0,62727.0,124722.0,0.038439,-0.40613284707069397,0.035399116575717926,0.0416666716337204,-0.20832271873950958,0.32499998807907104,4.90971040725708,-0.011469811201095581,0.011310398578643799,-0.025875002145767212,0.01342897117137909,286.0
data/test/3sat/400/*.cnf,runs/GNN_Glucose_3SAT_TwoStageRiskControllerOnlineConsistentBoundary400LocalReopenOverride/best.pt,114,data/test/3sat/400/3sat_21.cnf,3sat_21.cnf,6dd88f7b300af1517cfd7565e3e4371c576daaf425e17d7aa9700e2714d36cc0,0.9145384430885315,0.24204012751579285,0.7866055369377136,2.294520616531372,30,0.7187522649765015,0.04082218185067177,0.7272851467132568,False,False,False,0.0,False,0.0,0.0,0.0,2.45147442817688,30.29735565185547,7.122866630554199,0.0005280114710330963,0.0015839636325836182,60555.0,0.8851851224899292,0.4623219668865204,0.025000005960464478,0.002054154872894287,626.0,1279.0,2489.0,30275.0,59988.0,120543.0,0.032832,-0.4627135396003723,0.03555182367563248,0.0416666716337204,-0.1513422727584839,0.3499999940395355,4.884519577026367,-0.018847495317459106,0.00448000431060791,-0.00010894238948822021,-0.005643635988235474,340.0
data/test/3sat/400/*.cnf,runs/GNN_Glucose_3SAT_TwoStageRiskControllerOnlineConsistentBoundary400LocalReopenOverride/best.pt,115,data/test/3sat/400/3sat_22.cnf,3sat_22.cnf,e44d5dbf521413213b3fb5105fdbacab7e000e1bbaa416a35805a1a5071f1941,0.9370968341827393,0.2596141993999481,0.6947660446166992,2.0922458171844482,42,0.3582768440246582,0.9963461756706238,0.004470219369977713,True,False,True,0.0,True,0.0,0.0,0.0,2.621229887008667,28.765640258789062,7.126890659332275,-0.0005231127142906189,-0.0015693381428718567,62359.0,0.8732727766036987,0.49214863777160645,0.0,-0.0022909939289093018,695.0,1300.0,2529.0,30531.0,59252.0,121611.0,0.034943,-0.234893336892128,0.034077905118465424,0.0416666716337204,-0.12634699046611786,0.375,4.812023639678955,0.029982268810272217,-0.006622225046157837,0.009039655327796936,0.0024094581604003906,303.0
data/test/3sat/400/*.cnf,runs/GNN_Glucose_3SAT_TwoStageRiskControllerOnlineConsistentBoundary400LocalReopenOverride/best.pt,116,data/test/3sat/400/3sat_23.cnf,3sat_23.cnf,978b7a52fc857c6fb318070ca6a607937be9fabec3493388fd2cfbd65b5cee25,0.9111787676811218,0.23878279328346252,0.7875099778175354,2.4095044136047363,45,0.25350576639175415,0.5485926270484924,0.11340294033288956,False,False,False,0.0,False,1.0,0.0,0.0,2.156174421310425,26.374834060668945,7.015712261199951,7.465481758117676e-06,2.240389585494995e-05,62213.0,0.8867873549461365,0.4559938907623291,0.025000005960464478,0.0034935176372528076,620.0,1232.0,2429.0,30921.0,61741.0,123954.0,0.033909,-0.238960862159729,0.034595441073179245,0.0416666716337204,-0.05325709655880928,0.42500001192092896,4.912234306335449,-0.0016463398933410645,0.006540626287460327,0.007619202136993408,0.004482392221689224,323.0
data/test/3sat/400/*.cnf,runs/GNN_Glucose_3SAT_TwoStageRiskControllerOnlineConsistentBoundary400LocalReopenOverride/best.pt,117,data/test/3sat/400/3sat_24.cnf,3sat_24.cnf,01a97bff576654e16df21d02b85e6b8945a341f2947f2e56609b186e759e9ab7,0.9188000559806824,0.25999167561531067,0.7870730757713318,2.3822593688964844,32,0.5099305510520935,0.4251955449581146,0.13876217603683472,False,False,False,0.0,False,0.0,0.0,0.0,2.6803579330444336,30.535661697387695,7.0475172996521,0.0006677508354187012,0.002003289759159088,62048.0,0.8934262990951538,0.43323829770088196,0.025000005960464478,-0.007583737373352051,645.0,1243.0,2464.0,30056.0,61636.0,123684.0,0.034835,-0.36279919743537903,0.035353198647499084,0.0416666716337204,-0.10278322547674179,0.42500001192092896,4.976434707641602,-0.04286441206932068,-0.01710924506187439,-0.015243999660015106,0.014188215136528015,302.0
data/test/3sat/400/*.cnf,runs/GNN_Glucose_3SAT_TwoStageRiskControllerOnlineConsistentBoundary400LocalReopenOverride/best.pt,118,data/test/3sat/400/3sat_25.cnf,3sat_25.cnf,1006688f8bf9488c40163ceed1b24ed281cc92dee5345b353122059cbabb4c52,0.9147535562515259,0.24418310821056366,0.7854455709457397,2.286851406097412,42,0.7067727446556091,0.415106862783432,0.18678438663482666,False,False,False,0.0,False,0.0,0.0,0.0,2.371433734893799,33.910064697265625,7.276556491851807,-0.0005762949585914612,-0.0017288848757743835,63392.0,0.8803220391273499,0.48184671998023987,0.025000005960464478,0.00809943675994873,685.0,1286.0,2475.0,30798.0,62866.0,126258.0,0.038734,-0.2504391074180603,0.03438323363661766,0.0416666716337204,-0.10215859115123749,0.32499998807907104,4.858016490936279,0.01232418417930603,0.011011064052581787,-0.001660563051700592,0.00025810301303863525,287.0
data/test/3sat/400/*.cnf,runs/GNN_Glucose_3SAT_TwoStageRiskControllerOnlineConsistentBoundary400LocalReopenOverride/best.pt,119,data/test/3sat/400/3sat_26.cnf,3sat_26.cnf,a395060287139ad4e65ebb5eae456c0f6cb46390ce76809670ee477e429b471c,0.9120592474937439,0.24114057421684265,0.787009596824646,2.1032021045684814,33,0.4298436939716339,0.0013941958313807845,0.9224275946617126,False,False,False,0.0,False,0.0,0.0,0.0,2.121107816696167,27.7720947265625,7.135687351226807,-0.0001356266438961029,-0.00040681660175323486,62703.0,0.8826225399971008,0.4824291467666626,-0.025000005960464478,0.007348835468292236,646.0,1223.0,2444.0,30801.0,64297.0,127000.0,0.035884,-0.28810006380081177,0.03608027100563049,0.0416666716337204,0.029804514721035957,0.4749999940395355,4.994119167327881,0.009494751691818237,0.007687747478485107,-0.0062969159334897995,0.007627904415130615,287.0
data/test/3sat/400/*.cnf,runs/GNN_Glucose_3SAT_TwoStageRiskControllerOnlineConsistentBoundary400LocalReopenOverride/best.pt,120,data/test/3sat/400/3sat_27.cnf,3sat_27.cnf,4ed626470906fc885920809a3baf9fbc97bdae76a9887aeae681d8206d7d89a1,0.9131180644035339,0.2535707354545593,0.7878091931343079,2.35064959526062,48,0.2269376814365387,0.10734724998474121,0.5312556028366089,False,False,False,0.0,False,0.0,0.0,0.0,2.4760279655456543,28.547317504882812,7.0475172996521,0.000698525458574295,0.002095527946949005,64540.0,0.8865024447441101,0.44451647996902466,0.0,-0.006900787353515625,643.0,1238.0,2452.0,31815.0,64435.0,128975.0,0.040962,-0.09912789613008499,0.035116709768772125,0.041666675359010696,0.2084602415561676,0.574999988079071,4.9011125564575195,-0.0025275349617004395,-0.015582740306854248,-0.02131529152393341,-0.0097951740026474,286.0
data/test/3sat/400/*.cnf,runs/GNN_Glucose_3SAT_TwoStageRiskControllerOnlineConsistentBoundary400LocalReopenOverride/best.pt,121,data/test/3sat/400/3sat_28.cnf,3sat_28.cnf,b292cc24e72fbb391e9024afac2f17c9f65b8e5543cf17b590e1c5f95c72b875,0.9114124774932861,0.23749692738056183,0.7866083979606628,2.4952468872070312,37,0.8420761823654175,0.9630756974220276,0.021509667858481407,False,False,False,0.0,False,0.0,0.0,0.0,2.307947874069214,30.207374572753906,7.183870792388916,0.00036511197686195374,0.0010953322052955627,59710.0,0.8566666841506958,0.5355052947998047,0.050000011920928955,0.02168455719947815,639.0,1245.0,2465.0,29663.0,58656.0,118366.0,0.039853,-0.3664891719818115,0.034533001482486725,0.0416666716337204,-0.10741119831800461,0.32499998807907104,4.70461893081665,0.02345213294029236,0.01660221815109253,0.007497534155845642,0.018787093460559845,294.0
data/test/3sat/400/*.cnf,runs/GNN_Glucose_3SAT_TwoStageRiskControllerOnlineConsistentBoundary400LocalReopenOverride/best.pt,122,data/test/3sat/400/3sat_29.cnf,3sat_29.cnf,086b43294882191f6150fe476357c06b2922d4cf2357d0e23c3588cbcf0dfe7a,0.9140669107437134,0.24161703884601593,0.7858743667602539,2.060269594192505,35,0.7627050876617432,0.11652561277151108,0.6597021222114563,False,False,False,0.0,False,0.0,0.0,0.0,2.4124691486358643,26.881248474121094,7.153833866119385,0.0002024620771408081,0.0006073489785194397,59813.0,0.8722622990608215,0.48824602365493774,0.0,0.01431092619895935,636.0,1255.0,2457.0,31273.0,62227.0,122040.0,0.035278,-0.3183349072933197,0.035388365387916565,0.041666675359010696,-0.20798161625862122,0.44999998807907104,4.786774158477783,0.0016531050205230713,0.017215490341186523,-0.030530795454978943,-0.04283633828163147,301.0
data/test/3sat/400/*.cnf,runs/GNN_Glucose_3SAT_TwoStageRiskControllerOnlineConsistentBoundary400LocalReopenOverride/best.pt,123,data/test/3sat/400/3sat_3.cnf,3sat_3.cnf,7a9e78b2ab9d0c89391a1b5379debde6a7c15f33873d483d8cbc74c78a86b243,0.9152587652206421,0.24933676421642303,0.7861394882202148,2.3513498306274414,38,0.4201318621635437,0.5859423279762268,0.24982747435569763,False,False,False,0.0,False,0.0,0.0,0.0,2.455859899520874,32.9249267578125,7.064759254455566,-4.567205905914307e-06,-1.3746321201324463e-05,60501.0,0.8790650367736816,0.4771246314048767,-0.02499997615814209,0.017772376537322998,647.0,1232.0,2405.0,29213.0,60583.0,121084.0,0.039567,-0.30900871753692627,0.0352046899497509,0.0416666716337204,-0.16107414662837982,0.32499998807907104,4.860196113586426,-0.011017560958862305,0.026115983724594116,-0.004208296537399292,-0.008733972907066345,291.0
data/test/3sat/400/*.cnf,runs/GNN_Glucose_3SAT_TwoStageRiskControllerOnlineConsistentBoundary400LocalReopenOverride/best.pt,124,data/test/3sat/400/3sat_30.cnf,3sat_30.cnf,f10bbc636af74e51789aa965c9bdb2fbc6f1b58ef5fa96c18988669f40683eeb,0.9385830760002136,0.2780652344226837,0.6943466663360596,2.2059805393218994,41,0.7334156036376953,0.8229007124900818,0.06999684125185013,True,False,True,0.0,True,0.0,0.0,0.0,2.704540491104126,30.80472183227539,7.152268886566162,0.0010357089340686798,0.0031070858240127563,63622.0,0.887441873550415,0.4470694065093994,0.0,-0.002109736204147339,677.0,1284.0,2505.0,31317.0,63670.0,127292.0,0.039481,-0.23653745651245117,0.035741325467824936,0.0416666716337204,-0.04203834757208824,0.375,5.015007495880127,0.00021010637283325195,-0.0011310577392578125,-0.037825297098606825,0.0005094818770885468,303.0
data/test/3sat/400/*.cnf,runs/GNN_Glucose_3SAT_TwoStageRiskControllerOnlineConsistentBoundary400LocalReopenOverride/best.pt,125,data/test/3sat/400/3sat_31.cnf,3sat_31.cnf,73b35961f009a34e7a51d2197bd013a81e27bb0e63cc61724b6e74ec39275b4e,0.952146589756012,0.26022589206695557,0.694119393825531,2.2757303714752197,46,0.17059753835201263,0.9573681354522705,0.006193812005221844,True,False,True,0.0,True,0.0,0.0,0.0,2.497030258178711,32.995025634765625,6.974478721618652,-0.00021656975150108337,-0.0006496906280517578,59843.0,0.8992838859558105,0.41447174549102783,0.025000005960464478,-0.004420489072799683,684.0,1319.0,2568.0,30012.0,60151.0,119994.0,0.034974,-0.16119611263275146,0.033598676323890686,0.0416666716337204,0.09766378998756409,0.42500001192092896,4.925123691558838,-0.021914929151535034,-0.0036734938621520996,0.015138305723667145,0.0046043917536735535,332.0
data/test/3sat/400/*.cnf,runs/GNN_Glucose_3SAT_TwoStageRiskControllerOnlineConsistentBoundary400LocalReopenOverride/best.pt,126,data/test/3sat/400/3sat_32.cnf,3sat_32.cnf,bd700b03bc19d2afb7ac7f6f8ca67a7b45db74a35ec46eaf7a96aec4c0957ba7,0.9271556735038757,0.2641949951648712,0.6955738663673401,2.0149857997894287,25,0.4783083498477936,0.7956491112709045,0.005751966964453459,True,False,True,0.0,True,0.0,0.0,0.0,2.4150707721710205,28.956787109375,7.214504241943359,-0.00043437257409095764,-0.001303158700466156,62241.0,0.8709501624107361,0.4962911605834961,0.0,-0.00035452842712402344,627.0,1224.0,2403.0,30136.0,61027.0,123268.0,0.041388,-0.5427185297012329,0.033582333475351334,0.0416666716337204,-0.27684661746025085,0.2750000059604645,4.8194260597229,-0.002965092658996582,-0.0017308592796325684,-0.0011391937732696533,-0.004979729652404785,307.0
data/test/3sat/400/*.cnf,runs/GNN_Glucose_3SAT_TwoStageRiskControllerOnlineConsistentBoundary400LocalReopenOverride/best.pt,127,data/test/3sat/400/3sat_33.cnf,3sat_33.cnf,265b5878db7bca7bae458ae8a82b108ba80ff327984669c26084d509bdcfab7d,0.9168404936790466,0.2489243745803833,0.7863565683364868,2.387545347213745,39,0.3287471830844879,0.007593588437885046,0.561546802520752,False,False,False,0.0,False,0.0,0.0,0.0,2.299128293991089,30.148563385009766,7.075809001922607,3.846362233161926e-05,0.00011536478996276855,60126.0,0.9031343460083008,0.4111883044242859,-0.02499997615814209,-0.0045983195304870605,628.0,1251.0,2415.0,30521.0,60294.0,120420.0,0.034199,-0.3109813332557678,0.035005975514650345,0.0416666716337204,-0.02461361698806286,0.375,4.989410877227783,0.016383826732635498,-0.009579598903656006,-0.015127323567867279,0.011077472940087318,318.0
data/test/3sat/400/*.cnf,runs/GNN_Glucose_3SAT_TwoStageRiskControllerOnlineConsistentBoundary400LocalReopenOverride/best.pt,128,data/test/3sat/400/3sat_34.cnf,3sat_34.cnf,9b2638f666d06707756821ed9061ab618f665293e0fbb41a6c6ddaf1ece75b0d,0.9454270005226135,0.2832552492618561,0.6942026019096375,2.029688835144043,43,0.5098605155944824,0.9325222373008728,0.07413001358509064,True,False,True,0.0,True,0.0,0.0,0.0,2.521012544631958,25.5716609954834,7.076653957366943,-0.0002589896321296692,-0.0007769465446472168,60598.0,0.8764898777008057,0.49135124683380127,0.0,0.0009560585021972656,660.0,1274.0,2486.0,31359.0,60763.0,121361.0,0.037905,-0.07603203505277634,0.03503541275858879,0.041666675359010696,0.2353701889514923,0.5,4.899263381958008,-0.008742451667785645,0.005842775106430054,0.01477743685245514,0.034007683396339417,316.0
data/test/3sat/400/*.cnf,runs/GNN_Glucose_3SAT_TwoStageRiskControllerOnlineConsistentBoundary400LocalReopenOverride/best.pt,129,data/test/3sat/400/3sat_35.cnf,3sat_35.cnf,c29cbc446b59f72f5feacc85e50e8c82768539c51b5013e02b1b60d47d57c22c,0.9164238572120667,0.23486749827861786,0.785889208316803,2.1975393295288086,49,0.3289470970630646,0.08886205404996872,0.9007762670516968,False,False,False,0.0,False,0.0,0.0,0.0,2.159075975418091,27.948484420776367,7.112327575683594,-2.4668872356414795e-05,-7.399916648864746e-05,61702.0,0.8748932480812073,0.49677854776382446,0.0,0.00020626187324523926,665.0,1245.0,2430.0,31127.0,60626.0,122328.0,0.037175,-0.010740568861365318,0.036185380071401596,0.041666675359010696,0.2142450213432312,0.4749999940395355,4.916540622711182,0.0035843253135681152,-0.0014538764953613281,-0.003107607364654541,-0.0040596723556518555,280.0
data/test/3sat/400/*.cnf,runs/GNN_Glucose_3SAT_TwoStageRiskControllerOnlineConsistentBoundary400LocalReopenOverride/best.pt,130,data/test/3sat/400/3sat_36.cnf,3sat_36.cnf,a610ef9c1f1b825f7903d86eadb1d55ab77b983d6e2d4933a64cdafbcf1988a2,0.9167622327804565,0.252453476190567,0.7859711647033691,2.2120213508605957,37,0.5710136294364929,0.5671547651290894,0.06106149032711983,False,False,False,0.0,False,0.0,0.0,0.0,2.624178886413574,25.23127555847168,7.073269844055176,0.00026012957096099854,0.0007804185152053833,60497.0,0.8771536350250244,0.4739909768104553,0.025000005960464478,-0.004719793796539307,643.0,1216.0,2413.0,29950.0,60592.0,121089.0,0.03042,-0.5102050304412842,0.035569604486227036,0.0416666716337204,-0.31863877177238464,0.32499998807907104,4.876650810241699,0.015257179737091064,-0.011569738388061523,0.002032041549682617,0.0028754770755767822,279.0
data/test/3sat/400/*.cnf,runs/GNN_Glucose_3SAT_TwoStageRiskControllerOnlineConsistentBoundary400LocalReopenOverride/best.pt,131,data/test/3sat/400/3sat_37.cnf,3sat_37.cnf,f6d36a3fe0860b3d08621f4d5808893c40da82efdca8b26292a9f353c0c780b4,0.9112764000892639,0.22502946853637695,0.7860307097434998,2.044835329055786,49,0.43472349643707275,0.03989773243665695,0.7389143705368042,False,False,False,0.0,False,1.0,0.0,0.0,1.931416630744934,22.774934768676758,7.071573257446289,-0.00014065951108932495,-0.0004219561815261841,57130.0,0.8687078952789307,0.5054402351379395,0.025000005960464478,0.005623042583465576,657.0,1255.0,2480.0,28400.0,55918.0,113048.0,0.032977,-0.22617386281490326,0.03534073382616043,0.0416666716337204,-0.05002135410904884,0.5249999761581421,4.7582688331604,0.0032376646995544434,0.005301117897033691,0.008946765214204788,0.00395955890417099,298.0
data/test/3sat/400/*.cnf,runs/GNN_Glucose_3SAT_TwoStageRiskControllerOnlineConsistentBoundary400LocalReopenOverride/best.pt,132,data/test/3sat/400/3sat_38.cnf,3sat_38.cnf,8b69ebe17d2b8ad93f4eb343f7f2f340bec766b2d850ceb3fde0d72ad78ab583,0.913292646408081,0.23943030834197998,0.7869933247566223,2.261204481124878,37,0.12656113505363464,0.08590362221002579,0.40277573466300964,False,False,False,0.0,False,0.0,0.0,0.0,2.04858136177063,30.302181243896484,7.031741142272949,-0.0005752258002758026,-0.0017256736755371094,60712.0,0.8879612684249878,0.4575898051261902,0.050000011920928955,-0.005884915590286255,679.0,1273.0,2472.0,26676.0,56418.0,117130.0,0.037118,-0.32253265380859375,0.03501250594854355,0.0416666716337204,-0.1751033067703247,0.32499998807907104,4.915563583374023,-0.012140542268753052,-0.010529816150665283,0.025380313396453857,0.0020363032817840576,306.0
data/test/3sat/400/*.cnf,runs/GNN_Glucose_3SAT_TwoStageRiskControllerOnlineConsistentBoundary400LocalReopenOverride/best.pt,133,data/test/3sat/400/3sat_39.cnf,3sat_39.cnf,8dd52359369e4afdbcb950b9ab21969e2a77a68a3e32a686c58c625f759aa7fc,0.9092505574226379,0.23318524658679962,0.785486102104187,2.2215449810028076,34,0.5084415078163147,0.11387277394533157,0.5947207808494568,False,False,False,0.0,False,0.0,0.0,0.0,2.1670913696289062,28.49919891357422,7.188412666320801,0.0003047771751880646,0.0009143054485321045,62293.0,0.8740120530128479,0.4851444661617279,-0.04999998211860657,0.014499455690383911,654.0,1250.0,2415.0,29466.0,59963.0,122256.0,0.038322,-0.36152589321136475,0.03477245941758156,0.041666675359010696,-0.08712697774171829,0.30000001192092896,4.801534652709961,-0.0024993717670440674,0.016599297523498535,-0.014508865773677826,-0.007369108498096466,295.0
data/test/3sat/400/*.cnf,runs/GNN_Glucose_3SAT_TwoStageRiskControllerOnlineConsistentBoundary400LocalReopenOverride/best.pt,134,data/test/3sat/400/3sat_4.cnf,3sat_4.cnf,5c822c365dc2cf48c3428e0bf4e29e984ba53d75adffa1762996896f03f497bd,0.9111505150794983,0.2307893931865692,0.7870304584503174,2.15673565864563,38,0.41163304448127747,0.08200211077928543,0.4230465888977051,False,False,False,0.0,False,0.0,0.0,0.0,2.261746883392334,25.89345359802246,7.199678421020508,-0.0006533786654472351,-0.001960165798664093,59017.0,0.876736044883728,0.4797222912311554,-0.07499998807907104,0.0036734342575073242,640.0,1220.0,2352.0,29101.0,60098.0,119115.0,0.034909,-0.413441926240921,0.034760069102048874,0.0416666716337204,-0.22593089938163757,0.2750000059604645,4.828895092010498,-0.0437408983707428,0.002705395221710205,-0.03652964532375336,-0.022762104868888855,289.0
data/test/3sat/400/*.cnf,runs/GNN_Glucose_3SAT_TwoStageRiskControllerOnlineConsistentBoundary400LocalReopenOverride/best.pt,135,data/test/3sat/400/3sat_40.cnf,3sat_40.cnf,dce316ef8bb38be77f4b9584aa924b794fe108a0c373213ce533ea7ead68f02b,0.9111889600753784,0.24323973059654236,0.7864217758178711,2.386104106903076,40,0.3338767886161804,0.5486510396003723,0.23631799221038818,False,False,False,0.0,False,0.0,0.0,0.0,2.177340269088745,27.375722885131836,7.06390380859375,8.637085556983948e-05,0.00025916844606399536,59172.0,0.8720508217811584,0.4881990849971771,0.025000005960464478,0.003571629524230957,666.0,1274.0,2485.0,30624.0,60970.0,120142.0,0.036862,-0.05448223277926445,0.035319920629262924,0.041666675359010696,0.19960393011569977,0.4749999940395355,4.735340118408203,-0.023966103792190552,-0.004268765449523926,0.023921161890029907,0.009365618228912354,292.0
data/test/3sat/400/*.cnf,runs/GNN_Glucose_3SAT_TwoStageRiskControllerOnlineConsistentBoundary400LocalReopenOverride/best.pt,136,data/test/3sat/400/3sat_41.cnf,3sat_41.cnf,55962f185f3c48e9d24c8bb4fa51198e481cadcd2a222165f1b4d8a64014de1c,0.9131507873535156,0.24719682335853577,0.7863091826438904,2.3525781631469727,38,0.883573055267334,0.03493795543909073,0.8547478318214417,False,False,False,0.0,False,0.0,0.0,0.0,2.31929874420166,27.585330963134766,7.130098342895508,0.001300424337387085,0.0039012879133224487,58250.0,0.8727091550827026,0.48633718490600586,0.04999998211860657,0.0077072978019714355,658.0,1242.0,2406.0,29622.0,59082.0,117332.0,0.0356,-0.26528772711753845,0.036166854202747345,0.041666675359010696,-0.02614661492407322,0.375,4.792602062225342,0.0214921236038208,0.005052357912063599,0.02475348860025406,0.007116364315152168,293.0
data/test/3sat/400/*.cnf,runs/GNN_Glucose_3SAT_TwoStageRiskControllerOnlineConsistentBoundary400LocalReopenOverride/best.pt,137,data/test/3sat/400/3sat_42.cnf,3sat_42.cnf,12c1ffeea67222799e7b934a32496faed3c6eaf60985943a93522cc447ded002,0.9178951978683472,0.2474869191646576,0.7868887186050415,2.4605557918548584,37,0.348182737827301,0.11358892917633057,0.5801984071731567,False,False,False,0.0,False,0.0,0.0,0.0,2.273341417312622,30.164403915405273,7.143617630004883,-0.00042003020644187927,-0.0012601017951965332,56996.0,0.8612154722213745,0.5210739374160767,-0.025000005960464478,0.006259649991989136,658.0,1238.0,2415.0,28484.0,56858.0,113854.0,0.038236,-0.2657141089439392,0.03503620624542236,0.0416666716337204,-0.021886227652430534,0.4000000059604645,4.657560348510742,0.01889282464981079,0.003914356231689453,-0.01696145674213767,-0.007029864937067032,300.0
data/test/3sat/400/*.cnf,runs/GNN_Glucose_3SAT_TwoStageRiskControllerOnlineConsistentBoundary400LocalReopenOverride/best.pt,138,data/test/3sat/400/3sat_43.cnf,3sat_43.cnf,cdb6f684efc9ff57a7213bff6c5834ef469fc34326c83a7ba96902c402d60beb,0.9109137058258057,0.23743848502635956,0.7859874367713928,2.2130727767944336,37,0.7539508938789368,0.2179500311613083,0.4949702322483063,False,False,False,0.0,False,0.0,0.0,0.0,2.22391414642334,27.707887649536133,7.166265964508057,-0.00013808533549308777,-0.00041425228118896484,59170.0,0.8742128014564514,0.48365071415901184,0.07499998807907104,0.008054167032241821,616.0,1226.0,2350.0,29305.0,58305.0,117475.0,0.039347,-0.4016945958137512,0.03529734164476395,0.041666675359010696,-0.19564130902290344,0.375,4.836513519287109,-0.011597901582717896,0.01270553469657898,0.01855263113975525,0.048663049936294556,296.0
data/test/3sat/400/*.cnf,runs/GNN_Glucose_3SAT_TwoStageRiskControllerOnlineConsistentBoundary400LocalReopenOverride/best.pt,139,data/test/3sat/400/3sat_44.cnf,3sat_44.cnf,4425a14bdb46bb0f4756153a9ec2283caa84ab641b1cb079154bf0c115b31520,0.9178974032402039,0.24527417123317719,0.7856425046920776,2.3239035606384277,38,0.7160323262214661,0.39212536811828613,0.16396844387054443,False,False,False,0.0,False,0.0,0.0,0.0,2.524630546569824,31.94881248474121,7.200424671173096,-0.00012135505676269531,-0.00036403536796569824,55276.0,0.8568103909492493,0.5303623080253601,0.0,0.005666762590408325,631.0,1208.0,2397.0,29081.0,59316.0,114592.0,0.039296,-0.3488280475139618,0.0347781702876091,0.0416666716337204,-0.06902550905942917,0.375,4.6513352394104,0.016822457313537598,-0.0021345019340515137,-0.015086472034454346,-0.0025871992111206055,294.0
data/test/3sat/400/*.cnf,runs/GNN_Glucose_3SAT_TwoStageRiskControllerOnlineConsistentBoundary400LocalReopenOverride/best.pt,140,data/test/3sat/400/3sat_45.cnf,3sat_45.cnf,3555a46da5a393d0ac6c9c69cd8e2c0ad5a270c48e5870b67ccc493918a7febf,0.9154664874076843,0.24204368889331818,0.7865810990333557,2.2705094814300537,33,0.17291009426116943,0.025958478450775146,0.37851086258888245,False,False,False,0.0,False,0.0,0.0,0.0,2.0635507106781006,25.91825294494629,7.101675987243652,-0.0010805018246173859,-0.003241509199142456,58348.0,0.8769214153289795,0.4833116829395294,0.0,-0.0036179423332214355,636.0,1228.0,2415.0,29808.0,61290.0,119638.0,0.041422,-0.3588412404060364,0.034400757402181625,0.041666675359010696,-0.03816178813576698,0.4000000059604645,4.806628704071045,-0.014672964811325073,-0.012563824653625488,0.022214211523532867,-0.00016533583402633667,290.0
data/test/3sat/400/*.cnf,runs/GNN_Glucose_3SAT_TwoStageRiskControllerOnlineConsistentBoundary400LocalReopenOverride/best.pt,141,data/test/3sat/400/3sat_46.cnf,3sat_46.cnf,170be38bd044f612ee0c8591c9b909365bda5e73804a4b3ada527c3a2d5b6ae6,0.9324331879615784,0.2664852738380432,0.6944846510887146,2.0055441856384277,36,0.5160800814628601,0.3528377115726471,0.401439905166626,False,False,False,1.0,True,1.0,0.0,0.0,2.4154672622680664,26.796077728271484,7.051855564117432,5.256384611129761e-06,1.5772879123687744e-05,59866.0,0.887936532497406,0.455727756023407,0.025000005960464478,-0.001680821180343628,681.0,1296.0,2525.0,31160.0,61095.0,120961.0,0.039106,-0.1667870134115219,0.03523744270205498,0.0416666716337204,0.08590498566627502,0.44999998807907104,4.89104700088501,0.013845652341842651,-0.0005938410758972168,-0.005227230489253998,0.013992339372634888,310.0
data/test/3sat/400/*.cnf,runs/GNN_Glucose_3SAT_TwoStageRiskControllerOnlineConsistentBoundary400LocalReopenOverride/best.pt,142,data/test/3sat/400/3sat_47.cnf,3sat_47.cnf,9055a46831fcf6d801d4f035390e66bf7fcac8d17b4835fdc8cdac4f32dd36da,0.9161643981933594,0.2591797411441803,0.7879352569580078,2.282305955886841,37,0.9008655548095703,0.7772324085235596,0.046478502452373505,False,False,False,0.0,False,0.0,0.0,0.0,2.768470287322998,29.4814510345459,7.170119762420654,0.0009299926459789276,0.002790011465549469,64042.0,0.8870826363563538,0.460936039686203,0.0,0.007503032684326172,641.0,1232.0,2457.0,32583.0,65310.0,129352.0,0.039933,-0.40990570187568665,0.03469107300043106,0.0416666716337204,-0.1146257296204567,0.30000001192092896,4.954319000244141,0.002925276756286621,0.008488625288009644,-0.007230833172798157,-0.0050667524337768555,299.0
data/test/3sat/400/*.cnf,runs/GNN_Glucose_3SAT_TwoStageRiskControllerOnlineConsistentBoundary400LocalReopenOverride/best.pt,143,data/test/3sat/400/3sat_48.cnf,3sat_48.cnf,f713df0923a2adda9bbcc4bcd0a16314a429ab3f1bf2e4d5b5cb2a0cb39ba6ca,0.9100677371025085,0.23121397197246552,0.786074697971344,2.3043453693389893,44,0.17866548895835876,0.28155648708343506,0.31292060017585754,False,False,False,0.0,False,0.0,0.0,0.0,2.2968196868896484,29.0030574798584,7.013915538787842,-0.00024037808179855347,-0.0007211193442344666,61316.0,0.8831437826156616,0.462134450674057,0.025000005960464478,0.0002231001853942871,631.0,1275.0,2480.0,28411.0,57764.0,119080.0,0.037542,-0.3106388449668884,0.03513544052839279,0.0416666716337204,-0.1374770700931549,0.375,4.828049182891846,-0.02197989821434021,-7.423758506774902e-05,-0.00186987966299057,-0.02280363440513611,304.0
data/test/3sat/400/*.cnf,runs/GNN_Glucose_3SAT_TwoStageRiskControllerOnlineConsistentBoundary400LocalReopenOverride/best.pt,144,data/test/3sat/400/3sat_49.cnf,3sat_49.cnf,257525af0779e81ecddb7ee4bbc0d1fa2ae1b82e3f5c5c40f7f24f078f311b51,0.9078776836395264,0.23372116684913635,0.7858244776725769,2.4092302322387695,36,0.7256956100463867,0.2647336721420288,0.5245903134346008,False,False,False,0.0,False,1.0,0.0,0.0,2.266099214553833,27.831729888916016,7.015712261199951,0.0005308464169502258,0.0015925318002700806,58659.0,0.8855831623077393,0.45493084192276,0.07499998807907104,0.013498157262802124,649.0,1219.0,2461.0,32397.0,62792.0,121451.0,0.041743,-0.3427119553089142,0.03478926792740822,0.0416666716337204,-0.04709060490131378,0.42500001192092896,4.871374607086182,-0.010051071643829346,0.023689568042755127,0.002520088106393814,-0.007470164448022842,285.0
data/test/3sat/400/*.cnf,runs/GNN_Glucose_3SAT_TwoStageRiskControllerOnlineConsistentBoundary400LocalReopenOverride/best.pt,145,data/test/3sat/400/3sat_5.cnf,3sat_5.cnf,3399ca74d63a62bb354180ed25004dbad6156b46691ab1f58f7d0dcb5983818b,0.9058233499526978,0.2069600373506546,0.786290168762207,2.2751243114471436,47,0.2298029363155365,0.0009533160482533276,0.8449659943580627,False,False,False,0.0,False,0.0,0.0,0.0,1.8681057691574097,31.117080688476562,7.149131774902344,4.6994537115097046e-05,0.0001409575343132019,59558.0,0.8720141053199768,0.48316457867622375,0.07500001788139343,-0.006973296403884888,646.0,1223.0,2370.0,30424.0,61316.0,120874.0,0.03684,-0.15905675292015076,0.03605639189481735,0.0416666716337204,0.06108418479561806,0.44999998807907104,4.799482345581055,0.0038328468799591064,-0.0024146735668182373,0.0019851624965667725,-0.02952725812792778,298.0
data/test/3sat/400/*.cnf,runs/GNN_Glucose_3SAT_TwoStageRiskControllerOnlineConsistentBoundary400LocalReopenOverride/best.pt,146,data/test/3sat/400/3sat_50.cnf,3sat_50.cnf,a4334e0a1c9b871f57d1dd3325d59438085f63f3786c7cde826405ec009a1239,0.9209142923355103,0.2385597676038742,0.786869466304779,2.3538944721221924,43,0.5332974195480347,0.09109844267368317,0.7675458192825317,False,False,False,0.0,False,0.0,0.0,0.0,2.347564458847046,29.015640258789062,7.090909957885742,0.00035900622606277466,0.0010769739747047424,60428.0,0.8765423893928528,0.4866161346435547,0.025000005960464478,0.001329272985458374,630.0,1225.0,2404.0,31253.0,61938.0,122366.0,0.040768,-0.09700240939855576,0.03564227744936943,0.041666675359010696,0.27705758810043335,0.4749999940395355,4.906844139099121,-0.0067321062088012695,-0.015102028846740723,0.032940030097961426,0.006498754024505615,306.0
data/test/3sat/400/*.cnf,runs/GNN_Glucose_3SAT_TwoStageRiskControllerOnlineConsistentBoundary400LocalReopenOverride/best.pt,147,data/test/3sat/400/3sat_51.cnf,3sat_51.cnf,347e90f03635843557a83bd7dff500cd23e998c296ffc5d7c1a8194536c55d21,0.907785952091217,0.2316492646932602,0.7862007021903992,2.2396605014801025,45,0.8597574830055237,0.001875701593235135,0.8704863786697388,False,False,False,0.0,False,0.0,0.0,0.0,1.9104597568511963,22.71465301513672,7.196686744689941,0.0008003301918506622,0.0024009793996810913,61970.0,0.8811935186386108,0.4846991002559662,0.050000011920928955,0.0019478797912597656,651.0,1271.0,2454.0,29159.0,58693.0,120663.0,0.039251,-0.2698666751384735,0.03550393506884575,0.0416666716337204,0.022316547110676765,0.4000000059604645,4.903435230255127,0.010019481182098389,0.008986741304397583,-0.025059231556952,0.011442611925303936,296.0
data/test/3sat/400/*.cnf,runs/GNN_Glucose_3SAT_TwoStageRiskControllerOnlineConsistentBoundary400LocalReopenOverride/best.pt,148,data/test/3sat/400/3sat_52.cnf,3sat_52.cnf,45ae2b588fe6606dceca7abae87c289d4f88eb9c0b4552ca86e700fb2c3e91c4,0.9149282574653625,0.23474101722240448,0.7868137359619141,2.514634847640991,46,0.6687597632408142,0.3955746293067932,0.24797962605953217,False,False,False,0.0,False,0.0,0.0,0.0,2.392162799835205,28.307785034179688,7.126087188720703,0.0005256570875644684,0.0015769526362419128,58702.0,0.8707796931266785,0.4934738874435425,0.02499997615814209,0.0012897253036499023,616.0,1230.0,2411.0,31719.0,62457.0,121159.0,0.03711,-0.18328994512557983,0.03491414338350296,0.0416666716337204,0.1385612040758133,0.4749999940395355,4.783806324005127,-0.0058332085609436035,-0.006517291069030762,0.027242593467235565,0.009822189807891846,313.0
data/test/3sat/400/*.cnf,runs/GNN_Glucose_3SAT_TwoStageRiskControllerOnlineConsistentBoundary400LocalReopenOverride/best.pt,149,data/test/3sat/400/3sat_53.cnf,3sat_53.cnf,18a9fcfc801c1cd4d1385bcd11b739942cbca10e83c3c51c207a920d2a3bf4af,0.9127134680747986,0.24135200679302216,0.7854124307632446,2.3763787746429443,43,0.7625141739845276,0.195942223072052,0.40582847595214844,False,False,False,0.0,False,1.0,0.0,0.0,2.2629282474517822,27.412586212158203,7.191429138183594,0.0002169869840145111,0.0006509721279144287,59108.0,0.871110200881958,0.504264771938324,0.02499997615814209,0.0007775425910949707,631.0,1222.0,2406.0,29730.0,58763.0,117871.0,0.036701,-0.20149053633213043,0.0345514714717865,0.0416666716337204,-0.0469924621284008,0.44999998807907104,4.759324550628662,-0.007566988468170166,0.004901885986328125,-0.027666011825203896,-0.009165886789560318,300.0
data/test/3sat/400/*.cnf,runs/GNN_Glucose_3SAT_TwoStageRiskControllerOnlineConsistentBoundary400LocalReopenOverride/best.pt,150,data/test/3sat/400/3sat_54.cnf,3sat_54.cnf,bb2fdb17405f3f35505e0d90ac37f33aede1c37602afe78dbeb7f319914151ad,0.9148135185241699,0.24964313209056854,0.7866308689117432,2.170339584350586,42,0.8581678867340088,0.31769371032714844,0.42951199412345886,False,False,False,0.0,False,0.0,0.0,0.0,2.4693098068237305,28.612903594970703,7.207118988037109,0.00017341971397399902,0.000520266592502594,62651.0,0.8786547183990479,0.47416871786117554,0.04999998211860657,0.011249810457229614,680.0,1270.0,2455.0,31652.0,62171.0,124822.0,0.043151,-0.16655920445919037,0.03484068810939789,0.0416666716337204,0.08773842453956604,0.42500001192092896,4.888386249542236,0.019240766763687134,0.010681629180908203,-0.0015131309628486633,-0.008057631552219391,286.0
data/test/3sat/400/*.cnf,runs/GNN_Glucose_3SAT_TwoStageRiskControllerOnlineConsistentBoundary400LocalReopenOverride/best.pt,151,data/test/3sat/400/3sat_55.cnf,3sat_55.cnf,ba840a359db5f5e96914647ef30e749add70e786f9f11c16631d56cf359d11fc,0.9185327887535095,0.2433142513036728,0.7855811715126038,2.2954978942871094,34,0.4739227890968323,0.23941853642463684,0.5134829878807068,False,False,False,0.0,False,0.0,0.0,0.0,2.2775726318359375,26.052013397216797,7.156176567077637,0.0003104284405708313,0.0009312480688095093,62127.0,0.8731187582015991,0.4838836193084717,-0.025000005960464478,0.0051909685134887695,661.0,1246.0,2421.0,29599.0,60266.0,122393.0,0.043229,-0.3181341588497162,0.03556325286626816,0.0416666716337204,-0.10507603734731674,0.32499998807907104,4.852598667144775,0.034258753061294556,0.007169187068939209,0.0035227909684181213,0.005000188946723938,287.0
data/test/3sat/400/*.cnf,runs/GNN_Glucose_3SAT_TwoStageRiskControllerOnlineConsistentBoundary400LocalReopenOverride/best.pt,152,data/test/3sat/400/3sat_56.cnf,3sat_56.cnf,283b21492e83f5a42b7591f48141067519a8ae737b1ed58f4b615a9d917bfd4f,0.9105832576751709,0.24172334372997284,0.7844933867454529,2.1541028022766113,42,0.28278565406799316,0.22181010246276855,0.4599146544933319,False,False,False,0.0,False,0.0,0.0,0.0,2.2957992553710938,27.82826042175293,7.042286396026611,-0.00016266852617263794,-0.00048801302909851074,59437.0,0.8754492402076721,0.48253172636032104,-0.025000005960464478,0.010432392358779907,626.0,1225.0,2414.0,27993.0,59028.0,118465.0,0.036914,-0.24588517844676971,0.03509349003434181,0.0416666716337204,-0.12541577219963074,0.4749999940395355,4.7914581298828125,-0.02458050847053528,0.008743315935134888,-0.03894477337598801,-0.007890082895755768,289.0
data/test/3sat/400/*.cnf,runs/GNN_Glucose_3SAT_TwoStageRiskControllerOnlineConsistentBoundary400LocalReopenOverride/best.pt,153,data/test/3sat/400/3sat_57.cnf,3sat_57.cnf,7c0b3caca21228d9348bbb8f273515bd1dc266de71c844da476d6a5b6f517cf8,0.9144935607910156,0.2527340054512024,0.788215160369873,2.4694302082061768,43,0.2927665710449219,0.13044600188732147,0.504778265953064,False,False,False,0.0,False,0.0,0.0,0.0,2.589766025543213,33.325748443603516,7.065613269805908,0.00016178563237190247,0.000485345721244812,59560.0,0.870010495185852,0.4879266321659088,0.025000005960464478,-0.00128975510597229,623.0,1193.0,2362.0,30124.0,62337.0,121897.0,0.038042,-0.26248714327812195,0.03551136329770088,0.0416666716337204,-0.037305478006601334,0.44999998807907104,4.805779933929443,-0.005876064300537109,-0.009385257959365845,-0.009352947818115354,-0.03940920508466661,283.0
data/test/3sat/400/*.cnf,runs/GNN_Glucose_3SAT_TwoStageRiskControllerOnlineConsistentBoundary400LocalReopenOverride/best.pt,154,data/test/3sat/400/3sat_58.cnf,3sat_58.cnf,565a938519be6b9494b784d2039138afb525ad1cd7387d7efceb7e394c5e0cda,0.9149037003517151,0.24483606219291687,0.785757303237915,2.3311283588409424,33,0.8042574524879456,0.11347603797912598,0.8951855897903442,False,False,False,0.0,False,0.0,0.0,0.0,2.3666892051696777,27.365501403808594,7.244941711425781,-0.0004508867859840393,-0.0013526752591133118,64353.0,0.8751451373100281,0.4978424608707428,0.0,0.018135786056518555,650.0,1233.0,2406.0,33910.0,66811.0,131164.0,0.043527,-0.2583896517753601,0.03544361889362335,0.0416666716337204,0.0011944144498556852,0.44999998807907104,4.967697620391846,0.031338661909103394,0.03288394212722778,-0.006849716883152723,0.014673015801236033,291.0
data/test/3sat/400/*.cnf,runs/GNN_Glucose_3SAT_TwoStageRiskControllerOnlineConsistentBoundary400LocalReopenOverride/best.pt,155,data/test/3sat/400/3sat_59.cnf,3sat_59.cnf,8abcc4559b3bed3d3d77b344bede7addfe54ea2074af2cf3ebeed7440ac0f503,0.917681097984314,0.24981258809566498,0.7874580025672913,2.2741496562957764,42,0.809932291507721,0.48335909843444824,0.3176414668560028,False,False,False,0.0,False,0.0,0.0,0.0,2.383958578109741,26.323320388793945,7.275864601135254,-7.89053738117218e-05,-0.0002366974949836731,59998.0,0.8565270900726318,0.5268489122390747,0.025000005960464478,0.006353646516799927,633.0,1203.0,2320.0,30516.0,61494.0,121492.0,0.03619,-0.23769508302211761,0.035619016736745834,0.0416666716337204,-0.05405045673251152,0.4000000059604645,4.8178205490112305,0.0074266791343688965,0.009617745876312256,0.007400795817375183,0.007140878587961197,290.0
data/test/3sat/400/*.cnf,runs/GNN_Glucose_3SAT_TwoStageRiskControllerOnlineConsistentBoundary400LocalReopenOverride/best.pt,156,data/test/3sat/400/3sat_6.cnf,3sat_6.cnf,4fa094fe343b5017f1e4e6d3fb5b54ef044ef923a29d14024f467ef8ceaf0656,0.9154475927352905,0.24933259189128876,0.7860776782035828,2.205223798751831,35,0.5181863307952881,0.008804681710898876,0.8664042949676514,False,False,False,0.0,False,0.0,0.0,0.0,2.2433366775512695,26.142200469970703,7.005788803100586,0.00025392696261405945,0.000761769711971283,57763.0,0.8717609643936157,0.5064574480056763,0.0,0.012348294258117676,647.0,1229.0,2399.0,28443.0,58127.0,115890.0,0.037256,-0.3586227297782898,0.03528174012899399,0.0416666716337204,0.004180384799838066,0.42500001192092896,4.80776834487915,-0.0004373788833618164,0.01653394103050232,0.024152230471372604,-0.005388007499277592,307.0
data/test/3sat/400/*.cnf,runs/GNN_Glucose_3SAT_TwoStageRiskControllerOnlineConsistentBoundary400LocalReopenOverride/best.pt,157,data/test/3sat/400/3sat_60.cnf,3sat_60.cnf,ec27001ad3b0e284cf05e8bb500e8259ab2e6c22bf0a84dece89b5d835ef2573,0.9154949188232422,0.24704639613628387,0.7863444685935974,2.230497121810913,28,0.8058754205703735,0.8904388546943665,0.04083387553691864,False,False,False,0.0,False,0.0,0.0,0.0,2.475356101989746,29.900598526000977,7.1276936531066895,0.0009673759341239929,0.002902112901210785,56677.0,0.8658807277679443,0.5080426931381226,0.0,0.0074928998947143555,594.0,1216.0,2432.0,31447.0,59645.0,116322.0,0.034303,-0.520569384098053,0.03594103455543518,0.0416666716337204,-0.3435600996017456,0.22499999403953552,4.706404209136963,-0.0009187459945678711,0.0054923295974731445,0.011412173509597778,-0.00106850266456604,315.0
data/test/3sat/400/*.cnf,runs/GNN_Glucose_3SAT_TwoStageRiskControllerOnlineConsistentBoundary400LocalReopenOverride/best.pt,158,data/test/3sat/400/3sat_61.cnf,3sat_61.cnf,04150607fcf1ed4922b6649f7a1a9e0f195137c5f43c7f65a7163bfa481e7bc1,0.9105951189994812,0.23650437593460083,0.7873085737228394,2.2649343013763428,40,0.5056524276733398,0.08254601806402206,0.7007412314414978,False,False,False,0.0,False,0.0,0.0,0.0,2.0653347969055176,24.35345458984375,7.202661037445068,-0.0002899095416069031,-0.0008696913719177246,57158.0,0.8681420087814331,0.5075609683990479,-0.050000011920928955,0.0005762577056884766,660.0,1274.0,2479.0,28926.0,57856.0,115014.0,0.038394,-0.19368703663349152,0.03518583998084068,0.041666675359010696,0.12141638994216919,0.32499998807907104,4.763434410095215,-0.013916552066802979,-0.0028073787689208984,-0.007332444190979004,-0.0201462060213089,288.0
data/test/3sat/400/*.cnf,runs/GNN_Glucose_3SAT_TwoStageRiskControllerOnlineConsistentBoundary400LocalReopenOverride/best.pt,159,data/test/3sat/400/3sat_62.cnf,3sat_62.cnf,081b825b6183f8f438b9c96729f58c82788169a0b6ee72f45916f8f3bccadccb,0.9148504734039307,0.2490234375,0.7858431935310364,2.164266586303711,39,0.639417827129364,0.01773012802004814,0.8422392010688782,False,False,False,0.0,False,0.0,0.0,0.0,2.2405214309692383,25.741172790527344,7.132497787475586,0.0007066987454891205,0.0021200478076934814,60622.0,0.8604348301887512,0.5262294411659241,0.025000035762786865,0.004433780908584595,648.0,1257.0,2434.0,30997.0,61981.0,122603.0,0.035144,-0.2573450803756714,0.035401418805122375,0.041666675359010696,0.032029252499341965,0.550000011920929,4.679326057434082,-0.006556689739227295,0.011742234230041504,0.007998663932085037,-0.007381726056337357,307.0
data/test/3sat/400/*.cnf,runs/GNN_Glucose_3SAT_TwoStageRiskControllerOnlineConsistentBoundary400LocalReopenOverride/best.pt,160,data/test/3sat/400/3sat_63.cnf,3sat_63.cnf,d0185e5359e08243451d7a64bc9357bfeb08dcadb968e38e18a39f4a20840be8,0.9081292748451233,0.24004091322422028,0.7848164439201355,2.1107373237609863,27,0.7152493000030518,0.3552854061126709,0.1456184834241867,False,False,False,0.0,False,0.0,0.0,0.0,2.3168387413024902,25.6048526763916,7.120444297790527,0.00012329965829849243,0.0003698095679283142,59329.0,0.8751266002655029,0.485567569732666,0.07500000298023224,-0.0017284750938415527,667.0,1272.0,2485.0,28013.0,56870.0,116199.0,0.036488,-0.4958518147468567,0.03554868325591087,0.0416666716337204,-0.4127465486526489,0.3499999940395355,4.809168338775635,-0.006047248840332031,-0.008755683898925781,-0.0314861536026001,0.015463650226593018,287.0
data/test/3sat/400/*.cnf,runs/GNN_Glucose_3SAT_TwoStageRiskControllerOnlineConsistentBoundary400LocalReopenOverride/best.pt,161,data/test/3sat/400/3sat_64.cnf,3sat_64.cnf,3401dfccbfb6d22883df99c320710048bc3eab70939ded42279adf57d7590d29,0.9150305390357971,0.24705560505390167,0.7853843569755554,2.211872100830078,34,0.37365004420280457,0.049536146223545074,0.5996273159980774,False,False,False,0.0,False,0.0,0.0,0.0,2.3429577350616455,30.269371032714844,7.130098342895508,-0.00021935254335403442,-0.0006580129265785217,62401.0,0.8771042227745056,0.4745115637779236,0.0,0.010376185178756714,643.0,1237.0,2413.0,29466.0,59881.0,122282.0,0.038891,-0.2705436944961548,0.03483225405216217,0.0416666716337204,0.0020407363772392273,0.375,4.817777633666992,0.011603713035583496,0.0037414729595184326,-0.020319148898124695,-0.03703290596604347,298.0
data/test/3sat/400/*.cnf,runs/GNN_Glucose_3SAT_TwoStageRiskControllerOnlineConsistentBoundary400LocalReopenOverride/best.pt,162,data/test/3sat/400/3sat_65.cnf,3sat_65.cnf,60c30c97d4f50c8d4882967f7b903c1883afdffda115138e76795e609b6ed8a7,0.9148396849632263,0.2552608251571655,0.7878007292747498,2.2819178104400635,39,2.1694356746593257e-06,2.9256772785674068e-12,0.24774417281150818,False,False,False,0.0,False,0.0,1.0,1.0,2.6252970695495605,29.859085083007812,4.9904327392578125,0.0,0.0,0.0,0.8869876265525818,0.40606042742729187,0.0,0.0,339.0,339.0,339.0,14565.0,14565.0,14565.0,0.007851,-0.07529967278242111,0.03370872139930725,0.0416666716337204,0.08194463700056076,0.375,2.889763832092285,0.0,0.0,0.0,0.0,0.0
data/test/3sat/400/*.cnf,runs/GNN_Glucose_3SAT_TwoStageRiskControllerOnlineConsistentBoundary400LocalReopenOverride/best.pt,163,data/test/3sat/400/3sat_66.cnf,3sat_66.cnf,d92df6baefff50afed378ede04e75ed041386f29b5c7c6cd4bc88c369662e689,0.9325945973396301,0.2713501453399658,0.694252610206604,2.0592877864837646,43,0.662742555141449,0.11995367705821991,0.8315216302871704,False,False,False,1.0,True,1.0,0.0,0.0,2.2490248680114746,27.68798828125,7.096721172332764,8.474290370941162e-05,0.00025425851345062256,60691.0,0.8813021183013916,0.4723496735095978,0.050000011920928955,0.010330289602279663,655.0,1257.0,2482.0,30320.0,61395.0,122086.0,0.041187,-0.038592901080846786,0.03538469597697258,0.0416666716337204,0.21133315563201904,0.550000011920929,4.912055015563965,0.014175981283187866,0.010691195726394653,0.026678338646888733,0.01664915680885315,298.0
data/test/3sat/400/*.cnf,runs/GNN_Glucose_3SAT_TwoStageRiskControllerOnlineConsistentBoundary400LocalReopenOverride/best.pt,164,data/test/3sat/400/3sat_67.cnf,3sat_67.cnf,4a5b70dc3b541559d190d844db53cd913f3e6967beee8717022ad4970f55734c,0.9089884161949158,0.2456204742193222,0.7864235043525696,2.330449342727661,35,0.3081224262714386,0.09617636352777481,0.6981252431869507,False,False,False,0.0,False,0.0,0.0,0.0,2.2205777168273926,28.011905670166016,7.05272102355957,-8.90679657459259e-05,-0.00026722997426986694,61714.0,0.8840279579162598,0.46918562054634094,0.04999998211860657,-0.004525899887084961,669.0,1277.0,2468.0,30938.0,62864.0,124578.0,0.038573,-0.22529873251914978,0.03504709154367447,0.0416666716337204,0.0648115798830986,0.42500001192092896,4.908071517944336,0.0016469955444335938,0.0048982203006744385,0.03750880993902683,0.0066183991730213165,308.0
data/test/3sat/400/*.cnf,runs/GNN_Glucose_3SAT_TwoStageRiskControllerOnlineConsistentBoundary400LocalReopenOverride/best.pt,165,data/test/3sat/400/3sat_68.cnf,3sat_68.cnf,1b766b126389d29d2a2a1e0f5516a941553a02f56d8c95182a4146e988f0bf46,0.9302055835723877,0.2600491940975189,0.6949811577796936,2.1116690635681152,49,0.4669630229473114,0.9250044226646423,0.005183793138712645,True,False,True,0.0,True,0.0,0.0,0.0,2.2479772567749023,26.294912338256836,7.113142013549805,0.00041309744119644165,0.0012392401695251465,59862.0,0.8760018944740295,0.4766724705696106,0.050000011920928955,-0.010631263256072998,670.0,1263.0,2464.0,29934.0,58992.0,118854.0,0.039348,-0.29614201188087463,0.03456148877739906,0.0416666716337204,-0.16546399891376495,0.3499999940395355,4.853010654449463,0.008404761552810669,-0.018105268478393555,0.015032589435577393,0.00901840627193451,284.0
data/test/3sat/400/*.cnf,runs/GNN_Glucose_3SAT_TwoStageRiskControllerOnlineConsistentBoundary400LocalReopenOverride/best.pt,166,data/test/3sat/400/3sat_69.cnf,3sat_69.cnf,693f897403be0793056bad8e43cbc296ff572a9354be662647800b7de7dfd433,0.9136537313461304,0.2473260462284088,0.7864795327186584,2.2863500118255615,41,0.514231264591217,0.06449544429779053,0.6221218109130859,False,False,False,0.0,False,1.0,0.0,0.0,2.2210867404937744,30.324138641357422,7.1220598220825195,0.0008112266659736633,0.002433590590953827,68872.0,0.8948129415512085,0.4504777789115906,0.02499997615814209,0.0041755735874176025,630.0,1264.0,2467.0,32077.0,64575.0,133447.0,0.03578,-0.19707760214805603,0.03483329713344574,0.0416666716337204,0.03338700905442238,0.4749999940395355,5.025200366973877,-0.011531591415405273,-0.004364520311355591,0.00847485102713108,0.0022639036178588867,329.0
data/test/3sat/400/*.cnf,runs/GNN_Glucose_3SAT_TwoStageRiskControllerOnlineConsistentBoundary400LocalReopenOverride/best.pt,167,data/test/3sat/400/3sat_7.cnf,3sat_7.cnf,004d710359cf4436fd88ef59921d1f3621a7f47ca080c8b737aa9e31171b714a,0.9203335046768188,0.2617928087711334,0.7851267457008362,2.3782293796539307,35,0.8553794026374817,0.3216276466846466,0.33118343353271484,False,False,False,0.0,False,0.0,0.0,0.0,2.427865505218506,27.542430877685547,7.113142013549805,0.0011921115219593048,0.0035762861371040344,56044.0,0.8682683110237122,0.5057290196418762,0.0,0.004902690649032593,659.0,1233.0,2420.0,29437.0,57900.0,113944.0,0.037523,-0.3332100808620453,0.035489197820425034,0.041666675359010696,-0.11665750294923782,0.3499999940395355,4.737071990966797,0.01960018277168274,-0.0039351582527160645,-0.014439553022384644,0.008697591722011566,284.0
data/test/3sat/400/*.cnf,runs/GNN_Glucose_3SAT_TwoStageRiskControllerOnlineConsistentBoundary400LocalReopenOverride/best.pt,168,data/test/3sat/400/3sat_70.cnf,3sat_70.cnf,70c7e228a01736adfbe328cbcd6a8b4bdb807a71c92bd7a1d14af90a86c8eb5e,0.9163001179695129,0.25548872351646423,0.7851675152778625,2.2023515701293945,42,0.8489646911621094,0.537425696849823,0.05818047374486923,False,False,False,0.0,False,0.0,0.0,0.0,2.7613401412963867,30.39802360534668,7.174724102020264,0.0004027746617794037,0.0012082979083061218,60152.0,0.8793078660964966,0.45917609333992004,0.050000011920928955,0.002732604742050171,640.0,1266.0,2476.0,30550.0,60180.0,120332.0,0.031312,-0.3352839946746826,0.034336548298597336,0.0416666716337204,-0.09769763797521591,0.44999998807907104,4.794631481170654,-7.337331771850586e-05,0.0032435357570648193,0.01980917900800705,-0.01944155991077423,319.0
data/test/3sat/400/*.cnf,runs/GNN_Glucose_3SAT_TwoStageRiskControllerOnlineConsistentBoundary400LocalReopenOverride/best.pt,169,data/test/3sat/400/3sat_71.cnf,3sat_71.cnf,1221dedbd269a800242e457576e1e9751bb9f07fb427192a12f5326b9d9fcf42,0.9133273363113403,0.23494815826416016,0.7864534258842468,2.2064566612243652,44,0.29130011796951294,0.16931430995464325,0.6333680152893066,False,False,False,0.0,False,1.0,0.0,0.0,2.0112221240997314,27.451936721801758,7.0817084312438965,0.00023731961846351624,0.0007119327783584595,58885.0,0.8709833025932312,0.5054587125778198,0.07499998807907104,-0.016798675060272217,646.0,1245.0,2481.0,30186.0,59041.0,117926.0,0.03731,-0.06185080111026764,0.035409167408943176,0.0416666716337204,0.24870342016220093,0.5249999761581421,4.808266639709473,-0.01215130090713501,-0.01648026704788208,0.009238839149475098,0.020937904715538025,290.0
data/test/3sat/400/*.cnf,runs/GNN_Glucose_3SAT_TwoStageRiskControllerOnlineConsistentBoundary400LocalReopenOverride/best.pt,170,data/test/3sat/400/3sat_72.cnf,3sat_72.cnf,7a3bd3898c11beacad711c45d0c9d02d4028c2ef4d3a98bc02f8c4dc3aacb69e,0.9111729264259338,0.22989268600940704,0.7868470549583435,2.0928454399108887,35,0.43963608145713806,0.33299529552459717,0.40128716826438904,False,False,False,0.0,False,0.0,0.0,0.0,2.0695931911468506,24.888145446777344,7.1276936531066895,-3.1635165214538574e-05,-9.490549564361572e-05,61988.0,0.8795315027236938,0.4811449944972992,-0.04999998211860657,0.013599157333374023,631.0,1265.0,2442.0,29995.0,58903.0,120891.0,0.034686,-0.2694531977176666,0.03441367298364639,0.0416666716337204,0.00954040139913559,0.375,4.876318454742432,-0.010149538516998291,0.020524412393569946,0.005224696331424639,0.009087338607059792,322.0
data/test/3sat/400/*.cnf,runs/GNN_Glucose_3SAT_TwoStageRiskControllerOnlineConsistentBoundary400LocalReopenOverride/best.pt,171,data/test/3sat/400/3sat_73.cnf,3sat_73.cnf,6b7eed770bba01ee6aa243860e9a6f9ec297352029d6e865f9371bb1a38ea7f9,0.9187062978744507,0.25184473395347595,0.7855705618858337,2.2629201412200928,33,0.728862464427948,0.030891459435224533,0.7881180047988892,False,False,False,0.0,False,0.0,0.0,0.0,2.471491575241089,27.876209259033203,7.133296012878418,0.0005735456943511963,0.0017205998301506042,62509.0,0.876190721988678,0.4847247004508972,0.025000005960464478,0.005992203950881958,634.0,1221.0,2376.0,30448.0,60296.0,122805.0,0.034328,-0.4411519765853882,0.03591020777821541,0.0416666716337204,-0.20474255084991455,0.3499999940395355,4.874297142028809,-0.002520948648452759,0.007305175065994263,-0.0013466328382492065,-0.01835690438747406,290.0
data/test/3sat/400/*.cnf,runs/GNN_Glucose_3SAT_TwoStageRiskControllerOnlineConsistentBoundary400LocalReopenOverride/best.pt,172,data/test/3sat/400/3sat_74.cnf,3sat_74.cnf,41c9119d063d006f74eafc02c1416f610f1824a5667036b83d6b5bd431b4f0b3,0.9128393530845642,0.24507229030132294,0.786139726638794,2.40208101272583,37,0.7859592437744141,0.8339263796806335,0.04706354811787605,False,False,False,0.0,False,0.0,0.0,0.0,2.19830584526062,28.742185592651367,7.191429138183594,0.0005984455347061157,0.0017953887581825256,62290.0,0.8692896366119385,0.5011923909187317,0.050000011920928955,0.012619376182556152,637.0,1261.0,2476.0,31077.0,63005.0,125295.0,0.038994,-0.3396771550178528,0.034797292202711105,0.0416666716337204,-0.13870348036289215,0.30000001192092896,4.810297966003418,-0.007228761911392212,0.016674071550369263,-0.0010733753442764282,-0.010340124368667603,315.0
data/test/3sat/400/*.cnf,runs/GNN_Glucose_3SAT_TwoStageRiskControllerOnlineConsistentBoundary400LocalReopenOverride/best.pt,173,data/test/3sat/400/3sat_75.cnf,3sat_75.cnf,3c1d1ae6959368a372fd00e857c470f83340005aedbee9eb8f20844249f2a3b9,0.9119491577148438,0.24323154985904694,0.7876056432723999,2.2577333450317383,42,0.2908235490322113,0.4360397160053253,0.3116616904735565,False,False,False,0.0,False,1.0,0.0,0.0,2.3685543537139893,30.141801834106445,7.0130157470703125,-0.00021713972091674805,-0.0006514489650726318,61137.0,0.8822792768478394,0.4595639109611511,0.07499998807907104,0.0037107765674591064,642.0,1234.0,2470.0,28739.0,58540.0,119677.0,0.032112,-0.2834254801273346,0.03519526124000549,0.0416666716337204,-0.02743729017674923,0.44999998807907104,4.860999584197998,-0.0028635263442993164,0.011780202388763428,0.027698293328285217,0.016612829640507698,302.0
data/test/3sat/400/*.cnf,runs/GNN_Glucose_3SAT_TwoStageRiskControllerOnlineConsistentBoundary400LocalReopenOverride/best.pt,174,data/test/3sat/400/3sat_76.cnf,3sat_76.cnf,5ea844c64659e2b65045014f4cbd6153c91eea1e21248a322f36e76114edd217,0.9140456914901733,0.23955856263637543,0.7864058017730713,2.1690986156463623,42,0.8405925631523132,0.7095386981964111,0.23810356855392456,False,False,False,0.0,False,0.0,0.0,0.0,2.4714038372039795,31.078516006469727,7.1066060066223145,0.0012753792107105255,0.0038261190056800842,63942.0,0.8806993365287781,0.47586703300476074,0.0,0.02422434091567993,665.0,1253.0,2390.0,31536.0,60781.0,124723.0,0.03953,-0.33048015832901,0.03540634736418724,0.0416666716337204,-0.131638765335083,0.32499998807907104,4.970332145690918,-0.0039043128490448,0.0309755802154541,-0.0024179667234420776,0.00375249981880188,279.0
data/test/3sat/400/*.cnf,runs/GNN_Glucose_3SAT_TwoStageRiskControllerOnlineConsistentBoundary400LocalReopenOverride/best.pt,175,data/test/3sat/400/3sat_77.cnf,3sat_77.cnf,53f9f72abc73e74df88f35d852ba41e6603886c35a3565bb1032ffdfc4163051,0.9133821129798889,0.2391754388809204,0.785647988319397,2.256666898727417,35,0.7025523781776428,0.49529334902763367,0.14130571484565735,False,False,False,0.0,False,0.0,0.0,0.0,2.3777685165405273,28.604206085205078,7.199678421020508,0.0004792846739292145,0.0014378353953361511,57736.0,0.8693516850471497,0.4927087426185608,0.0,-0.002860456705093384,634.0,1242.0,2433.0,30400.0,61931.0,119667.0,0.042186,-0.47900286316871643,0.03567200154066086,0.041666675359010696,-0.2537371516227722,0.30000001192092896,4.833202838897705,-0.016178131103515625,-0.003904998302459717,0.03445863723754883,0.01804444193840027,318.0
data/test/3sat/400/*.cnf,runs/GNN_Glucose_3SAT_TwoStageRiskControllerOnlineConsistentBoundary400LocalReopenOverride/best.pt,176,data/test/3sat/400/3sat_78.cnf,3sat_78.cnf,90b51267f1a5c464f3d2b60b30feb197bfacc861b64abfd187b27f5a74c5e9bc,0.9121240377426147,0.23012040555477142,0.7855620384216309,2.1331422328948975,39,0.3605811893939972,0.20916159451007843,0.5819239020347595,False,False,False,0.0,False,0.0,0.0,0.0,2.036632537841797,27.354400634765625,7.029087543487549,9.114667773246765e-05,0.0002733692526817322,57538.0,0.8695375919342041,0.5107559561729431,0.0,0.011176615953445435,614.0,1224.0,2407.0,28879.0,58247.0,115785.0,0.036498,-0.1985691487789154,0.034624285995960236,0.0416666716337204,0.11499814689159393,0.4749999940395355,4.748438835144043,-0.024025797843933105,0.010236978530883789,0.007236994802951813,0.02379745990037918,297.0
data/test/3sat/400/*.cnf,runs/GNN_Glucose_3SAT_TwoStageRiskControllerOnlineConsistentBoundary400LocalReopenOverride/best.pt,177,data/test/3sat/400/3sat_79.cnf,3sat_79.cnf,c1ae0a9411f1f522b8c19e5ca9faa3ac1806c080dbf9df970887375a98431d6c,0.9081023335456848,0.22924326360225677,0.7858948111534119,2.279167652130127,37,0.3032420873641968,0.6099596619606018,0.14197738468647003,False,False,False,0.0,False,0.0,0.0,0.0,2.1879000663757324,27.048799514770508,7.113955974578857,0.00043968111276626587,0.0013190433382987976,61329.0,0.872746467590332,0.481958270072937,-0.025000005960464478,0.002910405397415161,700.0,1315.0,2508.0,30442.0,59255.0,120584.0,0.033169,-0.24176721274852753,0.035538703203201294,0.0416666716337204,0.04877592623233795,0.3499999940395355,4.747716426849365,0.004946708679199219,-0.005475372076034546,-0.014805503189563751,0.029836565256118774,316.0
data/test/3sat/400/*.cnf,runs/GNN_Glucose_3SAT_TwoStageRiskControllerOnlineConsistentBoundary400LocalReopenOverride/best.pt,178,data/test/3sat/400/3sat_8.cnf,3sat_8.cnf,cac0cde97590696920d5f32418e485e46a03466bfd0a4110034ef161e1a191dc,0.9156270623207092,0.2434891313314438,0.7875991463661194,2.410996675491333,41,0.730336606502533,0.014675495214760303,0.9115771055221558,False,False,False,0.0,False,0.0,0.0,0.0,2.2897050380706787,27.260665893554688,7.130898952484131,-3.0081719160079956e-05,-9.021162986755371e-05,62116.0,0.8759152293205261,0.500744640827179,0.0,0.018672466278076172,652.0,1241.0,2409.0,30140.0,60281.0,122397.0,0.042726,-0.18003778159618378,0.035545576363801956,0.0416666716337204,0.02412458322942257,0.4749999940395355,4.881088733673096,0.014814585447311401,0.019338011741638184,0.00047902390360832214,-0.011740891262888908,296.0
data/test/3sat/400/*.cnf,runs/GNN_Glucose_3SAT_TwoStageRiskControllerOnlineConsistentBoundary400LocalReopenOverride/best.pt,179,data/test/3sat/400/3sat_80.cnf,3sat_80.cnf,e3b6bfc2cd8755207307cb8e9a587936d877c77eb9dbb24faa80b214fecb1923,0.9102569818496704,0.22661365568637848,0.7860906720161438,2.152451276779175,41,0.2032211422920227,0.3982100784778595,0.31028828024864197,False,False,False,0.0,False,0.0,0.0,0.0,2.3024399280548096,30.640371322631836,7.102499485015869,-0.0002712532877922058,-0.0008137896656990051,60408.0,0.883996307849884,0.4719097912311554,-0.02499997615814209,-0.010032296180725098,663.0,1317.0,2534.0,31106.0,59809.0,120217.0,0.027796,-0.24994906783103943,0.03543972596526146,0.0416666716337204,-0.004256973508745432,0.3499999940395355,4.877540111541748,-0.02664622664451599,-0.008330583572387695,0.025216752343112603,-0.003838485252344981,325.0
data/test/3sat/400/*.cnf,runs/GNN_Glucose_3SAT_TwoStageRiskControllerOnlineConsistentBoundary400LocalReopenOverride/best.pt,180,data/test/3sat/400/3sat_81.cnf,3sat_81.cnf,9221a7d1ad9395d971c00380a69f4e402b1e077357495398b34926d304cde76d,0.9142904877662659,0.23020215332508087,0.7860623002052307,2.0885262489318848,36,0.3320835530757904,0.20415130257606506,0.44512873888015747,False,False,False,0.0,False,0.0,0.0,0.0,2.197155714035034,26.683074951171875,7.040536403656006,0.001138046383857727,0.0034141018986701965,61637.0,0.8745813369750977,0.5048640370368958,-0.02499997615814209,-0.007869720458984375,637.0,1204.0,2394.0,31540.0,61609.0,123246.0,0.033205,-0.29673877358436584,0.03529581427574158,0.0416666716337204,-0.08322002738714218,0.42500001192092896,4.850219249725342,0.014207899570465088,-0.00961756706237793,-0.02175898849964142,0.00948314368724823,292.0
data/test/3sat/400/*.cnf,runs/GNN_Glucose_3SAT_TwoStageRiskControllerOnlineConsistentBoundary400LocalReopenOverride/best.pt,181,data/test/3sat/400/3sat_82.cnf,3sat_82.cnf,dd886021d286f4665c557a9ac6e95d9bc2a28e55d1d5d0187c9de8f143e6f0ee,0.9176041483879089,0.2561931312084198,0.7858659029006958,2.5369222164154053,51,0.8629129528999329,0.07931232452392578,0.6448832750320435,False,False,False,0.0,False,1.0,0.0,0.0,2.5543289184570312,30.35597038269043,7.17930793762207,0.00036644935607910156,0.001099318265914917,61213.0,0.8876908421516418,0.4502212405204773,0.0,0.014857321977615356,659.0,1240.0,2437.0,30665.0,61556.0,122769.0,0.04005,-0.22254346311092377,0.034691959619522095,0.0416666716337204,-0.03506955876946449,0.44999998807907104,4.876705169677734,0.0017933249473571777,0.016251981258392334,0.02441035397350788,-0.01385856606066227,300.0
data/test/3sat/400/*.cnf,runs/GNN_Glucose_3SAT_TwoStageRiskControllerOnlineConsistentBoundary400LocalReopenOverride/best.pt,182,data/test/3sat/400/3sat_83.cnf,3sat_83.cnf,73bd1c593ebd7b3ccd2a15e06f6589e575d02b7ce8cb7c6f843bd501445d0a9d,0.9126835465431213,0.23466342687606812,0.7862698435783386,2.038480520248413,37,0.41881442070007324,0.01064201258122921,0.6265267729759216,False,False,False,0.0,False,0.0,0.0,0.0,2.1618809700012207,24.58106231689453,7.090909957885742,-1.3314187526702881e-05,-3.991276025772095e-05,60221.0,0.8763361573219299,0.4762721061706543,0.07500001788139343,-0.007208824157714844,629.0,1235.0,2416.0,29696.0,59323.0,119544.0,0.033092,-0.17601615190505981,0.03499427065253258,0.0416666716337204,0.17924416065216064,0.6000000238418579,4.863915920257568,-0.020521819591522217,-0.01479804515838623,0.003547772765159607,0.0035501718521118164,304.0
data/test/3sat/400/*.cnf,runs/GNN_Glucose_3SAT_TwoStageRiskControllerOnlineConsistentBoundary400LocalReopenOverride/best.pt,183,data/test/3sat/400/3sat_84.cnf,3sat_84.cnf,a7b27d0897513ec7497e3fdbdbe345d8ced38fe07079587272e7bd680fc394b6,0.913593053817749,0.2314855307340622,0.7858284711837769,2.160980224609375,45,0.35596635937690735,0.006284122820943594,0.6547664403915405,False,False,False,0.0,False,0.0,0.0,0.0,2.08502197265625,25.832242965698242,7.021083831787109,0.0010401010513305664,0.003120236098766327,62716.0,0.8862677812576294,0.45900997519493103,0.0,0.0024253129959106445,631.0,1226.0,2431.0,30258.0,61815.0,124531.0,0.037538,-0.35324299335479736,0.03559016063809395,0.0416666716337204,-0.17139630019664764,0.4749999940395355,4.908185005187988,0.0027965903282165527,-0.006792604923248291,0.011014297604560852,-0.007641389966011047,298.0
data/test/3sat/400/*.cnf,runs/GNN_Glucose_3SAT_TwoStageRiskControllerOnlineConsistentBoundary400LocalReopenOverride/best.pt,184,data/test/3sat/400/3sat_85.cnf,3sat_85.cnf,24ec2eb254c2824d656229bccbb50fc5f02debd3a5de91342f4e83350461457d,0.9279145002365112,0.2580447196960449,0.6941045522689819,2.009044885635376,34,0.4213189482688904,0.8293327689170837,0.023443229496479034,True,False,True,0.0,True,0.0,0.0,0.0,2.203645706176758,26.731523513793945,7.170888423919678,-0.0002991408109664917,-0.0008974373340606689,59076.0,0.881766140460968,0.45521897077560425,-0.04999998211860657,0.00686076283454895,632.0,1227.0,2425.0,30561.0,60189.0,119265.0,0.034594,-0.2165849357843399,0.0343586727976799,0.0416666716337204,-0.030880140140652657,0.30000001192092896,4.862310886383057,-0.02280271053314209,0.0068089962005615234,-0.05338509753346443,-0.026583919301629066,298.0
data/test/3sat/400/*.cnf,runs/GNN_Glucose_3SAT_TwoStageRiskControllerOnlineConsistentBoundary400LocalReopenOverride/best.pt,185,data/test/3sat/400/3sat_86.cnf,3sat_86.cnf,6dc72979fc6b1dc99f7dd7d03fdb0b23345262488161c6bd282547b0b3f68528,0.9379158020019531,0.27165406942367554,0.6949365735054016,2.0953128337860107,45,0.6838254332542419,0.8542215824127197,0.11287748068571091,True,False,True,0.0,True,0.0,0.0,0.0,2.7928287982940674,29.14497184753418,7.0003342628479,0.0010964535176753998,0.003289230167865753,61675.0,0.8862531781196594,0.4583582580089569,0.0,0.0049180686473846436,663.0,1262.0,2447.0,30000.0,60630.0,122305.0,0.039656,0.051604367792606354,0.03571728989481926,0.0416666716337204,0.20106187462806702,0.5,4.963552474975586,0.028493046760559082,-0.0021035075187683105,-0.004462867975234985,0.0011821985244750977,312.0
data/test/3sat/400/*.cnf,runs/GNN_Glucose_3SAT_TwoStageRiskControllerOnlineConsistentBoundary400LocalReopenOverride/best.pt,186,data/test/3sat/400/3sat_87.cnf,3sat_87.cnf,b6ad657ef328c246875e4c4290dbeac7c8eb5d46e3a396a16d31f9e22d10e8f2,0.9092252254486084,0.23692680895328522,0.7867553234100342,2.146409273147583,27,0.7203294634819031,0.4150705337524414,0.2893331050872803,False,False,False,0.0,False,0.0,0.0,0.0,2.1841166019439697,26.420475006103516,7.134891033172607,-0.0004505738615989685,-0.0013517439365386963,60821.0,0.8731544613838196,0.4938383400440216,0.07499998807907104,0.016748905181884766,659.0,1266.0,2456.0,30242.0,59955.0,120776.0,0.041701,-0.4639192223548889,0.03497244417667389,0.041666675359010696,-0.2386111170053482,0.2750000059604645,4.818946361541748,-0.012635648250579834,0.021563708782196045,0.0239437073469162,-0.0051545798778533936,299.0
data/test/3sat/400/*.cnf,runs/GNN_Glucose_3SAT_TwoStageRiskControllerOnlineConsistentBoundary400LocalReopenOverride/best.pt,187,data/test/3sat/400/3sat_88.cnf,3sat_88.cnf,3171030c7484a522261f0b2c140a37326124c4be3dca01947a2278baa8d9c085,0.9085135459899902,0.24493397772312164,0.7871548533439636,2.1524481773376465,33,0.6278011202812195,0.6862487196922302,0.13572895526885986,False,False,False,0.0,False,0.0,0.0,0.0,2.4669694900512695,27.245752334594727,7.160068988800049,0.0005546100437641144,0.0016638487577438354,61912.0,0.8668007850646973,0.5087479948997498,-0.02499997615814209,0.004982411861419678,676.0,1314.0,2525.0,31859.0,61225.0,123137.0,0.042223,-0.221610426902771,0.0355520024895668,0.0416666716337204,-0.037044625729322433,0.5,4.7933735847473145,-0.030200958251953125,0.0015634894371032715,0.015146488323807716,-0.008935241028666496,311.0
data/test/3sat/400/*.cnf,runs/GNN_Glucose_3SAT_TwoStageRiskControllerOnlineConsistentBoundary400LocalReopenOverride/best.pt,188,data/test/3sat/400/3sat_89.cnf,3sat_89.cnf,94b8227456966014f87f26fa7fd10935464e05f38f2bbcee96fa21d2cced2fe4,0.935910165309906,0.2621520757675171,0.6940357089042664,2.0525412559509277,37,0.6399718523025513,0.7954167127609253,0.01945703849196434,True,False,True,0.0,True,0.0,0.0,0.0,2.617509603500366,28.035083770751953,7.17930793762207,0.0005809105932712555,0.0017427429556846619,62299.0,0.8815159797668457,0.4603034257888794,0.0,-0.009677618741989136,657.0,1250.0,2485.0,30406.0,60674.0,122973.0,0.038827,-0.28431618213653564,0.03549320995807648,0.041666675359010696,-0.09644051641225815,0.3499999940395355,4.889749050140381,0.015935570001602173,-0.0265272855758667,-0.027234666049480438,0.006421223282814026,311.0
data/test/3sat/400/*.cnf,runs/GNN_Glucose_3SAT_TwoStageRiskControllerOnlineConsistentBoundary400LocalReopenOverride/best.pt,189,data/test/3sat/400/3sat_9.cnf,3sat_9.cnf,8d36786a4f1995ad641e609132fc953b4a88e5923c09e1253858d2335b21f4f6,0.9044366478919983,0.22772054374217987,0.7863594889640808,2.1516566276550293,29,0.7548788785934448,0.07338720560073853,0.877124011516571,False,False,False,0.0,False,0.0,0.0,0.0,2.080739974975586,25.675434112548828,7.120444297790527,0.0008716210722923279,0.0026148632168769836,65104.0,0.870220422744751,0.5062116384506226,0.02499997615814209,0.026369690895080566,643.0,1269.0,2435.0,31121.0,61445.0,126549.0,0.039392,-0.43327799439430237,0.035955995321273804,0.0416666716337204,-0.2136029452085495,0.3499999940395355,4.919806957244873,-0.026662379503250122,0.02481856942176819,0.029493510723114014,-0.02741892635822296,311.0
data/test/3sat/400/*.cnf,runs/GNN_Glucose_3SAT_TwoStageRiskControllerOnlineConsistentBoundary400LocalReopenOverride/best.pt,190,data/test/3sat/400/3sat_90.cnf,3sat_90.cnf,a034bff9040e823ea89d08cfffd23c2bf0340a885d6a3db4616f586a97dcfb6f,0.9376490712165833,0.2716127932071686,0.6943389773368835,2.170883893966675,47,0.4656326174736023,0.9780387282371521,0.03977358341217041,True,False,True,0.0,True,0.0,0.0,0.0,2.5002493858337402,28.741933822631836,7.037027835845947,0.0006196498870849609,0.0018589049577713013,62609.0,0.8906019926071167,0.4512457847595215,0.04999998211860657,-0.01149776577949524,650.0,1259.0,2444.0,30202.0,62066.0,124675.0,0.03223,-0.051068712025880814,0.03536799177527428,0.0416666716337204,0.1667071431875229,0.32499998807907104,4.972288131713867,-0.02690187096595764,-0.008582383394241333,0.03514314442873001,0.03850331902503967,309.0
data/test/3sat/400/*.cnf,runs/GNN_Glucose_3SAT_TwoStageRiskControllerOnlineConsistentBoundary400LocalReopenOverride/best.pt,191,data/test/3sat/400/3sat_91.cnf,3sat_91.cnf,d85b32b92d77a09300db18894b6d4df983829c0b4e9816446e91a74697f08b73,0.933827817440033,0.2686004936695099,0.6953780651092529,2.160956621170044,40,0.5134649872779846,0.883804440498352,0.02827514335513115,True,False,True,0.0,True,0.0,0.0,0.0,2.654918909072876,32.98387908935547,7.183870792388916,0.0001330450177192688,0.00039920955896377563,65280.0,0.8776426911354065,0.4777730703353882,0.025000005960464478,-0.0016685128211975098,667.0,1254.0,2459.0,34952.0,68900.0,134180.0,0.039813,-0.30841901898384094,0.035338688641786575,0.0416666716337204,-0.08230944722890854,0.3499999940395355,4.885657787322998,-0.012039363384246826,-0.0076563358306884766,0.0011832192540168762,-0.009706452488899231,290.0
data/test/3sat/400/*.cnf,runs/GNN_Glucose_3SAT_TwoStageRiskControllerOnlineConsistentBoundary400LocalReopenOverride/best.pt,192,data/test/3sat/400/3sat_92.cnf,3sat_92.cnf,6d118ae5ebbdd590d76a70e939d6d6c45a4bf7c729abd51a92185e8edf0d8862,0.9373323321342468,0.28534644842147827,0.696221113204956,2.1668124198913574,39,0.46184301376342773,0.9727679491043091,0.12256824225187302,True,False,True,0.0,True,0.0,0.0,0.0,2.7741291522979736,31.79840850830078,6.9593987464904785,0.0008354038000106812,0.0025062114000320435,65184.0,0.8869292140007019,0.45380812883377075,0.0,0.0182265043258667,686.0,1298.0,2477.0,31188.0,63280.0,128464.0,0.036096,-0.20974880456924438,0.03624663129448891,0.041666675359010696,-0.03667240962386131,0.32499998807907104,5.0136027336120605,0.01133418083190918,0.0170896053314209,0.007054455578327179,0.002452228218317032,305.0
data/test/3sat/400/*.cnf,runs/GNN_Glucose_3SAT_TwoStageRiskControllerOnlineConsistentBoundary400LocalReopenOverride/best.pt,193,data/test/3sat/400/3sat_93.cnf,3sat_93.cnf,c01eaae01081c5cab09401a0ec705588a84227d98d0dea7162d81f7a560dc529,0.9138148427009583,0.2502541244029999,0.7869058847427368,2.3400187492370605,46,0.8189038634300232,0.755113959312439,0.11492595076560974,False,False,False,0.0,False,1.0,0.0,0.0,2.5437018871307373,28.280746459960938,7.128496170043945,0.000987328588962555,0.0029620304703712463,62092.0,0.8928886651992798,0.4268660843372345,0.0,0.009492486715316772,642.0,1222.0,2449.0,31690.0,64154.0,126246.0,0.044951,-0.15896964073181152,0.03538475185632706,0.0416666716337204,0.06303662806749344,0.375,4.977025985717773,-0.0024299919605255127,0.009012550115585327,-0.004425607621669769,0.00949043408036232,286.0
data/test/3sat/400/*.cnf,runs/GNN_Glucose_3SAT_TwoStageRiskControllerOnlineConsistentBoundary400LocalReopenOverride/best.pt,194,data/test/3sat/400/3sat_94.cnf,3sat_94.cnf,15abfa0e76850a320f56306260e486eacc4ccafab477440ca43202ae56776d6a,0.914683997631073,0.26063117384910583,0.786533772945404,2.284674882888794,30,0.23354500532150269,0.10296240448951721,0.501224160194397,False,False,False,0.0,False,0.0,0.0,0.0,2.381342887878418,31.90614891052246,7.060476303100586,0.0010519623756408691,0.003155849874019623,58389.0,0.8718135952949524,0.49390050768852234,-0.02499997615814209,-0.015081077814102173,597.0,1174.0,2359.0,30935.0,61685.0,120074.0,0.038638,-0.2953890264034271,0.03576136752963066,0.041666675359010696,0.011284117586910725,0.44999998807907104,4.831816673278809,-0.0019753575325012207,-0.026749342679977417,-0.006268091732636094,0.009063319535925984,299.0
data/test/3sat/400/*.cnf,runs/GNN_Glucose_3SAT_TwoStageRiskControllerOnlineConsistentBoundary400LocalReopenOverride/best.pt,195,data/test/3sat/400/3sat_95.cnf,3sat_95.cnf,baaacce342982cc2ecffc4987e25c9e5a11e464be1cafbacf20eec0860d6241a,0.9170314073562622,0.2603917717933655,0.786268949508667,2.404999017715454,40,0.5458068251609802,0.7028688788414001,0.10904382169246674,False,False,False,0.0,False,0.0,0.0,0.0,2.5612335205078125,33.24455261230469,7.05272102355957,0.0005701668560504913,0.0017104819416999817,61559.0,0.8778378963470459,0.47660887241363525,0.050000011920928955,0.007305800914764404,660.0,1247.0,2429.0,30178.0,60882.0,122441.0,0.031811,-0.1717376559972763,0.03543246164917946,0.041666675359010696,0.09091934561729431,0.44999998807907104,4.816186904907227,-0.01907193660736084,-0.006496548652648926,0.011605583131313324,0.031207773834466934,294.0
data/test/3sat/400/*.cnf,runs/GNN_Glucose_3SAT_TwoStageRiskControllerOnlineConsistentBoundary400LocalReopenOverride/best.pt,196,data/test/3sat/400/3sat_96.cnf,3sat_96.cnf,f78517adb66a979dbdae77315f8ccc6e50c1c7a71ededdb41ce3320ba1ce8578,0.93292236328125,0.2578393816947937,0.6960612535476685,2.012956380844116,41,0.4986896514892578,0.9919885396957397,0.018752681091427803,True,False,True,0.0,True,0.0,0.0,0.0,2.571941375732422,32.60011291503906,7.095893383026123,0.00034085288643836975,0.0010225549340248108,63271.0,0.8873129487037659,0.4558466970920563,0.02499997615814209,0.00016871094703674316,666.0,1312.0,2535.0,31165.0,63484.0,126755.0,0.039722,-0.11618640273809433,0.03463177755475044,0.0416666716337204,0.019101373851299286,0.44999998807907104,4.925416469573975,-0.00509411096572876,0.004292577505111694,-0.009961526840925217,0.04486413858830929,343.0
data/test/3sat/400/*.cnf,runs/GNN_Glucose_3SAT_TwoStageRiskControllerOnlineConsistentBoundary400LocalReopenOverride/best.pt,197,data/test/3sat/400/3sat_97.cnf,3sat_97.cnf,06ece82b67784fa0988b7122588cf17b9467cd911ce1e6937ffbf611309e5632,0.9369490146636963,0.26463425159454346,0.694518506526947,2.0690112113952637,39,0.5100892186164856,0.9391940832138062,0.022670181468129158,True,False,True,0.0,True,0.0,0.0,0.0,2.4613873958587646,27.224063873291016,7.034388065338135,0.0002880692481994629,0.0008642226457595825,62671.0,0.8883650302886963,0.4552479684352875,0.025000005960464478,0.003649979829788208,660.0,1260.0,2495.0,32603.0,63786.0,126457.0,0.036098,-0.41558346152305603,0.03538265824317932,0.0416666716337204,-0.17073935270309448,0.25,4.981630802154541,0.014691978693008423,-0.0034870803356170654,0.004817351698875427,0.01196378469467163,312.0
data/test/3sat/400/*.cnf,runs/GNN_Glucose_3SAT_TwoStageRiskControllerOnlineConsistentBoundary400LocalReopenOverride/best.pt,198,data/test/3sat/400/3sat_98.cnf,3sat_98.cnf,10140535761010c54b9cc7255f05be04e446c381f5487d31476d74cfa0e8fc8c,0.9084143042564392,0.240214005112648,0.7860366106033325,2.293341636657715,32,0.47054246068000793,0.21349960565567017,0.25359660387039185,False,False,False,0.0,False,0.0,0.0,0.0,2.1926090717315674,25.59013557434082,7.013915538787842,0.0007106922566890717,0.0021320655941963196,58850.0,0.8883313536643982,0.44678986072540283,0.025000005960464478,-0.0014634430408477783,703.0,1300.0,2503.0,31105.0,61593.0,120443.0,0.031279,-0.33432537317276,0.034252699464559555,0.0416666716337204,0.048125654458999634,0.4000000059604645,4.927823066711426,-0.01174965500831604,-0.0044381022453308105,0.011479932814836502,0.005666270852088928,300.0
data/test/3sat/400/*.cnf,runs/GNN_Glucose_3SAT_TwoStageRiskControllerOnlineConsistentBoundary400LocalReopenOverride/best.pt,199,data/test/3sat/400/3sat_99.cnf,3sat_99.cnf,09a61b0638063ab69132c5ae4aff75398f143e14f6fd6e15185b7dcfc738a184,0.9126243591308594,0.23143336176872253,0.7859123349189758,2.2932095527648926,35,0.34890392422676086,0.08071815967559814,0.33390647172927856,False,False,False,0.0,False,0.0,0.0,0.0,2.251479148864746,30.188068389892578,7.149916648864746,-0.00011362135410308838,-0.0003408566117286682,58705.0,0.8736398220062256,0.47922462224960327,-0.050000011920928955,0.009334981441497803,631.0,1233.0,2439.0,29528.0,58674.0,117379.0,0.03918,-0.37990665435791016,0.034052420407533646,0.0416666716337204,-0.07689739763736725,0.42500001192092896,4.746688365936279,-0.019201308488845825,0.005358397960662842,-0.0412136809900403,-0.029471419751644135,306.0
