size,split,file_key,one_shot_result,one_shot_solved,one_shot_time,one_shot_cpu_time,one_shot_gpu_time,one_shot_conflicts,one_shot_decisions,one_shot_propagations,old_result,old_solved,old_time,old_cpu_time,old_gpu_time,old_conflicts,old_decisions,old_propagations,online_result,online_solved,online_time,online_cpu_time,online_gpu_time,online_conflicts,online_decisions,online_propagations,local_result,local_solved,local_time,local_cpu_time,local_gpu_time,local_conflicts,local_decisions,local_propagations,pairwise_result,pairwise_solved,pairwise_time,pairwise_cpu_time,pairwise_gpu_time,pairwise_conflicts,pairwise_decisions,pairwise_propagations,delta_time_vs_one_shot,delta_conflicts_vs_one_shot,delta_decisions_vs_one_shot,outcome_vs_one_shot,delta_time_vs_old,delta_conflicts_vs_old,delta_decisions_vs_old,outcome_vs_old,delta_time_vs_online,delta_conflicts_vs_online,delta_decisions_vs_online,outcome_vs_online,difficulty_bucket
400,data/test/3sat/400,3sat_0.cnf,INDETERMINATE,False,60.81852078895569,59.9698,0.8487207889556885,1672027.0,1907191.0,93128703.0,INDETERMINATE,False,60.876747970932,59.9584,0.8363549709320068,1682995.0,1919828.0,93733229.0,INDETERMINATE,False,61.14558245095825,59.9566,1.107811450958252,1723371.0,1965411.0,95957432.0,INDETERMINATE,False,60.453497229995726,59.9832,0.3806822299957275,1679533.0,1915790.0,93544575.0,INDETERMINATE,False,61.10234411923218,59.9711,1.0557761192321775,1556346.0,1775133.0,86672160.0,-0.36502355895996175,7506.0,8599.0,both_timeout,-0.42325074093627535,-3462.0,-4038.0,both_timeout,-0.6920852209625252,-43838.0,-49621.0,both_timeout,timeout
400,data/test/3sat/400,3sat_1.cnf,SATISFIABLE,True,3.2234607889556885,2.37474,0.8487207889556885,73715.0,85712.0,4316774.0,SATISFIABLE,True,3.3463329709320067,2.42041,0.8363549709320068,73715.0,85712.0,4316774.0,SATISFIABLE,True,3.607240450958252,2.42278,1.107811450958252,73715.0,85712.0,4316774.0,SATISFIABLE,True,2.788131229995728,2.30626,0.3806822299957275,73715.0,85712.0,4316774.0,SATISFIABLE,True,3.594112119232178,2.47254,1.0557761192321775,73715.0,85712.0,4316774.0,-0.4353295589599604,0.0,0.0,faster_both_solved,-0.5582017409362785,0.0,0.0,faster_both_solved,-0.8191092209625239,0.0,0.0,faster_both_solved,easy(<10s)
400,data/test/3sat/400,3sat_10.cnf,INDETERMINATE,False,60.83442078895569,59.9857,0.8487207889556885,1826229.0,2083750.0,102916413.0,INDETERMINATE,False,60.901103970932006,59.9856,0.8363549709320068,1753211.0,2000555.0,98800376.0,INDETERMINATE,False,61.16147545095826,59.9746,1.107811450958252,1790500.0,2042949.0,100917450.0,INDETERMINATE,False,60.440712229995725,59.9781,0.3806822299957275,1762493.0,2011221.0,99325589.0,INDETERMINATE,False,61.11665111923218,59.9797,1.0557761192321775,1690287.0,1929125.0,95248284.0,-0.3937085589599647,-63736.0,-72529.0,both_timeout,-0.46039174093628077,9282.0,10666.0,both_timeout,-0.7207632209625316,-28007.0,-31728.0,both_timeout,timeout
400,data/test/3sat/400,3sat_100.cnf,SATISFIABLE,True,0.9034027889556884,0.054682,0.8487207889556885,3392.0,4166.0,213902.0,SATISFIABLE,True,0.9748959709320068,0.063792,0.8363549709320068,3392.0,4166.0,213902.0,SATISFIABLE,True,1.2407914509582518,0.057727,1.107811450958252,3392.0,4166.0,213902.0,SATISFIABLE,True,0.5387982299957276,0.063326,0.3806822299957275,3392.0,4166.0,213902.0,SATISFIABLE,True,1.1954861192321775,0.06179,1.0557761192321775,3392.0,4166.0,213902.0,-0.3646045589599608,0.0,0.0,faster_both_solved,-0.4360977409362792,0.0,0.0,faster_both_solved,-0.7019932209625243,0.0,0.0,faster_both_solved,easy(<10s)
400,data/test/3sat/400,3sat_101.cnf,INDETERMINATE,False,60.82742078895569,59.9787,0.8487207889556885,1719479.0,1962700.0,96025164.0,INDETERMINATE,False,60.887933970932,59.9758,0.8363549709320068,1705302.0,1946604.0,95264467.0,INDETERMINATE,False,61.16340445095825,59.9781,1.107811450958252,1693124.0,1932769.0,94602810.0,INDETERMINATE,False,60.44226222999573,59.9833,0.3806822299957275,1674507.0,1911455.0,93593794.0,INDETERMINATE,False,61.10457611923218,59.9788,1.0557761192321775,1668579.0,1904773.0,93248650.0,-0.3851585589599651,-44972.0,-51245.0,both_timeout,-0.4456717409362767,-30795.0,-35149.0,both_timeout,-0.7211422209625198,-18617.0,-21314.0,both_timeout,timeout
400,data/test/3sat/400,3sat_102.cnf,INDETERMINATE,False,60.83412078895569,59.9854,0.8487207889556885,1750176.0,2020509.0,99945638.0,INDETERMINATE,False,60.890598970932,59.9835,0.8363549709320068,1733833.0,2001867.0,98997044.0,INDETERMINATE,False,61.17822745095825,59.9899,1.107811450958252,1766751.0,2039715.0,100898155.0,INDETERMINATE,False,60.44276222999573,59.9743,0.3806822299957275,1726038.0,1992922.0,98537274.0,INDETERMINATE,False,61.119116119232174,59.9862,1.0557761192321775,1622213.0,1874413.0,92695815.0,-0.39135855895995775,-24138.0,-27587.0,both_timeout,-0.4478367409362676,-7795.0,-8945.0,both_timeout,-0.7354652209625243,-40713.0,-46793.0,both_timeout,timeout
400,data/test/3sat/400,3sat_103.cnf,INDETERMINATE,False,60.83732078895569,59.9886,0.8487207889556885,1732339.0,1991122.0,97894485.0,INDETERMINATE,False,60.88788697093201,59.9795,0.8363549709320068,1714295.0,1976215.0,98367096.0,INDETERMINATE,False,61.14406245095825,59.9595,1.107811450958252,1753236.0,2020792.0,100578118.0,INDETERMINATE,False,60.45093022999573,59.9862,0.3806822299957275,1688629.0,1946619.0,96949113.0,INDETERMINATE,False,61.11054211923218,59.9896,1.0557761192321775,1633175.0,1883043.0,93832579.0,-0.38639055895995966,-43710.0,-44503.0,both_timeout,-0.43695674093628156,-25666.0,-29596.0,both_timeout,-0.693132220962525,-64607.0,-74173.0,both_timeout,timeout
400,data/test/3sat/400,3sat_104.cnf,INDETERMINATE,False,60.84032078895569,59.9916,0.8487207889556885,1670000.0,1907745.0,92517251.0,INDETERMINATE,False,60.888383970932,59.9931,0.8363549709320068,1722285.0,1967652.0,95326374.0,INDETERMINATE,False,61.16458545095825,59.9826,1.107811450958252,1716254.0,1960666.0,95010296.0,INDETERMINATE,False,60.44976722999573,59.9844,0.3806822299957275,1680557.0,1919600.0,93094227.0,INDETERMINATE,False,61.107386119232174,59.9792,1.0557761192321775,1676229.0,1914762.0,92854134.0,-0.390553558959958,10557.0,11855.0,both_timeout,-0.43861674093626846,-41728.0,-48052.0,both_timeout,-0.7148182209625205,-35697.0,-41066.0,both_timeout,timeout
400,data/test/3sat/400,3sat_105.cnf,INDETERMINATE,False,60.825320788955686,59.9766,0.8487207889556885,1794308.0,2042617.0,102943843.0,INDETERMINATE,False,60.88377097093201,59.9926,0.8363549709320068,1849920.0,2106622.0,106281812.0,INDETERMINATE,False,61.168222450958254,59.9956,1.107811450958252,1841898.0,2097340.0,105803579.0,INDETERMINATE,False,60.42985722999573,59.9761,0.3806822299957275,1848996.0,2105560.0,106227720.0,INDETERMINATE,False,61.113113119232175,59.9852,1.0557761192321775,1686272.0,1918684.0,96495996.0,-0.39546355895995333,54688.0,62943.0,both_timeout,-0.45391374093627945,-924.0,-1062.0,both_timeout,-0.7383652209625211,7098.0,8220.0,both_timeout,timeout
400,data/test/3sat/400,3sat_106.cnf,INDETERMINATE,False,60.83652078895569,59.9878,0.8487207889556885,1705239.0,1948237.0,94644372.0,INDETERMINATE,False,60.88814097093201,59.9798,0.8363549709320068,1798716.0,2043266.0,101302572.0,INDETERMINATE,False,61.18511545095825,59.9999,1.107811450958252,1684910.0,1924955.0,93538027.0,INDETERMINATE,False,60.46484622999573,59.9944,0.3806822299957275,1703392.0,1946068.0,94544086.0,INDETERMINATE,False,61.13082211923218,59.9926,1.0557761192321775,1678338.0,1908144.0,94613727.0,-0.3716745589599597,-1847.0,-2169.0,both_timeout,-0.42329474093627795,-95324.0,-97198.0,both_timeout,-0.7202692209625212,18482.0,21113.0,both_timeout,timeout
400,data/test/3sat/400,3sat_107.cnf,INDETERMINATE,False,60.82452078895569,59.9758,0.8487207889556885,1600565.0,1837295.0,90759839.0,INDETERMINATE,False,60.89722497093201,59.9859,0.8363549709320068,1585870.0,1820519.0,89958440.0,INDETERMINATE,False,61.16381945095826,59.9851,1.107811450958252,1600946.0,1837728.0,90780653.0,INDETERMINATE,False,60.36731285026551,59.9769,0.3009078502655029,1559711.0,1790714.0,88518101.0,INDETERMINATE,False,61.11487111923218,59.9933,1.0557761192321775,1482915.0,1702812.0,84344795.0,-0.45720793869017484,-40854.0,-46581.0,both_timeout,-0.529912120666495,-26159.0,-29805.0,both_timeout,-0.7965066006927444,-41235.0,-47014.0,both_timeout,timeout
400,data/test/3sat/400,3sat_108.cnf,INDETERMINATE,False,60.82592078895569,59.9772,0.8487207889556885,1728958.0,1989185.0,96396235.0,INDETERMINATE,False,60.875312970932,59.9725,0.8363549709320068,1730622.0,1991069.0,96489008.0,INDETERMINATE,False,61.17099645095825,59.9899,1.107811450958252,1725392.0,1985125.0,96193001.0,INDETERMINATE,False,60.391862850265504,59.9978,0.3009078502655029,1698848.0,1954754.0,94751890.0,INDETERMINATE,False,61.11781011923218,59.9898,1.0557761192321775,1593102.0,1833907.0,89003329.0,-0.43405793869018794,-30110.0,-34431.0,both_timeout,-0.48345012066649673,-31774.0,-36315.0,both_timeout,-0.7791336006927452,-26544.0,-30371.0,both_timeout,timeout
400,data/test/3sat/400,3sat_109.cnf,INDETERMINATE,False,60.83962078895569,59.9909,0.8487207889556885,1808106.0,2071473.0,101041981.0,INDETERMINATE,False,60.89453097093201,59.9846,0.8363549709320068,1821906.0,2087123.0,101784536.0,INDETERMINATE,False,61.16848345095825,59.9813,1.107811450958252,1827510.0,2093491.0,102080655.0,INDETERMINATE,False,60.3796748502655,59.9932,0.3009078502655029,1786513.0,2047051.0,99853018.0,INDETERMINATE,False,61.12352211923218,59.9909,1.0557761192321775,1661282.0,1903575.0,92944054.0,-0.45994593869018985,-21593.0,-24422.0,both_timeout,-0.5148561206665079,-35393.0,-40072.0,both_timeout,-0.7888086006927466,-40997.0,-46440.0,both_timeout,timeout
400,data/test/3sat/400,3sat_11.cnf,SATISFIABLE,True,1.9485707889556885,1.09985,0.8487207889556885,40661.0,47692.0,2496556.0,SATISFIABLE,True,2.0168879709320064,1.12295,0.8363549709320068,40661.0,47692.0,2496556.0,SATISFIABLE,True,2.318524450958252,1.13113,1.107811450958252,40661.0,47692.0,2496556.0,SATISFIABLE,True,1.5036918502655028,1.11824,0.3009078502655029,40661.0,47692.0,2496556.0,SATISFIABLE,True,2.241860119232178,1.11337,1.0557761192321775,40661.0,47692.0,2496556.0,-0.4448789386901857,0.0,0.0,faster_both_solved,-0.5131961206665037,0.0,0.0,faster_both_solved,-0.8148326006927493,0.0,0.0,faster_both_solved,easy(<10s)
400,data/test/3sat/400,3sat_110.cnf,INDETERMINATE,False,60.82512078895569,59.9764,0.8487207889556885,1774139.0,2032507.0,102326835.0,INDETERMINATE,False,60.899328970932,59.9876,0.8363549709320068,1754857.0,2010700.0,101232155.0,INDETERMINATE,False,61.15523345095825,59.9741,1.107811450958252,1781647.0,2041122.0,102751782.0,INDETERMINATE,False,60.36521885026551,59.9868,0.3009078502655029,1714122.0,1964337.0,98886116.0,INDETERMINATE,False,61.110389119232174,59.9775,1.0557761192321775,1608836.0,1844496.0,92840458.0,-0.45990193869018015,-60017.0,-68170.0,both_timeout,-0.5341101206664902,-40735.0,-46363.0,both_timeout,-0.7900146006927429,-67525.0,-76785.0,both_timeout,timeout
400,data/test/3sat/400,3sat_111.cnf,INDETERMINATE,False,60.82162078895569,59.9729,0.8487207889556885,1710394.0,1961076.0,99286334.0,INDETERMINATE,False,60.88047197093201,59.9816,0.8363549709320068,1709374.0,1959931.0,99229951.0,INDETERMINATE,False,61.15475145095825,59.9721,1.107811450958252,1721582.0,1973962.0,99917343.0,INDETERMINATE,False,60.37802685026551,59.9795,0.3009078502655029,1688573.0,1936236.0,98057375.0,INDETERMINATE,False,61.09785311923218,59.9671,1.0557761192321775,1581989.0,1814364.0,92090475.0,-0.44359393869017794,-21821.0,-24840.0,both_timeout,-0.5024451206664935,-20801.0,-23695.0,both_timeout,-0.776724600692738,-33009.0,-37726.0,both_timeout,timeout
400,data/test/3sat/400,3sat_112.cnf,INDETERMINATE,False,60.82602078895569,59.9773,0.8487207889556885,1769174.0,2008339.0,101665147.0,INDETERMINATE,False,60.877311970932006,59.9835,0.8363549709320068,1768266.0,2007315.0,101612809.0,INDETERMINATE,False,61.15026545095825,59.977,1.107811450958252,1778276.0,2018660.0,102165448.0,INDETERMINATE,False,60.3601858502655,59.975,0.3009078502655029,1776566.0,2016730.0,102076200.0,INDETERMINATE,False,61.10360711923217,59.9661,1.0557761192321775,1661604.0,1886811.0,95757385.0,-0.4658349386901861,7392.0,8391.0,both_timeout,-0.5171261206665037,8300.0,9415.0,both_timeout,-0.7900796006927493,-1710.0,-1930.0,both_timeout,timeout
400,data/test/3sat/400,3sat_113.cnf,INDETERMINATE,False,60.83292078895569,59.9842,0.8487207889556885,1693818.0,1920061.0,96494421.0,INDETERMINATE,False,60.90229097093201,59.9826,0.8363549709320068,1664178.0,1887273.0,94811442.0,INDETERMINATE,False,61.14504445095825,59.9635,1.107811450958252,1680833.0,1905952.0,95732168.0,INDETERMINATE,False,60.4043678502655,59.9981,0.3009078502655029,1638453.0,1858297.0,93388164.0,INDETERMINATE,False,61.115984119232174,59.9817,1.0557761192321775,1641227.0,1858560.0,92826882.0,-0.4285529386901885,-55365.0,-61764.0,both_timeout,-0.49792312066650624,-25725.0,-28976.0,both_timeout,-0.7406766006927512,-42380.0,-47655.0,both_timeout,timeout
400,data/test/3sat/400,3sat_114.cnf,INDETERMINATE,False,60.83402078895569,59.9853,0.8487207889556885,1709296.0,1961409.0,96336052.0,INDETERMINATE,False,60.89531997093201,59.9864,0.8363549709320068,1724149.0,1978315.0,97180904.0,INDETERMINATE,False,61.17578945095825,59.988,1.107811450958252,1718141.0,1971508.0,96842379.0,INDETERMINATE,False,60.3869438502655,59.9926,0.3009078502655029,1744197.0,2001109.0,98273577.0,INDETERMINATE,False,61.11773611923218,59.9895,1.0557761192321775,1669170.0,1915671.0,94081330.0,-0.44707693869018783,34901.0,39700.0,both_timeout,-0.5083761206665045,20048.0,22794.0,both_timeout,-0.7888456006927456,26056.0,29601.0,both_timeout,timeout
400,data/test/3sat/400,3sat_115.cnf,INDETERMINATE,False,60.82212078895569,59.9734,0.8487207889556885,1650354.0,1881664.0,92843324.0,INDETERMINATE,False,60.89821597093201,59.9823,0.8363549709320068,1621893.0,1839377.0,89733544.0,INDETERMINATE,False,61.15731345095825,59.9803,1.107811450958252,1619515.0,1846395.0,91151865.0,INDETERMINATE,False,60.3670338502655,59.9751,0.3009078502655029,1596489.0,1820153.0,89884309.0,INDETERMINATE,False,61.12467811923217,59.9875,1.0557761192321775,1509660.0,1712637.0,83408953.0,-0.45508693869018657,-53865.0,-61511.0,both_timeout,-0.5311821206665073,-25404.0,-19224.0,both_timeout,-0.7902796006927488,-23026.0,-26242.0,both_timeout,timeout
400,data/test/3sat/400,3sat_116.cnf,INDETERMINATE,False,60.772918489456174,59.9905,0.7824184894561768,1697795.0,1930913.0,94374845.0,INDETERMINATE,False,60.93063267906189,59.979,0.8776776790618896,1722472.0,1958329.0,95697539.0,INDETERMINATE,False,61.19261487010193,59.9854,1.1401078701019287,1736337.0,1973886.0,96428155.0,INDETERMINATE,False,60.39821597183227,59.9858,0.3114609718322754,1686115.0,1917829.0,93741453.0,INDETERMINATE,False,61.09464342176819,59.9801,1.0373194217681885,1648873.0,1875946.0,91726949.0,-0.37470251762390205,-11680.0,-13084.0,both_timeout,-0.5324167072296149,-36357.0,-40500.0,both_timeout,-0.7943988982696553,-50222.0,-56057.0,both_timeout,timeout
400,data/test/3sat/400,3sat_117.cnf,INDETERMINATE,False,60.76231848945618,59.9799,0.7824184894561768,1725605.0,1976075.0,96110989.0,INDETERMINATE,False,60.92502467906189,59.9761,0.8776776790618896,1766097.0,2019593.0,98164834.0,INDETERMINATE,False,61.19825687010193,59.9861,1.1401078701019287,1743714.0,1996951.0,97125924.0,INDETERMINATE,False,60.40042097183228,59.9928,0.3114609718322754,1766604.0,2022969.0,98430839.0,INDETERMINATE,False,61.10649442176819,59.9891,1.0373194217681885,1740182.0,1990318.0,96724180.0,-0.36189751762389477,40999.0,46894.0,both_timeout,-0.524603707229609,507.0,3376.0,both_timeout,-0.7978358982696463,22890.0,26018.0,both_timeout,timeout
400,data/test/3sat/400,3sat_118.cnf,INDETERMINATE,False,60.76561848945617,59.9832,0.7824184894561768,1736295.0,1982749.0,97276222.0,INDETERMINATE,False,60.93393867906189,59.9846,0.8776776790618896,1718190.0,1962426.0,96263670.0,INDETERMINATE,False,61.20848887010192,59.9935,1.1401078701019287,1722229.0,1966888.0,96493735.0,INDETERMINATE,False,60.41047497183228,59.9983,0.3114609718322754,1686399.0,1926263.0,94529377.0,INDETERMINATE,False,61.09582242176819,59.9855,1.0373194217681885,1623049.0,1854613.0,91101516.0,-0.35514351762389396,-49896.0,-56486.0,both_timeout,-0.5234637072296096,-31791.0,-36163.0,both_timeout,-0.7980138982696374,-35830.0,-40625.0,both_timeout,timeout
400,data/test/3sat/400,3sat_119.cnf,INDETERMINATE,False,60.763718489456174,59.9813,0.7824184894561768,1749372.0,1997328.0,96270949.0,INDETERMINATE,False,60.92876367906189,59.9817,0.8776776790618896,1769979.0,2020459.0,97354780.0,INDETERMINATE,False,61.210080870101926,59.991,1.1401078701019287,1787184.0,2039905.0,98293898.0,INDETERMINATE,False,60.36742997183228,59.9703,0.3114609718322754,1780020.0,2031884.0,97907090.0,INDETERMINATE,False,61.07994142176819,59.9763,1.0373194217681885,1737067.0,1983496.0,95610485.0,-0.39628851762389417,30648.0,34556.0,both_timeout,-0.5613337072296076,10041.0,11425.0,both_timeout,-0.8426508982696461,-7164.0,-8021.0,both_timeout,timeout
400,data/test/3sat/400,3sat_12.cnf,INDETERMINATE,False,60.758218489456176,59.9758,0.7824184894561768,1675559.0,1915250.0,93884754.0,INDETERMINATE,False,60.93830167906189,59.992,0.8776776790618896,1689727.0,1931164.0,94661967.0,INDETERMINATE,False,61.19776387010192,59.9858,1.1401078701019287,1691352.0,1932994.0,94749577.0,INDETERMINATE,False,60.37550797183228,59.9744,0.3114609718322754,1669354.0,1908222.0,93538493.0,INDETERMINATE,False,61.08492842176819,59.9741,1.0373194217681885,1615465.0,1847024.0,90518353.0,-0.38271051762389874,-6205.0,-7028.0,both_timeout,-0.5627937072296092,-20373.0,-22942.0,both_timeout,-0.8222558982696455,-21998.0,-24772.0,both_timeout,timeout
400,data/test/3sat/400,3sat_120.cnf,SATISFIABLE,True,3.162878489456177,2.38046,0.7824184894561768,75813.0,87762.0,4687360.0,SATISFIABLE,True,1.4869756790618895,0.551656,0.8776776790618896,23077.0,27394.0,1439359.0,SATISFIABLE,True,1.7606598701019287,0.539777,1.1401078701019287,23077.0,27394.0,1439359.0,SATISFIABLE,True,0.9645459718322752,0.558395,0.3114609718322754,23077.0,27394.0,1439359.0,SATISFIABLE,True,1.6882404217681883,0.576819,1.0373194217681885,23077.0,27394.0,1439359.0,-2.1983325176239017,-52736.0,-60368.0,faster_both_solved,-0.5224297072296143,0.0,0.0,faster_both_solved,-0.7961138982696535,0.0,0.0,faster_both_solved,easy(<10s)
400,data/test/3sat/400,3sat_121.cnf,SATISFIABLE,True,1.9194884894561768,1.13707,0.7824184894561768,47329.0,54623.0,2823769.0,SATISFIABLE,True,2.055873679061889,1.11257,0.8776776790618896,47329.0,54623.0,2823769.0,SATISFIABLE,True,2.3058028701019286,1.09486,1.1401078701019287,47329.0,54623.0,2823769.0,SATISFIABLE,True,1.5415349718322755,1.14176,0.3114609718322754,47329.0,54623.0,2823769.0,SATISFIABLE,True,2.258107421768188,1.14483,1.0373194217681885,47329.0,54623.0,2823769.0,-0.3779535176239013,0.0,0.0,faster_both_solved,-0.5143387072296135,0.0,0.0,faster_both_solved,-0.7642678982696531,0.0,0.0,faster_both_solved,easy(<10s)
400,data/test/3sat/400,3sat_122.cnf,SATISFIABLE,True,60.049018489456174,59.2666,0.7824184894561768,1730118.0,1979322.0,98795504.0,SATISFIABLE,True,59.49418367906189,58.5423,0.8776776790618896,1730118.0,1979322.0,98795504.0,SATISFIABLE,True,59.283376870101925,58.0646,1.1401078701019287,1730118.0,1979322.0,98795504.0,SATISFIABLE,True,57.76775297183228,57.3663,0.3114609718322754,1730118.0,1979322.0,98795504.0,INDETERMINATE,False,61.09141042176819,59.9839,1.0373194217681885,1721648.0,1969706.0,98311337.0,-2.2812655176238934,0.0,0.0,faster_both_solved,-1.7264307072296106,0.0,0.0,faster_both_solved,-1.515623898269645,0.0,0.0,faster_both_solved,hard(>=30s)
400,data/test/3sat/400,3sat_123.cnf,INDETERMINATE,False,60.768018489456175,59.9856,0.7824184894561768,1834776.0,2088069.0,103532485.0,INDETERMINATE,False,60.93467767906189,59.9863,0.8776776790618896,1772192.0,2016196.0,100184278.0,INDETERMINATE,False,61.21387787010193,59.996,1.1401078701019287,1797337.0,2045064.0,101523529.0,INDETERMINATE,False,60.40132597183228,59.9917,0.3114609718322754,1736110.0,1974988.0,98231657.0,INDETERMINATE,False,61.10737442176819,59.9855,1.0373194217681885,1717689.0,1954003.0,97225721.0,-0.3666925176238962,-98666.0,-113081.0,both_timeout,-0.5333517072296132,-36082.0,-41208.0,both_timeout,-0.8125518982696533,-61227.0,-70076.0,both_timeout,timeout
400,data/test/3sat/400,3sat_124.cnf,SATISFIABLE,True,0.7977194894561768,0.015301,0.7824184894561768,654.0,900.0,43163.0,SATISFIABLE,True,0.9332216790618896,0.015529,0.8776776790618896,654.0,900.0,43163.0,SATISFIABLE,True,1.2077488701019288,0.019949,1.1401078701019287,654.0,900.0,43163.0,SATISFIABLE,True,0.3925739718322754,0.016115,0.3114609718322754,654.0,900.0,43163.0,SATISFIABLE,True,1.1040804217681883,0.020444,1.0373194217681885,654.0,900.0,43163.0,-0.4051455176239014,0.0,0.0,faster_both_solved,-0.5406477072296142,0.0,0.0,faster_both_solved,-0.8151748982696534,0.0,0.0,faster_both_solved,easy(<10s)
400,data/test/3sat/400,3sat_125.cnf,SATISFIABLE,True,3.1999084894561767,2.41749,0.7824184894561768,87018.0,101016.0,5296049.0,SATISFIABLE,True,3.5243006790618896,2.57572,0.8776776790618896,87018.0,101016.0,5296049.0,SATISFIABLE,True,3.760552870101929,2.55254,1.1401078701019287,87018.0,101016.0,5296049.0,SATISFIABLE,True,2.8464070028228763,2.46058,0.300915002822876,87018.0,101016.0,5296049.0,SATISFIABLE,True,2.6100234217681884,1.49591,1.0373194217681885,57267.0,67048.0,3451006.0,-0.3535014866333004,0.0,0.0,faster_both_solved,-0.6778936762390133,0.0,0.0,faster_both_solved,-0.9141458672790526,0.0,0.0,faster_both_solved,easy(<10s)
400,data/test/3sat/400,3sat_126.cnf,INDETERMINATE,False,60.760118489456175,59.9777,0.7824184894561768,1765500.0,2018380.0,100920230.0,INDETERMINATE,False,60.945056679061885,59.9841,0.8776776790618896,1763899.0,2016613.0,100832392.0,INDETERMINATE,False,61.191522870101934,59.9742,1.1401078701019287,1789349.0,2045516.0,102295963.0,INDETERMINATE,False,60.36510800282288,59.9727,0.300915002822876,1762935.0,2015508.0,100775514.0,INDETERMINATE,False,61.08470742176819,59.9814,1.0373194217681885,1699083.0,1942832.0,97152381.0,-0.3950104866332964,-2565.0,-2872.0,both_timeout,-0.579948676239006,-964.0,-1105.0,both_timeout,-0.8264148672790554,-26414.0,-30008.0,both_timeout,timeout
400,data/test/3sat/400,3sat_127.cnf,INDETERMINATE,False,60.76251848945618,59.9801,0.7824184894561768,1639790.0,1894532.0,95181880.0,INDETERMINATE,False,60.93949067906189,59.9884,0.8776776790618896,1645471.0,1901067.0,95485532.0,INDETERMINATE,False,61.18827787010193,59.9832,1.1401078701019287,1649498.0,1905718.0,95699282.0,INDETERMINATE,False,60.37397400282288,59.9886,0.300915002822876,1634449.0,1888507.0,94888901.0,INDETERMINATE,False,61.10153142176819,59.9823,1.0373194217681885,1655460.0,1905026.0,93276703.0,-0.3885444866333003,-5341.0,-6025.0,both_timeout,-0.5655166762390138,-11022.0,-12560.0,both_timeout,-0.814303867279051,-15049.0,-17211.0,both_timeout,timeout
400,data/test/3sat/400,3sat_128.cnf,SATISFIABLE,True,29.113118489456177,28.3307,0.7824184894561768,972401.0,1117185.0,56912346.0,SATISFIABLE,True,7.5214596790618895,6.56916,0.8776776790618896,238642.0,275833.0,14368684.0,SATISFIABLE,True,7.874879870101928,6.66491,1.1401078701019287,238642.0,275833.0,14368684.0,SATISFIABLE,True,6.877800002822876,6.48703,0.300915002822876,238642.0,275833.0,14368684.0,SATISFIABLE,True,8.13323042176819,7.00887,1.0373194217681885,238642.0,275833.0,14368684.0,-22.2353184866333,-733759.0,-841352.0,faster_both_solved,-0.6436596762390137,0.0,0.0,faster_both_solved,-0.9970798672790524,0.0,0.0,faster_both_solved,medium(10-30s)
400,data/test/3sat/400,3sat_129.cnf,SATISFIABLE,True,1.438345489456177,0.655927,0.7824184894561768,28034.0,33114.0,1750425.0,SATISFIABLE,True,1.5816646790618896,0.628581,0.8776776790618896,28034.0,33114.0,1750425.0,SATISFIABLE,True,1.8776578701019289,0.659807,1.1401078701019287,28034.0,33114.0,1750425.0,SATISFIABLE,True,1.066321002822876,0.666399,0.300915002822876,28034.0,33114.0,1750425.0,SATISFIABLE,True,1.7684064217681883,0.647632,1.0373194217681885,28034.0,33114.0,1750425.0,-0.3720244866333009,0.0,0.0,faster_both_solved,-0.5153436762390136,0.0,0.0,faster_both_solved,-0.8113368672790529,0.0,0.0,faster_both_solved,easy(<10s)
400,data/test/3sat/400,3sat_13.cnf,INDETERMINATE,False,60.76751848945618,59.9851,0.7824184894561768,1724801.0,1980254.0,98972462.0,INDETERMINATE,False,60.93797367906189,59.9874,0.8776776790618896,1730272.0,1986436.0,99278985.0,INDETERMINATE,False,61.216739870101925,59.998,1.1401078701019287,1725450.0,1971112.0,99985393.0,INDETERMINATE,False,60.37369500282288,59.9821,0.300915002822876,1707735.0,1951150.0,99005007.0,INDETERMINATE,False,61.09132642176819,59.9803,1.0373194217681885,1657004.0,1893890.0,96171873.0,-0.3938234866333019,-17066.0,-29104.0,both_timeout,-0.5642786762390131,-22537.0,-35286.0,both_timeout,-0.8430448672790476,-17715.0,-19962.0,both_timeout,timeout
400,data/test/3sat/400,3sat_130.cnf,SATISFIABLE,True,4.386588489456177,3.60417,0.7824184894561768,121568.0,139021.0,7304329.0,SATISFIABLE,True,4.51036667906189,3.56428,0.8776776790618896,121568.0,139021.0,7304329.0,SATISFIABLE,True,4.832395870101928,3.62218,1.1401078701019287,121568.0,139021.0,7304329.0,SATISFIABLE,True,4.013781002822876,3.61764,0.300915002822876,121568.0,139021.0,7304329.0,SATISFIABLE,True,4.814119421768188,3.71024,1.0373194217681885,121568.0,139021.0,7304329.0,-0.37280748663330066,0.0,0.0,faster_both_solved,-0.49658567623901373,0.0,0.0,faster_both_solved,-0.8186148672790523,0.0,0.0,faster_both_solved,easy(<10s)
400,data/test/3sat/400,3sat_131.cnf,SATISFIABLE,True,3.3788684894561767,2.59645,0.7824184894561768,82086.0,96037.0,5035591.0,SATISFIABLE,True,3.58325667906189,2.63213,0.8776776790618896,82086.0,96037.0,5035591.0,SATISFIABLE,True,3.885610870101929,2.67255,1.1401078701019287,82086.0,96037.0,5035591.0,SATISFIABLE,True,3.098754002822876,2.70429,0.300915002822876,82086.0,96037.0,5035591.0,SATISFIABLE,True,3.7925724217681887,2.67992,1.0373194217681885,82086.0,96037.0,5035591.0,-0.2801144866333005,0.0,0.0,faster_both_solved,-0.48450267623901366,0.0,0.0,faster_both_solved,-0.7868568672790528,0.0,0.0,faster_both_solved,easy(<10s)
400,data/test/3sat/400,3sat_132.cnf,SATISFIABLE,True,0.8635594894561768,0.081141,0.7824184894561768,4890.0,5982.0,303741.0,SATISFIABLE,True,0.9843546790618896,0.035851,0.8776776790618896,2692.0,3354.0,172420.0,SATISFIABLE,True,1.2476338701019287,0.036907,1.1401078701019287,2692.0,3354.0,172420.0,SATISFIABLE,True,0.4344010028228759,0.039058,0.300915002822876,2692.0,3354.0,172420.0,SATISFIABLE,True,1.1610094217681886,0.044347,1.0373194217681885,2692.0,3354.0,172420.0,-0.42915848663330086,-2198.0,-2628.0,faster_both_solved,-0.5499536762390136,0.0,0.0,faster_both_solved,-0.8132328672790528,0.0,0.0,faster_both_solved,easy(<10s)
400,data/test/3sat/400,3sat_133.cnf,INDETERMINATE,False,60.765918489456176,59.9835,0.7824184894561768,1684581.0,1944193.0,97688280.0,INDETERMINATE,False,60.936996679061885,59.9978,0.8776776790618896,1674782.0,1932853.0,97135486.0,INDETERMINATE,False,61.20326687010193,59.9823,1.1401078701019287,1665092.0,1921719.0,96586136.0,INDETERMINATE,False,60.38712000282288,59.9802,0.300915002822876,1685993.0,1945843.0,97767607.0,INDETERMINATE,False,61.08983142176819,59.9847,1.0373194217681885,1647632.0,1901740.0,95611706.0,-0.3787984866332934,1412.0,1650.0,both_timeout,-0.5498766762390019,11211.0,12990.0,both_timeout,-0.8161468672790448,20901.0,24124.0,both_timeout,timeout
400,data/test/3sat/400,3sat_134.cnf,INDETERMINATE,False,60.766312033844,59.9797,0.7866120338439941,1723376.0,1970068.0,95687057.0,INDETERMINATE,False,60.90781102172851,59.9985,0.8406410217285156,1673551.0,1913805.0,93055747.0,INDETERMINATE,False,60.3191348143158,59.9829,0.2735288143157959,1693848.0,1936604.0,94133771.0,INDETERMINATE,False,60.383689780426025,59.9907,0.2972397804260254,1670686.0,1910466.0,92900917.0,INDETERMINATE,False,60.39231091305542,59.9732,0.3599429130554199,1639799.0,1875247.0,91236650.0,-0.38262225341797773,-52690.0,-59602.0,both_timeout,-0.5241212413024883,-2865.0,-3339.0,both_timeout,0.06455496611022227,-23162.0,-26138.0,both_timeout,timeout
400,data/test/3sat/400,3sat_135.cnf,INDETERMINATE,False,60.749012033844,59.9624,0.7866120338439941,1823490.0,2075168.0,101414026.0,INDETERMINATE,False,60.90186302172851,59.9939,0.8406410217285156,1826352.0,2078429.0,101580685.0,INDETERMINATE,False,60.3067068143158,59.9691,0.2735288143157959,1809032.0,2058540.0,100614422.0,INDETERMINATE,False,60.372741780426026,59.9858,0.2972397804260254,1810090.0,2059719.0,100673228.0,INDETERMINATE,False,60.42518791305542,59.986,0.3599429130554199,1759213.0,2001687.0,97922693.0,-0.37627025341797093,-13400.0,-15449.0,both_timeout,-0.5291212413024837,-16262.0,-18710.0,both_timeout,0.06603496611022308,1058.0,1179.0,both_timeout,timeout
400,data/test/3sat/400,3sat_136.cnf,INDETERMINATE,False,60.775312033844,59.9887,0.7866120338439941,1719544.0,1973188.0,100454471.0,INDETERMINATE,False,60.89872702172851,59.9877,0.8406410217285156,1706658.0,1958390.0,99710506.0,INDETERMINATE,False,60.3194438143158,59.9777,0.2735288143157959,1725769.0,1980327.0,100810981.0,INDETERMINATE,False,60.375167780426025,59.9818,0.2972397804260254,1720002.0,1973705.0,100480798.0,INDETERMINATE,False,60.42617491305542,59.9923,0.3599429130554199,1661377.0,1895524.0,95671847.0,-0.4001442534179773,458.0,517.0,both_timeout,-0.5235592413024861,13344.0,15315.0,both_timeout,0.05572396611022867,-5767.0,-6622.0,both_timeout,timeout
400,data/test/3sat/400,3sat_137.cnf,INDETERMINATE,False,60.76191203384399,59.9753,0.7866120338439941,1723602.0,1952344.0,92831286.0,INDETERMINATE,False,60.90588802172852,59.9902,0.8406410217285156,1732370.0,1962189.0,93306865.0,INDETERMINATE,False,60.34244981431579,59.9963,0.2735288143157959,1733945.0,1963994.0,93393299.0,INDETERMINATE,False,60.38063478042603,59.9904,0.2972397804260254,1746134.0,1977792.0,94050708.0,INDETERMINATE,False,60.40935791305542,59.9673,0.3599429130554199,1718320.0,1946394.0,92548535.0,-0.3812772534179629,22532.0,25448.0,both_timeout,-0.5252532413024937,13764.0,15603.0,both_timeout,0.03818496611023647,12189.0,13798.0,both_timeout,timeout
400,data/test/3sat/400,3sat_138.cnf,SATISFIABLE,True,52.148812033844,51.3622,0.7866120338439941,1595556.0,1815356.0,92138829.0,SATISFIABLE,True,52.37495502172852,51.465,0.8406410217285156,1595556.0,1815356.0,92138829.0,SATISFIABLE,True,49.2612798143158,48.9127,0.2735288143157959,1595556.0,1815356.0,92138829.0,SATISFIABLE,True,51.96392678042602,51.5768,0.2972397804260254,1595556.0,1815356.0,92138829.0,SATISFIABLE,True,51.08844591305542,50.6527,0.3599429130554199,1595556.0,1815356.0,92138829.0,-0.18488525341798123,0.0,0.0,faster_both_solved,-0.41102824130249616,0.0,0.0,faster_both_solved,2.7026469661102226,0.0,0.0,slower_both_solved,hard(>=30s)
400,data/test/3sat/400,3sat_139.cnf,INDETERMINATE,False,60.764612033844,59.978,0.7866120338439941,1794191.0,2058128.0,102212267.0,INDETERMINATE,False,60.88077502172852,59.9754,0.8406410217285156,1778476.0,2040303.0,101312670.0,INDETERMINATE,False,60.3310658143158,59.9808,0.2735288143157959,1841056.0,2111538.0,104840274.0,INDETERMINATE,False,60.36972878042602,59.9906,0.2972397804260254,1786001.0,2048754.0,101746539.0,INDETERMINATE,False,60.42120491305542,59.9867,0.3599429130554199,1818155.0,2085507.0,103547095.0,-0.39488325341798003,-8190.0,-9374.0,both_timeout,-0.5110462413024948,7525.0,8451.0,both_timeout,0.03866296611022335,-55055.0,-62784.0,both_timeout,timeout
400,data/test/3sat/400,3sat_14.cnf,SATISFIABLE,True,4.984742033843994,4.19813,0.7866120338439941,133587.0,154405.0,8365184.0,SATISFIABLE,True,5.132276021728516,4.22257,0.8406410217285156,133587.0,154405.0,8365184.0,SATISFIABLE,True,4.574743814315796,4.23755,0.2735288143157959,133587.0,154405.0,8365184.0,SATISFIABLE,True,4.562390780426025,4.17974,0.2972397804260254,133587.0,154405.0,8365184.0,SATISFIABLE,True,4.716041913055419,4.27954,0.3599429130554199,133587.0,154405.0,8365184.0,-0.4223512534179692,0.0,0.0,faster_both_solved,-0.5698852413024911,0.0,0.0,faster_both_solved,-0.012353033889771048,0.0,0.0,tie_both_solved,easy(<10s)
400,data/test/3sat/400,3sat_140.cnf,SATISFIABLE,True,39.78121203384399,38.9946,0.7866120338439941,1244295.0,1419655.0,73705026.0,SATISFIABLE,True,41.08255402172851,40.163,0.8406410217285156,1244295.0,1419655.0,73705026.0,SATISFIABLE,True,4.339356814315796,3.99658,0.2735288143157959,135171.0,155254.0,8243385.0,SATISFIABLE,True,4.338662780426025,3.971,0.2972397804260254,135171.0,155254.0,8243385.0,SATISFIABLE,True,4.469627913055421,4.03448,0.3599429130554199,135171.0,155254.0,8243385.0,-35.442549253417965,-1109124.0,-1264401.0,faster_both_solved,-36.743891241302485,-1109124.0,-1264401.0,faster_both_solved,-0.0006940338897702958,0.0,0.0,tie_both_solved,hard(>=30s)
400,data/test/3sat/400,3sat_141.cnf,SATISFIABLE,True,3.076242033843994,2.28963,0.7866120338439941,71109.0,82102.0,4299119.0,SATISFIABLE,True,3.277828021728516,2.36003,0.8406410217285156,71109.0,82102.0,4299119.0,SATISFIABLE,True,2.647868814315796,2.30167,0.2735288143157959,71109.0,82102.0,4299119.0,SATISFIABLE,True,2.730374780426025,2.34829,0.2972397804260254,71109.0,82102.0,4299119.0,SATISFIABLE,True,2.84574391305542,2.41639,0.3599429130554199,71109.0,82102.0,4299119.0,-0.345867253417969,0.0,0.0,faster_both_solved,-0.5474532413024908,0.0,0.0,faster_both_solved,0.08250596611022898,0.0,0.0,tie_both_solved,easy(<10s)
400,data/test/3sat/400,3sat_142.cnf,SATISFIABLE,True,2.4417520338439944,1.65514,0.7866120338439941,61037.0,70865.0,3765471.0,SATISFIABLE,True,2.594724021728516,1.68261,0.8406410217285156,61037.0,70865.0,3765471.0,SATISFIABLE,True,2.047909814315796,1.69813,0.2735288143157959,61037.0,70865.0,3765471.0,SATISFIABLE,True,2.0905747804260253,1.69948,0.2972397804260254,61037.0,70865.0,3765471.0,SATISFIABLE,True,2.09891491305542,1.66782,0.3599429130554199,61037.0,70865.0,3765471.0,-0.3511772534179691,0.0,0.0,faster_both_solved,-0.5041492413024908,0.0,0.0,faster_both_solved,0.04266496611022941,0.0,0.0,tie_both_solved,easy(<10s)
400,data/test/3sat/400,3sat_143.cnf,INDETERMINATE,False,60.778512033844,59.9919,0.7866120338439941,1705379.0,1954034.0,97969959.0,INDETERMINATE,False,60.91649502172852,59.9883,0.8406410217285156,1699738.0,1947676.0,97662984.0,INDETERMINATE,False,61.1158831524353,59.9846,1.0462851524353027,1689133.0,1935798.0,97060094.0,INDETERMINATE,False,60.33326134858704,59.9756,0.2809803485870361,1711865.0,1961434.0,98330363.0,INDETERMINATE,False,61.101126623062136,59.9945,1.0373976230621338,1664353.0,1907366.0,95634399.0,-0.44525068525696554,6486.0,7400.0,both_timeout,-0.5832336731414856,12127.0,13758.0,both_timeout,-0.7826218038482651,22732.0,25636.0,both_timeout,timeout
400,data/test/3sat/400,3sat_144.cnf,INDETERMINATE,False,60.774412033844,59.9878,0.7866120338439941,1627000.0,1848175.0,90326835.0,INDETERMINATE,False,60.897347021728514,59.9847,0.8406410217285156,1645682.0,1880292.0,90948783.0,INDETERMINATE,False,61.100769152435305,59.9851,1.0462851524353027,1578043.0,1792917.0,87723937.0,INDETERMINATE,False,60.34623634858704,59.984,0.2809803485870361,1608721.0,1827554.0,89346527.0,INDETERMINATE,False,61.10084262306213,59.9922,1.0373976230621338,1591315.0,1807890.0,88416264.0,-0.42817568525696004,-18279.0,-20621.0,both_timeout,-0.5511106731414728,-36961.0,-52738.0,both_timeout,-0.7545328038482637,30678.0,34637.0,both_timeout,timeout
400,data/test/3sat/400,3sat_145.cnf,INDETERMINATE,False,60.76601203384399,59.9794,0.7866120338439941,1711520.0,1978290.0,97478919.0,INDETERMINATE,False,60.90147202172852,59.9858,0.8406410217285156,1673432.0,1930440.0,94884463.0,INDETERMINATE,False,61.1034741524353,59.9805,1.0462851524353027,1661209.0,1920163.0,94656804.0,INDETERMINATE,False,60.36510734858703,59.9869,0.2809803485870361,1665312.0,1924977.0,94887163.0,INDETERMINATE,False,61.09427862306214,59.9868,1.0373976230621338,1640633.0,1892704.0,93023482.0,-0.4009046852569611,-46208.0,-53313.0,both_timeout,-0.5363646731414917,-8120.0,-5463.0,both_timeout,-0.7383668038482654,4103.0,4814.0,both_timeout,timeout
400,data/test/3sat/400,3sat_146.cnf,INDETERMINATE,False,60.780712033844,59.9941,0.7866120338439941,1704333.0,1950733.0,95229661.0,INDETERMINATE,False,60.88479102172851,59.9738,0.8406410217285156,1703512.0,1949798.0,95183843.0,INDETERMINATE,False,61.0856011524353,59.9794,1.0462851524353027,1698423.0,1943984.0,94904863.0,INDETERMINATE,False,60.35409534858703,59.9877,0.2809803485870361,1708597.0,1955521.0,95468771.0,INDETERMINATE,False,61.09610262306214,59.996,1.0373976230621338,1652305.0,1891397.0,92365896.0,-0.42661668525696683,4264.0,4788.0,both_timeout,-0.53069567314148,5085.0,5723.0,both_timeout,-0.7315058038482718,10174.0,11537.0,both_timeout,timeout
400,data/test/3sat/400,3sat_147.cnf,SATISFIABLE,True,11.728012033843994,10.9414,0.7866120338439941,392510.0,450448.0,23393708.0,SATISFIABLE,True,11.765263021728517,10.862,0.8406410217285156,392510.0,450448.0,23393708.0,SATISFIABLE,True,11.900575152435303,10.7763,1.0462851524353027,392510.0,450448.0,23393708.0,SATISFIABLE,True,10.985748348587036,10.6219,0.2809803485870361,392510.0,450448.0,23393708.0,SATISFIABLE,True,12.310625623062132,11.212,1.0373976230621338,392510.0,450448.0,23393708.0,-0.7422636852569582,0.0,0.0,faster_both_solved,-0.779514673141481,0.0,0.0,faster_both_solved,-0.9148268038482676,0.0,0.0,faster_both_solved,medium(10-30s)
400,data/test/3sat/400,3sat_148.cnf,INDETERMINATE,False,60.768512033844,59.9819,0.7866120338439941,1783203.0,2047790.0,103857835.0,INDETERMINATE,False,60.884950021728514,59.9781,0.8406410217285156,1770730.0,2033436.0,103111649.0,INDETERMINATE,False,61.1015241524353,59.978,1.0462851524353027,1760444.0,2021707.0,102526173.0,INDETERMINATE,False,60.36737234858704,59.9898,0.2809803485870361,1796602.0,2063160.0,104671239.0,INDETERMINATE,False,61.105134623062135,59.9916,1.0373976230621338,1725635.0,1981490.0,100467174.0,-0.40113968525695753,13399.0,15370.0,both_timeout,-0.5175776731414743,25872.0,29724.0,both_timeout,-0.7341518038482633,36158.0,41453.0,both_timeout,timeout
400,data/test/3sat/400,3sat_149.cnf,SATISFIABLE,True,3.763332033843994,2.97672,0.7866120338439941,97366.0,112279.0,5819460.0,SATISFIABLE,True,3.916357021728516,3.00107,0.8406410217285156,97366.0,112279.0,5819460.0,SATISFIABLE,True,4.306284152435303,3.17024,1.0462851524353027,97366.0,112279.0,5819460.0,SATISFIABLE,True,3.4164953485870364,3.04509,0.2809803485870361,97366.0,112279.0,5819460.0,SATISFIABLE,True,4.217132623062134,3.11476,1.0373976230621338,97366.0,112279.0,5819460.0,-0.34683668525695754,0.0,0.0,faster_both_solved,-0.49986167314147956,0.0,0.0,faster_both_solved,-0.8897888038482669,0.0,0.0,faster_both_solved,easy(<10s)
400,data/test/3sat/400,3sat_15.cnf,INDETERMINATE,False,60.77111203384399,59.9845,0.7866120338439941,1746222.0,1984152.0,98904962.0,INDETERMINATE,False,60.88598102172851,59.9691,0.8406410217285156,1739043.0,1975950.0,98501184.0,INDETERMINATE,False,61.1138011524353,59.9828,1.0462851524353027,1750354.0,1988864.0,99120719.0,INDETERMINATE,False,60.35544234858703,59.982,0.2809803485870361,1740846.0,1978042.0,98602961.0,INDETERMINATE,False,61.09158362306213,59.9828,1.0373976230621338,1691725.0,1922369.0,95921933.0,-0.41566968525695813,-5376.0,-6110.0,both_timeout,-0.5305386731414785,1803.0,2092.0,both_timeout,-0.7583588038482674,-9508.0,-10822.0,both_timeout,timeout
400,data/test/3sat/400,3sat_150.cnf,SATISFIABLE,True,1.0950030338439942,0.308391,0.7866120338439941,16970.0,19929.0,1057698.0,SATISFIABLE,True,1.2262970217285156,0.315382,0.8406410217285156,16970.0,19929.0,1057698.0,SATISFIABLE,True,1.4146321524353027,0.312269,1.0462851524353027,16970.0,19929.0,1057698.0,SATISFIABLE,True,0.6840363485870362,0.309039,0.2809803485870361,16970.0,19929.0,1057698.0,SATISFIABLE,True,1.4190866230621335,0.321314,1.0373976230621338,16970.0,19929.0,1057698.0,-0.410966685256958,0.0,0.0,faster_both_solved,-0.5422606731414794,0.0,0.0,faster_both_solved,-0.7305958038482665,0.0,0.0,faster_both_solved,easy(<10s)
400,data/test/3sat/400,3sat_151.cnf,INDETERMINATE,False,60.76561203384399,59.979,0.7866120338439941,1731858.0,1968361.0,99517387.0,INDETERMINATE,False,60.88782102172852,59.9825,0.8406410217285156,1724121.0,1951304.0,100012855.0,INDETERMINATE,False,61.1083981524353,59.985,1.0462851524353027,1737832.0,1975186.0,99859211.0,INDETERMINATE,False,60.34957534858704,59.9894,0.2809803485870361,1707848.0,1941055.0,98174062.0,INDETERMINATE,False,61.10670062306213,59.9878,1.0373976230621338,1723295.0,1950332.0,99966241.0,-0.41603668525695525,-24010.0,-27306.0,both_timeout,-0.538245673141482,-16273.0,-10249.0,both_timeout,-0.7588228038482612,-29984.0,-34131.0,both_timeout,timeout
400,data/test/3sat/400,3sat_152.cnf,INDETERMINATE,False,60.825795531845095,59.9806,0.8451955318450928,1754000.0,2016396.0,97939179.0,INDETERMINATE,False,60.7253417848053,59.9789,0.6721727848052979,1756451.0,2019230.0,98067642.0,INDETERMINATE,False,61.1205631524353,59.9917,1.0462851524353027,1755513.0,2018162.0,98019243.0,INDETERMINATE,False,60.34566811656189,59.9832,0.2829511165618896,1720610.0,1978098.0,96142528.0,INDETERMINATE,False,61.09235062306213,59.9766,1.0373976230621338,1707259.0,1962849.0,95437364.0,-0.48012741528320646,-33390.0,-38298.0,both_timeout,-0.379673668243413,-35841.0,-41132.0,both_timeout,-0.7748950358734135,-34903.0,-40064.0,both_timeout,timeout
400,data/test/3sat/400,3sat_153.cnf,INDETERMINATE,False,60.836695531845095,59.9915,0.8451955318450928,1674930.0,1904782.0,93547195.0,INDETERMINATE,False,60.7248707848053,59.9725,0.6721727848052979,1730712.0,1966811.0,95977592.0,INDETERMINATE,False,61.1191061524353,59.9944,1.0462851524353027,1659862.0,1888099.0,92725761.0,INDETERMINATE,False,60.34981211656189,59.9823,0.2829511165618896,1645515.0,1872043.0,91948901.0,INDETERMINATE,False,61.10683862306213,59.9882,1.0373976230621338,1607126.0,1829230.0,89845288.0,-0.4868834152832022,-29415.0,-32739.0,both_timeout,-0.3750586682434047,-85197.0,-94768.0,both_timeout,-0.7692940358734077,-14347.0,-16056.0,both_timeout,timeout
400,data/test/3sat/400,3sat_154.cnf,SATISFIABLE,True,2.007115531845093,1.16192,0.8451955318450928,42118.0,49122.0,2596236.0,SATISFIABLE,True,1.9037417848052975,1.16096,0.6721727848052979,42118.0,49122.0,2596236.0,SATISFIABLE,True,1.2913381524353027,0.171536,1.0462851524353027,9781.0,11606.0,611335.0,SATISFIABLE,True,0.5496731165618897,0.178869,0.2829511165618896,9781.0,11606.0,611335.0,SATISFIABLE,True,2.3415086230621336,1.21605,1.0373976230621338,42118.0,49122.0,2596236.0,-1.4574424152832033,-32337.0,-37516.0,faster_both_solved,-1.354068668243408,-32337.0,-37516.0,faster_both_solved,-0.741665035873413,0.0,0.0,faster_both_solved,easy(<10s)
400,data/test/3sat/400,3sat_155.cnf,INDETERMINATE,False,60.83099553184509,59.9858,0.8451955318450928,1797220.0,2046500.0,99824827.0,INDETERMINATE,False,60.73058578480529,59.98,0.6721727848052979,1747487.0,1990538.0,97153018.0,INDETERMINATE,False,61.1159131524353,59.9833,1.0462851524353027,1778515.0,2025463.0,98830976.0,INDETERMINATE,False,60.314784116561896,59.9376,0.2829511165618896,1724286.0,1964264.0,95870687.0,INDETERMINATE,False,61.11683262306213,59.9984,1.0373976230621338,1682896.0,1917450.0,93665689.0,-0.5162114152831947,-72934.0,-82236.0,both_timeout,-0.4158016682433967,-23201.0,-26274.0,both_timeout,-0.8011290358734016,-54229.0,-61199.0,both_timeout,timeout
400,data/test/3sat/400,3sat_156.cnf,INDETERMINATE,False,60.82869553184509,59.9835,0.8451955318450928,1711335.0,1953318.0,96720962.0,INDETERMINATE,False,60.7378397848053,59.9941,0.6721727848052979,1709031.0,1950680.0,96598844.0,INDETERMINATE,False,61.1245881524353,59.9987,1.0462851524353027,1704438.0,1945567.0,96351638.0,INDETERMINATE,False,60.36759411656189,59.9865,0.2829511165618896,1678077.0,1915892.0,94905133.0,INDETERMINATE,False,61.106237623062135,59.9912,1.0373976230621338,1641320.0,1874256.0,92881102.0,-0.4611014152832027,-33258.0,-37426.0,both_timeout,-0.3702456682434132,-30954.0,-34788.0,both_timeout,-0.7569940358734115,-26361.0,-29675.0,both_timeout,timeout
400,data/test/3sat/400,3sat_157.cnf,SATISFIABLE,True,3.2106355318450928,2.36544,0.8451955318450928,75250.0,88905.0,4657000.0,SATISFIABLE,True,27.950186784805297,27.1909,0.6721727848052979,873297.0,1013956.0,52333641.0,SATISFIABLE,True,28.609743152435303,27.4938,1.0462851524353027,873297.0,1013956.0,52333641.0,SATISFIABLE,True,28.20453011656189,27.8354,0.2829511165618896,873297.0,1013956.0,52333641.0,SATISFIABLE,True,3.616352623062134,2.50566,1.0373976230621338,75250.0,88905.0,4657000.0,24.9938945847168,798047.0,925051.0,slower_both_solved,0.2543433317565942,0.0,0.0,slower_both_solved,-0.4052130358734125,0.0,0.0,faster_both_solved,easy(<10s)
400,data/test/3sat/400,3sat_158.cnf,INDETERMINATE,False,60.83869553184509,59.9935,0.8451955318450928,1732655.0,1959987.0,96065449.0,INDETERMINATE,False,60.7284677848053,59.9813,0.6721727848052979,1706397.0,1930524.0,94636217.0,INDETERMINATE,False,61.1109731524353,59.9901,1.0462851524353027,1721758.0,1947778.0,95466505.0,INDETERMINATE,False,60.36440211656189,59.9792,0.2829511165618896,1741545.0,1970141.0,96552497.0,INDETERMINATE,False,61.06601362306213,59.9669,1.0373976230621338,1655002.0,1872993.0,91883171.0,-0.47429341528319924,8890.0,10154.0,both_timeout,-0.3640656682434056,35148.0,39617.0,both_timeout,-0.7465710358734086,19787.0,22363.0,both_timeout,timeout
400,data/test/3sat/400,3sat_159.cnf,INDETERMINATE,False,60.80449553184509,59.9593,0.8451955318450928,1757427.0,2014381.0,100731509.0,INDETERMINATE,False,60.7344217848053,59.9887,0.6721727848052979,1750587.0,2006584.0,100343226.0,INDETERMINATE,False,61.1085151524353,59.983,1.0462851524353027,1746523.0,2001828.0,100111984.0,INDETERMINATE,False,60.364576116561885,59.9822,0.2829511165618896,1751606.0,2007770.0,100400035.0,INDETERMINATE,False,61.07158362306214,59.9714,1.0373976230621338,1721929.0,1973796.0,98731974.0,-0.43991941528320666,-5821.0,-6611.0,both_timeout,-0.36984566824341414,1019.0,1186.0,both_timeout,-0.7439390358734173,5083.0,5942.0,both_timeout,timeout
400,data/test/3sat/400,3sat_16.cnf,INDETERMINATE,False,60.83729553184509,59.9921,0.8451955318450928,1857289.0,2108406.0,106598255.0,INDETERMINATE,False,60.72597878480529,59.983,0.6721727848052979,1855534.0,2106417.0,106497261.0,INDETERMINATE,False,61.0829471524353,59.9677,1.0462851524353027,1851958.0,2102380.0,106290605.0,INDETERMINATE,False,60.36062611656189,59.9796,0.2829511165618896,1822031.0,2068591.0,104560054.0,INDETERMINATE,False,61.096542623062135,59.9897,1.0373976230621338,1756390.0,1993672.0,100705726.0,-0.4766694152832045,-35258.0,-39815.0,both_timeout,-0.3653526682434034,-33503.0,-37826.0,both_timeout,-0.7223210358734136,-29927.0,-33789.0,both_timeout,timeout
400,data/test/3sat/400,3sat_160.cnf,INDETERMINATE,False,60.81149553184509,59.9663,0.8451955318450928,1760738.0,2011388.0,97785781.0,INDETERMINATE,False,60.7230497848053,59.9858,0.6721727848052979,1754470.0,2004276.0,97448981.0,INDETERMINATE,False,61.1248471524353,59.9897,1.0462851524353027,1751548.0,2001037.0,97292183.0,INDETERMINATE,False,60.33043511656189,59.9585,0.2829511165618896,1744026.0,1992525.0,96882202.0,INDETERMINATE,False,61.069527623062136,59.9669,1.0373976230621338,1745842.0,1994610.0,96979430.0,-0.48106041528320276,-16712.0,-18863.0,both_timeout,-0.39261466824341085,-10444.0,-11751.0,both_timeout,-0.7944120358734139,-7522.0,-8512.0,both_timeout,timeout
400,data/test/3sat/400,3sat_161.cnf,INDETERMINATE,False,60.837595531845096,59.9924,0.8451955318450928,1820981.0,2073227.0,104796751.0,INDETERMINATE,False,60.7267487848053,59.9909,0.6721727848052979,1824001.0,2076723.0,104968056.0,INDETERMINATE,False,61.13823719752503,59.9849,1.0656301975250244,1821026.0,2073278.0,104799353.0,INDETERMINATE,False,60.3593404019928,59.9942,0.2843554019927978,1812980.0,2064135.0,104352712.0,INDETERMINATE,False,61.04639633409119,59.9614,1.0186803340911863,1777647.0,2023604.0,102419876.0,-0.47825512985229324,-8001.0,-9092.0,both_timeout,-0.3674083828124992,-11021.0,-12588.0,both_timeout,-0.7788967955322263,-8046.0,-9143.0,both_timeout,timeout
400,data/test/3sat/400,3sat_162.cnf,INDETERMINATE,False,60.822995531845095,59.9778,0.8451955318450928,1647827.0,1860987.0,92276684.0,INDETERMINATE,False,60.7360447848053,59.9913,0.6721727848052979,1647904.0,1861075.0,92280812.0,INDETERMINATE,False,61.13296719752503,59.9853,1.0656301975250244,1638941.0,1850880.0,91800408.0,INDETERMINATE,False,60.3371004019928,59.9722,0.2843554019927978,1645302.0,1858124.0,92140317.0,INDETERMINATE,False,61.08067333409119,59.9941,1.0186803340911863,1578553.0,1783179.0,88593019.0,-0.4858951298522953,-2525.0,-2863.0,both_timeout,-0.3989443828125019,-2602.0,-2951.0,both_timeout,-0.795866795532234,6361.0,7244.0,both_timeout,timeout
400,data/test/3sat/400,3sat_163.cnf,INDETERMINATE,False,60.81969553184509,59.9745,0.8451955318450928,1763196.0,2001521.0,98790630.0,SATISFIABLE,True,29.2934937848053,28.5546,0.6721727848052979,915021.0,1050086.0,53803425.0,SATISFIABLE,True,29.081420197525027,27.9432,1.0656301975250244,915021.0,1050086.0,53803425.0,SATISFIABLE,True,28.9115464019928,28.5309,0.2843554019927978,915021.0,1050086.0,53803425.0,SATISFIABLE,True,30.950278334091188,29.8661,1.0186803340911863,915021.0,1050086.0,53803425.0,-31.90814912985229,-848175.0,-951435.0,recovered_timeout,-0.3819473828124984,0.0,0.0,faster_both_solved,-0.1698737955322258,0.0,0.0,faster_both_solved,timeout
400,data/test/3sat/400,3sat_164.cnf,INDETERMINATE,False,60.82399553184509,59.9788,0.8451955318450928,1770182.0,2030808.0,102630591.0,INDETERMINATE,False,60.713419784805296,59.9641,0.6721727848052979,1703055.0,1951373.0,97642398.0,INDETERMINATE,False,61.13427619752503,59.9948,1.0656301975250244,1759661.0,2018685.0,102025787.0,INDETERMINATE,False,60.3741124019928,59.9906,0.2843554019927978,1755539.0,2013915.0,101784123.0,INDETERMINATE,False,61.08798233409119,59.9911,1.0186803340911863,1670317.0,1914633.0,95799146.0,-0.44988312985229584,-14643.0,-16893.0,both_timeout,-0.3393073828124997,52484.0,62542.0,both_timeout,-0.760163795532236,-4122.0,-4770.0,both_timeout,timeout
400,data/test/3sat/400,3sat_165.cnf,SATISFIABLE,True,0.9642135318450928,0.119018,0.8451955318450928,7043.0,8408.0,453223.0,SATISFIABLE,True,0.8652457848052979,0.120494,0.6721727848052979,7043.0,8408.0,453223.0,SATISFIABLE,True,1.1593831975250244,0.020006,1.0656301975250244,1169.0,1491.0,77588.0,SATISFIABLE,True,0.4015334019927978,0.026063,0.2843554019927978,1169.0,1491.0,77588.0,SATISFIABLE,True,1.2242813340911864,0.133299,1.0186803340911863,7043.0,8408.0,453223.0,-0.562680129852295,-5874.0,-6917.0,faster_both_solved,-0.4637123828125001,-5874.0,-6917.0,faster_both_solved,-0.7578497955322265,0.0,0.0,faster_both_solved,easy(<10s)
400,data/test/3sat/400,3sat_166.cnf,INDETERMINATE,False,60.84169553184509,59.9965,0.8451955318450928,1848214.0,2110185.0,103826125.0,INDETERMINATE,False,60.726970784805296,59.9854,0.6721727848052979,1839920.0,2100636.0,103366750.0,INDETERMINATE,False,61.11448419752502,59.9899,1.0656301975250244,1828529.0,2087701.0,102739646.0,INDETERMINATE,False,60.3741064019928,59.9981,0.2843554019927978,1841776.0,2102776.0,103466563.0,INDETERMINATE,False,61.07255333409118,59.9877,1.0186803340911863,1726889.0,1971775.0,97187511.0,-0.46758912985229273,-6438.0,-7409.0,both_timeout,-0.35286438281249843,1856.0,2140.0,both_timeout,-0.7403777955322255,13247.0,15075.0,both_timeout,timeout
400,data/test/3sat/400,3sat_167.cnf,SATISFIABLE,True,11.113595531845093,10.2684,0.8451955318450928,399529.0,460797.0,23951550.0,SATISFIABLE,True,11.104682784805298,10.3542,0.6721727848052979,399529.0,460797.0,23951550.0,SATISFIABLE,True,11.496923197525025,10.3635,1.0656301975250244,399529.0,460797.0,23951550.0,SATISFIABLE,True,10.698219401992796,10.3273,0.2843554019927978,399529.0,460797.0,23951550.0,SATISFIABLE,True,11.939513334091188,10.8521,1.0186803340911863,399529.0,460797.0,23951550.0,-0.4153761298522962,0.0,0.0,faster_both_solved,-0.40646338281250216,0.0,0.0,faster_both_solved,-0.7987037955322283,0.0,0.0,faster_both_solved,medium(10-30s)
400,data/test/3sat/400,3sat_168.cnf,INDETERMINATE,False,60.83539553184509,59.9902,0.8451955318450928,1679706.0,1900188.0,95520859.0,INDETERMINATE,False,60.7114987848053,59.9733,0.6721727848052979,1654454.0,1871538.0,94119609.0,INDETERMINATE,False,61.11410019752503,59.9784,1.0656301975250244,1690938.0,1912914.0,96133807.0,INDETERMINATE,False,60.3645324019928,59.9856,0.2843554019927978,1657615.0,1875162.0,94299079.0,INDETERMINATE,False,61.07572233409119,59.9816,1.0186803340911863,1579730.0,1786987.0,89976160.0,-0.4708631298522903,-22091.0,-25026.0,both_timeout,-0.3469663828125036,3161.0,3624.0,both_timeout,-0.7495677955322364,-33323.0,-37752.0,both_timeout,timeout
400,data/test/3sat/400,3sat_169.cnf,INDETERMINATE,False,60.830695531845095,59.9855,0.8451955318450928,1707679.0,1960482.0,98024281.0,INDETERMINATE,False,60.7382927848053,59.9928,0.6721727848052979,1724586.0,1979957.0,98944303.0,INDETERMINATE,False,61.116206197525024,59.9808,1.0656301975250244,1736924.0,1994188.0,99620711.0,INDETERMINATE,False,60.3674704019928,59.9876,0.2843554019927978,1711535.0,1964935.0,98235539.0,INDETERMINATE,False,61.08772033409119,59.9841,1.0186803340911863,1640624.0,1883293.0,94331763.0,-0.46322512985229736,3856.0,4453.0,both_timeout,-0.3708223828125057,-13051.0,-15022.0,both_timeout,-0.7487357955322267,-25389.0,-29253.0,both_timeout,timeout
400,data/test/3sat/400,3sat_17.cnf,INDETERMINATE,False,60.83539553184509,59.9902,0.8451955318450928,1597528.0,1829934.0,89298871.0,INDETERMINATE,False,60.729505784805305,59.9802,0.6721727848052979,1574696.0,1801261.0,87850548.0,INDETERMINATE,False,61.13698019752502,59.9935,1.0656301975250244,1605782.0,1839369.0,89744667.0,INDETERMINATE,False,60.3622984019928,59.9915,0.2843554019927978,1605424.0,1838938.0,89725931.0,INDETERMINATE,False,61.06878533409119,59.9762,1.0186803340911863,1558365.0,1782647.0,86982177.0,-0.4730971298522846,7896.0,9004.0,both_timeout,-0.3672073828125022,30728.0,37677.0,both_timeout,-0.7746817955322172,-358.0,-431.0,both_timeout,timeout
400,data/test/3sat/400,3sat_170.cnf,INDETERMINATE,False,60.80161999320984,59.9735,0.8281199932098389,1651308.0,1885264.0,91750515.0,INDETERMINATE,False,60.9639977117157,59.9918,0.9045627117156982,1644700.0,1877777.0,91381446.0,INDETERMINATE,False,61.10238019752503,59.9697,1.0656301975250244,1677217.0,1914465.0,93175497.0,INDETERMINATE,False,60.33398072802734,59.9752,0.2636337280273437,1661998.0,1897413.0,92352409.0,INDETERMINATE,False,61.07426333409119,59.9832,1.0186803340911863,1669424.0,1900912.0,94392727.0,-0.4676392651824983,10690.0,12149.0,both_timeout,-0.6300169836883569,17298.0,19636.0,both_timeout,-0.7683994694976874,-15219.0,-17052.0,both_timeout,timeout
400,data/test/3sat/400,3sat_171.cnf,INDETERMINATE,False,60.80881999320984,59.9807,0.8281199932098389,1628812.0,1853199.0,92181140.0,INDETERMINATE,False,60.9685557117157,59.9945,0.9045627117156982,1647289.0,1874066.0,93203675.0,INDETERMINATE,False,61.08363719752502,59.9507,1.0656301975250244,1654871.0,1882589.0,93619755.0,INDETERMINATE,False,60.34611672802735,59.9812,0.2636337280273437,1622612.0,1846188.0,91839983.0,INDETERMINATE,False,61.06491133409119,59.9713,1.0186803340911863,1584099.0,1802255.0,89674199.0,-0.4627032651824905,-6200.0,-7011.0,both_timeout,-0.6224389836883546,-24677.0,-27878.0,both_timeout,-0.7375204694976745,-32259.0,-36401.0,both_timeout,timeout
400,data/test/3sat/400,3sat_172.cnf,INDETERMINATE,False,60.81871999320984,59.9906,0.8281199932098389,1726288.0,1989840.0,100044173.0,INDETERMINATE,False,60.9678367117157,59.9911,0.9045627117156982,1665722.0,1910069.0,95521303.0,INDETERMINATE,False,61.11293119752503,59.9759,1.0656301975250244,1675175.0,1930931.0,97171384.0,INDETERMINATE,False,60.33637972802734,59.9933,0.2636337280273437,1676899.0,1933004.0,97263831.0,INDETERMINATE,False,61.07727733409119,59.9802,1.0186803340911863,1618835.0,1856735.0,92839833.0,-0.4823402651825006,-49389.0,-56836.0,both_timeout,-0.6314569836883592,11177.0,22935.0,both_timeout,-0.77655146949769,1724.0,2073.0,both_timeout,timeout
400,data/test/3sat/400,3sat_173.cnf,INDETERMINATE,False,60.81281999320984,59.9847,0.8281199932098389,1687625.0,1931607.0,96515543.0,INDETERMINATE,False,60.9519517117157,59.9769,0.9045627117156982,1705532.0,1951090.0,97126931.0,INDETERMINATE,False,61.10291719752503,59.9682,1.0656301975250244,1690823.0,1935246.0,96699581.0,INDETERMINATE,False,60.34822472802735,59.9894,0.2636337280273437,1704351.0,1950655.0,97452108.0,INDETERMINATE,False,61.09358033409119,59.9948,1.0186803340911863,1653371.0,1891784.0,94333281.0,-0.4645952651824956,16726.0,19048.0,both_timeout,-0.6037269836883539,-1181.0,-435.0,both_timeout,-0.7546924694976838,13528.0,15409.0,both_timeout,timeout
400,data/test/3sat/400,3sat_174.cnf,INDETERMINATE,False,60.81941999320984,59.9913,0.8281199932098389,1726250.0,1954655.0,96472250.0,INDETERMINATE,False,60.9746147117157,59.9941,0.9045627117156982,1709081.0,1935615.0,95537717.0,INDETERMINATE,False,61.13911019752502,59.9929,1.0656301975250244,1702542.0,1928257.0,95182302.0,INDETERMINATE,False,60.336135728027344,59.9856,0.2636337280273437,1698400.0,1923561.0,94959425.0,INDETERMINATE,False,61.08211533409119,59.9844,1.0186803340911863,1689572.0,1913616.0,94472380.0,-0.48328426518249756,-27850.0,-31094.0,both_timeout,-0.6384789836883584,-10681.0,-12054.0,both_timeout,-0.802974469497677,-4142.0,-4696.0,both_timeout,timeout
400,data/test/3sat/400,3sat_175.cnf,INDETERMINATE,False,60.81881999320984,59.9907,0.8281199932098389,1882887.0,2135203.0,103384420.0,INDETERMINATE,False,60.950059711715696,59.9815,0.9045627117156982,1860726.0,2110238.0,102197283.0,INDETERMINATE,False,61.12287419752502,59.9846,1.0656301975250244,1752841.0,1999301.0,97267894.0,INDETERMINATE,False,60.342546728027344,59.9894,0.2636337280273437,1745809.0,1991153.0,96894748.0,INDETERMINATE,False,61.07910033409119,59.9811,1.0186803340911863,1806694.0,2049250.0,99337401.0,-0.476273265182499,-137078.0,-144050.0,both_timeout,-0.6075129836883519,-114917.0,-119085.0,both_timeout,-0.7803274694976778,-7032.0,-8148.0,both_timeout,timeout
400,data/test/3sat/400,3sat_176.cnf,SATISFIABLE,True,2.0028599932098388,1.17474,0.8281199932098389,44850.0,52377.0,2659490.0,SATISFIABLE,True,2.1687147117156984,1.18653,0.9045627117156982,44850.0,52377.0,2659490.0,SATISFIABLE,True,2.339569197525025,1.20046,1.0656301975250244,44850.0,52377.0,2659490.0,SATISFIABLE,True,1.5320727280273436,1.19128,0.2636337280273437,44850.0,52377.0,2659490.0,SATISFIABLE,True,2.3134573340911864,1.22368,1.0186803340911863,44850.0,52377.0,2659490.0,-0.47078726518249514,0.0,0.0,faster_both_solved,-0.6366419836883548,0.0,0.0,faster_both_solved,-0.8074964694976812,0.0,0.0,faster_both_solved,easy(<10s)
400,data/test/3sat/400,3sat_177.cnf,INDETERMINATE,False,60.81911999320984,59.991,0.8281199932098389,1710002.0,1935107.0,98150621.0,INDETERMINATE,False,60.951494711715696,59.9815,0.9045627117156982,1715262.0,1940993.0,98442774.0,INDETERMINATE,False,61.14445719752503,59.9992,1.0656301975250244,1711864.0,1937200.0,98256446.0,INDETERMINATE,False,60.34229272802734,59.9826,0.2636337280273437,1704072.0,1928461.0,97829709.0,INDETERMINATE,False,61.04957633409119,59.9747,1.0186803340911863,1665863.0,1886088.0,95741314.0,-0.47682726518250007,-5930.0,-6646.0,both_timeout,-0.609201983688358,-11190.0,-12532.0,both_timeout,-0.8021644694976899,-7792.0,-8739.0,both_timeout,timeout
400,data/test/3sat/400,3sat_178.cnf,INDETERMINATE,False,60.80701999320984,59.9789,0.8281199932098389,1799826.0,2081279.0,104115282.0,INDETERMINATE,False,60.9569067117157,59.9806,0.9045627117156982,1811601.0,2094795.0,104795463.0,INDETERMINATE,False,61.11756519752503,59.9804,1.0656301975250244,1809589.0,2092441.0,104678591.0,INDETERMINATE,False,60.32378772802734,59.9818,0.2636337280273437,1793380.0,2073882.0,103743288.0,INDETERMINATE,False,61.09937533409119,59.9968,1.0186803340911863,1738408.0,2008402.0,100308498.0,-0.48323226518250095,-6446.0,-7397.0,both_timeout,-0.6331189836883624,-18221.0,-20913.0,both_timeout,-0.7937774694976909,-16209.0,-18559.0,both_timeout,timeout
400,data/test/3sat/400,3sat_179.cnf,INDETERMINATE,False,60.80041999320984,59.9723,0.8281199932098389,1789312.0,2033582.0,102652912.0,INDETERMINATE,False,60.973947711715695,59.9858,0.9045627117156982,1810757.0,2057866.0,103850842.0,INDETERMINATE,False,61.13849419752502,59.9982,1.0656301975250244,1806443.0,2052981.0,103610397.0,INDETERMINATE,False,60.33900372802734,59.9782,0.2636337280273437,1781981.0,2025269.0,102248561.0,INDETERMINATE,False,61.06074633409119,59.976,1.0186803340911863,1770629.0,2012509.0,101605962.0,-0.4614162651824998,-7331.0,-8313.0,both_timeout,-0.6349439836883519,-28776.0,-32597.0,both_timeout,-0.7994904694976768,-24462.0,-27712.0,both_timeout,timeout
400,data/test/3sat/400,3sat_18.cnf,INDETERMINATE,False,60.80751999320984,59.9794,0.8281199932098389,1668798.0,1906355.0,95501533.0,INDETERMINATE,False,60.9577337117157,59.984,0.9045627117156982,1680363.0,1919453.0,96126760.0,INDETERMINATE,False,60.373351128738406,59.9942,0.2995331287384033,1699537.0,1941180.0,97173579.0,INDETERMINATE,False,60.3204095238037,59.9588,0.2648525238037109,1657401.0,1893449.0,94872673.0,INDETERMINATE,False,60.390357637329096,59.9933,0.3200626373291015,1661318.0,1897911.0,95091113.0,-0.4871104694061401,-11397.0,-12906.0,both_timeout,-0.6373241879120002,-22962.0,-26004.0,both_timeout,-0.05294160493470912,-42136.0,-47731.0,both_timeout,timeout
400,data/test/3sat/400,3sat_180.cnf,SATISFIABLE,True,13.67191999320984,12.8438,0.8281199932098389,479866.0,551097.0,28918715.0,SATISFIABLE,True,14.3728447117157,13.4037,0.9045627117156982,479866.0,551097.0,28918715.0,SATISFIABLE,True,13.712759128738403,13.3388,0.2995331287384033,479866.0,551097.0,28918715.0,SATISFIABLE,True,13.921747523803711,13.5617,0.2648525238037109,479866.0,551097.0,28918715.0,SATISFIABLE,True,13.899558637329102,13.5012,0.3200626373291015,479866.0,551097.0,28918715.0,0.24982753059387086,0.0,0.0,slower_both_solved,-0.45109718791198894,0.0,0.0,faster_both_solved,0.2089883950653082,0.0,0.0,slower_both_solved,medium(10-30s)
400,data/test/3sat/400,3sat_181.cnf,SATISFIABLE,True,2.323029993209839,1.49491,0.8281199932098389,52050.0,59791.0,3130772.0,SATISFIABLE,True,2.467249711715698,1.48954,0.9045627117156982,52050.0,59791.0,3130772.0,SATISFIABLE,True,1.886340128738404,1.51708,0.2995331287384033,52050.0,59791.0,3130772.0,SATISFIABLE,True,1.871183523803711,1.50516,0.2648525238037109,52050.0,59791.0,3130772.0,SATISFIABLE,True,1.9165316373291017,1.51926,0.3200626373291015,52050.0,59791.0,3130772.0,-0.45184646940612794,0.0,0.0,faster_both_solved,-0.5960661879119873,0.0,0.0,faster_both_solved,-0.015156604934693174,0.0,0.0,tie_both_solved,easy(<10s)
400,data/test/3sat/400,3sat_182.cnf,INDETERMINATE,False,60.82131999320984,59.9932,0.8281199932098389,1747098.0,1999892.0,96070166.0,INDETERMINATE,False,60.9498397117157,59.9739,0.9045627117156982,1756830.0,2011081.0,96580854.0,INDETERMINATE,False,60.351214128738405,59.9878,0.2995331287384033,1722937.0,1971879.0,93907503.0,INDETERMINATE,False,60.34192852380371,59.9877,0.2648525238037109,1715754.0,1963650.0,93538799.0,INDETERMINATE,False,60.38527163732911,59.9868,0.3200626373291015,1753051.0,2006764.0,96378338.0,-0.4793914694061314,-31344.0,-36242.0,both_timeout,-0.6079111879119878,-41076.0,-47431.0,both_timeout,-0.009285604934696323,-7183.0,-8229.0,both_timeout,timeout
400,data/test/3sat/400,3sat_183.cnf,INDETERMINATE,False,60.82261999320984,59.9945,0.8281199932098389,1780115.0,2031789.0,99605341.0,INDETERMINATE,False,60.9468607117157,59.9763,0.9045627117156982,1673146.0,1914596.0,94405508.0,INDETERMINATE,False,60.3602361287384,59.9903,0.2995331287384033,1782196.0,2034138.0,99725601.0,INDETERMINATE,False,60.33718852380371,59.9902,0.2648525238037109,1763485.0,2012921.0,98691743.0,INDETERMINATE,False,60.3711616373291,59.9735,0.3200626373291015,1672748.0,1914161.0,94382213.0,-0.48543146940613013,-16630.0,-18868.0,both_timeout,-0.6096721879119897,90339.0,98325.0,both_timeout,-0.023047604934689048,-18711.0,-21217.0,both_timeout,timeout
400,data/test/3sat/400,3sat_184.cnf,INDETERMINATE,False,60.81181999320984,59.9837,0.8281199932098389,1806849.0,2059428.0,103349323.0,INDETERMINATE,False,60.957168711715696,59.9835,0.9045627117156982,1763653.0,2010244.0,100906453.0,INDETERMINATE,False,60.3401221287384,59.9621,0.2995331287384033,1780348.0,2029332.0,101862996.0,INDETERMINATE,False,60.33092452380371,59.9747,0.2648525238037109,1756954.0,2002685.0,100531938.0,INDETERMINATE,False,60.38743763732911,59.9866,0.3200626373291015,1757115.0,2002870.0,100540633.0,-0.4808954694061285,-49895.0,-56743.0,both_timeout,-0.6262441879119862,-6699.0,-7559.0,both_timeout,-0.009197604934691128,-23394.0,-26647.0,both_timeout,timeout
400,data/test/3sat/400,3sat_185.cnf,INDETERMINATE,False,60.81971999320984,59.9916,0.8281199932098389,1900506.0,2148847.0,106359478.0,INDETERMINATE,False,60.942269711715696,59.9683,0.9045627117156982,1868849.0,2112666.0,104598741.0,INDETERMINATE,False,60.365263128738405,59.9945,0.2995331287384033,1842352.0,2082763.0,103128149.0,INDETERMINATE,False,60.34618252380371,59.9773,0.2648525238037109,1889095.0,2135871.0,105731863.0,INDETERMINATE,False,60.376032637329104,59.9745,0.3200626373291015,1812345.0,2065992.0,100360759.0,-0.47353746940612496,-11411.0,-12976.0,both_timeout,-0.5960871879119836,20246.0,23205.0,both_timeout,-0.019080604934693213,46743.0,53108.0,both_timeout,timeout
400,data/test/3sat/400,3sat_186.cnf,INDETERMINATE,False,60.80371999320984,59.9756,0.8281199932098389,1628087.0,1857757.0,88740057.0,INDETERMINATE,False,60.959549711715695,59.983,0.9045627117156982,1627877.0,1857519.0,88727851.0,INDETERMINATE,False,60.3494191287384,59.9842,0.2995331287384033,1616195.0,1844323.0,88087343.0,INDETERMINATE,False,60.35599052380371,59.9898,0.2648525238037109,1623528.0,1852631.0,88489118.0,INDETERMINATE,False,60.38708663732911,59.9915,0.3200626373291015,1623912.0,1853057.0,88510432.0,-0.4477294694061271,-4559.0,-5126.0,both_timeout,-0.6035591879119835,-4349.0,-4888.0,both_timeout,0.006571395065314789,7333.0,8308.0,both_timeout,timeout
400,data/test/3sat/400,3sat_187.cnf,INDETERMINATE,False,60.80261999320984,59.9745,0.8281199932098389,1632622.0,1879653.0,91569523.0,INDETERMINATE,False,60.934037711715696,59.967,0.9045627117156982,1633041.0,1878717.0,91741905.0,INDETERMINATE,False,60.3602181287384,59.9839,0.2995331287384033,1641242.0,1888028.0,92195057.0,INDETERMINATE,False,60.34509352380371,59.9752,0.2648525238037109,1652840.0,1901235.0,92830431.0,INDETERMINATE,False,60.37052163732911,59.9829,0.3200626373291015,1656421.0,1905284.0,93032213.0,-0.45752646940612607,20218.0,21582.0,both_timeout,-0.5889441879119843,19799.0,22518.0,both_timeout,-0.015124604934690922,11598.0,13207.0,both_timeout,timeout
400,data/test/3sat/400,3sat_188.cnf,INDETERMINATE,False,60.80111999320984,59.973,0.8281199932098389,1827869.0,2084183.0,104202064.0,SATISFIABLE,True,26.351198711715696,25.3877,0.9045627117156982,892642.0,1020150.0,51846480.0,SATISFIABLE,True,25.62994512873841,25.2786,0.2995331287384033,892642.0,1020150.0,51846480.0,SATISFIABLE,True,25.73148152380371,25.3849,0.2648525238037109,892642.0,1020150.0,51846480.0,INDETERMINATE,False,60.35733263732911,59.9804,0.3200626373291015,1838195.0,2096034.0,104782455.0,-35.06963846940613,-935227.0,-1064033.0,recovered_timeout,-0.6197171879119878,0.0,0.0,faster_both_solved,0.10153639506529899,0.0,0.0,slower_both_solved,timeout
400,data/test/3sat/400,3sat_189.cnf,INDETERMINATE,False,60.75317826652527,59.979,0.7741782665252686,1648881.0,1882829.0,94423451.0,SATISFIABLE,True,14.820281207504271,13.7697,0.9777162075042723,486885.0,560599.0,28846336.0,SATISFIABLE,True,14.698537058288574,13.786,0.8397550582885742,486885.0,560599.0,28846336.0,SATISFIABLE,True,13.914626224334716,13.5628,0.2572932243347168,486885.0,560599.0,28846336.0,INDETERMINATE,False,60.890516436340334,59.9842,0.829289436340332,1597394.0,1824865.0,91549919.0,-46.83855204219055,-1161996.0,-1322230.0,recovered_timeout,-0.9056549831695548,0.0,0.0,faster_both_solved,-0.7839108339538576,0.0,0.0,faster_both_solved,timeout
400,data/test/3sat/400,3sat_19.cnf,SATISFIABLE,True,3.609918266525269,2.83574,0.7741782665252686,89648.0,102340.0,5281405.0,SATISFIABLE,True,3.909932207504272,2.85663,0.9777162075042723,89648.0,102340.0,5281405.0,SATISFIABLE,True,1.8683180582885743,0.967349,0.8397550582885742,32619.0,37875.0,1910478.0,SATISFIABLE,True,1.2161732243347168,0.878273,0.2572932243347168,32619.0,37875.0,1910478.0,SATISFIABLE,True,3.891597436340332,3.00198,0.829289436340332,89648.0,102340.0,5281405.0,-2.3937450421905524,-57029.0,-64465.0,faster_both_solved,-2.6937589831695554,-57029.0,-64465.0,faster_both_solved,-0.6521448339538576,0.0,0.0,faster_both_solved,easy(<10s)
400,data/test/3sat/400,3sat_190.cnf,SATISFIABLE,True,0.7905892665252685,0.016411,0.7741782665252686,1353.0,1762.0,87323.0,SATISFIABLE,True,1.0468322075042724,0.014605,0.9777162075042723,1353.0,1762.0,87323.0,SATISFIABLE,True,0.9180790582885742,0.024501,0.8397550582885742,1353.0,1762.0,87323.0,SATISFIABLE,True,0.3577252243347168,0.023995,0.2572932243347168,1353.0,1762.0,87323.0,SATISFIABLE,True,0.921979436340332,0.028341,0.829289436340332,1353.0,1762.0,87323.0,-0.4328640421905517,0.0,0.0,faster_both_solved,-0.6891069831695555,0.0,0.0,faster_both_solved,-0.5603538339538574,0.0,0.0,faster_both_solved,easy(<10s)
400,data/test/3sat/400,3sat_191.cnf,INDETERMINATE,False,60.76017826652527,59.986,0.7741782665252686,1720160.0,1952076.0,96552821.0,INDETERMINATE,False,61.04744520750428,59.9891,0.9777162075042723,1704406.0,1956602.0,94649726.0,INDETERMINATE,False,60.88753105828857,59.9771,0.8397550582885742,1721107.0,1975462.0,95532177.0,INDETERMINATE,False,60.34605322433472,59.9908,0.2572932243347168,1711613.0,1964706.0,95028792.0,INDETERMINATE,False,60.884575436340334,59.9802,0.829289436340332,1649667.0,1894023.0,91725030.0,-0.41412504219055535,-8547.0,12630.0,both_timeout,-0.7013919831695645,7207.0,8104.0,both_timeout,-0.5414778339538557,-9494.0,-10756.0,both_timeout,timeout
400,data/test/3sat/400,3sat_192.cnf,INDETERMINATE,False,60.76367826652527,59.9895,0.7741782665252686,1680466.0,1935860.0,94658282.0,INDETERMINATE,False,61.02190520750428,59.9731,0.9777162075042723,1680945.0,1936431.0,94684052.0,INDETERMINATE,False,60.892573058288576,59.982,0.8397550582885742,1670355.0,1924345.0,94095737.0,INDETERMINATE,False,60.31033822433472,59.9695,0.2572932243347168,1682989.0,1938742.0,94803300.0,INDETERMINATE,False,60.88433443634033,59.9989,0.829289436340332,1635340.0,1884694.0,92120234.0,-0.4533400421905469,2523.0,2882.0,both_timeout,-0.7115669831695612,2044.0,2311.0,both_timeout,-0.582234833953855,12634.0,14397.0,both_timeout,timeout
400,data/test/3sat/400,3sat_193.cnf,INDETERMINATE,False,60.75697826652527,59.9828,0.7741782665252686,1696108.0,1932760.0,97506048.0,INDETERMINATE,False,61.02962320750427,59.9767,0.9777162075042723,1660792.0,1892689.0,95567821.0,INDETERMINATE,False,60.891887058288575,59.9856,0.8397550582885742,1655824.0,1887059.0,95289509.0,INDETERMINATE,False,60.31695022433471,59.977,0.2572932243347168,1658709.0,1890335.0,95453635.0,INDETERMINATE,False,60.89428043634034,59.9836,0.829289436340332,1643233.0,1872864.0,94603211.0,-0.440028042190562,-37399.0,-42425.0,both_timeout,-0.7126729831695613,-2083.0,-2354.0,both_timeout,-0.5749368339538634,2885.0,3276.0,both_timeout,timeout
400,data/test/3sat/400,3sat_194.cnf,INDETERMINATE,False,60.76657826652527,59.9924,0.7741782665252686,1647161.0,1868902.0,93307516.0,INDETERMINATE,False,61.04064720750427,59.991,0.9777162075042723,1627405.0,1846533.0,92223057.0,INDETERMINATE,False,60.88910805828857,59.9841,0.8397550582885742,1633606.0,1853560.0,92566878.0,INDETERMINATE,False,60.33576922433472,59.9927,0.2572932243347168,1628242.0,1847489.0,92268613.0,INDETERMINATE,False,60.87048843634034,59.9607,0.829289436340332,1572362.0,1784594.0,89213413.0,-0.43080904219055327,-18919.0,-21413.0,both_timeout,-0.7048779831695526,837.0,956.0,both_timeout,-0.5533388339538519,-5364.0,-6071.0,both_timeout,timeout
400,data/test/3sat/400,3sat_195.cnf,INDETERMINATE,False,60.75497826652527,59.9808,0.7741782665252686,1785240.0,2036579.0,103794438.0,INDETERMINATE,False,61.04289820750427,59.9911,0.9777162075042723,1777091.0,2027316.0,103317376.0,INDETERMINATE,False,60.903870058288575,59.9792,0.8397550582885742,1785964.0,2037411.0,103837802.0,INDETERMINATE,False,60.33764122433472,59.9858,0.2572932243347168,1786319.0,2037835.0,103856816.0,INDETERMINATE,False,60.88377443634033,59.9821,0.829289436340332,1719186.0,1961060.0,99980821.0,-0.4173370421905531,1079.0,1256.0,both_timeout,-0.705256983169555,9228.0,10519.0,both_timeout,-0.5662288339538577,355.0,424.0,both_timeout,timeout
400,data/test/3sat/400,3sat_196.cnf,SATISFIABLE,True,25.112878266525268,24.3387,0.7741782665252686,885139.0,1017689.0,51832819.0,SATISFIABLE,True,10.317234207504272,9.25905,0.9777162075042723,339864.0,392433.0,20520894.0,SATISFIABLE,True,26.11590105828857,25.1966,0.8397550582885742,885139.0,1017689.0,51832819.0,SATISFIABLE,True,9.621954224334717,9.26157,0.2572932243347168,339864.0,392433.0,20520894.0,SATISFIABLE,True,10.372671436340331,9.48022,0.829289436340332,339864.0,392433.0,20520894.0,-15.490924042190551,-545275.0,-625256.0,faster_both_solved,-0.6952799831695557,0.0,0.0,faster_both_solved,-16.493946833953856,-545275.0,-625256.0,faster_both_solved,medium(10-30s)
400,data/test/3sat/400,3sat_197.cnf,INDETERMINATE,False,60.75387826652527,59.9797,0.7741782665252686,1744001.0,1988325.0,97647571.0,INDETERMINATE,False,61.02923620750427,59.9783,0.9777162075042723,1707714.0,1954807.0,96482701.0,INDETERMINATE,False,60.88698005828857,59.9781,0.8397550582885742,1739816.0,1983583.0,97415587.0,INDETERMINATE,False,60.34423122433471,59.9929,0.2572932243347168,1749212.0,1994237.0,97933107.0,INDETERMINATE,False,60.893544436340335,59.9942,0.829289436340332,1650730.0,1889004.0,93297428.0,-0.4096470421905565,5211.0,5912.0,both_timeout,-0.6850049831695557,41498.0,39430.0,both_timeout,-0.5427488339538584,9396.0,10654.0,both_timeout,timeout
400,data/test/3sat/400,3sat_198.cnf,INDETERMINATE,False,60.74317826652527,59.969,0.7741782665252686,1709258.0,1955510.0,98389295.0,INDETERMINATE,False,61.02429920750428,59.9669,0.9777162075042723,1697068.0,1941474.0,97702934.0,INDETERMINATE,False,60.895914058288575,59.9869,0.8397550582885742,1745077.0,2007203.0,99300898.0,INDETERMINATE,False,60.35758813955689,59.9797,0.2879891395568847,1741527.0,2003091.0,99099297.0,INDETERMINATE,False,60.88215043634033,59.9775,0.829289436340332,1695799.0,1940005.0,97630506.0,-0.38559012696838124,32269.0,47581.0,both_timeout,-0.6667110679473893,44459.0,61617.0,both_timeout,-0.5383259187316867,-3550.0,-4112.0,both_timeout,timeout
400,data/test/3sat/400,3sat_199.cnf,INDETERMINATE,False,60.76397826652527,59.9898,0.7741782665252686,1710936.0,1959683.0,95437065.0,INDETERMINATE,False,61.02404120750428,59.9842,0.9777162075042723,1682002.0,1926364.0,93839701.0,INDETERMINATE,False,60.897873058288575,59.9882,0.8397550582885742,1671601.0,1914289.0,93264528.0,INDETERMINATE,False,60.36362013955688,59.986,0.2879891395568847,1690183.0,1935828.0,94295201.0,INDETERMINATE,False,60.87803543634033,59.9839,0.829289436340332,1637779.0,1875423.0,91323611.0,-0.400358126968392,-20753.0,-23855.0,both_timeout,-0.6604210679474036,8181.0,9464.0,both_timeout,-0.5342529187316956,18582.0,21539.0,both_timeout,timeout
400,data/test/3sat/400,3sat_2.cnf,INDETERMINATE,False,60.75387826652527,59.9797,0.7741782665252686,1698669.0,1938380.0,98704718.0,INDETERMINATE,False,61.01122620750427,59.9655,0.9777162075042723,1691660.0,1930295.0,98313406.0,INDETERMINATE,False,60.900147058288574,59.9872,0.8397550582885742,1691542.0,1930171.0,98307351.0,INDETERMINATE,False,60.35942013955689,59.9825,0.2879891395568847,1709584.0,1950803.0,99305356.0,INDETERMINATE,False,60.881943436340336,59.9919,0.829289436340332,1649695.0,1882272.0,95920851.0,-0.3944581269683809,10915.0,12423.0,both_timeout,-0.6518060679473834,17924.0,20508.0,both_timeout,-0.5407269187316857,18042.0,20632.0,both_timeout,timeout
400,data/test/3sat/400,3sat_20.cnf,SATISFIABLE,True,10.301118266525268,9.52694,0.7741782665252686,361980.0,419239.0,21758927.0,SATISFIABLE,True,10.862877207504273,9.80592,0.9777162075042723,361980.0,419239.0,21758927.0,SATISFIABLE,True,10.523416058288571,9.61103,0.8397550582885742,361980.0,419239.0,21758927.0,SATISFIABLE,True,10.148714139556883,9.75621,0.2879891395568847,361980.0,419239.0,21758927.0,SATISFIABLE,True,5.153337436340332,4.25331,0.829289436340332,138854.0,159894.0,8299544.0,-0.1524041269683849,0.0,0.0,faster_both_solved,-0.7141630679473892,0.0,0.0,faster_both_solved,-0.374701918731688,0.0,0.0,faster_both_solved,medium(10-30s)
400,data/test/3sat/400,3sat_21.cnf,INDETERMINATE,False,60.75527826652527,59.9811,0.7741782665252686,1728829.0,2002495.0,100385874.0,INDETERMINATE,False,61.03837420750427,59.9822,0.9777162075042723,1703550.0,1973324.0,98918377.0,INDETERMINATE,False,60.89107205828858,59.9804,0.8397550582885742,1703504.0,1973263.0,98915440.0,INDETERMINATE,False,60.34221013955688,59.971,0.2879891395568847,1686561.0,1953586.0,97932126.0,INDETERMINATE,False,60.89907643634034,59.9926,0.829289436340332,1666735.0,1930710.0,96813538.0,-0.41306812696839046,-42268.0,-48909.0,both_timeout,-0.696164067947386,-16989.0,-19738.0,both_timeout,-0.5488619187316957,-16943.0,-19677.0,both_timeout,timeout
400,data/test/3sat/400,3sat_22.cnf,SATISFIABLE,True,1.7925882665252686,1.01841,0.7741782665252686,41448.0,48376.0,2524622.0,SATISFIABLE,True,2.1632922075042726,1.11451,0.9777162075042723,43107.0,50298.0,2657822.0,SATISFIABLE,True,2.017780058288574,1.10585,0.8397550582885742,43107.0,50298.0,2657822.0,SATISFIABLE,True,1.4913011395568847,1.12221,0.2879891395568847,43107.0,50298.0,2657822.0,SATISFIABLE,True,2.061179436340332,1.16913,0.829289436340332,43107.0,50298.0,2657822.0,-0.3012871269683839,1659.0,1922.0,faster_both_solved,-0.6719910679473879,0.0,0.0,faster_both_solved,-0.5264789187316894,0.0,0.0,faster_both_solved,easy(<10s)
400,data/test/3sat/400,3sat_23.cnf,INDETERMINATE,False,60.75387826652527,59.9797,0.7741782665252686,1658264.0,1895267.0,91861408.0,INDETERMINATE,False,61.02402820750427,59.9799,0.9777162075042723,1659933.0,1888897.0,92584925.0,INDETERMINATE,False,60.89322805828857,59.9847,0.8397550582885742,1657233.0,1894104.0,91803593.0,INDETERMINATE,False,60.35954813955688,59.9832,0.2879891395568847,1623264.0,1855227.0,89957710.0,INDETERMINATE,False,60.88574243634033,59.9856,0.829289436340332,1617849.0,1840627.0,90258844.0,-0.3943301269683914,-35000.0,-40040.0,both_timeout,-0.6644800679473946,-36669.0,-33670.0,both_timeout,-0.5336799187316927,-33969.0,-38877.0,both_timeout,timeout
400,data/test/3sat/400,3sat_24.cnf,SATISFIABLE,True,3.968178266525269,3.194,0.7741782665252686,97677.0,112677.0,5872880.0,SATISFIABLE,True,4.250465207504273,3.20234,0.9777162075042723,97677.0,112677.0,5872880.0,SATISFIABLE,True,4.165445058288574,3.25426,0.8397550582885742,97677.0,112677.0,5872880.0,SATISFIABLE,True,3.639520139556885,3.26629,0.2879891395568847,97677.0,112677.0,5872880.0,SATISFIABLE,True,4.195124436340332,3.29532,0.829289436340332,97677.0,112677.0,5872880.0,-0.32865812696838415,0.0,0.0,faster_both_solved,-0.6109450679473878,0.0,0.0,faster_both_solved,-0.5259249187316892,0.0,0.0,faster_both_solved,easy(<10s)
400,data/test/3sat/400,3sat_25.cnf,SATISFIABLE,True,1.6911122665252685,0.916934,0.7741782665252686,41249.0,47888.0,2486997.0,SATISFIABLE,True,1.9811572075042725,0.930879,0.9777162075042723,41249.0,47888.0,2486997.0,SATISFIABLE,True,1.8238010582885744,0.917866,0.8397550582885742,41249.0,47888.0,2486997.0,SATISFIABLE,True,1.3104901395568849,0.932967,0.2879891395568847,41249.0,47888.0,2486997.0,SATISFIABLE,True,1.864128436340332,0.953614,0.829289436340332,41249.0,47888.0,2486997.0,-0.3806221269683836,0.0,0.0,faster_both_solved,-0.6706670679473876,0.0,0.0,faster_both_solved,-0.5133109187316895,0.0,0.0,faster_both_solved,easy(<10s)
400,data/test/3sat/400,3sat_26.cnf,INDETERMINATE,False,60.75897826652527,59.9848,0.7741782665252686,1647798.0,1880076.0,94023990.0,INDETERMINATE,False,61.03866020750427,59.9934,0.9777162075042723,1616000.0,1843721.0,92250351.0,INDETERMINATE,False,60.894462058288575,59.9772,0.8397550582885742,1632821.0,1863040.0,93188247.0,INDETERMINATE,False,60.35916913955688,59.9799,0.2879891395568847,1632603.0,1862795.0,93176583.0,INDETERMINATE,False,60.87409943634033,59.9755,0.829289436340332,1589834.0,1814192.0,90803611.0,-0.39980912696838544,-15195.0,-17281.0,both_timeout,-0.6794910679473887,16603.0,19074.0,both_timeout,-0.5352929187316917,-218.0,-245.0,both_timeout,timeout
400,data/test/3sat/400,3sat_27.cnf,SATISFIABLE,True,0.9415644361572266,0.167858,0.7737064361572266,9470.0,11447.0,605518.0,SATISFIABLE,True,1.100113967300415,0.162425,0.861562967300415,9470.0,11447.0,605518.0,SATISFIABLE,True,1.0859802273712158,0.166681,0.8444092273712158,9470.0,11447.0,605518.0,SATISFIABLE,True,0.5292779779510498,0.158515,0.2847449779510498,9470.0,11447.0,605518.0,SATISFIABLE,True,1.2422784347839355,0.160563,1.0208964347839355,9470.0,11447.0,605518.0,-0.4122864582061768,0.0,0.0,faster_both_solved,-0.5708359893493652,0.0,0.0,faster_both_solved,-0.556702249420166,0.0,0.0,faster_both_solved,easy(<10s)
400,data/test/3sat/400,3sat_28.cnf,INDETERMINATE,False,60.740906436157225,59.9672,0.7737064361572266,1793194.0,2053097.0,101498370.0,INDETERMINATE,False,60.92215096730042,59.987,0.861562967300415,1795503.0,2055793.0,101630983.0,INDETERMINATE,False,60.90230322737121,59.9779,0.8444092273712158,1810783.0,2073372.0,102529187.0,INDETERMINATE,False,60.34678297795105,59.9762,0.2847449779510498,1776312.0,2033661.0,100556079.0,INDETERMINATE,False,61.06591543478394,59.9778,1.0208964347839355,1757264.0,2011819.0,99457286.0,-0.3941234582061739,-16882.0,-19436.0,both_timeout,-0.5753679893493668,-19191.0,-22132.0,both_timeout,-0.5555202494201623,-34471.0,-39711.0,both_timeout,timeout
400,data/test/3sat/400,3sat_29.cnf,INDETERMINATE,False,60.76820643615723,59.9945,0.7737064361572266,1817706.0,2071548.0,104287167.0,INDETERMINATE,False,60.91122896730042,59.9819,0.861562967300415,1803346.0,2055324.0,103480312.0,INDETERMINATE,False,60.90851522737121,59.9843,0.8444092273712158,1832335.0,2088078.0,105117626.0,INDETERMINATE,False,60.35203297795105,59.9801,0.2847449779510498,1795825.0,2046889.0,103053273.0,INDETERMINATE,False,61.06676843478394,59.9772,1.0208964347839355,1780749.0,2029730.0,102213049.0,-0.4161734582061811,-21881.0,-24659.0,both_timeout,-0.5591959893493694,-7521.0,-8435.0,both_timeout,-0.5564822494201636,-36510.0,-41189.0,both_timeout,timeout
400,data/test/3sat/400,3sat_3.cnf,INDETERMINATE,False,60.73800643615723,59.9643,0.7737064361572266,1813240.0,2079827.0,106406771.0,INDETERMINATE,False,60.939783967300414,59.988,0.861562967300415,1816876.0,2083897.0,106619961.0,INDETERMINATE,False,60.88089022737122,59.9688,0.8444092273712158,1820738.0,2088295.0,106844597.0,INDETERMINATE,False,60.36516797795105,59.9955,0.2847449779510498,1797090.0,2061206.0,105472804.0,INDETERMINATE,False,61.055363434783935,59.9711,1.0208964347839355,1783667.0,2045711.0,104689371.0,-0.372838458206175,-16150.0,-18621.0,both_timeout,-0.5746159893493612,-19786.0,-22691.0,both_timeout,-0.5157222494201648,-23648.0,-27089.0,both_timeout,timeout
400,data/test/3sat/400,3sat_30.cnf,INDETERMINATE,False,60.75230643615723,59.9786,0.7737064361572266,1722705.0,1962385.0,98936755.0,INDETERMINATE,False,60.93262796730041,59.9921,0.861562967300415,1692667.0,1928301.0,97248004.0,INDETERMINATE,False,60.87287722737122,59.9615,0.8444092273712158,1663857.0,1899272.0,94285100.0,INDETERMINATE,False,60.360613977951054,59.9896,0.2847449779510498,1665133.0,1900734.0,94353928.0,INDETERMINATE,False,61.061605434783935,59.9754,1.0208964347839355,1664223.0,1896191.0,95681628.0,-0.3916924582061725,-57572.0,-61651.0,both_timeout,-0.5720139893493581,-27534.0,-27567.0,both_timeout,-0.5122632494201653,1276.0,1462.0,both_timeout,timeout
400,data/test/3sat/400,3sat_31.cnf,INDETERMINATE,False,60.75560643615723,59.9819,0.7737064361572266,1595981.0,1825193.0,89000655.0,INDETERMINATE,False,60.913188967300414,59.9845,0.861562967300415,1601697.0,1843166.0,89799724.0,INDETERMINATE,False,60.90189522737121,59.9873,0.8444092273712158,1619519.0,1863527.0,90751241.0,INDETERMINATE,False,60.34952797795105,59.9747,0.2847449779510498,1622472.0,1866880.0,90904324.0,INDETERMINATE,False,61.08763143478394,59.9854,1.0208964347839355,1590985.0,1830986.0,89229384.0,-0.4060784582061814,26491.0,41687.0,both_timeout,-0.5636609893493656,20775.0,23714.0,both_timeout,-0.5523672494201648,2953.0,3353.0,both_timeout,timeout
400,data/test/3sat/400,3sat_32.cnf,INDETERMINATE,False,60.753106436157225,59.9794,0.7737064361572266,1740399.0,1968648.0,97737698.0,INDETERMINATE,False,60.92493696730042,59.9902,0.861562967300415,1691155.0,1912759.0,95081412.0,INDETERMINATE,False,60.90532722737122,59.9917,0.8444092273712158,1696491.0,1928012.0,94896018.0,INDETERMINATE,False,60.36299497795105,59.9938,0.2847449779510498,1687171.0,1917425.0,94384920.0,INDETERMINATE,False,61.078111434783935,59.9805,1.0208964347839355,1679137.0,1899178.0,94437707.0,-0.390111458206178,-53228.0,-51223.0,both_timeout,-0.5619419893493713,-3984.0,4666.0,both_timeout,-0.5423322494201699,-9320.0,-10587.0,both_timeout,timeout
400,data/test/3sat/400,3sat_33.cnf,INDETERMINATE,False,60.759106436157225,59.9854,0.7737064361572266,1704844.0,1955865.0,96826171.0,INDETERMINATE,False,60.916013967300415,59.9845,0.861562967300415,1673818.0,1920333.0,95071740.0,INDETERMINATE,False,60.89515622737121,59.9798,0.8444092273712158,1670872.0,1916925.0,94905609.0,INDETERMINATE,False,60.36024697795105,59.9864,0.2847449779510498,1680708.0,1928294.0,95462597.0,INDETERMINATE,False,61.06460743478393,59.9661,1.0208964347839355,1646707.0,1889329.0,93585239.0,-0.3988594582061751,-24136.0,-27571.0,both_timeout,-0.5557669893493653,6890.0,7961.0,both_timeout,-0.5349092494201599,9836.0,11369.0,both_timeout,timeout
400,data/test/3sat/400,3sat_34.cnf,INDETERMINATE,False,60.74760643615723,59.9739,0.7737064361572266,1830090.0,2089095.0,105465073.0,INDETERMINATE,False,60.914696967300415,59.981,0.861562967300415,1861617.0,2135974.0,106037185.0,INDETERMINATE,False,60.88539322737122,59.9699,0.8444092273712158,1889200.0,2167307.0,107580821.0,INDETERMINATE,False,60.35412197795105,59.9866,0.2847449779510498,1901818.0,2181555.0,108288321.0,INDETERMINATE,False,61.09201543478394,59.9926,1.0208964347839355,1855361.0,2128823.0,105691925.0,-0.3934844582061743,71728.0,92460.0,both_timeout,-0.5605749893493623,40201.0,45581.0,both_timeout,-0.5312712494201648,12618.0,14248.0,both_timeout,timeout
400,data/test/3sat/400,3sat_35.cnf,INDETERMINATE,False,60.75580643615723,59.9821,0.7737064361572266,1766929.0,2027317.0,96876004.0,INDETERMINATE,False,60.919948967300414,59.9869,0.861562967300415,1762150.0,2021849.0,96635821.0,INDETERMINATE,False,60.910512227371214,59.9877,0.8444092273712158,1811894.0,2078388.0,99213556.0,INDETERMINATE,False,60.37313997795105,59.9946,0.2847449779510498,1776418.0,2038047.0,97359665.0,INDETERMINATE,False,61.082378434783934,59.9952,1.0208964347839355,1753244.0,2011637.0,96175391.0,-0.38266645820618095,9489.0,10730.0,both_timeout,-0.5468089893493655,14268.0,16198.0,both_timeout,-0.5373722494201658,-35476.0,-40341.0,both_timeout,timeout
400,data/test/3sat/400,3sat_36.cnf,INDETERMINATE,False,60.73530643615722,59.9616,0.7737064361572266,1760251.0,2017349.0,98772550.0,INDETERMINATE,False,60.93591196730042,59.99,0.861562967300415,1720000.0,1966360.0,96626598.0,INDETERMINATE,False,60.908477227371215,59.9839,0.8444092273712158,1721751.0,1968316.0,96722224.0,INDETERMINATE,False,60.328616333007815,59.9855,0.2536163330078125,1727550.0,1974906.0,97040896.0,INDETERMINATE,False,61.076836434783935,59.982,1.0208964347839355,1709516.0,1954483.0,96053761.0,-0.40669010314940124,-32701.0,-42443.0,both_timeout,-0.6072956342926048,7550.0,8546.0,both_timeout,-0.5798608943633994,5799.0,6590.0,both_timeout,timeout
400,data/test/3sat/400,3sat_37.cnf,INDETERMINATE,False,60.74140643615723,59.9677,0.7737064361572266,1773344.0,2013038.0,99318374.0,INDETERMINATE,False,60.90696996730042,59.9806,0.861562967300415,1709239.0,1956878.0,95429364.0,INDETERMINATE,False,60.88275522737121,59.9768,0.8444092273712158,1756467.0,1993679.0,98392366.0,INDETERMINATE,False,60.34240933300781,59.9929,0.2536163330078125,1757322.0,1994632.0,98438776.0,INDETERMINATE,False,61.07400943478394,59.9889,1.0208964347839355,1748750.0,1984794.0,97961176.0,-0.3989971031494193,-16022.0,-18406.0,both_timeout,-0.5645606342926115,48083.0,37754.0,both_timeout,-0.540345894363405,855.0,953.0,both_timeout,timeout
400,data/test/3sat/400,3sat_38.cnf,INDETERMINATE,False,60.76730643615723,59.9936,0.7737064361572266,1778808.0,2028500.0,101117286.0,INDETERMINATE,False,60.91178596730042,59.9804,0.861562967300415,1745399.0,1990763.0,99265371.0,INDETERMINATE,False,60.90820822737122,59.9879,0.8444092273712158,1764283.0,2011966.0,100308507.0,INDETERMINATE,False,60.33863633300781,59.9921,0.2536163330078125,1759066.0,2006118.0,100011957.0,INDETERMINATE,False,61.050944434783936,59.9642,1.0208964347839355,1739529.0,1984100.0,98945908.0,-0.42867010314941467,-19742.0,-22382.0,both_timeout,-0.573149634292605,13667.0,15355.0,both_timeout,-0.5695718943634063,-5217.0,-5848.0,both_timeout,timeout
400,data/test/3sat/400,3sat_39.cnf,INDETERMINATE,False,60.757406436157225,59.9837,0.7737064361572266,1702293.0,1956093.0,94580783.0,INDETERMINATE,False,60.90026996730042,59.9665,0.861562967300415,1710732.0,1965662.0,95038842.0,INDETERMINATE,False,60.91343122737121,59.9959,0.8444092273712158,1713480.0,1968850.0,95183865.0,INDETERMINATE,False,60.31925533300781,59.9799,0.2536163330078125,1726216.0,1983531.0,95854358.0,INDETERMINATE,False,61.07849543478393,59.9777,1.0208964347839355,1692032.0,1944229.0,94046810.0,-0.43815110314941563,23923.0,27438.0,both_timeout,-0.5810146342926075,15484.0,17869.0,both_timeout,-0.5941758943634028,12736.0,14681.0,both_timeout,timeout
400,data/test/3sat/400,3sat_4.cnf,INDETERMINATE,False,60.76010643615723,59.9864,0.7737064361572266,1806029.0,2062956.0,101350431.0,INDETERMINATE,False,60.925134967300416,59.9947,0.861562967300415,1782461.0,2036042.0,100039552.0,INDETERMINATE,False,60.90680122737122,59.9912,0.8444092273712158,1795830.0,2051277.0,100793436.0,INDETERMINATE,False,60.34130033300781,59.9948,0.2536163330078125,1784273.0,2038079.0,100143920.0,INDETERMINATE,False,61.08656443478393,59.9899,1.0208964347839355,1778592.0,2031598.0,99818772.0,-0.41880610314942146,-21756.0,-24877.0,both_timeout,-0.5838346342926073,1812.0,2037.0,both_timeout,-0.5655008943634101,-11557.0,-13198.0,both_timeout,timeout
400,data/test/3sat/400,3sat_40.cnf,INDETERMINATE,False,60.76550643615722,59.9918,0.7737064361572266,1781961.0,2032962.0,101103725.0,INDETERMINATE,False,60.92392996730041,59.9886,0.861562967300415,1762437.0,2010927.0,99999205.0,INDETERMINATE,False,60.89202322737122,59.9701,0.8444092273712158,1768832.0,2018119.0,100370136.0,INDETERMINATE,False,60.32914833300781,59.9843,0.2536163330078125,1777927.0,2028420.0,100877963.0,INDETERMINATE,False,61.082704434783935,59.9856,1.0208964347839355,1751267.0,1998433.0,99352764.0,-0.43635810314940926,-4034.0,-4542.0,both_timeout,-0.5947816342926018,15490.0,17493.0,both_timeout,-0.5628748943634108,9095.0,10301.0,both_timeout,timeout
400,data/test/3sat/400,3sat_41.cnf,INDETERMINATE,False,60.74450643615722,59.9708,0.7737064361572266,1609660.0,1827141.0,89375315.0,INDETERMINATE,False,60.919947967300416,59.9944,0.861562967300415,1592000.0,1807303.0,88423058.0,INDETERMINATE,False,60.90265922737122,59.9853,0.8444092273712158,1602788.0,1819472.0,89002235.0,INDETERMINATE,False,60.34557133300782,59.9913,0.2536163330078125,1614330.0,1832387.0,89633020.0,INDETERMINATE,False,61.08772443478393,59.986,1.0208964347839355,1588913.0,1803864.0,88255196.0,-0.3989351031493982,4670.0,5246.0,both_timeout,-0.574376634292598,22330.0,25084.0,both_timeout,-0.5570878943633986,11542.0,12915.0,both_timeout,timeout
400,data/test/3sat/400,3sat_42.cnf,INDETERMINATE,False,60.76100643615722,59.9873,0.7737064361572266,1841191.0,2090788.0,99592384.0,INDETERMINATE,False,60.915309967300416,59.9831,0.861562967300415,1829125.0,2077049.0,98948299.0,INDETERMINATE,False,60.911848227371216,59.9923,0.8444092273712158,1870762.0,2124325.0,101124093.0,INDETERMINATE,False,60.33385133300781,59.9957,0.2536163330078125,1838363.0,2087584.0,99446343.0,INDETERMINATE,False,61.08399943478394,59.9945,1.0208964347839355,1831366.0,2079639.0,99065611.0,-0.42715510314940985,-2828.0,-3204.0,both_timeout,-0.5814586342926091,9238.0,10535.0,both_timeout,-0.5779968943634088,-32399.0,-36741.0,both_timeout,timeout
400,data/test/3sat/400,3sat_43.cnf,INDETERMINATE,False,60.75340643615723,59.9797,0.7737064361572266,1681627.0,1909898.0,95527943.0,INDETERMINATE,False,60.91558696730041,59.9708,0.861562967300415,1663728.0,1889733.0,94544272.0,INDETERMINATE,False,60.89374322737122,59.976,0.8444092273712158,1658494.0,1883879.0,94258708.0,INDETERMINATE,False,60.329576333007815,59.9956,0.2536163330078125,1647504.0,1871648.0,93650664.0,INDETERMINATE,False,61.08392143478394,59.9962,1.0208964347839355,1649133.0,1873458.0,93745487.0,-0.42383010314941316,-34123.0,-38250.0,both_timeout,-0.5860106342925988,-16224.0,-18085.0,both_timeout,-0.5641668943634031,-10990.0,-12231.0,both_timeout,timeout
400,data/test/3sat/400,3sat_44.cnf,INDETERMINATE,False,60.759106436157225,59.9854,0.7737064361572266,1700581.0,1948490.0,97827920.0,INDETERMINATE,False,60.91974196730041,59.9837,0.861562967300415,1691125.0,1937700.0,97305551.0,INDETERMINATE,False,60.90267622737121,59.9907,0.8444092273712158,1694854.0,1942016.0,97514127.0,INDETERMINATE,False,60.33647333300782,59.9894,0.2536163330078125,1676554.0,1921222.0,96478223.0,INDETERMINATE,False,61.08779943478393,59.9925,1.0208964347839355,1680124.0,1925304.0,96681164.0,-0.4226331031494084,-24027.0,-27268.0,both_timeout,-0.5832686342925939,-14571.0,-16478.0,both_timeout,-0.5662028943633928,-18300.0,-20794.0,both_timeout,timeout
400,data/test/3sat/400,3sat_45.cnf,INDETERMINATE,False,60.7991468208313,59.9918,0.8073468208312988,1817671.0,2048258.0,101353378.0,INDETERMINATE,False,60.874850052932736,59.9869,0.8037960529327393,1783627.0,2009927.0,99476698.0,INDETERMINATE,False,60.24276987797546,59.9846,0.1864268779754638,1802012.0,2030616.0,100494805.0,INDETERMINATE,False,60.35974621806336,59.9943,0.2715442180633545,1797917.0,2026107.0,100268145.0,INDETERMINATE,False,60.349852300491335,59.9902,0.280137300491333,1764160.0,1988121.0,98440483.0,-0.4394006027679396,-19754.0,-22151.0,both_timeout,-0.5151038348693788,14290.0,16180.0,both_timeout,0.11697634008789493,-4095.0,-4509.0,both_timeout,timeout
400,data/test/3sat/400,3sat_46.cnf,SATISFIABLE,True,30.742546820831297,29.9352,0.8073468208312988,977212.0,1110702.0,56336677.0,SATISFIABLE,True,1.0575350529327392,0.176915,0.8037960529327393,9772.0,11592.0,590576.0,SATISFIABLE,True,29.837088877975464,29.5962,0.1864268779754638,977212.0,1110702.0,56336677.0,SATISFIABLE,True,0.5256302180633545,0.175112,0.2715442180633545,9772.0,11592.0,590576.0,SATISFIABLE,True,30.63111130049133,30.2756,0.280137300491333,977212.0,1110702.0,56336677.0,-30.21691660276794,-967440.0,-1099110.0,faster_both_solved,-0.5319048348693847,0.0,0.0,faster_both_solved,-29.31145865991211,-967440.0,-1099110.0,faster_both_solved,hard(>=30s)
400,data/test/3sat/400,3sat_47.cnf,SATISFIABLE,True,2.8332768208312986,2.02593,0.8073468208312988,63966.0,73444.0,4017900.0,SATISFIABLE,True,2.920241052932739,2.03483,0.8037960529327393,63966.0,73444.0,4017900.0,SATISFIABLE,True,2.272368877975464,2.01485,0.1864268779754638,63966.0,73444.0,4017900.0,SATISFIABLE,True,2.3703242180633546,2.00606,0.2715442180633545,63966.0,73444.0,4017900.0,SATISFIABLE,True,2.355732300491333,2.00867,0.280137300491333,63966.0,73444.0,4017900.0,-0.46295260276794403,0.0,0.0,faster_both_solved,-0.5499168348693844,0.0,0.0,faster_both_solved,0.09795534008789053,0.0,0.0,tie_both_solved,easy(<10s)
400,data/test/3sat/400,3sat_48.cnf,INDETERMINATE,False,60.7998468208313,59.9925,0.8073468208312988,1741701.0,1992558.0,96803719.0,INDETERMINATE,False,60.857151052932736,59.9817,0.8037960529327393,1733863.0,1983544.0,96375641.0,INDETERMINATE,False,60.25358087797546,59.9918,0.1864268779754638,1750884.0,2003070.0,97302965.0,INDETERMINATE,False,60.36495821806336,59.9947,0.2715442180633545,1752315.0,2004717.0,97381475.0,INDETERMINATE,False,60.33796530049133,59.9826,0.280137300491333,1717891.0,1965267.0,95525043.0,-0.4348886027679413,10614.0,12159.0,both_timeout,-0.49219283486937826,18452.0,21173.0,both_timeout,0.11137734008789835,1431.0,1647.0,both_timeout,timeout
400,data/test/3sat/400,3sat_49.cnf,INDETERMINATE,False,60.7917468208313,59.9844,0.8073468208312988,1700396.0,1947903.0,97817936.0,INDETERMINATE,False,60.85510905293274,59.9726,0.8037960529327393,1684706.0,1931946.0,96691299.0,INDETERMINATE,False,60.25357387797546,59.986,0.1864268779754638,1711534.0,1960640.0,98449525.0,INDETERMINATE,False,60.35270221806336,59.9868,0.2715442180633545,1670918.0,1914140.0,96137080.0,INDETERMINATE,False,60.31950030049133,59.9582,0.280137300491333,1668527.0,1913536.0,95794704.0,-0.4390446027679431,-29478.0,-33763.0,both_timeout,-0.5024068348693831,-13788.0,-17806.0,both_timeout,0.09912834008789417,-40616.0,-46500.0,both_timeout,timeout
400,data/test/3sat/400,3sat_5.cnf,INDETERMINATE,False,60.7839468208313,59.9766,0.8073468208312988,1638704.0,1875972.0,92332371.0,INDETERMINATE,False,60.87282105293274,59.9943,0.8037960529327393,1632481.0,1868930.0,91995710.0,INDETERMINATE,False,60.237429877975465,59.9763,0.1864268779754638,1664633.0,1905759.0,93733571.0,INDETERMINATE,False,60.37495121806335,59.9953,0.2715442180633545,1668268.0,1909907.0,93932418.0,INDETERMINATE,False,60.32971430049133,59.9792,0.280137300491333,1624294.0,1859546.0,91561395.0,-0.4089956027679449,29564.0,33935.0,both_timeout,-0.49786983486939107,35787.0,40977.0,both_timeout,0.1375213400878863,3635.0,4148.0,both_timeout,timeout
400,data/test/3sat/400,3sat_50.cnf,INDETERMINATE,False,60.8001468208313,59.9928,0.8073468208312988,1670704.0,1912206.0,95631302.0,INDETERMINATE,False,60.86468405293274,59.9786,0.8037960529327393,1656020.0,1895391.0,94805620.0,INDETERMINATE,False,60.24434587797546,59.9867,0.1864268779754638,1660811.0,1900885.0,95067079.0,INDETERMINATE,False,60.37107521806335,59.9949,0.2715442180633545,1670987.0,1912543.0,95647848.0,INDETERMINATE,False,60.31931830049133,59.9636,0.280137300491333,1625546.0,1860888.0,93090226.0,-0.429071602767948,283.0,337.0,both_timeout,-0.49360883486938434,14967.0,17152.0,both_timeout,0.12672934008789127,10176.0,11658.0,both_timeout,timeout
400,data/test/3sat/400,3sat_51.cnf,INDETERMINATE,False,60.7971468208313,59.9898,0.8073468208312988,1731930.0,1980122.0,98544295.0,INDETERMINATE,False,60.854278052932735,59.9841,0.8037960529327393,1716748.0,1962742.0,97687861.0,INDETERMINATE,False,60.25029387797546,59.9954,0.1864268779754638,1748080.0,1998350.0,99447902.0,INDETERMINATE,False,60.35383921806336,59.9863,0.2715442180633545,1724471.0,1971604.0,98127197.0,INDETERMINATE,False,60.36042130049133,59.9972,0.280137300491333,1714418.0,1960109.0,97558299.0,-0.4433076027679448,-7459.0,-8518.0,both_timeout,-0.500438834869378,7723.0,8862.0,both_timeout,0.10354534008789784,-23609.0,-26746.0,both_timeout,timeout
400,data/test/3sat/400,3sat_52.cnf,INDETERMINATE,False,60.7814468208313,59.9741,0.8073468208312988,1869404.0,2153986.0,105186277.0,INDETERMINATE,False,60.88606905293274,59.9975,0.8037960529327393,1824139.0,2102439.0,102623246.0,INDETERMINATE,False,60.25108887797546,59.9908,0.1864268779754638,1862590.0,2146213.0,104593724.0,INDETERMINATE,False,60.36137321806335,59.9858,0.2715442180633545,1825829.0,2104545.0,102536026.0,INDETERMINATE,False,60.33578730049133,59.9887,0.280137300491333,1828634.0,2107734.0,102689653.0,-0.4200736027679497,-43575.0,-49441.0,both_timeout,-0.5246958348693909,1690.0,2106.0,both_timeout,0.11028434008788679,-36761.0,-41668.0,both_timeout,timeout
400,data/test/3sat/400,3sat_53.cnf,INDETERMINATE,False,60.7938468208313,59.9865,0.8073468208312988,1648629.0,1878362.0,89297854.0,INDETERMINATE,False,60.85645505293274,59.9807,0.8037960529327393,1677047.0,1909071.0,93658638.0,INDETERMINATE,False,60.23321787797547,59.9787,0.1864268779754638,1684767.0,1919546.0,91237747.0,INDETERMINATE,False,60.35353621806336,59.9876,0.2715442180633545,1667908.0,1900448.0,90339512.0,INDETERMINATE,False,60.32647430049133,59.9729,0.280137300491333,1708366.0,1944698.0,95410953.0,-0.4403106027679371,19279.0,22086.0,both_timeout,-0.5029188348693765,-9139.0,-8623.0,both_timeout,0.12031834008789133,-16859.0,-19098.0,both_timeout,timeout
400,data/test/3sat/400,3sat_54.cnf,SATISFIABLE,True,18.0357468208313,17.2284,0.8073468208312988,612353.0,699215.0,35959808.0,SATISFIABLE,True,18.903665052932737,18.0183,0.8037960529327393,612353.0,699215.0,35959808.0,SATISFIABLE,True,18.440934459579463,17.6174,0.7573964595794678,612353.0,699215.0,35959808.0,SATISFIABLE,True,17.87169394190979,17.4902,0.28426194190979,612353.0,699215.0,35959808.0,SATISFIABLE,True,18.70209349681092,17.7199,0.9082314968109132,612353.0,699215.0,35959808.0,-0.16405287892150966,0.0,0.0,faster_both_solved,-1.0319711110229477,0.0,0.0,faster_both_solved,-0.5692405176696731,0.0,0.0,faster_both_solved,medium(10-30s)
400,data/test/3sat/400,3sat_55.cnf,INDETERMINATE,False,60.7844468208313,59.9771,0.8073468208312988,1740874.0,1985843.0,98098707.0,INDETERMINATE,False,60.85990005293274,59.9876,0.8037960529327393,1774837.0,2024456.0,99999210.0,INDETERMINATE,False,60.81972545957947,59.9913,0.7573964595794678,1794348.0,2046478.0,101056296.0,INDETERMINATE,False,60.37028594190979,59.9827,0.28426194190979,1809331.0,2063245.0,101886444.0,INDETERMINATE,False,60.95683749681091,59.9745,0.9082314968109132,1801621.0,2054651.0,101450844.0,-0.414160878921507,68457.0,77402.0,both_timeout,-0.48961411102294505,34494.0,38789.0,both_timeout,-0.44943951766968127,14983.0,16767.0,both_timeout,timeout
400,data/test/3sat/400,3sat_56.cnf,INDETERMINATE,False,60.800846820831296,59.9935,0.8073468208312988,1702686.0,1923526.0,97255079.0,INDETERMINATE,False,60.86149705293274,59.9834,0.8037960529327393,1672796.0,1889855.0,95530029.0,INDETERMINATE,False,60.81511945957947,59.9932,0.7573964595794678,1674208.0,1891469.0,95609073.0,INDETERMINATE,False,60.35303694190979,59.9801,0.28426194190979,1685959.0,1904709.0,96292849.0,INDETERMINATE,False,60.94637849681092,59.9685,0.9082314968109132,1669177.0,1885698.0,95323195.0,-0.4478098789215039,-16727.0,-18817.0,both_timeout,-0.5084601110229485,13163.0,14854.0,both_timeout,-0.46208251766967834,11751.0,13240.0,both_timeout,timeout
400,data/test/3sat/400,3sat_57.cnf,INDETERMINATE,False,60.7854468208313,59.9781,0.8073468208312988,1745138.0,1982766.0,96926411.0,INDETERMINATE,False,60.84827005293274,59.9808,0.8037960529327393,1731202.0,1967082.0,96163213.0,INDETERMINATE,False,60.81909945957947,59.9895,0.7573964595794678,1729850.0,1965596.0,96088866.0,INDETERMINATE,False,60.358251941909785,59.9824,0.28426194190979,1706495.0,1939486.0,94871016.0,INDETERMINATE,False,60.95750349681092,59.9795,0.9082314968109132,1727452.0,1962921.0,95962072.0,-0.42719487892151164,-38643.0,-43280.0,both_timeout,-0.49001811102295534,-24707.0,-27596.0,both_timeout,-0.46084751766968424,-23355.0,-26110.0,both_timeout,timeout
400,data/test/3sat/400,3sat_58.cnf,INDETERMINATE,False,60.7757468208313,59.9684,0.8073468208312988,1756287.0,2003604.0,103803368.0,INDETERMINATE,False,60.86778705293274,59.9871,0.8037960529327393,1792946.0,2045005.0,105970114.0,INDETERMINATE,False,60.82802845957946,59.9952,0.7573964595794678,1806248.0,2060005.0,106737698.0,INDETERMINATE,False,60.36495394190979,59.9891,0.28426194190979,1824498.0,2080527.0,107764923.0,INDETERMINATE,False,60.96119149681092,59.9866,0.9082314968109132,1804583.0,2058108.0,106641636.0,-0.4107928789215123,68211.0,76923.0,both_timeout,-0.5028331110229516,31552.0,35522.0,both_timeout,-0.4630745176696678,18250.0,20522.0,both_timeout,timeout
400,data/test/3sat/400,3sat_59.cnf,INDETERMINATE,False,60.7875468208313,59.9802,0.8073468208312988,1726130.0,1974813.0,96590100.0,INDETERMINATE,False,60.84938805293274,59.9723,0.8037960529327393,1751734.0,2003869.0,97952018.0,INDETERMINATE,False,60.824735459579465,59.9923,0.7573964595794678,1764397.0,2018280.0,98617985.0,INDETERMINATE,False,60.36665294190979,59.9899,0.28426194190979,1790072.0,2047338.0,99970251.0,INDETERMINATE,False,60.96184549681091,59.9895,0.9082314968109132,1774361.0,2029596.0,99136778.0,-0.4208938789215111,63942.0,72525.0,both_timeout,-0.4827351110229472,38338.0,43469.0,both_timeout,-0.45808251766967345,25675.0,29058.0,both_timeout,timeout
400,data/test/3sat/400,3sat_6.cnf,INDETERMINATE,False,60.764446820831296,59.9571,0.8073468208312988,1702642.0,1929422.0,94694299.0,INDETERMINATE,False,60.86888605293274,59.9934,0.8037960529327393,1747641.0,1980657.0,97120349.0,INDETERMINATE,False,60.79467945957947,59.9669,0.7573964595794678,1748730.0,1981850.0,97179021.0,INDETERMINATE,False,60.36187994190978,59.9892,0.28426194190979,1735013.0,1966414.0,96452416.0,INDETERMINATE,False,60.95568949681091,59.9783,0.9082314968109132,1753116.0,1986897.0,97417473.0,-0.4025668789215189,32371.0,36992.0,both_timeout,-0.5070061110229602,-12628.0,-14243.0,both_timeout,-0.43279951766969305,-13717.0,-15436.0,both_timeout,timeout
400,data/test/3sat/400,3sat_60.cnf,INDETERMINATE,False,60.7710468208313,59.9637,0.8073468208312988,1661290.0,1887146.0,95342692.0,INDETERMINATE,False,60.85159505293274,59.976,0.8037960529327393,1621023.0,1841745.0,93054317.0,INDETERMINATE,False,60.78205745957947,59.9605,0.7573964595794678,1650354.0,1874779.0,94713785.0,INDETERMINATE,False,60.35551194190979,59.986,0.28426194190979,1629922.0,1851764.0,93557936.0,INDETERMINATE,False,60.944690496810914,59.9712,0.9082314968109132,1735928.0,1964540.0,97308488.0,-0.41553487892151253,-31368.0,-35382.0,both_timeout,-0.4960831110229478,8899.0,10019.0,both_timeout,-0.4265455176696804,-20432.0,-23015.0,both_timeout,timeout
400,data/test/3sat/400,3sat_61.cnf,INDETERMINATE,False,60.7970468208313,59.9897,0.8073468208312988,1612357.0,1820366.0,90232643.0,INDETERMINATE,False,60.860919052932736,59.9908,0.8037960529327393,1639174.0,1850278.0,91680118.0,INDETERMINATE,False,60.79667145957947,59.9763,0.7573964595794678,1658422.0,1871688.0,92721028.0,INDETERMINATE,False,60.35814994190979,59.988,0.28426194190979,1644481.0,1856216.0,91959977.0,INDETERMINATE,False,60.93497649681091,59.9777,0.9082314968109132,1654044.0,1866819.0,92474476.0,-0.4388968789215113,32124.0,35850.0,both_timeout,-0.5027691110229497,5307.0,5938.0,both_timeout,-0.4385215176696846,-13941.0,-15472.0,both_timeout,timeout
400,data/test/3sat/400,3sat_62.cnf,INDETERMINATE,False,60.791646820831296,59.9843,0.8073468208312988,1787140.0,2023479.0,102317081.0,INDETERMINATE,False,60.84331905293274,59.9701,0.8037960529327393,1771648.0,2005999.0,101479390.0,INDETERMINATE,False,60.81951245957947,59.9874,0.7573964595794678,1777347.0,2012412.0,101785455.0,INDETERMINATE,False,60.34745394190979,59.984,0.28426194190979,1795446.0,2032903.0,102766993.0,INDETERMINATE,False,60.955936496810914,59.986,0.9082314968109132,1767717.0,2001577.0,101271683.0,-0.4441928789215055,8306.0,9424.0,both_timeout,-0.49586511102295106,23798.0,26904.0,both_timeout,-0.4720585176696801,18099.0,20491.0,both_timeout,timeout
400,data/test/3sat/400,3sat_63.cnf,SATISFIABLE,True,4.755919870071411,3.90893,0.8469898700714111,138136.0,157894.0,8130882.0,SATISFIABLE,True,4.989804259674073,3.96382,0.9535622596740724,138136.0,157894.0,8130882.0,SATISFIABLE,True,4.962148459579468,4.12277,0.7573964595794678,138136.0,157894.0,8130882.0,SATISFIABLE,True,4.390997835693359,3.95657,0.3526878356933594,138136.0,157894.0,8130882.0,SATISFIABLE,True,5.048022496810913,4.067,0.9082314968109132,138136.0,157894.0,8130882.0,-0.3649220343780515,0.0,0.0,faster_both_solved,-0.5988064239807134,0.0,0.0,faster_both_solved,-0.5711506238861084,0.0,0.0,faster_both_solved,easy(<10s)
400,data/test/3sat/400,3sat_64.cnf,INDETERMINATE,False,60.80988987007141,59.9629,0.8469898700714111,1702588.0,1926408.0,94412370.0,INDETERMINATE,False,61.01844125967408,59.9913,0.9535622596740724,1705760.0,1929931.0,94576258.0,INDETERMINATE,False,60.79481245957946,59.971,0.7573964595794678,1687224.0,1909160.0,93580234.0,INDETERMINATE,False,60.42795783569336,59.9895,0.3526878356933594,1717887.0,1943596.0,95216454.0,INDETERMINATE,False,60.96616049681092,59.9895,0.9082314968109132,1712456.0,1937487.0,94926997.0,-0.3819320343780461,15299.0,17188.0,both_timeout,-0.5904834239807144,12127.0,13665.0,both_timeout,-0.36685462388609835,30663.0,34436.0,both_timeout,timeout
400,data/test/3sat/400,3sat_65.cnf,SATISFIABLE,True,0.8543458700714112,0.007356,0.8469898700714111,224.0,339.0,14565.0,SATISFIABLE,True,0.9988252596740724,0.008589,0.9535622596740724,224.0,339.0,14565.0,SATISFIABLE,True,0.7923234595794678,0.008401,0.7573964595794678,224.0,339.0,14565.0,SATISFIABLE,True,0.3974298356933594,0.013228,0.3526878356933594,224.0,339.0,14565.0,SATISFIABLE,True,0.949614496810913,0.008937,0.9082314968109132,224.0,339.0,14565.0,-0.4569160343780518,0.0,0.0,faster_both_solved,-0.6013954239807131,0.0,0.0,faster_both_solved,-0.39489362388610844,0.0,0.0,faster_both_solved,easy(<10s)
400,data/test/3sat/400,3sat_66.cnf,INDETERMINATE,False,60.84118987007141,59.9942,0.8469898700714111,1681453.0,1929277.0,96635258.0,INDETERMINATE,False,61.01170925967407,59.9877,0.9535622596740724,1641027.0,1881754.0,93569435.0,INDETERMINATE,False,60.82706445957947,59.9951,0.7573964595794678,1653455.0,1896975.0,95016487.0,INDETERMINATE,False,60.43452283569336,59.9906,0.3526878356933594,1636941.0,1877014.0,93338387.0,INDETERMINATE,False,60.96251249681092,59.9791,0.9082314968109132,1660580.0,1905175.0,95428574.0,-0.40666703437805296,-44512.0,-52263.0,both_timeout,-0.577186423980713,-4086.0,-4740.0,both_timeout,-0.39254162388611036,-16514.0,-19961.0,both_timeout,timeout
400,data/test/3sat/400,3sat_67.cnf,INDETERMINATE,False,60.83028987007141,59.9833,0.8469898700714111,1741724.0,1990588.0,100024038.0,INDETERMINATE,False,61.01819925967407,59.9847,0.9535622596740724,1731387.0,1978774.0,99436809.0,INDETERMINATE,False,60.81760545957947,59.9836,0.7573964595794678,1739693.0,1988297.0,99910561.0,INDETERMINATE,False,60.42733183569336,59.9812,0.3526878356933594,1767753.0,2020248.0,101470255.0,INDETERMINATE,False,60.95665049681091,59.9745,0.9082314968109132,1756224.0,2007211.0,100831504.0,-0.40295803437805233,26029.0,29660.0,both_timeout,-0.5908674239807112,36366.0,41474.0,both_timeout,-0.39027362388610953,28060.0,31951.0,both_timeout,timeout
400,data/test/3sat/400,3sat_68.cnf,INDETERMINATE,False,60.84018987007141,59.9932,0.8469898700714111,1746432.0,1998016.0,98502741.0,INDETERMINATE,False,60.99061625967407,59.9675,0.9535622596740724,1638294.0,1873191.0,92162478.0,INDETERMINATE,False,60.834399459579465,59.9953,0.7573964595794678,1631637.0,1865575.0,91795890.0,INDETERMINATE,False,60.42883783569336,59.9874,0.3526878356933594,1646951.0,1882893.0,92635840.0,INDETERMINATE,False,60.95928849681091,59.979,0.9082314968109132,1737584.0,1987884.0,98022292.0,-0.411352034378055,-99481.0,-115123.0,both_timeout,-0.5617784239807122,8657.0,9702.0,both_timeout,-0.4055616238861077,15314.0,17318.0,both_timeout,timeout
400,data/test/3sat/400,3sat_69.cnf,INDETERMINATE,False,60.83338987007141,59.9864,0.8469898700714111,1723349.0,1972878.0,102186631.0,INDETERMINATE,False,61.00535225967407,59.983,0.9535622596740724,1700908.0,1947502.0,99719105.0,INDETERMINATE,False,60.81074045957946,59.9877,0.7573964595794678,1725264.0,1975015.0,102290906.0,INDETERMINATE,False,60.42787883569336,59.9897,0.3526878356933594,1713109.0,1961148.0,101605899.0,INDETERMINATE,False,60.96907549681092,59.9844,0.9082314968109132,1708289.0,1955878.0,100127584.0,-0.40551103437804414,-10240.0,-11730.0,both_timeout,-0.577473423980706,12201.0,13646.0,both_timeout,-0.38286162388610023,-12155.0,-13867.0,both_timeout,timeout
400,data/test/3sat/400,3sat_7.cnf,INDETERMINATE,False,60.82698987007141,59.98,0.8469898700714111,1762079.0,1989286.0,97321583.0,INDETERMINATE,False,61.01854825967408,59.9812,0.9535622596740724,1770918.0,1999181.0,97795336.0,INDETERMINATE,False,60.81668245957947,59.9881,0.7573964595794678,1764686.0,1992144.0,97464693.0,INDETERMINATE,False,60.43862983569336,59.9872,0.3526878356933594,1756717.0,1983225.0,97033079.0,INDETERMINATE,False,60.98308349681091,59.9933,0.9082314968109132,1779579.0,2008884.0,98264063.0,-0.3883600343780458,-5362.0,-6061.0,both_timeout,-0.5799184239807147,-14201.0,-15956.0,both_timeout,-0.3780526238861057,-7969.0,-8919.0,both_timeout,timeout
400,data/test/3sat/400,3sat_70.cnf,SATISFIABLE,True,0.8886218700714111,0.041632,0.8469898700714111,2512.0,3124.0,152890.0,SATISFIABLE,True,1.0649952596740722,0.041393,0.9535622596740724,2512.0,3124.0,152890.0,SATISFIABLE,True,0.8752804595794678,0.044756,0.7573964595794678,2512.0,3124.0,152890.0,SATISFIABLE,True,0.4754808356933593,0.044437,0.3526878356933594,2512.0,3124.0,152890.0,SATISFIABLE,True,1.022390496810913,0.041501,0.9082314968109132,2512.0,3124.0,152890.0,-0.41314103437805183,0.0,0.0,faster_both_solved,-0.5895144239807129,0.0,0.0,faster_both_solved,-0.39979962388610846,0.0,0.0,faster_both_solved,easy(<10s)
400,data/test/3sat/400,3sat_71.cnf,INDETERMINATE,False,60.82278987007141,59.9758,0.8469898700714111,1731760.0,1982006.0,98403423.0,INDETERMINATE,False,60.99578125967407,59.9751,0.9535622596740724,1673046.0,1916896.0,94553185.0,INDETERMINATE,False,60.796634459579465,59.9657,0.7573964595794678,1743739.0,1995721.0,99078229.0,INDETERMINATE,False,60.43614483569336,59.9874,0.3526878356933594,1707151.0,1953792.0,97003557.0,INDETERMINATE,False,60.96229349681091,59.9856,0.9082314968109132,1708240.0,1956997.0,96494330.0,-0.38664503437804854,-24609.0,-28214.0,both_timeout,-0.5596364239807059,34105.0,36896.0,both_timeout,-0.36048962388610306,-36588.0,-41929.0,both_timeout,timeout
400,data/test/3sat/400,3sat_72.cnf,INDETERMINATE,False,60.82268987007141,59.9757,0.8469898700714111,1736274.0,1986911.0,97566827.0,INDETERMINATE,False,60.99438225967408,59.9774,0.9535622596740724,1720283.0,1968609.0,96658216.0,INDETERMINATE,False,60.88129800007629,59.9668,0.842170000076294,1749370.0,2001896.0,98289306.0,INDETERMINATE,False,60.327078738937374,59.9847,0.2564437389373779,1751165.0,2003856.0,98391820.0,INDETERMINATE,False,60.97914501733399,59.9879,0.9128990173339844,1736001.0,1986609.0,97551039.0,-0.49561113113403366,14891.0,16945.0,both_timeout,-0.6673035207367093,30882.0,35247.0,both_timeout,-0.5542192611389183,1795.0,1960.0,both_timeout,timeout
400,data/test/3sat/400,3sat_73.cnf,INDETERMINATE,False,60.82678987007141,59.9798,0.8469898700714111,1764934.0,2012204.0,100865479.0,INDETERMINATE,False,60.99745525967408,59.9737,0.9535622596740724,1745519.0,1990412.0,99799609.0,INDETERMINATE,False,60.90755000007629,59.9893,0.842170000076294,1735927.0,1979371.0,99255108.0,INDETERMINATE,False,60.33439373893738,59.9876,0.2564437389373779,1771791.0,2019779.0,101250914.0,INDETERMINATE,False,60.97180701733398,59.9871,0.9128990173339844,1766464.0,2013896.0,100953345.0,-0.49239613113402925,6857.0,7575.0,both_timeout,-0.6630615207367043,26272.0,29367.0,both_timeout,-0.5731562611389123,35864.0,40408.0,both_timeout,timeout
400,data/test/3sat/400,3sat_74.cnf,INDETERMINATE,False,60.81788987007141,59.9709,0.8469898700714111,1670918.0,1922563.0,93722096.0,INDETERMINATE,False,61.03109925967407,59.9932,0.9535622596740724,1602402.0,1844114.0,89932078.0,INDETERMINATE,False,60.91512500007629,59.992,0.842170000076294,1646103.0,1893984.0,92338455.0,INDETERMINATE,False,60.34977973893737,59.9984,0.2564437389373779,1646349.0,1894250.0,92352492.0,INDETERMINATE,False,60.96271201733399,59.9846,0.9128990173339844,1642487.0,1889862.0,92138336.0,-0.4681101311340399,-24569.0,-28313.0,both_timeout,-0.6813195207367002,43947.0,50136.0,both_timeout,-0.5653452611389156,246.0,266.0,both_timeout,timeout
400,data/test/3sat/400,3sat_75.cnf,INDETERMINATE,False,60.83168987007141,59.9847,0.8469898700714111,1601372.0,1832230.0,86436431.0,INDETERMINATE,False,61.01765825967407,59.9861,0.9535622596740724,1548409.0,1774226.0,83657197.0,INDETERMINATE,False,60.866161000076296,59.9585,0.842170000076294,1646288.0,1883022.0,88733365.0,INDETERMINATE,False,60.30452373893738,59.9682,0.2564437389373779,1657214.0,1891654.0,90643768.0,INDETERMINATE,False,60.97095701733399,59.9881,0.9128990173339844,1645690.0,1882345.0,88701559.0,-0.527166131134031,55842.0,59424.0,both_timeout,-0.7131345207366948,108805.0,117428.0,both_timeout,-0.5616372611389195,10926.0,8632.0,both_timeout,timeout
400,data/test/3sat/400,3sat_76.cnf,INDETERMINATE,False,60.84498987007141,59.998,0.8469898700714111,1704441.0,1937114.0,99360362.0,INDETERMINATE,False,61.01127125967407,59.9796,0.9535622596740724,1735994.0,1972413.0,101129318.0,INDETERMINATE,False,60.914379000076295,59.9812,0.842170000076294,1732988.0,1969015.0,100955125.0,INDETERMINATE,False,60.33686773893738,59.9828,0.2564437389373779,1768434.0,2008811.0,102951803.0,INDETERMINATE,False,60.959293017333984,59.9753,0.9128990173339844,1760894.0,2000193.0,102526497.0,-0.50812213113403,63993.0,71697.0,both_timeout,-0.6744035207366892,32440.0,36398.0,both_timeout,-0.5775112611389162,35446.0,39796.0,both_timeout,timeout
400,data/test/3sat/400,3sat_77.cnf,INDETERMINATE,False,60.82878987007141,59.9818,0.8469898700714111,1696780.0,1934045.0,95103079.0,INDETERMINATE,False,61.00495625967408,59.9863,0.9535622596740724,1722340.0,1963063.0,96606533.0,INDETERMINATE,False,60.90568100007629,59.9867,0.842170000076294,1733618.0,1976015.0,97251350.0,INDETERMINATE,False,60.319924738937374,59.9687,0.2564437389373779,1710220.0,1949303.0,95886492.0,INDETERMINATE,False,60.976525017333984,59.9845,0.9128990173339844,1734255.0,1976753.0,97287313.0,-0.5088651311340371,13440.0,15258.0,both_timeout,-0.6850315207367075,-12120.0,-13760.0,both_timeout,-0.5857562611389184,-23398.0,-26712.0,both_timeout,timeout
400,data/test/3sat/400,3sat_78.cnf,INDETERMINATE,False,60.82958987007141,59.9826,0.8469898700714111,1700816.0,1936062.0,93114180.0,INDETERMINATE,False,60.99335125967407,59.9743,0.9535622596740724,1725343.0,1964020.0,94441441.0,INDETERMINATE,False,60.90507900007629,59.9942,0.842170000076294,1722543.0,1960912.0,94292667.0,INDETERMINATE,False,60.34032173893738,59.9859,0.2564437389373779,1716730.0,1954307.0,93981083.0,INDETERMINATE,False,60.97652401733399,59.994,0.9128990173339844,1742358.0,1983395.0,95358496.0,-0.48926813113403256,15914.0,18245.0,both_timeout,-0.6530295207366947,-8613.0,-9713.0,both_timeout,-0.5647572611389151,-5813.0,-6605.0,both_timeout,timeout
400,data/test/3sat/400,3sat_79.cnf,INDETERMINATE,False,60.81438987007141,59.9674,0.8469898700714111,1689624.0,1928174.0,92327780.0,INDETERMINATE,False,61.00985125967407,59.9872,0.9535622596740724,1667496.0,1903444.0,91194264.0,INDETERMINATE,False,60.89699400007629,59.9912,0.842170000076294,1683480.0,1921240.0,92016125.0,INDETERMINATE,False,60.32928873893738,59.9719,0.2564437389373779,1662833.0,1898282.0,90945152.0,INDETERMINATE,False,60.945109017333984,59.9768,0.9128990173339844,1682065.0,1919627.0,91945573.0,-0.4851011311340301,-26791.0,-29892.0,both_timeout,-0.680562520736693,-4663.0,-5162.0,both_timeout,-0.5677052611389115,-20647.0,-22958.0,both_timeout,timeout
400,data/test/3sat/400,3sat_8.cnf,INDETERMINATE,False,60.81688987007141,59.9699,0.8469898700714111,1728404.0,1963319.0,99487365.0,INDETERMINATE,False,61.00627625967407,59.9751,0.9535622596740724,1721922.0,1956003.0,99119080.0,INDETERMINATE,False,60.90666700007629,59.989,0.842170000076294,1745340.0,1982191.0,100441798.0,INDETERMINATE,False,60.31979573893738,59.9883,0.2564437389373779,1756107.0,1994393.0,101054041.0,INDETERMINATE,False,60.96609301733398,59.9797,0.9128990173339844,1736375.0,1972196.0,99929078.0,-0.4970941311340269,27703.0,31074.0,both_timeout,-0.6864805207366871,34185.0,38390.0,both_timeout,-0.58687126113891,10767.0,12202.0,both_timeout,timeout
400,data/test/3sat/400,3sat_80.cnf,INDETERMINATE,False,60.84388987007141,59.9969,0.8469898700714111,1757221.0,2025011.0,101121809.0,INDETERMINATE,False,61.01657625967408,59.9904,0.9535622596740724,1752524.0,2019532.0,100858566.0,INDETERMINATE,False,60.8948630000763,59.9823,0.842170000076294,1753484.0,2020655.0,100913995.0,INDETERMINATE,False,60.35602273893738,59.9966,0.2564437389373779,1785803.0,2057606.0,102714759.0,INDETERMINATE,False,60.96442501733399,59.9778,0.9128990173339844,1747470.0,2006589.0,98263692.0,-0.48786713113403124,28582.0,32595.0,both_timeout,-0.6605535207367055,33279.0,38074.0,both_timeout,-0.5388402611389225,32319.0,36951.0,both_timeout,timeout
400,data/test/3sat/400,3sat_81.cnf,INDETERMINATE,False,60.77620612487793,59.9936,0.7826061248779297,1756904.0,1987940.0,97381643.0,INDETERMINATE,False,60.81236229187012,59.9986,0.7399272918701172,1704312.0,1928910.0,94634924.0,INDETERMINATE,False,60.905798000076295,59.9924,0.842170000076294,1721687.0,1948349.0,95547203.0,INDETERMINATE,False,60.35887244845581,59.9898,0.2752604484558105,1708514.0,1933611.0,94849220.0,INDETERMINATE,False,60.97832101733398,59.9805,0.9128990173339844,1676994.0,1901763.0,92881899.0,-0.4173336764221176,-48390.0,-54329.0,both_timeout,-0.4534898434143102,4202.0,4701.0,both_timeout,-0.5469255516204825,-13173.0,-14738.0,both_timeout,timeout
400,data/test/3sat/400,3sat_82.cnf,SATISFIABLE,True,21.47100612487793,20.6884,0.7826061248779297,723843.0,829611.0,42069078.0,SATISFIABLE,True,36.08799429187012,35.2729,0.7399272918701172,1090841.0,1251869.0,62339209.0,SATISFIABLE,True,21.747060000076296,20.8277,0.842170000076294,723843.0,829611.0,42069078.0,SATISFIABLE,True,20.58439644845581,20.2091,0.2752604484558105,723843.0,829611.0,42069078.0,SATISFIABLE,True,35.18033201733399,34.1918,0.9128990173339844,1090841.0,1251869.0,62339209.0,-0.8866096764221219,0.0,0.0,faster_both_solved,-15.503597843414308,-366998.0,-422258.0,faster_both_solved,-1.1626635516204864,0.0,0.0,faster_both_solved,medium(10-30s)
400,data/test/3sat/400,3sat_83.cnf,INDETERMINATE,False,60.755106124877926,59.9725,0.7826061248779297,1696689.0,1931654.0,94478323.0,INDETERMINATE,False,60.79107929187012,59.982,0.7399272918701172,1709978.0,1951512.0,96147342.0,INDETERMINATE,False,60.90086300007629,59.9852,0.842170000076294,1713743.0,1955807.0,96351589.0,INDETERMINATE,False,60.35009544845581,59.9837,0.2752604484558105,1728882.0,1968194.0,96266174.0,INDETERMINATE,False,60.96450601733398,59.9758,0.9128990173339844,1741355.0,1987169.0,97908533.0,-0.4050106764221155,32193.0,36540.0,both_timeout,-0.4409838434143083,18904.0,16682.0,both_timeout,-0.5507675516204813,15139.0,12387.0,both_timeout,timeout
400,data/test/3sat/400,3sat_84.cnf,INDETERMINATE,False,60.76220612487793,59.9796,0.7826061248779297,1592703.0,1822007.0,90934900.0,INDETERMINATE,False,60.78972229187012,59.9804,0.7399272918701172,1589453.0,1818273.0,90753170.0,INDETERMINATE,False,60.89026700007629,59.9672,0.842170000076294,1604648.0,1835657.0,91605544.0,INDETERMINATE,False,60.33559344845581,59.9605,0.2752604484558105,1577844.0,1805087.0,90077943.0,INDETERMINATE,False,60.96387101733398,59.989,0.9128990173339844,1609124.0,1840807.0,91861280.0,-0.426612676422117,-14859.0,-16920.0,both_timeout,-0.4541288434143098,-11609.0,-13186.0,both_timeout,-0.5546735516204819,-26804.0,-30570.0,both_timeout,timeout
400,data/test/3sat/400,3sat_85.cnf,INDETERMINATE,False,60.77170612487793,59.9891,0.7826061248779297,1702146.0,1939472.0,96017098.0,SATISFIABLE,True,1.475936291870117,0.663978,0.7399272918701172,27518.0,32278.0,1663386.0,SATISFIABLE,True,1.556583000076294,0.648195,0.842170000076294,27518.0,32278.0,1663386.0,SATISFIABLE,True,1.0254434484558106,0.658339,0.2752604484558105,27518.0,32278.0,1663386.0,SATISFIABLE,True,1.6322570173339843,0.641722,0.9128990173339844,27518.0,32278.0,1663386.0,-59.74626267642212,-1674628.0,-1907194.0,recovered_timeout,-0.4504928434143065,0.0,0.0,faster_both_solved,-0.5311395516204833,0.0,0.0,faster_both_solved,timeout
400,data/test/3sat/400,3sat_86.cnf,SATISFIABLE,True,3.39116612487793,2.60856,0.7826061248779297,84037.0,97892.0,5195664.0,SATISFIABLE,True,3.457478291870117,2.63104,0.7399272918701172,84037.0,97892.0,5195664.0,SATISFIABLE,True,3.973794000076294,3.05727,0.842170000076294,91912.0,107188.0,5690281.0,SATISFIABLE,True,3.4256814484558107,3.072,0.2752604484558105,91912.0,107188.0,5690281.0,SATISFIABLE,True,3.556001017333984,2.56975,0.9128990173339844,84037.0,97892.0,5195664.0,0.034515323577880785,7875.0,9296.0,tie_both_solved,-0.03179684341430633,7875.0,9296.0,tie_both_solved,-0.5481125516204832,0.0,0.0,faster_both_solved,easy(<10s)
400,data/test/3sat/400,3sat_87.cnf,INDETERMINATE,False,60.74240612487793,59.9598,0.7826061248779297,1616193.0,1843926.0,91961044.0,INDETERMINATE,False,60.78890329187012,59.9795,0.7399272918701172,1643765.0,1875400.0,93470957.0,INDETERMINATE,False,60.90491200007629,59.9876,0.842170000076294,1626233.0,1855330.0,92523524.0,INDETERMINATE,False,60.35431544845581,59.9831,0.2752604484558105,1617564.0,1845466.0,92037612.0,INDETERMINATE,False,60.98567201733399,59.9947,0.9128990173339844,1631903.0,1861816.0,92843363.0,-0.3880906764221237,1371.0,1540.0,both_timeout,-0.4345878434143131,-26201.0,-29934.0,both_timeout,-0.5505965516204796,-8669.0,-9864.0,both_timeout,timeout
400,data/test/3sat/400,3sat_88.cnf,SATISFIABLE,True,0.9823001248779296,0.199694,0.7826061248779297,10969.0,13071.0,671709.0,SATISFIABLE,True,1.0169902918701172,0.202403,0.7399272918701172,10969.0,13071.0,671709.0,SATISFIABLE,True,1.097219000076294,0.189109,0.842170000076294,10969.0,13071.0,671709.0,SATISFIABLE,True,0.5655974484558105,0.196814,0.2752604484558105,10969.0,13071.0,671709.0,SATISFIABLE,True,1.1834640173339843,0.199809,0.9128990173339844,10969.0,13071.0,671709.0,-0.4167026764221191,0.0,0.0,faster_both_solved,-0.45139284341430674,0.0,0.0,faster_both_solved,-0.5316215516204835,0.0,0.0,faster_both_solved,easy(<10s)
400,data/test/3sat/400,3sat_89.cnf,INDETERMINATE,False,60.76330612487793,59.9807,0.7826061248779297,1692223.0,1934354.0,98975988.0,SATISFIABLE,True,0.9720392918701172,0.149407,0.7399272918701172,8641.0,10334.0,538222.0,SATISFIABLE,True,1.057309000076294,0.144809,0.842170000076294,8641.0,10334.0,538222.0,SATISFIABLE,True,0.5223124484558106,0.148589,0.2752604484558105,8641.0,10334.0,538222.0,INDETERMINATE,False,60.98545001733399,59.9951,0.9128990173339844,1697403.0,1940161.0,99266786.0,-60.24099367642212,-1683582.0,-1924020.0,recovered_timeout,-0.4497268434143066,0.0,0.0,faster_both_solved,-0.5349965516204833,0.0,0.0,faster_both_solved,timeout
400,data/test/3sat/400,3sat_9.cnf,INDETERMINATE,False,60.76350612487793,59.9809,0.7826061248779297,1816748.0,2069044.0,104247494.0,INDETERMINATE,False,60.79635029187012,59.9782,0.7399272918701172,1809366.0,2060634.0,103826931.0,INDETERMINATE,False,60.89584200007629,59.9792,0.842170000076294,1789025.0,2037570.0,102651507.0,INDETERMINATE,False,60.36053244845581,59.993,0.2752604484558105,1767214.0,2012877.0,101403256.0,INDETERMINATE,False,60.95949901733398,59.9807,0.9128990173339844,1819934.0,2072726.0,104428475.0,-0.40297367642212123,-49534.0,-56167.0,both_timeout,-0.43581784341431273,-42152.0,-47757.0,both_timeout,-0.535309551620486,-21811.0,-24693.0,both_timeout,timeout
400,data/test/3sat/400,3sat_90.cnf,INDETERMINATE,False,60.77240612487793,59.9898,0.7826061248779297,1695280.0,1952324.0,98628524.0,INDETERMINATE,False,60.79856629187012,59.9911,0.7399272918701172,1693398.0,1950175.0,98522626.0,INDETERMINATE,False,60.25640362879944,59.9762,0.2060816287994384,1726417.0,1978246.0,101044556.0,INDETERMINATE,False,60.39559442028808,59.9888,0.3054714202880859,1744437.0,1998591.0,102078095.0,INDETERMINATE,False,60.378933649215696,59.9835,0.3332736492156982,1686838.0,1942716.0,98152026.0,-0.3768117045898549,49157.0,46267.0,both_timeout,-0.4029718715820394,51039.0,48416.0,both_timeout,0.13919079148863744,18020.0,20345.0,both_timeout,timeout
400,data/test/3sat/400,3sat_91.cnf,SATISFIABLE,True,0.9640161248779296,0.18141,0.7826061248779297,10042.0,11941.0,654479.0,SATISFIABLE,True,1.0114252918701172,0.186425,0.7399272918701172,10042.0,11941.0,654479.0,SATISFIABLE,True,0.2983186287994385,0.009666,0.2060816287994384,41.0,125.0,3065.0,SATISFIABLE,True,0.4050224202880859,0.009531,0.3054714202880859,41.0,125.0,3065.0,SATISFIABLE,True,0.4207436492156982,0.004756,0.3332736492156982,41.0,125.0,3065.0,-0.5589937045898438,-10001.0,-11816.0,faster_both_solved,-0.6064028715820313,-10001.0,-11816.0,faster_both_solved,0.10670379148864739,0.0,0.0,slower_both_solved,easy(<10s)
400,data/test/3sat/400,3sat_92.cnf,SATISFIABLE,True,7.69220612487793,6.9096,0.7826061248779297,253822.0,290337.0,15713394.0,SATISFIABLE,True,8.025606291870117,7.21804,0.7399272918701172,253822.0,290337.0,15713394.0,SATISFIABLE,True,3.0247566287994387,2.75071,0.2060816287994384,84619.0,96791.0,5278901.0,SATISFIABLE,True,3.186736420288086,2.78604,0.3054714202880859,84619.0,96791.0,5278901.0,SATISFIABLE,True,7.456324649215698,7.03686,0.3332736492156982,253822.0,290337.0,15713394.0,-4.505469704589844,-169203.0,-193546.0,faster_both_solved,-4.838869871582031,-169203.0,-193546.0,faster_both_solved,0.16197979148864716,0.0,0.0,slower_both_solved,easy(<10s)
400,data/test/3sat/400,3sat_93.cnf,SATISFIABLE,True,18.83290612487793,18.0503,0.7826061248779297,621792.0,720709.0,37565651.0,SATISFIABLE,True,21.55497329187012,20.731,0.7399272918701172,677111.0,783227.0,41044151.0,SATISFIABLE,True,18.75075362879944,18.4852,0.2060816287994384,621792.0,720709.0,37565651.0,SATISFIABLE,True,18.885595420288084,18.4895,0.3054714202880859,621792.0,720709.0,37565651.0,SATISFIABLE,True,20.869060649215697,20.4573,0.3332736492156982,677111.0,783227.0,41044151.0,0.0526892954101541,0.0,0.0,tie_both_solved,-2.6693778715820358,-55319.0,-62518.0,faster_both_solved,0.13484179148864328,0.0,0.0,slower_both_solved,medium(10-30s)
400,data/test/3sat/400,3sat_94.cnf,SATISFIABLE,True,2.1934561248779296,1.41085,0.7826061248779297,53988.0,62131.0,3367378.0,SATISFIABLE,True,2.2803852918701173,1.46575,0.7399272918701172,53988.0,62131.0,3367378.0,SATISFIABLE,True,1.6662926287994384,1.39317,0.2060816287994384,53988.0,62131.0,3367378.0,SATISFIABLE,True,1.760905420288086,1.36922,0.3054714202880859,53988.0,62131.0,3367378.0,SATISFIABLE,True,1.782638649215698,1.376,0.3332736492156982,53988.0,62131.0,3367378.0,-0.43255070458984357,0.0,0.0,faster_both_solved,-0.5194798715820312,0.0,0.0,faster_both_solved,0.09461279148864765,0.0,0.0,tie_both_solved,easy(<10s)
400,data/test/3sat/400,3sat_95.cnf,INDETERMINATE,False,60.76030612487793,59.9777,0.7826061248779297,1688530.0,1921802.0,94172856.0,INDETERMINATE,False,60.78712429187012,59.9866,0.7399272918701172,1684842.0,1917620.0,93974725.0,INDETERMINATE,False,60.26477262879944,59.9885,0.2060816287994384,1699925.0,1934777.0,94792285.0,INDETERMINATE,False,60.37468542028808,59.9719,0.3054714202880859,1672786.0,1904052.0,93323281.0,INDETERMINATE,False,60.3881076492157,59.9847,0.3332736492156982,1696766.0,1931141.0,94623850.0,-0.3856207045898472,-15744.0,-17750.0,both_timeout,-0.4124388715820402,-12056.0,-13568.0,both_timeout,0.10991279148863953,-27139.0,-30725.0,both_timeout,timeout
400,data/test/3sat/400,3sat_96.cnf,SATISFIABLE,True,0.9593421248779296,0.176736,0.7826061248779297,9083.0,10962.0,575264.0,SATISFIABLE,True,0.8593612918701172,0.048795,0.7399272918701172,3109.0,3849.0,199282.0,SATISFIABLE,True,0.3286286287994384,0.053611,0.2060816287994384,3109.0,3849.0,199282.0,SATISFIABLE,True,0.4496384202880859,0.044534,0.3054714202880859,3109.0,3849.0,199282.0,SATISFIABLE,True,0.4546116492156982,0.043381,0.3332736492156982,3109.0,3849.0,199282.0,-0.5097037045898436,-5974.0,-7113.0,faster_both_solved,-0.4097228715820313,0.0,0.0,faster_both_solved,0.12100979148864754,0.0,0.0,slower_both_solved,easy(<10s)
400,data/test/3sat/400,3sat_97.cnf,INDETERMINATE,False,60.76050612487793,59.9779,0.7826061248779297,1735345.0,1993826.0,101930414.0,SATISFIABLE,True,12.478720291870117,11.6615,0.7399272918701172,425291.0,491074.0,25526527.0,SATISFIABLE,True,11.76363262879944,11.4993,0.2060816287994384,425291.0,491074.0,25526527.0,SATISFIABLE,True,11.615083420288084,11.2091,0.3054714202880859,425291.0,491074.0,25526527.0,SATISFIABLE,True,11.735711649215698,11.3228,0.3332736492156982,425291.0,491074.0,25526527.0,-49.14542270458985,-1310054.0,-1502752.0,recovered_timeout,-0.8636368715820328,0.0,0.0,faster_both_solved,-0.14854920851135667,0.0,0.0,faster_both_solved,timeout
400,data/test/3sat/400,3sat_98.cnf,INDETERMINATE,False,60.76550612487793,59.9829,0.7826061248779297,1779874.0,2014869.0,99945494.0,INDETERMINATE,False,60.78506629187012,59.9789,0.7399272918701172,1782472.0,2017739.0,100088470.0,INDETERMINATE,False,60.26322562879944,59.9838,0.2060816287994384,1813462.0,2052529.0,101755195.0,INDETERMINATE,False,60.377481420288085,59.981,0.3054714202880859,1822988.0,2063311.0,102259041.0,INDETERMINATE,False,60.391995649215694,59.9841,0.3332736492156982,1762620.0,1995374.0,98995594.0,-0.3880247045898457,43114.0,48442.0,both_timeout,-0.4075848715820385,40516.0,45572.0,both_timeout,0.11425579148864529,9526.0,10782.0,both_timeout,timeout
400,data/test/3sat/400,3sat_99.cnf,INDETERMINATE,False,60.76130612487793,59.9787,0.7826061248779297,1766633.0,2015719.0,97045407.0,INDETERMINATE,False,60.79379029187012,59.9797,0.7399272918701172,1753997.0,2001311.0,96354786.0,INDETERMINATE,False,60.23874362879943,59.9627,0.2060816287994384,1759858.0,2008006.0,96673808.0,INDETERMINATE,False,60.39039142028808,59.9816,0.3054714202880859,1735539.0,1980328.0,95328405.0,INDETERMINATE,False,60.3808776492157,59.9742,0.3332736492156982,1740882.0,1986352.0,95622636.0,-0.37091470458985043,-31094.0,-35391.0,both_timeout,-0.40339887158203425,-18458.0,-20983.0,both_timeout,0.15164779148864937,-24319.0,-27678.0,both_timeout,timeout
