Unnamed: 0,restarts,conflicts,decisions,propagations,CPU time,Result,cnf_id,sample_id,file,final GPU time,refinement CPU time,refinement GPU time,GPU time,time,file_key,method,paper_name,repeat,solved,timeout,raw_csv
0,2.0,1461679.0,1668116.0,81470402.0,59.9738,INDETERMINATE,0,0,data/test/3sat/400/3sat_0.cnf,0.299232006072998,0.0,0.0,0.299232006072998,60.273032006073,3sat_0.cnf,one_shot,One-shot,0,False,True,runs/analysis/full400_repeated_runtime/raw/one_shot/repeat0.csv
1,1.0,73715.0,85712.0,4316774.0,2.57745,SATISFIABLE,1,0,data/test/3sat/400/3sat_1.cnf,0.299232006072998,0.0,0.0,0.299232006072998,2.876682006072998,3sat_1.cnf,one_shot,One-shot,0,True,False,runs/analysis/full400_repeated_runtime/raw/one_shot/repeat0.csv
2,2.0,1591319.0,1816987.0,89724659.0,59.9689,INDETERMINATE,2,0,data/test/3sat/400/3sat_10.cnf,0.299232006072998,0.0,0.0,0.299232006072998,60.268132006073,3sat_10.cnf,one_shot,One-shot,0,False,True,runs/analysis/full400_repeated_runtime/raw/one_shot/repeat0.csv
3,1.0,3392.0,4166.0,213902.0,0.0686,SATISFIABLE,3,0,data/test/3sat/400/3sat_100.cnf,0.299232006072998,0.0,0.0,0.299232006072998,0.367832006072998,3sat_100.cnf,one_shot,One-shot,0,True,False,runs/analysis/full400_repeated_runtime/raw/one_shot/repeat0.csv
4,2.0,1443895.0,1650087.0,81115272.0,59.9906,INDETERMINATE,4,0,data/test/3sat/400/3sat_101.cnf,0.299232006072998,0.0,0.0,0.299232006072998,60.289832006073,3sat_101.cnf,one_shot,One-shot,0,False,True,runs/analysis/full400_repeated_runtime/raw/one_shot/repeat0.csv
5,2.0,1563680.0,1807809.0,89413657.0,59.986,INDETERMINATE,5,0,data/test/3sat/400/3sat_102.cnf,0.299232006072998,0.0,0.0,0.299232006072998,60.285232006073,3sat_102.cnf,one_shot,One-shot,0,False,True,runs/analysis/full400_repeated_runtime/raw/one_shot/repeat0.csv
6,2.0,1573384.0,1808526.0,89275812.0,59.9788,INDETERMINATE,6,0,data/test/3sat/400/3sat_103.cnf,0.299232006072998,0.0,0.0,0.299232006072998,60.278032006073,3sat_103.cnf,one_shot,One-shot,0,False,True,runs/analysis/full400_repeated_runtime/raw/one_shot/repeat0.csv
7,2.0,1462820.0,1671171.0,81319904.0,59.9752,INDETERMINATE,7,0,data/test/3sat/400/3sat_104.cnf,0.299232006072998,0.0,0.0,0.299232006072998,60.274432006073,3sat_104.cnf,one_shot,One-shot,0,False,True,runs/analysis/full400_repeated_runtime/raw/one_shot/repeat0.csv
8,2.0,1531726.0,1742617.0,87646346.0,59.9609,INDETERMINATE,8,0,data/test/3sat/400/3sat_105.cnf,0.299232006072998,0.0,0.0,0.299232006072998,60.260132006073,3sat_105.cnf,one_shot,One-shot,0,False,True,runs/analysis/full400_repeated_runtime/raw/one_shot/repeat0.csv
9,2.0,1414524.0,1617608.0,78831678.0,59.982,INDETERMINATE,9,0,data/test/3sat/400/3sat_106.cnf,0.299232006072998,0.0,0.0,0.299232006072998,60.281232006073,3sat_106.cnf,one_shot,One-shot,0,False,True,runs/analysis/full400_repeated_runtime/raw/one_shot/repeat0.csv
10,2.0,1356455.0,1558370.0,77428113.0,59.9638,INDETERMINATE,10,0,data/test/3sat/400/3sat_107.cnf,0.2920982837677002,0.0,0.0,0.2920982837677002,60.2558982837677,3sat_107.cnf,one_shot,One-shot,0,False,True,runs/analysis/full400_repeated_runtime/raw/one_shot/repeat0.csv
11,2.0,1466296.0,1688911.0,82123440.0,59.9765,INDETERMINATE,11,0,data/test/3sat/400/3sat_108.cnf,0.2920982837677002,0.0,0.0,0.2920982837677002,60.2685982837677,3sat_108.cnf,one_shot,One-shot,0,False,True,runs/analysis/full400_repeated_runtime/raw/one_shot/repeat0.csv
12,2.0,1528716.0,1751654.0,85639672.0,59.9575,INDETERMINATE,12,0,data/test/3sat/400/3sat_109.cnf,0.2920982837677002,0.0,0.0,0.2920982837677002,60.2495982837677,3sat_109.cnf,one_shot,One-shot,0,False,True,runs/analysis/full400_repeated_runtime/raw/one_shot/repeat0.csv
13,1.0,40661.0,47692.0,2496556.0,1.35306,SATISFIABLE,13,0,data/test/3sat/400/3sat_11.cnf,0.2920982837677002,0.0,0.0,0.2920982837677002,1.6451582837677,3sat_11.cnf,one_shot,One-shot,0,True,False,runs/analysis/full400_repeated_runtime/raw/one_shot/repeat0.csv
14,2.0,1474825.0,1692629.0,85290406.0,59.9718,INDETERMINATE,14,0,data/test/3sat/400/3sat_110.cnf,0.2920982837677002,0.0,0.0,0.2920982837677002,60.2638982837677,3sat_110.cnf,one_shot,One-shot,0,False,True,runs/analysis/full400_repeated_runtime/raw/one_shot/repeat0.csv
15,2.0,1476736.0,1693966.0,86185333.0,59.9923,INDETERMINATE,15,0,data/test/3sat/400/3sat_111.cnf,0.2920982837677002,0.0,0.0,0.2920982837677002,60.2843982837677,3sat_111.cnf,one_shot,One-shot,0,False,True,runs/analysis/full400_repeated_runtime/raw/one_shot/repeat0.csv
16,2.0,1526659.0,1734834.0,88246240.0,59.9705,INDETERMINATE,16,0,data/test/3sat/400/3sat_112.cnf,0.2920982837677002,0.0,0.0,0.2920982837677002,60.2625982837677,3sat_112.cnf,one_shot,One-shot,0,False,True,runs/analysis/full400_repeated_runtime/raw/one_shot/repeat0.csv
17,2.0,1423580.0,1615249.0,81561632.0,59.9759,INDETERMINATE,17,0,data/test/3sat/400/3sat_113.cnf,0.2920982837677002,0.0,0.0,0.2920982837677002,60.2679982837677,3sat_113.cnf,one_shot,One-shot,0,False,True,runs/analysis/full400_repeated_runtime/raw/one_shot/repeat0.csv
18,2.0,1458256.0,1674641.0,82495983.0,59.9734,INDETERMINATE,18,0,data/test/3sat/400/3sat_114.cnf,0.2920982837677002,0.0,0.0,0.2920982837677002,60.2654982837677,3sat_114.cnf,one_shot,One-shot,0,False,True,runs/analysis/full400_repeated_runtime/raw/one_shot/repeat0.csv
19,2.0,1372258.0,1567152.0,77530395.0,59.9856,INDETERMINATE,19,0,data/test/3sat/400/3sat_115.cnf,0.2920982837677002,0.0,0.0,0.2920982837677002,60.2776982837677,3sat_115.cnf,one_shot,One-shot,0,False,True,runs/analysis/full400_repeated_runtime/raw/one_shot/repeat0.csv
20,2.0,1478475.0,1682922.0,82549385.0,59.9726,INDETERMINATE,20,0,data/test/3sat/400/3sat_116.cnf,0.2787117958068847,0.0,0.0,0.2787117958068847,60.251311795806885,3sat_116.cnf,one_shot,One-shot,0,False,True,runs/analysis/full400_repeated_runtime/raw/one_shot/repeat0.csv
21,2.0,1451515.0,1661463.0,81095045.0,59.9758,INDETERMINATE,21,0,data/test/3sat/400/3sat_117.cnf,0.2787117958068847,0.0,0.0,0.2787117958068847,60.25451179580688,3sat_117.cnf,one_shot,One-shot,0,False,True,runs/analysis/full400_repeated_runtime/raw/one_shot/repeat0.csv
22,2.0,1491288.0,1705015.0,83880502.0,59.9765,INDETERMINATE,22,0,data/test/3sat/400/3sat_118.cnf,0.2787117958068847,0.0,0.0,0.2787117958068847,60.255211795806886,3sat_118.cnf,one_shot,One-shot,0,False,True,runs/analysis/full400_repeated_runtime/raw/one_shot/repeat0.csv
23,2.0,1493708.0,1708068.0,82675305.0,59.9909,INDETERMINATE,23,0,data/test/3sat/400/3sat_119.cnf,0.2787117958068847,0.0,0.0,0.2787117958068847,60.26961179580689,3sat_119.cnf,one_shot,One-shot,0,False,True,runs/analysis/full400_repeated_runtime/raw/one_shot/repeat0.csv
24,2.0,1423165.0,1627697.0,79938892.0,59.9806,INDETERMINATE,24,0,data/test/3sat/400/3sat_12.cnf,0.2787117958068847,0.0,0.0,0.2787117958068847,60.25931179580689,3sat_12.cnf,one_shot,One-shot,0,False,True,runs/analysis/full400_repeated_runtime/raw/one_shot/repeat0.csv
25,1.0,75813.0,87762.0,4687360.0,2.93774,SATISFIABLE,25,0,data/test/3sat/400/3sat_120.cnf,0.2787117958068847,0.0,0.0,0.2787117958068847,3.216451795806885,3sat_120.cnf,one_shot,One-shot,0,True,False,runs/analysis/full400_repeated_runtime/raw/one_shot/repeat0.csv
26,1.0,47329.0,54623.0,2823769.0,1.40555,SATISFIABLE,26,0,data/test/3sat/400/3sat_121.cnf,0.2787117958068847,0.0,0.0,0.2787117958068847,1.6842617958068848,3sat_121.cnf,one_shot,One-shot,0,True,False,runs/analysis/full400_repeated_runtime/raw/one_shot/repeat0.csv
27,2.0,1466804.0,1677971.0,83878155.0,59.9805,INDETERMINATE,27,0,data/test/3sat/400/3sat_122.cnf,0.2787117958068847,0.0,0.0,0.2787117958068847,60.25921179580688,3sat_122.cnf,one_shot,One-shot,0,False,True,runs/analysis/full400_repeated_runtime/raw/one_shot/repeat0.csv
28,2.0,1477100.0,1680290.0,84160249.0,59.9844,INDETERMINATE,28,0,data/test/3sat/400/3sat_123.cnf,0.2787117958068847,0.0,0.0,0.2787117958068847,60.263111795806886,3sat_123.cnf,one_shot,One-shot,0,False,True,runs/analysis/full400_repeated_runtime/raw/one_shot/repeat0.csv
29,1.0,654.0,900.0,43163.0,0.009285,SATISFIABLE,29,0,data/test/3sat/400/3sat_124.cnf,0.2787117958068847,0.0,0.0,0.2787117958068847,0.2879967958068847,3sat_124.cnf,one_shot,One-shot,0,True,False,runs/analysis/full400_repeated_runtime/raw/one_shot/repeat0.csv
30,1.0,87018.0,101016.0,5296049.0,3.23725,SATISFIABLE,30,0,data/test/3sat/400/3sat_125.cnf,0.288672924041748,0.0,0.0,0.288672924041748,3.525922924041748,3sat_125.cnf,one_shot,One-shot,0,True,False,runs/analysis/full400_repeated_runtime/raw/one_shot/repeat0.csv
31,2.0,1471198.0,1682333.0,84379790.0,59.9742,INDETERMINATE,31,0,data/test/3sat/400/3sat_126.cnf,0.288672924041748,0.0,0.0,0.288672924041748,60.26287292404175,3sat_126.cnf,one_shot,One-shot,0,False,True,runs/analysis/full400_repeated_runtime/raw/one_shot/repeat0.csv
32,2.0,1437435.0,1663942.0,84133421.0,59.9881,INDETERMINATE,32,0,data/test/3sat/400/3sat_127.cnf,0.288672924041748,0.0,0.0,0.288672924041748,60.27677292404175,3sat_127.cnf,one_shot,One-shot,0,False,True,runs/analysis/full400_repeated_runtime/raw/one_shot/repeat0.csv
33,2.0,972401.0,1117185.0,56912346.0,34.4847,SATISFIABLE,33,0,data/test/3sat/400/3sat_128.cnf,0.288672924041748,0.0,0.0,0.288672924041748,34.773372924041745,3sat_128.cnf,one_shot,One-shot,0,True,False,runs/analysis/full400_repeated_runtime/raw/one_shot/repeat0.csv
34,1.0,28034.0,33114.0,1750425.0,0.815215,SATISFIABLE,34,0,data/test/3sat/400/3sat_129.cnf,0.288672924041748,0.0,0.0,0.288672924041748,1.103887924041748,3sat_129.cnf,one_shot,One-shot,0,True,False,runs/analysis/full400_repeated_runtime/raw/one_shot/repeat0.csv
35,2.0,1474669.0,1695725.0,84686776.0,59.9886,INDETERMINATE,35,0,data/test/3sat/400/3sat_13.cnf,0.288672924041748,0.0,0.0,0.288672924041748,60.27727292404175,3sat_13.cnf,one_shot,One-shot,0,False,True,runs/analysis/full400_repeated_runtime/raw/one_shot/repeat0.csv
36,2.0,121568.0,139021.0,7304329.0,4.67628,SATISFIABLE,36,0,data/test/3sat/400/3sat_130.cnf,0.288672924041748,0.0,0.0,0.288672924041748,4.964952924041748,3sat_130.cnf,one_shot,One-shot,0,True,False,runs/analysis/full400_repeated_runtime/raw/one_shot/repeat0.csv
37,1.0,82086.0,96037.0,5035591.0,3.40087,SATISFIABLE,37,0,data/test/3sat/400/3sat_131.cnf,0.288672924041748,0.0,0.0,0.288672924041748,3.689542924041748,3sat_131.cnf,one_shot,One-shot,0,True,False,runs/analysis/full400_repeated_runtime/raw/one_shot/repeat0.csv
38,1.0,4890.0,5982.0,303741.0,0.092346,SATISFIABLE,38,0,data/test/3sat/400/3sat_132.cnf,0.288672924041748,0.0,0.0,0.288672924041748,0.381018924041748,3sat_132.cnf,one_shot,One-shot,0,True,False,runs/analysis/full400_repeated_runtime/raw/one_shot/repeat0.csv
39,2.0,1424437.0,1646910.0,82951561.0,59.9813,INDETERMINATE,39,0,data/test/3sat/400/3sat_133.cnf,0.288672924041748,0.0,0.0,0.288672924041748,60.26997292404175,3sat_133.cnf,one_shot,One-shot,0,False,True,runs/analysis/full400_repeated_runtime/raw/one_shot/repeat0.csv
40,2.0,1408271.0,1612102.0,78784273.0,59.9795,INDETERMINATE,40,0,data/test/3sat/400/3sat_134.cnf,0.2900097370147705,0.0,0.0,0.2900097370147705,60.26950973701477,3sat_134.cnf,one_shot,One-shot,0,False,True,runs/analysis/full400_repeated_runtime/raw/one_shot/repeat0.csv
41,2.0,1553266.0,1768004.0,86693109.0,59.9585,INDETERMINATE,41,0,data/test/3sat/400/3sat_135.cnf,0.2900097370147705,0.0,0.0,0.2900097370147705,60.24850973701477,3sat_135.cnf,one_shot,One-shot,0,False,True,runs/analysis/full400_repeated_runtime/raw/one_shot/repeat0.csv
42,2.0,1453652.0,1667016.0,85302257.0,59.9801,INDETERMINATE,42,0,data/test/3sat/400/3sat_136.cnf,0.2900097370147705,0.0,0.0,0.2900097370147705,60.27010973701477,3sat_136.cnf,one_shot,One-shot,0,False,True,runs/analysis/full400_repeated_runtime/raw/one_shot/repeat0.csv
43,2.0,1481482.0,1679406.0,79963790.0,59.9704,INDETERMINATE,43,0,data/test/3sat/400/3sat_137.cnf,0.2900097370147705,0.0,0.0,0.2900097370147705,60.26040973701477,3sat_137.cnf,one_shot,One-shot,0,False,True,runs/analysis/full400_repeated_runtime/raw/one_shot/repeat0.csv
44,2.0,1529483.0,1739728.0,88414383.0,59.9874,INDETERMINATE,44,0,data/test/3sat/400/3sat_138.cnf,0.2900097370147705,0.0,0.0,0.2900097370147705,60.27740973701477,3sat_138.cnf,one_shot,One-shot,0,False,True,runs/analysis/full400_repeated_runtime/raw/one_shot/repeat0.csv
45,2.0,1508908.0,1734344.0,86211524.0,59.9703,INDETERMINATE,45,0,data/test/3sat/400/3sat_139.cnf,0.2900097370147705,0.0,0.0,0.2900097370147705,60.26030973701477,3sat_139.cnf,one_shot,One-shot,0,False,True,runs/analysis/full400_repeated_runtime/raw/one_shot/repeat0.csv
46,2.0,133587.0,154405.0,8365184.0,5.30925,SATISFIABLE,46,0,data/test/3sat/400/3sat_14.cnf,0.2900097370147705,0.0,0.0,0.2900097370147705,5.59925973701477,3sat_14.cnf,one_shot,One-shot,0,True,False,runs/analysis/full400_repeated_runtime/raw/one_shot/repeat0.csv
47,2.0,1244295.0,1419655.0,73705026.0,48.8749,SATISFIABLE,47,0,data/test/3sat/400/3sat_140.cnf,0.2900097370147705,0.0,0.0,0.2900097370147705,49.16490973701477,3sat_140.cnf,one_shot,One-shot,0,True,False,runs/analysis/full400_repeated_runtime/raw/one_shot/repeat0.csv
48,1.0,71109.0,82102.0,4299119.0,2.98583,SATISFIABLE,48,0,data/test/3sat/400/3sat_141.cnf,0.2900097370147705,0.0,0.0,0.2900097370147705,3.2758397370147705,3sat_141.cnf,one_shot,One-shot,0,True,False,runs/analysis/full400_repeated_runtime/raw/one_shot/repeat0.csv
49,1.0,61037.0,70865.0,3765471.0,2.06337,SATISFIABLE,49,0,data/test/3sat/400/3sat_142.cnf,0.2900097370147705,0.0,0.0,0.2900097370147705,2.3533797370147704,3sat_142.cnf,one_shot,One-shot,0,True,False,runs/analysis/full400_repeated_runtime/raw/one_shot/repeat0.csv
50,2.0,1451048.0,1666240.0,83441183.0,59.9893,INDETERMINATE,50,0,data/test/3sat/400/3sat_143.cnf,0.2915382385253906,0.0,0.0,0.2915382385253906,60.28083823852539,3sat_143.cnf,one_shot,One-shot,0,False,True,runs/analysis/full400_repeated_runtime/raw/one_shot/repeat0.csv
51,2.0,1360008.0,1544807.0,75759127.0,59.9877,INDETERMINATE,51,0,data/test/3sat/400/3sat_144.cnf,0.2915382385253906,0.0,0.0,0.2915382385253906,60.27923823852539,3sat_144.cnf,one_shot,One-shot,0,False,True,runs/analysis/full400_repeated_runtime/raw/one_shot/repeat0.csv
52,2.0,1419344.0,1641383.0,81136567.0,59.9845,INDETERMINATE,52,0,data/test/3sat/400/3sat_145.cnf,0.2915382385253906,0.0,0.0,0.2915382385253906,60.27603823852539,3sat_145.cnf,one_shot,One-shot,0,False,True,runs/analysis/full400_repeated_runtime/raw/one_shot/repeat0.csv
53,2.0,1439668.0,1648090.0,80816317.0,59.9585,INDETERMINATE,53,0,data/test/3sat/400/3sat_146.cnf,0.2915382385253906,0.0,0.0,0.2915382385253906,60.25003823852539,3sat_146.cnf,one_shot,One-shot,0,False,True,runs/analysis/full400_repeated_runtime/raw/one_shot/repeat0.csv
54,2.0,392510.0,450448.0,23393708.0,13.1966,SATISFIABLE,54,0,data/test/3sat/400/3sat_147.cnf,0.2915382385253906,0.0,0.0,0.2915382385253906,13.48813823852539,3sat_147.cnf,one_shot,One-shot,0,True,False,runs/analysis/full400_repeated_runtime/raw/one_shot/repeat0.csv
55,2.0,1484787.0,1706287.0,86765532.0,59.9575,INDETERMINATE,55,0,data/test/3sat/400/3sat_148.cnf,0.2915382385253906,0.0,0.0,0.2915382385253906,60.249038238525394,3sat_148.cnf,one_shot,One-shot,0,False,True,runs/analysis/full400_repeated_runtime/raw/one_shot/repeat0.csv
56,1.0,97366.0,112279.0,5819460.0,3.7934,SATISFIABLE,56,0,data/test/3sat/400/3sat_149.cnf,0.2915382385253906,0.0,0.0,0.2915382385253906,4.084938238525391,3sat_149.cnf,one_shot,One-shot,0,True,False,runs/analysis/full400_repeated_runtime/raw/one_shot/repeat0.csv
57,2.0,1481174.0,1683375.0,84236999.0,59.9535,INDETERMINATE,57,0,data/test/3sat/400/3sat_15.cnf,0.2915382385253906,0.0,0.0,0.2915382385253906,60.24503823852539,3sat_15.cnf,one_shot,One-shot,0,False,True,runs/analysis/full400_repeated_runtime/raw/one_shot/repeat0.csv
58,1.0,16970.0,19929.0,1057698.0,0.394788,SATISFIABLE,58,0,data/test/3sat/400/3sat_150.cnf,0.2915382385253906,0.0,0.0,0.2915382385253906,0.6863262385253905,3sat_150.cnf,one_shot,One-shot,0,True,False,runs/analysis/full400_repeated_runtime/raw/one_shot/repeat0.csv
59,2.0,1469584.0,1669362.0,84730050.0,59.981,INDETERMINATE,59,0,data/test/3sat/400/3sat_151.cnf,0.2915382385253906,0.0,0.0,0.2915382385253906,60.27253823852539,3sat_151.cnf,one_shot,One-shot,0,False,True,runs/analysis/full400_repeated_runtime/raw/one_shot/repeat0.csv
60,2.0,1491471.0,1717320.0,83639091.0,59.9692,INDETERMINATE,60,0,data/test/3sat/400/3sat_152.cnf,0.3140811920166015,0.0,0.0,0.3140811920166015,60.2832811920166,3sat_152.cnf,one_shot,One-shot,0,False,True,runs/analysis/full400_repeated_runtime/raw/one_shot/repeat0.csv
61,2.0,1417330.0,1615578.0,79521574.0,59.969,INDETERMINATE,61,0,data/test/3sat/400/3sat_153.cnf,0.3140811920166015,0.0,0.0,0.3140811920166015,60.2830811920166,3sat_153.cnf,one_shot,One-shot,0,False,True,runs/analysis/full400_repeated_runtime/raw/one_shot/repeat0.csv
62,1.0,42118.0,49122.0,2596236.0,1.38183,SATISFIABLE,62,0,data/test/3sat/400/3sat_154.cnf,0.3140811920166015,0.0,0.0,0.3140811920166015,1.6959111920166017,3sat_154.cnf,one_shot,One-shot,0,True,False,runs/analysis/full400_repeated_runtime/raw/one_shot/repeat0.csv
63,2.0,1510001.0,1720413.0,84322722.0,59.9813,INDETERMINATE,63,0,data/test/3sat/400/3sat_155.cnf,0.3140811920166015,0.0,0.0,0.3140811920166015,60.2953811920166,3sat_155.cnf,one_shot,One-shot,0,False,True,runs/analysis/full400_repeated_runtime/raw/one_shot/repeat0.csv
64,2.0,1433550.0,1635437.0,81345583.0,59.9663,INDETERMINATE,64,0,data/test/3sat/400/3sat_156.cnf,0.3140811920166015,0.0,0.0,0.3140811920166015,60.2803811920166,3sat_156.cnf,one_shot,One-shot,0,False,True,runs/analysis/full400_repeated_runtime/raw/one_shot/repeat0.csv
65,1.0,75250.0,88905.0,4657000.0,2.90268,SATISFIABLE,65,0,data/test/3sat/400/3sat_157.cnf,0.3140811920166015,0.0,0.0,0.3140811920166015,3.2167611920166017,3sat_157.cnf,one_shot,One-shot,0,True,False,runs/analysis/full400_repeated_runtime/raw/one_shot/repeat0.csv
66,2.0,1453325.0,1646385.0,80916445.0,59.9894,INDETERMINATE,66,0,data/test/3sat/400/3sat_158.cnf,0.3140811920166015,0.0,0.0,0.3140811920166015,60.303481192016605,3sat_158.cnf,one_shot,One-shot,0,False,True,runs/analysis/full400_repeated_runtime/raw/one_shot/repeat0.csv
67,2.0,1499738.0,1722286.0,86286571.0,59.9747,INDETERMINATE,67,0,data/test/3sat/400/3sat_159.cnf,0.3140811920166015,0.0,0.0,0.3140811920166015,60.2887811920166,3sat_159.cnf,one_shot,One-shot,0,False,True,runs/analysis/full400_repeated_runtime/raw/one_shot/repeat0.csv
68,2.0,1580155.0,1794473.0,90652015.0,59.9901,INDETERMINATE,68,0,data/test/3sat/400/3sat_16.cnf,0.3140811920166015,0.0,0.0,0.3140811920166015,60.3041811920166,3sat_16.cnf,one_shot,One-shot,0,False,True,runs/analysis/full400_repeated_runtime/raw/one_shot/repeat0.csv
69,2.0,1521969.0,1742173.0,84878044.0,59.9903,INDETERMINATE,69,0,data/test/3sat/400/3sat_160.cnf,0.3140811920166015,0.0,0.0,0.3140811920166015,60.3043811920166,3sat_160.cnf,one_shot,One-shot,0,False,True,runs/analysis/full400_repeated_runtime/raw/one_shot/repeat0.csv
70,2.0,1557964.0,1773753.0,90099645.0,59.9635,INDETERMINATE,70,0,data/test/3sat/400/3sat_161.cnf,0.3989942073822021,0.0,0.0,0.3989942073822021,60.362494207382206,3sat_161.cnf,one_shot,One-shot,0,False,True,runs/analysis/full400_repeated_runtime/raw/one_shot/repeat0.csv
71,2.0,1394525.0,1576817.0,78567210.0,59.9576,INDETERMINATE,71,0,data/test/3sat/400/3sat_162.cnf,0.3989942073822021,0.0,0.0,0.3989942073822021,60.3565942073822,3sat_162.cnf,one_shot,One-shot,0,False,True,runs/analysis/full400_repeated_runtime/raw/one_shot/repeat0.csv
72,2.0,1474077.0,1673864.0,82917111.0,59.9942,INDETERMINATE,72,0,data/test/3sat/400/3sat_163.cnf,0.3989942073822021,0.0,0.0,0.3989942073822021,60.3931942073822,3sat_163.cnf,one_shot,One-shot,0,False,True,runs/analysis/full400_repeated_runtime/raw/one_shot/repeat0.csv
73,2.0,1525254.0,1750237.0,88627187.0,59.9816,INDETERMINATE,73,0,data/test/3sat/400/3sat_164.cnf,0.3989942073822021,0.0,0.0,0.3989942073822021,60.3805942073822,3sat_164.cnf,one_shot,One-shot,0,False,True,runs/analysis/full400_repeated_runtime/raw/one_shot/repeat0.csv
74,1.0,7043.0,8408.0,453223.0,0.142131,SATISFIABLE,74,0,data/test/3sat/400/3sat_165.cnf,0.3989942073822021,0.0,0.0,0.3989942073822021,0.5411252073822022,3sat_165.cnf,one_shot,One-shot,0,True,False,runs/analysis/full400_repeated_runtime/raw/one_shot/repeat0.csv
75,2.0,1573836.0,1798780.0,88823352.0,59.9793,INDETERMINATE,75,0,data/test/3sat/400/3sat_166.cnf,0.3989942073822021,0.0,0.0,0.3989942073822021,60.37829420738221,3sat_166.cnf,one_shot,One-shot,0,False,True,runs/analysis/full400_repeated_runtime/raw/one_shot/repeat0.csv
76,2.0,399529.0,460797.0,23951550.0,12.639,SATISFIABLE,76,0,data/test/3sat/400/3sat_167.cnf,0.3989942073822021,0.0,0.0,0.3989942073822021,13.0379942073822,3sat_167.cnf,one_shot,One-shot,0,True,False,runs/analysis/full400_repeated_runtime/raw/one_shot/repeat0.csv
77,2.0,1433029.0,1620157.0,81993880.0,59.9703,INDETERMINATE,77,0,data/test/3sat/400/3sat_168.cnf,0.3989942073822021,0.0,0.0,0.3989942073822021,60.36929420738221,3sat_168.cnf,one_shot,One-shot,0,False,True,runs/analysis/full400_repeated_runtime/raw/one_shot/repeat0.csv
78,2.0,1453274.0,1668106.0,83915093.0,59.9761,INDETERMINATE,78,0,data/test/3sat/400/3sat_169.cnf,0.3989942073822021,0.0,0.0,0.3989942073822021,60.375094207382205,3sat_169.cnf,one_shot,One-shot,0,False,True,runs/analysis/full400_repeated_runtime/raw/one_shot/repeat0.csv
79,2.0,1375520.0,1575659.0,77338779.0,59.9644,INDETERMINATE,79,0,data/test/3sat/400/3sat_17.cnf,0.3989942073822021,0.0,0.0,0.3989942073822021,60.3633942073822,3sat_17.cnf,one_shot,One-shot,0,False,True,runs/analysis/full400_repeated_runtime/raw/one_shot/repeat0.csv
80,2.0,1440075.0,1644097.0,80129901.0,59.9838,INDETERMINATE,80,0,data/test/3sat/400/3sat_170.cnf,0.3152523040771484,0.0,0.0,0.3152523040771484,60.29905230407715,3sat_170.cnf,one_shot,One-shot,0,False,True,runs/analysis/full400_repeated_runtime/raw/one_shot/repeat0.csv
81,2.0,1391911.0,1585911.0,79108526.0,59.9805,INDETERMINATE,81,0,data/test/3sat/400/3sat_171.cnf,0.3152523040771484,0.0,0.0,0.3152523040771484,60.29575230407715,3sat_171.cnf,one_shot,One-shot,0,False,True,runs/analysis/full400_repeated_runtime/raw/one_shot/repeat0.csv
82,2.0,1459629.0,1684709.0,84858948.0,59.9864,INDETERMINATE,82,0,data/test/3sat/400/3sat_172.cnf,0.3152523040771484,0.0,0.0,0.3152523040771484,60.30165230407715,3sat_172.cnf,one_shot,One-shot,0,False,True,runs/analysis/full400_repeated_runtime/raw/one_shot/repeat0.csv
83,2.0,1451683.0,1659709.0,83256363.0,59.9584,INDETERMINATE,83,0,data/test/3sat/400/3sat_173.cnf,0.3152523040771484,0.0,0.0,0.3152523040771484,60.273652304077146,3sat_173.cnf,one_shot,One-shot,0,False,True,runs/analysis/full400_repeated_runtime/raw/one_shot/repeat0.csv
84,2.0,1454093.0,1650180.0,81742995.0,59.9776,INDETERMINATE,84,0,data/test/3sat/400/3sat_174.cnf,0.3152523040771484,0.0,0.0,0.3152523040771484,60.29285230407715,3sat_174.cnf,one_shot,One-shot,0,False,True,runs/analysis/full400_repeated_runtime/raw/one_shot/repeat0.csv
85,2.0,1584791.0,1797952.0,87588398.0,59.9778,INDETERMINATE,85,0,data/test/3sat/400/3sat_175.cnf,0.3152523040771484,0.0,0.0,0.3152523040771484,60.29305230407715,3sat_175.cnf,one_shot,One-shot,0,False,True,runs/analysis/full400_repeated_runtime/raw/one_shot/repeat0.csv
86,1.0,44850.0,52377.0,2659490.0,1.47412,SATISFIABLE,86,0,data/test/3sat/400/3sat_176.cnf,0.3152523040771484,0.0,0.0,0.3152523040771484,1.7893723040771483,3sat_176.cnf,one_shot,One-shot,0,True,False,runs/analysis/full400_repeated_runtime/raw/one_shot/repeat0.csv
87,2.0,1458232.0,1652486.0,83837048.0,59.9692,INDETERMINATE,87,0,data/test/3sat/400/3sat_177.cnf,0.3152523040771484,0.0,0.0,0.3152523040771484,60.28445230407715,3sat_177.cnf,one_shot,One-shot,0,False,True,runs/analysis/full400_repeated_runtime/raw/one_shot/repeat0.csv
88,2.0,1542107.0,1783735.0,89364500.0,59.9864,INDETERMINATE,88,0,data/test/3sat/400/3sat_178.cnf,0.3152523040771484,0.0,0.0,0.3152523040771484,60.30165230407715,3sat_178.cnf,one_shot,One-shot,0,False,True,runs/analysis/full400_repeated_runtime/raw/one_shot/repeat0.csv
89,2.0,1535977.0,1748373.0,88282172.0,59.9962,INDETERMINATE,89,0,data/test/3sat/400/3sat_179.cnf,0.3152523040771484,0.0,0.0,0.3152523040771484,60.31145230407715,3sat_179.cnf,one_shot,One-shot,0,False,True,runs/analysis/full400_repeated_runtime/raw/one_shot/repeat0.csv
90,2.0,1431935.0,1636817.0,82325878.0,59.9901,INDETERMINATE,90,0,data/test/3sat/400/3sat_18.cnf,0.2914927005767822,0.0,0.0,0.2914927005767822,60.28159270057678,3sat_18.cnf,one_shot,One-shot,0,False,True,runs/analysis/full400_repeated_runtime/raw/one_shot/repeat0.csv
91,2.0,479866.0,551097.0,28918715.0,16.4019,SATISFIABLE,91,0,data/test/3sat/400/3sat_180.cnf,0.2914927005767822,0.0,0.0,0.2914927005767822,16.693392700576783,3sat_180.cnf,one_shot,One-shot,0,True,False,runs/analysis/full400_repeated_runtime/raw/one_shot/repeat0.csv
92,1.0,52050.0,59791.0,3130772.0,1.86475,SATISFIABLE,92,0,data/test/3sat/400/3sat_181.cnf,0.2914927005767822,0.0,0.0,0.2914927005767822,2.156242700576782,3sat_181.cnf,one_shot,One-shot,0,True,False,runs/analysis/full400_repeated_runtime/raw/one_shot/repeat0.csv
93,2.0,1505225.0,1724585.0,83094704.0,59.9659,INDETERMINATE,93,0,data/test/3sat/400/3sat_182.cnf,0.2914927005767822,0.0,0.0,0.2914927005767822,60.25739270057678,3sat_182.cnf,one_shot,One-shot,0,False,True,runs/analysis/full400_repeated_runtime/raw/one_shot/repeat0.csv
94,2.0,1497822.0,1710589.0,83998216.0,59.9869,INDETERMINATE,94,0,data/test/3sat/400/3sat_183.cnf,0.2914927005767822,0.0,0.0,0.2914927005767822,60.27839270057678,3sat_183.cnf,one_shot,One-shot,0,False,True,runs/analysis/full400_repeated_runtime/raw/one_shot/repeat0.csv
95,2.0,1492741.0,1700569.0,85537767.0,59.9905,INDETERMINATE,95,0,data/test/3sat/400/3sat_184.cnf,0.2914927005767822,0.0,0.0,0.2914927005767822,60.28199270057678,3sat_184.cnf,one_shot,One-shot,0,False,True,runs/analysis/full400_repeated_runtime/raw/one_shot/repeat0.csv
96,2.0,1599366.0,1808774.0,89769067.0,59.9879,INDETERMINATE,96,0,data/test/3sat/400/3sat_185.cnf,0.2914927005767822,0.0,0.0,0.2914927005767822,60.27939270057679,3sat_185.cnf,one_shot,One-shot,0,False,True,runs/analysis/full400_repeated_runtime/raw/one_shot/repeat0.csv
97,2.0,1378000.0,1574061.0,75258190.0,59.9779,INDETERMINATE,97,0,data/test/3sat/400/3sat_186.cnf,0.2914927005767822,0.0,0.0,0.2914927005767822,60.26939270057678,3sat_186.cnf,one_shot,One-shot,0,False,True,runs/analysis/full400_repeated_runtime/raw/one_shot/repeat0.csv
98,2.0,1358704.0,1565799.0,76623400.0,59.9955,INDETERMINATE,98,0,data/test/3sat/400/3sat_187.cnf,0.2914927005767822,0.0,0.0,0.2914927005767822,60.28699270057678,3sat_187.cnf,one_shot,One-shot,0,False,True,runs/analysis/full400_repeated_runtime/raw/one_shot/repeat0.csv
99,2.0,1542607.0,1761826.0,88197175.0,59.9626,INDETERMINATE,99,0,data/test/3sat/400/3sat_188.cnf,0.2914927005767822,0.0,0.0,0.2914927005767822,60.254092700576784,3sat_188.cnf,one_shot,One-shot,0,False,True,runs/analysis/full400_repeated_runtime/raw/one_shot/repeat0.csv
100,2.0,1382781.0,1580786.0,79403510.0,59.9784,INDETERMINATE,100,0,data/test/3sat/400/3sat_189.cnf,0.2986602783203125,0.0,0.0,0.2986602783203125,60.27706027832031,3sat_189.cnf,one_shot,One-shot,0,False,True,runs/analysis/full400_repeated_runtime/raw/one_shot/repeat0.csv
101,1.0,89648.0,102340.0,5281405.0,3.72967,SATISFIABLE,101,0,data/test/3sat/400/3sat_19.cnf,0.2986602783203125,0.0,0.0,0.2986602783203125,4.028330278320313,3sat_19.cnf,one_shot,One-shot,0,True,False,runs/analysis/full400_repeated_runtime/raw/one_shot/repeat0.csv
102,1.0,1353.0,1762.0,87323.0,0.029754,SATISFIABLE,102,0,data/test/3sat/400/3sat_190.cnf,0.2986602783203125,0.0,0.0,0.2986602783203125,0.3284142783203125,3sat_190.cnf,one_shot,One-shot,0,True,False,runs/analysis/full400_repeated_runtime/raw/one_shot/repeat0.csv
103,2.0,1441661.0,1637139.0,81317394.0,59.9897,INDETERMINATE,103,0,data/test/3sat/400/3sat_191.cnf,0.2986602783203125,0.0,0.0,0.2986602783203125,60.28836027832031,3sat_191.cnf,one_shot,One-shot,0,False,True,runs/analysis/full400_repeated_runtime/raw/one_shot/repeat0.csv
104,2.0,1425666.0,1644500.0,80476707.0,59.9569,INDETERMINATE,104,0,data/test/3sat/400/3sat_192.cnf,0.2986602783203125,0.0,0.0,0.2986602783203125,60.25556027832031,3sat_192.cnf,one_shot,One-shot,0,False,True,runs/analysis/full400_repeated_runtime/raw/one_shot/repeat0.csv
105,2.0,1387766.0,1583896.0,80341243.0,59.9737,INDETERMINATE,105,0,data/test/3sat/400/3sat_193.cnf,0.2986602783203125,0.0,0.0,0.2986602783203125,60.27236027832031,3sat_193.cnf,one_shot,One-shot,0,False,True,runs/analysis/full400_repeated_runtime/raw/one_shot/repeat0.csv
106,2.0,1369924.0,1555235.0,78072121.0,59.9643,INDETERMINATE,106,0,data/test/3sat/400/3sat_194.cnf,0.2986602783203125,0.0,0.0,0.2986602783203125,60.26296027832032,3sat_194.cnf,one_shot,One-shot,0,False,True,runs/analysis/full400_repeated_runtime/raw/one_shot/repeat0.csv
107,2.0,1492148.0,1702621.0,87082356.0,59.9631,INDETERMINATE,107,0,data/test/3sat/400/3sat_195.cnf,0.2986602783203125,0.0,0.0,0.2986602783203125,60.26176027832031,3sat_195.cnf,one_shot,One-shot,0,False,True,runs/analysis/full400_repeated_runtime/raw/one_shot/repeat0.csv
108,2.0,885139.0,1017689.0,51832819.0,31.3484,SATISFIABLE,108,0,data/test/3sat/400/3sat_196.cnf,0.2986602783203125,0.0,0.0,0.2986602783203125,31.647060278320318,3sat_196.cnf,one_shot,One-shot,0,True,False,runs/analysis/full400_repeated_runtime/raw/one_shot/repeat0.csv
109,2.0,1460361.0,1665289.0,81902838.0,59.9723,INDETERMINATE,109,0,data/test/3sat/400/3sat_197.cnf,0.2986602783203125,0.0,0.0,0.2986602783203125,60.27096027832031,3sat_197.cnf,one_shot,One-shot,0,False,True,runs/analysis/full400_repeated_runtime/raw/one_shot/repeat0.csv
110,2.0,1457515.0,1667501.0,84360017.0,59.9576,INDETERMINATE,110,0,data/test/3sat/400/3sat_198.cnf,0.3302185535430908,0.0,0.0,0.3302185535430908,60.28781855354309,3sat_198.cnf,one_shot,One-shot,0,False,True,runs/analysis/full400_repeated_runtime/raw/one_shot/repeat0.csv
111,2.0,1394750.0,1597935.0,77871299.0,59.9567,INDETERMINATE,111,0,data/test/3sat/400/3sat_199.cnf,0.3302185535430908,0.0,0.0,0.3302185535430908,60.28691855354309,3sat_199.cnf,one_shot,One-shot,0,False,True,runs/analysis/full400_repeated_runtime/raw/one_shot/repeat0.csv
112,2.0,1428699.0,1631068.0,82986782.0,59.9733,INDETERMINATE,112,0,data/test/3sat/400/3sat_2.cnf,0.3302185535430908,0.0,0.0,0.3302185535430908,60.30351855354309,3sat_2.cnf,one_shot,One-shot,0,False,True,runs/analysis/full400_repeated_runtime/raw/one_shot/repeat0.csv
113,2.0,361980.0,419239.0,21758927.0,12.2657,SATISFIABLE,113,0,data/test/3sat/400/3sat_20.cnf,0.3302185535430908,0.0,0.0,0.3302185535430908,12.595918553543092,3sat_20.cnf,one_shot,One-shot,0,True,False,runs/analysis/full400_repeated_runtime/raw/one_shot/repeat0.csv
114,2.0,1426771.0,1651577.0,83067490.0,59.9705,INDETERMINATE,114,0,data/test/3sat/400/3sat_21.cnf,0.3302185535430908,0.0,0.0,0.3302185535430908,60.30071855354309,3sat_21.cnf,one_shot,One-shot,0,False,True,runs/analysis/full400_repeated_runtime/raw/one_shot/repeat0.csv
115,1.0,41448.0,48376.0,2524622.0,1.30598,SATISFIABLE,115,0,data/test/3sat/400/3sat_22.cnf,0.3302185535430908,0.0,0.0,0.3302185535430908,1.6361985535430907,3sat_22.cnf,one_shot,One-shot,0,True,False,runs/analysis/full400_repeated_runtime/raw/one_shot/repeat0.csv
116,2.0,1401893.0,1603863.0,77827300.0,59.9741,INDETERMINATE,116,0,data/test/3sat/400/3sat_23.cnf,0.3302185535430908,0.0,0.0,0.3302185535430908,60.30431855354309,3sat_23.cnf,one_shot,One-shot,0,False,True,runs/analysis/full400_repeated_runtime/raw/one_shot/repeat0.csv
117,1.0,97677.0,112677.0,5872880.0,4.1564,SATISFIABLE,117,0,data/test/3sat/400/3sat_24.cnf,0.3302185535430908,0.0,0.0,0.3302185535430908,4.4866185535430905,3sat_24.cnf,one_shot,One-shot,0,True,False,runs/analysis/full400_repeated_runtime/raw/one_shot/repeat0.csv
118,1.0,41249.0,47888.0,2486997.0,1.1372,SATISFIABLE,118,0,data/test/3sat/400/3sat_25.cnf,0.3302185535430908,0.0,0.0,0.3302185535430908,1.4674185535430908,3sat_25.cnf,one_shot,One-shot,0,True,False,runs/analysis/full400_repeated_runtime/raw/one_shot/repeat0.csv
119,2.0,1392211.0,1589411.0,79772425.0,59.9714,INDETERMINATE,119,0,data/test/3sat/400/3sat_26.cnf,0.3302185535430908,0.0,0.0,0.3302185535430908,60.30161855354309,3sat_26.cnf,one_shot,One-shot,0,False,True,runs/analysis/full400_repeated_runtime/raw/one_shot/repeat0.csv
120,1.0,9470.0,11447.0,605518.0,0.199508,SATISFIABLE,120,0,data/test/3sat/400/3sat_27.cnf,0.2987442016601562,0.0,0.0,0.2987442016601562,0.4982522016601562,3sat_27.cnf,one_shot,One-shot,0,True,False,runs/analysis/full400_repeated_runtime/raw/one_shot/repeat0.csv
121,2.0,1511625.0,1730203.0,85653168.0,59.9846,INDETERMINATE,121,0,data/test/3sat/400/3sat_28.cnf,0.2987442016601562,0.0,0.0,0.2987442016601562,60.28334420166016,3sat_28.cnf,one_shot,One-shot,0,False,True,runs/analysis/full400_repeated_runtime/raw/one_shot/repeat0.csv
122,2.0,1526852.0,1739689.0,87795662.0,59.983,INDETERMINATE,122,0,data/test/3sat/400/3sat_29.cnf,0.2987442016601562,0.0,0.0,0.2987442016601562,60.28174420166015,3sat_29.cnf,one_shot,One-shot,0,False,True,runs/analysis/full400_repeated_runtime/raw/one_shot/repeat0.csv
123,2.0,1507083.0,1727789.0,88711303.0,59.9755,INDETERMINATE,123,0,data/test/3sat/400/3sat_3.cnf,0.2987442016601562,0.0,0.0,0.2987442016601562,60.27424420166015,3sat_3.cnf,one_shot,One-shot,0,False,True,runs/analysis/full400_repeated_runtime/raw/one_shot/repeat0.csv
124,2.0,1438444.0,1640795.0,83189291.0,59.9821,INDETERMINATE,124,0,data/test/3sat/400/3sat_30.cnf,0.2987442016601562,0.0,0.0,0.2987442016601562,60.28084420166016,3sat_30.cnf,one_shot,One-shot,0,False,True,runs/analysis/full400_repeated_runtime/raw/one_shot/repeat0.csv
125,2.0,1334086.0,1525237.0,74836876.0,59.9896,INDETERMINATE,125,0,data/test/3sat/400/3sat_31.cnf,0.2987442016601562,0.0,0.0,0.2987442016601562,60.28834420166016,3sat_31.cnf,one_shot,One-shot,0,False,True,runs/analysis/full400_repeated_runtime/raw/one_shot/repeat0.csv
126,2.0,1430532.0,1618144.0,80581039.0,59.9932,INDETERMINATE,126,0,data/test/3sat/400/3sat_32.cnf,0.2987442016601562,0.0,0.0,0.2987442016601562,60.29194420166016,3sat_32.cnf,one_shot,One-shot,0,False,True,runs/analysis/full400_repeated_runtime/raw/one_shot/repeat0.csv
127,2.0,1409961.0,1617632.0,80430837.0,59.9749,INDETERMINATE,127,0,data/test/3sat/400/3sat_33.cnf,0.2987442016601562,0.0,0.0,0.2987442016601562,60.27364420166016,3sat_33.cnf,one_shot,One-shot,0,False,True,runs/analysis/full400_repeated_runtime/raw/one_shot/repeat0.csv
128,2.0,1546759.0,1766430.0,89585532.0,59.9866,INDETERMINATE,128,0,data/test/3sat/400/3sat_34.cnf,0.2987442016601562,0.0,0.0,0.2987442016601562,60.28534420166016,3sat_34.cnf,one_shot,One-shot,0,False,True,runs/analysis/full400_repeated_runtime/raw/one_shot/repeat0.csv
129,2.0,1508618.0,1732445.0,83099041.0,59.9767,INDETERMINATE,129,0,data/test/3sat/400/3sat_35.cnf,0.2987442016601562,0.0,0.0,0.2987442016601562,60.27544420166016,3sat_35.cnf,one_shot,One-shot,0,False,True,runs/analysis/full400_repeated_runtime/raw/one_shot/repeat0.csv
130,2.0,1469333.0,1681464.0,82528950.0,59.9813,INDETERMINATE,130,0,data/test/3sat/400/3sat_36.cnf,0.2901611328125,0.0,0.0,0.2901611328125,60.2714611328125,3sat_36.cnf,one_shot,One-shot,0,False,True,runs/analysis/full400_repeated_runtime/raw/one_shot/repeat0.csv
131,2.0,1526129.0,1732406.0,85817929.0,59.9789,INDETERMINATE,131,0,data/test/3sat/400/3sat_37.cnf,0.2901611328125,0.0,0.0,0.2901611328125,60.2690611328125,3sat_37.cnf,one_shot,One-shot,0,False,True,runs/analysis/full400_repeated_runtime/raw/one_shot/repeat0.csv
132,2.0,1493580.0,1705340.0,85265960.0,59.9705,INDETERMINATE,132,0,data/test/3sat/400/3sat_38.cnf,0.2901611328125,0.0,0.0,0.2901611328125,60.2606611328125,3sat_38.cnf,one_shot,One-shot,0,False,True,runs/analysis/full400_repeated_runtime/raw/one_shot/repeat0.csv
133,2.0,1478013.0,1700563.0,82706221.0,59.9698,INDETERMINATE,133,0,data/test/3sat/400/3sat_39.cnf,0.2901611328125,0.0,0.0,0.2901611328125,60.2599611328125,3sat_39.cnf,one_shot,One-shot,0,False,True,runs/analysis/full400_repeated_runtime/raw/one_shot/repeat0.csv
134,2.0,1498614.0,1710487.0,84196951.0,59.9721,INDETERMINATE,134,0,data/test/3sat/400/3sat_4.cnf,0.2901611328125,0.0,0.0,0.2901611328125,60.2622611328125,3sat_4.cnf,one_shot,One-shot,0,False,True,runs/analysis/full400_repeated_runtime/raw/one_shot/repeat0.csv
135,2.0,1518660.0,1735422.0,86419140.0,59.9704,INDETERMINATE,135,0,data/test/3sat/400/3sat_40.cnf,0.2901611328125,0.0,0.0,0.2901611328125,60.2605611328125,3sat_40.cnf,one_shot,One-shot,0,False,True,runs/analysis/full400_repeated_runtime/raw/one_shot/repeat0.csv
136,2.0,1336534.0,1517757.0,74416716.0,59.9857,INDETERMINATE,136,0,data/test/3sat/400/3sat_41.cnf,0.2901611328125,0.0,0.0,0.2901611328125,60.2758611328125,3sat_41.cnf,one_shot,One-shot,0,False,True,runs/analysis/full400_repeated_runtime/raw/one_shot/repeat0.csv
137,2.0,1541303.0,1751372.0,83762466.0,59.97,INDETERMINATE,137,0,data/test/3sat/400/3sat_42.cnf,0.2901611328125,0.0,0.0,0.2901611328125,60.2601611328125,3sat_42.cnf,one_shot,One-shot,0,False,True,runs/analysis/full400_repeated_runtime/raw/one_shot/repeat0.csv
138,2.0,1409057.0,1602671.0,80490921.0,59.9832,INDETERMINATE,138,0,data/test/3sat/400/3sat_43.cnf,0.2901611328125,0.0,0.0,0.2901611328125,60.2733611328125,3sat_43.cnf,one_shot,One-shot,0,False,True,runs/analysis/full400_repeated_runtime/raw/one_shot/repeat0.csv
139,2.0,1445583.0,1655607.0,83513667.0,59.9895,INDETERMINATE,139,0,data/test/3sat/400/3sat_44.cnf,0.2901611328125,0.0,0.0,0.2901611328125,60.2796611328125,3sat_44.cnf,one_shot,One-shot,0,False,True,runs/analysis/full400_repeated_runtime/raw/one_shot/repeat0.csv
140,2.0,1507610.0,1699736.0,84159224.0,59.9658,INDETERMINATE,140,0,data/test/3sat/400/3sat_45.cnf,0.3020260334014892,0.0,0.0,0.3020260334014892,60.26782603340149,3sat_45.cnf,one_shot,One-shot,0,False,True,runs/analysis/full400_repeated_runtime/raw/one_shot/repeat0.csv
141,2.0,977212.0,1110702.0,56336677.0,36.7473,SATISFIABLE,141,0,data/test/3sat/400/3sat_46.cnf,0.3020260334014892,0.0,0.0,0.3020260334014892,37.04932603340149,3sat_46.cnf,one_shot,One-shot,0,True,False,runs/analysis/full400_repeated_runtime/raw/one_shot/repeat0.csv
142,1.0,63966.0,73444.0,4017900.0,2.51757,SATISFIABLE,142,0,data/test/3sat/400/3sat_47.cnf,0.3020260334014892,0.0,0.0,0.3020260334014892,2.8195960334014893,3sat_47.cnf,one_shot,One-shot,0,True,False,runs/analysis/full400_repeated_runtime/raw/one_shot/repeat0.csv
143,2.0,1437492.0,1644714.0,80265396.0,59.9795,INDETERMINATE,143,0,data/test/3sat/400/3sat_48.cnf,0.3020260334014892,0.0,0.0,0.3020260334014892,60.28152603340149,3sat_48.cnf,one_shot,One-shot,0,False,True,runs/analysis/full400_repeated_runtime/raw/one_shot/repeat0.csv
144,2.0,1391790.0,1595622.0,80548362.0,59.9762,INDETERMINATE,144,0,data/test/3sat/400/3sat_49.cnf,0.3020260334014892,0.0,0.0,0.3020260334014892,60.27822603340149,3sat_49.cnf,one_shot,One-shot,0,False,True,runs/analysis/full400_repeated_runtime/raw/one_shot/repeat0.csv
145,2.0,1397259.0,1600752.0,79057846.0,59.9712,INDETERMINATE,145,0,data/test/3sat/400/3sat_5.cnf,0.3020260334014892,0.0,0.0,0.3020260334014892,60.27322603340149,3sat_5.cnf,one_shot,One-shot,0,False,True,runs/analysis/full400_repeated_runtime/raw/one_shot/repeat0.csv
146,2.0,1373578.0,1571093.0,78926835.0,59.9815,INDETERMINATE,146,0,data/test/3sat/400/3sat_50.cnf,0.3020260334014892,0.0,0.0,0.3020260334014892,60.283526033401486,3sat_50.cnf,one_shot,One-shot,0,False,True,runs/analysis/full400_repeated_runtime/raw/one_shot/repeat0.csv
147,2.0,1450417.0,1659284.0,82501482.0,59.9777,INDETERMINATE,147,0,data/test/3sat/400/3sat_51.cnf,0.3020260334014892,0.0,0.0,0.3020260334014892,60.27972603340149,3sat_51.cnf,one_shot,One-shot,0,False,True,runs/analysis/full400_repeated_runtime/raw/one_shot/repeat0.csv
148,2.0,1594441.0,1840545.0,89707444.0,59.9683,INDETERMINATE,148,0,data/test/3sat/400/3sat_52.cnf,0.3020260334014892,0.0,0.0,0.3020260334014892,60.27032603340149,3sat_52.cnf,one_shot,One-shot,0,False,True,runs/analysis/full400_repeated_runtime/raw/one_shot/repeat0.csv
149,2.0,1420072.0,1619411.0,77136848.0,59.9841,INDETERMINATE,149,0,data/test/3sat/400/3sat_53.cnf,0.3020260334014892,0.0,0.0,0.3020260334014892,60.28612603340149,3sat_53.cnf,one_shot,One-shot,0,False,True,runs/analysis/full400_repeated_runtime/raw/one_shot/repeat0.csv
150,2.0,612353.0,699215.0,35959808.0,22.3027,SATISFIABLE,150,0,data/test/3sat/400/3sat_54.cnf,0.2977097034454345,0.0,0.0,0.2977097034454345,22.60040970344544,3sat_54.cnf,one_shot,One-shot,0,True,False,runs/analysis/full400_repeated_runtime/raw/one_shot/repeat0.csv
151,2.0,1508916.0,1721565.0,85111695.0,59.978,INDETERMINATE,151,0,data/test/3sat/400/3sat_55.cnf,0.2977097034454345,0.0,0.0,0.2977097034454345,60.27570970344544,3sat_55.cnf,one_shot,One-shot,0,False,True,runs/analysis/full400_repeated_runtime/raw/one_shot/repeat0.csv
152,2.0,1422066.0,1606009.0,81323633.0,59.9806,INDETERMINATE,152,0,data/test/3sat/400/3sat_56.cnf,0.2977097034454345,0.0,0.0,0.2977097034454345,60.27830970344544,3sat_56.cnf,one_shot,One-shot,0,False,True,runs/analysis/full400_repeated_runtime/raw/one_shot/repeat0.csv
153,2.0,1475270.0,1677168.0,82529060.0,59.9844,INDETERMINATE,153,0,data/test/3sat/400/3sat_57.cnf,0.2977097034454345,0.0,0.0,0.2977097034454345,60.28210970344544,3sat_57.cnf,one_shot,One-shot,0,False,True,runs/analysis/full400_repeated_runtime/raw/one_shot/repeat0.csv
154,2.0,1519837.0,1733946.0,90146986.0,59.9707,INDETERMINATE,154,0,data/test/3sat/400/3sat_58.cnf,0.2977097034454345,0.0,0.0,0.2977097034454345,60.26840970344544,3sat_58.cnf,one_shot,One-shot,0,False,True,runs/analysis/full400_repeated_runtime/raw/one_shot/repeat0.csv
155,2.0,1500741.0,1718662.0,84463341.0,59.9642,INDETERMINATE,155,0,data/test/3sat/400/3sat_59.cnf,0.2977097034454345,0.0,0.0,0.2977097034454345,60.26190970344543,3sat_59.cnf,one_shot,One-shot,0,False,True,runs/analysis/full400_repeated_runtime/raw/one_shot/repeat0.csv
156,2.0,1542108.0,1748149.0,86066357.0,59.9937,INDETERMINATE,156,0,data/test/3sat/400/3sat_6.cnf,0.2977097034454345,0.0,0.0,0.2977097034454345,60.29140970344543,3sat_6.cnf,one_shot,One-shot,0,False,True,runs/analysis/full400_repeated_runtime/raw/one_shot/repeat0.csv
157,2.0,1438328.0,1636101.0,82670878.0,59.9756,INDETERMINATE,157,0,data/test/3sat/400/3sat_60.cnf,0.2977097034454345,0.0,0.0,0.2977097034454345,60.27330970344544,3sat_60.cnf,one_shot,One-shot,0,False,True,runs/analysis/full400_repeated_runtime/raw/one_shot/repeat0.csv
158,2.0,1429153.0,1615486.0,80307437.0,59.9852,INDETERMINATE,158,0,data/test/3sat/400/3sat_61.cnf,0.2977097034454345,0.0,0.0,0.2977097034454345,60.28290970344543,3sat_61.cnf,one_shot,One-shot,0,False,True,runs/analysis/full400_repeated_runtime/raw/one_shot/repeat0.csv
159,2.0,1504636.0,1706290.0,86753488.0,59.9747,INDETERMINATE,159,0,data/test/3sat/400/3sat_62.cnf,0.2977097034454345,0.0,0.0,0.2977097034454345,60.27240970344543,3sat_62.cnf,one_shot,One-shot,0,False,True,runs/analysis/full400_repeated_runtime/raw/one_shot/repeat0.csv
160,2.0,138136.0,157894.0,8130882.0,4.83513,SATISFIABLE,160,0,data/test/3sat/400/3sat_63.cnf,0.3029019832611084,0.0,0.0,0.3029019832611084,5.138031983261109,3sat_63.cnf,one_shot,One-shot,0,True,False,runs/analysis/full400_repeated_runtime/raw/one_shot/repeat0.csv
161,2.0,1464001.0,1656763.0,81698232.0,59.9716,INDETERMINATE,161,0,data/test/3sat/400/3sat_64.cnf,0.3029019832611084,0.0,0.0,0.3029019832611084,60.27450198326111,3sat_64.cnf,one_shot,One-shot,0,False,True,runs/analysis/full400_repeated_runtime/raw/one_shot/repeat0.csv
162,1.0,224.0,339.0,14565.0,0.008998,SATISFIABLE,162,0,data/test/3sat/400/3sat_65.cnf,0.3029019832611084,0.0,0.0,0.3029019832611084,0.3118999832611084,3sat_65.cnf,one_shot,One-shot,0,True,False,runs/analysis/full400_repeated_runtime/raw/one_shot/repeat0.csv
163,2.0,1445495.0,1658586.0,83338433.0,59.9867,INDETERMINATE,163,0,data/test/3sat/400/3sat_66.cnf,0.3029019832611084,0.0,0.0,0.3029019832611084,60.28960198326111,3sat_66.cnf,one_shot,One-shot,0,False,True,runs/analysis/full400_repeated_runtime/raw/one_shot/repeat0.csv
164,2.0,1487350.0,1700452.0,85750189.0,59.9835,INDETERMINATE,164,0,data/test/3sat/400/3sat_67.cnf,0.3029019832611084,0.0,0.0,0.3029019832611084,60.28640198326111,3sat_67.cnf,one_shot,One-shot,0,False,True,runs/analysis/full400_repeated_runtime/raw/one_shot/repeat0.csv
165,2.0,1490901.0,1705919.0,84387444.0,59.9766,INDETERMINATE,165,0,data/test/3sat/400/3sat_68.cnf,0.3029019832611084,0.0,0.0,0.3029019832611084,60.27950198326111,3sat_68.cnf,one_shot,One-shot,0,False,True,runs/analysis/full400_repeated_runtime/raw/one_shot/repeat0.csv
166,2.0,1472735.0,1688143.0,87713416.0,59.9878,INDETERMINATE,166,0,data/test/3sat/400/3sat_69.cnf,0.3029019832611084,0.0,0.0,0.3029019832611084,60.29070198326111,3sat_69.cnf,one_shot,One-shot,0,False,True,runs/analysis/full400_repeated_runtime/raw/one_shot/repeat0.csv
167,2.0,1539105.0,1736956.0,85169161.0,59.9941,INDETERMINATE,167,0,data/test/3sat/400/3sat_7.cnf,0.3029019832611084,0.0,0.0,0.3029019832611084,60.29700198326111,3sat_7.cnf,one_shot,One-shot,0,False,True,runs/analysis/full400_repeated_runtime/raw/one_shot/repeat0.csv
168,1.0,2512.0,3124.0,152890.0,0.047025,SATISFIABLE,168,0,data/test/3sat/400/3sat_70.cnf,0.3029019832611084,0.0,0.0,0.3029019832611084,0.3499269832611084,3sat_70.cnf,one_shot,One-shot,0,True,False,runs/analysis/full400_repeated_runtime/raw/one_shot/repeat0.csv
169,2.0,1454971.0,1665401.0,82932859.0,59.992,INDETERMINATE,169,0,data/test/3sat/400/3sat_71.cnf,0.3029019832611084,0.0,0.0,0.3029019832611084,60.29490198326111,3sat_71.cnf,one_shot,One-shot,0,False,True,runs/analysis/full400_repeated_runtime/raw/one_shot/repeat0.csv
170,2.0,1464345.0,1675666.0,82389885.0,59.9679,INDETERMINATE,170,0,data/test/3sat/400/3sat_72.cnf,0.3090345859527588,0.0,0.0,0.3090345859527588,60.27693458595276,3sat_72.cnf,one_shot,One-shot,0,False,True,runs/analysis/full400_repeated_runtime/raw/one_shot/repeat0.csv
171,2.0,1458680.0,1662635.0,83536805.0,59.965,INDETERMINATE,171,0,data/test/3sat/400/3sat_73.cnf,0.3090345859527588,0.0,0.0,0.3090345859527588,60.27403458595276,3sat_73.cnf,one_shot,One-shot,0,False,True,runs/analysis/full400_repeated_runtime/raw/one_shot/repeat0.csv
172,2.0,1434018.0,1650986.0,80687011.0,59.984,INDETERMINATE,172,0,data/test/3sat/400/3sat_74.cnf,0.3090345859527588,0.0,0.0,0.3090345859527588,60.29303458595276,3sat_74.cnf,one_shot,One-shot,0,False,True,runs/analysis/full400_repeated_runtime/raw/one_shot/repeat0.csv
173,2.0,1377614.0,1572111.0,75493168.0,59.9852,INDETERMINATE,173,0,data/test/3sat/400/3sat_75.cnf,0.3090345859527588,0.0,0.0,0.3090345859527588,60.29423458595276,3sat_75.cnf,one_shot,One-shot,0,False,True,runs/analysis/full400_repeated_runtime/raw/one_shot/repeat0.csv
174,2.0,1484979.0,1688941.0,86620581.0,59.9846,INDETERMINATE,174,0,data/test/3sat/400/3sat_76.cnf,0.3090345859527588,0.0,0.0,0.3090345859527588,60.29363458595276,3sat_76.cnf,one_shot,One-shot,0,False,True,runs/analysis/full400_repeated_runtime/raw/one_shot/repeat0.csv
175,2.0,1466051.0,1672410.0,82321488.0,59.9805,INDETERMINATE,175,0,data/test/3sat/400/3sat_77.cnf,0.3090345859527588,0.0,0.0,0.3090345859527588,60.28953458595276,3sat_77.cnf,one_shot,One-shot,0,False,True,runs/analysis/full400_repeated_runtime/raw/one_shot/repeat0.csv
176,2.0,1492032.0,1699348.0,81835272.0,59.9885,INDETERMINATE,176,0,data/test/3sat/400/3sat_78.cnf,0.3090345859527588,0.0,0.0,0.3090345859527588,60.29753458595276,3sat_78.cnf,one_shot,One-shot,0,False,True,runs/analysis/full400_repeated_runtime/raw/one_shot/repeat0.csv
177,2.0,1402548.0,1603356.0,77018841.0,59.9685,INDETERMINATE,177,0,data/test/3sat/400/3sat_79.cnf,0.3090345859527588,0.0,0.0,0.3090345859527588,60.27753458595276,3sat_79.cnf,one_shot,One-shot,0,False,True,runs/analysis/full400_repeated_runtime/raw/one_shot/repeat0.csv
178,2.0,1466199.0,1666231.0,84767829.0,59.9976,INDETERMINATE,178,0,data/test/3sat/400/3sat_8.cnf,0.3090345859527588,0.0,0.0,0.3090345859527588,60.30663458595276,3sat_8.cnf,one_shot,One-shot,0,False,True,runs/analysis/full400_repeated_runtime/raw/one_shot/repeat0.csv
179,2.0,1485216.0,1711809.0,85705179.0,59.9561,INDETERMINATE,179,0,data/test/3sat/400/3sat_80.cnf,0.3090345859527588,0.0,0.0,0.3090345859527588,60.26513458595276,3sat_80.cnf,one_shot,One-shot,0,False,True,runs/analysis/full400_repeated_runtime/raw/one_shot/repeat0.csv
180,2.0,1460372.0,1652070.0,81535973.0,59.9847,INDETERMINATE,180,0,data/test/3sat/400/3sat_81.cnf,0.2951688766479492,0.0,0.0,0.2951688766479492,60.279868876647946,3sat_81.cnf,one_shot,One-shot,0,False,True,runs/analysis/full400_repeated_runtime/raw/one_shot/repeat0.csv
181,2.0,723843.0,829611.0,42069078.0,25.7357,SATISFIABLE,181,0,data/test/3sat/400/3sat_82.cnf,0.2951688766479492,0.0,0.0,0.2951688766479492,26.03086887664795,3sat_82.cnf,one_shot,One-shot,0,True,False,runs/analysis/full400_repeated_runtime/raw/one_shot/repeat0.csv
182,2.0,1445334.0,1648559.0,80895691.0,59.9856,INDETERMINATE,182,0,data/test/3sat/400/3sat_83.cnf,0.2951688766479492,0.0,0.0,0.2951688766479492,60.28076887664795,3sat_83.cnf,one_shot,One-shot,0,False,True,runs/analysis/full400_repeated_runtime/raw/one_shot/repeat0.csv
183,2.0,1350496.0,1545516.0,77238512.0,59.9649,INDETERMINATE,183,0,data/test/3sat/400/3sat_84.cnf,0.2951688766479492,0.0,0.0,0.2951688766479492,60.26006887664795,3sat_84.cnf,one_shot,One-shot,0,False,True,runs/analysis/full400_repeated_runtime/raw/one_shot/repeat0.csv
184,2.0,1453554.0,1657701.0,82138192.0,59.9809,INDETERMINATE,184,0,data/test/3sat/400/3sat_85.cnf,0.2951688766479492,0.0,0.0,0.2951688766479492,60.27606887664795,3sat_85.cnf,one_shot,One-shot,0,False,True,runs/analysis/full400_repeated_runtime/raw/one_shot/repeat0.csv
185,1.0,84037.0,97892.0,5195664.0,3.15255,SATISFIABLE,185,0,data/test/3sat/400/3sat_86.cnf,0.2951688766479492,0.0,0.0,0.2951688766479492,3.4477188766479494,3sat_86.cnf,one_shot,One-shot,0,True,False,runs/analysis/full400_repeated_runtime/raw/one_shot/repeat0.csv
186,2.0,1348806.0,1540973.0,76950449.0,59.984,INDETERMINATE,186,0,data/test/3sat/400/3sat_87.cnf,0.2951688766479492,0.0,0.0,0.2951688766479492,60.27916887664795,3sat_87.cnf,one_shot,One-shot,0,False,True,runs/analysis/full400_repeated_runtime/raw/one_shot/repeat0.csv
187,1.0,10969.0,13071.0,671709.0,0.238691,SATISFIABLE,187,0,data/test/3sat/400/3sat_88.cnf,0.2951688766479492,0.0,0.0,0.2951688766479492,0.5338598766479492,3sat_88.cnf,one_shot,One-shot,0,True,False,runs/analysis/full400_repeated_runtime/raw/one_shot/repeat0.csv
188,2.0,1431484.0,1638662.0,84112225.0,59.9603,INDETERMINATE,188,0,data/test/3sat/400/3sat_89.cnf,0.2951688766479492,0.0,0.0,0.2951688766479492,60.255468876647946,3sat_89.cnf,one_shot,One-shot,0,False,True,runs/analysis/full400_repeated_runtime/raw/one_shot/repeat0.csv
189,2.0,1490581.0,1697741.0,85707844.0,59.972,INDETERMINATE,189,0,data/test/3sat/400/3sat_9.cnf,0.2951688766479492,0.0,0.0,0.2951688766479492,60.26716887664795,3sat_9.cnf,one_shot,One-shot,0,False,True,runs/analysis/full400_repeated_runtime/raw/one_shot/repeat0.csv
190,2.0,1414870.0,1631012.0,82695702.0,59.9597,INDETERMINATE,190,0,data/test/3sat/400/3sat_90.cnf,0.306464672088623,0.0,0.0,0.306464672088623,60.26616467208862,3sat_90.cnf,one_shot,One-shot,0,False,True,runs/analysis/full400_repeated_runtime/raw/one_shot/repeat0.csv
191,1.0,10042.0,11941.0,654479.0,0.235406,SATISFIABLE,191,0,data/test/3sat/400/3sat_91.cnf,0.306464672088623,0.0,0.0,0.306464672088623,0.541870672088623,3sat_91.cnf,one_shot,One-shot,0,True,False,runs/analysis/full400_repeated_runtime/raw/one_shot/repeat0.csv
192,2.0,253822.0,290337.0,15713394.0,8.75878,SATISFIABLE,192,0,data/test/3sat/400/3sat_92.cnf,0.306464672088623,0.0,0.0,0.306464672088623,9.065244672088625,3sat_92.cnf,one_shot,One-shot,0,True,False,runs/analysis/full400_repeated_runtime/raw/one_shot/repeat0.csv
193,2.0,621792.0,720709.0,37565651.0,21.7452,SATISFIABLE,193,0,data/test/3sat/400/3sat_93.cnf,0.306464672088623,0.0,0.0,0.306464672088623,22.051664672088624,3sat_93.cnf,one_shot,One-shot,0,True,False,runs/analysis/full400_repeated_runtime/raw/one_shot/repeat0.csv
194,1.0,53988.0,62131.0,3367378.0,1.76552,SATISFIABLE,194,0,data/test/3sat/400/3sat_94.cnf,0.306464672088623,0.0,0.0,0.306464672088623,2.071984672088623,3sat_94.cnf,one_shot,One-shot,0,True,False,runs/analysis/full400_repeated_runtime/raw/one_shot/repeat0.csv
195,2.0,1432038.0,1630726.0,80208943.0,59.9717,INDETERMINATE,195,0,data/test/3sat/400/3sat_95.cnf,0.306464672088623,0.0,0.0,0.306464672088623,60.27816467208862,3sat_95.cnf,one_shot,One-shot,0,False,True,runs/analysis/full400_repeated_runtime/raw/one_shot/repeat0.csv
196,1.0,9083.0,10962.0,575264.0,0.202224,SATISFIABLE,196,0,data/test/3sat/400/3sat_96.cnf,0.306464672088623,0.0,0.0,0.306464672088623,0.508688672088623,3sat_96.cnf,one_shot,One-shot,0,True,False,runs/analysis/full400_repeated_runtime/raw/one_shot/repeat0.csv
197,2.0,1451934.0,1671249.0,85744750.0,59.9668,INDETERMINATE,197,0,data/test/3sat/400/3sat_97.cnf,0.306464672088623,0.0,0.0,0.306464672088623,60.27326467208862,3sat_97.cnf,one_shot,One-shot,0,False,True,runs/analysis/full400_repeated_runtime/raw/one_shot/repeat0.csv
198,2.0,1469625.0,1665838.0,82861743.0,59.9628,INDETERMINATE,198,0,data/test/3sat/400/3sat_98.cnf,0.306464672088623,0.0,0.0,0.306464672088623,60.269264672088624,3sat_98.cnf,one_shot,One-shot,0,False,True,runs/analysis/full400_repeated_runtime/raw/one_shot/repeat0.csv
199,2.0,1459286.0,1665712.0,80565120.0,59.965,INDETERMINATE,199,0,data/test/3sat/400/3sat_99.cnf,0.306464672088623,0.0,0.0,0.306464672088623,60.27146467208863,3sat_99.cnf,one_shot,One-shot,0,False,True,runs/analysis/full400_repeated_runtime/raw/one_shot/repeat0.csv
0,2.0,1462801.0,1669369.0,81532262.0,59.9508,INDETERMINATE,0,0,data/test/3sat/400/3sat_0.cnf,0.0050666332244873,0.08416,0.3658747673034668,0.3709414005279541,60.40590140052795,3sat_0.cnf,online_consistent_boundary400,Online-Consistent Selector,0,False,True,runs/analysis/full400_repeated_runtime/raw/online_consistent_boundary400/repeat0.csv
1,1.0,73715.0,85712.0,4316774.0,2.77609,SATISFIABLE,1,0,data/test/3sat/400/3sat_1.cnf,0.0050666332244873,0.089894,0.3658747673034668,0.3709414005279541,3.236925400527954,3sat_1.cnf,online_consistent_boundary400,Online-Consistent Selector,0,True,False,runs/analysis/full400_repeated_runtime/raw/online_consistent_boundary400/repeat0.csv
2,2.0,1561305.0,1782604.0,88036360.0,59.9784,INDETERMINATE,2,0,data/test/3sat/400/3sat_10.cnf,0.0050666332244873,0.075623,0.3658747673034668,0.3709414005279541,60.42496440052796,3sat_10.cnf,online_consistent_boundary400,Online-Consistent Selector,0,False,True,runs/analysis/full400_repeated_runtime/raw/online_consistent_boundary400/repeat0.csv
3,1.0,3392.0,4166.0,213902.0,0.064161,SATISFIABLE,3,0,data/test/3sat/400/3sat_100.cnf,0.0050666332244873,0.07843,0.3658747673034668,0.3709414005279541,0.5135324005279541,3sat_100.cnf,online_consistent_boundary400,Online-Consistent Selector,0,True,False,runs/analysis/full400_repeated_runtime/raw/online_consistent_boundary400/repeat0.csv
4,2.0,1456769.0,1664766.0,81826586.0,59.956,INDETERMINATE,4,0,data/test/3sat/400/3sat_101.cnf,0.0050666332244873,0.085556,0.3658747673034668,0.3709414005279541,60.412497400527954,3sat_101.cnf,online_consistent_boundary400,Online-Consistent Selector,0,False,True,runs/analysis/full400_repeated_runtime/raw/online_consistent_boundary400/repeat0.csv
5,2.0,1506007.0,1742196.0,86110326.0,59.9862,INDETERMINATE,5,0,data/test/3sat/400/3sat_102.cnf,0.0050666332244873,0.070239,0.3658747673034668,0.3709414005279541,60.42738040052795,3sat_102.cnf,online_consistent_boundary400,Online-Consistent Selector,0,False,True,runs/analysis/full400_repeated_runtime/raw/online_consistent_boundary400/repeat0.csv
6,2.0,1510197.0,1742541.0,86926753.0,59.9786,INDETERMINATE,6,0,data/test/3sat/400/3sat_103.cnf,0.0050666332244873,0.0845269999999999,0.3658747673034668,0.3709414005279541,60.43406840052796,3sat_103.cnf,online_consistent_boundary400,Online-Consistent Selector,0,False,True,runs/analysis/full400_repeated_runtime/raw/online_consistent_boundary400/repeat0.csv
7,2.0,1456195.0,1663608.0,80967960.0,59.9835,INDETERMINATE,7,0,data/test/3sat/400/3sat_104.cnf,0.0050666332244873,0.08267,0.3658747673034668,0.3709414005279541,60.437111400527954,3sat_104.cnf,online_consistent_boundary400,Online-Consistent Selector,0,False,True,runs/analysis/full400_repeated_runtime/raw/online_consistent_boundary400/repeat0.csv
8,2.0,1519882.0,1729243.0,86990947.0,59.9703,INDETERMINATE,8,0,data/test/3sat/400/3sat_105.cnf,0.0050666332244873,0.063758,0.3658747673034668,0.3709414005279541,60.40499940052796,3sat_105.cnf,online_consistent_boundary400,Online-Consistent Selector,0,False,True,runs/analysis/full400_repeated_runtime/raw/online_consistent_boundary400/repeat0.csv
9,2.0,1412069.0,1614759.0,78696304.0,59.9765,INDETERMINATE,9,0,data/test/3sat/400/3sat_106.cnf,0.0050666332244873,0.077877,0.3658747673034668,0.3709414005279541,60.42531840052796,3sat_106.cnf,online_consistent_boundary400,Online-Consistent Selector,0,False,True,runs/analysis/full400_repeated_runtime/raw/online_consistent_boundary400/repeat0.csv
10,2.0,1355639.0,1557427.0,77382528.0,59.976,INDETERMINATE,10,0,data/test/3sat/400/3sat_107.cnf,0.0041441917419433,0.06945,0.3665223121643066,0.37066650390625,60.41611650390625,3sat_107.cnf,online_consistent_boundary400,Online-Consistent Selector,0,False,True,runs/analysis/full400_repeated_runtime/raw/online_consistent_boundary400/repeat0.csv
11,2.0,1498307.0,1725611.0,83894936.0,59.9649,INDETERMINATE,11,0,data/test/3sat/400/3sat_108.cnf,0.0041441917419433,0.076259,0.3665223121643066,0.37066650390625,60.41182550390625,3sat_108.cnf,online_consistent_boundary400,Online-Consistent Selector,0,False,True,runs/analysis/full400_repeated_runtime/raw/online_consistent_boundary400/repeat0.csv
12,2.0,1537816.0,1762079.0,86132332.0,59.9676,INDETERMINATE,12,0,data/test/3sat/400/3sat_109.cnf,0.0041441917419433,0.0771459999999999,0.3665223121643066,0.37066650390625,60.415412503906246,3sat_109.cnf,online_consistent_boundary400,Online-Consistent Selector,0,False,True,runs/analysis/full400_repeated_runtime/raw/online_consistent_boundary400/repeat0.csv
13,1.0,40661.0,47692.0,2496556.0,1.36376,SATISFIABLE,13,0,data/test/3sat/400/3sat_11.cnf,0.0041441917419433,0.075937,0.3665223121643066,0.37066650390625,1.81036350390625,3sat_11.cnf,online_consistent_boundary400,Online-Consistent Selector,0,True,False,runs/analysis/full400_repeated_runtime/raw/online_consistent_boundary400/repeat0.csv
14,2.0,1505419.0,1727371.0,87029269.0,59.9734,INDETERMINATE,14,0,data/test/3sat/400/3sat_110.cnf,0.0041441917419433,0.067139,0.3665223121643066,0.37066650390625,60.411205503906245,3sat_110.cnf,online_consistent_boundary400,Online-Consistent Selector,0,False,True,runs/analysis/full400_repeated_runtime/raw/online_consistent_boundary400/repeat0.csv
15,2.0,1441797.0,1654045.0,84211807.0,59.9761,INDETERMINATE,15,0,data/test/3sat/400/3sat_111.cnf,0.0041441917419433,0.0754519999999999,0.3665223121643066,0.37066650390625,60.42221850390625,3sat_111.cnf,online_consistent_boundary400,Online-Consistent Selector,0,False,True,runs/analysis/full400_repeated_runtime/raw/online_consistent_boundary400/repeat0.csv
16,2.0,1519169.0,1726467.0,87808028.0,59.9712,INDETERMINATE,16,0,data/test/3sat/400/3sat_112.cnf,0.0041441917419433,0.062193,0.3665223121643066,0.37066650390625,60.404059503906254,3sat_112.cnf,online_consistent_boundary400,Online-Consistent Selector,0,False,True,runs/analysis/full400_repeated_runtime/raw/online_consistent_boundary400/repeat0.csv
17,2.0,1429157.0,1621551.0,81864989.0,59.9765,INDETERMINATE,17,0,data/test/3sat/400/3sat_113.cnf,0.0041441917419433,0.062225,0.3665223121643066,0.37066650390625,60.40939150390625,3sat_113.cnf,online_consistent_boundary400,Online-Consistent Selector,0,False,True,runs/analysis/full400_repeated_runtime/raw/online_consistent_boundary400/repeat0.csv
18,2.0,1452836.0,1668370.0,82196089.0,59.9751,INDETERMINATE,18,0,data/test/3sat/400/3sat_114.cnf,0.0041441917419433,0.076103,0.3665223121643066,0.37066650390625,60.42186950390625,3sat_114.cnf,online_consistent_boundary400,Online-Consistent Selector,0,False,True,runs/analysis/full400_repeated_runtime/raw/online_consistent_boundary400/repeat0.csv
19,2.0,1415802.0,1616404.0,79998209.0,59.9576,INDETERMINATE,19,0,data/test/3sat/400/3sat_115.cnf,0.0041441917419433,0.061929,0.3665223121643066,0.37066650390625,60.39019550390625,3sat_115.cnf,online_consistent_boundary400,Online-Consistent Selector,0,False,True,runs/analysis/full400_repeated_runtime/raw/online_consistent_boundary400/repeat0.csv
20,2.0,1456447.0,1658260.0,81358914.0,59.974,INDETERMINATE,20,0,data/test/3sat/400/3sat_116.cnf,0.004321813583374,0.078588,0.3645308017730713,0.3688526153564453,60.421440615356445,3sat_116.cnf,online_consistent_boundary400,Online-Consistent Selector,0,False,True,runs/analysis/full400_repeated_runtime/raw/online_consistent_boundary400/repeat0.csv
21,2.0,1489133.0,1704879.0,83184146.0,59.9866,INDETERMINATE,21,0,data/test/3sat/400/3sat_117.cnf,0.004321813583374,0.071005,0.3645308017730713,0.3688526153564453,60.42645761535645,3sat_117.cnf,online_consistent_boundary400,Online-Consistent Selector,0,False,True,runs/analysis/full400_repeated_runtime/raw/online_consistent_boundary400/repeat0.csv
22,2.0,1473069.0,1684013.0,82870055.0,59.9474,INDETERMINATE,22,0,data/test/3sat/400/3sat_118.cnf,0.004321813583374,0.0775069999999999,0.3645308017730713,0.3688526153564453,60.39375961535645,3sat_118.cnf,online_consistent_boundary400,Online-Consistent Selector,0,False,True,runs/analysis/full400_repeated_runtime/raw/online_consistent_boundary400/repeat0.csv
23,2.0,1531090.0,1750601.0,84667705.0,59.989,INDETERMINATE,23,0,data/test/3sat/400/3sat_119.cnf,0.004321813583374,0.070916,0.3645308017730713,0.3688526153564453,60.42876861535644,3sat_119.cnf,online_consistent_boundary400,Online-Consistent Selector,0,False,True,runs/analysis/full400_repeated_runtime/raw/online_consistent_boundary400/repeat0.csv
24,2.0,1451055.0,1659421.0,81473157.0,59.9705,INDETERMINATE,24,0,data/test/3sat/400/3sat_12.cnf,0.004321813583374,0.080149,0.3645308017730713,0.3688526153564453,60.419501615356445,3sat_12.cnf,online_consistent_boundary400,Online-Consistent Selector,0,False,True,runs/analysis/full400_repeated_runtime/raw/online_consistent_boundary400/repeat0.csv
25,1.0,23077.0,27394.0,1439359.0,0.633407,SATISFIABLE,25,0,data/test/3sat/400/3sat_120.cnf,0.004321813583374,0.079676,0.3645308017730713,0.3688526153564453,1.0819356153564454,3sat_120.cnf,online_consistent_boundary400,Online-Consistent Selector,0,True,False,runs/analysis/full400_repeated_runtime/raw/online_consistent_boundary400/repeat0.csv
26,1.0,47329.0,54623.0,2823769.0,1.39982,SATISFIABLE,26,0,data/test/3sat/400/3sat_121.cnf,0.004321813583374,0.091664,0.3645308017730713,0.3688526153564453,1.8603366153564451,3sat_121.cnf,online_consistent_boundary400,Online-Consistent Selector,0,True,False,runs/analysis/full400_repeated_runtime/raw/online_consistent_boundary400/repeat0.csv
27,2.0,1500530.0,1716592.0,85783651.0,59.9695,INDETERMINATE,27,0,data/test/3sat/400/3sat_122.cnf,0.004321813583374,0.076638,0.3645308017730713,0.3688526153564453,60.41499061535645,3sat_122.cnf,online_consistent_boundary400,Online-Consistent Selector,0,False,True,runs/analysis/full400_repeated_runtime/raw/online_consistent_boundary400/repeat0.csv
28,2.0,1496633.0,1702598.0,85249435.0,59.9922,INDETERMINATE,28,0,data/test/3sat/400/3sat_123.cnf,0.004321813583374,0.07009,0.3645308017730713,0.3688526153564453,60.43114261535644,3sat_123.cnf,online_consistent_boundary400,Online-Consistent Selector,0,False,True,runs/analysis/full400_repeated_runtime/raw/online_consistent_boundary400/repeat0.csv
29,1.0,654.0,900.0,43163.0,0.017122,SATISFIABLE,29,0,data/test/3sat/400/3sat_124.cnf,0.004321813583374,0.043794,0.3645308017730713,0.3688526153564453,0.4297686153564453,3sat_124.cnf,online_consistent_boundary400,Online-Consistent Selector,0,True,False,runs/analysis/full400_repeated_runtime/raw/online_consistent_boundary400/repeat0.csv
30,1.0,87018.0,101016.0,5296049.0,3.09661,SATISFIABLE,30,0,data/test/3sat/400/3sat_125.cnf,0.0056352615356445,0.066506,0.3421485424041748,0.3477838039398193,3.51089980393982,3sat_125.cnf,online_consistent_boundary400,Online-Consistent Selector,0,True,False,runs/analysis/full400_repeated_runtime/raw/online_consistent_boundary400/repeat0.csv
31,2.0,1493823.0,1708113.0,85626053.0,59.9762,INDETERMINATE,31,0,data/test/3sat/400/3sat_126.cnf,0.0056352615356445,0.079323,0.3421485424041748,0.3477838039398193,60.40330680393982,3sat_126.cnf,online_consistent_boundary400,Online-Consistent Selector,0,False,True,runs/analysis/full400_repeated_runtime/raw/online_consistent_boundary400/repeat0.csv
32,2.0,1438950.0,1665686.0,84215382.0,59.9697,INDETERMINATE,32,0,data/test/3sat/400/3sat_127.cnf,0.0056352615356445,0.077512,0.3421485424041748,0.3477838039398193,60.39499580393982,3sat_127.cnf,online_consistent_boundary400,Online-Consistent Selector,0,False,True,runs/analysis/full400_repeated_runtime/raw/online_consistent_boundary400/repeat0.csv
33,2.0,238642.0,275833.0,14368684.0,8.28435,SATISFIABLE,33,0,data/test/3sat/400/3sat_128.cnf,0.0056352615356445,0.091872,0.3421485424041748,0.3477838039398193,8.72400580393982,3sat_128.cnf,online_consistent_boundary400,Online-Consistent Selector,0,True,False,runs/analysis/full400_repeated_runtime/raw/online_consistent_boundary400/repeat0.csv
34,1.0,28034.0,33114.0,1750425.0,0.780548,SATISFIABLE,34,0,data/test/3sat/400/3sat_129.cnf,0.0056352615356445,0.077245,0.3421485424041748,0.3477838039398193,1.2055768039398194,3sat_129.cnf,online_consistent_boundary400,Online-Consistent Selector,0,True,False,runs/analysis/full400_repeated_runtime/raw/online_consistent_boundary400/repeat0.csv
35,2.0,1472184.0,1683887.0,85857317.0,59.9719,INDETERMINATE,35,0,data/test/3sat/400/3sat_13.cnf,0.0056352615356445,0.071995,0.3421485424041748,0.3477838039398193,60.39167880393982,3sat_13.cnf,online_consistent_boundary400,Online-Consistent Selector,0,False,True,runs/analysis/full400_repeated_runtime/raw/online_consistent_boundary400/repeat0.csv
36,2.0,121568.0,139021.0,7304329.0,4.50476,SATISFIABLE,36,0,data/test/3sat/400/3sat_130.cnf,0.0056352615356445,0.0744769999999999,0.3421485424041748,0.3477838039398193,4.927020803939819,3sat_130.cnf,online_consistent_boundary400,Online-Consistent Selector,0,True,False,runs/analysis/full400_repeated_runtime/raw/online_consistent_boundary400/repeat0.csv
37,1.0,82086.0,96037.0,5035591.0,3.22693,SATISFIABLE,37,0,data/test/3sat/400/3sat_131.cnf,0.0056352615356445,0.081858,0.3421485424041748,0.3477838039398193,3.656571803939819,3sat_131.cnf,online_consistent_boundary400,Online-Consistent Selector,0,True,False,runs/analysis/full400_repeated_runtime/raw/online_consistent_boundary400/repeat0.csv
38,1.0,2692.0,3354.0,172420.0,0.041594,SATISFIABLE,38,0,data/test/3sat/400/3sat_132.cnf,0.0056352615356445,0.0760349999999999,0.3421485424041748,0.3477838039398193,0.4654128039398193,3sat_132.cnf,online_consistent_boundary400,Online-Consistent Selector,0,True,False,runs/analysis/full400_repeated_runtime/raw/online_consistent_boundary400/repeat0.csv
39,2.0,1421479.0,1643598.0,82785503.0,59.9764,INDETERMINATE,39,0,data/test/3sat/400/3sat_133.cnf,0.0056352615356445,0.076073,0.3421485424041748,0.3477838039398193,60.40025680393982,3sat_133.cnf,online_consistent_boundary400,Online-Consistent Selector,0,False,True,runs/analysis/full400_repeated_runtime/raw/online_consistent_boundary400/repeat0.csv
40,2.0,1434429.0,1641764.0,80212788.0,59.9829,INDETERMINATE,40,0,data/test/3sat/400/3sat_134.cnf,0.0056724548339843,0.070525,0.3317852020263672,0.3374576568603515,60.39088265686036,3sat_134.cnf,online_consistent_boundary400,Online-Consistent Selector,0,False,True,runs/analysis/full400_repeated_runtime/raw/online_consistent_boundary400/repeat0.csv
41,2.0,1590546.0,1810212.0,88767219.0,59.9849,INDETERMINATE,41,0,data/test/3sat/400/3sat_135.cnf,0.0056724548339843,0.073562,0.3317852020263672,0.3374576568603515,60.39591965686036,3sat_135.cnf,online_consistent_boundary400,Online-Consistent Selector,0,False,True,runs/analysis/full400_repeated_runtime/raw/online_consistent_boundary400/repeat0.csv
42,2.0,1478882.0,1695887.0,86730158.0,59.9847,INDETERMINATE,42,0,data/test/3sat/400/3sat_136.cnf,0.0056724548339843,0.0723659999999999,0.3317852020263672,0.3374576568603515,60.39452365686035,3sat_136.cnf,online_consistent_boundary400,Online-Consistent Selector,0,False,True,runs/analysis/full400_repeated_runtime/raw/online_consistent_boundary400/repeat0.csv
43,2.0,1469927.0,1666291.0,79346333.0,59.9853,INDETERMINATE,43,0,data/test/3sat/400/3sat_137.cnf,0.0056724548339843,0.064167,0.3317852020263672,0.3374576568603515,60.38692465686035,3sat_137.cnf,online_consistent_boundary400,Online-Consistent Selector,0,False,True,runs/analysis/full400_repeated_runtime/raw/online_consistent_boundary400/repeat0.csv
44,2.0,1553861.0,1767823.0,89778782.0,59.9754,INDETERMINATE,44,0,data/test/3sat/400/3sat_138.cnf,0.0056724548339843,0.072784,0.3317852020263672,0.3374576568603515,60.38564165686035,3sat_138.cnf,online_consistent_boundary400,Online-Consistent Selector,0,False,True,runs/analysis/full400_repeated_runtime/raw/online_consistent_boundary400/repeat0.csv
45,2.0,1524253.0,1751650.0,87058235.0,59.9755,INDETERMINATE,45,0,data/test/3sat/400/3sat_139.cnf,0.0056724548339843,0.088036,0.3317852020263672,0.3374576568603515,60.40099365686035,3sat_139.cnf,online_consistent_boundary400,Online-Consistent Selector,0,False,True,runs/analysis/full400_repeated_runtime/raw/online_consistent_boundary400/repeat0.csv
46,2.0,133587.0,154405.0,8365184.0,5.16194,SATISFIABLE,46,0,data/test/3sat/400/3sat_14.cnf,0.0056724548339843,0.080523,0.3317852020263672,0.3374576568603515,5.579920656860352,3sat_14.cnf,online_consistent_boundary400,Online-Consistent Selector,0,True,False,runs/analysis/full400_repeated_runtime/raw/online_consistent_boundary400/repeat0.csv
47,2.0,135171.0,155254.0,8243385.0,5.02413,SATISFIABLE,47,0,data/test/3sat/400/3sat_140.cnf,0.0056724548339843,0.076853,0.3317852020263672,0.3374576568603515,5.438440656860352,3sat_140.cnf,online_consistent_boundary400,Online-Consistent Selector,0,True,False,runs/analysis/full400_repeated_runtime/raw/online_consistent_boundary400/repeat0.csv
48,1.0,71109.0,82102.0,4299119.0,2.86416,SATISFIABLE,48,0,data/test/3sat/400/3sat_141.cnf,0.0056724548339843,0.078264,0.3317852020263672,0.3374576568603515,3.2798816568603515,3sat_141.cnf,online_consistent_boundary400,Online-Consistent Selector,0,True,False,runs/analysis/full400_repeated_runtime/raw/online_consistent_boundary400/repeat0.csv
49,1.0,61037.0,70865.0,3765471.0,2.10177,SATISFIABLE,49,0,data/test/3sat/400/3sat_142.cnf,0.0056724548339843,0.077124,0.3317852020263672,0.3374576568603515,2.516351656860352,3sat_142.cnf,online_consistent_boundary400,Online-Consistent Selector,0,True,False,runs/analysis/full400_repeated_runtime/raw/online_consistent_boundary400/repeat0.csv
50,2.0,1466605.0,1683645.0,84331771.0,59.9594,INDETERMINATE,50,0,data/test/3sat/400/3sat_143.cnf,0.0052337646484375,0.0794479999999999,0.4938602447509765,0.499094009399414,60.537942009399416,3sat_143.cnf,online_consistent_boundary400,Online-Consistent Selector,0,False,True,runs/analysis/full400_repeated_runtime/raw/online_consistent_boundary400/repeat0.csv
51,2.0,1385949.0,1574615.0,77230144.0,59.9732,INDETERMINATE,51,0,data/test/3sat/400/3sat_144.cnf,0.0052337646484375,0.073905,0.4938602447509765,0.499094009399414,60.546199009399416,3sat_144.cnf,online_consistent_boundary400,Online-Consistent Selector,0,False,True,runs/analysis/full400_repeated_runtime/raw/online_consistent_boundary400/repeat0.csv
52,2.0,1434435.0,1658948.0,81971332.0,59.9929,INDETERMINATE,52,0,data/test/3sat/400/3sat_145.cnf,0.0052337646484375,0.0796689999999999,0.4938602447509765,0.499094009399414,60.571663009399416,3sat_145.cnf,online_consistent_boundary400,Online-Consistent Selector,0,False,True,runs/analysis/full400_repeated_runtime/raw/online_consistent_boundary400/repeat0.csv
53,2.0,1469679.0,1682323.0,82464392.0,59.9867,INDETERMINATE,53,0,data/test/3sat/400/3sat_146.cnf,0.0052337646484375,0.076919,0.4938602447509765,0.499094009399414,60.56271300939941,3sat_146.cnf,online_consistent_boundary400,Online-Consistent Selector,0,False,True,runs/analysis/full400_repeated_runtime/raw/online_consistent_boundary400/repeat0.csv
54,2.0,392510.0,450448.0,23393708.0,13.1822,SATISFIABLE,54,0,data/test/3sat/400/3sat_147.cnf,0.0052337646484375,0.073029,0.4938602447509765,0.499094009399414,13.754323009399414,3sat_147.cnf,online_consistent_boundary400,Online-Consistent Selector,0,True,False,runs/analysis/full400_repeated_runtime/raw/online_consistent_boundary400/repeat0.csv
55,2.0,1515567.0,1741252.0,88520648.0,59.9798,INDETERMINATE,55,0,data/test/3sat/400/3sat_148.cnf,0.0052337646484375,0.077182,0.4938602447509765,0.499094009399414,60.55607600939941,3sat_148.cnf,online_consistent_boundary400,Online-Consistent Selector,0,False,True,runs/analysis/full400_repeated_runtime/raw/online_consistent_boundary400/repeat0.csv
56,1.0,97366.0,112279.0,5819460.0,3.74671,SATISFIABLE,56,0,data/test/3sat/400/3sat_149.cnf,0.0052337646484375,0.057505,0.4938602447509765,0.499094009399414,4.303309009399414,3sat_149.cnf,online_consistent_boundary400,Online-Consistent Selector,0,True,False,runs/analysis/full400_repeated_runtime/raw/online_consistent_boundary400/repeat0.csv
57,2.0,1471660.0,1672471.0,83706411.0,59.992,INDETERMINATE,57,0,data/test/3sat/400/3sat_15.cnf,0.0052337646484375,0.091983,0.4938602447509765,0.499094009399414,60.58307700939941,3sat_15.cnf,online_consistent_boundary400,Online-Consistent Selector,0,False,True,runs/analysis/full400_repeated_runtime/raw/online_consistent_boundary400/repeat0.csv
58,1.0,16970.0,19929.0,1057698.0,0.384696,SATISFIABLE,58,0,data/test/3sat/400/3sat_150.cnf,0.0052337646484375,0.075083,0.4938602447509765,0.499094009399414,0.958873009399414,3sat_150.cnf,online_consistent_boundary400,Online-Consistent Selector,0,True,False,runs/analysis/full400_repeated_runtime/raw/online_consistent_boundary400/repeat0.csv
59,2.0,1450128.0,1647232.0,83636574.0,59.9879,INDETERMINATE,59,0,data/test/3sat/400/3sat_151.cnf,0.0052337646484375,0.088117,0.4938602447509765,0.499094009399414,60.57511100939941,3sat_151.cnf,online_consistent_boundary400,Online-Consistent Selector,0,False,True,runs/analysis/full400_repeated_runtime/raw/online_consistent_boundary400/repeat0.csv
60,2.0,1490993.0,1716787.0,83613217.0,59.9858,INDETERMINATE,60,0,data/test/3sat/400/3sat_152.cnf,0.0053985118865966,0.069561,0.3477330207824707,0.3531315326690674,60.408492532669065,3sat_152.cnf,online_consistent_boundary400,Online-Consistent Selector,0,False,True,runs/analysis/full400_repeated_runtime/raw/online_consistent_boundary400/repeat0.csv
61,2.0,1439103.0,1640163.0,80705267.0,59.9892,INDETERMINATE,61,0,data/test/3sat/400/3sat_153.cnf,0.0053985118865966,0.084957,0.3477330207824707,0.3531315326690674,60.42728853266907,3sat_153.cnf,online_consistent_boundary400,Online-Consistent Selector,0,False,True,runs/analysis/full400_repeated_runtime/raw/online_consistent_boundary400/repeat0.csv
62,1.0,9781.0,11606.0,611335.0,0.206647,SATISFIABLE,62,0,data/test/3sat/400/3sat_154.cnf,0.0053985118865966,0.083765,0.3477330207824707,0.3531315326690674,0.6435435326690674,3sat_154.cnf,online_consistent_boundary400,Online-Consistent Selector,0,True,False,runs/analysis/full400_repeated_runtime/raw/online_consistent_boundary400/repeat0.csv
63,2.0,1476117.0,1681767.0,82493157.0,59.9743,INDETERMINATE,63,0,data/test/3sat/400/3sat_155.cnf,0.0053985118865966,0.0732039999999999,0.3477330207824707,0.3531315326690674,60.40063553266906,3sat_155.cnf,online_consistent_boundary400,Online-Consistent Selector,0,False,True,runs/analysis/full400_repeated_runtime/raw/online_consistent_boundary400/repeat0.csv
64,2.0,1454319.0,1659261.0,82518173.0,59.9846,INDETERMINATE,64,0,data/test/3sat/400/3sat_156.cnf,0.0053985118865966,0.072419,0.3477330207824707,0.3531315326690674,60.41015053266906,3sat_156.cnf,online_consistent_boundary400,Online-Consistent Selector,0,False,True,runs/analysis/full400_repeated_runtime/raw/online_consistent_boundary400/repeat0.csv
65,2.0,873297.0,1013956.0,52333641.0,33.5102,SATISFIABLE,65,0,data/test/3sat/400/3sat_157.cnf,0.0053985118865966,0.076081,0.3477330207824707,0.3531315326690674,33.93941253266907,3sat_157.cnf,online_consistent_boundary400,Online-Consistent Selector,0,True,False,runs/analysis/full400_repeated_runtime/raw/online_consistent_boundary400/repeat0.csv
66,2.0,1489905.0,1687750.0,82887472.0,59.9819,INDETERMINATE,66,0,data/test/3sat/400/3sat_158.cnf,0.0053985118865966,0.07293,0.3477330207824707,0.3531315326690674,60.40796153266907,3sat_158.cnf,online_consistent_boundary400,Online-Consistent Selector,0,False,True,runs/analysis/full400_repeated_runtime/raw/online_consistent_boundary400/repeat0.csv
67,2.0,1481815.0,1701741.0,85263407.0,59.9861,INDETERMINATE,67,0,data/test/3sat/400/3sat_159.cnf,0.0053985118865966,0.073294,0.3477330207824707,0.3531315326690674,60.412525532669065,3sat_159.cnf,online_consistent_boundary400,Online-Consistent Selector,0,False,True,runs/analysis/full400_repeated_runtime/raw/online_consistent_boundary400/repeat0.csv
68,2.0,1564985.0,1777288.0,89780601.0,59.9943,INDETERMINATE,68,0,data/test/3sat/400/3sat_16.cnf,0.0053985118865966,0.0824179999999999,0.3477330207824707,0.3531315326690674,60.42984953266907,3sat_16.cnf,online_consistent_boundary400,Online-Consistent Selector,0,False,True,runs/analysis/full400_repeated_runtime/raw/online_consistent_boundary400/repeat0.csv
69,2.0,1491788.0,1708087.0,83254288.0,59.9789,INDETERMINATE,69,0,data/test/3sat/400/3sat_160.cnf,0.0053985118865966,0.070629,0.3477330207824707,0.3531315326690674,60.40266053266907,3sat_160.cnf,online_consistent_boundary400,Online-Consistent Selector,0,False,True,runs/analysis/full400_repeated_runtime/raw/online_consistent_boundary400/repeat0.csv
70,2.0,1533880.0,1746746.0,88759011.0,59.9771,INDETERMINATE,70,0,data/test/3sat/400/3sat_161.cnf,0.0057106018066406,0.08279,0.357546329498291,0.3632569313049316,60.423146931304935,3sat_161.cnf,online_consistent_boundary400,Online-Consistent Selector,0,False,True,runs/analysis/full400_repeated_runtime/raw/online_consistent_boundary400/repeat0.csv
71,2.0,1382737.0,1563625.0,77916041.0,59.9766,INDETERMINATE,71,0,data/test/3sat/400/3sat_162.cnf,0.0057106018066406,0.074806,0.357546329498291,0.3632569313049316,60.41466293130493,3sat_162.cnf,online_consistent_boundary400,Online-Consistent Selector,0,False,True,runs/analysis/full400_repeated_runtime/raw/online_consistent_boundary400/repeat0.csv
72,2.0,915021.0,1050086.0,53803425.0,33.6454,SATISFIABLE,72,0,data/test/3sat/400/3sat_163.cnf,0.0057106018066406,0.076316,0.357546329498291,0.3632569313049316,34.08497293130493,3sat_163.cnf,online_consistent_boundary400,Online-Consistent Selector,0,True,False,runs/analysis/full400_repeated_runtime/raw/online_consistent_boundary400/repeat0.csv
73,2.0,1508301.0,1731044.0,87654289.0,59.9693,INDETERMINATE,73,0,data/test/3sat/400/3sat_164.cnf,0.0057106018066406,0.075889,0.357546329498291,0.3632569313049316,60.408445931304925,3sat_164.cnf,online_consistent_boundary400,Online-Consistent Selector,0,False,True,runs/analysis/full400_repeated_runtime/raw/online_consistent_boundary400/repeat0.csv
74,1.0,1169.0,1491.0,77588.0,0.020473,SATISFIABLE,74,0,data/test/3sat/400/3sat_165.cnf,0.0057106018066406,0.083645,0.357546329498291,0.3632569313049316,0.4673749313049316,3sat_165.cnf,online_consistent_boundary400,Online-Consistent Selector,0,True,False,runs/analysis/full400_repeated_runtime/raw/online_consistent_boundary400/repeat0.csv
75,2.0,1559613.0,1782524.0,88023487.0,59.9824,INDETERMINATE,75,0,data/test/3sat/400/3sat_166.cnf,0.0057106018066406,0.074659,0.357546329498291,0.3632569313049316,60.42031593130493,3sat_166.cnf,online_consistent_boundary400,Online-Consistent Selector,0,False,True,runs/analysis/full400_repeated_runtime/raw/online_consistent_boundary400/repeat0.csv
76,2.0,399529.0,460797.0,23951550.0,12.7419,SATISFIABLE,76,0,data/test/3sat/400/3sat_167.cnf,0.0057106018066406,0.088061,0.357546329498291,0.3632569313049316,13.19321793130493,3sat_167.cnf,online_consistent_boundary400,Online-Consistent Selector,0,True,False,runs/analysis/full400_repeated_runtime/raw/online_consistent_boundary400/repeat0.csv
77,2.0,1385290.0,1566836.0,79378157.0,59.9818,INDETERMINATE,77,0,data/test/3sat/400/3sat_168.cnf,0.0057106018066406,0.072882,0.357546329498291,0.3632569313049316,60.41793893130493,3sat_168.cnf,online_consistent_boundary400,Online-Consistent Selector,0,False,True,runs/analysis/full400_repeated_runtime/raw/online_consistent_boundary400/repeat0.csv
78,2.0,1425817.0,1636812.0,82368980.0,59.9799,INDETERMINATE,78,0,data/test/3sat/400/3sat_169.cnf,0.0057106018066406,0.0791859999999999,0.357546329498291,0.3632569313049316,60.42234293130493,3sat_169.cnf,online_consistent_boundary400,Online-Consistent Selector,0,False,True,runs/analysis/full400_repeated_runtime/raw/online_consistent_boundary400/repeat0.csv
79,2.0,1350218.0,1547070.0,75940728.0,59.9792,INDETERMINATE,79,0,data/test/3sat/400/3sat_17.cnf,0.0057106018066406,0.083384,0.357546329498291,0.3632569313049316,60.42584093130493,3sat_17.cnf,online_consistent_boundary400,Online-Consistent Selector,0,False,True,runs/analysis/full400_repeated_runtime/raw/online_consistent_boundary400/repeat0.csv
80,2.0,1386672.0,1582452.0,77194721.0,59.975,INDETERMINATE,80,0,data/test/3sat/400/3sat_170.cnf,0.0053000450134277,0.08221,0.3259351253509521,0.3312351703643799,60.38844517036439,3sat_170.cnf,online_consistent_boundary400,Online-Consistent Selector,0,False,True,runs/analysis/full400_repeated_runtime/raw/online_consistent_boundary400/repeat0.csv
81,2.0,1371964.0,1563331.0,78017030.0,59.9833,INDETERMINATE,81,0,data/test/3sat/400/3sat_171.cnf,0.0053000450134277,0.067324,0.3259351253509521,0.3312351703643799,60.38185917036438,3sat_171.cnf,online_consistent_boundary400,Online-Consistent Selector,0,False,True,runs/analysis/full400_repeated_runtime/raw/online_consistent_boundary400/repeat0.csv
82,2.0,1446514.0,1669686.0,84089895.0,59.9757,INDETERMINATE,82,0,data/test/3sat/400/3sat_172.cnf,0.0053000450134277,0.078507,0.3259351253509521,0.3312351703643799,60.38544217036439,3sat_172.cnf,online_consistent_boundary400,Online-Consistent Selector,0,False,True,runs/analysis/full400_repeated_runtime/raw/online_consistent_boundary400/repeat0.csv
83,2.0,1446935.0,1654377.0,83001634.0,59.9729,INDETERMINATE,83,0,data/test/3sat/400/3sat_173.cnf,0.0053000450134277,0.0741,0.3259351253509521,0.3312351703643799,60.378235170364384,3sat_173.cnf,online_consistent_boundary400,Online-Consistent Selector,0,False,True,runs/analysis/full400_repeated_runtime/raw/online_consistent_boundary400/repeat0.csv
84,2.0,1477252.0,1676070.0,82936292.0,59.9712,INDETERMINATE,84,0,data/test/3sat/400/3sat_174.cnf,0.0053000450134277,0.082785,0.3259351253509521,0.3312351703643799,60.385220170364384,3sat_174.cnf,online_consistent_boundary400,Online-Consistent Selector,0,False,True,runs/analysis/full400_repeated_runtime/raw/online_consistent_boundary400/repeat0.csv
85,2.0,1468372.0,1674329.0,81803118.0,59.967,INDETERMINATE,85,0,data/test/3sat/400/3sat_175.cnf,0.0053000450134277,0.070909,0.3259351253509521,0.3312351703643799,60.36914417036438,3sat_175.cnf,online_consistent_boundary400,Online-Consistent Selector,0,False,True,runs/analysis/full400_repeated_runtime/raw/online_consistent_boundary400/repeat0.csv
86,1.0,44850.0,52377.0,2659490.0,1.50951,SATISFIABLE,86,0,data/test/3sat/400/3sat_176.cnf,0.0053000450134277,0.063445,0.3259351253509521,0.3312351703643799,1.90419017036438,3sat_176.cnf,online_consistent_boundary400,Online-Consistent Selector,0,True,False,runs/analysis/full400_repeated_runtime/raw/online_consistent_boundary400/repeat0.csv
87,2.0,1481291.0,1678708.0,85143120.0,59.9655,INDETERMINATE,87,0,data/test/3sat/400/3sat_177.cnf,0.0053000450134277,0.079819,0.3259351253509521,0.3312351703643799,60.37655417036438,3sat_177.cnf,online_consistent_boundary400,Online-Consistent Selector,0,False,True,runs/analysis/full400_repeated_runtime/raw/online_consistent_boundary400/repeat0.csv
88,2.0,1496247.0,1731215.0,86718329.0,59.9829,INDETERMINATE,88,0,data/test/3sat/400/3sat_178.cnf,0.0053000450134277,0.068304,0.3259351253509521,0.3312351703643799,60.38243917036438,3sat_178.cnf,online_consistent_boundary400,Online-Consistent Selector,0,False,True,runs/analysis/full400_repeated_runtime/raw/online_consistent_boundary400/repeat0.csv
89,2.0,1534671.0,1746869.0,88212857.0,59.9833,INDETERMINATE,89,0,data/test/3sat/400/3sat_179.cnf,0.0053000450134277,0.070107,0.3259351253509521,0.3312351703643799,60.38464217036438,3sat_179.cnf,online_consistent_boundary400,Online-Consistent Selector,0,False,True,runs/analysis/full400_repeated_runtime/raw/online_consistent_boundary400/repeat0.csv
90,2.0,1409729.0,1611545.0,81079054.0,59.9694,INDETERMINATE,90,0,data/test/3sat/400/3sat_18.cnf,0.0058226585388183,0.073812,0.3344714641571045,0.3402941226959228,60.38350612269592,3sat_18.cnf,online_consistent_boundary400,Online-Consistent Selector,0,False,True,runs/analysis/full400_repeated_runtime/raw/online_consistent_boundary400/repeat0.csv
91,2.0,479866.0,551097.0,28918715.0,16.4632,SATISFIABLE,91,0,data/test/3sat/400/3sat_180.cnf,0.0058226585388183,0.072246,0.3344714641571045,0.3402941226959228,16.875740122695923,3sat_180.cnf,online_consistent_boundary400,Online-Consistent Selector,0,True,False,runs/analysis/full400_repeated_runtime/raw/online_consistent_boundary400/repeat0.csv
92,1.0,52050.0,59791.0,3130772.0,1.82742,SATISFIABLE,92,0,data/test/3sat/400/3sat_181.cnf,0.0058226585388183,0.085077,0.3344714641571045,0.3402941226959228,2.252791122695923,3sat_181.cnf,online_consistent_boundary400,Online-Consistent Selector,0,True,False,runs/analysis/full400_repeated_runtime/raw/online_consistent_boundary400/repeat0.csv
93,2.0,1486015.0,1700874.0,81357120.0,59.9909,INDETERMINATE,93,0,data/test/3sat/400/3sat_182.cnf,0.0058226585388183,0.066834,0.3344714641571045,0.3402941226959228,60.398028122695926,3sat_182.cnf,online_consistent_boundary400,Online-Consistent Selector,0,False,True,runs/analysis/full400_repeated_runtime/raw/online_consistent_boundary400/repeat0.csv
94,2.0,1498020.0,1710809.0,84010058.0,59.9799,INDETERMINATE,94,0,data/test/3sat/400/3sat_183.cnf,0.0058226585388183,0.079731,0.3344714641571045,0.3402941226959228,60.399925122695926,3sat_183.cnf,online_consistent_boundary400,Online-Consistent Selector,0,False,True,runs/analysis/full400_repeated_runtime/raw/online_consistent_boundary400/repeat0.csv
95,2.0,1492619.0,1700423.0,85530582.0,59.9841,INDETERMINATE,95,0,data/test/3sat/400/3sat_184.cnf,0.0058226585388183,0.0886349999999999,0.3344714641571045,0.3402941226959228,60.41302912269592,3sat_184.cnf,online_consistent_boundary400,Online-Consistent Selector,0,False,True,runs/analysis/full400_repeated_runtime/raw/online_consistent_boundary400/repeat0.csv
96,2.0,1595839.0,1804725.0,89567802.0,59.9926,INDETERMINATE,96,0,data/test/3sat/400/3sat_185.cnf,0.0058226585388183,0.071713,0.3344714641571045,0.3402941226959228,60.40460712269593,3sat_185.cnf,online_consistent_boundary400,Online-Consistent Selector,0,False,True,runs/analysis/full400_repeated_runtime/raw/online_consistent_boundary400/repeat0.csv
97,2.0,1405395.0,1605345.0,76724013.0,59.9882,INDETERMINATE,97,0,data/test/3sat/400/3sat_186.cnf,0.0058226585388183,0.083621,0.3344714641571045,0.3402941226959228,60.41211512269592,3sat_186.cnf,online_consistent_boundary400,Online-Consistent Selector,0,False,True,runs/analysis/full400_repeated_runtime/raw/online_consistent_boundary400/repeat0.csv
98,2.0,1396100.0,1607062.0,78707580.0,59.9886,INDETERMINATE,98,0,data/test/3sat/400/3sat_187.cnf,0.0058226585388183,0.068671,0.3344714641571045,0.3402941226959228,60.39756512269592,3sat_187.cnf,online_consistent_boundary400,Online-Consistent Selector,0,False,True,runs/analysis/full400_repeated_runtime/raw/online_consistent_boundary400/repeat0.csv
99,2.0,1540527.0,1759417.0,88084630.0,59.9834,INDETERMINATE,99,0,data/test/3sat/400/3sat_188.cnf,0.0058226585388183,0.079179,0.3344714641571045,0.3402941226959228,60.40287312269593,3sat_188.cnf,online_consistent_boundary400,Online-Consistent Selector,0,False,True,runs/analysis/full400_repeated_runtime/raw/online_consistent_boundary400/repeat0.csv
100,2.0,486885.0,560599.0,28846336.0,16.723,SATISFIABLE,100,0,data/test/3sat/400/3sat_189.cnf,0.0054118633270263,0.0779229999999999,0.3208014965057373,0.3262133598327636,17.12713635983276,3sat_189.cnf,online_consistent_boundary400,Online-Consistent Selector,0,True,False,runs/analysis/full400_repeated_runtime/raw/online_consistent_boundary400/repeat0.csv
101,1.0,32619.0,37875.0,1910478.0,1.04269,SATISFIABLE,101,0,data/test/3sat/400/3sat_19.cnf,0.0054118633270263,0.077388,0.3208014965057373,0.3262133598327636,1.4462913598327636,3sat_19.cnf,online_consistent_boundary400,Online-Consistent Selector,0,True,False,runs/analysis/full400_repeated_runtime/raw/online_consistent_boundary400/repeat0.csv
102,1.0,1353.0,1762.0,87323.0,0.01841,SATISFIABLE,102,0,data/test/3sat/400/3sat_190.cnf,0.0054118633270263,0.063893,0.3208014965057373,0.3262133598327636,0.4085163598327637,3sat_190.cnf,online_consistent_boundary400,Online-Consistent Selector,0,True,False,runs/analysis/full400_repeated_runtime/raw/online_consistent_boundary400/repeat0.csv
103,2.0,1465131.0,1684742.0,81622225.0,59.9682,INDETERMINATE,103,0,data/test/3sat/400/3sat_191.cnf,0.0054118633270263,0.0650729999999999,0.3208014965057373,0.3262133598327636,60.359486359832765,3sat_191.cnf,online_consistent_boundary400,Online-Consistent Selector,0,False,True,runs/analysis/full400_repeated_runtime/raw/online_consistent_boundary400/repeat0.csv
104,2.0,1449076.0,1671546.0,81750087.0,59.9805,INDETERMINATE,104,0,data/test/3sat/400/3sat_192.cnf,0.0054118633270263,0.070613,0.3208014965057373,0.3262133598327636,60.377326359832765,3sat_192.cnf,online_consistent_boundary400,Online-Consistent Selector,0,False,True,runs/analysis/full400_repeated_runtime/raw/online_consistent_boundary400/repeat0.csv
105,2.0,1406834.0,1605360.0,81380210.0,59.9736,INDETERMINATE,105,0,data/test/3sat/400/3sat_193.cnf,0.0054118633270263,0.0713999999999999,0.3208014965057373,0.3262133598327636,60.37121335983276,3sat_193.cnf,online_consistent_boundary400,Online-Consistent Selector,0,False,True,runs/analysis/full400_repeated_runtime/raw/online_consistent_boundary400/repeat0.csv
106,2.0,1366799.0,1551769.0,77898797.0,59.9738,INDETERMINATE,106,0,data/test/3sat/400/3sat_194.cnf,0.0054118633270263,0.075307,0.3208014965057373,0.3262133598327636,60.37532035983276,3sat_194.cnf,online_consistent_boundary400,Online-Consistent Selector,0,False,True,runs/analysis/full400_repeated_runtime/raw/online_consistent_boundary400/repeat0.csv
107,2.0,1498553.0,1710072.0,87455761.0,59.9678,INDETERMINATE,107,0,data/test/3sat/400/3sat_195.cnf,0.0054118633270263,0.0811119999999999,0.3208014965057373,0.3262133598327636,60.37512535983276,3sat_195.cnf,online_consistent_boundary400,Online-Consistent Selector,0,False,True,runs/analysis/full400_repeated_runtime/raw/online_consistent_boundary400/repeat0.csv
108,2.0,885139.0,1017689.0,51832819.0,30.8971,SATISFIABLE,108,0,data/test/3sat/400/3sat_196.cnf,0.0054118633270263,0.08327,0.3208014965057373,0.3262133598327636,31.30658335983276,3sat_196.cnf,online_consistent_boundary400,Online-Consistent Selector,0,True,False,runs/analysis/full400_repeated_runtime/raw/online_consistent_boundary400/repeat0.csv
109,2.0,1481875.0,1689627.0,83097959.0,59.9875,INDETERMINATE,109,0,data/test/3sat/400/3sat_197.cnf,0.0054118633270263,0.075138,0.3208014965057373,0.3262133598327636,60.38885135983276,3sat_197.cnf,online_consistent_boundary400,Online-Consistent Selector,0,False,True,runs/analysis/full400_repeated_runtime/raw/online_consistent_boundary400/repeat0.csv
110,2.0,1487890.0,1712163.0,85084889.0,59.9777,INDETERMINATE,110,0,data/test/3sat/400/3sat_198.cnf,0.0055835247039794,0.080512,0.2856001853942871,0.2911837100982666,60.34939571009826,3sat_198.cnf,online_consistent_boundary400,Online-Consistent Selector,0,False,True,runs/analysis/full400_repeated_runtime/raw/online_consistent_boundary400/repeat0.csv
111,2.0,1422473.0,1629642.0,79400390.0,59.9817,INDETERMINATE,111,0,data/test/3sat/400/3sat_199.cnf,0.0055835247039794,0.083233,0.2856001853942871,0.2911837100982666,60.35611671009826,3sat_199.cnf,online_consistent_boundary400,Online-Consistent Selector,0,False,True,runs/analysis/full400_repeated_runtime/raw/online_consistent_boundary400/repeat0.csv
112,2.0,1449692.0,1654891.0,84200737.0,59.9786,INDETERMINATE,112,0,data/test/3sat/400/3sat_2.cnf,0.0055835247039794,0.077595,0.2856001853942871,0.2911837100982666,60.34737871009827,3sat_2.cnf,online_consistent_boundary400,Online-Consistent Selector,0,False,True,runs/analysis/full400_repeated_runtime/raw/online_consistent_boundary400/repeat0.csv
113,2.0,361980.0,419239.0,21758927.0,12.1149,SATISFIABLE,113,0,data/test/3sat/400/3sat_20.cnf,0.0055835247039794,0.085682,0.2856001853942871,0.2911837100982666,12.491765710098267,3sat_20.cnf,online_consistent_boundary400,Online-Consistent Selector,0,True,False,runs/analysis/full400_repeated_runtime/raw/online_consistent_boundary400/repeat0.csv
114,2.0,1444040.0,1671526.0,84054901.0,59.9789,INDETERMINATE,114,0,data/test/3sat/400/3sat_21.cnf,0.0055835247039794,0.069158,0.2856001853942871,0.2911837100982666,60.33924171009827,3sat_21.cnf,online_consistent_boundary400,Online-Consistent Selector,0,False,True,runs/analysis/full400_repeated_runtime/raw/online_consistent_boundary400/repeat0.csv
115,1.0,43107.0,50298.0,2657822.0,1.36691,SATISFIABLE,115,0,data/test/3sat/400/3sat_22.cnf,0.0055835247039794,0.072487,0.2856001853942871,0.2911837100982666,1.7305807100982666,3sat_22.cnf,online_consistent_boundary400,Online-Consistent Selector,0,True,False,runs/analysis/full400_repeated_runtime/raw/online_consistent_boundary400/repeat0.csv
116,2.0,1396339.0,1597526.0,77528757.0,59.9735,INDETERMINATE,116,0,data/test/3sat/400/3sat_23.cnf,0.0055835247039794,0.085489,0.2856001853942871,0.2911837100982666,60.35017271009827,3sat_23.cnf,online_consistent_boundary400,Online-Consistent Selector,0,False,True,runs/analysis/full400_repeated_runtime/raw/online_consistent_boundary400/repeat0.csv
117,1.0,97677.0,112677.0,5872880.0,4.15026,SATISFIABLE,117,0,data/test/3sat/400/3sat_24.cnf,0.0055835247039794,0.07746,0.2856001853942871,0.2911837100982666,4.518903710098267,3sat_24.cnf,online_consistent_boundary400,Online-Consistent Selector,0,True,False,runs/analysis/full400_repeated_runtime/raw/online_consistent_boundary400/repeat0.csv
118,1.0,41249.0,47888.0,2486997.0,1.14437,SATISFIABLE,118,0,data/test/3sat/400/3sat_25.cnf,0.0055835247039794,0.074665,0.2856001853942871,0.2911837100982666,1.5102187100982667,3sat_25.cnf,online_consistent_boundary400,Online-Consistent Selector,0,True,False,runs/analysis/full400_repeated_runtime/raw/online_consistent_boundary400/repeat0.csv
119,2.0,1374015.0,1568539.0,78758143.0,59.9656,INDETERMINATE,119,0,data/test/3sat/400/3sat_26.cnf,0.0055835247039794,0.086715,0.2856001853942871,0.2911837100982666,60.34349871009827,3sat_26.cnf,online_consistent_boundary400,Online-Consistent Selector,0,False,True,runs/analysis/full400_repeated_runtime/raw/online_consistent_boundary400/repeat0.csv
120,1.0,9470.0,11447.0,605518.0,0.201305,SATISFIABLE,120,0,data/test/3sat/400/3sat_27.cnf,0.0050382614135742,0.06328,0.2992777824401855,0.3043160438537597,0.5689010438537598,3sat_27.cnf,online_consistent_boundary400,Online-Consistent Selector,0,True,False,runs/analysis/full400_repeated_runtime/raw/online_consistent_boundary400/repeat0.csv
121,2.0,1512001.0,1730645.0,85673783.0,59.987,INDETERMINATE,121,0,data/test/3sat/400/3sat_28.cnf,0.0050382614135742,0.078915,0.2992777824401855,0.3043160438537597,60.37023104385376,3sat_28.cnf,online_consistent_boundary400,Online-Consistent Selector,0,False,True,runs/analysis/full400_repeated_runtime/raw/online_consistent_boundary400/repeat0.csv
122,2.0,1549110.0,1765020.0,89038460.0,59.9791,INDETERMINATE,122,0,data/test/3sat/400/3sat_29.cnf,0.0050382614135742,0.085533,0.2992777824401855,0.3043160438537597,60.36894904385376,3sat_29.cnf,online_consistent_boundary400,Online-Consistent Selector,0,False,True,runs/analysis/full400_repeated_runtime/raw/online_consistent_boundary400/repeat0.csv
123,2.0,1511441.0,1732909.0,88957600.0,59.9822,INDETERMINATE,123,0,data/test/3sat/400/3sat_3.cnf,0.0050382614135742,0.082879,0.2992777824401855,0.3043160438537597,60.36939504385376,3sat_3.cnf,online_consistent_boundary400,Online-Consistent Selector,0,False,True,runs/analysis/full400_repeated_runtime/raw/online_consistent_boundary400/repeat0.csv
124,2.0,1400264.0,1601051.0,79665235.0,59.9708,INDETERMINATE,124,0,data/test/3sat/400/3sat_30.cnf,0.0050382614135742,0.083879,0.2992777824401855,0.3043160438537597,60.35899504385376,3sat_30.cnf,online_consistent_boundary400,Online-Consistent Selector,0,False,True,runs/analysis/full400_repeated_runtime/raw/online_consistent_boundary400/repeat0.csv
125,2.0,1381691.0,1591830.0,77884189.0,59.9733,INDETERMINATE,125,0,data/test/3sat/400/3sat_31.cnf,0.0050382614135742,0.083633,0.2992777824401855,0.3043160438537597,60.36124904385376,3sat_31.cnf,online_consistent_boundary400,Online-Consistent Selector,0,False,True,runs/analysis/full400_repeated_runtime/raw/online_consistent_boundary400/repeat0.csv
126,2.0,1437823.0,1635711.0,80777193.0,59.97,INDETERMINATE,126,0,data/test/3sat/400/3sat_32.cnf,0.0050382614135742,0.079875,0.2992777824401855,0.3043160438537597,60.35419104385376,3sat_32.cnf,online_consistent_boundary400,Online-Consistent Selector,0,False,True,runs/analysis/full400_repeated_runtime/raw/online_consistent_boundary400/repeat0.csv
127,2.0,1410091.0,1617777.0,80437377.0,59.9799,INDETERMINATE,127,0,data/test/3sat/400/3sat_33.cnf,0.0050382614135742,0.07933,0.2992777824401855,0.3043160438537597,60.36354604385376,3sat_33.cnf,online_consistent_boundary400,Online-Consistent Selector,0,False,True,runs/analysis/full400_repeated_runtime/raw/online_consistent_boundary400/repeat0.csv
128,2.0,1645858.0,1890386.0,94110164.0,59.9899,INDETERMINATE,128,0,data/test/3sat/400/3sat_34.cnf,0.0050382614135742,0.086223,0.2992777824401855,0.3043160438537597,60.38043904385376,3sat_34.cnf,online_consistent_boundary400,Online-Consistent Selector,0,False,True,runs/analysis/full400_repeated_runtime/raw/online_consistent_boundary400/repeat0.csv
129,2.0,1516291.0,1741260.0,83508911.0,59.9769,INDETERMINATE,129,0,data/test/3sat/400/3sat_35.cnf,0.0050382614135742,0.077652,0.2992777824401855,0.3043160438537597,60.35886804385376,3sat_35.cnf,online_consistent_boundary400,Online-Consistent Selector,0,False,True,runs/analysis/full400_repeated_runtime/raw/online_consistent_boundary400/repeat0.csv
130,2.0,1517505.0,1736627.0,85232258.0,59.9843,INDETERMINATE,130,0,data/test/3sat/400/3sat_36.cnf,0.0049085617065429,0.092081,0.313699722290039,0.318608283996582,60.39498928399658,3sat_36.cnf,online_consistent_boundary400,Online-Consistent Selector,0,False,True,runs/analysis/full400_repeated_runtime/raw/online_consistent_boundary400/repeat0.csv
131,2.0,1499955.0,1702558.0,84388891.0,59.9651,INDETERMINATE,131,0,data/test/3sat/400/3sat_37.cnf,0.0049085617065429,0.075126,0.313699722290039,0.318608283996582,60.35883428399658,3sat_37.cnf,online_consistent_boundary400,Online-Consistent Selector,0,False,True,runs/analysis/full400_repeated_runtime/raw/online_consistent_boundary400/repeat0.csv
132,2.0,1490846.0,1702324.0,85111378.0,59.9873,INDETERMINATE,132,0,data/test/3sat/400/3sat_38.cnf,0.0049085617065429,0.077456,0.313699722290039,0.318608283996582,60.38336428399658,3sat_38.cnf,online_consistent_boundary400,Online-Consistent Selector,0,False,True,runs/analysis/full400_repeated_runtime/raw/online_consistent_boundary400/repeat0.csv
133,2.0,1455525.0,1674708.0,81477494.0,59.9773,INDETERMINATE,133,0,data/test/3sat/400/3sat_39.cnf,0.0049085617065429,0.084518,0.313699722290039,0.318608283996582,60.38042628399658,3sat_39.cnf,online_consistent_boundary400,Online-Consistent Selector,0,False,True,runs/analysis/full400_repeated_runtime/raw/online_consistent_boundary400/repeat0.csv
134,2.0,1510130.0,1723647.0,84850374.0,59.967,INDETERMINATE,134,0,data/test/3sat/400/3sat_4.cnf,0.0049085617065429,0.070816,0.313699722290039,0.318608283996582,60.35642428399658,3sat_4.cnf,online_consistent_boundary400,Online-Consistent Selector,0,False,True,runs/analysis/full400_repeated_runtime/raw/online_consistent_boundary400/repeat0.csv
135,2.0,1555633.0,1777167.0,88511547.0,59.9899,INDETERMINATE,135,0,data/test/3sat/400/3sat_40.cnf,0.0049085617065429,0.082317,0.313699722290039,0.318608283996582,60.39082528399658,3sat_40.cnf,online_consistent_boundary400,Online-Consistent Selector,0,False,True,runs/analysis/full400_repeated_runtime/raw/online_consistent_boundary400/repeat0.csv
136,2.0,1396520.0,1585601.0,77653698.0,59.9855,INDETERMINATE,136,0,data/test/3sat/400/3sat_41.cnf,0.0049085617065429,0.085768,0.313699722290039,0.318608283996582,60.389876283996585,3sat_41.cnf,online_consistent_boundary400,Online-Consistent Selector,0,False,True,runs/analysis/full400_repeated_runtime/raw/online_consistent_boundary400/repeat0.csv
137,2.0,1561750.0,1774601.0,84818835.0,59.9623,INDETERMINATE,137,0,data/test/3sat/400/3sat_42.cnf,0.0049085617065429,0.081907,0.313699722290039,0.318608283996582,60.36281528399658,3sat_42.cnf,online_consistent_boundary400,Online-Consistent Selector,0,False,True,runs/analysis/full400_repeated_runtime/raw/online_consistent_boundary400/repeat0.csv
138,2.0,1421313.0,1616426.0,81178441.0,59.9873,INDETERMINATE,138,0,data/test/3sat/400/3sat_43.cnf,0.0049085617065429,0.075215,0.313699722290039,0.318608283996582,60.38112328399658,3sat_43.cnf,online_consistent_boundary400,Online-Consistent Selector,0,False,True,runs/analysis/full400_repeated_runtime/raw/online_consistent_boundary400/repeat0.csv
139,2.0,1434424.0,1642722.0,82879865.0,59.9828,INDETERMINATE,139,0,data/test/3sat/400/3sat_44.cnf,0.0049085617065429,0.076378,0.313699722290039,0.318608283996582,60.37778628399658,3sat_44.cnf,online_consistent_boundary400,Online-Consistent Selector,0,False,True,runs/analysis/full400_repeated_runtime/raw/online_consistent_boundary400/repeat0.csv
140,2.0,1514170.0,1707048.0,84522133.0,59.9863,INDETERMINATE,140,0,data/test/3sat/400/3sat_45.cnf,0.0044445991516113,0.073555,0.2911067008972168,0.2955513000488281,60.35540630004883,3sat_45.cnf,online_consistent_boundary400,Online-Consistent Selector,0,False,True,runs/analysis/full400_repeated_runtime/raw/online_consistent_boundary400/repeat0.csv
141,2.0,977212.0,1110702.0,56336677.0,37.1475,SATISFIABLE,141,0,data/test/3sat/400/3sat_46.cnf,0.0044445991516113,0.075358,0.2911067008972168,0.2955513000488281,37.51840930004883,3sat_46.cnf,online_consistent_boundary400,Online-Consistent Selector,0,True,False,runs/analysis/full400_repeated_runtime/raw/online_consistent_boundary400/repeat0.csv
142,1.0,63966.0,73444.0,4017900.0,2.50424,SATISFIABLE,142,0,data/test/3sat/400/3sat_47.cnf,0.0044445991516113,0.073649,0.2911067008972168,0.2955513000488281,2.873440300048828,3sat_47.cnf,online_consistent_boundary400,Online-Consistent Selector,0,True,False,runs/analysis/full400_repeated_runtime/raw/online_consistent_boundary400/repeat0.csv
143,2.0,1473001.0,1685125.0,82200098.0,59.9829,INDETERMINATE,143,0,data/test/3sat/400/3sat_48.cnf,0.0044445991516113,0.079897,0.2911067008972168,0.2955513000488281,60.35834830004883,3sat_48.cnf,online_consistent_boundary400,Online-Consistent Selector,0,False,True,runs/analysis/full400_repeated_runtime/raw/online_consistent_boundary400/repeat0.csv
144,2.0,1439339.0,1649473.0,83108031.0,59.9953,INDETERMINATE,144,0,data/test/3sat/400/3sat_49.cnf,0.0044445991516113,0.073587,0.2911067008972168,0.2955513000488281,60.36443830004883,3sat_49.cnf,online_consistent_boundary400,Online-Consistent Selector,0,False,True,runs/analysis/full400_repeated_runtime/raw/online_consistent_boundary400/repeat0.csv
145,2.0,1414741.0,1620664.0,80015847.0,59.9749,INDETERMINATE,145,0,data/test/3sat/400/3sat_5.cnf,0.0044445991516113,0.075985,0.2911067008972168,0.2955513000488281,60.34643630004883,3sat_5.cnf,online_consistent_boundary400,Online-Consistent Selector,0,False,True,runs/analysis/full400_repeated_runtime/raw/online_consistent_boundary400/repeat0.csv
146,2.0,1412238.0,1615883.0,81122854.0,59.9847,INDETERMINATE,146,0,data/test/3sat/400/3sat_50.cnf,0.0044445991516113,0.079126,0.2911067008972168,0.2955513000488281,60.35937730004883,3sat_50.cnf,online_consistent_boundary400,Online-Consistent Selector,0,False,True,runs/analysis/full400_repeated_runtime/raw/online_consistent_boundary400/repeat0.csv
147,2.0,1470047.0,1681496.0,83624546.0,59.975,INDETERMINATE,147,0,data/test/3sat/400/3sat_51.cnf,0.0044445991516113,0.065478,0.2911067008972168,0.2955513000488281,60.33602930004883,3sat_51.cnf,online_consistent_boundary400,Online-Consistent Selector,0,False,True,runs/analysis/full400_repeated_runtime/raw/online_consistent_boundary400/repeat0.csv
148,2.0,1593304.0,1839277.0,89646086.0,59.9704,INDETERMINATE,148,0,data/test/3sat/400/3sat_52.cnf,0.0044445991516113,0.080993,0.2911067008972168,0.2955513000488281,60.346944300048825,3sat_52.cnf,online_consistent_boundary400,Online-Consistent Selector,0,False,True,runs/analysis/full400_repeated_runtime/raw/online_consistent_boundary400/repeat0.csv
149,2.0,1428045.0,1628422.0,77559858.0,59.9864,INDETERMINATE,149,0,data/test/3sat/400/3sat_53.cnf,0.0044445991516113,0.0705929999999999,0.2911067008972168,0.2955513000488281,60.352544300048834,3sat_53.cnf,online_consistent_boundary400,Online-Consistent Selector,0,False,True,runs/analysis/full400_repeated_runtime/raw/online_consistent_boundary400/repeat0.csv
150,2.0,612353.0,699215.0,35959808.0,21.6596,SATISFIABLE,150,0,data/test/3sat/400/3sat_54.cnf,0.0046560764312744,0.069867,0.3193399906158447,0.3239960670471191,22.05346306704712,3sat_54.cnf,online_consistent_boundary400,Online-Consistent Selector,0,True,False,runs/analysis/full400_repeated_runtime/raw/online_consistent_boundary400/repeat0.csv
151,2.0,1532092.0,1747948.0,86393991.0,59.9833,INDETERMINATE,151,0,data/test/3sat/400/3sat_55.cnf,0.0046560764312744,0.082875,0.3193399906158447,0.3239960670471191,60.39017106704712,3sat_55.cnf,online_consistent_boundary400,Online-Consistent Selector,0,False,True,runs/analysis/full400_repeated_runtime/raw/online_consistent_boundary400/repeat0.csv
152,2.0,1429754.0,1614733.0,81759804.0,59.9706,INDETERMINATE,152,0,data/test/3sat/400/3sat_56.cnf,0.0046560764312744,0.075999,0.3193399906158447,0.3239960670471191,60.37059506704712,3sat_56.cnf,online_consistent_boundary400,Online-Consistent Selector,0,False,True,runs/analysis/full400_repeated_runtime/raw/online_consistent_boundary400/repeat0.csv
153,2.0,1481920.0,1684733.0,82890522.0,59.9708,INDETERMINATE,153,0,data/test/3sat/400/3sat_57.cnf,0.0046560764312744,0.081048,0.3193399906158447,0.3239960670471191,60.37584406704712,3sat_57.cnf,online_consistent_boundary400,Online-Consistent Selector,0,False,True,runs/analysis/full400_repeated_runtime/raw/online_consistent_boundary400/repeat0.csv
154,2.0,1545105.0,1762679.0,91594848.0,59.9928,INDETERMINATE,154,0,data/test/3sat/400/3sat_58.cnf,0.0046560764312744,0.066364,0.3193399906158447,0.3239960670471191,60.38316006704712,3sat_58.cnf,online_consistent_boundary400,Online-Consistent Selector,0,False,True,runs/analysis/full400_repeated_runtime/raw/online_consistent_boundary400/repeat0.csv
155,2.0,1510241.0,1729504.0,84983109.0,59.9767,INDETERMINATE,155,0,data/test/3sat/400/3sat_59.cnf,0.0046560764312744,0.066474,0.3193399906158447,0.3239960670471191,60.36717006704712,3sat_59.cnf,online_consistent_boundary400,Online-Consistent Selector,0,False,True,runs/analysis/full400_repeated_runtime/raw/online_consistent_boundary400/repeat0.csv
156,2.0,1500299.0,1701174.0,83811664.0,59.9603,INDETERMINATE,156,0,data/test/3sat/400/3sat_6.cnf,0.0046560764312744,0.078814,0.3193399906158447,0.3239960670471191,60.36311006704712,3sat_6.cnf,online_consistent_boundary400,Online-Consistent Selector,0,False,True,runs/analysis/full400_repeated_runtime/raw/online_consistent_boundary400/repeat0.csv
157,2.0,1417742.0,1613052.0,81520662.0,59.9814,INDETERMINATE,157,0,data/test/3sat/400/3sat_60.cnf,0.0046560764312744,0.067561,0.3193399906158447,0.3239960670471191,60.37295706704712,3sat_60.cnf,online_consistent_boundary400,Online-Consistent Selector,0,False,True,runs/analysis/full400_repeated_runtime/raw/online_consistent_boundary400/repeat0.csv
158,2.0,1432490.0,1619219.0,80484500.0,59.9918,INDETERMINATE,158,0,data/test/3sat/400/3sat_61.cnf,0.0046560764312744,0.0693469999999999,0.3193399906158447,0.3239960670471191,60.38514306704712,3sat_61.cnf,online_consistent_boundary400,Online-Consistent Selector,0,False,True,runs/analysis/full400_repeated_runtime/raw/online_consistent_boundary400/repeat0.csv
159,2.0,1495159.0,1695634.0,86212690.0,59.9918,INDETERMINATE,159,0,data/test/3sat/400/3sat_62.cnf,0.0046560764312744,0.081655,0.3193399906158447,0.3239960670471191,60.39745106704712,3sat_62.cnf,online_consistent_boundary400,Online-Consistent Selector,0,False,True,runs/analysis/full400_repeated_runtime/raw/online_consistent_boundary400/repeat0.csv
160,2.0,138136.0,157894.0,8130882.0,5.28569,SATISFIABLE,160,0,data/test/3sat/400/3sat_63.cnf,0.005342960357666,0.077521,0.2979383468627929,0.303281307220459,5.666492307220459,3sat_63.cnf,online_consistent_boundary400,Online-Consistent Selector,0,True,False,runs/analysis/full400_repeated_runtime/raw/online_consistent_boundary400/repeat0.csv
161,2.0,1438746.0,1628083.0,80345163.0,59.982,INDETERMINATE,161,0,data/test/3sat/400/3sat_64.cnf,0.005342960357666,0.080483,0.2979383468627929,0.303281307220459,60.36576430722046,3sat_64.cnf,online_consistent_boundary400,Online-Consistent Selector,0,False,True,runs/analysis/full400_repeated_runtime/raw/online_consistent_boundary400/repeat0.csv
162,1.0,224.0,339.0,14565.0,0.013569,SATISFIABLE,162,0,data/test/3sat/400/3sat_65.cnf,0.005342960357666,0.029385,0.2979383468627929,0.303281307220459,0.346235307220459,3sat_65.cnf,online_consistent_boundary400,Online-Consistent Selector,0,True,False,runs/analysis/full400_repeated_runtime/raw/online_consistent_boundary400/repeat0.csv
163,2.0,1395670.0,1601739.0,80537889.0,59.9808,INDETERMINATE,163,0,data/test/3sat/400/3sat_66.cnf,0.005342960357666,0.07505,0.2979383468627929,0.303281307220459,60.35913130722046,3sat_66.cnf,online_consistent_boundary400,Online-Consistent Selector,0,False,True,runs/analysis/full400_repeated_runtime/raw/online_consistent_boundary400/repeat0.csv
164,2.0,1501511.0,1716313.0,86539154.0,59.9767,INDETERMINATE,164,0,data/test/3sat/400/3sat_67.cnf,0.005342960357666,0.077788,0.2979383468627929,0.303281307220459,60.35776930722046,3sat_67.cnf,online_consistent_boundary400,Online-Consistent Selector,0,False,True,runs/analysis/full400_repeated_runtime/raw/online_consistent_boundary400/repeat0.csv
165,2.0,1387806.0,1588335.0,78055410.0,59.9775,INDETERMINATE,165,0,data/test/3sat/400/3sat_68.cnf,0.005342960357666,0.0851339999999999,0.2979383468627929,0.303281307220459,60.365915307220455,3sat_68.cnf,online_consistent_boundary400,Online-Consistent Selector,0,False,True,runs/analysis/full400_repeated_runtime/raw/online_consistent_boundary400/repeat0.csv
166,2.0,1459280.0,1672969.0,86927840.0,59.9769,INDETERMINATE,166,0,data/test/3sat/400/3sat_69.cnf,0.005342960357666,0.081283,0.2979383468627929,0.303281307220459,60.36146430722046,3sat_69.cnf,online_consistent_boundary400,Online-Consistent Selector,0,False,True,runs/analysis/full400_repeated_runtime/raw/online_consistent_boundary400/repeat0.csv
167,2.0,1515163.0,1710237.0,83860743.0,59.9889,INDETERMINATE,167,0,data/test/3sat/400/3sat_7.cnf,0.005342960357666,0.077028,0.2979383468627929,0.303281307220459,60.36920930722046,3sat_7.cnf,online_consistent_boundary400,Online-Consistent Selector,0,False,True,runs/analysis/full400_repeated_runtime/raw/online_consistent_boundary400/repeat0.csv
168,1.0,2512.0,3124.0,152890.0,0.044122,SATISFIABLE,168,0,data/test/3sat/400/3sat_70.cnf,0.005342960357666,0.069996,0.2979383468627929,0.303281307220459,0.417399307220459,3sat_70.cnf,online_consistent_boundary400,Online-Consistent Selector,0,True,False,runs/analysis/full400_repeated_runtime/raw/online_consistent_boundary400/repeat0.csv
169,2.0,1462200.0,1673698.0,83326506.0,59.9926,INDETERMINATE,169,0,data/test/3sat/400/3sat_71.cnf,0.005342960357666,0.0714819999999999,0.2979383468627929,0.303281307220459,60.36736330722047,3sat_71.cnf,online_consistent_boundary400,Online-Consistent Selector,0,False,True,runs/analysis/full400_repeated_runtime/raw/online_consistent_boundary400/repeat0.csv
170,2.0,1453130.0,1662839.0,81771341.0,59.9737,INDETERMINATE,170,0,data/test/3sat/400/3sat_72.cnf,0.0046050548553466,0.060645,0.3178267478942871,0.3224318027496338,60.35677680274964,3sat_72.cnf,online_consistent_boundary400,Online-Consistent Selector,0,False,True,runs/analysis/full400_repeated_runtime/raw/online_consistent_boundary400/repeat0.csv
171,2.0,1457169.0,1660952.0,83455845.0,59.9691,INDETERMINATE,171,0,data/test/3sat/400/3sat_73.cnf,0.0046050548553466,0.072388,0.3178267478942871,0.3224318027496338,60.36391980274963,3sat_73.cnf,online_consistent_boundary400,Online-Consistent Selector,0,False,True,runs/analysis/full400_repeated_runtime/raw/online_consistent_boundary400/repeat0.csv
172,2.0,1396091.0,1607614.0,78624609.0,59.9799,INDETERMINATE,172,0,data/test/3sat/400/3sat_74.cnf,0.0046050548553466,0.078277,0.3178267478942871,0.3224318027496338,60.380608802749634,3sat_74.cnf,online_consistent_boundary400,Online-Consistent Selector,0,False,True,runs/analysis/full400_repeated_runtime/raw/online_consistent_boundary400/repeat0.csv
173,2.0,1389046.0,1584944.0,76121001.0,59.991,INDETERMINATE,173,0,data/test/3sat/400/3sat_75.cnf,0.0046050548553466,0.074487,0.3178267478942871,0.3224318027496338,60.38791880274963,3sat_75.cnf,online_consistent_boundary400,Online-Consistent Selector,0,False,True,runs/analysis/full400_repeated_runtime/raw/online_consistent_boundary400/repeat0.csv
174,2.0,1477203.0,1680259.0,86161371.0,59.9672,INDETERMINATE,174,0,data/test/3sat/400/3sat_76.cnf,0.0046050548553466,0.086014,0.3178267478942871,0.3224318027496338,60.37564580274963,3sat_76.cnf,online_consistent_boundary400,Online-Consistent Selector,0,False,True,runs/analysis/full400_repeated_runtime/raw/online_consistent_boundary400/repeat0.csv
175,2.0,1451237.0,1655464.0,81522663.0,59.9726,INDETERMINATE,175,0,data/test/3sat/400/3sat_77.cnf,0.0046050548553466,0.068808,0.3178267478942871,0.3224318027496338,60.36383980274963,3sat_77.cnf,online_consistent_boundary400,Online-Consistent Selector,0,False,True,runs/analysis/full400_repeated_runtime/raw/online_consistent_boundary400/repeat0.csv
176,2.0,1485476.0,1691911.0,81481804.0,59.9786,INDETERMINATE,176,0,data/test/3sat/400/3sat_78.cnf,0.0046050548553466,0.0715389999999999,0.3178267478942871,0.3224318027496338,60.37257080274964,3sat_78.cnf,online_consistent_boundary400,Online-Consistent Selector,0,False,True,runs/analysis/full400_repeated_runtime/raw/online_consistent_boundary400/repeat0.csv
177,2.0,1437397.0,1643359.0,78953318.0,59.9943,INDETERMINATE,177,0,data/test/3sat/400/3sat_79.cnf,0.0046050548553466,0.070362,0.3178267478942871,0.3224318027496338,60.38709380274964,3sat_79.cnf,online_consistent_boundary400,Online-Consistent Selector,0,False,True,runs/analysis/full400_repeated_runtime/raw/online_consistent_boundary400/repeat0.csv
178,2.0,1448676.0,1646481.0,83804407.0,59.9773,INDETERMINATE,178,0,data/test/3sat/400/3sat_8.cnf,0.0046050548553466,0.0639619999999999,0.3178267478942871,0.3224318027496338,60.36369380274963,3sat_8.cnf,online_consistent_boundary400,Online-Consistent Selector,0,False,True,runs/analysis/full400_repeated_runtime/raw/online_consistent_boundary400/repeat0.csv
179,2.0,1482592.0,1708878.0,85551401.0,59.953,INDETERMINATE,179,0,data/test/3sat/400/3sat_80.cnf,0.0046050548553466,0.070912,0.3178267478942871,0.3224318027496338,60.34634380274964,3sat_80.cnf,online_consistent_boundary400,Online-Consistent Selector,0,False,True,runs/analysis/full400_repeated_runtime/raw/online_consistent_boundary400/repeat0.csv
180,2.0,1488778.0,1684382.0,83051792.0,59.9735,INDETERMINATE,180,0,data/test/3sat/400/3sat_81.cnf,0.0043892860412597,0.06994,0.3269679546356201,0.3313572406768799,60.37479724067688,3sat_81.cnf,online_consistent_boundary400,Online-Consistent Selector,0,False,True,runs/analysis/full400_repeated_runtime/raw/online_consistent_boundary400/repeat0.csv
181,2.0,723843.0,829611.0,42069078.0,25.097,SATISFIABLE,181,0,data/test/3sat/400/3sat_82.cnf,0.0043892860412597,0.077489,0.3269679546356201,0.3313572406768799,25.50584624067688,3sat_82.cnf,online_consistent_boundary400,Online-Consistent Selector,0,True,False,runs/analysis/full400_repeated_runtime/raw/online_consistent_boundary400/repeat0.csv
182,2.0,1482264.0,1689990.0,82899084.0,59.9824,INDETERMINATE,182,0,data/test/3sat/400/3sat_83.cnf,0.0043892860412597,0.086686,0.3269679546356201,0.3313572406768799,60.40044324067688,3sat_83.cnf,online_consistent_boundary400,Online-Consistent Selector,0,False,True,runs/analysis/full400_repeated_runtime/raw/online_consistent_boundary400/repeat0.csv
183,2.0,1344364.0,1538448.0,76897408.0,59.9878,INDETERMINATE,183,0,data/test/3sat/400/3sat_84.cnf,0.0043892860412597,0.066053,0.3269679546356201,0.3313572406768799,60.38521024067688,3sat_84.cnf,online_consistent_boundary400,Online-Consistent Selector,0,False,True,runs/analysis/full400_repeated_runtime/raw/online_consistent_boundary400/repeat0.csv
184,1.0,27518.0,32278.0,1663386.0,0.788973,SATISFIABLE,184,0,data/test/3sat/400/3sat_85.cnf,0.0043892860412597,0.081053,0.3269679546356201,0.3313572406768799,1.20138324067688,3sat_85.cnf,online_consistent_boundary400,Online-Consistent Selector,0,True,False,runs/analysis/full400_repeated_runtime/raw/online_consistent_boundary400/repeat0.csv
185,1.0,91912.0,107188.0,5690281.0,3.69731,SATISFIABLE,185,0,data/test/3sat/400/3sat_86.cnf,0.0043892860412597,0.086201,0.3269679546356201,0.3313572406768799,4.11486824067688,3sat_86.cnf,online_consistent_boundary400,Online-Consistent Selector,0,True,False,runs/analysis/full400_repeated_runtime/raw/online_consistent_boundary400/repeat0.csv
186,2.0,1393188.0,1591476.0,79397209.0,59.9619,INDETERMINATE,186,0,data/test/3sat/400/3sat_87.cnf,0.0043892860412597,0.0776969999999999,0.3269679546356201,0.3313572406768799,60.37095424067688,3sat_87.cnf,online_consistent_boundary400,Online-Consistent Selector,0,False,True,runs/analysis/full400_repeated_runtime/raw/online_consistent_boundary400/repeat0.csv
187,1.0,10969.0,13071.0,671709.0,0.22528,SATISFIABLE,187,0,data/test/3sat/400/3sat_88.cnf,0.0043892860412597,0.073929,0.3269679546356201,0.3313572406768799,0.6305662406768799,3sat_88.cnf,online_consistent_boundary400,Online-Consistent Selector,0,True,False,runs/analysis/full400_repeated_runtime/raw/online_consistent_boundary400/repeat0.csv
188,1.0,8641.0,10334.0,538222.0,0.171072,SATISFIABLE,188,0,data/test/3sat/400/3sat_89.cnf,0.0043892860412597,0.0829429999999999,0.3269679546356201,0.3313572406768799,0.5853722406768799,3sat_89.cnf,online_consistent_boundary400,Online-Consistent Selector,0,True,False,runs/analysis/full400_repeated_runtime/raw/online_consistent_boundary400/repeat0.csv
189,2.0,1524584.0,1736323.0,87688501.0,59.9854,INDETERMINATE,189,0,data/test/3sat/400/3sat_9.cnf,0.0043892860412597,0.068738,0.3269679546356201,0.3313572406768799,60.38549524067688,3sat_9.cnf,online_consistent_boundary400,Online-Consistent Selector,0,False,True,runs/analysis/full400_repeated_runtime/raw/online_consistent_boundary400/repeat0.csv
190,2.0,1472551.0,1690117.0,86230455.0,59.9842,INDETERMINATE,190,0,data/test/3sat/400/3sat_90.cnf,0.0039846897125244,0.0915179999999999,0.3249220848083496,0.328906774520874,60.40462477452088,3sat_90.cnf,online_consistent_boundary400,Online-Consistent Selector,0,False,True,runs/analysis/full400_repeated_runtime/raw/online_consistent_boundary400/repeat0.csv
191,1.0,41.0,125.0,3065.0,0.005033,SATISFIABLE,191,0,data/test/3sat/400/3sat_91.cnf,0.0039846897125244,0.066407,0.3249220848083496,0.328906774520874,0.400346774520874,3sat_91.cnf,online_consistent_boundary400,Online-Consistent Selector,0,True,False,runs/analysis/full400_repeated_runtime/raw/online_consistent_boundary400/repeat0.csv
192,1.0,84619.0,96791.0,5278901.0,3.63217,SATISFIABLE,192,0,data/test/3sat/400/3sat_92.cnf,0.0039846897125244,0.077363,0.3249220848083496,0.328906774520874,4.038439774520874,3sat_92.cnf,online_consistent_boundary400,Online-Consistent Selector,0,True,False,runs/analysis/full400_repeated_runtime/raw/online_consistent_boundary400/repeat0.csv
193,2.0,621792.0,720709.0,37565651.0,23.2424,SATISFIABLE,193,0,data/test/3sat/400/3sat_93.cnf,0.0039846897125244,0.071051,0.3249220848083496,0.328906774520874,23.642357774520875,3sat_93.cnf,online_consistent_boundary400,Online-Consistent Selector,0,True,False,runs/analysis/full400_repeated_runtime/raw/online_consistent_boundary400/repeat0.csv
194,1.0,53988.0,62131.0,3367378.0,1.72304,SATISFIABLE,194,0,data/test/3sat/400/3sat_94.cnf,0.0039846897125244,0.079994,0.3249220848083496,0.328906774520874,2.131940774520874,3sat_94.cnf,online_consistent_boundary400,Online-Consistent Selector,0,True,False,runs/analysis/full400_repeated_runtime/raw/online_consistent_boundary400/repeat0.csv
195,2.0,1446525.0,1647149.0,80991458.0,59.9608,INDETERMINATE,195,0,data/test/3sat/400/3sat_95.cnf,0.0039846897125244,0.073113,0.3249220848083496,0.328906774520874,60.36281977452087,3sat_95.cnf,online_consistent_boundary400,Online-Consistent Selector,0,False,True,runs/analysis/full400_repeated_runtime/raw/online_consistent_boundary400/repeat0.csv
196,1.0,3109.0,3849.0,199282.0,0.05568,SATISFIABLE,196,0,data/test/3sat/400/3sat_96.cnf,0.0039846897125244,0.0658779999999999,0.3249220848083496,0.328906774520874,0.450464774520874,3sat_96.cnf,online_consistent_boundary400,Online-Consistent Selector,0,True,False,runs/analysis/full400_repeated_runtime/raw/online_consistent_boundary400/repeat0.csv
197,2.0,425291.0,491074.0,25526527.0,14.2707,SATISFIABLE,197,0,data/test/3sat/400/3sat_97.cnf,0.0039846897125244,0.075166,0.3249220848083496,0.328906774520874,14.674772774520871,3sat_97.cnf,online_consistent_boundary400,Online-Consistent Selector,0,True,False,runs/analysis/full400_repeated_runtime/raw/online_consistent_boundary400/repeat0.csv
198,2.0,1527988.0,1731295.0,86065412.0,59.9994,INDETERMINATE,198,0,data/test/3sat/400/3sat_98.cnf,0.0039846897125244,0.071805,0.3249220848083496,0.328906774520874,60.40011177452087,3sat_98.cnf,online_consistent_boundary400,Online-Consistent Selector,0,False,True,runs/analysis/full400_repeated_runtime/raw/online_consistent_boundary400/repeat0.csv
199,2.0,1487812.0,1698141.0,82109887.0,59.9855,INDETERMINATE,199,0,data/test/3sat/400/3sat_99.cnf,0.0039846897125244,0.074297,0.3249220848083496,0.328906774520874,60.38870377452088,3sat_99.cnf,online_consistent_boundary400,Online-Consistent Selector,0,False,True,runs/analysis/full400_repeated_runtime/raw/online_consistent_boundary400/repeat0.csv
0,2.0,1462966.0,1669555.0,81541472.0,59.9639,INDETERMINATE,0,0,data/test/3sat/400/3sat_0.cnf,0.0060601234436035,0.075735,0.3327081203460693,0.3387682437896728,60.37840324378968,3sat_0.cnf,old_compact,Old Compact,0,False,True,runs/analysis/full400_repeated_runtime/raw/old_compact/repeat0.csv
1,1.0,73715.0,85712.0,4316774.0,2.83696,SATISFIABLE,1,0,data/test/3sat/400/3sat_1.cnf,0.0060601234436035,0.077677,0.3327081203460693,0.3387682437896728,3.2534052437896728,3sat_1.cnf,old_compact,Old Compact,0,True,False,runs/analysis/full400_repeated_runtime/raw/old_compact/repeat0.csv
2,2.0,1540169.0,1758376.0,86875804.0,59.9655,INDETERMINATE,2,0,data/test/3sat/400/3sat_10.cnf,0.0060601234436035,0.0865509999999999,0.3327081203460693,0.3387682437896728,60.39081924378967,3sat_10.cnf,old_compact,Old Compact,0,False,True,runs/analysis/full400_repeated_runtime/raw/old_compact/repeat0.csv
3,1.0,3392.0,4166.0,213902.0,0.069783,SATISFIABLE,3,0,data/test/3sat/400/3sat_100.cnf,0.0060601234436035,0.084811,0.3327081203460693,0.3387682437896728,0.4933622437896728,3sat_100.cnf,old_compact,Old Compact,0,True,False,runs/analysis/full400_repeated_runtime/raw/old_compact/repeat0.csv
4,2.0,1447998.0,1654775.0,81339486.0,59.9767,INDETERMINATE,4,0,data/test/3sat/400/3sat_101.cnf,0.0060601234436035,0.0721719999999999,0.3327081203460693,0.3387682437896728,60.38764024378968,3sat_101.cnf,old_compact,Old Compact,0,False,True,runs/analysis/full400_repeated_runtime/raw/old_compact/repeat0.csv
5,2.0,1488882.0,1722409.0,85138977.0,59.9671,INDETERMINATE,5,0,data/test/3sat/400/3sat_102.cnf,0.0060601234436035,0.077682,0.3327081203460693,0.3387682437896728,60.38355024378968,3sat_102.cnf,old_compact,Old Compact,0,False,True,runs/analysis/full400_repeated_runtime/raw/old_compact/repeat0.csv
6,2.0,1451765.0,1675268.0,83684367.0,59.9748,INDETERMINATE,6,0,data/test/3sat/400/3sat_103.cnf,0.0060601234436035,0.081822,0.3327081203460693,0.3387682437896728,60.39539024378968,3sat_103.cnf,old_compact,Old Compact,0,False,True,runs/analysis/full400_repeated_runtime/raw/old_compact/repeat0.csv
7,2.0,1447444.0,1653568.0,80488933.0,59.9808,INDETERMINATE,7,0,data/test/3sat/400/3sat_104.cnf,0.0060601234436035,0.072753,0.3327081203460693,0.3387682437896728,60.39232124378968,3sat_104.cnf,old_compact,Old Compact,0,False,True,runs/analysis/full400_repeated_runtime/raw/old_compact/repeat0.csv
8,2.0,1537460.0,1749145.0,87965801.0,59.9787,INDETERMINATE,8,0,data/test/3sat/400/3sat_105.cnf,0.0060601234436035,0.068545,0.3327081203460693,0.3387682437896728,60.38601324378968,3sat_105.cnf,old_compact,Old Compact,0,False,True,runs/analysis/full400_repeated_runtime/raw/old_compact/repeat0.csv
9,2.0,1489451.0,1695138.0,84111171.0,59.9606,INDETERMINATE,9,0,data/test/3sat/400/3sat_106.cnf,0.0060601234436035,0.070171,0.3327081203460693,0.3387682437896728,60.36953924378968,3sat_106.cnf,old_compact,Old Compact,0,False,True,runs/analysis/full400_repeated_runtime/raw/old_compact/repeat0.csv
10,2.0,1374052.0,1578649.0,78392570.0,59.9742,INDETERMINATE,10,0,data/test/3sat/400/3sat_107.cnf,0.0035014152526855,0.077481,0.350616455078125,0.3541178703308105,60.40579887033081,3sat_107.cnf,old_compact,Old Compact,0,False,True,runs/analysis/full400_repeated_runtime/raw/old_compact/repeat0.csv
11,2.0,1466936.0,1689672.0,82159300.0,59.9629,INDETERMINATE,11,0,data/test/3sat/400/3sat_108.cnf,0.0035014152526855,0.071847,0.350616455078125,0.3541178703308105,60.388864870330806,3sat_108.cnf,old_compact,Old Compact,0,False,True,runs/analysis/full400_repeated_runtime/raw/old_compact/repeat0.csv
12,2.0,1524601.0,1746890.0,85413126.0,59.9724,INDETERMINATE,12,0,data/test/3sat/400/3sat_109.cnf,0.0035014152526855,0.072409,0.350616455078125,0.3541178703308105,60.39892687033081,3sat_109.cnf,old_compact,Old Compact,0,False,True,runs/analysis/full400_repeated_runtime/raw/old_compact/repeat0.csv
13,1.0,40661.0,47692.0,2496556.0,1.42823,SATISFIABLE,13,0,data/test/3sat/400/3sat_11.cnf,0.0035014152526855,0.083903,0.350616455078125,0.3541178703308105,1.8662508703308107,3sat_11.cnf,old_compact,Old Compact,0,True,False,runs/analysis/full400_repeated_runtime/raw/old_compact/repeat0.csv
14,2.0,1502209.0,1723730.0,86847598.0,59.9849,INDETERMINATE,14,0,data/test/3sat/400/3sat_110.cnf,0.0035014152526855,0.085705,0.350616455078125,0.3541178703308105,60.42472287033081,3sat_110.cnf,old_compact,Old Compact,0,False,True,runs/analysis/full400_repeated_runtime/raw/old_compact/repeat0.csv
15,2.0,1471230.0,1687627.0,85864392.0,59.9724,INDETERMINATE,15,0,data/test/3sat/400/3sat_111.cnf,0.0035014152526855,0.074481,0.350616455078125,0.3541178703308105,60.40099887033081,3sat_111.cnf,old_compact,Old Compact,0,False,True,runs/analysis/full400_repeated_runtime/raw/old_compact/repeat0.csv
16,2.0,1487007.0,1690383.0,86003122.0,59.9665,INDETERMINATE,16,0,data/test/3sat/400/3sat_112.cnf,0.0035014152526855,0.072097,0.350616455078125,0.3541178703308105,60.39271487033081,3sat_112.cnf,old_compact,Old Compact,0,False,True,runs/analysis/full400_repeated_runtime/raw/old_compact/repeat0.csv
17,2.0,1404812.0,1594021.0,80554135.0,59.9541,INDETERMINATE,17,0,data/test/3sat/400/3sat_113.cnf,0.0035014152526855,0.083233,0.350616455078125,0.3541178703308105,60.39145087033081,3sat_113.cnf,old_compact,Old Compact,0,False,True,runs/analysis/full400_repeated_runtime/raw/old_compact/repeat0.csv
18,2.0,1449278.0,1664309.0,81997782.0,59.9525,INDETERMINATE,18,0,data/test/3sat/400/3sat_114.cnf,0.0035014152526855,0.07693,0.350616455078125,0.3541178703308105,60.38354787033081,3sat_114.cnf,old_compact,Old Compact,0,False,True,runs/analysis/full400_repeated_runtime/raw/old_compact/repeat0.csv
19,2.0,1359249.0,1542635.0,75377043.0,59.9463,INDETERMINATE,19,0,data/test/3sat/400/3sat_115.cnf,0.0035014152526855,0.078349,0.350616455078125,0.3541178703308105,60.378766870330814,3sat_115.cnf,old_compact,Old Compact,0,False,True,runs/analysis/full400_repeated_runtime/raw/old_compact/repeat0.csv
20,2.0,1473717.0,1677595.0,82290260.0,59.9902,INDETERMINATE,20,0,data/test/3sat/400/3sat_116.cnf,0.0044550895690917,0.066283,0.3441147804260254,0.3485698699951172,60.40505286999512,3sat_116.cnf,old_compact,Old Compact,0,False,True,runs/analysis/full400_repeated_runtime/raw/old_compact/repeat0.csv
21,2.0,1518837.0,1737805.0,84713395.0,59.9601,INDETERMINATE,21,0,data/test/3sat/400/3sat_117.cnf,0.0044550895690917,0.067734,0.3441147804260254,0.3485698699951172,60.37640386999512,3sat_117.cnf,old_compact,Old Compact,0,False,True,runs/analysis/full400_repeated_runtime/raw/old_compact/repeat0.csv
22,2.0,1449782.0,1657407.0,81599742.0,59.9523,INDETERMINATE,22,0,data/test/3sat/400/3sat_118.cnf,0.0044550895690917,0.0758659999999999,0.3441147804260254,0.3485698699951172,60.37673586999512,3sat_118.cnf,old_compact,Old Compact,0,False,True,runs/analysis/full400_repeated_runtime/raw/old_compact/repeat0.csv
23,2.0,1524421.0,1743061.0,84306519.0,59.9659,INDETERMINATE,23,0,data/test/3sat/400/3sat_119.cnf,0.0044550895690917,0.070661,0.3441147804260254,0.3485698699951172,60.38513086999512,3sat_119.cnf,old_compact,Old Compact,0,False,True,runs/analysis/full400_repeated_runtime/raw/old_compact/repeat0.csv
24,2.0,1430072.0,1635521.0,80330153.0,59.9865,INDETERMINATE,24,0,data/test/3sat/400/3sat_12.cnf,0.0044550895690917,0.07208,0.3441147804260254,0.3485698699951172,60.40714986999512,3sat_12.cnf,old_compact,Old Compact,0,False,True,runs/analysis/full400_repeated_runtime/raw/old_compact/repeat0.csv
25,1.0,23077.0,27394.0,1439359.0,0.6523,SATISFIABLE,25,0,data/test/3sat/400/3sat_120.cnf,0.0044550895690917,0.081491,0.3441147804260254,0.3485698699951172,1.0823608699951173,3sat_120.cnf,old_compact,Old Compact,0,True,False,runs/analysis/full400_repeated_runtime/raw/old_compact/repeat0.csv
26,1.0,47329.0,54623.0,2823769.0,1.35728,SATISFIABLE,26,0,data/test/3sat/400/3sat_121.cnf,0.0044550895690917,0.074777,0.3441147804260254,0.3485698699951172,1.780626869995117,3sat_121.cnf,old_compact,Old Compact,0,True,False,runs/analysis/full400_repeated_runtime/raw/old_compact/repeat0.csv
27,2.0,1480655.0,1693794.0,84653455.0,59.955,INDETERMINATE,27,0,data/test/3sat/400/3sat_122.cnf,0.0044550895690917,0.071278,0.3441147804260254,0.3485698699951172,60.37484786999512,3sat_122.cnf,old_compact,Old Compact,0,False,True,runs/analysis/full400_repeated_runtime/raw/old_compact/repeat0.csv
28,2.0,1473301.0,1675898.0,83951794.0,59.9773,INDETERMINATE,28,0,data/test/3sat/400/3sat_123.cnf,0.0044550895690917,0.077682,0.3441147804260254,0.3485698699951172,60.40355186999512,3sat_123.cnf,old_compact,Old Compact,0,False,True,runs/analysis/full400_repeated_runtime/raw/old_compact/repeat0.csv
29,1.0,654.0,900.0,43163.0,0.01588,SATISFIABLE,29,0,data/test/3sat/400/3sat_124.cnf,0.0044550895690917,0.043312,0.3441147804260254,0.3485698699951172,0.4077618699951172,3sat_124.cnf,old_compact,Old Compact,0,True,False,runs/analysis/full400_repeated_runtime/raw/old_compact/repeat0.csv
30,1.0,87018.0,101016.0,5296049.0,3.03502,SATISFIABLE,30,0,data/test/3sat/400/3sat_125.cnf,0.0051689147949218,0.068222,0.3338592052459717,0.3390281200408935,3.4422701200408934,3sat_125.cnf,old_compact,Old Compact,0,True,False,runs/analysis/full400_repeated_runtime/raw/old_compact/repeat0.csv
31,2.0,1501586.0,1716947.0,86063161.0,59.9636,INDETERMINATE,31,0,data/test/3sat/400/3sat_126.cnf,0.0051689147949218,0.072766,0.3338592052459717,0.3390281200408935,60.375394120040895,3sat_126.cnf,old_compact,Old Compact,0,False,True,runs/analysis/full400_repeated_runtime/raw/old_compact/repeat0.csv
32,2.0,1415239.0,1638351.0,82919701.0,59.9804,INDETERMINATE,32,0,data/test/3sat/400/3sat_127.cnf,0.0051689147949218,0.074101,0.3338592052459717,0.3390281200408935,60.393529120040895,3sat_127.cnf,old_compact,Old Compact,0,False,True,runs/analysis/full400_repeated_runtime/raw/old_compact/repeat0.csv
33,2.0,238642.0,275833.0,14368684.0,8.16022,SATISFIABLE,33,0,data/test/3sat/400/3sat_128.cnf,0.0051689147949218,0.083493,0.3338592052459717,0.3390281200408935,8.582741120040895,3sat_128.cnf,old_compact,Old Compact,0,True,False,runs/analysis/full400_repeated_runtime/raw/old_compact/repeat0.csv
34,1.0,28034.0,33114.0,1750425.0,0.769673,SATISFIABLE,34,0,data/test/3sat/400/3sat_129.cnf,0.0051689147949218,0.079642,0.3338592052459717,0.3390281200408935,1.1883431200408936,3sat_129.cnf,old_compact,Old Compact,0,True,False,runs/analysis/full400_repeated_runtime/raw/old_compact/repeat0.csv
35,2.0,1483900.0,1706279.0,85219654.0,59.9819,INDETERMINATE,35,0,data/test/3sat/400/3sat_13.cnf,0.0051689147949218,0.066218,0.3338592052459717,0.3390281200408935,60.387146120040896,3sat_13.cnf,old_compact,Old Compact,0,False,True,runs/analysis/full400_repeated_runtime/raw/old_compact/repeat0.csv
36,2.0,121568.0,139021.0,7304329.0,4.31651,SATISFIABLE,36,0,data/test/3sat/400/3sat_130.cnf,0.0051689147949218,0.061201,0.3338592052459717,0.3390281200408935,4.716739120040893,3sat_130.cnf,old_compact,Old Compact,0,True,False,runs/analysis/full400_repeated_runtime/raw/old_compact/repeat0.csv
37,1.0,82086.0,96037.0,5035591.0,3.27279,SATISFIABLE,37,0,data/test/3sat/400/3sat_131.cnf,0.0051689147949218,0.077664,0.3338592052459717,0.3390281200408935,3.6894821200408936,3sat_131.cnf,old_compact,Old Compact,0,True,False,runs/analysis/full400_repeated_runtime/raw/old_compact/repeat0.csv
38,1.0,2692.0,3354.0,172420.0,0.052616,SATISFIABLE,38,0,data/test/3sat/400/3sat_132.cnf,0.0051689147949218,0.0822219999999999,0.3338592052459717,0.3390281200408935,0.4738661200408935,3sat_132.cnf,old_compact,Old Compact,0,True,False,runs/analysis/full400_repeated_runtime/raw/old_compact/repeat0.csv
39,2.0,1433465.0,1657325.0,83457060.0,59.9941,INDETERMINATE,39,0,data/test/3sat/400/3sat_133.cnf,0.0051689147949218,0.0779769999999999,0.3338592052459717,0.3390281200408935,60.411105120040894,3sat_133.cnf,old_compact,Old Compact,0,False,True,runs/analysis/full400_repeated_runtime/raw/old_compact/repeat0.csv
40,2.0,1433311.0,1640506.0,80151792.0,59.969,INDETERMINATE,40,0,data/test/3sat/400/3sat_134.cnf,0.004429817199707,0.080536,0.3353891372680664,0.3398189544677734,60.38935495446778,3sat_134.cnf,old_compact,Old Compact,0,False,True,runs/analysis/full400_repeated_runtime/raw/old_compact/repeat0.csv
41,2.0,1537264.0,1749841.0,85845596.0,59.9728,INDETERMINATE,41,0,data/test/3sat/400/3sat_135.cnf,0.004429817199707,0.0673199999999999,0.3353891372680664,0.3398189544677734,60.379938954467775,3sat_135.cnf,old_compact,Old Compact,0,False,True,runs/analysis/full400_repeated_runtime/raw/old_compact/repeat0.csv
42,2.0,1426462.0,1635833.0,83783504.0,59.9863,INDETERMINATE,42,0,data/test/3sat/400/3sat_136.cnf,0.004429817199707,0.078239,0.3353891372680664,0.3398189544677734,60.40435795446778,3sat_136.cnf,old_compact,Old Compact,0,False,True,runs/analysis/full400_repeated_runtime/raw/old_compact/repeat0.csv
43,2.0,1490001.0,1689007.0,80419004.0,59.9756,INDETERMINATE,43,0,data/test/3sat/400/3sat_137.cnf,0.004429817199707,0.068166,0.3353891372680664,0.3398189544677734,60.38358495446777,3sat_137.cnf,old_compact,Old Compact,0,False,True,runs/analysis/full400_repeated_runtime/raw/old_compact/repeat0.csv
44,2.0,1547946.0,1761075.0,89443022.0,59.9827,INDETERMINATE,44,0,data/test/3sat/400/3sat_138.cnf,0.004429817199707,0.0842219999999999,0.3353891372680664,0.3398189544677734,60.40674095446777,3sat_138.cnf,old_compact,Old Compact,0,False,True,runs/analysis/full400_repeated_runtime/raw/old_compact/repeat0.csv
45,2.0,1545848.0,1776220.0,88254772.0,59.9821,INDETERMINATE,45,0,data/test/3sat/400/3sat_139.cnf,0.004429817199707,0.074748,0.3353891372680664,0.3398189544677734,60.396666954467776,3sat_139.cnf,old_compact,Old Compact,0,False,True,runs/analysis/full400_repeated_runtime/raw/old_compact/repeat0.csv
46,2.0,133587.0,154405.0,8365184.0,5.08597,SATISFIABLE,46,0,data/test/3sat/400/3sat_14.cnf,0.004429817199707,0.071958,0.3353891372680664,0.3398189544677734,5.4977469544677735,3sat_14.cnf,old_compact,Old Compact,0,True,False,runs/analysis/full400_repeated_runtime/raw/old_compact/repeat0.csv
47,2.0,1244295.0,1419655.0,73705026.0,48.6897,SATISFIABLE,47,0,data/test/3sat/400/3sat_140.cnf,0.004429817199707,0.061671,0.3353891372680664,0.3398189544677734,49.09118995446777,3sat_140.cnf,old_compact,Old Compact,0,True,False,runs/analysis/full400_repeated_runtime/raw/old_compact/repeat0.csv
48,1.0,71109.0,82102.0,4299119.0,2.88752,SATISFIABLE,48,0,data/test/3sat/400/3sat_141.cnf,0.004429817199707,0.0874939999999999,0.3353891372680664,0.3398189544677734,3.3148329544677733,3sat_141.cnf,old_compact,Old Compact,0,True,False,runs/analysis/full400_repeated_runtime/raw/old_compact/repeat0.csv
49,1.0,61037.0,70865.0,3765471.0,2.09812,SATISFIABLE,49,0,data/test/3sat/400/3sat_142.cnf,0.004429817199707,0.076466,0.3353891372680664,0.3398189544677734,2.5144049544677736,3sat_142.cnf,old_compact,Old Compact,0,True,False,runs/analysis/full400_repeated_runtime/raw/old_compact/repeat0.csv
50,2.0,1464213.0,1681006.0,84194272.0,59.9918,INDETERMINATE,50,0,data/test/3sat/400/3sat_143.cnf,0.0045111179351806,0.070742,0.3017544746398926,0.3062655925750732,60.368807592575074,3sat_143.cnf,old_compact,Old Compact,0,False,True,runs/analysis/full400_repeated_runtime/raw/old_compact/repeat0.csv
51,2.0,1396912.0,1598533.0,77486810.0,59.9795,INDETERMINATE,51,0,data/test/3sat/400/3sat_144.cnf,0.0045111179351806,0.073857,0.3017544746398926,0.3062655925750732,60.35962259257507,3sat_144.cnf,old_compact,Old Compact,0,False,True,runs/analysis/full400_repeated_runtime/raw/old_compact/repeat0.csv
52,2.0,1437736.0,1659623.0,81635724.0,59.9935,INDETERMINATE,52,0,data/test/3sat/400/3sat_145.cnf,0.0045111179351806,0.074504,0.3017544746398926,0.3062655925750732,60.37426959257507,3sat_145.cnf,old_compact,Old Compact,0,False,True,runs/analysis/full400_repeated_runtime/raw/old_compact/repeat0.csv
53,2.0,1473605.0,1686795.0,82670427.0,59.9899,INDETERMINATE,53,0,data/test/3sat/400/3sat_146.cnf,0.0045111179351806,0.0690419999999999,0.3017544746398926,0.3062655925750732,60.36520759257508,3sat_146.cnf,old_compact,Old Compact,0,False,True,runs/analysis/full400_repeated_runtime/raw/old_compact/repeat0.csv
54,2.0,392510.0,450448.0,23393708.0,13.3019,SATISFIABLE,54,0,data/test/3sat/400/3sat_147.cnf,0.0045111179351806,0.077236,0.3017544746398926,0.3062655925750732,13.685401592575072,3sat_147.cnf,old_compact,Old Compact,0,True,False,runs/analysis/full400_repeated_runtime/raw/old_compact/repeat0.csv
55,2.0,1492966.0,1715603.0,87245662.0,59.9725,INDETERMINATE,55,0,data/test/3sat/400/3sat_148.cnf,0.0045111179351806,0.077168,0.3017544746398926,0.3062655925750732,60.35593359257507,3sat_148.cnf,old_compact,Old Compact,0,False,True,runs/analysis/full400_repeated_runtime/raw/old_compact/repeat0.csv
56,1.0,97366.0,112279.0,5819460.0,3.81053,SATISFIABLE,56,0,data/test/3sat/400/3sat_149.cnf,0.0045111179351806,0.081119,0.3017544746398926,0.3062655925750732,4.197914592575073,3sat_149.cnf,old_compact,Old Compact,0,True,False,runs/analysis/full400_repeated_runtime/raw/old_compact/repeat0.csv
57,2.0,1467951.0,1668253.0,83499579.0,59.9696,INDETERMINATE,57,0,data/test/3sat/400/3sat_15.cnf,0.0045111179351806,0.070134,0.3017544746398926,0.3062655925750732,60.34599959257508,3sat_15.cnf,old_compact,Old Compact,0,False,True,runs/analysis/full400_repeated_runtime/raw/old_compact/repeat0.csv
58,1.0,16970.0,19929.0,1057698.0,0.393788,SATISFIABLE,58,0,data/test/3sat/400/3sat_150.cnf,0.0045111179351806,0.077115,0.3017544746398926,0.3062655925750732,0.7771685925750733,3sat_150.cnf,old_compact,Old Compact,0,True,False,runs/analysis/full400_repeated_runtime/raw/old_compact/repeat0.csv
59,2.0,1476210.0,1670349.0,85808859.0,59.9727,INDETERMINATE,59,0,data/test/3sat/400/3sat_151.cnf,0.0045111179351806,0.081134,0.3017544746398926,0.3062655925750732,60.36009959257508,3sat_151.cnf,old_compact,Old Compact,0,False,True,runs/analysis/full400_repeated_runtime/raw/old_compact/repeat0.csv
60,2.0,1521384.0,1751587.0,85251741.0,59.9857,INDETERMINATE,60,0,data/test/3sat/400/3sat_152.cnf,0.0046133995056152,0.078466,0.3007960319519043,0.3054094314575195,60.36957543145752,3sat_152.cnf,old_compact,Old Compact,0,False,True,runs/analysis/full400_repeated_runtime/raw/old_compact/repeat0.csv
61,2.0,1473706.0,1675373.0,82413757.0,59.9733,INDETERMINATE,61,0,data/test/3sat/400/3sat_153.cnf,0.0046133995056152,0.087753,0.3007960319519043,0.3054094314575195,60.36646243145752,3sat_153.cnf,old_compact,Old Compact,0,False,True,runs/analysis/full400_repeated_runtime/raw/old_compact/repeat0.csv
62,1.0,42118.0,49122.0,2596236.0,1.44192,SATISFIABLE,62,0,data/test/3sat/400/3sat_154.cnf,0.0046133995056152,0.08657,0.3007960319519043,0.3054094314575195,1.83389943145752,3sat_154.cnf,old_compact,Old Compact,0,True,False,runs/analysis/full400_repeated_runtime/raw/old_compact/repeat0.csv
63,2.0,1499776.0,1708629.0,83755512.0,59.9918,INDETERMINATE,63,0,data/test/3sat/400/3sat_155.cnf,0.0046133995056152,0.084089,0.3007960319519043,0.3054094314575195,60.38129843145752,3sat_155.cnf,old_compact,Old Compact,0,False,True,runs/analysis/full400_repeated_runtime/raw/old_compact/repeat0.csv
64,2.0,1440110.0,1642939.0,81712739.0,59.9731,INDETERMINATE,64,0,data/test/3sat/400/3sat_156.cnf,0.0046133995056152,0.062414,0.3007960319519043,0.3054094314575195,60.34092343145752,3sat_156.cnf,old_compact,Old Compact,0,False,True,runs/analysis/full400_repeated_runtime/raw/old_compact/repeat0.csv
65,2.0,873297.0,1013956.0,52333641.0,33.4655,SATISFIABLE,65,0,data/test/3sat/400/3sat_157.cnf,0.0046133995056152,0.078622,0.3007960319519043,0.3054094314575195,33.84953143145752,3sat_157.cnf,old_compact,Old Compact,0,True,False,runs/analysis/full400_repeated_runtime/raw/old_compact/repeat0.csv
66,2.0,1457816.0,1651451.0,81164955.0,59.9887,INDETERMINATE,66,0,data/test/3sat/400/3sat_158.cnf,0.0046133995056152,0.08961,0.3007960319519043,0.3054094314575195,60.38371943145752,3sat_158.cnf,old_compact,Old Compact,0,False,True,runs/analysis/full400_repeated_runtime/raw/old_compact/repeat0.csv
67,2.0,1509463.0,1733307.0,86846387.0,59.9777,INDETERMINATE,67,0,data/test/3sat/400/3sat_159.cnf,0.0046133995056152,0.076968,0.3007960319519043,0.3054094314575195,60.36007743145752,3sat_159.cnf,old_compact,Old Compact,0,False,True,runs/analysis/full400_repeated_runtime/raw/old_compact/repeat0.csv
68,2.0,1552886.0,1763706.0,89102940.0,59.9788,INDETERMINATE,68,0,data/test/3sat/400/3sat_16.cnf,0.0046133995056152,0.076192,0.3007960319519043,0.3054094314575195,60.36040143145752,3sat_16.cnf,old_compact,Old Compact,0,False,True,runs/analysis/full400_repeated_runtime/raw/old_compact/repeat0.csv
69,2.0,1503686.0,1721522.0,83891065.0,59.9677,INDETERMINATE,69,0,data/test/3sat/400/3sat_160.cnf,0.0046133995056152,0.076846,0.3007960319519043,0.3054094314575195,60.34995543145752,3sat_160.cnf,old_compact,Old Compact,0,False,True,runs/analysis/full400_repeated_runtime/raw/old_compact/repeat0.csv
70,2.0,1563890.0,1780475.0,90434450.0,59.9902,INDETERMINATE,70,0,data/test/3sat/400/3sat_161.cnf,0.0045585632324218,0.069091,0.3380212783813476,0.3425798416137695,60.40187084161377,3sat_161.cnf,old_compact,Old Compact,0,False,True,runs/analysis/full400_repeated_runtime/raw/old_compact/repeat0.csv
71,2.0,1387112.0,1568525.0,78158164.0,59.9605,INDETERMINATE,71,0,data/test/3sat/400/3sat_162.cnf,0.0045585632324218,0.0771659999999999,0.3380212783813476,0.3425798416137695,60.38024584161377,3sat_162.cnf,old_compact,Old Compact,0,False,True,runs/analysis/full400_repeated_runtime/raw/old_compact/repeat0.csv
72,2.0,915021.0,1050086.0,53803425.0,34.2281,SATISFIABLE,72,0,data/test/3sat/400/3sat_163.cnf,0.0045585632324218,0.0739,0.3380212783813476,0.3425798416137695,34.64457984161377,3sat_163.cnf,old_compact,Old Compact,0,True,False,runs/analysis/full400_repeated_runtime/raw/old_compact/repeat0.csv
73,2.0,1434744.0,1647193.0,82540882.0,59.9858,INDETERMINATE,73,0,data/test/3sat/400/3sat_164.cnf,0.0045585632324218,0.075496,0.3380212783813476,0.3425798416137695,60.40387584161377,3sat_164.cnf,old_compact,Old Compact,0,False,True,runs/analysis/full400_repeated_runtime/raw/old_compact/repeat0.csv
74,1.0,7043.0,8408.0,453223.0,0.151035,SATISFIABLE,74,0,data/test/3sat/400/3sat_165.cnf,0.0045585632324218,0.0663769999999999,0.3380212783813476,0.3425798416137695,0.5599918416137695,3sat_165.cnf,old_compact,Old Compact,0,True,False,runs/analysis/full400_repeated_runtime/raw/old_compact/repeat0.csv
75,2.0,1526313.0,1745072.0,86190767.0,59.9798,INDETERMINATE,75,0,data/test/3sat/400/3sat_166.cnf,0.0045585632324218,0.078745,0.3380212783813476,0.3425798416137695,60.401124841613765,3sat_166.cnf,old_compact,Old Compact,0,False,True,runs/analysis/full400_repeated_runtime/raw/old_compact/repeat0.csv
76,2.0,399529.0,460797.0,23951550.0,12.5925,SATISFIABLE,76,0,data/test/3sat/400/3sat_167.cnf,0.0045585632324218,0.081589,0.3380212783813476,0.3425798416137695,13.016668841613768,3sat_167.cnf,old_compact,Old Compact,0,True,False,runs/analysis/full400_repeated_runtime/raw/old_compact/repeat0.csv
77,2.0,1426174.0,1612456.0,81618218.0,59.9921,INDETERMINATE,77,0,data/test/3sat/400/3sat_168.cnf,0.0045585632324218,0.067732,0.3380212783813476,0.3425798416137695,60.40241184161377,3sat_168.cnf,old_compact,Old Compact,0,False,True,runs/analysis/full400_repeated_runtime/raw/old_compact/repeat0.csv
78,2.0,1459518.0,1675385.0,84260677.0,59.9943,INDETERMINATE,78,0,data/test/3sat/400/3sat_169.cnf,0.0045585632324218,0.073619,0.3380212783813476,0.3425798416137695,60.41049884161377,3sat_169.cnf,old_compact,Old Compact,0,False,True,runs/analysis/full400_repeated_runtime/raw/old_compact/repeat0.csv
79,2.0,1308310.0,1497857.0,73392420.0,59.9945,INDETERMINATE,79,0,data/test/3sat/400/3sat_17.cnf,0.0045585632324218,0.082662,0.3380212783813476,0.3425798416137695,60.41974184161377,3sat_17.cnf,old_compact,Old Compact,0,False,True,runs/analysis/full400_repeated_runtime/raw/old_compact/repeat0.csv
80,2.0,1385404.0,1581025.0,77126656.0,59.9956,INDETERMINATE,80,0,data/test/3sat/400/3sat_170.cnf,0.0046393871307373,0.068227,0.3109049797058105,0.3155443668365478,60.37937136683655,3sat_170.cnf,old_compact,Old Compact,0,False,True,runs/analysis/full400_repeated_runtime/raw/old_compact/repeat0.csv
81,2.0,1366404.0,1557000.0,77718189.0,59.9667,INDETERMINATE,81,0,data/test/3sat/400/3sat_171.cnf,0.0046393871307373,0.0726,0.3109049797058105,0.3155443668365478,60.35484436683655,3sat_171.cnf,old_compact,Old Compact,0,False,True,runs/analysis/full400_repeated_runtime/raw/old_compact/repeat0.csv
82,2.0,1388835.0,1594231.0,79871128.0,59.9879,INDETERMINATE,82,0,data/test/3sat/400/3sat_172.cnf,0.0046393871307373,0.0878289999999999,0.3109049797058105,0.3155443668365478,60.39127336683655,3sat_172.cnf,old_compact,Old Compact,0,False,True,runs/analysis/full400_repeated_runtime/raw/old_compact/repeat0.csv
83,2.0,1413699.0,1620035.0,80819670.0,59.9805,INDETERMINATE,83,0,data/test/3sat/400/3sat_173.cnf,0.0046393871307373,0.070717,0.3109049797058105,0.3155443668365478,60.36676136683655,3sat_173.cnf,old_compact,Old Compact,0,False,True,runs/analysis/full400_repeated_runtime/raw/old_compact/repeat0.csv
84,2.0,1446704.0,1641871.0,81363097.0,59.9725,INDETERMINATE,84,0,data/test/3sat/400/3sat_174.cnf,0.0046393871307373,0.073985,0.3109049797058105,0.3155443668365478,60.36202936683655,3sat_174.cnf,old_compact,Old Compact,0,False,True,runs/analysis/full400_repeated_runtime/raw/old_compact/repeat0.csv
85,2.0,1585797.0,1799076.0,87642542.0,59.9893,INDETERMINATE,85,0,data/test/3sat/400/3sat_175.cnf,0.0046393871307373,0.069195,0.3109049797058105,0.3155443668365478,60.37403936683655,3sat_175.cnf,old_compact,Old Compact,0,False,True,runs/analysis/full400_repeated_runtime/raw/old_compact/repeat0.csv
86,1.0,44850.0,52377.0,2659490.0,1.50902,SATISFIABLE,86,0,data/test/3sat/400/3sat_176.cnf,0.0046393871307373,0.08574,0.3109049797058105,0.3155443668365478,1.910304366836548,3sat_176.cnf,old_compact,Old Compact,0,True,False,runs/analysis/full400_repeated_runtime/raw/old_compact/repeat0.csv
87,2.0,1475321.0,1671843.0,84807737.0,59.9739,INDETERMINATE,87,0,data/test/3sat/400/3sat_177.cnf,0.0046393871307373,0.073514,0.3109049797058105,0.3155443668365478,60.36295836683655,3sat_177.cnf,old_compact,Old Compact,0,False,True,runs/analysis/full400_repeated_runtime/raw/old_compact/repeat0.csv
88,2.0,1497079.0,1732181.0,86767462.0,59.9707,INDETERMINATE,88,0,data/test/3sat/400/3sat_178.cnf,0.0046393871307373,0.083043,0.3109049797058105,0.3155443668365478,60.36928736683655,3sat_178.cnf,old_compact,Old Compact,0,False,True,runs/analysis/full400_repeated_runtime/raw/old_compact/repeat0.csv
89,2.0,1516907.0,1726974.0,87191366.0,59.9936,INDETERMINATE,89,0,data/test/3sat/400/3sat_179.cnf,0.0046393871307373,0.076652,0.3109049797058105,0.3155443668365478,60.38579636683655,3sat_179.cnf,old_compact,Old Compact,0,False,True,runs/analysis/full400_repeated_runtime/raw/old_compact/repeat0.csv
90,2.0,1416381.0,1619062.0,81453297.0,59.9814,INDETERMINATE,90,0,data/test/3sat/400/3sat_18.cnf,0.0042989253997802,0.082054,0.3218870162963867,0.326185941696167,60.38963994169617,3sat_18.cnf,old_compact,Old Compact,0,False,True,runs/analysis/full400_repeated_runtime/raw/old_compact/repeat0.csv
91,2.0,479866.0,551097.0,28918715.0,17.1388,SATISFIABLE,91,0,data/test/3sat/400/3sat_180.cnf,0.0042989253997802,0.0791929999999999,0.3218870162963867,0.326185941696167,17.544178941696167,3sat_180.cnf,old_compact,Old Compact,0,True,False,runs/analysis/full400_repeated_runtime/raw/old_compact/repeat0.csv
92,1.0,52050.0,59791.0,3130772.0,1.89673,SATISFIABLE,92,0,data/test/3sat/400/3sat_181.cnf,0.0042989253997802,0.080752,0.3218870162963867,0.326185941696167,2.303667941696167,3sat_181.cnf,old_compact,Old Compact,0,True,False,runs/analysis/full400_repeated_runtime/raw/old_compact/repeat0.csv
93,2.0,1459020.0,1671382.0,80632557.0,59.9898,INDETERMINATE,93,0,data/test/3sat/400/3sat_182.cnf,0.0042989253997802,0.075779,0.3218870162963867,0.326185941696167,60.39176494169617,3sat_182.cnf,old_compact,Old Compact,0,False,True,runs/analysis/full400_repeated_runtime/raw/old_compact/repeat0.csv
94,2.0,1425119.0,1633313.0,80910060.0,59.9852,INDETERMINATE,94,0,data/test/3sat/400/3sat_183.cnf,0.0042989253997802,0.078682,0.3218870162963867,0.326185941696167,60.39006794169617,3sat_183.cnf,old_compact,Old Compact,0,False,True,runs/analysis/full400_repeated_runtime/raw/old_compact/repeat0.csv
95,2.0,1464355.0,1668096.0,83922236.0,59.965,INDETERMINATE,95,0,data/test/3sat/400/3sat_184.cnf,0.0042989253997802,0.0743709999999999,0.3218870162963867,0.326185941696167,60.36555694169617,3sat_184.cnf,old_compact,Old Compact,0,False,True,runs/analysis/full400_repeated_runtime/raw/old_compact/repeat0.csv
96,2.0,1545358.0,1763122.0,86038509.0,59.9745,INDETERMINATE,96,0,data/test/3sat/400/3sat_185.cnf,0.0042989253997802,0.080789,0.3218870162963867,0.326185941696167,60.38147494169617,3sat_185.cnf,old_compact,Old Compact,0,False,True,runs/analysis/full400_repeated_runtime/raw/old_compact/repeat0.csv
97,2.0,1391688.0,1589723.0,75994683.0,59.9889,INDETERMINATE,97,0,data/test/3sat/400/3sat_186.cnf,0.0042989253997802,0.068281,0.3218870162963867,0.326185941696167,60.38336694169617,3sat_186.cnf,old_compact,Old Compact,0,False,True,runs/analysis/full400_repeated_runtime/raw/old_compact/repeat0.csv
98,2.0,1372559.0,1579941.0,77421323.0,59.9812,INDETERMINATE,98,0,data/test/3sat/400/3sat_187.cnf,0.0042989253997802,0.084505,0.3218870162963867,0.326185941696167,60.39189094169617,3sat_187.cnf,old_compact,Old Compact,0,False,True,runs/analysis/full400_repeated_runtime/raw/old_compact/repeat0.csv
99,2.0,892642.0,1020150.0,51846480.0,31.4506,SATISFIABLE,99,0,data/test/3sat/400/3sat_188.cnf,0.0042989253997802,0.067965,0.3218870162963867,0.326185941696167,31.84475094169617,3sat_188.cnf,old_compact,Old Compact,0,True,False,runs/analysis/full400_repeated_runtime/raw/old_compact/repeat0.csv
100,2.0,486885.0,560599.0,28846336.0,17.14,SATISFIABLE,100,0,data/test/3sat/400/3sat_189.cnf,0.0046696662902832,0.07469,0.2903890609741211,0.2950587272644043,17.509748727264405,3sat_189.cnf,old_compact,Old Compact,0,True,False,runs/analysis/full400_repeated_runtime/raw/old_compact/repeat0.csv
101,1.0,89648.0,102340.0,5281405.0,3.68329,SATISFIABLE,101,0,data/test/3sat/400/3sat_19.cnf,0.0046696662902832,0.0766179999999999,0.2903890609741211,0.2950587272644043,4.054966727264404,3sat_19.cnf,old_compact,Old Compact,0,True,False,runs/analysis/full400_repeated_runtime/raw/old_compact/repeat0.csv
102,1.0,1353.0,1762.0,87323.0,0.02226,SATISFIABLE,102,0,data/test/3sat/400/3sat_190.cnf,0.0046696662902832,0.059527,0.2903890609741211,0.2950587272644043,0.3768457272644043,3sat_190.cnf,old_compact,Old Compact,0,True,False,runs/analysis/full400_repeated_runtime/raw/old_compact/repeat0.csv
103,2.0,1420834.0,1634074.0,79244062.0,59.9898,INDETERMINATE,103,0,data/test/3sat/400/3sat_191.cnf,0.0046696662902832,0.075214,0.2903890609741211,0.2950587272644043,60.36007272726441,3sat_191.cnf,old_compact,Old Compact,0,False,True,runs/analysis/full400_repeated_runtime/raw/old_compact/repeat0.csv
104,2.0,1425376.0,1644186.0,80461287.0,59.9719,INDETERMINATE,104,0,data/test/3sat/400/3sat_192.cnf,0.0046696662902832,0.064367,0.2903890609741211,0.2950587272644043,60.3313257272644,3sat_192.cnf,old_compact,Old Compact,0,False,True,runs/analysis/full400_repeated_runtime/raw/old_compact/repeat0.csv
105,2.0,1403876.0,1602075.0,81218236.0,59.9828,INDETERMINATE,105,0,data/test/3sat/400/3sat_193.cnf,0.0046696662902832,0.0818639999999999,0.2903890609741211,0.2950587272644043,60.359722727264405,3sat_193.cnf,old_compact,Old Compact,0,False,True,runs/analysis/full400_repeated_runtime/raw/old_compact/repeat0.csv
106,2.0,1356537.0,1540225.0,77334945.0,59.9655,INDETERMINATE,106,0,data/test/3sat/400/3sat_194.cnf,0.0046696662902832,0.075304,0.2903890609741211,0.2950587272644043,60.335862727264406,3sat_194.cnf,old_compact,Old Compact,0,False,True,runs/analysis/full400_repeated_runtime/raw/old_compact/repeat0.csv
107,2.0,1480637.0,1689515.0,86432745.0,59.9759,INDETERMINATE,107,0,data/test/3sat/400/3sat_195.cnf,0.0046696662902832,0.078176,0.2903890609741211,0.2950587272644043,60.349134727264406,3sat_195.cnf,old_compact,Old Compact,0,False,True,runs/analysis/full400_repeated_runtime/raw/old_compact/repeat0.csv
108,2.0,339864.0,392433.0,20520894.0,11.6526,SATISFIABLE,108,0,data/test/3sat/400/3sat_196.cnf,0.0046696662902832,0.0791139999999999,0.2903890609741211,0.2950587272644043,12.026772727264404,3sat_196.cnf,old_compact,Old Compact,0,True,False,runs/analysis/full400_repeated_runtime/raw/old_compact/repeat0.csv
109,2.0,1448256.0,1657887.0,82220168.0,59.9741,INDETERMINATE,109,0,data/test/3sat/400/3sat_197.cnf,0.0046696662902832,0.068047,0.2903890609741211,0.2950587272644043,60.3372057272644,3sat_197.cnf,old_compact,Old Compact,0,False,True,runs/analysis/full400_repeated_runtime/raw/old_compact/repeat0.csv
110,2.0,1446452.0,1654861.0,83743277.0,59.9758,INDETERMINATE,110,0,data/test/3sat/400/3sat_198.cnf,0.0043294429779052,0.076575,0.311992883682251,0.3163223266601562,60.36869732666016,3sat_198.cnf,old_compact,Old Compact,0,False,True,runs/analysis/full400_repeated_runtime/raw/old_compact/repeat0.csv
111,2.0,1390874.0,1593563.0,77657053.0,59.9598,INDETERMINATE,111,0,data/test/3sat/400/3sat_199.cnf,0.0043294429779052,0.072183,0.311992883682251,0.3163223266601562,60.34830532666016,3sat_199.cnf,old_compact,Old Compact,0,False,True,runs/analysis/full400_repeated_runtime/raw/old_compact/repeat0.csv
112,2.0,1421506.0,1622784.0,82561769.0,59.9746,INDETERMINATE,112,0,data/test/3sat/400/3sat_2.cnf,0.0043294429779052,0.087134,0.311992883682251,0.3163223266601562,60.37805632666016,3sat_2.cnf,old_compact,Old Compact,0,False,True,runs/analysis/full400_repeated_runtime/raw/old_compact/repeat0.csv
113,2.0,361980.0,419239.0,21758927.0,12.4283,SATISFIABLE,113,0,data/test/3sat/400/3sat_20.cnf,0.0043294429779052,0.081824,0.311992883682251,0.3163223266601562,12.826446326660156,3sat_20.cnf,old_compact,Old Compact,0,True,False,runs/analysis/full400_repeated_runtime/raw/old_compact/repeat0.csv
114,2.0,1440821.0,1667816.0,83868454.0,59.9617,INDETERMINATE,114,0,data/test/3sat/400/3sat_21.cnf,0.0043294429779052,0.07046,0.311992883682251,0.3163223266601562,60.34848232666016,3sat_21.cnf,old_compact,Old Compact,0,False,True,runs/analysis/full400_repeated_runtime/raw/old_compact/repeat0.csv
115,1.0,43107.0,50298.0,2657822.0,1.38775,SATISFIABLE,115,0,data/test/3sat/400/3sat_22.cnf,0.0043294429779052,0.071619,0.311992883682251,0.3163223266601562,1.7756913266601564,3sat_22.cnf,old_compact,Old Compact,0,True,False,runs/analysis/full400_repeated_runtime/raw/old_compact/repeat0.csv
116,2.0,1373196.0,1559956.0,76817365.0,59.9768,INDETERMINATE,116,0,data/test/3sat/400/3sat_23.cnf,0.0043294429779052,0.084423,0.311992883682251,0.3163223266601562,60.37754532666016,3sat_23.cnf,old_compact,Old Compact,0,False,True,runs/analysis/full400_repeated_runtime/raw/old_compact/repeat0.csv
117,1.0,97677.0,112677.0,5872880.0,4.13132,SATISFIABLE,117,0,data/test/3sat/400/3sat_24.cnf,0.0043294429779052,0.075689,0.311992883682251,0.3163223266601562,4.523331326660156,3sat_24.cnf,old_compact,Old Compact,0,True,False,runs/analysis/full400_repeated_runtime/raw/old_compact/repeat0.csv
118,1.0,41249.0,47888.0,2486997.0,1.18099,SATISFIABLE,118,0,data/test/3sat/400/3sat_25.cnf,0.0043294429779052,0.082068,0.311992883682251,0.3163223266601562,1.5793803266601565,3sat_25.cnf,old_compact,Old Compact,0,True,False,runs/analysis/full400_repeated_runtime/raw/old_compact/repeat0.csv
119,2.0,1384428.0,1580511.0,79338966.0,59.9642,INDETERMINATE,119,0,data/test/3sat/400/3sat_26.cnf,0.0043294429779052,0.070481,0.311992883682251,0.3163223266601562,60.35100332666016,3sat_26.cnf,old_compact,Old Compact,0,False,True,runs/analysis/full400_repeated_runtime/raw/old_compact/repeat0.csv
120,1.0,9470.0,11447.0,605518.0,0.197823,SATISFIABLE,120,0,data/test/3sat/400/3sat_27.cnf,0.0044739246368408,0.069904,0.2785437107086181,0.283017635345459,0.550744635345459,3sat_27.cnf,old_compact,Old Compact,0,True,False,runs/analysis/full400_repeated_runtime/raw/old_compact/repeat0.csv
121,2.0,1515421.0,1734546.0,85863592.0,59.9684,INDETERMINATE,121,0,data/test/3sat/400/3sat_28.cnf,0.0044739246368408,0.071507,0.2785437107086181,0.283017635345459,60.32292463534546,3sat_28.cnf,old_compact,Old Compact,0,False,True,runs/analysis/full400_repeated_runtime/raw/old_compact/repeat0.csv
122,2.0,1516821.0,1728308.0,87234662.0,59.9628,INDETERMINATE,122,0,data/test/3sat/400/3sat_29.cnf,0.0044739246368408,0.0881049999999999,0.2785437107086181,0.283017635345459,60.33392263534546,3sat_29.cnf,old_compact,Old Compact,0,False,True,runs/analysis/full400_repeated_runtime/raw/old_compact/repeat0.csv
123,2.0,1530606.0,1755026.0,90046380.0,59.9802,INDETERMINATE,123,0,data/test/3sat/400/3sat_3.cnf,0.0044739246368408,0.08391,0.2785437107086181,0.283017635345459,60.347127635345466,3sat_3.cnf,old_compact,Old Compact,0,False,True,runs/analysis/full400_repeated_runtime/raw/old_compact/repeat0.csv
124,2.0,1418511.0,1618141.0,82045907.0,59.993,INDETERMINATE,124,0,data/test/3sat/400/3sat_30.cnf,0.0044739246368408,0.083348,0.2785437107086181,0.283017635345459,60.35936563534546,3sat_30.cnf,old_compact,Old Compact,0,False,True,runs/analysis/full400_repeated_runtime/raw/old_compact/repeat0.csv
125,2.0,1380180.0,1590053.0,77802207.0,59.9844,INDETERMINATE,125,0,data/test/3sat/400/3sat_31.cnf,0.0044739246368408,0.075965,0.2785437107086181,0.283017635345459,60.343382635345456,3sat_31.cnf,old_compact,Old Compact,0,False,True,runs/analysis/full400_repeated_runtime/raw/old_compact/repeat0.csv
126,2.0,1431077.0,1618755.0,80611783.0,59.9709,INDETERMINATE,126,0,data/test/3sat/400/3sat_32.cnf,0.0044739246368408,0.08317,0.2785437107086181,0.283017635345459,60.33708763534546,3sat_32.cnf,old_compact,Old Compact,0,False,True,runs/analysis/full400_repeated_runtime/raw/old_compact/repeat0.csv
127,2.0,1415747.0,1624211.0,80739862.0,59.9726,INDETERMINATE,127,0,data/test/3sat/400/3sat_33.cnf,0.0044739246368408,0.069501,0.2785437107086181,0.283017635345459,60.32511863534546,3sat_33.cnf,old_compact,Old Compact,0,False,True,runs/analysis/full400_repeated_runtime/raw/old_compact/repeat0.csv
128,2.0,1611133.0,1850587.0,92164435.0,59.9843,INDETERMINATE,128,0,data/test/3sat/400/3sat_34.cnf,0.0044739246368408,0.074891,0.2785437107086181,0.283017635345459,60.34220863534546,3sat_34.cnf,old_compact,Old Compact,0,False,True,runs/analysis/full400_repeated_runtime/raw/old_compact/repeat0.csv
129,2.0,1524792.0,1750849.0,83955395.0,59.9778,INDETERMINATE,129,0,data/test/3sat/400/3sat_35.cnf,0.0044739246368408,0.072019,0.2785437107086181,0.283017635345459,60.33283663534546,3sat_35.cnf,old_compact,Old Compact,0,False,True,runs/analysis/full400_repeated_runtime/raw/old_compact/repeat0.csv
130,2.0,1447529.0,1656354.0,81254974.0,59.9469,INDETERMINATE,130,0,data/test/3sat/400/3sat_36.cnf,0.0041337013244628,0.078308,0.305504560470581,0.3096382617950439,60.33484626179504,3sat_36.cnf,old_compact,Old Compact,0,False,True,runs/analysis/full400_repeated_runtime/raw/old_compact/repeat0.csv
131,2.0,1420807.0,1628449.0,79498242.0,59.9915,INDETERMINATE,131,0,data/test/3sat/400/3sat_37.cnf,0.0041337013244628,0.083757,0.305504560470581,0.3096382617950439,60.384895261795045,3sat_37.cnf,old_compact,Old Compact,0,False,True,runs/analysis/full400_repeated_runtime/raw/old_compact/repeat0.csv
132,2.0,1481257.0,1691588.0,84579423.0,59.9844,INDETERMINATE,132,0,data/test/3sat/400/3sat_38.cnf,0.0041337013244628,0.072916,0.305504560470581,0.3096382617950439,60.36695426179504,3sat_38.cnf,old_compact,Old Compact,0,False,True,runs/analysis/full400_repeated_runtime/raw/old_compact/repeat0.csv
133,2.0,1477516.0,1700015.0,82680201.0,59.989,INDETERMINATE,133,0,data/test/3sat/400/3sat_39.cnf,0.0041337013244628,0.080656,0.305504560470581,0.3096382617950439,60.37929426179504,3sat_39.cnf,old_compact,Old Compact,0,False,True,runs/analysis/full400_repeated_runtime/raw/old_compact/repeat0.csv
134,2.0,1523934.0,1739430.0,85659225.0,59.972,INDETERMINATE,134,0,data/test/3sat/400/3sat_4.cnf,0.0041337013244628,0.070203,0.305504560470581,0.3096382617950439,60.351841261795045,3sat_4.cnf,old_compact,Old Compact,0,False,True,runs/analysis/full400_repeated_runtime/raw/old_compact/repeat0.csv
135,2.0,1503769.0,1718560.0,85621939.0,59.9854,INDETERMINATE,135,0,data/test/3sat/400/3sat_40.cnf,0.0041337013244628,0.083332,0.305504560470581,0.3096382617950439,60.37837026179504,3sat_40.cnf,old_compact,Old Compact,0,False,True,runs/analysis/full400_repeated_runtime/raw/old_compact/repeat0.csv
136,2.0,1358668.0,1542750.0,75627419.0,59.9738,INDETERMINATE,136,0,data/test/3sat/400/3sat_41.cnf,0.0041337013244628,0.06694,0.305504560470581,0.3096382617950439,60.35037826179504,3sat_41.cnf,old_compact,Old Compact,0,False,True,runs/analysis/full400_repeated_runtime/raw/old_compact/repeat0.csv
137,2.0,1558153.0,1770548.0,84634870.0,59.9792,INDETERMINATE,137,0,data/test/3sat/400/3sat_42.cnf,0.0041337013244628,0.065686,0.305504560470581,0.3096382617950439,60.35452426179504,3sat_42.cnf,old_compact,Old Compact,0,False,True,runs/analysis/full400_repeated_runtime/raw/old_compact/repeat0.csv
138,2.0,1413500.0,1607671.0,80744024.0,59.9776,INDETERMINATE,138,0,data/test/3sat/400/3sat_43.cnf,0.0041337013244628,0.09567,0.305504560470581,0.3096382617950439,60.382908261795045,3sat_43.cnf,old_compact,Old Compact,0,False,True,runs/analysis/full400_repeated_runtime/raw/old_compact/repeat0.csv
139,2.0,1424417.0,1631179.0,82290296.0,59.9885,INDETERMINATE,139,0,data/test/3sat/400/3sat_44.cnf,0.0041337013244628,0.072211,0.305504560470581,0.3096382617950439,60.37034926179505,3sat_44.cnf,old_compact,Old Compact,0,False,True,runs/analysis/full400_repeated_runtime/raw/old_compact/repeat0.csv
140,2.0,1523839.0,1717885.0,85063487.0,59.9882,INDETERMINATE,140,0,data/test/3sat/400/3sat_45.cnf,0.0044195652008056,0.077388,0.3243765830993652,0.3287961483001709,60.39438414830017,3sat_45.cnf,old_compact,Old Compact,0,False,True,runs/analysis/full400_repeated_runtime/raw/old_compact/repeat0.csv
141,1.0,9772.0,11592.0,590576.0,0.217502,SATISFIABLE,141,0,data/test/3sat/400/3sat_46.cnf,0.0044195652008056,0.073166,0.3243765830993652,0.3287961483001709,0.6194641483001709,3sat_46.cnf,old_compact,Old Compact,0,True,False,runs/analysis/full400_repeated_runtime/raw/old_compact/repeat0.csv
142,1.0,63966.0,73444.0,4017900.0,2.53393,SATISFIABLE,142,0,data/test/3sat/400/3sat_47.cnf,0.0044195652008056,0.090192,0.3243765830993652,0.3287961483001709,2.9529181483001707,3sat_47.cnf,old_compact,Old Compact,0,True,False,runs/analysis/full400_repeated_runtime/raw/old_compact/repeat0.csv
143,2.0,1441028.0,1648710.0,80453875.0,59.9678,INDETERMINATE,143,0,data/test/3sat/400/3sat_48.cnf,0.0044195652008056,0.0704829999999999,0.3243765830993652,0.3287961483001709,60.36707914830017,3sat_48.cnf,old_compact,Old Compact,0,False,True,runs/analysis/full400_repeated_runtime/raw/old_compact/repeat0.csv
144,2.0,1434644.0,1646828.0,82531882.0,59.9869,INDETERMINATE,144,0,data/test/3sat/400/3sat_49.cnf,0.0044195652008056,0.073921,0.3243765830993652,0.3287961483001709,60.38961714830017,3sat_49.cnf,old_compact,Old Compact,0,False,True,runs/analysis/full400_repeated_runtime/raw/old_compact/repeat0.csv
145,2.0,1388952.0,1591216.0,78600129.0,59.9816,INDETERMINATE,145,0,data/test/3sat/400/3sat_5.cnf,0.0044195652008056,0.07554,0.3243765830993652,0.3287961483001709,60.38593614830017,3sat_5.cnf,old_compact,Old Compact,0,False,True,runs/analysis/full400_repeated_runtime/raw/old_compact/repeat0.csv
146,2.0,1410946.0,1614417.0,81051972.0,59.9656,INDETERMINATE,146,0,data/test/3sat/400/3sat_50.cnf,0.0044195652008056,0.089584,0.3243765830993652,0.3287961483001709,60.383980148300175,3sat_50.cnf,old_compact,Old Compact,0,False,True,runs/analysis/full400_repeated_runtime/raw/old_compact/repeat0.csv
147,2.0,1467207.0,1678243.0,83462427.0,59.9764,INDETERMINATE,147,0,data/test/3sat/400/3sat_51.cnf,0.0044195652008056,0.076014,0.3243765830993652,0.3287961483001709,60.38121014830017,3sat_51.cnf,old_compact,Old Compact,0,False,True,runs/analysis/full400_repeated_runtime/raw/old_compact/repeat0.csv
148,2.0,1548365.0,1787723.0,87230464.0,59.999,INDETERMINATE,148,0,data/test/3sat/400/3sat_52.cnf,0.0044195652008056,0.067114,0.3243765830993652,0.3287961483001709,60.39491014830017,3sat_52.cnf,old_compact,Old Compact,0,False,True,runs/analysis/full400_repeated_runtime/raw/old_compact/repeat0.csv
149,2.0,1447841.0,1649368.0,81316262.0,59.9979,INDETERMINATE,149,0,data/test/3sat/400/3sat_53.cnf,0.0044195652008056,0.082683,0.3243765830993652,0.3287961483001709,60.409379148300175,3sat_53.cnf,old_compact,Old Compact,0,False,True,runs/analysis/full400_repeated_runtime/raw/old_compact/repeat0.csv
150,2.0,612353.0,699215.0,35959808.0,21.7704,SATISFIABLE,150,0,data/test/3sat/400/3sat_54.cnf,0.0045433044433593,0.086979,0.4090950489044189,0.4136383533477783,22.271017353347776,3sat_54.cnf,old_compact,Old Compact,0,True,False,runs/analysis/full400_repeated_runtime/raw/old_compact/repeat0.csv
151,2.0,1495378.0,1705878.0,84356949.0,59.9811,INDETERMINATE,151,0,data/test/3sat/400/3sat_55.cnf,0.0045433044433593,0.075114,0.4090950489044189,0.4136383533477783,60.469852353347775,3sat_55.cnf,old_compact,Old Compact,0,False,True,runs/analysis/full400_repeated_runtime/raw/old_compact/repeat0.csv
152,2.0,1380037.0,1558423.0,78937080.0,59.9633,INDETERMINATE,152,0,data/test/3sat/400/3sat_56.cnf,0.0045433044433593,0.0712059999999999,0.4090950489044189,0.4136383533477783,60.44814435334777,3sat_56.cnf,old_compact,Old Compact,0,False,True,runs/analysis/full400_repeated_runtime/raw/old_compact/repeat0.csv
153,2.0,1445515.0,1643228.0,80933487.0,59.9724,INDETERMINATE,153,0,data/test/3sat/400/3sat_57.cnf,0.0045433044433593,0.072624,0.4090950489044189,0.4136383533477783,60.458662353347776,3sat_57.cnf,old_compact,Old Compact,0,False,True,runs/analysis/full400_repeated_runtime/raw/old_compact/repeat0.csv
154,2.0,1515862.0,1729369.0,89922946.0,59.9838,INDETERMINATE,154,0,data/test/3sat/400/3sat_58.cnf,0.0045433044433593,0.101078,0.4090950489044189,0.4136383533477783,60.49851635334778,3sat_58.cnf,old_compact,Old Compact,0,False,True,runs/analysis/full400_repeated_runtime/raw/old_compact/repeat0.csv
155,2.0,1505186.0,1723717.0,84711542.0,59.9784,INDETERMINATE,155,0,data/test/3sat/400/3sat_59.cnf,0.0045433044433593,0.076124,0.4090950489044189,0.4136383533477783,60.46816235334778,3sat_59.cnf,old_compact,Old Compact,0,False,True,runs/analysis/full400_repeated_runtime/raw/old_compact/repeat0.csv
156,2.0,1497254.0,1697709.0,83644687.0,59.9892,INDETERMINATE,156,0,data/test/3sat/400/3sat_6.cnf,0.0045433044433593,0.085561,0.4090950489044189,0.4136383533477783,60.48839935334777,3sat_6.cnf,old_compact,Old Compact,0,False,True,runs/analysis/full400_repeated_runtime/raw/old_compact/repeat0.csv
157,2.0,1387386.0,1579131.0,79796173.0,59.9775,INDETERMINATE,157,0,data/test/3sat/400/3sat_60.cnf,0.0045433044433593,0.06976,0.4090950489044189,0.4136383533477783,60.46089835334778,3sat_60.cnf,old_compact,Old Compact,0,False,True,runs/analysis/full400_repeated_runtime/raw/old_compact/repeat0.csv
158,2.0,1417831.0,1602664.0,79705548.0,59.9762,INDETERMINATE,158,0,data/test/3sat/400/3sat_61.cnf,0.0045433044433593,0.078389,0.4090950489044189,0.4136383533477783,60.46822735334778,3sat_61.cnf,old_compact,Old Compact,0,False,True,runs/analysis/full400_repeated_runtime/raw/old_compact/repeat0.csv
159,2.0,1500261.0,1701369.0,86504690.0,59.9823,INDETERMINATE,159,0,data/test/3sat/400/3sat_62.cnf,0.0045433044433593,0.072061,0.4090950489044189,0.4136383533477783,60.46799935334778,3sat_62.cnf,old_compact,Old Compact,0,False,True,runs/analysis/full400_repeated_runtime/raw/old_compact/repeat0.csv
160,2.0,138136.0,157894.0,8130882.0,5.03236,SATISFIABLE,160,0,data/test/3sat/400/3sat_63.cnf,0.0048840045928955,0.087734,0.2780952453613281,0.2829792499542236,5.403073249954224,3sat_63.cnf,old_compact,Old Compact,0,True,False,runs/analysis/full400_repeated_runtime/raw/old_compact/repeat0.csv
161,2.0,1480203.0,1675226.0,82568843.0,59.9607,INDETERMINATE,161,0,data/test/3sat/400/3sat_64.cnf,0.0048840045928955,0.070742,0.2780952453613281,0.2829792499542236,60.31442124995423,3sat_64.cnf,old_compact,Old Compact,0,False,True,runs/analysis/full400_repeated_runtime/raw/old_compact/repeat0.csv
162,1.0,224.0,339.0,14565.0,0.008594,SATISFIABLE,162,0,data/test/3sat/400/3sat_65.cnf,0.0048840045928955,0.0247439999999999,0.2780952453613281,0.2829792499542236,0.3163172499542236,3sat_65.cnf,old_compact,Old Compact,0,True,False,runs/analysis/full400_repeated_runtime/raw/old_compact/repeat0.csv
163,2.0,1393806.0,1599496.0,79693794.0,59.988,INDETERMINATE,163,0,data/test/3sat/400/3sat_66.cnf,0.0048840045928955,0.085669,0.2780952453613281,0.2829792499542236,60.35664824995423,3sat_66.cnf,old_compact,Old Compact,0,False,True,runs/analysis/full400_repeated_runtime/raw/old_compact/repeat0.csv
164,2.0,1480005.0,1692181.0,85352148.0,59.9937,INDETERMINATE,164,0,data/test/3sat/400/3sat_67.cnf,0.0048840045928955,0.0979009999999999,0.2780952453613281,0.2829792499542236,60.37458024995422,3sat_67.cnf,old_compact,Old Compact,0,False,True,runs/analysis/full400_repeated_runtime/raw/old_compact/repeat0.csv
165,2.0,1393329.0,1594697.0,78375578.0,59.9816,INDETERMINATE,165,0,data/test/3sat/400/3sat_68.cnf,0.0048840045928955,0.082812,0.2780952453613281,0.2829792499542236,60.34739124995422,3sat_68.cnf,old_compact,Old Compact,0,False,True,runs/analysis/full400_repeated_runtime/raw/old_compact/repeat0.csv
166,2.0,1470797.0,1685049.0,86499064.0,59.9865,INDETERMINATE,166,0,data/test/3sat/400/3sat_69.cnf,0.0048840045928955,0.078859,0.2780952453613281,0.2829792499542236,60.348338249954224,3sat_69.cnf,old_compact,Old Compact,0,False,True,runs/analysis/full400_repeated_runtime/raw/old_compact/repeat0.csv
167,2.0,1508674.0,1702956.0,83509876.0,59.9793,INDETERMINATE,167,0,data/test/3sat/400/3sat_7.cnf,0.0048840045928955,0.065662,0.2780952453613281,0.2829792499542236,60.32794124995423,3sat_7.cnf,old_compact,Old Compact,0,False,True,runs/analysis/full400_repeated_runtime/raw/old_compact/repeat0.csv
168,1.0,2512.0,3124.0,152890.0,0.040343,SATISFIABLE,168,0,data/test/3sat/400/3sat_70.cnf,0.0048840045928955,0.080823,0.2780952453613281,0.2829792499542236,0.4041452499542236,3sat_70.cnf,old_compact,Old Compact,0,True,False,runs/analysis/full400_repeated_runtime/raw/old_compact/repeat0.csv
169,2.0,1429318.0,1638370.0,81180582.0,59.9862,INDETERMINATE,169,0,data/test/3sat/400/3sat_71.cnf,0.0048840045928955,0.0690649999999999,0.2780952453613281,0.2829792499542236,60.33824424995422,3sat_71.cnf,old_compact,Old Compact,0,False,True,runs/analysis/full400_repeated_runtime/raw/old_compact/repeat0.csv
170,2.0,1482358.0,1696314.0,83389167.0,59.9921,INDETERMINATE,170,0,data/test/3sat/400/3sat_72.cnf,0.0044090747833251,0.0724249999999999,0.2851102352142334,0.2895193099975586,60.35404430999756,3sat_72.cnf,old_compact,Old Compact,0,False,True,runs/analysis/full400_repeated_runtime/raw/old_compact/repeat0.csv
171,2.0,1500253.0,1709815.0,85874564.0,59.984,INDETERMINATE,171,0,data/test/3sat/400/3sat_73.cnf,0.0044090747833251,0.066523,0.2851102352142334,0.2895193099975586,60.34004230999756,3sat_73.cnf,old_compact,Old Compact,0,False,True,runs/analysis/full400_repeated_runtime/raw/old_compact/repeat0.csv
172,2.0,1426898.0,1642945.0,80302810.0,59.9779,INDETERMINATE,172,0,data/test/3sat/400/3sat_74.cnf,0.0044090747833251,0.081126,0.2851102352142334,0.2895193099975586,60.348545309997554,3sat_74.cnf,old_compact,Old Compact,0,False,True,runs/analysis/full400_repeated_runtime/raw/old_compact/repeat0.csv
173,2.0,1355925.0,1554264.0,73652033.0,59.983,INDETERMINATE,173,0,data/test/3sat/400/3sat_75.cnf,0.0044090747833251,0.074206,0.2851102352142334,0.2895193099975586,60.34672530999755,3sat_75.cnf,old_compact,Old Compact,0,False,True,runs/analysis/full400_repeated_runtime/raw/old_compact/repeat0.csv
174,2.0,1468792.0,1670783.0,85670899.0,59.9889,INDETERMINATE,174,0,data/test/3sat/400/3sat_76.cnf,0.0044090747833251,0.074367,0.2851102352142334,0.2895193099975586,60.35278630999756,3sat_76.cnf,old_compact,Old Compact,0,False,True,runs/analysis/full400_repeated_runtime/raw/old_compact/repeat0.csv
175,2.0,1499073.0,1709868.0,84163138.0,59.9762,INDETERMINATE,175,0,data/test/3sat/400/3sat_77.cnf,0.0044090747833251,0.082372,0.2851102352142334,0.2895193099975586,60.34809130999756,3sat_77.cnf,old_compact,Old Compact,0,False,True,runs/analysis/full400_repeated_runtime/raw/old_compact/repeat0.csv
176,2.0,1468817.0,1673219.0,80590150.0,59.9987,INDETERMINATE,176,0,data/test/3sat/400/3sat_78.cnf,0.0044090747833251,0.07207,0.2851102352142334,0.2895193099975586,60.36028930999756,3sat_78.cnf,old_compact,Old Compact,0,False,True,runs/analysis/full400_repeated_runtime/raw/old_compact/repeat0.csv
177,2.0,1419091.0,1622389.0,77944877.0,59.9771,INDETERMINATE,177,0,data/test/3sat/400/3sat_79.cnf,0.0044090747833251,0.081741,0.2851102352142334,0.2895193099975586,60.34836030999756,3sat_79.cnf,old_compact,Old Compact,0,False,True,runs/analysis/full400_repeated_runtime/raw/old_compact/repeat0.csv
178,2.0,1446782.0,1644354.0,83701390.0,59.99,INDETERMINATE,178,0,data/test/3sat/400/3sat_8.cnf,0.0044090747833251,0.067457,0.2851102352142334,0.2895193099975586,60.34697630999756,3sat_8.cnf,old_compact,Old Compact,0,False,True,runs/analysis/full400_repeated_runtime/raw/old_compact/repeat0.csv
179,2.0,1469548.0,1694002.0,84801171.0,59.9714,INDETERMINATE,179,0,data/test/3sat/400/3sat_80.cnf,0.0044090747833251,0.08093,0.2851102352142334,0.2895193099975586,60.34184930999756,3sat_80.cnf,old_compact,Old Compact,0,False,True,runs/analysis/full400_repeated_runtime/raw/old_compact/repeat0.csv
180,2.0,1437564.0,1626055.0,80301004.0,59.9699,INDETERMINATE,180,0,data/test/3sat/400/3sat_81.cnf,0.0044081211090087,0.075428,0.3066625595092773,0.3110706806182861,60.35639868061829,3sat_81.cnf,old_compact,Old Compact,0,False,True,runs/analysis/full400_repeated_runtime/raw/old_compact/repeat0.csv
181,2.0,1090841.0,1251869.0,62339209.0,43.9977,SATISFIABLE,181,0,data/test/3sat/400/3sat_82.cnf,0.0044081211090087,0.081693,0.3066625595092773,0.3110706806182861,44.39046368061829,3sat_82.cnf,old_compact,Old Compact,0,True,False,runs/analysis/full400_repeated_runtime/raw/old_compact/repeat0.csv
182,2.0,1426193.0,1627098.0,79825125.0,59.9765,INDETERMINATE,182,0,data/test/3sat/400/3sat_83.cnf,0.0044081211090087,0.082357,0.3066625595092773,0.3110706806182861,60.36992768061829,3sat_83.cnf,old_compact,Old Compact,0,False,True,runs/analysis/full400_repeated_runtime/raw/old_compact/repeat0.csv
183,2.0,1363486.0,1560349.0,77945687.0,59.9838,INDETERMINATE,183,0,data/test/3sat/400/3sat_84.cnf,0.0044081211090087,0.080095,0.3066625595092773,0.3110706806182861,60.37496568061829,3sat_84.cnf,old_compact,Old Compact,0,False,True,runs/analysis/full400_repeated_runtime/raw/old_compact/repeat0.csv
184,1.0,27518.0,32278.0,1663386.0,0.806622,SATISFIABLE,184,0,data/test/3sat/400/3sat_85.cnf,0.0044081211090087,0.069973,0.3066625595092773,0.3110706806182861,1.187665680618286,3sat_85.cnf,old_compact,Old Compact,0,True,False,runs/analysis/full400_repeated_runtime/raw/old_compact/repeat0.csv
185,1.0,84037.0,97892.0,5195664.0,3.25252,SATISFIABLE,185,0,data/test/3sat/400/3sat_86.cnf,0.0044081211090087,0.085772,0.3066625595092773,0.3110706806182861,3.649362680618286,3sat_86.cnf,old_compact,Old Compact,0,True,False,runs/analysis/full400_repeated_runtime/raw/old_compact/repeat0.csv
186,2.0,1343863.0,1535402.0,76678395.0,59.9808,INDETERMINATE,186,0,data/test/3sat/400/3sat_87.cnf,0.0044081211090087,0.070324,0.3066625595092773,0.3110706806182861,60.36219468061829,3sat_87.cnf,old_compact,Old Compact,0,False,True,runs/analysis/full400_repeated_runtime/raw/old_compact/repeat0.csv
187,1.0,10969.0,13071.0,671709.0,0.245832,SATISFIABLE,187,0,data/test/3sat/400/3sat_88.cnf,0.0044081211090087,0.073213,0.3066625595092773,0.3110706806182861,0.6301156806182862,3sat_88.cnf,old_compact,Old Compact,0,True,False,runs/analysis/full400_repeated_runtime/raw/old_compact/repeat0.csv
188,1.0,8641.0,10334.0,538222.0,0.190522,SATISFIABLE,188,0,data/test/3sat/400/3sat_89.cnf,0.0044081211090087,0.076206,0.3066625595092773,0.3110706806182861,0.5777986806182861,3sat_89.cnf,old_compact,Old Compact,0,True,False,runs/analysis/full400_repeated_runtime/raw/old_compact/repeat0.csv
189,2.0,1484643.0,1691089.0,85350843.0,59.9881,INDETERMINATE,189,0,data/test/3sat/400/3sat_9.cnf,0.0044081211090087,0.0667939999999999,0.3066625595092773,0.3110706806182861,60.36596468061829,3sat_9.cnf,old_compact,Old Compact,0,False,True,runs/analysis/full400_repeated_runtime/raw/old_compact/repeat0.csv
190,2.0,1406000.0,1620906.0,82191666.0,59.9536,INDETERMINATE,190,0,data/test/3sat/400/3sat_90.cnf,0.0054531097412109,0.079895,0.3221485614776611,0.327601671218872,60.36109667121888,3sat_90.cnf,old_compact,Old Compact,0,False,True,runs/analysis/full400_repeated_runtime/raw/old_compact/repeat0.csv
191,1.0,10042.0,11941.0,654479.0,0.227304,SATISFIABLE,191,0,data/test/3sat/400/3sat_91.cnf,0.0054531097412109,0.080521,0.3221485614776611,0.327601671218872,0.6354266712188721,3sat_91.cnf,old_compact,Old Compact,0,True,False,runs/analysis/full400_repeated_runtime/raw/old_compact/repeat0.csv
192,2.0,253822.0,290337.0,15713394.0,8.73613,SATISFIABLE,192,0,data/test/3sat/400/3sat_92.cnf,0.0054531097412109,0.073353,0.3221485614776611,0.327601671218872,9.137084671218872,3sat_92.cnf,old_compact,Old Compact,0,True,False,runs/analysis/full400_repeated_runtime/raw/old_compact/repeat0.csv
193,2.0,677111.0,783227.0,41044151.0,26.0745,SATISFIABLE,193,0,data/test/3sat/400/3sat_93.cnf,0.0054531097412109,0.087562,0.3221485614776611,0.327601671218872,26.48966367121887,3sat_93.cnf,old_compact,Old Compact,0,True,False,runs/analysis/full400_repeated_runtime/raw/old_compact/repeat0.csv
194,1.0,53988.0,62131.0,3367378.0,1.72265,SATISFIABLE,194,0,data/test/3sat/400/3sat_94.cnf,0.0054531097412109,0.066098,0.3221485614776611,0.327601671218872,2.116349671218872,3sat_94.cnf,old_compact,Old Compact,0,True,False,runs/analysis/full400_repeated_runtime/raw/old_compact/repeat0.csv
195,2.0,1413718.0,1609827.0,79201504.0,59.9872,INDETERMINATE,195,0,data/test/3sat/400/3sat_95.cnf,0.0054531097412109,0.073722,0.3221485614776611,0.327601671218872,60.38852367121887,3sat_95.cnf,old_compact,Old Compact,0,False,True,runs/analysis/full400_repeated_runtime/raw/old_compact/repeat0.csv
196,1.0,3109.0,3849.0,199282.0,0.050891,SATISFIABLE,196,0,data/test/3sat/400/3sat_96.cnf,0.0054531097412109,0.090921,0.3221485614776611,0.327601671218872,0.469413671218872,3sat_96.cnf,old_compact,Old Compact,0,True,False,runs/analysis/full400_repeated_runtime/raw/old_compact/repeat0.csv
197,2.0,425291.0,491074.0,25526527.0,14.3127,SATISFIABLE,197,0,data/test/3sat/400/3sat_97.cnf,0.0054531097412109,0.076551,0.3221485614776611,0.327601671218872,14.716852671218872,3sat_97.cnf,old_compact,Old Compact,0,True,False,runs/analysis/full400_repeated_runtime/raw/old_compact/repeat0.csv
198,2.0,1478429.0,1675720.0,83343277.0,59.9684,INDETERMINATE,198,0,data/test/3sat/400/3sat_98.cnf,0.0054531097412109,0.080273,0.3221485614776611,0.327601671218872,60.37627467121887,3sat_98.cnf,old_compact,Old Compact,0,False,True,runs/analysis/full400_repeated_runtime/raw/old_compact/repeat0.csv
199,2.0,1505887.0,1718565.0,83066913.0,59.9894,INDETERMINATE,199,0,data/test/3sat/400/3sat_99.cnf,0.0054531097412109,0.066601,0.3221485614776611,0.327601671218872,60.38360267121888,3sat_99.cnf,old_compact,Old Compact,0,False,True,runs/analysis/full400_repeated_runtime/raw/old_compact/repeat0.csv
0,2.0,1442413.0,1646069.0,80422947.0,59.9809,INDETERMINATE,0,0,data/test/3sat/400/3sat_0.cnf,0.0062925815582275,0.082855,0.3210806846618652,0.3273732662200928,60.39112826622009,3sat_0.cnf,local_reopen_guarded,+ Local Boundary Correction,0,False,True,runs/analysis/full400_repeated_runtime/raw/local_reopen_guarded/repeat0.csv
1,1.0,73715.0,85712.0,4316774.0,2.81284,SATISFIABLE,1,0,data/test/3sat/400/3sat_1.cnf,0.0062925815582275,0.087599,0.3210806846618652,0.3273732662200928,3.2278122662200928,3sat_1.cnf,local_reopen_guarded,+ Local Boundary Correction,0,True,False,runs/analysis/full400_repeated_runtime/raw/local_reopen_guarded/repeat0.csv
2,2.0,1514518.0,1729079.0,85447406.0,59.9678,INDETERMINATE,2,0,data/test/3sat/400/3sat_10.cnf,0.0062925815582275,0.094216,0.3210806846618652,0.3273732662200928,60.38938926622009,3sat_10.cnf,local_reopen_guarded,+ Local Boundary Correction,0,False,True,runs/analysis/full400_repeated_runtime/raw/local_reopen_guarded/repeat0.csv
3,1.0,3392.0,4166.0,213902.0,0.062311,SATISFIABLE,3,0,data/test/3sat/400/3sat_100.cnf,0.0062925815582275,0.097075,0.3210806846618652,0.3273732662200928,0.4867592662200928,3sat_100.cnf,local_reopen_guarded,+ Local Boundary Correction,0,True,False,runs/analysis/full400_repeated_runtime/raw/local_reopen_guarded/repeat0.csv
4,2.0,1510060.0,1725722.0,84793394.0,59.9629,INDETERMINATE,4,0,data/test/3sat/400/3sat_101.cnf,0.0062925815582275,0.100511,0.3210806846618652,0.3273732662200928,60.39078426622009,3sat_101.cnf,local_reopen_guarded,+ Local Boundary Correction,0,False,True,runs/analysis/full400_repeated_runtime/raw/local_reopen_guarded/repeat0.csv
5,2.0,1494633.0,1729041.0,85467044.0,59.9482,INDETERMINATE,5,0,data/test/3sat/400/3sat_102.cnf,0.0062925815582275,0.091158,0.3210806846618652,0.3273732662200928,60.36673126622009,3sat_102.cnf,local_reopen_guarded,+ Local Boundary Correction,0,False,True,runs/analysis/full400_repeated_runtime/raw/local_reopen_guarded/repeat0.csv
6,2.0,1483009.0,1711195.0,85423793.0,59.9784,INDETERMINATE,6,0,data/test/3sat/400/3sat_103.cnf,0.0062925815582275,0.100917,0.3210806846618652,0.3273732662200928,60.406690266220096,3sat_103.cnf,local_reopen_guarded,+ Local Boundary Correction,0,False,True,runs/analysis/full400_repeated_runtime/raw/local_reopen_guarded/repeat0.csv
7,2.0,1460907.0,1668979.0,81222136.0,59.9645,INDETERMINATE,7,0,data/test/3sat/400/3sat_104.cnf,0.0062925815582275,0.083373,0.3210806846618652,0.3273732662200928,60.375246266220095,3sat_104.cnf,local_reopen_guarded,+ Local Boundary Correction,0,False,True,runs/analysis/full400_repeated_runtime/raw/local_reopen_guarded/repeat0.csv
8,2.0,1534035.0,1745213.0,87771649.0,59.9824,INDETERMINATE,8,0,data/test/3sat/400/3sat_105.cnf,0.0062925815582275,0.099197,0.3210806846618652,0.3273732662200928,60.40897026622009,3sat_105.cnf,local_reopen_guarded,+ Local Boundary Correction,0,False,True,runs/analysis/full400_repeated_runtime/raw/local_reopen_guarded/repeat0.csv
9,2.0,1420048.0,1624070.0,79134752.0,59.9848,INDETERMINATE,9,0,data/test/3sat/400/3sat_106.cnf,0.0062925815582275,0.090932,0.3210806846618652,0.3273732662200928,60.403105266220095,3sat_106.cnf,local_reopen_guarded,+ Local Boundary Correction,0,False,True,runs/analysis/full400_repeated_runtime/raw/local_reopen_guarded/repeat0.csv
10,2.0,1388742.0,1595645.0,79205069.0,59.9787,INDETERMINATE,10,0,data/test/3sat/400/3sat_107.cnf,0.0043880939483642,0.088515,0.3102030754089355,0.3145911693572998,60.3818061693573,3sat_107.cnf,local_reopen_guarded,+ Local Boundary Correction,0,False,True,runs/analysis/full400_repeated_runtime/raw/local_reopen_guarded/repeat0.csv
11,2.0,1476897.0,1701272.0,82706497.0,59.9842,INDETERMINATE,11,0,data/test/3sat/400/3sat_108.cnf,0.0043880939483642,0.090396,0.3102030754089355,0.3145911693572998,60.3891871693573,3sat_108.cnf,local_reopen_guarded,+ Local Boundary Correction,0,False,True,runs/analysis/full400_repeated_runtime/raw/local_reopen_guarded/repeat0.csv
12,2.0,1537497.0,1761702.0,86114100.0,59.9752,INDETERMINATE,12,0,data/test/3sat/400/3sat_109.cnf,0.0043880939483642,0.106251,0.3102030754089355,0.3145911693572998,60.3960421693573,3sat_109.cnf,local_reopen_guarded,+ Local Boundary Correction,0,False,True,runs/analysis/full400_repeated_runtime/raw/local_reopen_guarded/repeat0.csv
13,1.0,40661.0,47692.0,2496556.0,1.41825,SATISFIABLE,13,0,data/test/3sat/400/3sat_11.cnf,0.0043880939483642,0.0921589999999999,0.3102030754089355,0.3145911693572998,1.8250001693573,3sat_11.cnf,local_reopen_guarded,+ Local Boundary Correction,0,True,False,runs/analysis/full400_repeated_runtime/raw/local_reopen_guarded/repeat0.csv
14,2.0,1492156.0,1712347.0,86280400.0,59.9766,INDETERMINATE,14,0,data/test/3sat/400/3sat_110.cnf,0.0043880939483642,0.099368,0.3102030754089355,0.3145911693572998,60.390559169357296,3sat_110.cnf,local_reopen_guarded,+ Local Boundary Correction,0,False,True,runs/analysis/full400_repeated_runtime/raw/local_reopen_guarded/repeat0.csv
15,2.0,1459181.0,1673944.0,85193143.0,59.9824,INDETERMINATE,15,0,data/test/3sat/400/3sat_111.cnf,0.0043880939483642,0.101533,0.3102030754089355,0.3145911693572998,60.3985241693573,3sat_111.cnf,local_reopen_guarded,+ Local Boundary Correction,0,False,True,runs/analysis/full400_repeated_runtime/raw/local_reopen_guarded/repeat0.csv
16,2.0,1527381.0,1735633.0,88287088.0,59.9775,INDETERMINATE,16,0,data/test/3sat/400/3sat_112.cnf,0.0043880939483642,0.093604,0.3102030754089355,0.3145911693572998,60.3856951693573,3sat_112.cnf,local_reopen_guarded,+ Local Boundary Correction,0,False,True,runs/analysis/full400_repeated_runtime/raw/local_reopen_guarded/repeat0.csv
17,2.0,1403354.0,1592392.0,80477698.0,59.9794,INDETERMINATE,17,0,data/test/3sat/400/3sat_113.cnf,0.0043880939483642,0.097097,0.3102030754089355,0.3145911693572998,60.391088169357296,3sat_113.cnf,local_reopen_guarded,+ Local Boundary Correction,0,False,True,runs/analysis/full400_repeated_runtime/raw/local_reopen_guarded/repeat0.csv
18,2.0,1481828.0,1701609.0,83816409.0,59.963,INDETERMINATE,18,0,data/test/3sat/400/3sat_114.cnf,0.0043880939483642,0.092527,0.3102030754089355,0.3145911693572998,60.3701181693573,3sat_114.cnf,local_reopen_guarded,+ Local Boundary Correction,0,False,True,runs/analysis/full400_repeated_runtime/raw/local_reopen_guarded/repeat0.csv
19,2.0,1394811.0,1592698.0,78801422.0,59.9478,INDETERMINATE,19,0,data/test/3sat/400/3sat_115.cnf,0.0043880939483642,0.101896,0.3102030754089355,0.3145911693572998,60.3642871693573,3sat_115.cnf,local_reopen_guarded,+ Local Boundary Correction,0,False,True,runs/analysis/full400_repeated_runtime/raw/local_reopen_guarded/repeat0.csv
20,2.0,1474954.0,1678968.0,82358838.0,59.9799,INDETERMINATE,20,0,data/test/3sat/400/3sat_116.cnf,0.0053601264953613,0.1032339999999999,0.3327014446258545,0.3380615711212158,60.42119557112122,3sat_116.cnf,local_reopen_guarded,+ Local Boundary Correction,0,False,True,runs/analysis/full400_repeated_runtime/raw/local_reopen_guarded/repeat0.csv
21,2.0,1492908.0,1709186.0,83397870.0,59.9738,INDETERMINATE,21,0,data/test/3sat/400/3sat_117.cnf,0.0053601264953613,0.080424,0.3327014446258545,0.3380615711212158,60.392285571121214,3sat_117.cnf,local_reopen_guarded,+ Local Boundary Correction,0,False,True,runs/analysis/full400_repeated_runtime/raw/local_reopen_guarded/repeat0.csv
22,2.0,1472864.0,1683783.0,82856865.0,59.9944,INDETERMINATE,22,0,data/test/3sat/400/3sat_118.cnf,0.0053601264953613,0.102353,0.3327014446258545,0.3380615711212158,60.434814571121215,3sat_118.cnf,local_reopen_guarded,+ Local Boundary Correction,0,False,True,runs/analysis/full400_repeated_runtime/raw/local_reopen_guarded/repeat0.csv
23,2.0,1529412.0,1748712.0,84578270.0,59.992,INDETERMINATE,23,0,data/test/3sat/400/3sat_119.cnf,0.0053601264953613,0.082411,0.3327014446258545,0.3380615711212158,60.412472571121214,3sat_119.cnf,local_reopen_guarded,+ Local Boundary Correction,0,False,True,runs/analysis/full400_repeated_runtime/raw/local_reopen_guarded/repeat0.csv
24,2.0,1453253.0,1661888.0,81594888.0,59.9892,INDETERMINATE,24,0,data/test/3sat/400/3sat_12.cnf,0.0053601264953613,0.08215,0.3327014446258545,0.3380615711212158,60.40941157112121,3sat_12.cnf,local_reopen_guarded,+ Local Boundary Correction,0,False,True,runs/analysis/full400_repeated_runtime/raw/local_reopen_guarded/repeat0.csv
25,1.0,23077.0,27394.0,1439359.0,0.675185,SATISFIABLE,25,0,data/test/3sat/400/3sat_120.cnf,0.0053601264953613,0.097103,0.3327014446258545,0.3380615711212158,1.110349571121216,3sat_120.cnf,local_reopen_guarded,+ Local Boundary Correction,0,True,False,runs/analysis/full400_repeated_runtime/raw/local_reopen_guarded/repeat0.csv
26,1.0,47329.0,54623.0,2823769.0,1.37934,SATISFIABLE,26,0,data/test/3sat/400/3sat_121.cnf,0.0053601264953613,0.0976249999999999,0.3327014446258545,0.3380615711212158,1.815026571121216,3sat_121.cnf,local_reopen_guarded,+ Local Boundary Correction,0,True,False,runs/analysis/full400_repeated_runtime/raw/local_reopen_guarded/repeat0.csv
27,2.0,1507371.0,1724413.0,86168505.0,59.972,INDETERMINATE,27,0,data/test/3sat/400/3sat_122.cnf,0.0053601264953613,0.084895,0.3327014446258545,0.3380615711212158,60.39495657112122,3sat_122.cnf,local_reopen_guarded,+ Local Boundary Correction,0,False,True,runs/analysis/full400_repeated_runtime/raw/local_reopen_guarded/repeat0.csv
28,2.0,1503273.0,1710197.0,85611068.0,59.9847,INDETERMINATE,28,0,data/test/3sat/400/3sat_123.cnf,0.0053601264953613,0.0952109999999999,0.3327014446258545,0.3380615711212158,60.41797257112121,3sat_123.cnf,local_reopen_guarded,+ Local Boundary Correction,0,False,True,runs/analysis/full400_repeated_runtime/raw/local_reopen_guarded/repeat0.csv
29,1.0,654.0,900.0,43163.0,0.021291,SATISFIABLE,29,0,data/test/3sat/400/3sat_124.cnf,0.0053601264953613,0.061553,0.3327014446258545,0.3380615711212158,0.4209055711212158,3sat_124.cnf,local_reopen_guarded,+ Local Boundary Correction,0,True,False,runs/analysis/full400_repeated_runtime/raw/local_reopen_guarded/repeat0.csv
30,1.0,87018.0,101016.0,5296049.0,3.13799,SATISFIABLE,30,0,data/test/3sat/400/3sat_125.cnf,0.0051624774932861,0.085137,0.310126781463623,0.3152892589569092,3.538416258956909,3sat_125.cnf,local_reopen_guarded,+ Local Boundary Correction,0,True,False,runs/analysis/full400_repeated_runtime/raw/local_reopen_guarded/repeat0.csv
31,2.0,1480310.0,1692583.0,84882901.0,59.9731,INDETERMINATE,31,0,data/test/3sat/400/3sat_126.cnf,0.0051624774932861,0.08745,0.310126781463623,0.3152892589569092,60.37583925895691,3sat_126.cnf,local_reopen_guarded,+ Local Boundary Correction,0,False,True,runs/analysis/full400_repeated_runtime/raw/local_reopen_guarded/repeat0.csv
32,2.0,1442091.0,1669255.0,84380955.0,59.9765,INDETERMINATE,32,0,data/test/3sat/400/3sat_127.cnf,0.0051624774932861,0.093358,0.310126781463623,0.3152892589569092,60.38514725895691,3sat_127.cnf,local_reopen_guarded,+ Local Boundary Correction,0,False,True,runs/analysis/full400_repeated_runtime/raw/local_reopen_guarded/repeat0.csv
33,2.0,238642.0,275833.0,14368684.0,8.23898,SATISFIABLE,33,0,data/test/3sat/400/3sat_128.cnf,0.0051624774932861,0.106961,0.310126781463623,0.3152892589569092,8.661230258956909,3sat_128.cnf,local_reopen_guarded,+ Local Boundary Correction,0,True,False,runs/analysis/full400_repeated_runtime/raw/local_reopen_guarded/repeat0.csv
34,1.0,28034.0,33114.0,1750425.0,0.765371,SATISFIABLE,34,0,data/test/3sat/400/3sat_129.cnf,0.0051624774932861,0.09135,0.310126781463623,0.3152892589569092,1.1720102589569092,3sat_129.cnf,local_reopen_guarded,+ Local Boundary Correction,0,True,False,runs/analysis/full400_repeated_runtime/raw/local_reopen_guarded/repeat0.csv
35,2.0,1474573.0,1686578.0,85984408.0,59.9871,INDETERMINATE,35,0,data/test/3sat/400/3sat_13.cnf,0.0051624774932861,0.102609,0.310126781463623,0.3152892589569092,60.40499825895691,3sat_13.cnf,local_reopen_guarded,+ Local Boundary Correction,0,False,True,runs/analysis/full400_repeated_runtime/raw/local_reopen_guarded/repeat0.csv
36,2.0,121568.0,139021.0,7304329.0,4.32683,SATISFIABLE,36,0,data/test/3sat/400/3sat_130.cnf,0.0051624774932861,0.089112,0.310126781463623,0.3152892589569092,4.731231258956909,3sat_130.cnf,local_reopen_guarded,+ Local Boundary Correction,0,True,False,runs/analysis/full400_repeated_runtime/raw/local_reopen_guarded/repeat0.csv
37,1.0,82086.0,96037.0,5035591.0,3.21131,SATISFIABLE,37,0,data/test/3sat/400/3sat_131.cnf,0.0051624774932861,0.096555,0.310126781463623,0.3152892589569092,3.623154258956909,3sat_131.cnf,local_reopen_guarded,+ Local Boundary Correction,0,True,False,runs/analysis/full400_repeated_runtime/raw/local_reopen_guarded/repeat0.csv
38,1.0,2692.0,3354.0,172420.0,0.054175,SATISFIABLE,38,0,data/test/3sat/400/3sat_132.cnf,0.0051624774932861,0.0964879999999999,0.310126781463623,0.3152892589569092,0.4659522589569091,3sat_132.cnf,local_reopen_guarded,+ Local Boundary Correction,0,True,False,runs/analysis/full400_repeated_runtime/raw/local_reopen_guarded/repeat0.csv
39,2.0,1423465.0,1645801.0,82898172.0,59.9852,INDETERMINATE,39,0,data/test/3sat/400/3sat_133.cnf,0.0051624774932861,0.086544,0.310126781463623,0.3152892589569092,60.38703325895691,3sat_133.cnf,local_reopen_guarded,+ Local Boundary Correction,0,False,True,runs/analysis/full400_repeated_runtime/raw/local_reopen_guarded/repeat0.csv
40,2.0,1431256.0,1638176.0,80036354.0,59.9792,INDETERMINATE,40,0,data/test/3sat/400/3sat_134.cnf,0.0053703784942626,0.096511,0.326322078704834,0.3316924571990967,60.407403457199095,3sat_134.cnf,local_reopen_guarded,+ Local Boundary Correction,0,False,True,runs/analysis/full400_repeated_runtime/raw/local_reopen_guarded/repeat0.csv
41,2.0,1567845.0,1784475.0,87505389.0,59.9978,INDETERMINATE,41,0,data/test/3sat/400/3sat_135.cnf,0.0053703784942626,0.099797,0.326322078704834,0.3316924571990967,60.4292894571991,3sat_135.cnf,local_reopen_guarded,+ Local Boundary Correction,0,False,True,runs/analysis/full400_repeated_runtime/raw/local_reopen_guarded/repeat0.csv
42,2.0,1442093.0,1653816.0,84651738.0,59.9693,INDETERMINATE,42,0,data/test/3sat/400/3sat_136.cnf,0.0053703784942626,0.100649,0.326322078704834,0.3316924571990967,60.40164145719909,3sat_136.cnf,local_reopen_guarded,+ Local Boundary Correction,0,False,True,runs/analysis/full400_repeated_runtime/raw/local_reopen_guarded/repeat0.csv
43,2.0,1472159.0,1668837.0,79465949.0,59.9713,INDETERMINATE,43,0,data/test/3sat/400/3sat_137.cnf,0.0053703784942626,0.098524,0.326322078704834,0.3316924571990967,60.40151645719909,3sat_137.cnf,local_reopen_guarded,+ Local Boundary Correction,0,False,True,runs/analysis/full400_repeated_runtime/raw/local_reopen_guarded/repeat0.csv
44,2.0,1541933.0,1754229.0,89105182.0,59.9765,INDETERMINATE,44,0,data/test/3sat/400/3sat_138.cnf,0.0053703784942626,0.085334,0.326322078704834,0.3316924571990967,60.3935264571991,3sat_138.cnf,local_reopen_guarded,+ Local Boundary Correction,0,False,True,runs/analysis/full400_repeated_runtime/raw/local_reopen_guarded/repeat0.csv
45,2.0,1506242.0,1731299.0,86065244.0,59.9779,INDETERMINATE,45,0,data/test/3sat/400/3sat_139.cnf,0.0053703784942626,0.0930699999999999,0.326322078704834,0.3316924571990967,60.40266245719909,3sat_139.cnf,local_reopen_guarded,+ Local Boundary Correction,0,False,True,runs/analysis/full400_repeated_runtime/raw/local_reopen_guarded/repeat0.csv
46,2.0,133587.0,154405.0,8365184.0,5.28274,SATISFIABLE,46,0,data/test/3sat/400/3sat_14.cnf,0.0053703784942626,0.094698,0.326322078704834,0.3316924571990967,5.709130457199097,3sat_14.cnf,local_reopen_guarded,+ Local Boundary Correction,0,True,False,runs/analysis/full400_repeated_runtime/raw/local_reopen_guarded/repeat0.csv
47,2.0,135171.0,155254.0,8243385.0,4.87209,SATISFIABLE,47,0,data/test/3sat/400/3sat_140.cnf,0.0053703784942626,0.096612,0.326322078704834,0.3316924571990967,5.300394457199097,3sat_140.cnf,local_reopen_guarded,+ Local Boundary Correction,0,True,False,runs/analysis/full400_repeated_runtime/raw/local_reopen_guarded/repeat0.csv
48,1.0,71109.0,82102.0,4299119.0,2.94993,SATISFIABLE,48,0,data/test/3sat/400/3sat_141.cnf,0.0053703784942626,0.092556,0.326322078704834,0.3316924571990967,3.374178457199097,3sat_141.cnf,local_reopen_guarded,+ Local Boundary Correction,0,True,False,runs/analysis/full400_repeated_runtime/raw/local_reopen_guarded/repeat0.csv
49,1.0,61037.0,70865.0,3765471.0,2.01882,SATISFIABLE,49,0,data/test/3sat/400/3sat_142.cnf,0.0053703784942626,0.0951799999999999,0.326322078704834,0.3316924571990967,2.445692457199097,3sat_142.cnf,local_reopen_guarded,+ Local Boundary Correction,0,True,False,runs/analysis/full400_repeated_runtime/raw/local_reopen_guarded/repeat0.csv
50,2.0,1440493.0,1654283.0,82831293.0,59.9797,INDETERMINATE,50,0,data/test/3sat/400/3sat_143.cnf,0.0048768520355224,0.092656,0.3883945941925049,0.3932714462280273,60.46562744622803,3sat_143.cnf,local_reopen_guarded,+ Local Boundary Correction,0,False,True,runs/analysis/full400_repeated_runtime/raw/local_reopen_guarded/repeat0.csv
51,2.0,1373614.0,1560518.0,76538807.0,59.9511,INDETERMINATE,51,0,data/test/3sat/400/3sat_144.cnf,0.0048768520355224,0.0877169999999999,0.3883945941925049,0.3932714462280273,60.43208844622802,3sat_144.cnf,local_reopen_guarded,+ Local Boundary Correction,0,False,True,runs/analysis/full400_repeated_runtime/raw/local_reopen_guarded/repeat0.csv
52,2.0,1403422.0,1622966.0,80254429.0,59.9832,INDETERMINATE,52,0,data/test/3sat/400/3sat_145.cnf,0.0048768520355224,0.093474,0.3883945941925049,0.3932714462280273,60.46994544622802,3sat_145.cnf,local_reopen_guarded,+ Local Boundary Correction,0,False,True,runs/analysis/full400_repeated_runtime/raw/local_reopen_guarded/repeat0.csv
53,2.0,1457884.0,1668802.0,81819793.0,59.9981,INDETERMINATE,53,0,data/test/3sat/400/3sat_146.cnf,0.0048768520355224,0.088904,0.3883945941925049,0.3932714462280273,60.48027544622803,3sat_146.cnf,local_reopen_guarded,+ Local Boundary Correction,0,False,True,runs/analysis/full400_repeated_runtime/raw/local_reopen_guarded/repeat0.csv
54,2.0,392510.0,450448.0,23393708.0,12.8915,SATISFIABLE,54,0,data/test/3sat/400/3sat_147.cnf,0.0048768520355224,0.082471,0.3883945941925049,0.3932714462280273,13.367242446228028,3sat_147.cnf,local_reopen_guarded,+ Local Boundary Correction,0,True,False,runs/analysis/full400_repeated_runtime/raw/local_reopen_guarded/repeat0.csv
55,2.0,1503574.0,1727658.0,87854605.0,59.9736,INDETERMINATE,55,0,data/test/3sat/400/3sat_148.cnf,0.0048768520355224,0.102375,0.3883945941925049,0.3932714462280273,60.46924644622803,3sat_148.cnf,local_reopen_guarded,+ Local Boundary Correction,0,False,True,runs/analysis/full400_repeated_runtime/raw/local_reopen_guarded/repeat0.csv
56,1.0,97366.0,112279.0,5819460.0,3.77533,SATISFIABLE,56,0,data/test/3sat/400/3sat_149.cnf,0.0048768520355224,0.079258,0.3883945941925049,0.3932714462280273,4.247859446228027,3sat_149.cnf,local_reopen_guarded,+ Local Boundary Correction,0,True,False,runs/analysis/full400_repeated_runtime/raw/local_reopen_guarded/repeat0.csv
57,2.0,1473299.0,1674370.0,83793306.0,59.9867,INDETERMINATE,57,0,data/test/3sat/400/3sat_15.cnf,0.0048768520355224,0.088279,0.3883945941925049,0.3932714462280273,60.468250446228026,3sat_15.cnf,local_reopen_guarded,+ Local Boundary Correction,0,False,True,runs/analysis/full400_repeated_runtime/raw/local_reopen_guarded/repeat0.csv
58,1.0,16970.0,19929.0,1057698.0,0.380492,SATISFIABLE,58,0,data/test/3sat/400/3sat_150.cnf,0.0048768520355224,0.087784,0.3883945941925049,0.3932714462280273,0.8615474462280274,3sat_150.cnf,local_reopen_guarded,+ Local Boundary Correction,0,True,False,runs/analysis/full400_repeated_runtime/raw/local_reopen_guarded/repeat0.csv
59,2.0,1432324.0,1627119.0,82622914.0,59.9879,INDETERMINATE,59,0,data/test/3sat/400/3sat_151.cnf,0.0048768520355224,0.103266,0.3883945941925049,0.3932714462280273,60.48443744622803,3sat_151.cnf,local_reopen_guarded,+ Local Boundary Correction,0,False,True,runs/analysis/full400_repeated_runtime/raw/local_reopen_guarded/repeat0.csv
60,2.0,1488002.0,1713385.0,83450189.0,59.9733,INDETERMINATE,60,0,data/test/3sat/400/3sat_152.cnf,0.0052549839019775,0.090012,0.3251972198486328,0.3304522037506103,60.39376420375061,3sat_152.cnf,local_reopen_guarded,+ Local Boundary Correction,0,False,True,runs/analysis/full400_repeated_runtime/raw/local_reopen_guarded/repeat0.csv
61,2.0,1403151.0,1599534.0,78765910.0,59.9711,INDETERMINATE,61,0,data/test/3sat/400/3sat_153.cnf,0.0052549839019775,0.092093,0.3251972198486328,0.3304522037506103,60.39364520375061,3sat_153.cnf,local_reopen_guarded,+ Local Boundary Correction,0,False,True,runs/analysis/full400_repeated_runtime/raw/local_reopen_guarded/repeat0.csv
62,1.0,9781.0,11606.0,611335.0,0.210269,SATISFIABLE,62,0,data/test/3sat/400/3sat_154.cnf,0.0052549839019775,0.096943,0.3251972198486328,0.3304522037506103,0.6376642037506104,3sat_154.cnf,local_reopen_guarded,+ Local Boundary Correction,0,True,False,runs/analysis/full400_repeated_runtime/raw/local_reopen_guarded/repeat0.csv
63,2.0,1482034.0,1688462.0,82805496.0,59.9864,INDETERMINATE,63,0,data/test/3sat/400/3sat_155.cnf,0.0052549839019775,0.092985,0.3251972198486328,0.3304522037506103,60.40983720375061,3sat_155.cnf,local_reopen_guarded,+ Local Boundary Correction,0,False,True,runs/analysis/full400_repeated_runtime/raw/local_reopen_guarded/repeat0.csv
64,2.0,1449693.0,1653939.0,82253697.0,59.9941,INDETERMINATE,64,0,data/test/3sat/400/3sat_156.cnf,0.0052549839019775,0.091442,0.3251972198486328,0.3304522037506103,60.41599420375061,3sat_156.cnf,local_reopen_guarded,+ Local Boundary Correction,0,False,True,runs/analysis/full400_repeated_runtime/raw/local_reopen_guarded/repeat0.csv
65,2.0,873297.0,1013956.0,52333641.0,34.0437,SATISFIABLE,65,0,data/test/3sat/400/3sat_157.cnf,0.0052549839019775,0.102773,0.3251972198486328,0.3304522037506103,34.47692520375061,3sat_157.cnf,local_reopen_guarded,+ Local Boundary Correction,0,True,False,runs/analysis/full400_repeated_runtime/raw/local_reopen_guarded/repeat0.csv
66,2.0,1474515.0,1670294.0,82059217.0,59.9936,INDETERMINATE,66,0,data/test/3sat/400/3sat_158.cnf,0.0052549839019775,0.0918799999999999,0.3251972198486328,0.3304522037506103,60.41593220375061,3sat_158.cnf,local_reopen_guarded,+ Local Boundary Correction,0,False,True,runs/analysis/full400_repeated_runtime/raw/local_reopen_guarded/repeat0.csv
67,2.0,1491799.0,1713175.0,85836177.0,59.9801,INDETERMINATE,67,0,data/test/3sat/400/3sat_159.cnf,0.0052549839019775,0.08351,0.3251972198486328,0.3304522037506103,60.39406220375061,3sat_159.cnf,local_reopen_guarded,+ Local Boundary Correction,0,False,True,runs/analysis/full400_repeated_runtime/raw/local_reopen_guarded/repeat0.csv
68,2.0,1536538.0,1745516.0,88210408.0,59.9828,INDETERMINATE,68,0,data/test/3sat/400/3sat_16.cnf,0.0052549839019775,0.093978,0.3251972198486328,0.3304522037506103,60.40723020375061,3sat_16.cnf,local_reopen_guarded,+ Local Boundary Correction,0,False,True,runs/analysis/full400_repeated_runtime/raw/local_reopen_guarded/repeat0.csv
69,2.0,1490399.0,1706482.0,83177700.0,59.9753,INDETERMINATE,69,0,data/test/3sat/400/3sat_160.cnf,0.0052549839019775,0.08945,0.3251972198486328,0.3304522037506103,60.39520220375061,3sat_160.cnf,local_reopen_guarded,+ Local Boundary Correction,0,False,True,runs/analysis/full400_repeated_runtime/raw/local_reopen_guarded/repeat0.csv
70,2.0,1543239.0,1757164.0,89277268.0,59.9839,INDETERMINATE,70,0,data/test/3sat/400/3sat_161.cnf,0.0045702457427978,0.097405,0.2786030769348144,0.2831733226776123,60.36447832267761,3sat_161.cnf,local_reopen_guarded,+ Local Boundary Correction,0,False,True,runs/analysis/full400_repeated_runtime/raw/local_reopen_guarded/repeat0.csv
71,2.0,1374867.0,1554918.0,77483815.0,59.9787,INDETERMINATE,71,0,data/test/3sat/400/3sat_162.cnf,0.0045702457427978,0.091044,0.2786030769348144,0.2831733226776123,60.35291732267761,3sat_162.cnf,local_reopen_guarded,+ Local Boundary Correction,0,False,True,runs/analysis/full400_repeated_runtime/raw/local_reopen_guarded/repeat0.csv
72,2.0,915021.0,1050086.0,53803425.0,34.733,SATISFIABLE,72,0,data/test/3sat/400/3sat_163.cnf,0.0045702457427978,0.085725,0.2786030769348144,0.2831733226776123,35.101898322677606,3sat_163.cnf,local_reopen_guarded,+ Local Boundary Correction,0,True,False,runs/analysis/full400_repeated_runtime/raw/local_reopen_guarded/repeat0.csv
73,2.0,1501047.0,1722648.0,87237815.0,59.971,INDETERMINATE,73,0,data/test/3sat/400/3sat_164.cnf,0.0045702457427978,0.096974,0.2786030769348144,0.2831733226776123,60.35114732267761,3sat_164.cnf,local_reopen_guarded,+ Local Boundary Correction,0,False,True,runs/analysis/full400_repeated_runtime/raw/local_reopen_guarded/repeat0.csv
74,1.0,1169.0,1491.0,77588.0,0.019101,SATISFIABLE,74,0,data/test/3sat/400/3sat_165.cnf,0.0045702457427978,0.111333,0.2786030769348144,0.2831733226776123,0.4136073226776123,3sat_165.cnf,local_reopen_guarded,+ Local Boundary Correction,0,True,False,runs/analysis/full400_repeated_runtime/raw/local_reopen_guarded/repeat0.csv
75,2.0,1563345.0,1786694.0,88233102.0,59.9862,INDETERMINATE,75,0,data/test/3sat/400/3sat_166.cnf,0.0045702457427978,0.095814,0.2786030769348144,0.2831733226776123,60.365187322677606,3sat_166.cnf,local_reopen_guarded,+ Local Boundary Correction,0,False,True,runs/analysis/full400_repeated_runtime/raw/local_reopen_guarded/repeat0.csv
76,2.0,399529.0,460797.0,23951550.0,12.8765,SATISFIABLE,76,0,data/test/3sat/400/3sat_167.cnf,0.0045702457427978,0.0902689999999999,0.2786030769348144,0.2831733226776123,13.249942322677612,3sat_167.cnf,local_reopen_guarded,+ Local Boundary Correction,0,True,False,runs/analysis/full400_repeated_runtime/raw/local_reopen_guarded/repeat0.csv
77,2.0,1409468.0,1593696.0,80705755.0,59.9825,INDETERMINATE,77,0,data/test/3sat/400/3sat_168.cnf,0.0045702457427978,0.090271,0.2786030769348144,0.2831733226776123,60.355944322677615,3sat_168.cnf,local_reopen_guarded,+ Local Boundary Correction,0,False,True,runs/analysis/full400_repeated_runtime/raw/local_reopen_guarded/repeat0.csv
78,2.0,1458978.0,1674751.0,84230800.0,59.9882,INDETERMINATE,78,0,data/test/3sat/400/3sat_169.cnf,0.0045702457427978,0.097884,0.2786030769348144,0.2831733226776123,60.36925732267761,3sat_169.cnf,local_reopen_guarded,+ Local Boundary Correction,0,False,True,runs/analysis/full400_repeated_runtime/raw/local_reopen_guarded/repeat0.csv
79,2.0,1354253.0,1551548.0,76159281.0,59.9645,INDETERMINATE,79,0,data/test/3sat/400/3sat_17.cnf,0.0045702457427978,0.089266,0.2786030769348144,0.2831733226776123,60.336939322677615,3sat_17.cnf,local_reopen_guarded,+ Local Boundary Correction,0,False,True,runs/analysis/full400_repeated_runtime/raw/local_reopen_guarded/repeat0.csv
80,2.0,1388899.0,1584972.0,77309562.0,59.9882,INDETERMINATE,80,0,data/test/3sat/400/3sat_170.cnf,0.0044496059417724,0.078696,0.3104569911956787,0.3149065971374511,60.38180259713745,3sat_170.cnf,local_reopen_guarded,+ Local Boundary Correction,0,False,True,runs/analysis/full400_repeated_runtime/raw/local_reopen_guarded/repeat0.csv
81,2.0,1394874.0,1589175.0,79267015.0,59.978,INDETERMINATE,81,0,data/test/3sat/400/3sat_171.cnf,0.0044496059417724,0.084373,0.3104569911956787,0.3149065971374511,60.37727959713745,3sat_171.cnf,local_reopen_guarded,+ Local Boundary Correction,0,False,True,runs/analysis/full400_repeated_runtime/raw/local_reopen_guarded/repeat0.csv
82,2.0,1416293.0,1635158.0,82359101.0,59.9858,INDETERMINATE,82,0,data/test/3sat/400/3sat_172.cnf,0.0044496059417724,0.09193,0.3104569911956787,0.3149065971374511,60.39263659713745,3sat_172.cnf,local_reopen_guarded,+ Local Boundary Correction,0,False,True,runs/analysis/full400_repeated_runtime/raw/local_reopen_guarded/repeat0.csv
83,2.0,1445596.0,1652823.0,82927080.0,59.9805,INDETERMINATE,83,0,data/test/3sat/400/3sat_173.cnf,0.0044496059417724,0.088344,0.3104569911956787,0.3149065971374511,60.38375059713745,3sat_173.cnf,local_reopen_guarded,+ Local Boundary Correction,0,False,True,runs/analysis/full400_repeated_runtime/raw/local_reopen_guarded/repeat0.csv
84,2.0,1456612.0,1652987.0,81878581.0,59.9796,INDETERMINATE,84,0,data/test/3sat/400/3sat_174.cnf,0.0044496059417724,0.098033,0.3104569911956787,0.3149065971374511,60.39253959713745,3sat_174.cnf,local_reopen_guarded,+ Local Boundary Correction,0,False,True,runs/analysis/full400_repeated_runtime/raw/local_reopen_guarded/repeat0.csv
85,2.0,1451926.0,1655582.0,80878284.0,59.9725,INDETERMINATE,85,0,data/test/3sat/400/3sat_175.cnf,0.0044496059417724,0.0939559999999999,0.3104569911956787,0.3149065971374511,60.381362597137446,3sat_175.cnf,local_reopen_guarded,+ Local Boundary Correction,0,False,True,runs/analysis/full400_repeated_runtime/raw/local_reopen_guarded/repeat0.csv
86,1.0,44850.0,52377.0,2659490.0,1.44528,SATISFIABLE,86,0,data/test/3sat/400/3sat_176.cnf,0.0044496059417724,0.091575,0.3104569911956787,0.3149065971374511,1.851761597137451,3sat_176.cnf,local_reopen_guarded,+ Local Boundary Correction,0,True,False,runs/analysis/full400_repeated_runtime/raw/local_reopen_guarded/repeat0.csv
87,2.0,1439891.0,1631510.0,82800841.0,59.993,INDETERMINATE,87,0,data/test/3sat/400/3sat_177.cnf,0.0044496059417724,0.096353,0.3104569911956787,0.3149065971374511,60.404259597137454,3sat_177.cnf,local_reopen_guarded,+ Local Boundary Correction,0,False,True,runs/analysis/full400_repeated_runtime/raw/local_reopen_guarded/repeat0.csv
88,2.0,1530708.0,1770674.0,88717038.0,59.9825,INDETERMINATE,88,0,data/test/3sat/400/3sat_178.cnf,0.0044496059417724,0.103946,0.3104569911956787,0.3149065971374511,60.40135259713745,3sat_178.cnf,local_reopen_guarded,+ Local Boundary Correction,0,False,True,runs/analysis/full400_repeated_runtime/raw/local_reopen_guarded/repeat0.csv
89,2.0,1502607.0,1710888.0,86347005.0,59.9856,INDETERMINATE,89,0,data/test/3sat/400/3sat_179.cnf,0.0044496059417724,0.1002579999999999,0.3104569911956787,0.3149065971374511,60.400764597137446,3sat_179.cnf,local_reopen_guarded,+ Local Boundary Correction,0,False,True,runs/analysis/full400_repeated_runtime/raw/local_reopen_guarded/repeat0.csv
90,2.0,1412177.0,1614022.0,81122668.0,59.9697,INDETERMINATE,90,0,data/test/3sat/400/3sat_18.cnf,0.004976749420166,0.086,0.2993144989013672,0.3042912483215332,60.359991248321535,3sat_18.cnf,local_reopen_guarded,+ Local Boundary Correction,0,False,True,runs/analysis/full400_repeated_runtime/raw/local_reopen_guarded/repeat0.csv
91,2.0,479866.0,551097.0,28918715.0,16.8673,SATISFIABLE,91,0,data/test/3sat/400/3sat_180.cnf,0.004976749420166,0.091745,0.2993144989013672,0.3042912483215332,17.263336248321533,3sat_180.cnf,local_reopen_guarded,+ Local Boundary Correction,0,True,False,runs/analysis/full400_repeated_runtime/raw/local_reopen_guarded/repeat0.csv
92,1.0,52050.0,59791.0,3130772.0,1.83882,SATISFIABLE,92,0,data/test/3sat/400/3sat_181.cnf,0.004976749420166,0.095402,0.2993144989013672,0.3042912483215332,2.2385132483215333,3sat_181.cnf,local_reopen_guarded,+ Local Boundary Correction,0,True,False,runs/analysis/full400_repeated_runtime/raw/local_reopen_guarded/repeat0.csv
93,2.0,1481000.0,1695101.0,81091797.0,59.9762,INDETERMINATE,93,0,data/test/3sat/400/3sat_182.cnf,0.004976749420166,0.092971,0.2993144989013672,0.3042912483215332,60.37346224832153,3sat_182.cnf,local_reopen_guarded,+ Local Boundary Correction,0,False,True,runs/analysis/full400_repeated_runtime/raw/local_reopen_guarded/repeat0.csv
94,2.0,1493556.0,1705693.0,83762952.0,59.9756,INDETERMINATE,94,0,data/test/3sat/400/3sat_183.cnf,0.004976749420166,0.083947,0.2993144989013672,0.3042912483215332,60.363838248321535,3sat_183.cnf,local_reopen_guarded,+ Local Boundary Correction,0,False,True,runs/analysis/full400_repeated_runtime/raw/local_reopen_guarded/repeat0.csv
95,2.0,1461741.0,1665106.0,83773581.0,59.9979,INDETERMINATE,95,0,data/test/3sat/400/3sat_184.cnf,0.004976749420166,0.0914379999999999,0.2993144989013672,0.3042912483215332,60.39362924832153,3sat_184.cnf,local_reopen_guarded,+ Local Boundary Correction,0,False,True,runs/analysis/full400_repeated_runtime/raw/local_reopen_guarded/repeat0.csv
96,2.0,1594504.0,1803219.0,89495366.0,59.9634,INDETERMINATE,96,0,data/test/3sat/400/3sat_185.cnf,0.004976749420166,0.093806,0.2993144989013672,0.3042912483215332,60.361497248321534,3sat_185.cnf,local_reopen_guarded,+ Local Boundary Correction,0,False,True,runs/analysis/full400_repeated_runtime/raw/local_reopen_guarded/repeat0.csv
97,2.0,1358341.0,1551986.0,74173905.0,59.9949,INDETERMINATE,97,0,data/test/3sat/400/3sat_186.cnf,0.004976749420166,0.0976819999999999,0.2993144989013672,0.3042912483215332,60.39687324832153,3sat_186.cnf,local_reopen_guarded,+ Local Boundary Correction,0,False,True,runs/analysis/full400_repeated_runtime/raw/local_reopen_guarded/repeat0.csv
98,2.0,1374450.0,1582090.0,77524453.0,59.9825,INDETERMINATE,98,0,data/test/3sat/400/3sat_187.cnf,0.004976749420166,0.092389,0.2993144989013672,0.3042912483215332,60.37918024832153,3sat_187.cnf,local_reopen_guarded,+ Local Boundary Correction,0,False,True,runs/analysis/full400_repeated_runtime/raw/local_reopen_guarded/repeat0.csv
99,2.0,892642.0,1020150.0,51846480.0,32.0602,SATISFIABLE,99,0,data/test/3sat/400/3sat_188.cnf,0.004976749420166,0.090144,0.2993144989013672,0.3042912483215332,32.45463524832154,3sat_188.cnf,local_reopen_guarded,+ Local Boundary Correction,0,True,False,runs/analysis/full400_repeated_runtime/raw/local_reopen_guarded/repeat0.csv
100,2.0,486885.0,560599.0,28846336.0,16.9419,SATISFIABLE,100,0,data/test/3sat/400/3sat_189.cnf,0.0052399635314941,0.087234,0.3105359077453613,0.3157758712768554,17.344909871276855,3sat_189.cnf,local_reopen_guarded,+ Local Boundary Correction,0,True,False,runs/analysis/full400_repeated_runtime/raw/local_reopen_guarded/repeat0.csv
101,1.0,32619.0,37875.0,1910478.0,1.06445,SATISFIABLE,101,0,data/test/3sat/400/3sat_19.cnf,0.0052399635314941,0.0916329999999999,0.3105359077453613,0.3157758712768554,1.4718588712768554,3sat_19.cnf,local_reopen_guarded,+ Local Boundary Correction,0,True,False,runs/analysis/full400_repeated_runtime/raw/local_reopen_guarded/repeat0.csv
102,1.0,1353.0,1762.0,87323.0,0.022049,SATISFIABLE,102,0,data/test/3sat/400/3sat_190.cnf,0.0052399635314941,0.097064,0.3105359077453613,0.3157758712768554,0.4348888712768555,3sat_190.cnf,local_reopen_guarded,+ Local Boundary Correction,0,True,False,runs/analysis/full400_repeated_runtime/raw/local_reopen_guarded/repeat0.csv
103,2.0,1440459.0,1656458.0,80301886.0,59.9612,INDETERMINATE,103,0,data/test/3sat/400/3sat_191.cnf,0.0052399635314941,0.086737,0.3105359077453613,0.3157758712768554,60.36371287127685,3sat_191.cnf,local_reopen_guarded,+ Local Boundary Correction,0,False,True,runs/analysis/full400_repeated_runtime/raw/local_reopen_guarded/repeat0.csv
104,2.0,1423844.0,1642396.0,80375350.0,59.9914,INDETERMINATE,104,0,data/test/3sat/400/3sat_192.cnf,0.0052399635314941,0.088713,0.3105359077453613,0.3157758712768554,60.39588887127685,3sat_192.cnf,local_reopen_guarded,+ Local Boundary Correction,0,False,True,runs/analysis/full400_repeated_runtime/raw/local_reopen_guarded/repeat0.csv
105,2.0,1396025.0,1593210.0,80784438.0,59.9798,INDETERMINATE,105,0,data/test/3sat/400/3sat_193.cnf,0.0052399635314941,0.096369,0.3105359077453613,0.3157758712768554,60.391944871276856,3sat_193.cnf,local_reopen_guarded,+ Local Boundary Correction,0,False,True,runs/analysis/full400_repeated_runtime/raw/local_reopen_guarded/repeat0.csv
106,2.0,1375220.0,1561406.0,78365164.0,59.9869,INDETERMINATE,106,0,data/test/3sat/400/3sat_194.cnf,0.0052399635314941,0.095087,0.3105359077453613,0.3157758712768554,60.39776287127685,3sat_194.cnf,local_reopen_guarded,+ Local Boundary Correction,0,False,True,runs/analysis/full400_repeated_runtime/raw/local_reopen_guarded/repeat0.csv
107,2.0,1505137.0,1717473.0,87821650.0,59.98,INDETERMINATE,107,0,data/test/3sat/400/3sat_195.cnf,0.0052399635314941,0.1015009999999999,0.3105359077453613,0.3157758712768554,60.39727687127685,3sat_195.cnf,local_reopen_guarded,+ Local Boundary Correction,0,False,True,runs/analysis/full400_repeated_runtime/raw/local_reopen_guarded/repeat0.csv
108,2.0,339864.0,392433.0,20520894.0,11.6571,SATISFIABLE,108,0,data/test/3sat/400/3sat_196.cnf,0.0052399635314941,0.095674,0.3105359077453613,0.3157758712768554,12.068549871276856,3sat_196.cnf,local_reopen_guarded,+ Local Boundary Correction,0,True,False,runs/analysis/full400_repeated_runtime/raw/local_reopen_guarded/repeat0.csv
109,2.0,1489695.0,1698496.0,83530303.0,59.9669,INDETERMINATE,109,0,data/test/3sat/400/3sat_197.cnf,0.0052399635314941,0.09174,0.3105359077453613,0.3157758712768554,60.37441587127686,3sat_197.cnf,local_reopen_guarded,+ Local Boundary Correction,0,False,True,runs/analysis/full400_repeated_runtime/raw/local_reopen_guarded/repeat0.csv
110,2.0,1547595.0,1780289.0,88346200.0,59.9834,INDETERMINATE,110,0,data/test/3sat/400/3sat_198.cnf,0.0051383972167968,0.093401,0.3097531795501709,0.3148915767669678,60.39169257676697,3sat_198.cnf,local_reopen_guarded,+ Local Boundary Correction,0,False,True,runs/analysis/full400_repeated_runtime/raw/local_reopen_guarded/repeat0.csv
111,2.0,1475965.0,1690816.0,82389595.0,59.9801,INDETERMINATE,111,0,data/test/3sat/400/3sat_199.cnf,0.0051383972167968,0.098514,0.3097531795501709,0.3148915767669678,60.39350557676697,3sat_199.cnf,local_reopen_guarded,+ Local Boundary Correction,0,False,True,runs/analysis/full400_repeated_runtime/raw/local_reopen_guarded/repeat0.csv
112,2.0,1425504.0,1627412.0,82797413.0,59.9135,INDETERMINATE,112,0,data/test/3sat/400/3sat_2.cnf,0.0051383972167968,0.099035,0.3097531795501709,0.3148915767669678,60.32742657676697,3sat_2.cnf,local_reopen_guarded,+ Local Boundary Correction,0,False,True,runs/analysis/full400_repeated_runtime/raw/local_reopen_guarded/repeat0.csv
113,2.0,361980.0,419239.0,21758927.0,12.3338,SATISFIABLE,113,0,data/test/3sat/400/3sat_20.cnf,0.0051383972167968,0.100135,0.3097531795501709,0.3148915767669678,12.748826576766968,3sat_20.cnf,local_reopen_guarded,+ Local Boundary Correction,0,True,False,runs/analysis/full400_repeated_runtime/raw/local_reopen_guarded/repeat0.csv
114,2.0,1435559.0,1661791.0,83560296.0,59.9827,INDETERMINATE,114,0,data/test/3sat/400/3sat_21.cnf,0.0051383972167968,0.088638,0.3097531795501709,0.3148915767669678,60.38622957676697,3sat_21.cnf,local_reopen_guarded,+ Local Boundary Correction,0,False,True,runs/analysis/full400_repeated_runtime/raw/local_reopen_guarded/repeat0.csv
115,1.0,43107.0,50298.0,2657822.0,1.40587,SATISFIABLE,115,0,data/test/3sat/400/3sat_22.cnf,0.0051383972167968,0.080606,0.3097531795501709,0.3148915767669678,1.8013675767669677,3sat_22.cnf,local_reopen_guarded,+ Local Boundary Correction,0,True,False,runs/analysis/full400_repeated_runtime/raw/local_reopen_guarded/repeat0.csv
116,2.0,1392966.0,1593760.0,77340359.0,59.9654,INDETERMINATE,116,0,data/test/3sat/400/3sat_23.cnf,0.0051383972167968,0.094836,0.3097531795501709,0.3148915767669678,60.37512757676697,3sat_23.cnf,local_reopen_guarded,+ Local Boundary Correction,0,False,True,runs/analysis/full400_repeated_runtime/raw/local_reopen_guarded/repeat0.csv
117,1.0,97677.0,112677.0,5872880.0,4.1412,SATISFIABLE,117,0,data/test/3sat/400/3sat_24.cnf,0.0051383972167968,0.0936019999999999,0.3097531795501709,0.3148915767669678,4.549693576766968,3sat_24.cnf,local_reopen_guarded,+ Local Boundary Correction,0,True,False,runs/analysis/full400_repeated_runtime/raw/local_reopen_guarded/repeat0.csv
118,1.0,41249.0,47888.0,2486997.0,1.19258,SATISFIABLE,118,0,data/test/3sat/400/3sat_25.cnf,0.0051383972167968,0.092917,0.3097531795501709,0.3148915767669678,1.6003885767669677,3sat_25.cnf,local_reopen_guarded,+ Local Boundary Correction,0,True,False,runs/analysis/full400_repeated_runtime/raw/local_reopen_guarded/repeat0.csv
119,2.0,1367011.0,1560597.0,78365230.0,59.9696,INDETERMINATE,119,0,data/test/3sat/400/3sat_26.cnf,0.0051383972167968,0.0938649999999999,0.3097531795501709,0.3148915767669678,60.37835657676697,3sat_26.cnf,local_reopen_guarded,+ Local Boundary Correction,0,False,True,runs/analysis/full400_repeated_runtime/raw/local_reopen_guarded/repeat0.csv
120,1.0,9470.0,11447.0,605518.0,0.196261,SATISFIABLE,120,0,data/test/3sat/400/3sat_27.cnf,0.0051705837249755,0.099315,0.2859518527984619,0.2911224365234375,0.5866984365234376,3sat_27.cnf,local_reopen_guarded,+ Local Boundary Correction,0,True,False,runs/analysis/full400_repeated_runtime/raw/local_reopen_guarded/repeat0.csv
121,2.0,1515648.0,1734802.0,85876117.0,59.9885,INDETERMINATE,121,0,data/test/3sat/400/3sat_28.cnf,0.0051705837249755,0.098011,0.2859518527984619,0.2911224365234375,60.37763343652344,3sat_28.cnf,local_reopen_guarded,+ Local Boundary Correction,0,False,True,runs/analysis/full400_repeated_runtime/raw/local_reopen_guarded/repeat0.csv
122,2.0,1556064.0,1772993.0,89449617.0,59.9896,INDETERMINATE,122,0,data/test/3sat/400/3sat_29.cnf,0.0051705837249755,0.092416,0.2859518527984619,0.2911224365234375,60.37313843652344,3sat_29.cnf,local_reopen_guarded,+ Local Boundary Correction,0,False,True,runs/analysis/full400_repeated_runtime/raw/local_reopen_guarded/repeat0.csv
123,2.0,1550028.0,1777444.0,91152139.0,59.982,INDETERMINATE,123,0,data/test/3sat/400/3sat_3.cnf,0.0051705837249755,0.079877,0.2859518527984619,0.2911224365234375,60.35299943652344,3sat_3.cnf,local_reopen_guarded,+ Local Boundary Correction,0,False,True,runs/analysis/full400_repeated_runtime/raw/local_reopen_guarded/repeat0.csv
124,2.0,1407803.0,1609519.0,80088526.0,59.9829,INDETERMINATE,124,0,data/test/3sat/400/3sat_30.cnf,0.0051705837249755,0.103111,0.2859518527984619,0.2911224365234375,60.37713343652344,3sat_30.cnf,local_reopen_guarded,+ Local Boundary Correction,0,False,True,runs/analysis/full400_repeated_runtime/raw/local_reopen_guarded/repeat0.csv
125,2.0,1373301.0,1582191.0,77426837.0,59.9321,INDETERMINATE,125,0,data/test/3sat/400/3sat_31.cnf,0.0051705837249755,0.085122,0.2859518527984619,0.2911224365234375,60.30834443652344,3sat_31.cnf,local_reopen_guarded,+ Local Boundary Correction,0,False,True,runs/analysis/full400_repeated_runtime/raw/local_reopen_guarded/repeat0.csv
126,2.0,1470696.0,1672680.0,82582278.0,59.9617,INDETERMINATE,126,0,data/test/3sat/400/3sat_32.cnf,0.0051705837249755,0.093783,0.2859518527984619,0.2911224365234375,60.34660543652344,3sat_32.cnf,local_reopen_guarded,+ Local Boundary Correction,0,False,True,runs/analysis/full400_repeated_runtime/raw/local_reopen_guarded/repeat0.csv
127,2.0,1410082.0,1617769.0,80436927.0,59.9789,INDETERMINATE,127,0,data/test/3sat/400/3sat_33.cnf,0.0051705837249755,0.092414,0.2859518527984619,0.2911224365234375,60.36243643652344,3sat_33.cnf,local_reopen_guarded,+ Local Boundary Correction,0,False,True,runs/analysis/full400_repeated_runtime/raw/local_reopen_guarded/repeat0.csv
128,2.0,1579829.0,1814922.0,90414384.0,59.9918,INDETERMINATE,128,0,data/test/3sat/400/3sat_34.cnf,0.0051705837249755,0.0917159999999999,0.2859518527984619,0.2911224365234375,60.37463843652343,3sat_34.cnf,local_reopen_guarded,+ Local Boundary Correction,0,False,True,runs/analysis/full400_repeated_runtime/raw/local_reopen_guarded/repeat0.csv
129,2.0,1514087.0,1738725.0,83392279.0,59.9884,INDETERMINATE,129,0,data/test/3sat/400/3sat_35.cnf,0.0051705837249755,0.084784,0.2859518527984619,0.2911224365234375,60.36430643652344,3sat_35.cnf,local_reopen_guarded,+ Local Boundary Correction,0,False,True,runs/analysis/full400_repeated_runtime/raw/local_reopen_guarded/repeat0.csv
130,2.0,1467490.0,1679368.0,82419333.0,59.9757,INDETERMINATE,130,0,data/test/3sat/400/3sat_36.cnf,0.0047063827514648,0.088013,0.3111541271209717,0.3158605098724365,60.37957350987244,3sat_36.cnf,local_reopen_guarded,+ Local Boundary Correction,0,False,True,runs/analysis/full400_repeated_runtime/raw/local_reopen_guarded/repeat0.csv
131,2.0,1530165.0,1736930.0,86040890.0,59.9859,INDETERMINATE,131,0,data/test/3sat/400/3sat_37.cnf,0.0047063827514648,0.087177,0.3111541271209717,0.3158605098724365,60.388937509872434,3sat_37.cnf,local_reopen_guarded,+ Local Boundary Correction,0,False,True,runs/analysis/full400_repeated_runtime/raw/local_reopen_guarded/repeat0.csv
132,2.0,1493268.0,1704991.0,85247799.0,59.9784,INDETERMINATE,132,0,data/test/3sat/400/3sat_38.cnf,0.0047063827514648,0.081588,0.3111541271209717,0.3158605098724365,60.37584850987244,3sat_38.cnf,local_reopen_guarded,+ Local Boundary Correction,0,False,True,runs/analysis/full400_repeated_runtime/raw/local_reopen_guarded/repeat0.csv
133,2.0,1459717.0,1679502.0,81704810.0,59.9913,INDETERMINATE,133,0,data/test/3sat/400/3sat_39.cnf,0.0047063827514648,0.080105,0.3111541271209717,0.3158605098724365,60.38726550987244,3sat_39.cnf,local_reopen_guarded,+ Local Boundary Correction,0,False,True,runs/analysis/full400_repeated_runtime/raw/local_reopen_guarded/repeat0.csv
134,2.0,1527456.0,1743618.0,85858294.0,59.9964,INDETERMINATE,134,0,data/test/3sat/400/3sat_4.cnf,0.0047063827514648,0.099969,0.3111541271209717,0.3158605098724365,60.41222950987244,3sat_4.cnf,local_reopen_guarded,+ Local Boundary Correction,0,False,True,runs/analysis/full400_repeated_runtime/raw/local_reopen_guarded/repeat0.csv
135,2.0,1517773.0,1734406.0,86370372.0,59.977,INDETERMINATE,135,0,data/test/3sat/400/3sat_40.cnf,0.0047063827514648,0.092524,0.3111541271209717,0.3158605098724365,60.38538450987243,3sat_40.cnf,local_reopen_guarded,+ Local Boundary Correction,0,False,True,runs/analysis/full400_repeated_runtime/raw/local_reopen_guarded/repeat0.csv
136,2.0,1357770.0,1541751.0,75579339.0,59.9787,INDETERMINATE,136,0,data/test/3sat/400/3sat_41.cnf,0.0047063827514648,0.085764,0.3111541271209717,0.3158605098724365,60.38032450987244,3sat_41.cnf,local_reopen_guarded,+ Local Boundary Correction,0,False,True,runs/analysis/full400_repeated_runtime/raw/local_reopen_guarded/repeat0.csv
137,2.0,1560012.0,1772647.0,84730855.0,59.976,INDETERMINATE,137,0,data/test/3sat/400/3sat_42.cnf,0.0047063827514648,0.08901,0.3111541271209717,0.3158605098724365,60.38087050987244,3sat_42.cnf,local_reopen_guarded,+ Local Boundary Correction,0,False,True,runs/analysis/full400_repeated_runtime/raw/local_reopen_guarded/repeat0.csv
138,2.0,1436218.0,1633125.0,82001337.0,59.9904,INDETERMINATE,138,0,data/test/3sat/400/3sat_43.cnf,0.0047063827514648,0.098323,0.3111541271209717,0.3158605098724365,60.40458350987244,3sat_43.cnf,local_reopen_guarded,+ Local Boundary Correction,0,False,True,runs/analysis/full400_repeated_runtime/raw/local_reopen_guarded/repeat0.csv
139,2.0,1441294.0,1650702.0,83269550.0,59.973,INDETERMINATE,139,0,data/test/3sat/400/3sat_44.cnf,0.0047063827514648,0.092832,0.3111541271209717,0.3158605098724365,60.38169250987244,3sat_44.cnf,local_reopen_guarded,+ Local Boundary Correction,0,False,True,runs/analysis/full400_repeated_runtime/raw/local_reopen_guarded/repeat0.csv
140,2.0,1500775.0,1692056.0,83783183.0,59.9705,INDETERMINATE,140,0,data/test/3sat/400/3sat_45.cnf,0.0050280094146728,0.091307,0.3005940914154053,0.3056221008300781,60.36742910083008,3sat_45.cnf,local_reopen_guarded,+ Local Boundary Correction,0,False,True,runs/analysis/full400_repeated_runtime/raw/local_reopen_guarded/repeat0.csv
141,1.0,9772.0,11592.0,590576.0,0.210336,SATISFIABLE,141,0,data/test/3sat/400/3sat_46.cnf,0.0050280094146728,0.083551,0.3005940914154053,0.3056221008300781,0.5995091008300781,3sat_46.cnf,local_reopen_guarded,+ Local Boundary Correction,0,True,False,runs/analysis/full400_repeated_runtime/raw/local_reopen_guarded/repeat0.csv
142,1.0,63966.0,73444.0,4017900.0,2.48357,SATISFIABLE,142,0,data/test/3sat/400/3sat_47.cnf,0.0050280094146728,0.093817,0.3005940914154053,0.3056221008300781,2.883009100830078,3sat_47.cnf,local_reopen_guarded,+ Local Boundary Correction,0,True,False,runs/analysis/full400_repeated_runtime/raw/local_reopen_guarded/repeat0.csv
143,2.0,1449915.0,1658858.0,80937320.0,59.9829,INDETERMINATE,143,0,data/test/3sat/400/3sat_48.cnf,0.0050280094146728,0.097562,0.3005940914154053,0.3056221008300781,60.38608410083008,3sat_48.cnf,local_reopen_guarded,+ Local Boundary Correction,0,False,True,runs/analysis/full400_repeated_runtime/raw/local_reopen_guarded/repeat0.csv
144,2.0,1392614.0,1596555.0,80593965.0,59.9678,INDETERMINATE,144,0,data/test/3sat/400/3sat_49.cnf,0.0050280094146728,0.08976,0.3005940914154053,0.3056221008300781,60.36318210083007,3sat_49.cnf,local_reopen_guarded,+ Local Boundary Correction,0,False,True,runs/analysis/full400_repeated_runtime/raw/local_reopen_guarded/repeat0.csv
145,2.0,1380690.0,1581902.0,78135517.0,59.9694,INDETERMINATE,145,0,data/test/3sat/400/3sat_5.cnf,0.0050280094146728,0.087602,0.3005940914154053,0.3056221008300781,60.36262410083008,3sat_5.cnf,local_reopen_guarded,+ Local Boundary Correction,0,False,True,runs/analysis/full400_repeated_runtime/raw/local_reopen_guarded/repeat0.csv
146,2.0,1400747.0,1602615.0,80481368.0,59.9936,INDETERMINATE,146,0,data/test/3sat/400/3sat_50.cnf,0.0050280094146728,0.085032,0.3005940914154053,0.3056221008300781,60.38425410083008,3sat_50.cnf,local_reopen_guarded,+ Local Boundary Correction,0,False,True,runs/analysis/full400_repeated_runtime/raw/local_reopen_guarded/repeat0.csv
147,2.0,1447956.0,1656555.0,82352992.0,59.9784,INDETERMINATE,147,0,data/test/3sat/400/3sat_51.cnf,0.0050280094146728,0.096781,0.3005940914154053,0.3056221008300781,60.38080310083008,3sat_51.cnf,local_reopen_guarded,+ Local Boundary Correction,0,False,True,runs/analysis/full400_repeated_runtime/raw/local_reopen_guarded/repeat0.csv
148,2.0,1580023.0,1824103.0,88928340.0,59.9198,INDETERMINATE,148,0,data/test/3sat/400/3sat_52.cnf,0.0050280094146728,0.090329,0.3005940914154053,0.3056221008300781,60.31575110083008,3sat_52.cnf,local_reopen_guarded,+ Local Boundary Correction,0,False,True,runs/analysis/full400_repeated_runtime/raw/local_reopen_guarded/repeat0.csv
149,2.0,1409285.0,1607330.0,76577225.0,59.9783,INDETERMINATE,149,0,data/test/3sat/400/3sat_53.cnf,0.0050280094146728,0.085772,0.3005940914154053,0.3056221008300781,60.36969410083008,3sat_53.cnf,local_reopen_guarded,+ Local Boundary Correction,0,False,True,runs/analysis/full400_repeated_runtime/raw/local_reopen_guarded/repeat0.csv
150,2.0,612353.0,699215.0,35959808.0,22.0599,SATISFIABLE,150,0,data/test/3sat/400/3sat_54.cnf,0.0045595169067382,0.086368,0.3078992366790771,0.3124587535858154,22.45872675358581,3sat_54.cnf,local_reopen_guarded,+ Local Boundary Correction,0,True,False,runs/analysis/full400_repeated_runtime/raw/local_reopen_guarded/repeat0.csv
151,2.0,1521018.0,1735396.0,85788849.0,59.9782,INDETERMINATE,151,0,data/test/3sat/400/3sat_55.cnf,0.0045595169067382,0.089537,0.3078992366790771,0.3124587535858154,60.38019575358582,3sat_55.cnf,local_reopen_guarded,+ Local Boundary Correction,0,False,True,runs/analysis/full400_repeated_runtime/raw/local_reopen_guarded/repeat0.csv
152,2.0,1365067.0,1541577.0,78083579.0,59.9821,INDETERMINATE,152,0,data/test/3sat/400/3sat_56.cnf,0.0045595169067382,0.097175,0.3078992366790771,0.3124587535858154,60.39173375358582,3sat_56.cnf,local_reopen_guarded,+ Local Boundary Correction,0,False,True,runs/analysis/full400_repeated_runtime/raw/local_reopen_guarded/repeat0.csv
153,2.0,1466589.0,1667319.0,82061476.0,59.9834,INDETERMINATE,153,0,data/test/3sat/400/3sat_57.cnf,0.0045595169067382,0.09806,0.3078992366790771,0.3124587535858154,60.393918753585815,3sat_57.cnf,local_reopen_guarded,+ Local Boundary Correction,0,False,True,runs/analysis/full400_repeated_runtime/raw/local_reopen_guarded/repeat0.csv
154,2.0,1502420.0,1714182.0,89158536.0,59.9935,INDETERMINATE,154,0,data/test/3sat/400/3sat_58.cnf,0.0045595169067382,0.087278,0.3078992366790771,0.3124587535858154,60.39323675358581,3sat_58.cnf,local_reopen_guarded,+ Local Boundary Correction,0,False,True,runs/analysis/full400_repeated_runtime/raw/local_reopen_guarded/repeat0.csv
155,2.0,1466590.0,1680287.0,82608798.0,59.9727,INDETERMINATE,155,0,data/test/3sat/400/3sat_59.cnf,0.0045595169067382,0.097107,0.3078992366790771,0.3124587535858154,60.38226575358582,3sat_59.cnf,local_reopen_guarded,+ Local Boundary Correction,0,False,True,runs/analysis/full400_repeated_runtime/raw/local_reopen_guarded/repeat0.csv
156,2.0,1489681.0,1689214.0,83227024.0,59.9527,INDETERMINATE,156,0,data/test/3sat/400/3sat_6.cnf,0.0045595169067382,0.090756,0.3078992366790771,0.3124587535858154,60.35591475358581,3sat_6.cnf,local_reopen_guarded,+ Local Boundary Correction,0,False,True,runs/analysis/full400_repeated_runtime/raw/local_reopen_guarded/repeat0.csv
157,2.0,1393703.0,1586185.0,80156609.0,59.9787,INDETERMINATE,157,0,data/test/3sat/400/3sat_60.cnf,0.0045595169067382,0.083797,0.3078992366790771,0.3124587535858154,60.374955753585816,3sat_60.cnf,local_reopen_guarded,+ Local Boundary Correction,0,False,True,runs/analysis/full400_repeated_runtime/raw/local_reopen_guarded/repeat0.csv
158,2.0,1402697.0,1585381.0,78902445.0,59.9893,INDETERMINATE,158,0,data/test/3sat/400/3sat_61.cnf,0.0045595169067382,0.088395,0.3078992366790771,0.3124587535858154,60.39015375358581,3sat_61.cnf,local_reopen_guarded,+ Local Boundary Correction,0,False,True,runs/analysis/full400_repeated_runtime/raw/local_reopen_guarded/repeat0.csv
159,2.0,1513535.0,1716397.0,87253376.0,59.9742,INDETERMINATE,159,0,data/test/3sat/400/3sat_62.cnf,0.0045595169067382,0.075694,0.3078992366790771,0.3124587535858154,60.36235275358582,3sat_62.cnf,local_reopen_guarded,+ Local Boundary Correction,0,False,True,runs/analysis/full400_repeated_runtime/raw/local_reopen_guarded/repeat0.csv
160,2.0,138136.0,157894.0,8130882.0,5.27355,SATISFIABLE,160,0,data/test/3sat/400/3sat_63.cnf,0.0052416324615478,0.098027,0.2885353565216064,0.2937769889831543,5.665353988983155,3sat_63.cnf,local_reopen_guarded,+ Local Boundary Correction,0,True,False,runs/analysis/full400_repeated_runtime/raw/local_reopen_guarded/repeat0.csv
161,2.0,1430001.0,1618198.0,79860580.0,59.9876,INDETERMINATE,161,0,data/test/3sat/400/3sat_64.cnf,0.0052416324615478,0.08796,0.2885353565216064,0.2937769889831543,60.36933698898316,3sat_64.cnf,local_reopen_guarded,+ Local Boundary Correction,0,False,True,runs/analysis/full400_repeated_runtime/raw/local_reopen_guarded/repeat0.csv
162,1.0,224.0,339.0,14565.0,0.007755,SATISFIABLE,162,0,data/test/3sat/400/3sat_65.cnf,0.0052416324615478,0.045135,0.2885353565216064,0.2937769889831543,0.3466669889831543,3sat_65.cnf,local_reopen_guarded,+ Local Boundary Correction,0,True,False,runs/analysis/full400_repeated_runtime/raw/local_reopen_guarded/repeat0.csv
163,2.0,1385530.0,1589999.0,79226639.0,59.9695,INDETERMINATE,163,0,data/test/3sat/400/3sat_66.cnf,0.0052416324615478,0.089251,0.2885353565216064,0.2937769889831543,60.35252798898315,3sat_66.cnf,local_reopen_guarded,+ Local Boundary Correction,0,False,True,runs/analysis/full400_repeated_runtime/raw/local_reopen_guarded/repeat0.csv
164,2.0,1466557.0,1677010.0,84592505.0,59.9686,INDETERMINATE,164,0,data/test/3sat/400/3sat_67.cnf,0.0052416324615478,0.0883829999999999,0.2885353565216064,0.2937769889831543,60.35075998898316,3sat_67.cnf,local_reopen_guarded,+ Local Boundary Correction,0,False,True,runs/analysis/full400_repeated_runtime/raw/local_reopen_guarded/repeat0.csv
165,2.0,1376228.0,1574897.0,77416864.0,59.9835,INDETERMINATE,165,0,data/test/3sat/400/3sat_68.cnf,0.0052416324615478,0.080042,0.2885353565216064,0.2937769889831543,60.35731898898315,3sat_68.cnf,local_reopen_guarded,+ Local Boundary Correction,0,False,True,runs/analysis/full400_repeated_runtime/raw/local_reopen_guarded/repeat0.csv
166,2.0,1504274.0,1724177.0,89571851.0,59.9633,INDETERMINATE,166,0,data/test/3sat/400/3sat_69.cnf,0.0052416324615478,0.086734,0.2885353565216064,0.2937769889831543,60.34381098898315,3sat_69.cnf,local_reopen_guarded,+ Local Boundary Correction,0,False,True,runs/analysis/full400_repeated_runtime/raw/local_reopen_guarded/repeat0.csv
167,2.0,1526481.0,1722954.0,84470023.0,59.9815,INDETERMINATE,167,0,data/test/3sat/400/3sat_7.cnf,0.0052416324615478,0.089277,0.2885353565216064,0.2937769889831543,60.364553988983154,3sat_7.cnf,local_reopen_guarded,+ Local Boundary Correction,0,False,True,runs/analysis/full400_repeated_runtime/raw/local_reopen_guarded/repeat0.csv
168,1.0,2512.0,3124.0,152890.0,0.042408,SATISFIABLE,168,0,data/test/3sat/400/3sat_70.cnf,0.0052416324615478,0.090335,0.2885353565216064,0.2937769889831543,0.4265199889831543,3sat_70.cnf,local_reopen_guarded,+ Local Boundary Correction,0,True,False,runs/analysis/full400_repeated_runtime/raw/local_reopen_guarded/repeat0.csv
169,2.0,1455515.0,1666009.0,82961321.0,59.9796,INDETERMINATE,169,0,data/test/3sat/400/3sat_71.cnf,0.0052416324615478,0.097825,0.2885353565216064,0.2937769889831543,60.37120198898315,3sat_71.cnf,local_reopen_guarded,+ Local Boundary Correction,0,False,True,runs/analysis/full400_repeated_runtime/raw/local_reopen_guarded/repeat0.csv
170,2.0,1496771.0,1712778.0,84200609.0,59.9836,INDETERMINATE,170,0,data/test/3sat/400/3sat_72.cnf,0.0044987201690673,0.088614,0.297269344329834,0.3017680644989013,60.3739820644989,3sat_72.cnf,local_reopen_guarded,+ Local Boundary Correction,0,False,True,runs/analysis/full400_repeated_runtime/raw/local_reopen_guarded/repeat0.csv
171,2.0,1463681.0,1668320.0,83811984.0,59.9916,INDETERMINATE,171,0,data/test/3sat/400/3sat_73.cnf,0.0044987201690673,0.0970149999999999,0.297269344329834,0.3017680644989013,60.3903830644989,3sat_73.cnf,local_reopen_guarded,+ Local Boundary Correction,0,False,True,runs/analysis/full400_repeated_runtime/raw/local_reopen_guarded/repeat0.csv
172,2.0,1398733.0,1610586.0,78774024.0,59.9808,INDETERMINATE,172,0,data/test/3sat/400/3sat_74.cnf,0.0044987201690673,0.088911,0.297269344329834,0.3017680644989013,60.37147906449891,3sat_74.cnf,local_reopen_guarded,+ Local Boundary Correction,0,False,True,runs/analysis/full400_repeated_runtime/raw/local_reopen_guarded/repeat0.csv
173,2.0,1362168.0,1554337.0,74643967.0,59.9474,INDETERMINATE,173,0,data/test/3sat/400/3sat_75.cnf,0.0044987201690673,0.0834169999999999,0.297269344329834,0.3017680644989013,60.3325850644989,3sat_75.cnf,local_reopen_guarded,+ Local Boundary Correction,0,False,True,runs/analysis/full400_repeated_runtime/raw/local_reopen_guarded/repeat0.csv
174,2.0,1467014.0,1668797.0,85562849.0,59.9782,INDETERMINATE,174,0,data/test/3sat/400/3sat_76.cnf,0.0044987201690673,0.106852,0.297269344329834,0.3017680644989013,60.386820064498906,3sat_76.cnf,local_reopen_guarded,+ Local Boundary Correction,0,False,True,runs/analysis/full400_repeated_runtime/raw/local_reopen_guarded/repeat0.csv
175,2.0,1494893.0,1705165.0,83922727.0,59.9656,INDETERMINATE,175,0,data/test/3sat/400/3sat_77.cnf,0.0044987201690673,0.092444,0.297269344329834,0.3017680644989013,60.3598120644989,3sat_77.cnf,local_reopen_guarded,+ Local Boundary Correction,0,False,True,runs/analysis/full400_repeated_runtime/raw/local_reopen_guarded/repeat0.csv
176,2.0,1497041.0,1704934.0,82103533.0,59.9794,INDETERMINATE,176,0,data/test/3sat/400/3sat_78.cnf,0.0044987201690673,0.098469,0.297269344329834,0.3017680644989013,60.3796370644989,3sat_78.cnf,local_reopen_guarded,+ Local Boundary Correction,0,False,True,runs/analysis/full400_repeated_runtime/raw/local_reopen_guarded/repeat0.csv
177,2.0,1453689.0,1661946.0,79829673.0,59.9825,INDETERMINATE,177,0,data/test/3sat/400/3sat_79.cnf,0.0044987201690673,0.105054,0.297269344329834,0.3017680644989013,60.389322064498906,3sat_79.cnf,local_reopen_guarded,+ Local Boundary Correction,0,False,True,runs/analysis/full400_repeated_runtime/raw/local_reopen_guarded/repeat0.csv
178,2.0,1487302.0,1690102.0,85910237.0,59.9787,INDETERMINATE,178,0,data/test/3sat/400/3sat_8.cnf,0.0044987201690673,0.101379,0.297269344329834,0.3017680644989013,60.381847064498906,3sat_8.cnf,local_reopen_guarded,+ Local Boundary Correction,0,False,True,runs/analysis/full400_repeated_runtime/raw/local_reopen_guarded/repeat0.csv
179,2.0,1473008.0,1697961.0,85001211.0,59.9812,INDETERMINATE,179,0,data/test/3sat/400/3sat_80.cnf,0.0044987201690673,0.097914,0.297269344329834,0.3017680644989013,60.380882064498905,3sat_80.cnf,local_reopen_guarded,+ Local Boundary Correction,0,False,True,runs/analysis/full400_repeated_runtime/raw/local_reopen_guarded/repeat0.csv
180,2.0,1438505.0,1627134.0,80355512.0,59.976,INDETERMINATE,180,0,data/test/3sat/400/3sat_81.cnf,0.0046198368072509,0.087895,0.2932047843933105,0.2978246212005615,60.36171962120056,3sat_81.cnf,local_reopen_guarded,+ Local Boundary Correction,0,False,True,runs/analysis/full400_repeated_runtime/raw/local_reopen_guarded/repeat0.csv
181,2.0,723843.0,829611.0,42069078.0,25.4232,SATISFIABLE,181,0,data/test/3sat/400/3sat_82.cnf,0.0046198368072509,0.096812,0.2932047843933105,0.2978246212005615,25.817836621200563,3sat_82.cnf,local_reopen_guarded,+ Local Boundary Correction,0,True,False,runs/analysis/full400_repeated_runtime/raw/local_reopen_guarded/repeat0.csv
182,2.0,1477007.0,1684021.0,82614021.0,59.9675,INDETERMINATE,182,0,data/test/3sat/400/3sat_83.cnf,0.0046198368072509,0.099296,0.2932047843933105,0.2978246212005615,60.364620621200565,3sat_83.cnf,local_reopen_guarded,+ Local Boundary Correction,0,False,True,runs/analysis/full400_repeated_runtime/raw/local_reopen_guarded/repeat0.csv
183,2.0,1378647.0,1577756.0,78812738.0,59.984,INDETERMINATE,183,0,data/test/3sat/400/3sat_84.cnf,0.0046198368072509,0.0872329999999999,0.2932047843933105,0.2978246212005615,60.36905762120056,3sat_84.cnf,local_reopen_guarded,+ Local Boundary Correction,0,False,True,runs/analysis/full400_repeated_runtime/raw/local_reopen_guarded/repeat0.csv
184,1.0,27518.0,32278.0,1663386.0,0.795587,SATISFIABLE,184,0,data/test/3sat/400/3sat_85.cnf,0.0046198368072509,0.090039,0.2932047843933105,0.2978246212005615,1.1834506212005615,3sat_85.cnf,local_reopen_guarded,+ Local Boundary Correction,0,True,False,runs/analysis/full400_repeated_runtime/raw/local_reopen_guarded/repeat0.csv
185,1.0,91912.0,107188.0,5690281.0,3.7036,SATISFIABLE,185,0,data/test/3sat/400/3sat_86.cnf,0.0046198368072509,0.099666,0.2932047843933105,0.2978246212005615,4.101090621200561,3sat_86.cnf,local_reopen_guarded,+ Local Boundary Correction,0,True,False,runs/analysis/full400_repeated_runtime/raw/local_reopen_guarded/repeat0.csv
186,2.0,1396964.0,1595732.0,79618608.0,59.9768,INDETERMINATE,186,0,data/test/3sat/400/3sat_87.cnf,0.0046198368072509,0.095306,0.2932047843933105,0.2978246212005615,60.36993062120056,3sat_87.cnf,local_reopen_guarded,+ Local Boundary Correction,0,False,True,runs/analysis/full400_repeated_runtime/raw/local_reopen_guarded/repeat0.csv
187,1.0,10969.0,13071.0,671709.0,0.244673,SATISFIABLE,187,0,data/test/3sat/400/3sat_88.cnf,0.0046198368072509,0.093963,0.2932047843933105,0.2978246212005615,0.6364606212005615,3sat_88.cnf,local_reopen_guarded,+ Local Boundary Correction,0,True,False,runs/analysis/full400_repeated_runtime/raw/local_reopen_guarded/repeat0.csv
188,1.0,8641.0,10334.0,538222.0,0.176091,SATISFIABLE,188,0,data/test/3sat/400/3sat_89.cnf,0.0046198368072509,0.0949219999999999,0.2932047843933105,0.2978246212005615,0.5688376212005615,3sat_89.cnf,local_reopen_guarded,+ Local Boundary Correction,0,True,False,runs/analysis/full400_repeated_runtime/raw/local_reopen_guarded/repeat0.csv
189,2.0,1531303.0,1743974.0,88073152.0,59.985,INDETERMINATE,189,0,data/test/3sat/400/3sat_9.cnf,0.0046198368072509,0.105049,0.2932047843933105,0.2978246212005615,60.38787362120056,3sat_9.cnf,local_reopen_guarded,+ Local Boundary Correction,0,False,True,runs/analysis/full400_repeated_runtime/raw/local_reopen_guarded/repeat0.csv
190,2.0,1439214.0,1652165.0,84298444.0,59.9793,INDETERMINATE,190,0,data/test/3sat/400/3sat_90.cnf,0.0047357082366943,0.093227,0.2895729541778564,0.2943086624145508,60.36683566241455,3sat_90.cnf,local_reopen_guarded,+ Local Boundary Correction,0,False,True,runs/analysis/full400_repeated_runtime/raw/local_reopen_guarded/repeat0.csv
191,1.0,41.0,125.0,3065.0,0.001894,SATISFIABLE,191,0,data/test/3sat/400/3sat_91.cnf,0.0047357082366943,0.091972,0.2895729541778564,0.2943086624145508,0.3881746624145508,3sat_91.cnf,local_reopen_guarded,+ Local Boundary Correction,0,True,False,runs/analysis/full400_repeated_runtime/raw/local_reopen_guarded/repeat0.csv
192,1.0,84619.0,96791.0,5278901.0,3.40389,SATISFIABLE,192,0,data/test/3sat/400/3sat_92.cnf,0.0047357082366943,0.084547,0.2895729541778564,0.2943086624145508,3.782745662414551,3sat_92.cnf,local_reopen_guarded,+ Local Boundary Correction,0,True,False,runs/analysis/full400_repeated_runtime/raw/local_reopen_guarded/repeat0.csv
193,2.0,621792.0,720709.0,37565651.0,22.9451,SATISFIABLE,193,0,data/test/3sat/400/3sat_93.cnf,0.0047357082366943,0.095922,0.2895729541778564,0.2943086624145508,23.335330662414552,3sat_93.cnf,local_reopen_guarded,+ Local Boundary Correction,0,True,False,runs/analysis/full400_repeated_runtime/raw/local_reopen_guarded/repeat0.csv
194,1.0,53988.0,62131.0,3367378.0,1.68945,SATISFIABLE,194,0,data/test/3sat/400/3sat_94.cnf,0.0047357082366943,0.096607,0.2895729541778564,0.2943086624145508,2.080365662414551,3sat_94.cnf,local_reopen_guarded,+ Local Boundary Correction,0,True,False,runs/analysis/full400_repeated_runtime/raw/local_reopen_guarded/repeat0.csv
195,2.0,1469168.0,1672951.0,82236211.0,59.9684,INDETERMINATE,195,0,data/test/3sat/400/3sat_95.cnf,0.0047357082366943,0.1043009999999999,0.2895729541778564,0.2943086624145508,60.36700966241455,3sat_95.cnf,local_reopen_guarded,+ Local Boundary Correction,0,False,True,runs/analysis/full400_repeated_runtime/raw/local_reopen_guarded/repeat0.csv
196,1.0,3109.0,3849.0,199282.0,0.064289,SATISFIABLE,196,0,data/test/3sat/400/3sat_96.cnf,0.0047357082366943,0.098644,0.2895729541778564,0.2943086624145508,0.4572416624145508,3sat_96.cnf,local_reopen_guarded,+ Local Boundary Correction,0,True,False,runs/analysis/full400_repeated_runtime/raw/local_reopen_guarded/repeat0.csv
197,2.0,425291.0,491074.0,25526527.0,14.2456,SATISFIABLE,197,0,data/test/3sat/400/3sat_97.cnf,0.0047357082366943,0.108728,0.2895729541778564,0.2943086624145508,14.64863666241455,3sat_97.cnf,local_reopen_guarded,+ Local Boundary Correction,0,True,False,runs/analysis/full400_repeated_runtime/raw/local_reopen_guarded/repeat0.csv
198,2.0,1496670.0,1695952.0,84346142.0,59.9818,INDETERMINATE,198,0,data/test/3sat/400/3sat_98.cnf,0.0047357082366943,0.0989309999999999,0.2895729541778564,0.2943086624145508,60.37503966241455,3sat_98.cnf,local_reopen_guarded,+ Local Boundary Correction,0,False,True,runs/analysis/full400_repeated_runtime/raw/local_reopen_guarded/repeat0.csv
199,2.0,1490079.0,1700663.0,82226876.0,59.9717,INDETERMINATE,199,0,data/test/3sat/400/3sat_99.cnf,0.0047357082366943,0.097483,0.2895729541778564,0.2943086624145508,60.36349166241455,3sat_99.cnf,local_reopen_guarded,+ Local Boundary Correction,0,False,True,runs/analysis/full400_repeated_runtime/raw/local_reopen_guarded/repeat0.csv
0,2.0,1439269.0,1642502.0,80243869.0,59.9852,INDETERMINATE,0,0,data/test/3sat/400/3sat_0.cnf,0.4026534557342529,0.0,0.0,0.4026534557342529,60.38785345573425,3sat_0.cnf,one_shot,One-shot,1,False,True,runs/analysis/full400_repeated_runtime/raw/one_shot/repeat1.csv
1,1.0,73715.0,85712.0,4316774.0,2.83446,SATISFIABLE,1,0,data/test/3sat/400/3sat_1.cnf,0.4026534557342529,0.0,0.0,0.4026534557342529,3.237113455734253,3sat_1.cnf,one_shot,One-shot,1,True,False,runs/analysis/full400_repeated_runtime/raw/one_shot/repeat1.csv
2,2.0,1520737.0,1736264.0,85798826.0,59.9732,INDETERMINATE,2,0,data/test/3sat/400/3sat_10.cnf,0.4026534557342529,0.0,0.0,0.4026534557342529,60.37585345573425,3sat_10.cnf,one_shot,One-shot,1,False,True,runs/analysis/full400_repeated_runtime/raw/one_shot/repeat1.csv
3,1.0,3392.0,4166.0,213902.0,0.064825,SATISFIABLE,3,0,data/test/3sat/400/3sat_100.cnf,0.4026534557342529,0.0,0.0,0.4026534557342529,0.4674784557342529,3sat_100.cnf,one_shot,One-shot,1,True,False,runs/analysis/full400_repeated_runtime/raw/one_shot/repeat1.csv
4,2.0,1447652.0,1654366.0,81322321.0,59.9654,INDETERMINATE,4,0,data/test/3sat/400/3sat_101.cnf,0.4026534557342529,0.0,0.0,0.4026534557342529,60.368053455734255,3sat_101.cnf,one_shot,One-shot,1,False,True,runs/analysis/full400_repeated_runtime/raw/one_shot/repeat1.csv
5,2.0,1478547.0,1710623.0,84559653.0,59.9839,INDETERMINATE,5,0,data/test/3sat/400/3sat_102.cnf,0.4026534557342529,0.0,0.0,0.4026534557342529,60.38655345573425,3sat_102.cnf,one_shot,One-shot,1,False,True,runs/analysis/full400_repeated_runtime/raw/one_shot/repeat1.csv
6,2.0,1492024.0,1715262.0,84777973.0,59.9681,INDETERMINATE,6,0,data/test/3sat/400/3sat_103.cnf,0.4026534557342529,0.0,0.0,0.4026534557342529,60.37075345573425,3sat_103.cnf,one_shot,One-shot,1,False,True,runs/analysis/full400_repeated_runtime/raw/one_shot/repeat1.csv
7,2.0,1466002.0,1674705.0,81492595.0,59.9875,INDETERMINATE,7,0,data/test/3sat/400/3sat_104.cnf,0.4026534557342529,0.0,0.0,0.4026534557342529,60.39015345573425,3sat_104.cnf,one_shot,One-shot,1,False,True,runs/analysis/full400_repeated_runtime/raw/one_shot/repeat1.csv
8,2.0,1550995.0,1764518.0,88727527.0,59.9883,INDETERMINATE,8,0,data/test/3sat/400/3sat_105.cnf,0.4026534557342529,0.0,0.0,0.4026534557342529,60.390953455734255,3sat_105.cnf,one_shot,One-shot,1,False,True,runs/analysis/full400_repeated_runtime/raw/one_shot/repeat1.csv
9,2.0,1437323.0,1643616.0,80078701.0,59.9791,INDETERMINATE,9,0,data/test/3sat/400/3sat_106.cnf,0.4026534557342529,0.0,0.0,0.4026534557342529,60.381753455734255,3sat_106.cnf,one_shot,One-shot,1,False,True,runs/analysis/full400_repeated_runtime/raw/one_shot/repeat1.csv
10,2.0,1392695.0,1600198.0,79415637.0,59.9806,INDETERMINATE,10,0,data/test/3sat/400/3sat_107.cnf,0.3172814846038818,0.0,0.0,0.3172814846038818,60.29788148460389,3sat_107.cnf,one_shot,One-shot,1,False,True,runs/analysis/full400_repeated_runtime/raw/one_shot/repeat1.csv
11,2.0,1482567.0,1707750.0,83019568.0,59.9629,INDETERMINATE,11,0,data/test/3sat/400/3sat_108.cnf,0.3172814846038818,0.0,0.0,0.3172814846038818,60.28018148460388,3sat_108.cnf,one_shot,One-shot,1,False,True,runs/analysis/full400_repeated_runtime/raw/one_shot/repeat1.csv
12,2.0,1585607.0,1816635.0,88746826.0,59.9697,INDETERMINATE,12,0,data/test/3sat/400/3sat_109.cnf,0.3172814846038818,0.0,0.0,0.3172814846038818,60.286981484603885,3sat_109.cnf,one_shot,One-shot,1,False,True,runs/analysis/full400_repeated_runtime/raw/one_shot/repeat1.csv
13,1.0,40661.0,47692.0,2496556.0,1.36472,SATISFIABLE,13,0,data/test/3sat/400/3sat_11.cnf,0.3172814846038818,0.0,0.0,0.3172814846038818,1.6820014846038818,3sat_11.cnf,one_shot,One-shot,1,True,False,runs/analysis/full400_repeated_runtime/raw/one_shot/repeat1.csv
14,2.0,1489808.0,1709719.0,86147261.0,59.9813,INDETERMINATE,14,0,data/test/3sat/400/3sat_110.cnf,0.3172814846038818,0.0,0.0,0.3172814846038818,60.29858148460388,3sat_110.cnf,one_shot,One-shot,1,False,True,runs/analysis/full400_repeated_runtime/raw/one_shot/repeat1.csv
15,2.0,1438863.0,1650719.0,84048307.0,59.9831,INDETERMINATE,15,0,data/test/3sat/400/3sat_111.cnf,0.3172814846038818,0.0,0.0,0.3172814846038818,60.30038148460388,3sat_111.cnf,one_shot,One-shot,1,False,True,runs/analysis/full400_repeated_runtime/raw/one_shot/repeat1.csv
16,2.0,1485176.0,1688309.0,85904897.0,59.9799,INDETERMINATE,16,0,data/test/3sat/400/3sat_112.cnf,0.3172814846038818,0.0,0.0,0.3172814846038818,60.29718148460388,3sat_112.cnf,one_shot,One-shot,1,False,True,runs/analysis/full400_repeated_runtime/raw/one_shot/repeat1.csv
17,2.0,1388865.0,1576027.0,79680620.0,59.9797,INDETERMINATE,17,0,data/test/3sat/400/3sat_113.cnf,0.3172814846038818,0.0,0.0,0.3172814846038818,60.29698148460388,3sat_113.cnf,one_shot,One-shot,1,False,True,runs/analysis/full400_repeated_runtime/raw/one_shot/repeat1.csv
18,2.0,1480303.0,1699795.0,83730427.0,59.9949,INDETERMINATE,18,0,data/test/3sat/400/3sat_114.cnf,0.3172814846038818,0.0,0.0,0.3172814846038818,60.31218148460388,3sat_114.cnf,one_shot,One-shot,1,False,True,runs/analysis/full400_repeated_runtime/raw/one_shot/repeat1.csv
19,2.0,1391195.0,1588485.0,78604718.0,59.9892,INDETERMINATE,19,0,data/test/3sat/400/3sat_115.cnf,0.3172814846038818,0.0,0.0,0.3172814846038818,60.30648148460388,3sat_115.cnf,one_shot,One-shot,1,False,True,runs/analysis/full400_repeated_runtime/raw/one_shot/repeat1.csv
20,2.0,1452457.0,1653722.0,81146354.0,59.9857,INDETERMINATE,20,0,data/test/3sat/400/3sat_116.cnf,0.3021802902221679,0.0,0.0,0.3021802902221679,60.28788029022217,3sat_116.cnf,one_shot,One-shot,1,False,True,runs/analysis/full400_repeated_runtime/raw/one_shot/repeat1.csv
21,2.0,1466369.0,1678569.0,81915328.0,59.9686,INDETERMINATE,21,0,data/test/3sat/400/3sat_117.cnf,0.3021802902221679,0.0,0.0,0.3021802902221679,60.27078029022217,3sat_117.cnf,one_shot,One-shot,1,False,True,runs/analysis/full400_repeated_runtime/raw/one_shot/repeat1.csv
22,2.0,1467464.0,1677650.0,82563241.0,59.9798,INDETERMINATE,22,0,data/test/3sat/400/3sat_118.cnf,0.3021802902221679,0.0,0.0,0.3021802902221679,60.281980290222165,3sat_118.cnf,one_shot,One-shot,1,False,True,runs/analysis/full400_repeated_runtime/raw/one_shot/repeat1.csv
23,2.0,1571159.0,1795924.0,86813604.0,59.9808,INDETERMINATE,23,0,data/test/3sat/400/3sat_119.cnf,0.3021802902221679,0.0,0.0,0.3021802902221679,60.28298029022217,3sat_119.cnf,one_shot,One-shot,1,False,True,runs/analysis/full400_repeated_runtime/raw/one_shot/repeat1.csv
24,2.0,1431176.0,1636785.0,80395879.0,59.9647,INDETERMINATE,24,0,data/test/3sat/400/3sat_12.cnf,0.3021802902221679,0.0,0.0,0.3021802902221679,60.26688029022217,3sat_12.cnf,one_shot,One-shot,1,False,True,runs/analysis/full400_repeated_runtime/raw/one_shot/repeat1.csv
25,1.0,75813.0,87762.0,4687360.0,3.07159,SATISFIABLE,25,0,data/test/3sat/400/3sat_120.cnf,0.3021802902221679,0.0,0.0,0.3021802902221679,3.373770290222168,3sat_120.cnf,one_shot,One-shot,1,True,False,runs/analysis/full400_repeated_runtime/raw/one_shot/repeat1.csv
26,1.0,47329.0,54623.0,2823769.0,1.3837,SATISFIABLE,26,0,data/test/3sat/400/3sat_121.cnf,0.3021802902221679,0.0,0.0,0.3021802902221679,1.685880290222168,3sat_121.cnf,one_shot,One-shot,1,True,False,runs/analysis/full400_repeated_runtime/raw/one_shot/repeat1.csv
27,2.0,1491038.0,1705775.0,85256035.0,59.995,INDETERMINATE,27,0,data/test/3sat/400/3sat_122.cnf,0.3021802902221679,0.0,0.0,0.3021802902221679,60.297180290222165,3sat_122.cnf,one_shot,One-shot,1,False,True,runs/analysis/full400_repeated_runtime/raw/one_shot/repeat1.csv
28,2.0,1478868.0,1682330.0,84254383.0,59.9825,INDETERMINATE,28,0,data/test/3sat/400/3sat_123.cnf,0.3021802902221679,0.0,0.0,0.3021802902221679,60.28468029022217,3sat_123.cnf,one_shot,One-shot,1,False,True,runs/analysis/full400_repeated_runtime/raw/one_shot/repeat1.csv
29,1.0,654.0,900.0,43163.0,0.015215,SATISFIABLE,29,0,data/test/3sat/400/3sat_124.cnf,0.3021802902221679,0.0,0.0,0.3021802902221679,0.3173952902221679,3sat_124.cnf,one_shot,One-shot,1,True,False,runs/analysis/full400_repeated_runtime/raw/one_shot/repeat1.csv
30,1.0,87018.0,101016.0,5296049.0,3.26715,SATISFIABLE,30,0,data/test/3sat/400/3sat_125.cnf,0.2868728637695312,0.0,0.0,0.2868728637695312,3.5540228637695312,3sat_125.cnf,one_shot,One-shot,1,True,False,runs/analysis/full400_repeated_runtime/raw/one_shot/repeat1.csv
31,2.0,1481625.0,1694088.0,84953395.0,59.9768,INDETERMINATE,31,0,data/test/3sat/400/3sat_126.cnf,0.2868728637695312,0.0,0.0,0.2868728637695312,60.26367286376953,3sat_126.cnf,one_shot,One-shot,1,False,True,runs/analysis/full400_repeated_runtime/raw/one_shot/repeat1.csv
32,2.0,1416830.0,1640220.0,83011158.0,59.9439,INDETERMINATE,32,0,data/test/3sat/400/3sat_127.cnf,0.2868728637695312,0.0,0.0,0.2868728637695312,60.23077286376953,3sat_127.cnf,one_shot,One-shot,1,False,True,runs/analysis/full400_repeated_runtime/raw/one_shot/repeat1.csv
33,2.0,972401.0,1117185.0,56912346.0,35.1992,SATISFIABLE,33,0,data/test/3sat/400/3sat_128.cnf,0.2868728637695312,0.0,0.0,0.2868728637695312,35.48607286376953,3sat_128.cnf,one_shot,One-shot,1,True,False,runs/analysis/full400_repeated_runtime/raw/one_shot/repeat1.csv
34,1.0,28034.0,33114.0,1750425.0,0.820975,SATISFIABLE,34,0,data/test/3sat/400/3sat_129.cnf,0.2868728637695312,0.0,0.0,0.2868728637695312,1.1078478637695313,3sat_129.cnf,one_shot,One-shot,1,True,False,runs/analysis/full400_repeated_runtime/raw/one_shot/repeat1.csv
35,2.0,1470667.0,1691085.0,84456211.0,59.9728,INDETERMINATE,35,0,data/test/3sat/400/3sat_13.cnf,0.2868728637695312,0.0,0.0,0.2868728637695312,60.25967286376953,3sat_13.cnf,one_shot,One-shot,1,False,True,runs/analysis/full400_repeated_runtime/raw/one_shot/repeat1.csv
36,2.0,121568.0,139021.0,7304329.0,4.40484,SATISFIABLE,36,0,data/test/3sat/400/3sat_130.cnf,0.2868728637695312,0.0,0.0,0.2868728637695312,4.691712863769531,3sat_130.cnf,one_shot,One-shot,1,True,False,runs/analysis/full400_repeated_runtime/raw/one_shot/repeat1.csv
37,1.0,82086.0,96037.0,5035591.0,3.37675,SATISFIABLE,37,0,data/test/3sat/400/3sat_131.cnf,0.2868728637695312,0.0,0.0,0.2868728637695312,3.663622863769531,3sat_131.cnf,one_shot,One-shot,1,True,False,runs/analysis/full400_repeated_runtime/raw/one_shot/repeat1.csv
38,1.0,4890.0,5982.0,303741.0,0.094735,SATISFIABLE,38,0,data/test/3sat/400/3sat_132.cnf,0.2868728637695312,0.0,0.0,0.2868728637695312,0.3816078637695312,3sat_132.cnf,one_shot,One-shot,1,True,False,runs/analysis/full400_repeated_runtime/raw/one_shot/repeat1.csv
39,2.0,1402181.0,1621559.0,81719293.0,59.9642,INDETERMINATE,39,0,data/test/3sat/400/3sat_133.cnf,0.2868728637695312,0.0,0.0,0.2868728637695312,60.25107286376953,3sat_133.cnf,one_shot,One-shot,1,False,True,runs/analysis/full400_repeated_runtime/raw/one_shot/repeat1.csv
40,2.0,1420365.0,1625868.0,79441550.0,59.9838,INDETERMINATE,40,0,data/test/3sat/400/3sat_134.cnf,0.2856795787811279,0.0,0.0,0.2856795787811279,60.26947957878113,3sat_134.cnf,one_shot,One-shot,1,False,True,runs/analysis/full400_repeated_runtime/raw/one_shot/repeat1.csv
41,2.0,1554019.0,1768853.0,86732611.0,59.9849,INDETERMINATE,41,0,data/test/3sat/400/3sat_135.cnf,0.2856795787811279,0.0,0.0,0.2856795787811279,60.27057957878113,3sat_135.cnf,one_shot,One-shot,1,False,True,runs/analysis/full400_repeated_runtime/raw/one_shot/repeat1.csv
42,2.0,1427077.0,1636536.0,83815973.0,59.9772,INDETERMINATE,42,0,data/test/3sat/400/3sat_136.cnf,0.2856795787811279,0.0,0.0,0.2856795787811279,60.26287957878113,3sat_136.cnf,one_shot,One-shot,1,False,True,runs/analysis/full400_repeated_runtime/raw/one_shot/repeat1.csv
43,2.0,1447886.0,1641372.0,78149195.0,59.9634,INDETERMINATE,43,0,data/test/3sat/400/3sat_137.cnf,0.2856795787811279,0.0,0.0,0.2856795787811279,60.24907957878113,3sat_137.cnf,one_shot,One-shot,1,False,True,runs/analysis/full400_repeated_runtime/raw/one_shot/repeat1.csv
44,2.0,1561564.0,1776543.0,90217807.0,59.9833,INDETERMINATE,44,0,data/test/3sat/400/3sat_138.cnf,0.2856795787811279,0.0,0.0,0.2856795787811279,60.26897957878113,3sat_138.cnf,one_shot,One-shot,1,False,True,runs/analysis/full400_repeated_runtime/raw/one_shot/repeat1.csv
45,2.0,1510933.0,1736667.0,86322378.0,59.9785,INDETERMINATE,45,0,data/test/3sat/400/3sat_139.cnf,0.2856795787811279,0.0,0.0,0.2856795787811279,60.264179578781125,3sat_139.cnf,one_shot,One-shot,1,False,True,runs/analysis/full400_repeated_runtime/raw/one_shot/repeat1.csv
46,2.0,133587.0,154405.0,8365184.0,5.06886,SATISFIABLE,46,0,data/test/3sat/400/3sat_14.cnf,0.2856795787811279,0.0,0.0,0.2856795787811279,5.354539578781128,3sat_14.cnf,one_shot,One-shot,1,True,False,runs/analysis/full400_repeated_runtime/raw/one_shot/repeat1.csv
47,2.0,1244295.0,1419655.0,73705026.0,49.5894,SATISFIABLE,47,0,data/test/3sat/400/3sat_140.cnf,0.2856795787811279,0.0,0.0,0.2856795787811279,49.875079578781126,3sat_140.cnf,one_shot,One-shot,1,True,False,runs/analysis/full400_repeated_runtime/raw/one_shot/repeat1.csv
48,1.0,71109.0,82102.0,4299119.0,2.92974,SATISFIABLE,48,0,data/test/3sat/400/3sat_141.cnf,0.2856795787811279,0.0,0.0,0.2856795787811279,3.215419578781128,3sat_141.cnf,one_shot,One-shot,1,True,False,runs/analysis/full400_repeated_runtime/raw/one_shot/repeat1.csv
49,1.0,61037.0,70865.0,3765471.0,2.14249,SATISFIABLE,49,0,data/test/3sat/400/3sat_142.cnf,0.2856795787811279,0.0,0.0,0.2856795787811279,2.428169578781128,3sat_142.cnf,one_shot,One-shot,1,True,False,runs/analysis/full400_repeated_runtime/raw/one_shot/repeat1.csv
50,2.0,1474972.0,1693070.0,84819051.0,59.9747,INDETERMINATE,50,0,data/test/3sat/400/3sat_143.cnf,0.302412748336792,0.0,0.0,0.302412748336792,60.27711274833679,3sat_143.cnf,one_shot,One-shot,1,False,True,runs/analysis/full400_repeated_runtime/raw/one_shot/repeat1.csv
51,2.0,1324486.0,1504258.0,73749170.0,59.9689,INDETERMINATE,51,0,data/test/3sat/400/3sat_144.cnf,0.302412748336792,0.0,0.0,0.302412748336792,60.27131274833679,3sat_144.cnf,one_shot,One-shot,1,False,True,runs/analysis/full400_repeated_runtime/raw/one_shot/repeat1.csv
52,2.0,1392476.0,1610297.0,79658696.0,59.9704,INDETERMINATE,52,0,data/test/3sat/400/3sat_145.cnf,0.302412748336792,0.0,0.0,0.302412748336792,60.27281274833679,3sat_145.cnf,one_shot,One-shot,1,False,True,runs/analysis/full400_repeated_runtime/raw/one_shot/repeat1.csv
53,2.0,1479151.0,1693145.0,82965520.0,59.9679,INDETERMINATE,53,0,data/test/3sat/400/3sat_146.cnf,0.302412748336792,0.0,0.0,0.302412748336792,60.27031274833679,3sat_146.cnf,one_shot,One-shot,1,False,True,runs/analysis/full400_repeated_runtime/raw/one_shot/repeat1.csv
54,2.0,392510.0,450448.0,23393708.0,13.1887,SATISFIABLE,54,0,data/test/3sat/400/3sat_147.cnf,0.302412748336792,0.0,0.0,0.302412748336792,13.491112748336793,3sat_147.cnf,one_shot,One-shot,1,True,False,runs/analysis/full400_repeated_runtime/raw/one_shot/repeat1.csv
55,2.0,1504436.0,1728617.0,87900653.0,59.9757,INDETERMINATE,55,0,data/test/3sat/400/3sat_148.cnf,0.302412748336792,0.0,0.0,0.302412748336792,60.2781127483368,3sat_148.cnf,one_shot,One-shot,1,False,True,runs/analysis/full400_repeated_runtime/raw/one_shot/repeat1.csv
56,1.0,97366.0,112279.0,5819460.0,3.771,SATISFIABLE,56,0,data/test/3sat/400/3sat_149.cnf,0.302412748336792,0.0,0.0,0.302412748336792,4.073412748336792,3sat_149.cnf,one_shot,One-shot,1,True,False,runs/analysis/full400_repeated_runtime/raw/one_shot/repeat1.csv
57,2.0,1465211.0,1665055.0,83352359.0,59.952,INDETERMINATE,57,0,data/test/3sat/400/3sat_15.cnf,0.302412748336792,0.0,0.0,0.302412748336792,60.25441274833679,3sat_15.cnf,one_shot,One-shot,1,False,True,runs/analysis/full400_repeated_runtime/raw/one_shot/repeat1.csv
58,1.0,16970.0,19929.0,1057698.0,0.382385,SATISFIABLE,58,0,data/test/3sat/400/3sat_150.cnf,0.302412748336792,0.0,0.0,0.302412748336792,0.684797748336792,3sat_150.cnf,one_shot,One-shot,1,True,False,runs/analysis/full400_repeated_runtime/raw/one_shot/repeat1.csv
59,2.0,1452071.0,1649445.0,83745240.0,59.9756,INDETERMINATE,59,0,data/test/3sat/400/3sat_151.cnf,0.302412748336792,0.0,0.0,0.302412748336792,60.27801274833679,3sat_151.cnf,one_shot,One-shot,1,False,True,runs/analysis/full400_repeated_runtime/raw/one_shot/repeat1.csv
60,2.0,1477068.0,1700897.0,82862966.0,59.9737,INDETERMINATE,60,0,data/test/3sat/400/3sat_152.cnf,0.2978057861328125,0.0,0.0,0.2978057861328125,60.27150578613281,3sat_152.cnf,one_shot,One-shot,1,False,True,runs/analysis/full400_repeated_runtime/raw/one_shot/repeat1.csv
61,2.0,1464275.0,1668606.0,82057565.0,59.9743,INDETERMINATE,61,0,data/test/3sat/400/3sat_153.cnf,0.2978057861328125,0.0,0.0,0.2978057861328125,60.27210578613281,3sat_153.cnf,one_shot,One-shot,1,False,True,runs/analysis/full400_repeated_runtime/raw/one_shot/repeat1.csv
62,1.0,42118.0,49122.0,2596236.0,1.41764,SATISFIABLE,62,0,data/test/3sat/400/3sat_154.cnf,0.2978057861328125,0.0,0.0,0.2978057861328125,1.7154457861328123,3sat_154.cnf,one_shot,One-shot,1,True,False,runs/analysis/full400_repeated_runtime/raw/one_shot/repeat1.csv
63,2.0,1476293.0,1681962.0,82501922.0,59.9762,INDETERMINATE,63,0,data/test/3sat/400/3sat_155.cnf,0.2978057861328125,0.0,0.0,0.2978057861328125,60.27400578613281,3sat_155.cnf,one_shot,One-shot,1,False,True,runs/analysis/full400_repeated_runtime/raw/one_shot/repeat1.csv
64,2.0,1478455.0,1687475.0,83881796.0,59.9942,INDETERMINATE,64,0,data/test/3sat/400/3sat_156.cnf,0.2978057861328125,0.0,0.0,0.2978057861328125,60.29200578613281,3sat_156.cnf,one_shot,One-shot,1,False,True,runs/analysis/full400_repeated_runtime/raw/one_shot/repeat1.csv
65,1.0,75250.0,88905.0,4657000.0,2.98152,SATISFIABLE,65,0,data/test/3sat/400/3sat_157.cnf,0.2978057861328125,0.0,0.0,0.2978057861328125,3.2793257861328127,3sat_157.cnf,one_shot,One-shot,1,True,False,runs/analysis/full400_repeated_runtime/raw/one_shot/repeat1.csv
66,2.0,1455340.0,1648650.0,81028396.0,59.9815,INDETERMINATE,66,0,data/test/3sat/400/3sat_158.cnf,0.2978057861328125,0.0,0.0,0.2978057861328125,60.27930578613281,3sat_158.cnf,one_shot,One-shot,1,False,True,runs/analysis/full400_repeated_runtime/raw/one_shot/repeat1.csv
67,2.0,1482661.0,1702725.0,85312446.0,59.986,INDETERMINATE,67,0,data/test/3sat/400/3sat_159.cnf,0.2978057861328125,0.0,0.0,0.2978057861328125,60.28380578613281,3sat_159.cnf,one_shot,One-shot,1,False,True,runs/analysis/full400_repeated_runtime/raw/one_shot/repeat1.csv
68,2.0,1558030.0,1769501.0,89385358.0,59.99,INDETERMINATE,68,0,data/test/3sat/400/3sat_16.cnf,0.2978057861328125,0.0,0.0,0.2978057861328125,60.287805786132814,3sat_16.cnf,one_shot,One-shot,1,False,True,runs/analysis/full400_repeated_runtime/raw/one_shot/repeat1.csv
69,2.0,1502033.0,1719664.0,83804129.0,59.9871,INDETERMINATE,69,0,data/test/3sat/400/3sat_160.cnf,0.2978057861328125,0.0,0.0,0.2978057861328125,60.28490578613281,3sat_160.cnf,one_shot,One-shot,1,False,True,runs/analysis/full400_repeated_runtime/raw/one_shot/repeat1.csv
70,2.0,1530998.0,1743489.0,88593483.0,59.9945,INDETERMINATE,70,0,data/test/3sat/400/3sat_161.cnf,0.3031947612762451,0.0,0.0,0.3031947612762451,60.29769476127625,3sat_161.cnf,one_shot,One-shot,1,False,True,runs/analysis/full400_repeated_runtime/raw/one_shot/repeat1.csv
71,2.0,1421818.0,1607211.0,80113143.0,59.9952,INDETERMINATE,71,0,data/test/3sat/400/3sat_162.cnf,0.3031947612762451,0.0,0.0,0.3031947612762451,60.29839476127624,3sat_162.cnf,one_shot,One-shot,1,False,True,runs/analysis/full400_repeated_runtime/raw/one_shot/repeat1.csv
72,2.0,1434735.0,1629181.0,80778181.0,59.9751,INDETERMINATE,72,0,data/test/3sat/400/3sat_163.cnf,0.3031947612762451,0.0,0.0,0.3031947612762451,60.27829476127624,3sat_163.cnf,one_shot,One-shot,1,False,True,runs/analysis/full400_repeated_runtime/raw/one_shot/repeat1.csv
73,2.0,1525039.0,1749990.0,88615988.0,59.9656,INDETERMINATE,73,0,data/test/3sat/400/3sat_164.cnf,0.3031947612762451,0.0,0.0,0.3031947612762451,60.26879476127625,3sat_164.cnf,one_shot,One-shot,1,False,True,runs/analysis/full400_repeated_runtime/raw/one_shot/repeat1.csv
74,1.0,7043.0,8408.0,453223.0,0.146836,SATISFIABLE,74,0,data/test/3sat/400/3sat_165.cnf,0.3031947612762451,0.0,0.0,0.3031947612762451,0.4500307612762451,3sat_165.cnf,one_shot,One-shot,1,True,False,runs/analysis/full400_repeated_runtime/raw/one_shot/repeat1.csv
75,2.0,1542848.0,1763787.0,87108633.0,59.9803,INDETERMINATE,75,0,data/test/3sat/400/3sat_166.cnf,0.3031947612762451,0.0,0.0,0.3031947612762451,60.283494761276245,3sat_166.cnf,one_shot,One-shot,1,False,True,runs/analysis/full400_repeated_runtime/raw/one_shot/repeat1.csv
76,2.0,399529.0,460797.0,23951550.0,12.7339,SATISFIABLE,76,0,data/test/3sat/400/3sat_167.cnf,0.3031947612762451,0.0,0.0,0.3031947612762451,13.037094761276244,3sat_167.cnf,one_shot,One-shot,1,True,False,runs/analysis/full400_repeated_runtime/raw/one_shot/repeat1.csv
77,2.0,1428294.0,1614854.0,81733575.0,59.988,INDETERMINATE,77,0,data/test/3sat/400/3sat_168.cnf,0.3031947612762451,0.0,0.0,0.3031947612762451,60.291194761276245,3sat_168.cnf,one_shot,One-shot,1,False,True,runs/analysis/full400_repeated_runtime/raw/one_shot/repeat1.csv
78,2.0,1468496.0,1685609.0,84766428.0,59.9899,INDETERMINATE,78,0,data/test/3sat/400/3sat_169.cnf,0.3031947612762451,0.0,0.0,0.3031947612762451,60.29309476127624,3sat_169.cnf,one_shot,One-shot,1,False,True,runs/analysis/full400_repeated_runtime/raw/one_shot/repeat1.csv
79,2.0,1385474.0,1587138.0,77888877.0,59.9875,INDETERMINATE,79,0,data/test/3sat/400/3sat_17.cnf,0.3031947612762451,0.0,0.0,0.3031947612762451,60.29069476127624,3sat_17.cnf,one_shot,One-shot,1,False,True,runs/analysis/full400_repeated_runtime/raw/one_shot/repeat1.csv
80,2.0,1420772.0,1621866.0,79067088.0,59.9804,INDETERMINATE,80,0,data/test/3sat/400/3sat_170.cnf,0.3097357749938965,0.0,0.0,0.3097357749938965,60.2901357749939,3sat_170.cnf,one_shot,One-shot,1,False,True,runs/analysis/full400_repeated_runtime/raw/one_shot/repeat1.csv
81,2.0,1407958.0,1603873.0,79986931.0,59.9756,INDETERMINATE,81,0,data/test/3sat/400/3sat_171.cnf,0.3097357749938965,0.0,0.0,0.3097357749938965,60.2853357749939,3sat_171.cnf,one_shot,One-shot,1,False,True,runs/analysis/full400_repeated_runtime/raw/one_shot/repeat1.csv
82,2.0,1430228.0,1651052.0,83144436.0,59.9831,INDETERMINATE,82,0,data/test/3sat/400/3sat_172.cnf,0.3097357749938965,0.0,0.0,0.3097357749938965,60.2928357749939,3sat_172.cnf,one_shot,One-shot,1,False,True,runs/analysis/full400_repeated_runtime/raw/one_shot/repeat1.csv
83,2.0,1448752.0,1656431.0,83097772.0,59.9793,INDETERMINATE,83,0,data/test/3sat/400/3sat_173.cnf,0.3097357749938965,0.0,0.0,0.3097357749938965,60.2890357749939,3sat_173.cnf,one_shot,One-shot,1,False,True,runs/analysis/full400_repeated_runtime/raw/one_shot/repeat1.csv
84,2.0,1450422.0,1646069.0,81556548.0,59.9649,INDETERMINATE,84,0,data/test/3sat/400/3sat_174.cnf,0.3097357749938965,0.0,0.0,0.3097357749938965,60.2746357749939,3sat_174.cnf,one_shot,One-shot,1,False,True,runs/analysis/full400_repeated_runtime/raw/one_shot/repeat1.csv
85,2.0,1622749.0,1841270.0,89599699.0,59.9861,INDETERMINATE,85,0,data/test/3sat/400/3sat_175.cnf,0.3097357749938965,0.0,0.0,0.3097357749938965,60.2958357749939,3sat_175.cnf,one_shot,One-shot,1,False,True,runs/analysis/full400_repeated_runtime/raw/one_shot/repeat1.csv
86,1.0,44850.0,52377.0,2659490.0,1.42704,SATISFIABLE,86,0,data/test/3sat/400/3sat_176.cnf,0.3097357749938965,0.0,0.0,0.3097357749938965,1.7367757749938966,3sat_176.cnf,one_shot,One-shot,1,True,False,runs/analysis/full400_repeated_runtime/raw/one_shot/repeat1.csv
87,2.0,1498247.0,1697900.0,86079998.0,59.9892,INDETERMINATE,87,0,data/test/3sat/400/3sat_177.cnf,0.3097357749938965,0.0,0.0,0.3097357749938965,60.29893577499389,3sat_177.cnf,one_shot,One-shot,1,False,True,runs/analysis/full400_repeated_runtime/raw/one_shot/repeat1.csv
88,2.0,1532824.0,1773138.0,88836135.0,59.9708,INDETERMINATE,88,0,data/test/3sat/400/3sat_178.cnf,0.3097357749938965,0.0,0.0,0.3097357749938965,60.28053577499389,3sat_178.cnf,one_shot,One-shot,1,False,True,runs/analysis/full400_repeated_runtime/raw/one_shot/repeat1.csv
89,2.0,1562057.0,1777566.0,89745625.0,59.9776,INDETERMINATE,89,0,data/test/3sat/400/3sat_179.cnf,0.3097357749938965,0.0,0.0,0.3097357749938965,60.2873357749939,3sat_179.cnf,one_shot,One-shot,1,False,True,runs/analysis/full400_repeated_runtime/raw/one_shot/repeat1.csv
90,2.0,1459976.0,1668895.0,83927287.0,59.9651,INDETERMINATE,90,0,data/test/3sat/400/3sat_18.cnf,0.305887222290039,0.0,0.0,0.305887222290039,60.27098722229004,3sat_18.cnf,one_shot,One-shot,1,False,True,runs/analysis/full400_repeated_runtime/raw/one_shot/repeat1.csv
91,2.0,479866.0,551097.0,28918715.0,16.5158,SATISFIABLE,91,0,data/test/3sat/400/3sat_180.cnf,0.305887222290039,0.0,0.0,0.305887222290039,16.821687222290038,3sat_180.cnf,one_shot,One-shot,1,True,False,runs/analysis/full400_repeated_runtime/raw/one_shot/repeat1.csv
92,1.0,52050.0,59791.0,3130772.0,1.8041,SATISFIABLE,92,0,data/test/3sat/400/3sat_181.cnf,0.305887222290039,0.0,0.0,0.305887222290039,2.109987222290039,3sat_181.cnf,one_shot,One-shot,1,True,False,runs/analysis/full400_repeated_runtime/raw/one_shot/repeat1.csv
93,2.0,1517629.0,1738920.0,83757769.0,59.9727,INDETERMINATE,93,0,data/test/3sat/400/3sat_182.cnf,0.305887222290039,0.0,0.0,0.305887222290039,60.27858722229004,3sat_182.cnf,one_shot,One-shot,1,False,True,runs/analysis/full400_repeated_runtime/raw/one_shot/repeat1.csv
94,2.0,1492733.0,1704726.0,83716224.0,59.9849,INDETERMINATE,94,0,data/test/3sat/400/3sat_183.cnf,0.305887222290039,0.0,0.0,0.305887222290039,60.29078722229004,3sat_183.cnf,one_shot,One-shot,1,False,True,runs/analysis/full400_repeated_runtime/raw/one_shot/repeat1.csv
95,2.0,1486593.0,1693379.0,85194165.0,59.9841,INDETERMINATE,95,0,data/test/3sat/400/3sat_184.cnf,0.305887222290039,0.0,0.0,0.305887222290039,60.28998722229004,3sat_184.cnf,one_shot,One-shot,1,False,True,runs/analysis/full400_repeated_runtime/raw/one_shot/repeat1.csv
96,2.0,1605189.0,1815327.0,90077996.0,59.9797,INDETERMINATE,96,0,data/test/3sat/400/3sat_185.cnf,0.305887222290039,0.0,0.0,0.305887222290039,60.28558722229004,3sat_185.cnf,one_shot,One-shot,1,False,True,runs/analysis/full400_repeated_runtime/raw/one_shot/repeat1.csv
97,2.0,1396063.0,1594777.0,76229407.0,59.9908,INDETERMINATE,97,0,data/test/3sat/400/3sat_186.cnf,0.305887222290039,0.0,0.0,0.305887222290039,60.29668722229004,3sat_186.cnf,one_shot,One-shot,1,False,True,runs/analysis/full400_repeated_runtime/raw/one_shot/repeat1.csv
98,2.0,1384002.0,1594948.0,77979838.0,59.9692,INDETERMINATE,98,0,data/test/3sat/400/3sat_187.cnf,0.305887222290039,0.0,0.0,0.305887222290039,60.27508722229004,3sat_187.cnf,one_shot,One-shot,1,False,True,runs/analysis/full400_repeated_runtime/raw/one_shot/repeat1.csv
99,2.0,1568729.0,1791443.0,89655444.0,59.9782,INDETERMINATE,99,0,data/test/3sat/400/3sat_188.cnf,0.305887222290039,0.0,0.0,0.305887222290039,60.28408722229004,3sat_188.cnf,one_shot,One-shot,1,False,True,runs/analysis/full400_repeated_runtime/raw/one_shot/repeat1.csv
100,2.0,1402626.0,1603361.0,80507796.0,59.9919,INDETERMINATE,100,0,data/test/3sat/400/3sat_189.cnf,0.3376967906951904,0.0,0.0,0.3376967906951904,60.32959679069519,3sat_189.cnf,one_shot,One-shot,1,False,True,runs/analysis/full400_repeated_runtime/raw/one_shot/repeat1.csv
101,1.0,89648.0,102340.0,5281405.0,3.55932,SATISFIABLE,101,0,data/test/3sat/400/3sat_19.cnf,0.3376967906951904,0.0,0.0,0.3376967906951904,3.8970167906951914,3sat_19.cnf,one_shot,One-shot,1,True,False,runs/analysis/full400_repeated_runtime/raw/one_shot/repeat1.csv
102,1.0,1353.0,1762.0,87323.0,0.026787,SATISFIABLE,102,0,data/test/3sat/400/3sat_190.cnf,0.3376967906951904,0.0,0.0,0.3376967906951904,0.3644837906951904,3sat_190.cnf,one_shot,One-shot,1,True,False,runs/analysis/full400_repeated_runtime/raw/one_shot/repeat1.csv
103,2.0,1454868.0,1652078.0,82033102.0,59.9594,INDETERMINATE,103,0,data/test/3sat/400/3sat_191.cnf,0.3376967906951904,0.0,0.0,0.3376967906951904,60.29709679069519,3sat_191.cnf,one_shot,One-shot,1,False,True,runs/analysis/full400_repeated_runtime/raw/one_shot/repeat1.csv
104,2.0,1432002.0,1651801.0,80823672.0,59.989,INDETERMINATE,104,0,data/test/3sat/400/3sat_192.cnf,0.3376967906951904,0.0,0.0,0.3376967906951904,60.32669679069519,3sat_192.cnf,one_shot,One-shot,1,False,True,runs/analysis/full400_repeated_runtime/raw/one_shot/repeat1.csv
105,2.0,1409926.0,1608806.0,81546599.0,59.9738,INDETERMINATE,105,0,data/test/3sat/400/3sat_193.cnf,0.3376967906951904,0.0,0.0,0.3376967906951904,60.31149679069519,3sat_193.cnf,one_shot,One-shot,1,False,True,runs/analysis/full400_repeated_runtime/raw/one_shot/repeat1.csv
106,2.0,1400197.0,1589825.0,79722401.0,59.9753,INDETERMINATE,106,0,data/test/3sat/400/3sat_194.cnf,0.3376967906951904,0.0,0.0,0.3376967906951904,60.31299679069519,3sat_194.cnf,one_shot,One-shot,1,False,True,runs/analysis/full400_repeated_runtime/raw/one_shot/repeat1.csv
107,2.0,1506020.0,1718470.0,87872087.0,59.978,INDETERMINATE,107,0,data/test/3sat/400/3sat_195.cnf,0.3376967906951904,0.0,0.0,0.3376967906951904,60.31569679069519,3sat_195.cnf,one_shot,One-shot,1,False,True,runs/analysis/full400_repeated_runtime/raw/one_shot/repeat1.csv
108,2.0,885139.0,1017689.0,51832819.0,30.7769,SATISFIABLE,108,0,data/test/3sat/400/3sat_196.cnf,0.3376967906951904,0.0,0.0,0.3376967906951904,31.11459679069519,3sat_196.cnf,one_shot,One-shot,1,True,False,runs/analysis/full400_repeated_runtime/raw/one_shot/repeat1.csv
109,2.0,1479318.0,1686667.0,82954407.0,59.9793,INDETERMINATE,109,0,data/test/3sat/400/3sat_197.cnf,0.3376967906951904,0.0,0.0,0.3376967906951904,60.31699679069519,3sat_197.cnf,one_shot,One-shot,1,False,True,runs/analysis/full400_repeated_runtime/raw/one_shot/repeat1.csv
110,2.0,1437569.0,1644648.0,83245548.0,59.9697,INDETERMINATE,110,0,data/test/3sat/400/3sat_198.cnf,0.3581862449645996,0.0,0.0,0.3581862449645996,60.3278862449646,3sat_198.cnf,one_shot,One-shot,1,False,True,runs/analysis/full400_repeated_runtime/raw/one_shot/repeat1.csv
111,2.0,1436624.0,1645878.0,80185573.0,59.9782,INDETERMINATE,111,0,data/test/3sat/400/3sat_199.cnf,0.3581862449645996,0.0,0.0,0.3581862449645996,60.3363862449646,3sat_199.cnf,one_shot,One-shot,1,False,True,runs/analysis/full400_repeated_runtime/raw/one_shot/repeat1.csv
112,2.0,1446244.0,1650936.0,84000322.0,59.9712,INDETERMINATE,112,0,data/test/3sat/400/3sat_2.cnf,0.3581862449645996,0.0,0.0,0.3581862449645996,60.3293862449646,3sat_2.cnf,one_shot,One-shot,1,False,True,runs/analysis/full400_repeated_runtime/raw/one_shot/repeat1.csv
113,2.0,361980.0,419239.0,21758927.0,12.0004,SATISFIABLE,113,0,data/test/3sat/400/3sat_20.cnf,0.3581862449645996,0.0,0.0,0.3581862449645996,12.3585862449646,3sat_20.cnf,one_shot,One-shot,1,True,False,runs/analysis/full400_repeated_runtime/raw/one_shot/repeat1.csv
114,2.0,1444478.0,1672024.0,84079770.0,59.9862,INDETERMINATE,114,0,data/test/3sat/400/3sat_21.cnf,0.3581862449645996,0.0,0.0,0.3581862449645996,60.3443862449646,3sat_21.cnf,one_shot,One-shot,1,False,True,runs/analysis/full400_repeated_runtime/raw/one_shot/repeat1.csv
115,1.0,41448.0,48376.0,2524622.0,1.28572,SATISFIABLE,115,0,data/test/3sat/400/3sat_22.cnf,0.3581862449645996,0.0,0.0,0.3581862449645996,1.6439062449645996,3sat_22.cnf,one_shot,One-shot,1,True,False,runs/analysis/full400_repeated_runtime/raw/one_shot/repeat1.csv
116,2.0,1392138.0,1592802.0,77295063.0,59.9824,INDETERMINATE,116,0,data/test/3sat/400/3sat_23.cnf,0.3581862449645996,0.0,0.0,0.3581862449645996,60.3405862449646,3sat_23.cnf,one_shot,One-shot,1,False,True,runs/analysis/full400_repeated_runtime/raw/one_shot/repeat1.csv
117,1.0,97677.0,112677.0,5872880.0,4.11353,SATISFIABLE,117,0,data/test/3sat/400/3sat_24.cnf,0.3581862449645996,0.0,0.0,0.3581862449645996,4.4717162449646,3sat_24.cnf,one_shot,One-shot,1,True,False,runs/analysis/full400_repeated_runtime/raw/one_shot/repeat1.csv
118,1.0,41249.0,47888.0,2486997.0,1.16417,SATISFIABLE,118,0,data/test/3sat/400/3sat_25.cnf,0.3581862449645996,0.0,0.0,0.3581862449645996,1.5223562449645995,3sat_25.cnf,one_shot,One-shot,1,True,False,runs/analysis/full400_repeated_runtime/raw/one_shot/repeat1.csv
119,2.0,1382033.0,1577726.0,79207397.0,59.9823,INDETERMINATE,119,0,data/test/3sat/400/3sat_26.cnf,0.3581862449645996,0.0,0.0,0.3581862449645996,60.3404862449646,3sat_26.cnf,one_shot,One-shot,1,False,True,runs/analysis/full400_repeated_runtime/raw/one_shot/repeat1.csv
120,1.0,9470.0,11447.0,605518.0,0.206807,SATISFIABLE,120,0,data/test/3sat/400/3sat_27.cnf,0.277463436126709,0.0,0.0,0.277463436126709,0.4842704361267089,3sat_27.cnf,one_shot,One-shot,1,True,False,runs/analysis/full400_repeated_runtime/raw/one_shot/repeat1.csv
121,2.0,1509957.0,1728240.0,85558802.0,59.96,INDETERMINATE,121,0,data/test/3sat/400/3sat_28.cnf,0.277463436126709,0.0,0.0,0.277463436126709,60.23746343612671,3sat_28.cnf,one_shot,One-shot,1,False,True,runs/analysis/full400_repeated_runtime/raw/one_shot/repeat1.csv
122,2.0,1521010.0,1733145.0,87471939.0,59.9641,INDETERMINATE,122,0,data/test/3sat/400/3sat_29.cnf,0.277463436126709,0.0,0.0,0.277463436126709,60.24156343612671,3sat_29.cnf,one_shot,One-shot,1,False,True,runs/analysis/full400_repeated_runtime/raw/one_shot/repeat1.csv
123,2.0,1529629.0,1753933.0,89991360.0,59.988,INDETERMINATE,123,0,data/test/3sat/400/3sat_3.cnf,0.277463436126709,0.0,0.0,0.277463436126709,60.26546343612671,3sat_3.cnf,one_shot,One-shot,1,False,True,runs/analysis/full400_repeated_runtime/raw/one_shot/repeat1.csv
124,2.0,1447486.0,1651106.0,83695598.0,59.9769,INDETERMINATE,124,0,data/test/3sat/400/3sat_30.cnf,0.277463436126709,0.0,0.0,0.277463436126709,60.25436343612671,3sat_30.cnf,one_shot,One-shot,1,False,True,runs/analysis/full400_repeated_runtime/raw/one_shot/repeat1.csv
125,2.0,1352220.0,1546084.0,75814654.0,59.985,INDETERMINATE,125,0,data/test/3sat/400/3sat_31.cnf,0.277463436126709,0.0,0.0,0.277463436126709,60.26246343612671,3sat_31.cnf,one_shot,One-shot,1,False,True,runs/analysis/full400_repeated_runtime/raw/one_shot/repeat1.csv
126,2.0,1440150.0,1629129.0,81115558.0,59.9762,INDETERMINATE,126,0,data/test/3sat/400/3sat_32.cnf,0.277463436126709,0.0,0.0,0.277463436126709,60.25366343612671,3sat_32.cnf,one_shot,One-shot,1,False,True,runs/analysis/full400_repeated_runtime/raw/one_shot/repeat1.csv
127,2.0,1427845.0,1638374.0,81397129.0,59.9798,INDETERMINATE,127,0,data/test/3sat/400/3sat_33.cnf,0.277463436126709,0.0,0.0,0.277463436126709,60.25726343612671,3sat_33.cnf,one_shot,One-shot,1,False,True,runs/analysis/full400_repeated_runtime/raw/one_shot/repeat1.csv
128,2.0,1590454.0,1816554.0,92050621.0,59.9822,INDETERMINATE,128,0,data/test/3sat/400/3sat_34.cnf,0.277463436126709,0.0,0.0,0.277463436126709,60.25966343612671,3sat_34.cnf,one_shot,One-shot,1,False,True,runs/analysis/full400_repeated_runtime/raw/one_shot/repeat1.csv
129,2.0,1535174.0,1762750.0,84516816.0,59.9887,INDETERMINATE,129,0,data/test/3sat/400/3sat_35.cnf,0.277463436126709,0.0,0.0,0.277463436126709,60.26616343612671,3sat_35.cnf,one_shot,One-shot,1,False,True,runs/analysis/full400_repeated_runtime/raw/one_shot/repeat1.csv
130,2.0,1478093.0,1691497.0,83038184.0,59.9815,INDETERMINATE,130,0,data/test/3sat/400/3sat_36.cnf,0.2805032730102539,0.0,0.0,0.2805032730102539,60.26200327301025,3sat_36.cnf,one_shot,One-shot,1,False,True,runs/analysis/full400_repeated_runtime/raw/one_shot/repeat1.csv
131,2.0,1546189.0,1755015.0,86891178.0,59.9773,INDETERMINATE,131,0,data/test/3sat/400/3sat_37.cnf,0.2805032730102539,0.0,0.0,0.2805032730102539,60.25780327301025,3sat_37.cnf,one_shot,One-shot,1,False,True,runs/analysis/full400_repeated_runtime/raw/one_shot/repeat1.csv
132,2.0,1528002.0,1744154.0,87187201.0,59.982,INDETERMINATE,132,0,data/test/3sat/400/3sat_38.cnf,0.2805032730102539,0.0,0.0,0.2805032730102539,60.26250327301025,3sat_38.cnf,one_shot,One-shot,1,False,True,runs/analysis/full400_repeated_runtime/raw/one_shot/repeat1.csv
133,2.0,1500377.0,1726196.0,83924526.0,59.9872,INDETERMINATE,133,0,data/test/3sat/400/3sat_39.cnf,0.2805032730102539,0.0,0.0,0.2805032730102539,60.267703273010255,3sat_39.cnf,one_shot,One-shot,1,False,True,runs/analysis/full400_repeated_runtime/raw/one_shot/repeat1.csv
134,2.0,1564134.0,1785545.0,87913735.0,59.9768,INDETERMINATE,134,0,data/test/3sat/400/3sat_4.cnf,0.2805032730102539,0.0,0.0,0.2805032730102539,60.25730327301025,3sat_4.cnf,one_shot,One-shot,1,False,True,runs/analysis/full400_repeated_runtime/raw/one_shot/repeat1.csv
135,2.0,1533292.0,1752024.0,87250226.0,59.9831,INDETERMINATE,135,0,data/test/3sat/400/3sat_40.cnf,0.2805032730102539,0.0,0.0,0.2805032730102539,60.263603273010254,3sat_40.cnf,one_shot,One-shot,1,False,True,runs/analysis/full400_repeated_runtime/raw/one_shot/repeat1.csv
136,2.0,1385898.0,1573550.0,77080890.0,59.9764,INDETERMINATE,136,0,data/test/3sat/400/3sat_41.cnf,0.2805032730102539,0.0,0.0,0.2805032730102539,60.25690327301025,3sat_41.cnf,one_shot,One-shot,1,False,True,runs/analysis/full400_repeated_runtime/raw/one_shot/repeat1.csv
137,2.0,1593791.0,1810732.0,86498577.0,59.982,INDETERMINATE,137,0,data/test/3sat/400/3sat_42.cnf,0.2805032730102539,0.0,0.0,0.2805032730102539,60.26250327301025,3sat_42.cnf,one_shot,One-shot,1,False,True,runs/analysis/full400_repeated_runtime/raw/one_shot/repeat1.csv
138,2.0,1450710.0,1649385.0,82795419.0,59.9888,INDETERMINATE,138,0,data/test/3sat/400/3sat_43.cnf,0.2805032730102539,0.0,0.0,0.2805032730102539,60.26930327301025,3sat_43.cnf,one_shot,One-shot,1,False,True,runs/analysis/full400_repeated_runtime/raw/one_shot/repeat1.csv
139,2.0,1483596.0,1698984.0,85674246.0,59.9912,INDETERMINATE,139,0,data/test/3sat/400/3sat_44.cnf,0.2805032730102539,0.0,0.0,0.2805032730102539,60.27170327301025,3sat_44.cnf,one_shot,One-shot,1,False,True,runs/analysis/full400_repeated_runtime/raw/one_shot/repeat1.csv
140,2.0,1537877.0,1733487.0,85839408.0,59.9819,INDETERMINATE,140,0,data/test/3sat/400/3sat_45.cnf,0.2809414863586426,0.0,0.0,0.2809414863586426,60.262841486358646,3sat_45.cnf,one_shot,One-shot,1,False,True,runs/analysis/full400_repeated_runtime/raw/one_shot/repeat1.csv
141,2.0,977212.0,1110702.0,56336677.0,35.937,SATISFIABLE,141,0,data/test/3sat/400/3sat_46.cnf,0.2809414863586426,0.0,0.0,0.2809414863586426,36.21794148635864,3sat_46.cnf,one_shot,One-shot,1,True,False,runs/analysis/full400_repeated_runtime/raw/one_shot/repeat1.csv
142,1.0,63966.0,73444.0,4017900.0,2.42822,SATISFIABLE,142,0,data/test/3sat/400/3sat_47.cnf,0.2809414863586426,0.0,0.0,0.2809414863586426,2.709161486358642,3sat_47.cnf,one_shot,One-shot,1,True,False,runs/analysis/full400_repeated_runtime/raw/one_shot/repeat1.csv
143,2.0,1514451.0,1732321.0,84484773.0,59.9775,INDETERMINATE,143,0,data/test/3sat/400/3sat_48.cnf,0.2809414863586426,0.0,0.0,0.2809414863586426,60.25844148635864,3sat_48.cnf,one_shot,One-shot,1,False,True,runs/analysis/full400_repeated_runtime/raw/one_shot/repeat1.csv
144,2.0,1424525.0,1632700.0,82311061.0,59.9825,INDETERMINATE,144,0,data/test/3sat/400/3sat_49.cnf,0.2809414863586426,0.0,0.0,0.2809414863586426,60.26344148635864,3sat_49.cnf,one_shot,One-shot,1,False,True,runs/analysis/full400_repeated_runtime/raw/one_shot/repeat1.csv
145,2.0,1407556.0,1612471.0,79618852.0,59.9742,INDETERMINATE,145,0,data/test/3sat/400/3sat_5.cnf,0.2809414863586426,0.0,0.0,0.2809414863586426,60.255141486358646,3sat_5.cnf,one_shot,One-shot,1,False,True,runs/analysis/full400_repeated_runtime/raw/one_shot/repeat1.csv
146,2.0,1383626.0,1582677.0,79508237.0,59.9794,INDETERMINATE,146,0,data/test/3sat/400/3sat_50.cnf,0.2809414863586426,0.0,0.0,0.2809414863586426,60.26034148635864,3sat_50.cnf,one_shot,One-shot,1,False,True,runs/analysis/full400_repeated_runtime/raw/one_shot/repeat1.csv
147,2.0,1488635.0,1702787.0,84690164.0,59.9856,INDETERMINATE,147,0,data/test/3sat/400/3sat_51.cnf,0.2809414863586426,0.0,0.0,0.2809414863586426,60.26654148635864,3sat_51.cnf,one_shot,One-shot,1,False,True,runs/analysis/full400_repeated_runtime/raw/one_shot/repeat1.csv
148,2.0,1558259.0,1799159.0,87752644.0,59.9815,INDETERMINATE,148,0,data/test/3sat/400/3sat_52.cnf,0.2809414863586426,0.0,0.0,0.2809414863586426,60.26244148635864,3sat_52.cnf,one_shot,One-shot,1,False,True,runs/analysis/full400_repeated_runtime/raw/one_shot/repeat1.csv
149,2.0,1456072.0,1660133.0,79074506.0,59.9669,INDETERMINATE,149,0,data/test/3sat/400/3sat_53.cnf,0.2809414863586426,0.0,0.0,0.2809414863586426,60.247841486358645,3sat_53.cnf,one_shot,One-shot,1,False,True,runs/analysis/full400_repeated_runtime/raw/one_shot/repeat1.csv
150,2.0,612353.0,699215.0,35959808.0,21.8826,SATISFIABLE,150,0,data/test/3sat/400/3sat_54.cnf,0.2967171669006347,0.0,0.0,0.2967171669006347,22.179317166900635,3sat_54.cnf,one_shot,One-shot,1,True,False,runs/analysis/full400_repeated_runtime/raw/one_shot/repeat1.csv
151,2.0,1503555.0,1715372.0,84817668.0,59.977,INDETERMINATE,151,0,data/test/3sat/400/3sat_55.cnf,0.2967171669006347,0.0,0.0,0.2967171669006347,60.27371716690063,3sat_55.cnf,one_shot,One-shot,1,False,True,runs/analysis/full400_repeated_runtime/raw/one_shot/repeat1.csv
152,2.0,1379274.0,1557545.0,78893659.0,59.9793,INDETERMINATE,152,0,data/test/3sat/400/3sat_56.cnf,0.2967171669006347,0.0,0.0,0.2967171669006347,60.27601716690064,3sat_56.cnf,one_shot,One-shot,1,False,True,runs/analysis/full400_repeated_runtime/raw/one_shot/repeat1.csv
153,2.0,1447253.0,1645232.0,81021785.0,59.9652,INDETERMINATE,153,0,data/test/3sat/400/3sat_57.cnf,0.2967171669006347,0.0,0.0,0.2967171669006347,60.26191716690064,3sat_57.cnf,one_shot,One-shot,1,False,True,runs/analysis/full400_repeated_runtime/raw/one_shot/repeat1.csv
154,2.0,1587523.0,1811002.0,94049796.0,59.9769,INDETERMINATE,154,0,data/test/3sat/400/3sat_58.cnf,0.2967171669006347,0.0,0.0,0.2967171669006347,60.27361716690064,3sat_58.cnf,one_shot,One-shot,1,False,True,runs/analysis/full400_repeated_runtime/raw/one_shot/repeat1.csv
155,2.0,1481687.0,1697264.0,83435094.0,59.9811,INDETERMINATE,155,0,data/test/3sat/400/3sat_59.cnf,0.2967171669006347,0.0,0.0,0.2967171669006347,60.27781716690063,3sat_59.cnf,one_shot,One-shot,1,False,True,runs/analysis/full400_repeated_runtime/raw/one_shot/repeat1.csv
156,2.0,1453041.0,1648351.0,81292536.0,59.9645,INDETERMINATE,156,0,data/test/3sat/400/3sat_6.cnf,0.2967171669006347,0.0,0.0,0.2967171669006347,60.26121716690064,3sat_6.cnf,one_shot,One-shot,1,False,True,runs/analysis/full400_repeated_runtime/raw/one_shot/repeat1.csv
157,2.0,1372767.0,1562741.0,78973990.0,59.9907,INDETERMINATE,157,0,data/test/3sat/400/3sat_60.cnf,0.2967171669006347,0.0,0.0,0.2967171669006347,60.28741716690063,3sat_60.cnf,one_shot,One-shot,1,False,True,runs/analysis/full400_repeated_runtime/raw/one_shot/repeat1.csv
158,2.0,1463372.0,1653608.0,82139235.0,59.9768,INDETERMINATE,158,0,data/test/3sat/400/3sat_61.cnf,0.2967171669006347,0.0,0.0,0.2967171669006347,60.27351716690063,3sat_61.cnf,one_shot,One-shot,1,False,True,runs/analysis/full400_repeated_runtime/raw/one_shot/repeat1.csv
159,2.0,1493805.0,1694129.0,86137575.0,59.9721,INDETERMINATE,159,0,data/test/3sat/400/3sat_62.cnf,0.2967171669006347,0.0,0.0,0.2967171669006347,60.26881716690063,3sat_62.cnf,one_shot,One-shot,1,False,True,runs/analysis/full400_repeated_runtime/raw/one_shot/repeat1.csv
160,2.0,138136.0,157894.0,8130882.0,5.09797,SATISFIABLE,160,0,data/test/3sat/400/3sat_63.cnf,0.2781803607940674,0.0,0.0,0.2781803607940674,5.376150360794068,3sat_63.cnf,one_shot,One-shot,1,True,False,runs/analysis/full400_repeated_runtime/raw/one_shot/repeat1.csv
161,2.0,1434378.0,1623141.0,80103631.0,59.9791,INDETERMINATE,161,0,data/test/3sat/400/3sat_64.cnf,0.2781803607940674,0.0,0.0,0.2781803607940674,60.25728036079407,3sat_64.cnf,one_shot,One-shot,1,False,True,runs/analysis/full400_repeated_runtime/raw/one_shot/repeat1.csv
162,1.0,224.0,339.0,14565.0,0.011726,SATISFIABLE,162,0,data/test/3sat/400/3sat_65.cnf,0.2781803607940674,0.0,0.0,0.2781803607940674,0.2899063607940674,3sat_65.cnf,one_shot,One-shot,1,True,False,runs/analysis/full400_repeated_runtime/raw/one_shot/repeat1.csv
163,2.0,1379177.0,1582964.0,79590854.0,59.9807,INDETERMINATE,163,0,data/test/3sat/400/3sat_66.cnf,0.2781803607940674,0.0,0.0,0.2781803607940674,60.25888036079407,3sat_66.cnf,one_shot,One-shot,1,False,True,runs/analysis/full400_repeated_runtime/raw/one_shot/repeat1.csv
164,2.0,1524742.0,1742811.0,87865959.0,59.9877,INDETERMINATE,164,0,data/test/3sat/400/3sat_67.cnf,0.2781803607940674,0.0,0.0,0.2781803607940674,60.265880360794064,3sat_67.cnf,one_shot,One-shot,1,False,True,runs/analysis/full400_repeated_runtime/raw/one_shot/repeat1.csv
165,2.0,1451748.0,1661275.0,82204290.0,59.9841,INDETERMINATE,165,0,data/test/3sat/400/3sat_68.cnf,0.2781803607940674,0.0,0.0,0.2781803607940674,60.26228036079407,3sat_68.cnf,one_shot,One-shot,1,False,True,runs/analysis/full400_repeated_runtime/raw/one_shot/repeat1.csv
166,2.0,1477253.0,1693300.0,87967973.0,59.9795,INDETERMINATE,166,0,data/test/3sat/400/3sat_69.cnf,0.2781803607940674,0.0,0.0,0.2781803607940674,60.25768036079407,3sat_69.cnf,one_shot,One-shot,1,False,True,runs/analysis/full400_repeated_runtime/raw/one_shot/repeat1.csv
167,2.0,1501074.0,1694357.0,83105722.0,59.9837,INDETERMINATE,167,0,data/test/3sat/400/3sat_7.cnf,0.2781803607940674,0.0,0.0,0.2781803607940674,60.26188036079407,3sat_7.cnf,one_shot,One-shot,1,False,True,runs/analysis/full400_repeated_runtime/raw/one_shot/repeat1.csv
168,1.0,2512.0,3124.0,152890.0,0.044691,SATISFIABLE,168,0,data/test/3sat/400/3sat_70.cnf,0.2781803607940674,0.0,0.0,0.2781803607940674,0.3228713607940673,3sat_70.cnf,one_shot,One-shot,1,True,False,runs/analysis/full400_repeated_runtime/raw/one_shot/repeat1.csv
169,2.0,1494569.0,1710638.0,85137145.0,59.9848,INDETERMINATE,169,0,data/test/3sat/400/3sat_71.cnf,0.2781803607940674,0.0,0.0,0.2781803607940674,60.26298036079407,3sat_71.cnf,one_shot,One-shot,1,False,True,runs/analysis/full400_repeated_runtime/raw/one_shot/repeat1.csv
170,2.0,1474382.0,1687153.0,82949132.0,59.9905,INDETERMINATE,170,0,data/test/3sat/400/3sat_72.cnf,0.2956209182739258,0.0,0.0,0.2956209182739258,60.28612091827392,3sat_72.cnf,one_shot,One-shot,1,False,True,runs/analysis/full400_repeated_runtime/raw/one_shot/repeat1.csv
171,2.0,1467275.0,1672386.0,84014691.0,59.9696,INDETERMINATE,171,0,data/test/3sat/400/3sat_73.cnf,0.2956209182739258,0.0,0.0,0.2956209182739258,60.265220918273926,3sat_73.cnf,one_shot,One-shot,1,False,True,runs/analysis/full400_repeated_runtime/raw/one_shot/repeat1.csv
172,2.0,1413739.0,1627856.0,79592134.0,59.9691,INDETERMINATE,172,0,data/test/3sat/400/3sat_74.cnf,0.2956209182739258,0.0,0.0,0.2956209182739258,60.26472091827392,3sat_74.cnf,one_shot,One-shot,1,False,True,runs/analysis/full400_repeated_runtime/raw/one_shot/repeat1.csv
173,2.0,1402408.0,1600091.0,76854765.0,59.9768,INDETERMINATE,173,0,data/test/3sat/400/3sat_75.cnf,0.2956209182739258,0.0,0.0,0.2956209182739258,60.27242091827392,3sat_75.cnf,one_shot,One-shot,1,False,True,runs/analysis/full400_repeated_runtime/raw/one_shot/repeat1.csv
174,2.0,1467974.0,1669855.0,85618430.0,59.9783,INDETERMINATE,174,0,data/test/3sat/400/3sat_76.cnf,0.2956209182739258,0.0,0.0,0.2956209182739258,60.27392091827392,3sat_76.cnf,one_shot,One-shot,1,False,True,runs/analysis/full400_repeated_runtime/raw/one_shot/repeat1.csv
175,2.0,1469613.0,1676532.0,82522394.0,59.9937,INDETERMINATE,175,0,data/test/3sat/400/3sat_77.cnf,0.2956209182739258,0.0,0.0,0.2956209182739258,60.28932091827392,3sat_77.cnf,one_shot,One-shot,1,False,True,runs/analysis/full400_repeated_runtime/raw/one_shot/repeat1.csv
176,2.0,1492256.0,1699596.0,81847693.0,59.978,INDETERMINATE,176,0,data/test/3sat/400/3sat_78.cnf,0.2956209182739258,0.0,0.0,0.2956209182739258,60.27362091827393,3sat_78.cnf,one_shot,One-shot,1,False,True,runs/analysis/full400_repeated_runtime/raw/one_shot/repeat1.csv
177,2.0,1423965.0,1628008.0,78214372.0,59.9921,INDETERMINATE,177,0,data/test/3sat/400/3sat_79.cnf,0.2956209182739258,0.0,0.0,0.2956209182739258,60.287720918273926,3sat_79.cnf,one_shot,One-shot,1,False,True,runs/analysis/full400_repeated_runtime/raw/one_shot/repeat1.csv
178,2.0,1456890.0,1655674.0,84257611.0,59.9687,INDETERMINATE,178,0,data/test/3sat/400/3sat_8.cnf,0.2956209182739258,0.0,0.0,0.2956209182739258,60.26432091827392,3sat_8.cnf,one_shot,One-shot,1,False,True,runs/analysis/full400_repeated_runtime/raw/one_shot/repeat1.csv
179,2.0,1464942.0,1688754.0,84531201.0,59.9843,INDETERMINATE,179,0,data/test/3sat/400/3sat_80.cnf,0.2956209182739258,0.0,0.0,0.2956209182739258,60.27992091827392,3sat_80.cnf,one_shot,One-shot,1,False,True,runs/analysis/full400_repeated_runtime/raw/one_shot/repeat1.csv
180,2.0,1431286.0,1619003.0,79949018.0,59.9802,INDETERMINATE,180,0,data/test/3sat/400/3sat_81.cnf,0.2840065956115722,0.0,0.0,0.2840065956115722,60.264206595611576,3sat_81.cnf,one_shot,One-shot,1,False,True,runs/analysis/full400_repeated_runtime/raw/one_shot/repeat1.csv
181,2.0,723843.0,829611.0,42069078.0,24.8021,SATISFIABLE,181,0,data/test/3sat/400/3sat_82.cnf,0.2840065956115722,0.0,0.0,0.2840065956115722,25.08610659561157,3sat_82.cnf,one_shot,One-shot,1,True,False,runs/analysis/full400_repeated_runtime/raw/one_shot/repeat1.csv
182,2.0,1441706.0,1644542.0,80685810.0,59.9849,INDETERMINATE,182,0,data/test/3sat/400/3sat_83.cnf,0.2840065956115722,0.0,0.0,0.2840065956115722,60.268906595611575,3sat_83.cnf,one_shot,One-shot,1,False,True,runs/analysis/full400_repeated_runtime/raw/one_shot/repeat1.csv
183,2.0,1320603.0,1511220.0,75588546.0,59.9849,INDETERMINATE,183,0,data/test/3sat/400/3sat_84.cnf,0.2840065956115722,0.0,0.0,0.2840065956115722,60.268906595611575,3sat_84.cnf,one_shot,One-shot,1,False,True,runs/analysis/full400_repeated_runtime/raw/one_shot/repeat1.csv
184,2.0,1456359.0,1660838.0,82300365.0,59.9839,INDETERMINATE,184,0,data/test/3sat/400/3sat_85.cnf,0.2840065956115722,0.0,0.0,0.2840065956115722,60.26790659561157,3sat_85.cnf,one_shot,One-shot,1,False,True,runs/analysis/full400_repeated_runtime/raw/one_shot/repeat1.csv
185,1.0,84037.0,97892.0,5195664.0,3.30096,SATISFIABLE,185,0,data/test/3sat/400/3sat_86.cnf,0.2840065956115722,0.0,0.0,0.2840065956115722,3.584966595611572,3sat_86.cnf,one_shot,One-shot,1,True,False,runs/analysis/full400_repeated_runtime/raw/one_shot/repeat1.csv
186,2.0,1377421.0,1573599.0,78526776.0,59.9696,INDETERMINATE,186,0,data/test/3sat/400/3sat_87.cnf,0.2840065956115722,0.0,0.0,0.2840065956115722,60.25360659561157,3sat_87.cnf,one_shot,One-shot,1,False,True,runs/analysis/full400_repeated_runtime/raw/one_shot/repeat1.csv
187,1.0,10969.0,13071.0,671709.0,0.239669,SATISFIABLE,187,0,data/test/3sat/400/3sat_88.cnf,0.2840065956115722,0.0,0.0,0.2840065956115722,0.5236755956115723,3sat_88.cnf,one_shot,One-shot,1,True,False,runs/analysis/full400_repeated_runtime/raw/one_shot/repeat1.csv
188,2.0,1493690.0,1709385.0,87694488.0,59.983,INDETERMINATE,188,0,data/test/3sat/400/3sat_89.cnf,0.2840065956115722,0.0,0.0,0.2840065956115722,60.26700659561157,3sat_89.cnf,one_shot,One-shot,1,False,True,runs/analysis/full400_repeated_runtime/raw/one_shot/repeat1.csv
189,2.0,1502616.0,1711256.0,86423840.0,59.9855,INDETERMINATE,189,0,data/test/3sat/400/3sat_9.cnf,0.2840065956115722,0.0,0.0,0.2840065956115722,60.26950659561157,3sat_9.cnf,one_shot,One-shot,1,False,True,runs/analysis/full400_repeated_runtime/raw/one_shot/repeat1.csv
190,2.0,1421905.0,1639096.0,83076248.0,59.9812,INDETERMINATE,190,0,data/test/3sat/400/3sat_90.cnf,0.2950332164764404,0.0,0.0,0.2950332164764404,60.27623321647644,3sat_90.cnf,one_shot,One-shot,1,False,True,runs/analysis/full400_repeated_runtime/raw/one_shot/repeat1.csv
191,1.0,10042.0,11941.0,654479.0,0.220121,SATISFIABLE,191,0,data/test/3sat/400/3sat_91.cnf,0.2950332164764404,0.0,0.0,0.2950332164764404,0.5151542164764404,3sat_91.cnf,one_shot,One-shot,1,True,False,runs/analysis/full400_repeated_runtime/raw/one_shot/repeat1.csv
192,2.0,253822.0,290337.0,15713394.0,9.00855,SATISFIABLE,192,0,data/test/3sat/400/3sat_92.cnf,0.2950332164764404,0.0,0.0,0.2950332164764404,9.30358321647644,3sat_92.cnf,one_shot,One-shot,1,True,False,runs/analysis/full400_repeated_runtime/raw/one_shot/repeat1.csv
193,2.0,621792.0,720709.0,37565651.0,22.88,SATISFIABLE,193,0,data/test/3sat/400/3sat_93.cnf,0.2950332164764404,0.0,0.0,0.2950332164764404,23.17503321647644,3sat_93.cnf,one_shot,One-shot,1,True,False,runs/analysis/full400_repeated_runtime/raw/one_shot/repeat1.csv
194,1.0,53988.0,62131.0,3367378.0,1.7797,SATISFIABLE,194,0,data/test/3sat/400/3sat_94.cnf,0.2950332164764404,0.0,0.0,0.2950332164764404,2.0747332164764405,3sat_94.cnf,one_shot,One-shot,1,True,False,runs/analysis/full400_repeated_runtime/raw/one_shot/repeat1.csv
195,2.0,1441929.0,1641853.0,80741254.0,59.9761,INDETERMINATE,195,0,data/test/3sat/400/3sat_95.cnf,0.2950332164764404,0.0,0.0,0.2950332164764404,60.27113321647644,3sat_95.cnf,one_shot,One-shot,1,False,True,runs/analysis/full400_repeated_runtime/raw/one_shot/repeat1.csv
196,1.0,9083.0,10962.0,575264.0,0.200253,SATISFIABLE,196,0,data/test/3sat/400/3sat_96.cnf,0.2950332164764404,0.0,0.0,0.2950332164764404,0.4952862164764404,3sat_96.cnf,one_shot,One-shot,1,True,False,runs/analysis/full400_repeated_runtime/raw/one_shot/repeat1.csv
197,2.0,1481934.0,1705460.0,87493547.0,59.9849,INDETERMINATE,197,0,data/test/3sat/400/3sat_97.cnf,0.2950332164764404,0.0,0.0,0.2950332164764404,60.27993321647645,3sat_97.cnf,one_shot,One-shot,1,False,True,runs/analysis/full400_repeated_runtime/raw/one_shot/repeat1.csv
198,2.0,1510204.0,1711217.0,85082852.0,59.9778,INDETERMINATE,198,0,data/test/3sat/400/3sat_98.cnf,0.2950332164764404,0.0,0.0,0.2950332164764404,60.27283321647644,3sat_98.cnf,one_shot,One-shot,1,False,True,runs/analysis/full400_repeated_runtime/raw/one_shot/repeat1.csv
199,2.0,1495658.0,1707044.0,82526378.0,59.9772,INDETERMINATE,199,0,data/test/3sat/400/3sat_99.cnf,0.2950332164764404,0.0,0.0,0.2950332164764404,60.27223321647645,3sat_99.cnf,one_shot,One-shot,1,False,True,runs/analysis/full400_repeated_runtime/raw/one_shot/repeat1.csv
0,2.0,1473096.0,1681190.0,82100408.0,59.9785,INDETERMINATE,0,0,data/test/3sat/400/3sat_0.cnf,0.0048739910125732,0.08764,0.4143149852752685,0.4191889762878418,60.48532897628784,3sat_0.cnf,online_consistent_boundary400,Online-Consistent Selector,1,False,True,runs/analysis/full400_repeated_runtime/raw/online_consistent_boundary400/repeat1.csv
1,1.0,73715.0,85712.0,4316774.0,2.81895,SATISFIABLE,1,0,data/test/3sat/400/3sat_1.cnf,0.0048739910125732,0.0789219999999999,0.4143149852752685,0.4191889762878418,3.317060976287842,3sat_1.cnf,online_consistent_boundary400,Online-Consistent Selector,1,True,False,runs/analysis/full400_repeated_runtime/raw/online_consistent_boundary400/repeat1.csv
2,2.0,1564816.0,1786674.0,88239239.0,59.9674,INDETERMINATE,2,0,data/test/3sat/400/3sat_10.cnf,0.0048739910125732,0.073035,0.4143149852752685,0.4191889762878418,60.45962397628784,3sat_10.cnf,online_consistent_boundary400,Online-Consistent Selector,1,False,True,runs/analysis/full400_repeated_runtime/raw/online_consistent_boundary400/repeat1.csv
3,1.0,3392.0,4166.0,213902.0,0.065025,SATISFIABLE,3,0,data/test/3sat/400/3sat_100.cnf,0.0048739910125732,0.074141,0.4143149852752685,0.4191889762878418,0.5583549762878418,3sat_100.cnf,online_consistent_boundary400,Online-Consistent Selector,1,True,False,runs/analysis/full400_repeated_runtime/raw/online_consistent_boundary400/repeat1.csv
4,2.0,1438316.0,1643773.0,80804339.0,59.9669,INDETERMINATE,4,0,data/test/3sat/400/3sat_101.cnf,0.0048739910125732,0.087623,0.4143149852752685,0.4191889762878418,60.473711976287845,3sat_101.cnf,online_consistent_boundary400,Online-Consistent Selector,1,False,True,runs/analysis/full400_repeated_runtime/raw/online_consistent_boundary400/repeat1.csv
5,2.0,1501768.0,1737315.0,85880042.0,59.9694,INDETERMINATE,5,0,data/test/3sat/400/3sat_102.cnf,0.0048739910125732,0.067949,0.4143149852752685,0.4191889762878418,60.45653797628784,3sat_102.cnf,online_consistent_boundary400,Online-Consistent Selector,1,False,True,runs/analysis/full400_repeated_runtime/raw/online_consistent_boundary400/repeat1.csv
6,2.0,1551068.0,1789353.0,89236643.0,59.9812,INDETERMINATE,6,0,data/test/3sat/400/3sat_103.cnf,0.0048739910125732,0.080025,0.4143149852752685,0.4191889762878418,60.48041397628784,3sat_103.cnf,online_consistent_boundary400,Online-Consistent Selector,1,False,True,runs/analysis/full400_repeated_runtime/raw/online_consistent_boundary400/repeat1.csv
7,2.0,1476961.0,1687156.0,82082930.0,59.9682,INDETERMINATE,7,0,data/test/3sat/400/3sat_104.cnf,0.0048739910125732,0.089094,0.4143149852752685,0.4191889762878418,60.47648297628785,3sat_104.cnf,online_consistent_boundary400,Online-Consistent Selector,1,False,True,runs/analysis/full400_repeated_runtime/raw/online_consistent_boundary400/repeat1.csv
8,2.0,1535992.0,1747442.0,87885671.0,59.9824,INDETERMINATE,8,0,data/test/3sat/400/3sat_105.cnf,0.0048739910125732,0.078757,0.4143149852752685,0.4191889762878418,60.48034597628784,3sat_105.cnf,online_consistent_boundary400,Online-Consistent Selector,1,False,True,runs/analysis/full400_repeated_runtime/raw/online_consistent_boundary400/repeat1.csv
9,2.0,1499538.0,1714319.0,83454225.0,59.9755,INDETERMINATE,9,0,data/test/3sat/400/3sat_106.cnf,0.0048739910125732,0.083344,0.4143149852752685,0.4191889762878418,60.47803297628784,3sat_106.cnf,online_consistent_boundary400,Online-Consistent Selector,1,False,True,runs/analysis/full400_repeated_runtime/raw/online_consistent_boundary400/repeat1.csv
10,2.0,1392041.0,1599457.0,79381973.0,59.9672,INDETERMINATE,10,0,data/test/3sat/400/3sat_107.cnf,0.0037703514099121,0.077611,0.3025672435760498,0.3063375949859619,60.35114859498596,3sat_107.cnf,online_consistent_boundary400,Online-Consistent Selector,1,False,True,runs/analysis/full400_repeated_runtime/raw/online_consistent_boundary400/repeat1.csv
11,2.0,1487798.0,1713729.0,83301188.0,59.986,INDETERMINATE,11,0,data/test/3sat/400/3sat_108.cnf,0.0037703514099121,0.075993,0.3025672435760498,0.3063375949859619,60.36833059498596,3sat_108.cnf,online_consistent_boundary400,Online-Consistent Selector,1,False,True,runs/analysis/full400_repeated_runtime/raw/online_consistent_boundary400/repeat1.csv
12,2.0,1562542.0,1790267.0,87473270.0,59.9764,INDETERMINATE,12,0,data/test/3sat/400/3sat_109.cnf,0.0037703514099121,0.06633,0.3025672435760498,0.3063375949859619,60.34906759498596,3sat_109.cnf,online_consistent_boundary400,Online-Consistent Selector,1,False,True,runs/analysis/full400_repeated_runtime/raw/online_consistent_boundary400/repeat1.csv
13,1.0,40661.0,47692.0,2496556.0,1.38755,SATISFIABLE,13,0,data/test/3sat/400/3sat_11.cnf,0.0037703514099121,0.079455,0.3025672435760498,0.3063375949859619,1.773342594985962,3sat_11.cnf,online_consistent_boundary400,Online-Consistent Selector,1,True,False,runs/analysis/full400_repeated_runtime/raw/online_consistent_boundary400/repeat1.csv
14,2.0,1498588.0,1719644.0,86645103.0,59.9766,INDETERMINATE,14,0,data/test/3sat/400/3sat_110.cnf,0.0037703514099121,0.079897,0.3025672435760498,0.3063375949859619,60.36283459498596,3sat_110.cnf,online_consistent_boundary400,Online-Consistent Selector,1,False,True,runs/analysis/full400_repeated_runtime/raw/online_consistent_boundary400/repeat1.csv
15,2.0,1460792.0,1675765.0,85286170.0,59.9839,INDETERMINATE,15,0,data/test/3sat/400/3sat_111.cnf,0.0037703514099121,0.068755,0.3025672435760498,0.3063375949859619,60.35899259498596,3sat_111.cnf,online_consistent_boundary400,Online-Consistent Selector,1,False,True,runs/analysis/full400_repeated_runtime/raw/online_consistent_boundary400/repeat1.csv
16,2.0,1525572.0,1733563.0,88183637.0,59.987,INDETERMINATE,16,0,data/test/3sat/400/3sat_112.cnf,0.0037703514099121,0.067259,0.3025672435760498,0.3063375949859619,60.36059659498597,3sat_112.cnf,online_consistent_boundary400,Online-Consistent Selector,1,False,True,runs/analysis/full400_repeated_runtime/raw/online_consistent_boundary400/repeat1.csv
17,2.0,1404645.0,1593833.0,80545074.0,59.9652,INDETERMINATE,17,0,data/test/3sat/400/3sat_113.cnf,0.0037703514099121,0.079154,0.3025672435760498,0.3063375949859619,60.35069159498597,3sat_113.cnf,online_consistent_boundary400,Online-Consistent Selector,1,False,True,runs/analysis/full400_repeated_runtime/raw/online_consistent_boundary400/repeat1.csv
18,2.0,1462003.0,1678912.0,82702286.0,59.9821,INDETERMINATE,18,0,data/test/3sat/400/3sat_114.cnf,0.0037703514099121,0.065878,0.3025672435760498,0.3063375949859619,60.35431559498596,3sat_114.cnf,online_consistent_boundary400,Online-Consistent Selector,1,False,True,runs/analysis/full400_repeated_runtime/raw/online_consistent_boundary400/repeat1.csv
19,2.0,1413335.0,1613598.0,79858781.0,59.9672,INDETERMINATE,19,0,data/test/3sat/400/3sat_115.cnf,0.0037703514099121,0.0713719999999999,0.3025672435760498,0.3063375949859619,60.34490959498596,3sat_115.cnf,online_consistent_boundary400,Online-Consistent Selector,1,False,True,runs/analysis/full400_repeated_runtime/raw/online_consistent_boundary400/repeat1.csv
20,2.0,1474194.0,1678120.0,82315936.0,59.9671,INDETERMINATE,20,0,data/test/3sat/400/3sat_116.cnf,0.0042803287506103,0.063379,0.2929842472076416,0.2972645759582519,60.32774357595825,3sat_116.cnf,online_consistent_boundary400,Online-Consistent Selector,1,False,True,runs/analysis/full400_repeated_runtime/raw/online_consistent_boundary400/repeat1.csv
21,2.0,1534480.0,1756405.0,85701775.0,59.9825,INDETERMINATE,21,0,data/test/3sat/400/3sat_117.cnf,0.0042803287506103,0.076182,0.2929842472076416,0.2972645759582519,60.35594657595826,3sat_117.cnf,online_consistent_boundary400,Online-Consistent Selector,1,False,True,runs/analysis/full400_repeated_runtime/raw/online_consistent_boundary400/repeat1.csv
22,2.0,1469917.0,1680437.0,82696380.0,59.9724,INDETERMINATE,22,0,data/test/3sat/400/3sat_118.cnf,0.0042803287506103,0.071578,0.2929842472076416,0.2972645759582519,60.341242575958255,3sat_118.cnf,online_consistent_boundary400,Online-Consistent Selector,1,False,True,runs/analysis/full400_repeated_runtime/raw/online_consistent_boundary400/repeat1.csv
23,2.0,1535310.0,1755277.0,84890430.0,59.9742,INDETERMINATE,23,0,data/test/3sat/400/3sat_119.cnf,0.0042803287506103,0.069806,0.2929842472076416,0.2972645759582519,60.341270575958255,3sat_119.cnf,online_consistent_boundary400,Online-Consistent Selector,1,False,True,runs/analysis/full400_repeated_runtime/raw/online_consistent_boundary400/repeat1.csv
24,2.0,1444109.0,1651517.0,81111684.0,59.9791,INDETERMINATE,24,0,data/test/3sat/400/3sat_12.cnf,0.0042803287506103,0.070051,0.2929842472076416,0.2972645759582519,60.346415575958254,3sat_12.cnf,online_consistent_boundary400,Online-Consistent Selector,1,False,True,runs/analysis/full400_repeated_runtime/raw/online_consistent_boundary400/repeat1.csv
25,1.0,23077.0,27394.0,1439359.0,0.66598,SATISFIABLE,25,0,data/test/3sat/400/3sat_120.cnf,0.0042803287506103,0.071571,0.2929842472076416,0.2972645759582519,1.034815575958252,3sat_120.cnf,online_consistent_boundary400,Online-Consistent Selector,1,True,False,runs/analysis/full400_repeated_runtime/raw/online_consistent_boundary400/repeat1.csv
26,1.0,47329.0,54623.0,2823769.0,1.36515,SATISFIABLE,26,0,data/test/3sat/400/3sat_121.cnf,0.0042803287506103,0.066644,0.2929842472076416,0.2972645759582519,1.729058575958252,3sat_121.cnf,online_consistent_boundary400,Online-Consistent Selector,1,True,False,runs/analysis/full400_repeated_runtime/raw/online_consistent_boundary400/repeat1.csv
27,2.0,1491966.0,1706854.0,85308313.0,59.9728,INDETERMINATE,27,0,data/test/3sat/400/3sat_122.cnf,0.0042803287506103,0.06351,0.2929842472076416,0.2972645759582519,60.33357457595825,3sat_122.cnf,online_consistent_boundary400,Online-Consistent Selector,1,False,True,runs/analysis/full400_repeated_runtime/raw/online_consistent_boundary400/repeat1.csv
28,2.0,1538387.0,1749986.0,87524108.0,59.9727,INDETERMINATE,28,0,data/test/3sat/400/3sat_123.cnf,0.0042803287506103,0.078174,0.2929842472076416,0.2972645759582519,60.34813857595825,3sat_123.cnf,online_consistent_boundary400,Online-Consistent Selector,1,False,True,runs/analysis/full400_repeated_runtime/raw/online_consistent_boundary400/repeat1.csv
29,1.0,654.0,900.0,43163.0,0.011629,SATISFIABLE,29,0,data/test/3sat/400/3sat_124.cnf,0.0042803287506103,0.046735,0.2929842472076416,0.2972645759582519,0.3556285759582519,3sat_124.cnf,online_consistent_boundary400,Online-Consistent Selector,1,True,False,runs/analysis/full400_repeated_runtime/raw/online_consistent_boundary400/repeat1.csv
30,1.0,87018.0,101016.0,5296049.0,3.16729,SATISFIABLE,30,0,data/test/3sat/400/3sat_125.cnf,0.0045046806335449,0.066339,0.2991621494293213,0.3036668300628662,3.5372958300628663,3sat_125.cnf,online_consistent_boundary400,Online-Consistent Selector,1,True,False,runs/analysis/full400_repeated_runtime/raw/online_consistent_boundary400/repeat1.csv
31,2.0,1475622.0,1687279.0,84633388.0,59.9788,INDETERMINATE,31,0,data/test/3sat/400/3sat_126.cnf,0.0045046806335449,0.073761,0.2991621494293213,0.3036668300628662,60.35622783006286,3sat_126.cnf,online_consistent_boundary400,Online-Consistent Selector,1,False,True,runs/analysis/full400_repeated_runtime/raw/online_consistent_boundary400/repeat1.csv
32,2.0,1418337.0,1641957.0,83093954.0,59.9946,INDETERMINATE,32,0,data/test/3sat/400/3sat_127.cnf,0.0045046806335449,0.070049,0.2991621494293213,0.3036668300628662,60.36831583006286,3sat_127.cnf,online_consistent_boundary400,Online-Consistent Selector,1,False,True,runs/analysis/full400_repeated_runtime/raw/online_consistent_boundary400/repeat1.csv
33,2.0,238642.0,275833.0,14368684.0,8.09921,SATISFIABLE,33,0,data/test/3sat/400/3sat_128.cnf,0.0045046806335449,0.080702,0.2991621494293213,0.3036668300628662,8.483578830062866,3sat_128.cnf,online_consistent_boundary400,Online-Consistent Selector,1,True,False,runs/analysis/full400_repeated_runtime/raw/online_consistent_boundary400/repeat1.csv
34,1.0,28034.0,33114.0,1750425.0,0.776963,SATISFIABLE,34,0,data/test/3sat/400/3sat_129.cnf,0.0045046806335449,0.076053,0.2991621494293213,0.3036668300628662,1.1566828300628662,3sat_129.cnf,online_consistent_boundary400,Online-Consistent Selector,1,True,False,runs/analysis/full400_repeated_runtime/raw/online_consistent_boundary400/repeat1.csv
35,2.0,1461033.0,1671233.0,85237483.0,59.9925,INDETERMINATE,35,0,data/test/3sat/400/3sat_13.cnf,0.0045046806335449,0.084947,0.2991621494293213,0.3036668300628662,60.38111383006287,3sat_13.cnf,online_consistent_boundary400,Online-Consistent Selector,1,False,True,runs/analysis/full400_repeated_runtime/raw/online_consistent_boundary400/repeat1.csv
36,2.0,121568.0,139021.0,7304329.0,4.72301,SATISFIABLE,36,0,data/test/3sat/400/3sat_130.cnf,0.0045046806335449,0.066355,0.2991621494293213,0.3036668300628662,5.093031830062866,3sat_130.cnf,online_consistent_boundary400,Online-Consistent Selector,1,True,False,runs/analysis/full400_repeated_runtime/raw/online_consistent_boundary400/repeat1.csv
37,1.0,82086.0,96037.0,5035591.0,3.51105,SATISFIABLE,37,0,data/test/3sat/400/3sat_131.cnf,0.0045046806335449,0.074574,0.2991621494293213,0.3036668300628662,3.8892908300628655,3sat_131.cnf,online_consistent_boundary400,Online-Consistent Selector,1,True,False,runs/analysis/full400_repeated_runtime/raw/online_consistent_boundary400/repeat1.csv
38,1.0,2692.0,3354.0,172420.0,0.04966,SATISFIABLE,38,0,data/test/3sat/400/3sat_132.cnf,0.0045046806335449,0.070036,0.2991621494293213,0.3036668300628662,0.4233628300628662,3sat_132.cnf,online_consistent_boundary400,Online-Consistent Selector,1,True,False,runs/analysis/full400_repeated_runtime/raw/online_consistent_boundary400/repeat1.csv
39,2.0,1437408.0,1661754.0,83673436.0,59.973,INDETERMINATE,39,0,data/test/3sat/400/3sat_133.cnf,0.0045046806335449,0.07407,0.2991621494293213,0.3036668300628662,60.350736830062864,3sat_133.cnf,online_consistent_boundary400,Online-Consistent Selector,1,False,True,runs/analysis/full400_repeated_runtime/raw/online_consistent_boundary400/repeat1.csv
40,2.0,1416878.0,1621909.0,79248722.0,59.9734,INDETERMINATE,40,0,data/test/3sat/400/3sat_134.cnf,0.0050954818725585,0.064167,0.2984416484832763,0.3035371303558349,60.34110413035583,3sat_134.cnf,online_consistent_boundary400,Online-Consistent Selector,1,False,True,runs/analysis/full400_repeated_runtime/raw/online_consistent_boundary400/repeat1.csv
41,2.0,1536284.0,1748723.0,85794123.0,59.9906,INDETERMINATE,41,0,data/test/3sat/400/3sat_135.cnf,0.0050954818725585,0.07628,0.2984416484832763,0.3035371303558349,60.37041713035583,3sat_135.cnf,online_consistent_boundary400,Online-Consistent Selector,1,False,True,runs/analysis/full400_repeated_runtime/raw/online_consistent_boundary400/repeat1.csv
42,2.0,1457945.0,1671854.0,85544365.0,59.9737,INDETERMINATE,42,0,data/test/3sat/400/3sat_136.cnf,0.0050954818725585,0.0717579999999999,0.2984416484832763,0.3035371303558349,60.34899513035584,3sat_136.cnf,online_consistent_boundary400,Online-Consistent Selector,1,False,True,runs/analysis/full400_repeated_runtime/raw/online_consistent_boundary400/repeat1.csv
43,2.0,1470933.0,1667407.0,79400982.0,59.9744,INDETERMINATE,43,0,data/test/3sat/400/3sat_137.cnf,0.0050954818725585,0.075873,0.2984416484832763,0.3035371303558349,60.35381013035584,3sat_137.cnf,online_consistent_boundary400,Online-Consistent Selector,1,False,True,runs/analysis/full400_repeated_runtime/raw/online_consistent_boundary400/repeat1.csv
44,2.0,1508088.0,1715231.0,87209988.0,59.9759,INDETERMINATE,44,0,data/test/3sat/400/3sat_138.cnf,0.0050954818725585,0.080544,0.2984416484832763,0.3035371303558349,60.35998113035584,3sat_138.cnf,online_consistent_boundary400,Online-Consistent Selector,1,False,True,runs/analysis/full400_repeated_runtime/raw/online_consistent_boundary400/repeat1.csv
45,2.0,1542352.0,1772253.0,88061583.0,59.9747,INDETERMINATE,45,0,data/test/3sat/400/3sat_139.cnf,0.0050954818725585,0.068359,0.2984416484832763,0.3035371303558349,60.34659613035584,3sat_139.cnf,online_consistent_boundary400,Online-Consistent Selector,1,False,True,runs/analysis/full400_repeated_runtime/raw/online_consistent_boundary400/repeat1.csv
46,2.0,133587.0,154405.0,8365184.0,5.1214,SATISFIABLE,46,0,data/test/3sat/400/3sat_14.cnf,0.0050954818725585,0.067395,0.2984416484832763,0.3035371303558349,5.492332130355836,3sat_14.cnf,online_consistent_boundary400,Online-Consistent Selector,1,True,False,runs/analysis/full400_repeated_runtime/raw/online_consistent_boundary400/repeat1.csv
47,2.0,135171.0,155254.0,8243385.0,5.01304,SATISFIABLE,47,0,data/test/3sat/400/3sat_140.cnf,0.0050954818725585,0.075049,0.2984416484832763,0.3035371303558349,5.391626130355835,3sat_140.cnf,online_consistent_boundary400,Online-Consistent Selector,1,True,False,runs/analysis/full400_repeated_runtime/raw/online_consistent_boundary400/repeat1.csv
48,1.0,71109.0,82102.0,4299119.0,3.04875,SATISFIABLE,48,0,data/test/3sat/400/3sat_141.cnf,0.0050954818725585,0.068129,0.2984416484832763,0.3035371303558349,3.420416130355835,3sat_141.cnf,online_consistent_boundary400,Online-Consistent Selector,1,True,False,runs/analysis/full400_repeated_runtime/raw/online_consistent_boundary400/repeat1.csv
49,1.0,61037.0,70865.0,3765471.0,2.15635,SATISFIABLE,49,0,data/test/3sat/400/3sat_142.cnf,0.0050954818725585,0.081538,0.2984416484832763,0.3035371303558349,2.5414251303558357,3sat_142.cnf,online_consistent_boundary400,Online-Consistent Selector,1,True,False,runs/analysis/full400_repeated_runtime/raw/online_consistent_boundary400/repeat1.csv
50,2.0,1454997.0,1670637.0,83667474.0,59.959,INDETERMINATE,50,0,data/test/3sat/400/3sat_143.cnf,0.004657506942749,0.075612,0.2885448932647705,0.2932024002075195,60.32781440020752,3sat_143.cnf,online_consistent_boundary400,Online-Consistent Selector,1,False,True,runs/analysis/full400_repeated_runtime/raw/online_consistent_boundary400/repeat1.csv
51,2.0,1339350.0,1521275.0,74589819.0,59.9864,INDETERMINATE,51,0,data/test/3sat/400/3sat_144.cnf,0.004657506942749,0.070238,0.2885448932647705,0.2932024002075195,60.349840400207526,3sat_144.cnf,online_consistent_boundary400,Online-Consistent Selector,1,False,True,runs/analysis/full400_repeated_runtime/raw/online_consistent_boundary400/repeat1.csv
52,2.0,1417156.0,1638883.0,81009958.0,59.9783,INDETERMINATE,52,0,data/test/3sat/400/3sat_145.cnf,0.004657506942749,0.074102,0.2885448932647705,0.2932024002075195,60.34560440020752,3sat_145.cnf,online_consistent_boundary400,Online-Consistent Selector,1,False,True,runs/analysis/full400_repeated_runtime/raw/online_consistent_boundary400/repeat1.csv
53,2.0,1477034.0,1690774.0,82852756.0,59.9863,INDETERMINATE,53,0,data/test/3sat/400/3sat_146.cnf,0.004657506942749,0.072154,0.2885448932647705,0.2932024002075195,60.35165640020752,3sat_146.cnf,online_consistent_boundary400,Online-Consistent Selector,1,False,True,runs/analysis/full400_repeated_runtime/raw/online_consistent_boundary400/repeat1.csv
54,2.0,392510.0,450448.0,23393708.0,13.307,SATISFIABLE,54,0,data/test/3sat/400/3sat_147.cnf,0.004657506942749,0.076548,0.2885448932647705,0.2932024002075195,13.67675040020752,3sat_147.cnf,online_consistent_boundary400,Online-Consistent Selector,1,True,False,runs/analysis/full400_repeated_runtime/raw/online_consistent_boundary400/repeat1.csv
55,2.0,1480074.0,1700961.0,86484792.0,59.9628,INDETERMINATE,55,0,data/test/3sat/400/3sat_148.cnf,0.004657506942749,0.07086,0.2885448932647705,0.2932024002075195,60.32686240020752,3sat_148.cnf,online_consistent_boundary400,Online-Consistent Selector,1,False,True,runs/analysis/full400_repeated_runtime/raw/online_consistent_boundary400/repeat1.csv
56,1.0,97366.0,112279.0,5819460.0,3.80799,SATISFIABLE,56,0,data/test/3sat/400/3sat_149.cnf,0.004657506942749,0.0770899999999999,0.2885448932647705,0.2932024002075195,4.17828240020752,3sat_149.cnf,online_consistent_boundary400,Online-Consistent Selector,1,True,False,runs/analysis/full400_repeated_runtime/raw/online_consistent_boundary400/repeat1.csv
57,2.0,1467513.0,1667754.0,83474274.0,59.9654,INDETERMINATE,57,0,data/test/3sat/400/3sat_15.cnf,0.004657506942749,0.086929,0.2885448932647705,0.2932024002075195,60.34553140020752,3sat_15.cnf,online_consistent_boundary400,Online-Consistent Selector,1,False,True,runs/analysis/full400_repeated_runtime/raw/online_consistent_boundary400/repeat1.csv
58,1.0,16970.0,19929.0,1057698.0,0.387749,SATISFIABLE,58,0,data/test/3sat/400/3sat_150.cnf,0.004657506942749,0.078217,0.2885448932647705,0.2932024002075195,0.7591684002075195,3sat_150.cnf,online_consistent_boundary400,Online-Consistent Selector,1,True,False,runs/analysis/full400_repeated_runtime/raw/online_consistent_boundary400/repeat1.csv
59,2.0,1486240.0,1688257.0,85686769.0,59.9892,INDETERMINATE,59,0,data/test/3sat/400/3sat_151.cnf,0.004657506942749,0.073099,0.2885448932647705,0.2932024002075195,60.35550140020752,3sat_151.cnf,online_consistent_boundary400,Online-Consistent Selector,1,False,True,runs/analysis/full400_repeated_runtime/raw/online_consistent_boundary400/repeat1.csv
60,2.0,1473950.0,1697373.0,82690717.0,59.985,INDETERMINATE,60,0,data/test/3sat/400/3sat_152.cnf,0.0047011375427246,0.085549,0.3020799160003662,0.3067810535430908,60.37733005354309,3sat_152.cnf,online_consistent_boundary400,Online-Consistent Selector,1,False,True,runs/analysis/full400_repeated_runtime/raw/online_consistent_boundary400/repeat1.csv
61,2.0,1414472.0,1612343.0,79372075.0,59.9681,INDETERMINATE,61,0,data/test/3sat/400/3sat_153.cnf,0.0047011375427246,0.0751149999999999,0.3020799160003662,0.3067810535430908,60.34999605354309,3sat_153.cnf,online_consistent_boundary400,Online-Consistent Selector,1,False,True,runs/analysis/full400_repeated_runtime/raw/online_consistent_boundary400/repeat1.csv
62,1.0,9781.0,11606.0,611335.0,0.212438,SATISFIABLE,62,0,data/test/3sat/400/3sat_154.cnf,0.0047011375427246,0.075846,0.3020799160003662,0.3067810535430908,0.5950650535430908,3sat_154.cnf,online_consistent_boundary400,Online-Consistent Selector,1,True,False,runs/analysis/full400_repeated_runtime/raw/online_consistent_boundary400/repeat1.csv
63,2.0,1474262.0,1679658.0,82392468.0,59.9848,INDETERMINATE,63,0,data/test/3sat/400/3sat_155.cnf,0.0047011375427246,0.070245,0.3020799160003662,0.3067810535430908,60.36182605354309,3sat_155.cnf,online_consistent_boundary400,Online-Consistent Selector,1,False,True,runs/analysis/full400_repeated_runtime/raw/online_consistent_boundary400/repeat1.csv
64,2.0,1444487.0,1647994.0,81959292.0,59.978,INDETERMINATE,64,0,data/test/3sat/400/3sat_156.cnf,0.0047011375427246,0.073546,0.3020799160003662,0.3067810535430908,60.35832705354309,3sat_156.cnf,online_consistent_boundary400,Online-Consistent Selector,1,False,True,runs/analysis/full400_repeated_runtime/raw/online_consistent_boundary400/repeat1.csv
65,2.0,873297.0,1013956.0,52333641.0,33.1948,SATISFIABLE,65,0,data/test/3sat/400/3sat_157.cnf,0.0047011375427246,0.077553,0.3020799160003662,0.3067810535430908,33.57913405354309,3sat_157.cnf,online_consistent_boundary400,Online-Consistent Selector,1,True,False,runs/analysis/full400_repeated_runtime/raw/online_consistent_boundary400/repeat1.csv
66,2.0,1478772.0,1675158.0,82295525.0,59.9552,INDETERMINATE,66,0,data/test/3sat/400/3sat_158.cnf,0.0047011375427246,0.086072,0.3020799160003662,0.3067810535430908,60.34805305354309,3sat_158.cnf,online_consistent_boundary400,Online-Consistent Selector,1,False,True,runs/analysis/full400_repeated_runtime/raw/online_consistent_boundary400/repeat1.csv
67,2.0,1495582.0,1717504.0,86049464.0,59.9844,INDETERMINATE,67,0,data/test/3sat/400/3sat_159.cnf,0.0047011375427246,0.070771,0.3020799160003662,0.3067810535430908,60.36195205354309,3sat_159.cnf,online_consistent_boundary400,Online-Consistent Selector,1,False,True,runs/analysis/full400_repeated_runtime/raw/online_consistent_boundary400/repeat1.csv
68,2.0,1561934.0,1773889.0,89607747.0,59.9868,INDETERMINATE,68,0,data/test/3sat/400/3sat_16.cnf,0.0047011375427246,0.0748669999999999,0.3020799160003662,0.3067810535430908,60.36844805354309,3sat_16.cnf,online_consistent_boundary400,Online-Consistent Selector,1,False,True,runs/analysis/full400_repeated_runtime/raw/online_consistent_boundary400/repeat1.csv
69,2.0,1505366.0,1723459.0,83982011.0,59.9769,INDETERMINATE,69,0,data/test/3sat/400/3sat_160.cnf,0.0047011375427246,0.083938,0.3020799160003662,0.3067810535430908,60.367619053543095,3sat_160.cnf,online_consistent_boundary400,Online-Consistent Selector,1,False,True,runs/analysis/full400_repeated_runtime/raw/online_consistent_boundary400/repeat1.csv
70,2.0,1520033.0,1731222.0,87966885.0,59.9924,INDETERMINATE,70,0,data/test/3sat/400/3sat_161.cnf,0.0048565864562988,0.077662,0.2747735977172851,0.279630184173584,60.349692184173584,3sat_161.cnf,online_consistent_boundary400,Online-Consistent Selector,1,False,True,runs/analysis/full400_repeated_runtime/raw/online_consistent_boundary400/repeat1.csv
71,2.0,1365616.0,1544512.0,76980515.0,59.9831,INDETERMINATE,71,0,data/test/3sat/400/3sat_162.cnf,0.0048565864562988,0.082566,0.2747735977172851,0.279630184173584,60.345296184173584,3sat_162.cnf,online_consistent_boundary400,Online-Consistent Selector,1,False,True,runs/analysis/full400_repeated_runtime/raw/online_consistent_boundary400/repeat1.csv
72,2.0,915021.0,1050086.0,53803425.0,33.6393,SATISFIABLE,72,0,data/test/3sat/400/3sat_163.cnf,0.0048565864562988,0.078185,0.2747735977172851,0.279630184173584,33.99711518417358,3sat_163.cnf,online_consistent_boundary400,Online-Consistent Selector,1,True,False,runs/analysis/full400_repeated_runtime/raw/online_consistent_boundary400/repeat1.csv
73,2.0,1504981.0,1727207.0,87465622.0,59.9866,INDETERMINATE,73,0,data/test/3sat/400/3sat_164.cnf,0.0048565864562988,0.078351,0.2747735977172851,0.279630184173584,60.34458118417359,3sat_164.cnf,online_consistent_boundary400,Online-Consistent Selector,1,False,True,runs/analysis/full400_repeated_runtime/raw/online_consistent_boundary400/repeat1.csv
74,1.0,1169.0,1491.0,77588.0,0.023363,SATISFIABLE,74,0,data/test/3sat/400/3sat_165.cnf,0.0048565864562988,0.08023,0.2747735977172851,0.279630184173584,0.383223184173584,3sat_165.cnf,online_consistent_boundary400,Online-Consistent Selector,1,True,False,runs/analysis/full400_repeated_runtime/raw/online_consistent_boundary400/repeat1.csv
75,2.0,1522927.0,1741235.0,86003328.0,59.9791,INDETERMINATE,75,0,data/test/3sat/400/3sat_166.cnf,0.0048565864562988,0.0771719999999999,0.2747735977172851,0.279630184173584,60.335902184173584,3sat_166.cnf,online_consistent_boundary400,Online-Consistent Selector,1,False,True,runs/analysis/full400_repeated_runtime/raw/online_consistent_boundary400/repeat1.csv
76,2.0,399529.0,460797.0,23951550.0,12.652,SATISFIABLE,76,0,data/test/3sat/400/3sat_167.cnf,0.0048565864562988,0.0829159999999999,0.2747735977172851,0.279630184173584,13.014546184173582,3sat_167.cnf,online_consistent_boundary400,Online-Consistent Selector,1,True,False,runs/analysis/full400_repeated_runtime/raw/online_consistent_boundary400/repeat1.csv
77,2.0,1415035.0,1599970.0,81009766.0,59.9856,INDETERMINATE,77,0,data/test/3sat/400/3sat_168.cnf,0.0048565864562988,0.080273,0.2747735977172851,0.279630184173584,60.34550318417358,3sat_168.cnf,online_consistent_boundary400,Online-Consistent Selector,1,False,True,runs/analysis/full400_repeated_runtime/raw/online_consistent_boundary400/repeat1.csv
78,2.0,1490361.0,1710751.0,85979708.0,59.9861,INDETERMINATE,78,0,data/test/3sat/400/3sat_169.cnf,0.0048565864562988,0.068271,0.2747735977172851,0.279630184173584,60.33400118417359,3sat_169.cnf,online_consistent_boundary400,Online-Consistent Selector,1,False,True,runs/analysis/full400_repeated_runtime/raw/online_consistent_boundary400/repeat1.csv
79,2.0,1386646.0,1588489.0,77953498.0,59.9934,INDETERMINATE,79,0,data/test/3sat/400/3sat_17.cnf,0.0048565864562988,0.082548,0.2747735977172851,0.279630184173584,60.35557818417359,3sat_17.cnf,online_consistent_boundary400,Online-Consistent Selector,1,False,True,runs/analysis/full400_repeated_runtime/raw/online_consistent_boundary400/repeat1.csv
80,2.0,1414782.0,1614936.0,78736961.0,59.9763,INDETERMINATE,80,0,data/test/3sat/400/3sat_170.cnf,0.0046613216400146,0.079203,0.3074285984039306,0.3120899200439453,60.36759292004395,3sat_170.cnf,online_consistent_boundary400,Online-Consistent Selector,1,False,True,runs/analysis/full400_repeated_runtime/raw/online_consistent_boundary400/repeat1.csv
81,2.0,1373013.0,1564518.0,78074019.0,59.9892,INDETERMINATE,81,0,data/test/3sat/400/3sat_171.cnf,0.0046613216400146,0.077071,0.3074285984039306,0.3120899200439453,60.37836092004394,3sat_171.cnf,online_consistent_boundary400,Online-Consistent Selector,1,False,True,runs/analysis/full400_repeated_runtime/raw/online_consistent_boundary400/repeat1.csv
82,2.0,1421570.0,1641224.0,82661371.0,59.9797,INDETERMINATE,82,0,data/test/3sat/400/3sat_172.cnf,0.0046613216400146,0.064804,0.3074285984039306,0.3120899200439453,60.35659392004395,3sat_172.cnf,online_consistent_boundary400,Online-Consistent Selector,1,False,True,runs/analysis/full400_repeated_runtime/raw/online_consistent_boundary400/repeat1.csv
83,2.0,1434905.0,1640520.0,82345576.0,59.9974,INDETERMINATE,83,0,data/test/3sat/400/3sat_173.cnf,0.0046613216400146,0.068503,0.3074285984039306,0.3120899200439453,60.37799292004394,3sat_173.cnf,online_consistent_boundary400,Online-Consistent Selector,1,False,True,runs/analysis/full400_repeated_runtime/raw/online_consistent_boundary400/repeat1.csv
84,2.0,1459526.0,1656209.0,82032483.0,59.9614,INDETERMINATE,84,0,data/test/3sat/400/3sat_174.cnf,0.0046613216400146,0.085282,0.3074285984039306,0.3120899200439453,60.35877192004394,3sat_174.cnf,online_consistent_boundary400,Online-Consistent Selector,1,False,True,runs/analysis/full400_repeated_runtime/raw/online_consistent_boundary400/repeat1.csv
85,2.0,1495867.0,1705586.0,83337657.0,59.9661,INDETERMINATE,85,0,data/test/3sat/400/3sat_175.cnf,0.0046613216400146,0.069598,0.3074285984039306,0.3120899200439453,60.34778792004394,3sat_175.cnf,online_consistent_boundary400,Online-Consistent Selector,1,False,True,runs/analysis/full400_repeated_runtime/raw/online_consistent_boundary400/repeat1.csv
86,1.0,44850.0,52377.0,2659490.0,1.37298,SATISFIABLE,86,0,data/test/3sat/400/3sat_176.cnf,0.0046613216400146,0.071272,0.3074285984039306,0.3120899200439453,1.7563419200439454,3sat_176.cnf,online_consistent_boundary400,Online-Consistent Selector,1,True,False,runs/analysis/full400_repeated_runtime/raw/online_consistent_boundary400/repeat1.csv
87,2.0,1484846.0,1682739.0,85340585.0,59.979,INDETERMINATE,87,0,data/test/3sat/400/3sat_177.cnf,0.0046613216400146,0.077385,0.3074285984039306,0.3120899200439453,60.36847492004394,3sat_177.cnf,online_consistent_boundary400,Online-Consistent Selector,1,False,True,runs/analysis/full400_repeated_runtime/raw/online_consistent_boundary400/repeat1.csv
88,2.0,1556001.0,1799580.0,90143548.0,59.9891,INDETERMINATE,88,0,data/test/3sat/400/3sat_178.cnf,0.0046613216400146,0.071476,0.3074285984039306,0.3120899200439453,60.37266592004394,3sat_178.cnf,online_consistent_boundary400,Online-Consistent Selector,1,False,True,runs/analysis/full400_repeated_runtime/raw/online_consistent_boundary400/repeat1.csv
89,2.0,1549814.0,1763844.0,89055745.0,59.9848,INDETERMINATE,89,0,data/test/3sat/400/3sat_179.cnf,0.0046613216400146,0.070042,0.3074285984039306,0.3120899200439453,60.366931920043946,3sat_179.cnf,online_consistent_boundary400,Online-Consistent Selector,1,False,True,runs/analysis/full400_repeated_runtime/raw/online_consistent_boundary400/repeat1.csv
90,2.0,1431910.0,1636600.0,82216401.0,59.9885,INDETERMINATE,90,0,data/test/3sat/400/3sat_18.cnf,0.0042738914489746,0.060557,0.3145549297332763,0.318828821182251,60.367885821182256,3sat_18.cnf,online_consistent_boundary400,Online-Consistent Selector,1,False,True,runs/analysis/full400_repeated_runtime/raw/online_consistent_boundary400/repeat1.csv
91,2.0,479866.0,551097.0,28918715.0,15.7716,SATISFIABLE,91,0,data/test/3sat/400/3sat_180.cnf,0.0042738914489746,0.078046,0.3145549297332763,0.318828821182251,16.16847482118225,3sat_180.cnf,online_consistent_boundary400,Online-Consistent Selector,1,True,False,runs/analysis/full400_repeated_runtime/raw/online_consistent_boundary400/repeat1.csv
92,1.0,52050.0,59791.0,3130772.0,1.92387,SATISFIABLE,92,0,data/test/3sat/400/3sat_181.cnf,0.0042738914489746,0.078359,0.3145549297332763,0.318828821182251,2.321057821182251,3sat_181.cnf,online_consistent_boundary400,Online-Consistent Selector,1,True,False,runs/analysis/full400_repeated_runtime/raw/online_consistent_boundary400/repeat1.csv
93,2.0,1501636.0,1718577.0,82180261.0,59.9614,INDETERMINATE,93,0,data/test/3sat/400/3sat_182.cnf,0.0042738914489746,0.0810849999999999,0.3145549297332763,0.318828821182251,60.36131382118225,3sat_182.cnf,online_consistent_boundary400,Online-Consistent Selector,1,False,True,runs/analysis/full400_repeated_runtime/raw/online_consistent_boundary400/repeat1.csv
94,2.0,1486716.0,1697914.0,83372282.0,59.9511,INDETERMINATE,94,0,data/test/3sat/400/3sat_183.cnf,0.0042738914489746,0.0750089999999999,0.3145549297332763,0.318828821182251,60.34493782118225,3sat_183.cnf,online_consistent_boundary400,Online-Consistent Selector,1,False,True,runs/analysis/full400_repeated_runtime/raw/online_consistent_boundary400/repeat1.csv
95,2.0,1520740.0,1732759.0,87154183.0,59.9941,INDETERMINATE,95,0,data/test/3sat/400/3sat_184.cnf,0.0042738914489746,0.0844449999999999,0.3145549297332763,0.318828821182251,60.397373821182256,3sat_184.cnf,online_consistent_boundary400,Online-Consistent Selector,1,False,True,runs/analysis/full400_repeated_runtime/raw/online_consistent_boundary400/repeat1.csv
96,2.0,1596963.0,1806010.0,89631150.0,59.9876,INDETERMINATE,96,0,data/test/3sat/400/3sat_185.cnf,0.0042738914489746,0.079609,0.3145549297332763,0.318828821182251,60.38603782118225,3sat_185.cnf,online_consistent_boundary400,Online-Consistent Selector,1,False,True,runs/analysis/full400_repeated_runtime/raw/online_consistent_boundary400/repeat1.csv
97,2.0,1410961.0,1611653.0,77016387.0,59.9918,INDETERMINATE,97,0,data/test/3sat/400/3sat_186.cnf,0.0042738914489746,0.07597,0.3145549297332763,0.318828821182251,60.38659882118225,3sat_186.cnf,online_consistent_boundary400,Online-Consistent Selector,1,False,True,runs/analysis/full400_repeated_runtime/raw/online_consistent_boundary400/repeat1.csv
98,2.0,1402311.0,1614259.0,79049179.0,59.9907,INDETERMINATE,98,0,data/test/3sat/400/3sat_187.cnf,0.0042738914489746,0.069725,0.3145549297332763,0.318828821182251,60.379253821182246,3sat_187.cnf,online_consistent_boundary400,Online-Consistent Selector,1,False,True,runs/analysis/full400_repeated_runtime/raw/online_consistent_boundary400/repeat1.csv
99,2.0,1561204.0,1782885.0,89227114.0,59.9997,INDETERMINATE,99,0,data/test/3sat/400/3sat_188.cnf,0.0042738914489746,0.081786,0.3145549297332763,0.318828821182251,60.40031482118225,3sat_188.cnf,online_consistent_boundary400,Online-Consistent Selector,1,False,True,runs/analysis/full400_repeated_runtime/raw/online_consistent_boundary400/repeat1.csv
100,2.0,486885.0,560599.0,28846336.0,16.7668,SATISFIABLE,100,0,data/test/3sat/400/3sat_189.cnf,0.0040729045867919,0.07343,0.2718374729156494,0.2759103775024414,17.11614037750244,3sat_189.cnf,online_consistent_boundary400,Online-Consistent Selector,1,True,False,runs/analysis/full400_repeated_runtime/raw/online_consistent_boundary400/repeat1.csv
101,1.0,32619.0,37875.0,1910478.0,1.06415,SATISFIABLE,101,0,data/test/3sat/400/3sat_19.cnf,0.0040729045867919,0.068518,0.2718374729156494,0.2759103775024414,1.4085783775024414,3sat_19.cnf,online_consistent_boundary400,Online-Consistent Selector,1,True,False,runs/analysis/full400_repeated_runtime/raw/online_consistent_boundary400/repeat1.csv
102,1.0,1353.0,1762.0,87323.0,0.024173,SATISFIABLE,102,0,data/test/3sat/400/3sat_190.cnf,0.0040729045867919,0.075943,0.2718374729156494,0.2759103775024414,0.3760263775024414,3sat_190.cnf,online_consistent_boundary400,Online-Consistent Selector,1,True,False,runs/analysis/full400_repeated_runtime/raw/online_consistent_boundary400/repeat1.csv
103,2.0,1463635.0,1683046.0,81545779.0,59.98,INDETERMINATE,103,0,data/test/3sat/400/3sat_191.cnf,0.0040729045867919,0.0709299999999999,0.2718374729156494,0.2759103775024414,60.32684037750244,3sat_191.cnf,online_consistent_boundary400,Online-Consistent Selector,1,False,True,runs/analysis/full400_repeated_runtime/raw/online_consistent_boundary400/repeat1.csv
104,2.0,1440383.0,1661562.0,81274292.0,59.9906,INDETERMINATE,104,0,data/test/3sat/400/3sat_192.cnf,0.0040729045867919,0.07605,0.2718374729156494,0.2759103775024414,60.34256037750245,3sat_192.cnf,online_consistent_boundary400,Online-Consistent Selector,1,False,True,runs/analysis/full400_repeated_runtime/raw/online_consistent_boundary400/repeat1.csv
105,2.0,1419966.0,1620247.0,82098170.0,59.9817,INDETERMINATE,105,0,data/test/3sat/400/3sat_193.cnf,0.0040729045867919,0.0771419999999999,0.2718374729156494,0.2759103775024414,60.33475237750244,3sat_193.cnf,online_consistent_boundary400,Online-Consistent Selector,1,False,True,runs/analysis/full400_repeated_runtime/raw/online_consistent_boundary400/repeat1.csv
106,2.0,1409542.0,1600316.0,80236104.0,59.9864,INDETERMINATE,106,0,data/test/3sat/400/3sat_194.cnf,0.0040729045867919,0.080873,0.2718374729156494,0.2759103775024414,60.34318337750244,3sat_194.cnf,online_consistent_boundary400,Online-Consistent Selector,1,False,True,runs/analysis/full400_repeated_runtime/raw/online_consistent_boundary400/repeat1.csv
107,2.0,1527908.0,1743262.0,89114941.0,59.9741,INDETERMINATE,107,0,data/test/3sat/400/3sat_195.cnf,0.0040729045867919,0.075496,0.2718374729156494,0.2759103775024414,60.32550637750244,3sat_195.cnf,online_consistent_boundary400,Online-Consistent Selector,1,False,True,runs/analysis/full400_repeated_runtime/raw/online_consistent_boundary400/repeat1.csv
108,2.0,885139.0,1017689.0,51832819.0,30.368,SATISFIABLE,108,0,data/test/3sat/400/3sat_196.cnf,0.0040729045867919,0.086708,0.2718374729156494,0.2759103775024414,30.73061837750244,3sat_196.cnf,online_consistent_boundary400,Online-Consistent Selector,1,True,False,runs/analysis/full400_repeated_runtime/raw/online_consistent_boundary400/repeat1.csv
109,2.0,1493336.0,1702659.0,83732767.0,59.9788,INDETERMINATE,109,0,data/test/3sat/400/3sat_197.cnf,0.0040729045867919,0.066878,0.2718374729156494,0.2759103775024414,60.32158837750245,3sat_197.cnf,online_consistent_boundary400,Online-Consistent Selector,1,False,True,runs/analysis/full400_repeated_runtime/raw/online_consistent_boundary400/repeat1.csv
110,2.0,1497019.0,1722659.0,85588799.0,59.9843,INDETERMINATE,110,0,data/test/3sat/400/3sat_198.cnf,0.0040440559387207,0.069976,0.2862467765808105,0.2902908325195312,60.344566832519526,3sat_198.cnf,online_consistent_boundary400,Online-Consistent Selector,1,False,True,runs/analysis/full400_repeated_runtime/raw/online_consistent_boundary400/repeat1.csv
111,2.0,1425648.0,1633296.0,79574886.0,59.9899,INDETERMINATE,111,0,data/test/3sat/400/3sat_199.cnf,0.0040440559387207,0.0715099999999999,0.2862467765808105,0.2902908325195312,60.35170083251953,3sat_199.cnf,online_consistent_boundary400,Online-Consistent Selector,1,False,True,runs/analysis/full400_repeated_runtime/raw/online_consistent_boundary400/repeat1.csv
112,2.0,1451232.0,1656623.0,84290691.0,59.9859,INDETERMINATE,112,0,data/test/3sat/400/3sat_2.cnf,0.0040440559387207,0.057726,0.2862467765808105,0.2902908325195312,60.333916832519535,3sat_2.cnf,online_consistent_boundary400,Online-Consistent Selector,1,False,True,runs/analysis/full400_repeated_runtime/raw/online_consistent_boundary400/repeat1.csv
113,2.0,361980.0,419239.0,21758927.0,11.9326,SATISFIABLE,113,0,data/test/3sat/400/3sat_20.cnf,0.0040440559387207,0.077834,0.2862467765808105,0.2902908325195312,12.300724832519531,3sat_20.cnf,online_consistent_boundary400,Online-Consistent Selector,1,True,False,runs/analysis/full400_repeated_runtime/raw/online_consistent_boundary400/repeat1.csv
114,2.0,1451147.0,1679745.0,84464792.0,59.9897,INDETERMINATE,114,0,data/test/3sat/400/3sat_21.cnf,0.0040440559387207,0.081082,0.2862467765808105,0.2902908325195312,60.36107283251953,3sat_21.cnf,online_consistent_boundary400,Online-Consistent Selector,1,False,True,runs/analysis/full400_repeated_runtime/raw/online_consistent_boundary400/repeat1.csv
115,1.0,43107.0,50298.0,2657822.0,1.3641,SATISFIABLE,115,0,data/test/3sat/400/3sat_22.cnf,0.0040440559387207,0.0621349999999999,0.2862467765808105,0.2902908325195312,1.7165258325195314,3sat_22.cnf,online_consistent_boundary400,Online-Consistent Selector,1,True,False,runs/analysis/full400_repeated_runtime/raw/online_consistent_boundary400/repeat1.csv
116,2.0,1407508.0,1610241.0,78134851.0,59.984,INDETERMINATE,116,0,data/test/3sat/400/3sat_23.cnf,0.0040440559387207,0.075359,0.2862467765808105,0.2902908325195312,60.34964983251953,3sat_23.cnf,online_consistent_boundary400,Online-Consistent Selector,1,False,True,runs/analysis/full400_repeated_runtime/raw/online_consistent_boundary400/repeat1.csv
117,1.0,97677.0,112677.0,5872880.0,4.07737,SATISFIABLE,117,0,data/test/3sat/400/3sat_24.cnf,0.0040440559387207,0.073784,0.2862467765808105,0.2902908325195312,4.441444832519531,3sat_24.cnf,online_consistent_boundary400,Online-Consistent Selector,1,True,False,runs/analysis/full400_repeated_runtime/raw/online_consistent_boundary400/repeat1.csv
118,1.0,41249.0,47888.0,2486997.0,1.13466,SATISFIABLE,118,0,data/test/3sat/400/3sat_25.cnf,0.0040440559387207,0.0660979999999999,0.2862467765808105,0.2902908325195312,1.4910488325195312,3sat_25.cnf,online_consistent_boundary400,Online-Consistent Selector,1,True,False,runs/analysis/full400_repeated_runtime/raw/online_consistent_boundary400/repeat1.csv
119,2.0,1409895.0,1609545.0,80747249.0,59.9794,INDETERMINATE,119,0,data/test/3sat/400/3sat_26.cnf,0.0040440559387207,0.069779,0.2862467765808105,0.2902908325195312,60.33946983251953,3sat_26.cnf,online_consistent_boundary400,Online-Consistent Selector,1,False,True,runs/analysis/full400_repeated_runtime/raw/online_consistent_boundary400/repeat1.csv
120,1.0,9470.0,11447.0,605518.0,0.20344,SATISFIABLE,120,0,data/test/3sat/400/3sat_27.cnf,0.0049910545349121,0.0633789999999999,0.2810511589050293,0.2860422134399414,0.5528612134399414,3sat_27.cnf,online_consistent_boundary400,Online-Consistent Selector,1,True,False,runs/analysis/full400_repeated_runtime/raw/online_consistent_boundary400/repeat1.csv
121,2.0,1527389.0,1748373.0,86546223.0,59.9787,INDETERMINATE,121,0,data/test/3sat/400/3sat_28.cnf,0.0049910545349121,0.087172,0.2810511589050293,0.2860422134399414,60.35191421343995,3sat_28.cnf,online_consistent_boundary400,Online-Consistent Selector,1,False,True,runs/analysis/full400_repeated_runtime/raw/online_consistent_boundary400/repeat1.csv
122,2.0,1537906.0,1752265.0,88407478.0,59.9879,INDETERMINATE,122,0,data/test/3sat/400/3sat_29.cnf,0.0049910545349121,0.076462,0.2810511589050293,0.2860422134399414,60.35040421343994,3sat_29.cnf,online_consistent_boundary400,Online-Consistent Selector,1,False,True,runs/analysis/full400_repeated_runtime/raw/online_consistent_boundary400/repeat1.csv
123,2.0,1528883.0,1753094.0,89951104.0,59.9894,INDETERMINATE,123,0,data/test/3sat/400/3sat_3.cnf,0.0049910545349121,0.0800309999999999,0.2810511589050293,0.2860422134399414,60.35547321343994,3sat_3.cnf,online_consistent_boundary400,Online-Consistent Selector,1,False,True,runs/analysis/full400_repeated_runtime/raw/online_consistent_boundary400/repeat1.csv
124,2.0,1416001.0,1618849.0,80527049.0,59.9897,INDETERMINATE,124,0,data/test/3sat/400/3sat_30.cnf,0.0049910545349121,0.081562,0.2810511589050293,0.2860422134399414,60.35730421343994,3sat_30.cnf,online_consistent_boundary400,Online-Consistent Selector,1,False,True,runs/analysis/full400_repeated_runtime/raw/online_consistent_boundary400/repeat1.csv
125,2.0,1397142.0,1609484.0,78738065.0,59.9719,INDETERMINATE,125,0,data/test/3sat/400/3sat_31.cnf,0.0049910545349121,0.075826,0.2810511589050293,0.2860422134399414,60.33376821343994,3sat_31.cnf,online_consistent_boundary400,Online-Consistent Selector,1,False,True,runs/analysis/full400_repeated_runtime/raw/online_consistent_boundary400/repeat1.csv
126,2.0,1446137.0,1645025.0,81234523.0,59.9632,INDETERMINATE,126,0,data/test/3sat/400/3sat_32.cnf,0.0049910545349121,0.0791649999999999,0.2810511589050293,0.2860422134399414,60.328407213439945,3sat_32.cnf,online_consistent_boundary400,Online-Consistent Selector,1,False,True,runs/analysis/full400_repeated_runtime/raw/online_consistent_boundary400/repeat1.csv
127,2.0,1417218.0,1625916.0,80820191.0,59.9726,INDETERMINATE,127,0,data/test/3sat/400/3sat_33.cnf,0.0049910545349121,0.069158,0.2810511589050293,0.2860422134399414,60.32780021343994,3sat_33.cnf,online_consistent_boundary400,Online-Consistent Selector,1,False,True,runs/analysis/full400_repeated_runtime/raw/online_consistent_boundary400/repeat1.csv
128,2.0,1617044.0,1857328.0,92490794.0,59.9842,INDETERMINATE,128,0,data/test/3sat/400/3sat_34.cnf,0.0049910545349121,0.07938,0.2810511589050293,0.2860422134399414,60.34962221343994,3sat_34.cnf,online_consistent_boundary400,Online-Consistent Selector,1,False,True,runs/analysis/full400_repeated_runtime/raw/online_consistent_boundary400/repeat1.csv
129,2.0,1506160.0,1729608.0,82970521.0,59.9869,INDETERMINATE,129,0,data/test/3sat/400/3sat_35.cnf,0.0049910545349121,0.089903,0.2810511589050293,0.2860422134399414,60.36284521343994,3sat_35.cnf,online_consistent_boundary400,Online-Consistent Selector,1,False,True,runs/analysis/full400_repeated_runtime/raw/online_consistent_boundary400/repeat1.csv
130,2.0,1493083.0,1708713.0,83891052.0,59.9692,INDETERMINATE,130,0,data/test/3sat/400/3sat_36.cnf,0.0044412612915039,0.08722,0.2955257892608642,0.2999670505523681,60.35638705055237,3sat_36.cnf,online_consistent_boundary400,Online-Consistent Selector,1,False,True,runs/analysis/full400_repeated_runtime/raw/online_consistent_boundary400/repeat1.csv
131,2.0,1504284.0,1707504.0,84630260.0,59.9782,INDETERMINATE,131,0,data/test/3sat/400/3sat_37.cnf,0.0044412612915039,0.0860409999999999,0.2955257892608642,0.2999670505523681,60.36420805055237,3sat_37.cnf,online_consistent_boundary400,Online-Consistent Selector,1,False,True,runs/analysis/full400_repeated_runtime/raw/online_consistent_boundary400/repeat1.csv
132,2.0,1492783.0,1704468.0,85219930.0,59.9898,INDETERMINATE,132,0,data/test/3sat/400/3sat_38.cnf,0.0044412612915039,0.083257,0.2955257892608642,0.2999670505523681,60.37302405055237,3sat_38.cnf,online_consistent_boundary400,Online-Consistent Selector,1,False,True,runs/analysis/full400_repeated_runtime/raw/online_consistent_boundary400/repeat1.csv
133,2.0,1442963.0,1660288.0,80788654.0,59.9726,INDETERMINATE,133,0,data/test/3sat/400/3sat_39.cnf,0.0044412612915039,0.070459,0.2955257892608642,0.2999670505523681,60.34302605055237,3sat_39.cnf,online_consistent_boundary400,Online-Consistent Selector,1,False,True,runs/analysis/full400_repeated_runtime/raw/online_consistent_boundary400/repeat1.csv
134,2.0,1522906.0,1738265.0,85601275.0,59.9854,INDETERMINATE,134,0,data/test/3sat/400/3sat_4.cnf,0.0044412612915039,0.0796389999999999,0.2955257892608642,0.2999670505523681,60.36500605055237,3sat_4.cnf,online_consistent_boundary400,Online-Consistent Selector,1,False,True,runs/analysis/full400_repeated_runtime/raw/online_consistent_boundary400/repeat1.csv
135,2.0,1511218.0,1726993.0,86021593.0,59.9846,INDETERMINATE,135,0,data/test/3sat/400/3sat_40.cnf,0.0044412612915039,0.081073,0.2955257892608642,0.2999670505523681,60.36564005055237,3sat_40.cnf,online_consistent_boundary400,Online-Consistent Selector,1,False,True,runs/analysis/full400_repeated_runtime/raw/online_consistent_boundary400/repeat1.csv
136,2.0,1369372.0,1554860.0,76195074.0,59.9555,INDETERMINATE,136,0,data/test/3sat/400/3sat_41.cnf,0.0044412612915039,0.082282,0.2955257892608642,0.2999670505523681,60.33774905055237,3sat_41.cnf,online_consistent_boundary400,Online-Consistent Selector,1,False,True,runs/analysis/full400_repeated_runtime/raw/online_consistent_boundary400/repeat1.csv
137,2.0,1539269.0,1749103.0,83653064.0,59.9636,INDETERMINATE,137,0,data/test/3sat/400/3sat_42.cnf,0.0044412612915039,0.080899,0.2955257892608642,0.2999670505523681,60.34446605055237,3sat_42.cnf,online_consistent_boundary400,Online-Consistent Selector,1,False,True,runs/analysis/full400_repeated_runtime/raw/online_consistent_boundary400/repeat1.csv
138,2.0,1445881.0,1643980.0,82539142.0,59.979,INDETERMINATE,138,0,data/test/3sat/400/3sat_43.cnf,0.0044412612915039,0.086553,0.2955257892608642,0.2999670505523681,60.36552005055237,3sat_43.cnf,online_consistent_boundary400,Online-Consistent Selector,1,False,True,runs/analysis/full400_repeated_runtime/raw/online_consistent_boundary400/repeat1.csv
139,2.0,1420361.0,1626526.0,82058891.0,59.9799,INDETERMINATE,139,0,data/test/3sat/400/3sat_44.cnf,0.0044412612915039,0.090257,0.2955257892608642,0.2999670505523681,60.37012405055237,3sat_44.cnf,online_consistent_boundary400,Online-Consistent Selector,1,False,True,runs/analysis/full400_repeated_runtime/raw/online_consistent_boundary400/repeat1.csv
140,2.0,1499443.0,1690588.0,83711533.0,59.9807,INDETERMINATE,140,0,data/test/3sat/400/3sat_45.cnf,0.0040507316589355,0.074793,0.3007681369781494,0.3048188686370849,60.36031186863708,3sat_45.cnf,online_consistent_boundary400,Online-Consistent Selector,1,False,True,runs/analysis/full400_repeated_runtime/raw/online_consistent_boundary400/repeat1.csv
141,2.0,977212.0,1110702.0,56336677.0,36.9449,SATISFIABLE,141,0,data/test/3sat/400/3sat_46.cnf,0.0040507316589355,0.070682,0.3007681369781494,0.3048188686370849,37.32040086863708,3sat_46.cnf,online_consistent_boundary400,Online-Consistent Selector,1,True,False,runs/analysis/full400_repeated_runtime/raw/online_consistent_boundary400/repeat1.csv
142,1.0,63966.0,73444.0,4017900.0,2.76492,SATISFIABLE,142,0,data/test/3sat/400/3sat_47.cnf,0.0040507316589355,0.076197,0.3007681369781494,0.3048188686370849,3.145935868637085,3sat_47.cnf,online_consistent_boundary400,Online-Consistent Selector,1,True,False,runs/analysis/full400_repeated_runtime/raw/online_consistent_boundary400/repeat1.csv
143,2.0,1439100.0,1646523.0,80351861.0,59.9663,INDETERMINATE,143,0,data/test/3sat/400/3sat_48.cnf,0.0040507316589355,0.06999,0.3007681369781494,0.3048188686370849,60.34110886863708,3sat_48.cnf,online_consistent_boundary400,Online-Consistent Selector,1,False,True,runs/analysis/full400_repeated_runtime/raw/online_consistent_boundary400/repeat1.csv
144,2.0,1395905.0,1600243.0,80774928.0,59.9765,INDETERMINATE,144,0,data/test/3sat/400/3sat_49.cnf,0.0040507316589355,0.080051,0.3007681369781494,0.3048188686370849,60.36136986863709,3sat_49.cnf,online_consistent_boundary400,Online-Consistent Selector,1,False,True,runs/analysis/full400_repeated_runtime/raw/online_consistent_boundary400/repeat1.csv
145,2.0,1382889.0,1584400.0,78260365.0,59.9719,INDETERMINATE,145,0,data/test/3sat/400/3sat_5.cnf,0.0040507316589355,0.076635,0.3007681369781494,0.3048188686370849,60.353353868637086,3sat_5.cnf,online_consistent_boundary400,Online-Consistent Selector,1,False,True,runs/analysis/full400_repeated_runtime/raw/online_consistent_boundary400/repeat1.csv
146,2.0,1361970.0,1557903.0,78260469.0,59.9813,INDETERMINATE,146,0,data/test/3sat/400/3sat_50.cnf,0.0040507316589355,0.0881629999999999,0.3007681369781494,0.3048188686370849,60.37428186863709,3sat_50.cnf,online_consistent_boundary400,Online-Consistent Selector,1,False,True,runs/analysis/full400_repeated_runtime/raw/online_consistent_boundary400/repeat1.csv
147,2.0,1528469.0,1748368.0,87049141.0,59.9862,INDETERMINATE,147,0,data/test/3sat/400/3sat_51.cnf,0.0040507316589355,0.070443,0.3007681369781494,0.3048188686370849,60.36146186863708,3sat_51.cnf,online_consistent_boundary400,Online-Consistent Selector,1,False,True,runs/analysis/full400_repeated_runtime/raw/online_consistent_boundary400/repeat1.csv
148,2.0,1559734.0,1800857.0,87831071.0,59.9831,INDETERMINATE,148,0,data/test/3sat/400/3sat_52.cnf,0.0040507316589355,0.070412,0.3007681369781494,0.3048188686370849,60.35833086863708,3sat_52.cnf,online_consistent_boundary400,Online-Consistent Selector,1,False,True,runs/analysis/full400_repeated_runtime/raw/online_consistent_boundary400/repeat1.csv
149,2.0,1410608.0,1608864.0,76648612.0,59.9947,INDETERMINATE,149,0,data/test/3sat/400/3sat_53.cnf,0.0040507316589355,0.075515,0.3007681369781494,0.3048188686370849,60.37503386863709,3sat_53.cnf,online_consistent_boundary400,Online-Consistent Selector,1,False,True,runs/analysis/full400_repeated_runtime/raw/online_consistent_boundary400/repeat1.csv
150,2.0,612353.0,699215.0,35959808.0,21.8582,SATISFIABLE,150,0,data/test/3sat/400/3sat_54.cnf,0.0040695667266845,0.079263,0.298724889755249,0.3027944564819336,22.24025745648193,3sat_54.cnf,online_consistent_boundary400,Online-Consistent Selector,1,True,False,runs/analysis/full400_repeated_runtime/raw/online_consistent_boundary400/repeat1.csv
151,2.0,1504749.0,1716756.0,84882035.0,59.9893,INDETERMINATE,151,0,data/test/3sat/400/3sat_55.cnf,0.0040695667266845,0.082731,0.298724889755249,0.3027944564819336,60.374825456481936,3sat_55.cnf,online_consistent_boundary400,Online-Consistent Selector,1,False,True,runs/analysis/full400_repeated_runtime/raw/online_consistent_boundary400/repeat1.csv
152,2.0,1375135.0,1552881.0,78653600.0,59.965,INDETERMINATE,152,0,data/test/3sat/400/3sat_56.cnf,0.0040695667266845,0.060812,0.298724889755249,0.3027944564819336,60.328606456481936,3sat_56.cnf,online_consistent_boundary400,Online-Consistent Selector,1,False,True,runs/analysis/full400_repeated_runtime/raw/online_consistent_boundary400/repeat1.csv
153,2.0,1447539.0,1645561.0,81036523.0,59.9617,INDETERMINATE,153,0,data/test/3sat/400/3sat_57.cnf,0.0040695667266845,0.079462,0.298724889755249,0.3027944564819336,60.34395645648193,3sat_57.cnf,online_consistent_boundary400,Online-Consistent Selector,1,False,True,runs/analysis/full400_repeated_runtime/raw/online_consistent_boundary400/repeat1.csv
154,2.0,1546816.0,1764597.0,91690470.0,59.9813,INDETERMINATE,154,0,data/test/3sat/400/3sat_58.cnf,0.0040695667266845,0.078689,0.298724889755249,0.3027944564819336,60.36278345648193,3sat_58.cnf,online_consistent_boundary400,Online-Consistent Selector,1,False,True,runs/analysis/full400_repeated_runtime/raw/online_consistent_boundary400/repeat1.csv
155,2.0,1484482.0,1700367.0,83588902.0,59.9841,INDETERMINATE,155,0,data/test/3sat/400/3sat_59.cnf,0.0040695667266845,0.088852,0.298724889755249,0.3027944564819336,60.375746456481934,3sat_59.cnf,online_consistent_boundary400,Online-Consistent Selector,1,False,True,runs/analysis/full400_repeated_runtime/raw/online_consistent_boundary400/repeat1.csv
156,2.0,1538242.0,1743862.0,85868393.0,59.9847,INDETERMINATE,156,0,data/test/3sat/400/3sat_6.cnf,0.0040695667266845,0.065662,0.298724889755249,0.3027944564819336,60.35315645648193,3sat_6.cnf,online_consistent_boundary400,Online-Consistent Selector,1,False,True,runs/analysis/full400_repeated_runtime/raw/online_consistent_boundary400/repeat1.csv
157,2.0,1411987.0,1606492.0,81190874.0,59.9699,INDETERMINATE,157,0,data/test/3sat/400/3sat_60.cnf,0.0040695667266845,0.069297,0.298724889755249,0.3027944564819336,60.341991456481935,3sat_60.cnf,online_consistent_boundary400,Online-Consistent Selector,1,False,True,runs/analysis/full400_repeated_runtime/raw/online_consistent_boundary400/repeat1.csv
158,2.0,1422045.0,1607424.0,79933768.0,59.9755,INDETERMINATE,158,0,data/test/3sat/400/3sat_61.cnf,0.0040695667266845,0.069487,0.298724889755249,0.3027944564819336,60.34778145648193,3sat_61.cnf,online_consistent_boundary400,Online-Consistent Selector,1,False,True,runs/analysis/full400_repeated_runtime/raw/online_consistent_boundary400/repeat1.csv
159,2.0,1490219.0,1690087.0,85941198.0,59.9804,INDETERMINATE,159,0,data/test/3sat/400/3sat_62.cnf,0.0040695667266845,0.07497,0.298724889755249,0.3027944564819336,60.35816445648194,3sat_62.cnf,online_consistent_boundary400,Online-Consistent Selector,1,False,True,runs/analysis/full400_repeated_runtime/raw/online_consistent_boundary400/repeat1.csv
160,2.0,138136.0,157894.0,8130882.0,5.09359,SATISFIABLE,160,0,data/test/3sat/400/3sat_63.cnf,0.0043919086456298,0.071618,0.2796895503997803,0.2840814590454101,5.44928945904541,3sat_63.cnf,online_consistent_boundary400,Online-Consistent Selector,1,True,False,runs/analysis/full400_repeated_runtime/raw/online_consistent_boundary400/repeat1.csv
161,2.0,1428438.0,1616445.0,79773673.0,59.9755,INDETERMINATE,161,0,data/test/3sat/400/3sat_64.cnf,0.0043919086456298,0.0806399999999999,0.2796895503997803,0.2840814590454101,60.34022145904541,3sat_64.cnf,online_consistent_boundary400,Online-Consistent Selector,1,False,True,runs/analysis/full400_repeated_runtime/raw/online_consistent_boundary400/repeat1.csv
162,1.0,224.0,339.0,14565.0,0.008436,SATISFIABLE,162,0,data/test/3sat/400/3sat_65.cnf,0.0043919086456298,0.031727,0.2796895503997803,0.2840814590454101,0.3242444590454101,3sat_65.cnf,online_consistent_boundary400,Online-Consistent Selector,1,True,False,runs/analysis/full400_repeated_runtime/raw/online_consistent_boundary400/repeat1.csv
163,2.0,1384079.0,1588592.0,79871343.0,59.9626,INDETERMINATE,163,0,data/test/3sat/400/3sat_66.cnf,0.0043919086456298,0.072746,0.2796895503997803,0.2840814590454101,60.31942745904541,3sat_66.cnf,online_consistent_boundary400,Online-Consistent Selector,1,False,True,runs/analysis/full400_repeated_runtime/raw/online_consistent_boundary400/repeat1.csv
164,2.0,1513192.0,1729650.0,87210716.0,59.991,INDETERMINATE,164,0,data/test/3sat/400/3sat_67.cnf,0.0043919086456298,0.0740379999999999,0.2796895503997803,0.2840814590454101,60.34911945904541,3sat_67.cnf,online_consistent_boundary400,Online-Consistent Selector,1,False,True,runs/analysis/full400_repeated_runtime/raw/online_consistent_boundary400/repeat1.csv
165,2.0,1368224.0,1565680.0,76964824.0,59.9836,INDETERMINATE,165,0,data/test/3sat/400/3sat_68.cnf,0.0043919086456298,0.07347,0.2796895503997803,0.2840814590454101,60.34115145904541,3sat_68.cnf,online_consistent_boundary400,Online-Consistent Selector,1,False,True,runs/analysis/full400_repeated_runtime/raw/online_consistent_boundary400/repeat1.csv
166,2.0,1527220.0,1749945.0,90867271.0,59.9937,INDETERMINATE,166,0,data/test/3sat/400/3sat_69.cnf,0.0043919086456298,0.068498,0.2796895503997803,0.2840814590454101,60.346279459045405,3sat_69.cnf,online_consistent_boundary400,Online-Consistent Selector,1,False,True,runs/analysis/full400_repeated_runtime/raw/online_consistent_boundary400/repeat1.csv
167,2.0,1527407.0,1723969.0,84520408.0,59.9838,INDETERMINATE,167,0,data/test/3sat/400/3sat_7.cnf,0.0043919086456298,0.068341,0.2796895503997803,0.2840814590454101,60.33622245904541,3sat_7.cnf,online_consistent_boundary400,Online-Consistent Selector,1,False,True,runs/analysis/full400_repeated_runtime/raw/online_consistent_boundary400/repeat1.csv
168,1.0,2512.0,3124.0,152890.0,0.047974,SATISFIABLE,168,0,data/test/3sat/400/3sat_70.cnf,0.0043919086456298,0.0779499999999999,0.2796895503997803,0.2840814590454101,0.4100054590454101,3sat_70.cnf,online_consistent_boundary400,Online-Consistent Selector,1,True,False,runs/analysis/full400_repeated_runtime/raw/online_consistent_boundary400/repeat1.csv
169,2.0,1447679.0,1657097.0,82532255.0,59.9744,INDETERMINATE,169,0,data/test/3sat/400/3sat_71.cnf,0.0043919086456298,0.068649,0.2796895503997803,0.2840814590454101,60.32713045904541,3sat_71.cnf,online_consistent_boundary400,Online-Consistent Selector,1,False,True,runs/analysis/full400_repeated_runtime/raw/online_consistent_boundary400/repeat1.csv
170,2.0,1471194.0,1683543.0,82772983.0,59.9664,INDETERMINATE,170,0,data/test/3sat/400/3sat_72.cnf,0.0047519207000732,0.087405,0.283275842666626,0.2880277633666992,60.341832763366696,3sat_72.cnf,online_consistent_boundary400,Online-Consistent Selector,1,False,True,runs/analysis/full400_repeated_runtime/raw/online_consistent_boundary400/repeat1.csv
171,2.0,1490938.0,1699199.0,85352678.0,59.9631,INDETERMINATE,171,0,data/test/3sat/400/3sat_73.cnf,0.0047519207000732,0.074623,0.283275842666626,0.2880277633666992,60.3257507633667,3sat_73.cnf,online_consistent_boundary400,Online-Consistent Selector,1,False,True,runs/analysis/full400_repeated_runtime/raw/online_consistent_boundary400/repeat1.csv
172,2.0,1401657.0,1614036.0,78935405.0,59.9884,INDETERMINATE,172,0,data/test/3sat/400/3sat_74.cnf,0.0047519207000732,0.079051,0.283275842666626,0.2880277633666992,60.3554787633667,3sat_74.cnf,online_consistent_boundary400,Online-Consistent Selector,1,False,True,runs/analysis/full400_repeated_runtime/raw/online_consistent_boundary400/repeat1.csv
173,2.0,1396625.0,1593609.0,76540919.0,59.9692,INDETERMINATE,173,0,data/test/3sat/400/3sat_75.cnf,0.0047519207000732,0.081851,0.283275842666626,0.2880277633666992,60.3390787633667,3sat_75.cnf,online_consistent_boundary400,Online-Consistent Selector,1,False,True,runs/analysis/full400_repeated_runtime/raw/online_consistent_boundary400/repeat1.csv
174,2.0,1452926.0,1652834.0,84734149.0,59.9907,INDETERMINATE,174,0,data/test/3sat/400/3sat_76.cnf,0.0047519207000732,0.074718,0.283275842666626,0.2880277633666992,60.35344576336669,3sat_76.cnf,online_consistent_boundary400,Online-Consistent Selector,1,False,True,runs/analysis/full400_repeated_runtime/raw/online_consistent_boundary400/repeat1.csv
175,2.0,1462077.0,1667907.0,82105710.0,59.9866,INDETERMINATE,175,0,data/test/3sat/400/3sat_77.cnf,0.0047519207000732,0.076623,0.283275842666626,0.2880277633666992,60.3512507633667,3sat_77.cnf,online_consistent_boundary400,Online-Consistent Selector,1,False,True,runs/analysis/full400_repeated_runtime/raw/online_consistent_boundary400/repeat1.csv
176,2.0,1508216.0,1717532.0,82718537.0,59.9704,INDETERMINATE,176,0,data/test/3sat/400/3sat_78.cnf,0.0047519207000732,0.077319,0.283275842666626,0.2880277633666992,60.3357467633667,3sat_78.cnf,online_consistent_boundary400,Online-Consistent Selector,1,False,True,runs/analysis/full400_repeated_runtime/raw/online_consistent_boundary400/repeat1.csv
177,2.0,1417474.0,1620515.0,77855120.0,59.9912,INDETERMINATE,177,0,data/test/3sat/400/3sat_79.cnf,0.0047519207000732,0.0796939999999999,0.283275842666626,0.2880277633666992,60.3589217633667,3sat_79.cnf,online_consistent_boundary400,Online-Consistent Selector,1,False,True,runs/analysis/full400_repeated_runtime/raw/online_consistent_boundary400/repeat1.csv
178,2.0,1457721.0,1656614.0,84304638.0,59.9724,INDETERMINATE,178,0,data/test/3sat/400/3sat_8.cnf,0.0047519207000732,0.077135,0.283275842666626,0.2880277633666992,60.3375627633667,3sat_8.cnf,online_consistent_boundary400,Online-Consistent Selector,1,False,True,runs/analysis/full400_repeated_runtime/raw/online_consistent_boundary400/repeat1.csv
179,2.0,1483107.0,1709486.0,85581068.0,59.9855,INDETERMINATE,179,0,data/test/3sat/400/3sat_80.cnf,0.0047519207000732,0.074444,0.283275842666626,0.2880277633666992,60.3479717633667,3sat_80.cnf,online_consistent_boundary400,Online-Consistent Selector,1,False,True,runs/analysis/full400_repeated_runtime/raw/online_consistent_boundary400/repeat1.csv
180,2.0,1435202.0,1623335.0,80166481.0,59.9575,INDETERMINATE,180,0,data/test/3sat/400/3sat_81.cnf,0.0043532848358154,0.076294,0.314493179321289,0.3188464641571045,60.35264046415711,3sat_81.cnf,online_consistent_boundary400,Online-Consistent Selector,1,False,True,runs/analysis/full400_repeated_runtime/raw/online_consistent_boundary400/repeat1.csv
181,2.0,723843.0,829611.0,42069078.0,24.2614,SATISFIABLE,181,0,data/test/3sat/400/3sat_82.cnf,0.0043532848358154,0.075906,0.314493179321289,0.3188464641571045,24.656152464157103,3sat_82.cnf,online_consistent_boundary400,Online-Consistent Selector,1,True,False,runs/analysis/full400_repeated_runtime/raw/online_consistent_boundary400/repeat1.csv
182,2.0,1452808.0,1656874.0,81307233.0,59.9668,INDETERMINATE,182,0,data/test/3sat/400/3sat_83.cnf,0.0043532848358154,0.074546,0.314493179321289,0.3188464641571045,60.3601924641571,3sat_83.cnf,online_consistent_boundary400,Online-Consistent Selector,1,False,True,runs/analysis/full400_repeated_runtime/raw/online_consistent_boundary400/repeat1.csv
183,2.0,1363242.0,1560078.0,77933233.0,59.9708,INDETERMINATE,183,0,data/test/3sat/400/3sat_84.cnf,0.0043532848358154,0.066839,0.314493179321289,0.3188464641571045,60.3564854641571,3sat_84.cnf,online_consistent_boundary400,Online-Consistent Selector,1,False,True,runs/analysis/full400_repeated_runtime/raw/online_consistent_boundary400/repeat1.csv
184,1.0,27518.0,32278.0,1663386.0,0.765136,SATISFIABLE,184,0,data/test/3sat/400/3sat_85.cnf,0.0043532848358154,0.068942,0.314493179321289,0.3188464641571045,1.1529244641571046,3sat_85.cnf,online_consistent_boundary400,Online-Consistent Selector,1,True,False,runs/analysis/full400_repeated_runtime/raw/online_consistent_boundary400/repeat1.csv
185,1.0,91912.0,107188.0,5690281.0,3.68339,SATISFIABLE,185,0,data/test/3sat/400/3sat_86.cnf,0.0043532848358154,0.071368,0.314493179321289,0.3188464641571045,4.073604464157105,3sat_86.cnf,online_consistent_boundary400,Online-Consistent Selector,1,True,False,runs/analysis/full400_repeated_runtime/raw/online_consistent_boundary400/repeat1.csv
186,2.0,1425296.0,1627880.0,81252128.0,59.9859,INDETERMINATE,186,0,data/test/3sat/400/3sat_87.cnf,0.0043532848358154,0.079177,0.314493179321289,0.3188464641571045,60.38392346415711,3sat_87.cnf,online_consistent_boundary400,Online-Consistent Selector,1,False,True,runs/analysis/full400_repeated_runtime/raw/online_consistent_boundary400/repeat1.csv
187,1.0,10969.0,13071.0,671709.0,0.229609,SATISFIABLE,187,0,data/test/3sat/400/3sat_88.cnf,0.0043532848358154,0.0667369999999999,0.314493179321289,0.3188464641571045,0.6151924641571045,3sat_88.cnf,online_consistent_boundary400,Online-Consistent Selector,1,True,False,runs/analysis/full400_repeated_runtime/raw/online_consistent_boundary400/repeat1.csv
188,1.0,8641.0,10334.0,538222.0,0.166563,SATISFIABLE,188,0,data/test/3sat/400/3sat_89.cnf,0.0043532848358154,0.0737879999999999,0.314493179321289,0.3188464641571045,0.5591974641571045,3sat_89.cnf,online_consistent_boundary400,Online-Consistent Selector,1,True,False,runs/analysis/full400_repeated_runtime/raw/online_consistent_boundary400/repeat1.csv
189,2.0,1561443.0,1778502.0,89779070.0,59.985,INDETERMINATE,189,0,data/test/3sat/400/3sat_9.cnf,0.0043532848358154,0.072731,0.314493179321289,0.3188464641571045,60.3765774641571,3sat_9.cnf,online_consistent_boundary400,Online-Consistent Selector,1,False,True,runs/analysis/full400_repeated_runtime/raw/online_consistent_boundary400/repeat1.csv
190,2.0,1469126.0,1686136.0,86030082.0,59.9851,INDETERMINATE,190,0,data/test/3sat/400/3sat_90.cnf,0.0044982433319091,0.077507,0.2985942363739013,0.3030924797058105,60.36569947970581,3sat_90.cnf,online_consistent_boundary400,Online-Consistent Selector,1,False,True,runs/analysis/full400_repeated_runtime/raw/online_consistent_boundary400/repeat1.csv
191,1.0,41.0,125.0,3065.0,0.002655,SATISFIABLE,191,0,data/test/3sat/400/3sat_91.cnf,0.0044982433319091,0.073977,0.2985942363739013,0.3030924797058105,0.3797244797058106,3sat_91.cnf,online_consistent_boundary400,Online-Consistent Selector,1,True,False,runs/analysis/full400_repeated_runtime/raw/online_consistent_boundary400/repeat1.csv
192,1.0,84619.0,96791.0,5278901.0,3.51358,SATISFIABLE,192,0,data/test/3sat/400/3sat_92.cnf,0.0044982433319091,0.077541,0.2985942363739013,0.3030924797058105,3.8942134797058103,3sat_92.cnf,online_consistent_boundary400,Online-Consistent Selector,1,True,False,runs/analysis/full400_repeated_runtime/raw/online_consistent_boundary400/repeat1.csv
193,2.0,621792.0,720709.0,37565651.0,22.191,SATISFIABLE,193,0,data/test/3sat/400/3sat_93.cnf,0.0044982433319091,0.0679569999999999,0.2985942363739013,0.3030924797058105,22.56204947970581,3sat_93.cnf,online_consistent_boundary400,Online-Consistent Selector,1,True,False,runs/analysis/full400_repeated_runtime/raw/online_consistent_boundary400/repeat1.csv
194,1.0,53988.0,62131.0,3367378.0,1.72513,SATISFIABLE,194,0,data/test/3sat/400/3sat_94.cnf,0.0044982433319091,0.071083,0.2985942363739013,0.3030924797058105,2.0993054797058104,3sat_94.cnf,online_consistent_boundary400,Online-Consistent Selector,1,True,False,runs/analysis/full400_repeated_runtime/raw/online_consistent_boundary400/repeat1.csv
195,2.0,1449858.0,1650881.0,81171448.0,59.9806,INDETERMINATE,195,0,data/test/3sat/400/3sat_95.cnf,0.0044982433319091,0.069497,0.2985942363739013,0.3030924797058105,60.35318947970581,3sat_95.cnf,online_consistent_boundary400,Online-Consistent Selector,1,False,True,runs/analysis/full400_repeated_runtime/raw/online_consistent_boundary400/repeat1.csv
196,1.0,3109.0,3849.0,199282.0,0.058446,SATISFIABLE,196,0,data/test/3sat/400/3sat_96.cnf,0.0044982433319091,0.083608,0.2985942363739013,0.3030924797058105,0.4451464797058105,3sat_96.cnf,online_consistent_boundary400,Online-Consistent Selector,1,True,False,runs/analysis/full400_repeated_runtime/raw/online_consistent_boundary400/repeat1.csv
197,2.0,425291.0,491074.0,25526527.0,14.0552,SATISFIABLE,197,0,data/test/3sat/400/3sat_97.cnf,0.0044982433319091,0.0806369999999999,0.2985942363739013,0.3030924797058105,14.43892947970581,3sat_97.cnf,online_consistent_boundary400,Online-Consistent Selector,1,True,False,runs/analysis/full400_repeated_runtime/raw/online_consistent_boundary400/repeat1.csv
198,2.0,1516452.0,1718233.0,85426594.0,59.985,INDETERMINATE,198,0,data/test/3sat/400/3sat_98.cnf,0.0044982433319091,0.08179,0.2985942363739013,0.3030924797058105,60.36988247970581,3sat_98.cnf,online_consistent_boundary400,Online-Consistent Selector,1,False,True,runs/analysis/full400_repeated_runtime/raw/online_consistent_boundary400/repeat1.csv
199,2.0,1505130.0,1717700.0,83026617.0,59.9759,INDETERMINATE,199,0,data/test/3sat/400/3sat_99.cnf,0.0044982433319091,0.072331,0.2985942363739013,0.3030924797058105,60.35132347970581,3sat_99.cnf,online_consistent_boundary400,Online-Consistent Selector,1,False,True,runs/analysis/full400_repeated_runtime/raw/online_consistent_boundary400/repeat1.csv
0,2.0,1446934.0,1651317.0,80667107.0,59.9792,INDETERMINATE,0,0,data/test/3sat/400/3sat_0.cnf,0.0055973529815673,0.078139,0.4504523277282715,0.4560496807098388,60.51338868070984,3sat_0.cnf,old_compact,Old Compact,1,False,True,runs/analysis/full400_repeated_runtime/raw/old_compact/repeat1.csv
1,1.0,73715.0,85712.0,4316774.0,2.89589,SATISFIABLE,1,0,data/test/3sat/400/3sat_1.cnf,0.0055973529815673,0.076294,0.4504523277282715,0.4560496807098388,3.428233680709839,3sat_1.cnf,old_compact,Old Compact,1,True,False,runs/analysis/full400_repeated_runtime/raw/old_compact/repeat1.csv
2,2.0,1505411.0,1718744.0,84939985.0,59.9777,INDETERMINATE,2,0,data/test/3sat/400/3sat_10.cnf,0.0055973529815673,0.0733439999999999,0.4504523277282715,0.4560496807098388,60.50709368070984,3sat_10.cnf,old_compact,Old Compact,1,False,True,runs/analysis/full400_repeated_runtime/raw/old_compact/repeat1.csv
3,1.0,3392.0,4166.0,213902.0,0.068834,SATISFIABLE,3,0,data/test/3sat/400/3sat_100.cnf,0.0055973529815673,0.0727869999999999,0.4504523277282715,0.4560496807098388,0.5976706807098389,3sat_100.cnf,old_compact,Old Compact,1,True,False,runs/analysis/full400_repeated_runtime/raw/old_compact/repeat1.csv
4,2.0,1474896.0,1685600.0,82832731.0,59.986,INDETERMINATE,4,0,data/test/3sat/400/3sat_101.cnf,0.0055973529815673,0.084768,0.4504523277282715,0.4560496807098388,60.52681768070983,3sat_101.cnf,old_compact,Old Compact,1,False,True,runs/analysis/full400_repeated_runtime/raw/old_compact/repeat1.csv
5,2.0,1482766.0,1715424.0,84791432.0,59.961,INDETERMINATE,5,0,data/test/3sat/400/3sat_102.cnf,0.0055973529815673,0.08648,0.4504523277282715,0.4560496807098388,60.50352968070984,3sat_102.cnf,old_compact,Old Compact,1,False,True,runs/analysis/full400_repeated_runtime/raw/old_compact/repeat1.csv
6,2.0,1502608.0,1733775.0,86510949.0,59.9808,INDETERMINATE,6,0,data/test/3sat/400/3sat_103.cnf,0.0055973529815673,0.075796,0.4504523277282715,0.4560496807098388,60.51264568070984,3sat_103.cnf,old_compact,Old Compact,1,False,True,runs/analysis/full400_repeated_runtime/raw/old_compact/repeat1.csv
7,2.0,1447278.0,1653382.0,80480358.0,59.9703,INDETERMINATE,7,0,data/test/3sat/400/3sat_104.cnf,0.0055973529815673,0.0755889999999999,0.4504523277282715,0.4560496807098388,60.50193868070984,3sat_104.cnf,old_compact,Old Compact,1,False,True,runs/analysis/full400_repeated_runtime/raw/old_compact/repeat1.csv
8,2.0,1525693.0,1735839.0,87313095.0,59.9731,INDETERMINATE,8,0,data/test/3sat/400/3sat_105.cnf,0.0055973529815673,0.06668,0.4504523277282715,0.4560496807098388,60.49582968070984,3sat_105.cnf,old_compact,Old Compact,1,False,True,runs/analysis/full400_repeated_runtime/raw/old_compact/repeat1.csv
9,2.0,1521850.0,1731654.0,85930888.0,59.9699,INDETERMINATE,9,0,data/test/3sat/400/3sat_106.cnf,0.0055973529815673,0.074574,0.4504523277282715,0.4560496807098388,60.50052368070984,3sat_106.cnf,old_compact,Old Compact,1,False,True,runs/analysis/full400_repeated_runtime/raw/old_compact/repeat1.csv
10,2.0,1374501.0,1579169.0,78415552.0,59.9701,INDETERMINATE,10,0,data/test/3sat/400/3sat_107.cnf,0.0035240650177001,0.073545,0.325829267501831,0.3293533325195312,60.372998332519536,3sat_107.cnf,old_compact,Old Compact,1,False,True,runs/analysis/full400_repeated_runtime/raw/old_compact/repeat1.csv
11,2.0,1479880.0,1704716.0,82873506.0,59.985,INDETERMINATE,11,0,data/test/3sat/400/3sat_108.cnf,0.0035240650177001,0.076941,0.325829267501831,0.3293533325195312,60.39129433251953,3sat_108.cnf,old_compact,Old Compact,1,False,True,runs/analysis/full400_repeated_runtime/raw/old_compact/repeat1.csv
12,2.0,1540118.0,1764692.0,86254853.0,59.9782,INDETERMINATE,12,0,data/test/3sat/400/3sat_109.cnf,0.0035240650177001,0.075826,0.325829267501831,0.3293533325195312,60.38337933251953,3sat_109.cnf,old_compact,Old Compact,1,False,True,runs/analysis/full400_repeated_runtime/raw/old_compact/repeat1.csv
13,1.0,40661.0,47692.0,2496556.0,1.38252,SATISFIABLE,13,0,data/test/3sat/400/3sat_11.cnf,0.0035240650177001,0.075595,0.325829267501831,0.3293533325195312,1.7874683325195313,3sat_11.cnf,old_compact,Old Compact,1,True,False,runs/analysis/full400_repeated_runtime/raw/old_compact/repeat1.csv
14,2.0,1484340.0,1703459.0,85832394.0,59.9687,INDETERMINATE,14,0,data/test/3sat/400/3sat_110.cnf,0.0035240650177001,0.086363,0.325829267501831,0.3293533325195312,60.38441633251953,3sat_110.cnf,old_compact,Old Compact,1,False,True,runs/analysis/full400_repeated_runtime/raw/old_compact/repeat1.csv
15,2.0,1463420.0,1678739.0,85435641.0,59.9626,INDETERMINATE,15,0,data/test/3sat/400/3sat_111.cnf,0.0035240650177001,0.0775009999999999,0.325829267501831,0.3293533325195312,60.36945433251953,3sat_111.cnf,old_compact,Old Compact,1,False,True,runs/analysis/full400_repeated_runtime/raw/old_compact/repeat1.csv
16,2.0,1502871.0,1708217.0,86880932.0,59.9839,INDETERMINATE,16,0,data/test/3sat/400/3sat_112.cnf,0.0035240650177001,0.080707,0.325829267501831,0.3293533325195312,60.393960332519526,3sat_112.cnf,old_compact,Old Compact,1,False,True,runs/analysis/full400_repeated_runtime/raw/old_compact/repeat1.csv
17,2.0,1395404.0,1583357.0,80040285.0,59.9719,INDETERMINATE,17,0,data/test/3sat/400/3sat_113.cnf,0.0035240650177001,0.077826,0.325829267501831,0.3293533325195312,60.37907933251953,3sat_113.cnf,old_compact,Old Compact,1,False,True,runs/analysis/full400_repeated_runtime/raw/old_compact/repeat1.csv
18,2.0,1464482.0,1681695.0,82845953.0,59.9787,INDETERMINATE,18,0,data/test/3sat/400/3sat_114.cnf,0.0035240650177001,0.073592,0.325829267501831,0.3293533325195312,60.38164533251953,3sat_114.cnf,old_compact,Old Compact,1,False,True,runs/analysis/full400_repeated_runtime/raw/old_compact/repeat1.csv
19,2.0,1360000.0,1543462.0,75415188.0,59.9558,INDETERMINATE,19,0,data/test/3sat/400/3sat_115.cnf,0.0035240650177001,0.073265,0.325829267501831,0.3293533325195312,60.358418332519534,3sat_115.cnf,old_compact,Old Compact,1,False,True,runs/analysis/full400_repeated_runtime/raw/old_compact/repeat1.csv
20,2.0,1491730.0,1697906.0,83247526.0,59.9768,INDETERMINATE,20,0,data/test/3sat/400/3sat_116.cnf,0.0051462650299072,0.073451,0.3414194583892822,0.3465657234191894,60.39681672341919,3sat_116.cnf,old_compact,Old Compact,1,False,True,runs/analysis/full400_repeated_runtime/raw/old_compact/repeat1.csv
21,2.0,1493617.0,1708556.0,83337352.0,59.9727,INDETERMINATE,21,0,data/test/3sat/400/3sat_117.cnf,0.0051462650299072,0.0699849999999999,0.3414194583892822,0.3465657234191894,60.3892507234192,3sat_117.cnf,old_compact,Old Compact,1,False,True,runs/analysis/full400_repeated_runtime/raw/old_compact/repeat1.csv
22,2.0,1465461.0,1675363.0,82459293.0,59.9661,INDETERMINATE,22,0,data/test/3sat/400/3sat_118.cnf,0.0051462650299072,0.089369,0.3414194583892822,0.3465657234191894,60.40203472341919,3sat_118.cnf,old_compact,Old Compact,1,False,True,runs/analysis/full400_repeated_runtime/raw/old_compact/repeat1.csv
23,2.0,1496248.0,1710993.0,82813600.0,59.9648,INDETERMINATE,23,0,data/test/3sat/400/3sat_119.cnf,0.0051462650299072,0.065339,0.3414194583892822,0.3465657234191894,60.37670472341919,3sat_119.cnf,old_compact,Old Compact,1,False,True,runs/analysis/full400_repeated_runtime/raw/old_compact/repeat1.csv
24,2.0,1461928.0,1671768.0,82064796.0,59.9771,INDETERMINATE,24,0,data/test/3sat/400/3sat_12.cnf,0.0051462650299072,0.072618,0.3414194583892822,0.3465657234191894,60.39628372341919,3sat_12.cnf,old_compact,Old Compact,1,False,True,runs/analysis/full400_repeated_runtime/raw/old_compact/repeat1.csv
25,1.0,23077.0,27394.0,1439359.0,0.662809,SATISFIABLE,25,0,data/test/3sat/400/3sat_120.cnf,0.0051462650299072,0.080427,0.3414194583892822,0.3465657234191894,1.0898017234191897,3sat_120.cnf,old_compact,Old Compact,1,True,False,runs/analysis/full400_repeated_runtime/raw/old_compact/repeat1.csv
26,1.0,47329.0,54623.0,2823769.0,1.32329,SATISFIABLE,26,0,data/test/3sat/400/3sat_121.cnf,0.0051462650299072,0.082438,0.3414194583892822,0.3465657234191894,1.7522937234191895,3sat_121.cnf,old_compact,Old Compact,1,True,False,runs/analysis/full400_repeated_runtime/raw/old_compact/repeat1.csv
27,2.0,1472750.0,1684754.0,84210055.0,59.9796,INDETERMINATE,27,0,data/test/3sat/400/3sat_122.cnf,0.0051462650299072,0.075114,0.3414194583892822,0.3465657234191894,60.40127972341919,3sat_122.cnf,old_compact,Old Compact,1,False,True,runs/analysis/full400_repeated_runtime/raw/old_compact/repeat1.csv
28,2.0,1490981.0,1696221.0,84939886.0,59.9768,INDETERMINATE,28,0,data/test/3sat/400/3sat_123.cnf,0.0051462650299072,0.078622,0.3414194583892822,0.3465657234191894,60.40198772341919,3sat_123.cnf,old_compact,Old Compact,1,False,True,runs/analysis/full400_repeated_runtime/raw/old_compact/repeat1.csv
29,1.0,654.0,900.0,43163.0,0.010576,SATISFIABLE,29,0,data/test/3sat/400/3sat_124.cnf,0.0051462650299072,0.053772,0.3414194583892822,0.3465657234191894,0.4109137234191894,3sat_124.cnf,old_compact,Old Compact,1,True,False,runs/analysis/full400_repeated_runtime/raw/old_compact/repeat1.csv
30,1.0,87018.0,101016.0,5296049.0,3.09347,SATISFIABLE,30,0,data/test/3sat/400/3sat_125.cnf,0.005491018295288,0.064551,0.3315279483795166,0.3370189666748047,3.4950399666748044,3sat_125.cnf,old_compact,Old Compact,1,True,False,runs/analysis/full400_repeated_runtime/raw/old_compact/repeat1.csv
31,2.0,1487707.0,1701059.0,85278720.0,59.9879,INDETERMINATE,31,0,data/test/3sat/400/3sat_126.cnf,0.005491018295288,0.073072,0.3315279483795166,0.3370189666748047,60.39799096667481,3sat_126.cnf,old_compact,Old Compact,1,False,True,runs/analysis/full400_repeated_runtime/raw/old_compact/repeat1.csv
32,2.0,1438007.0,1664612.0,84164765.0,59.9821,INDETERMINATE,32,0,data/test/3sat/400/3sat_127.cnf,0.005491018295288,0.087086,0.3315279483795166,0.3370189666748047,60.40620496667481,3sat_127.cnf,old_compact,Old Compact,1,False,True,runs/analysis/full400_repeated_runtime/raw/old_compact/repeat1.csv
33,2.0,238642.0,275833.0,14368684.0,8.33037,SATISFIABLE,33,0,data/test/3sat/400/3sat_128.cnf,0.005491018295288,0.091891,0.3315279483795166,0.3370189666748047,8.759279966674805,3sat_128.cnf,old_compact,Old Compact,1,True,False,runs/analysis/full400_repeated_runtime/raw/old_compact/repeat1.csv
34,1.0,28034.0,33114.0,1750425.0,0.816454,SATISFIABLE,34,0,data/test/3sat/400/3sat_129.cnf,0.005491018295288,0.087835,0.3315279483795166,0.3370189666748047,1.2413079666748046,3sat_129.cnf,old_compact,Old Compact,1,True,False,runs/analysis/full400_repeated_runtime/raw/old_compact/repeat1.csv
35,2.0,1452136.0,1670273.0,83407454.0,59.9775,INDETERMINATE,35,0,data/test/3sat/400/3sat_13.cnf,0.005491018295288,0.080818,0.3315279483795166,0.3370189666748047,60.395336966674805,3sat_13.cnf,old_compact,Old Compact,1,False,True,runs/analysis/full400_repeated_runtime/raw/old_compact/repeat1.csv
36,2.0,121568.0,139021.0,7304329.0,4.59844,SATISFIABLE,36,0,data/test/3sat/400/3sat_130.cnf,0.005491018295288,0.071998,0.3315279483795166,0.3370189666748047,5.0074569666748046,3sat_130.cnf,old_compact,Old Compact,1,True,False,runs/analysis/full400_repeated_runtime/raw/old_compact/repeat1.csv
37,1.0,82086.0,96037.0,5035591.0,3.28096,SATISFIABLE,37,0,data/test/3sat/400/3sat_131.cnf,0.005491018295288,0.078937,0.3315279483795166,0.3370189666748047,3.696915966674805,3sat_131.cnf,old_compact,Old Compact,1,True,False,runs/analysis/full400_repeated_runtime/raw/old_compact/repeat1.csv
38,1.0,2692.0,3354.0,172420.0,0.04732,SATISFIABLE,38,0,data/test/3sat/400/3sat_132.cnf,0.005491018295288,0.070809,0.3315279483795166,0.3370189666748047,0.4551479666748046,3sat_132.cnf,old_compact,Old Compact,1,True,False,runs/analysis/full400_repeated_runtime/raw/old_compact/repeat1.csv
39,2.0,1418363.0,1640036.0,82610105.0,59.9927,INDETERMINATE,39,0,data/test/3sat/400/3sat_133.cnf,0.005491018295288,0.08104,0.3315279483795166,0.3370189666748047,60.410758966674805,3sat_133.cnf,old_compact,Old Compact,1,False,True,runs/analysis/full400_repeated_runtime/raw/old_compact/repeat1.csv
40,2.0,1417550.0,1622671.0,79285347.0,59.9787,INDETERMINATE,40,0,data/test/3sat/400/3sat_134.cnf,0.0058081150054931,0.081565,0.3127603530883789,0.318568468093872,60.37883346809387,3sat_134.cnf,old_compact,Old Compact,1,False,True,runs/analysis/full400_repeated_runtime/raw/old_compact/repeat1.csv
41,2.0,1540101.0,1753083.0,85991695.0,59.981,INDETERMINATE,41,0,data/test/3sat/400/3sat_135.cnf,0.0058081150054931,0.07106,0.3127603530883789,0.318568468093872,60.37062846809388,3sat_135.cnf,old_compact,Old Compact,1,False,True,runs/analysis/full400_repeated_runtime/raw/old_compact/repeat1.csv
42,2.0,1434035.0,1644552.0,84200211.0,59.9763,INDETERMINATE,42,0,data/test/3sat/400/3sat_136.cnf,0.0058081150054931,0.082034,0.3127603530883789,0.318568468093872,60.376902468093874,3sat_136.cnf,old_compact,Old Compact,1,False,True,runs/analysis/full400_repeated_runtime/raw/old_compact/repeat1.csv
43,2.0,1459490.0,1654470.0,78781141.0,59.9784,INDETERMINATE,43,0,data/test/3sat/400/3sat_137.cnf,0.0058081150054931,0.076081,0.3127603530883789,0.318568468093872,60.37304946809388,3sat_137.cnf,old_compact,Old Compact,1,False,True,runs/analysis/full400_repeated_runtime/raw/old_compact/repeat1.csv
44,2.0,1532034.0,1742757.0,88559166.0,59.9725,INDETERMINATE,44,0,data/test/3sat/400/3sat_138.cnf,0.0058081150054931,0.069174,0.3127603530883789,0.318568468093872,60.360242468093865,3sat_138.cnf,old_compact,Old Compact,1,False,True,runs/analysis/full400_repeated_runtime/raw/old_compact/repeat1.csv
45,2.0,1534147.0,1762938.0,87614289.0,59.9901,INDETERMINATE,45,0,data/test/3sat/400/3sat_139.cnf,0.0058081150054931,0.07077,0.3127603530883789,0.318568468093872,60.37943846809387,3sat_139.cnf,old_compact,Old Compact,1,False,True,runs/analysis/full400_repeated_runtime/raw/old_compact/repeat1.csv
46,2.0,133587.0,154405.0,8365184.0,5.27559,SATISFIABLE,46,0,data/test/3sat/400/3sat_14.cnf,0.0058081150054931,0.071331,0.3127603530883789,0.318568468093872,5.665489468093872,3sat_14.cnf,old_compact,Old Compact,1,True,False,runs/analysis/full400_repeated_runtime/raw/old_compact/repeat1.csv
47,2.0,1244295.0,1419655.0,73705026.0,48.8983,SATISFIABLE,47,0,data/test/3sat/400/3sat_140.cnf,0.0058081150054931,0.078344,0.3127603530883789,0.318568468093872,49.29521246809387,3sat_140.cnf,old_compact,Old Compact,1,True,False,runs/analysis/full400_repeated_runtime/raw/old_compact/repeat1.csv
48,1.0,71109.0,82102.0,4299119.0,2.96306,SATISFIABLE,48,0,data/test/3sat/400/3sat_141.cnf,0.0058081150054931,0.079868,0.3127603530883789,0.318568468093872,3.361496468093872,3sat_141.cnf,old_compact,Old Compact,1,True,False,runs/analysis/full400_repeated_runtime/raw/old_compact/repeat1.csv
49,1.0,61037.0,70865.0,3765471.0,2.075,SATISFIABLE,49,0,data/test/3sat/400/3sat_142.cnf,0.0058081150054931,0.079608,0.3127603530883789,0.318568468093872,2.473176468093872,3sat_142.cnf,old_compact,Old Compact,1,True,False,runs/analysis/full400_repeated_runtime/raw/old_compact/repeat1.csv
50,2.0,1455878.0,1671664.0,83716991.0,59.9944,INDETERMINATE,50,0,data/test/3sat/400/3sat_143.cnf,0.0054140090942382,0.076774,0.3194186687469482,0.3248326778411865,60.39600667784119,3sat_143.cnf,old_compact,Old Compact,1,False,True,runs/analysis/full400_repeated_runtime/raw/old_compact/repeat1.csv
51,2.0,1399539.0,1601495.0,77629436.0,59.9955,INDETERMINATE,51,0,data/test/3sat/400/3sat_144.cnf,0.0054140090942382,0.07962,0.3194186687469482,0.3248326778411865,60.39995267784119,3sat_144.cnf,old_compact,Old Compact,1,False,True,runs/analysis/full400_repeated_runtime/raw/old_compact/repeat1.csv
52,2.0,1428859.0,1649586.0,81136857.0,59.9776,INDETERMINATE,52,0,data/test/3sat/400/3sat_145.cnf,0.0054140090942382,0.083652,0.3194186687469482,0.3248326778411865,60.38608467784119,3sat_145.cnf,old_compact,Old Compact,1,False,True,runs/analysis/full400_repeated_runtime/raw/old_compact/repeat1.csv
53,2.0,1452929.0,1663136.0,81544303.0,59.979,INDETERMINATE,53,0,data/test/3sat/400/3sat_146.cnf,0.0054140090942382,0.083819,0.3194186687469482,0.3248326778411865,60.387651677841184,3sat_146.cnf,old_compact,Old Compact,1,False,True,runs/analysis/full400_repeated_runtime/raw/old_compact/repeat1.csv
54,2.0,392510.0,450448.0,23393708.0,13.3308,SATISFIABLE,54,0,data/test/3sat/400/3sat_147.cnf,0.0054140090942382,0.076608,0.3194186687469482,0.3248326778411865,13.732240677841189,3sat_147.cnf,old_compact,Old Compact,1,True,False,runs/analysis/full400_repeated_runtime/raw/old_compact/repeat1.csv
55,2.0,1486307.0,1708031.0,86853800.0,59.962,INDETERMINATE,55,0,data/test/3sat/400/3sat_148.cnf,0.0054140090942382,0.080295,0.3194186687469482,0.3248326778411865,60.36712767784119,3sat_148.cnf,old_compact,Old Compact,1,False,True,runs/analysis/full400_repeated_runtime/raw/old_compact/repeat1.csv
56,1.0,97366.0,112279.0,5819460.0,3.82071,SATISFIABLE,56,0,data/test/3sat/400/3sat_149.cnf,0.0054140090942382,0.075608,0.3194186687469482,0.3248326778411865,4.2211506778411865,3sat_149.cnf,old_compact,Old Compact,1,True,False,runs/analysis/full400_repeated_runtime/raw/old_compact/repeat1.csv
57,2.0,1447195.0,1644318.0,82370360.0,59.9515,INDETERMINATE,57,0,data/test/3sat/400/3sat_15.cnf,0.0054140090942382,0.081762,0.3194186687469482,0.3248326778411865,60.35809467784119,3sat_15.cnf,old_compact,Old Compact,1,False,True,runs/analysis/full400_repeated_runtime/raw/old_compact/repeat1.csv
58,1.0,16970.0,19929.0,1057698.0,0.384983,SATISFIABLE,58,0,data/test/3sat/400/3sat_150.cnf,0.0054140090942382,0.08571,0.3194186687469482,0.3248326778411865,0.7955256778411866,3sat_150.cnf,old_compact,Old Compact,1,True,False,runs/analysis/full400_repeated_runtime/raw/old_compact/repeat1.csv
59,2.0,1482480.0,1677334.0,86173062.0,59.9741,INDETERMINATE,59,0,data/test/3sat/400/3sat_151.cnf,0.0054140090942382,0.083621,0.3194186687469482,0.3248326778411865,60.38255367784119,3sat_151.cnf,old_compact,Old Compact,1,False,True,runs/analysis/full400_repeated_runtime/raw/old_compact/repeat1.csv
60,2.0,1472967.0,1696263.0,82639950.0,59.9875,INDETERMINATE,60,0,data/test/3sat/400/3sat_152.cnf,0.0053434371948242,0.081006,0.2646434307098388,0.2699868679046631,60.33849286790466,3sat_152.cnf,old_compact,Old Compact,1,False,True,runs/analysis/full400_repeated_runtime/raw/old_compact/repeat1.csv
61,2.0,1472466.0,1673934.0,82345625.0,59.9684,INDETERMINATE,61,0,data/test/3sat/400/3sat_153.cnf,0.0053434371948242,0.07381,0.2646434307098388,0.2699868679046631,60.31219686790467,3sat_153.cnf,old_compact,Old Compact,1,False,True,runs/analysis/full400_repeated_runtime/raw/old_compact/repeat1.csv
62,1.0,42118.0,49122.0,2596236.0,1.45387,SATISFIABLE,62,0,data/test/3sat/400/3sat_154.cnf,0.0053434371948242,0.081664,0.2646434307098388,0.2699868679046631,1.805520867904663,3sat_154.cnf,old_compact,Old Compact,1,True,False,runs/analysis/full400_repeated_runtime/raw/old_compact/repeat1.csv
63,2.0,1468337.0,1673011.0,82077952.0,59.9784,INDETERMINATE,63,0,data/test/3sat/400/3sat_155.cnf,0.0053434371948242,0.073498,0.2646434307098388,0.2699868679046631,60.32188486790466,3sat_155.cnf,old_compact,Old Compact,1,False,True,runs/analysis/full400_repeated_runtime/raw/old_compact/repeat1.csv
64,2.0,1427755.0,1628902.0,81024577.0,59.9824,INDETERMINATE,64,0,data/test/3sat/400/3sat_156.cnf,0.0053434371948242,0.070698,0.2646434307098388,0.2699868679046631,60.32308486790466,3sat_156.cnf,old_compact,Old Compact,1,False,True,runs/analysis/full400_repeated_runtime/raw/old_compact/repeat1.csv
65,2.0,873297.0,1013956.0,52333641.0,33.4389,SATISFIABLE,65,0,data/test/3sat/400/3sat_157.cnf,0.0053434371948242,0.069393,0.2646434307098388,0.2699868679046631,33.77827986790466,3sat_157.cnf,old_compact,Old Compact,1,True,False,runs/analysis/full400_repeated_runtime/raw/old_compact/repeat1.csv
66,2.0,1449755.0,1642378.0,80725809.0,59.9608,INDETERMINATE,66,0,data/test/3sat/400/3sat_158.cnf,0.0053434371948242,0.06974,0.2646434307098388,0.2699868679046631,60.300526867904665,3sat_158.cnf,old_compact,Old Compact,1,False,True,runs/analysis/full400_repeated_runtime/raw/old_compact/repeat1.csv
67,2.0,1471213.0,1689736.0,84656300.0,59.9546,INDETERMINATE,67,0,data/test/3sat/400/3sat_159.cnf,0.0053434371948242,0.068322,0.2646434307098388,0.2699868679046631,60.29290886790466,3sat_159.cnf,old_compact,Old Compact,1,False,True,runs/analysis/full400_repeated_runtime/raw/old_compact/repeat1.csv
68,2.0,1543460.0,1753254.0,88597332.0,59.9762,INDETERMINATE,68,0,data/test/3sat/400/3sat_16.cnf,0.0053434371948242,0.064912,0.2646434307098388,0.2699868679046631,60.31109886790466,3sat_16.cnf,old_compact,Old Compact,1,False,True,runs/analysis/full400_repeated_runtime/raw/old_compact/repeat1.csv
69,2.0,1510394.0,1729159.0,84255058.0,59.978,INDETERMINATE,69,0,data/test/3sat/400/3sat_160.cnf,0.0053434371948242,0.078771,0.2646434307098388,0.2699868679046631,60.32675786790467,3sat_160.cnf,old_compact,Old Compact,1,False,True,runs/analysis/full400_repeated_runtime/raw/old_compact/repeat1.csv
70,2.0,1541083.0,1754751.0,89155901.0,59.9805,INDETERMINATE,70,0,data/test/3sat/400/3sat_161.cnf,0.0054554939270019,0.088064,0.2705638408660888,0.2760193347930908,60.34458333479309,3sat_161.cnf,old_compact,Old Compact,1,False,True,runs/analysis/full400_repeated_runtime/raw/old_compact/repeat1.csv
71,2.0,1385171.0,1566367.0,78048224.0,59.9726,INDETERMINATE,71,0,data/test/3sat/400/3sat_162.cnf,0.0054554939270019,0.065476,0.2705638408660888,0.2760193347930908,60.31409533479309,3sat_162.cnf,old_compact,Old Compact,1,False,True,runs/analysis/full400_repeated_runtime/raw/old_compact/repeat1.csv
72,2.0,915021.0,1050086.0,53803425.0,34.8389,SATISFIABLE,72,0,data/test/3sat/400/3sat_163.cnf,0.0054554939270019,0.078515,0.2705638408660888,0.2760193347930908,35.193434334793096,3sat_163.cnf,old_compact,Old Compact,1,True,False,runs/analysis/full400_repeated_runtime/raw/old_compact/repeat1.csv
73,2.0,1451342.0,1666046.0,83466652.0,59.9831,INDETERMINATE,73,0,data/test/3sat/400/3sat_164.cnf,0.0054554939270019,0.083825,0.2705638408660888,0.2760193347930908,60.34294433479309,3sat_164.cnf,old_compact,Old Compact,1,False,True,runs/analysis/full400_repeated_runtime/raw/old_compact/repeat1.csv
74,1.0,7043.0,8408.0,453223.0,0.152627,SATISFIABLE,74,0,data/test/3sat/400/3sat_165.cnf,0.0054554939270019,0.075042,0.2705638408660888,0.2760193347930908,0.5036883347930908,3sat_165.cnf,old_compact,Old Compact,1,True,False,runs/analysis/full400_repeated_runtime/raw/old_compact/repeat1.csv
75,2.0,1558808.0,1781610.0,87978762.0,59.9818,INDETERMINATE,75,0,data/test/3sat/400/3sat_166.cnf,0.0054554939270019,0.079015,0.2705638408660888,0.2760193347930908,60.33683433479309,3sat_166.cnf,old_compact,Old Compact,1,False,True,runs/analysis/full400_repeated_runtime/raw/old_compact/repeat1.csv
76,2.0,399529.0,460797.0,23951550.0,13.0392,SATISFIABLE,76,0,data/test/3sat/400/3sat_167.cnf,0.0054554939270019,0.07515,0.2705638408660888,0.2760193347930908,13.39036933479309,3sat_167.cnf,old_compact,Old Compact,1,True,False,runs/analysis/full400_repeated_runtime/raw/old_compact/repeat1.csv
77,2.0,1393130.0,1575510.0,79804195.0,59.9654,INDETERMINATE,77,0,data/test/3sat/400/3sat_168.cnf,0.0054554939270019,0.073497,0.2705638408660888,0.2760193347930908,60.3149163347931,3sat_168.cnf,old_compact,Old Compact,1,False,True,runs/analysis/full400_repeated_runtime/raw/old_compact/repeat1.csv
78,2.0,1435615.0,1647903.0,82919474.0,59.983,INDETERMINATE,78,0,data/test/3sat/400/3sat_169.cnf,0.0054554939270019,0.0700129999999999,0.2705638408660888,0.2760193347930908,60.32903233479309,3sat_169.cnf,old_compact,Old Compact,1,False,True,runs/analysis/full400_repeated_runtime/raw/old_compact/repeat1.csv
79,2.0,1323605.0,1515242.0,74230922.0,59.972,INDETERMINATE,79,0,data/test/3sat/400/3sat_17.cnf,0.0054554939270019,0.076741,0.2705638408660888,0.2760193347930908,60.32476033479309,3sat_17.cnf,old_compact,Old Compact,1,False,True,runs/analysis/full400_repeated_runtime/raw/old_compact/repeat1.csv
80,2.0,1404000.0,1602476.0,78130422.0,59.987,INDETERMINATE,80,0,data/test/3sat/400/3sat_170.cnf,0.0050680637359619,0.0773399999999999,0.3089592456817627,0.3140273094177246,60.378367309417726,3sat_170.cnf,old_compact,Old Compact,1,False,True,runs/analysis/full400_repeated_runtime/raw/old_compact/repeat1.csv
81,2.0,1384230.0,1577201.0,78679171.0,59.9576,INDETERMINATE,81,0,data/test/3sat/400/3sat_171.cnf,0.0050680637359619,0.080014,0.3089592456817627,0.3140273094177246,60.35164130941772,3sat_171.cnf,old_compact,Old Compact,1,False,True,runs/analysis/full400_repeated_runtime/raw/old_compact/repeat1.csv
82,2.0,1416814.0,1625926.0,81440933.0,59.9825,INDETERMINATE,82,0,data/test/3sat/400/3sat_172.cnf,0.0050680637359619,0.087389,0.3089592456817627,0.3140273094177246,60.38391630941773,3sat_172.cnf,old_compact,Old Compact,1,False,True,runs/analysis/full400_repeated_runtime/raw/old_compact/repeat1.csv
83,2.0,1439129.0,1649155.0,82221422.0,59.9845,INDETERMINATE,83,0,data/test/3sat/400/3sat_173.cnf,0.0050680637359619,0.071374,0.3089592456817627,0.3140273094177246,60.36990130941772,3sat_173.cnf,old_compact,Old Compact,1,False,True,runs/analysis/full400_repeated_runtime/raw/old_compact/repeat1.csv
84,2.0,1464606.0,1661872.0,82294383.0,59.9954,INDETERMINATE,84,0,data/test/3sat/400/3sat_174.cnf,0.0050680637359619,0.081275,0.3089592456817627,0.3140273094177246,60.39070230941772,3sat_174.cnf,old_compact,Old Compact,1,False,True,runs/analysis/full400_repeated_runtime/raw/old_compact/repeat1.csv
85,2.0,1559897.0,1769651.0,86227881.0,59.9746,INDETERMINATE,85,0,data/test/3sat/400/3sat_175.cnf,0.0050680637359619,0.078684,0.3089592456817627,0.3140273094177246,60.36731130941773,3sat_175.cnf,old_compact,Old Compact,1,False,True,runs/analysis/full400_repeated_runtime/raw/old_compact/repeat1.csv
86,1.0,44850.0,52377.0,2659490.0,1.49309,SATISFIABLE,86,0,data/test/3sat/400/3sat_176.cnf,0.0050680637359619,0.072517,0.3089592456817627,0.3140273094177246,1.8796343094177248,3sat_176.cnf,old_compact,Old Compact,1,True,False,runs/analysis/full400_repeated_runtime/raw/old_compact/repeat1.csv
87,2.0,1439906.0,1631531.0,82801625.0,59.9758,INDETERMINATE,87,0,data/test/3sat/400/3sat_177.cnf,0.0050680637359619,0.072247,0.3089592456817627,0.3140273094177246,60.36207430941772,3sat_177.cnf,old_compact,Old Compact,1,False,True,runs/analysis/full400_repeated_runtime/raw/old_compact/repeat1.csv
88,2.0,1534206.0,1774695.0,88915240.0,59.9811,INDETERMINATE,88,0,data/test/3sat/400/3sat_178.cnf,0.0050680637359619,0.068801,0.3089592456817627,0.3140273094177246,60.36392830941772,3sat_178.cnf,old_compact,Old Compact,1,False,True,runs/analysis/full400_repeated_runtime/raw/old_compact/repeat1.csv
89,2.0,1519479.0,1729819.0,87337268.0,59.9798,INDETERMINATE,89,0,data/test/3sat/400/3sat_179.cnf,0.0050680637359619,0.071031,0.3089592456817627,0.3140273094177246,60.36485830941772,3sat_179.cnf,old_compact,Old Compact,1,False,True,runs/analysis/full400_repeated_runtime/raw/old_compact/repeat1.csv
90,2.0,1414124.0,1616499.0,81323399.0,59.9926,INDETERMINATE,90,0,data/test/3sat/400/3sat_18.cnf,0.0046801567077636,0.0838,0.2933635711669922,0.2980437278747558,60.37444372787476,3sat_18.cnf,old_compact,Old Compact,1,False,True,runs/analysis/full400_repeated_runtime/raw/old_compact/repeat1.csv
91,2.0,479866.0,551097.0,28918715.0,16.1928,SATISFIABLE,91,0,data/test/3sat/400/3sat_180.cnf,0.0046801567077636,0.084948,0.2933635711669922,0.2980437278747558,16.575791727874755,3sat_180.cnf,old_compact,Old Compact,1,True,False,runs/analysis/full400_repeated_runtime/raw/old_compact/repeat1.csv
92,1.0,52050.0,59791.0,3130772.0,1.84356,SATISFIABLE,92,0,data/test/3sat/400/3sat_181.cnf,0.0046801567077636,0.077376,0.2933635711669922,0.2980437278747558,2.218979727874756,3sat_181.cnf,old_compact,Old Compact,1,True,False,runs/analysis/full400_repeated_runtime/raw/old_compact/repeat1.csv
93,2.0,1477198.0,1692280.0,81589453.0,59.9866,INDETERMINATE,93,0,data/test/3sat/400/3sat_182.cnf,0.0046801567077636,0.071922,0.2933635711669922,0.2980437278747558,60.35656572787476,3sat_182.cnf,old_compact,Old Compact,1,False,True,runs/analysis/full400_repeated_runtime/raw/old_compact/repeat1.csv
94,2.0,1435846.0,1645505.0,81481501.0,59.981,INDETERMINATE,94,0,data/test/3sat/400/3sat_183.cnf,0.0046801567077636,0.077899,0.2933635711669922,0.2980437278747558,60.35694272787476,3sat_183.cnf,old_compact,Old Compact,1,False,True,runs/analysis/full400_repeated_runtime/raw/old_compact/repeat1.csv
95,2.0,1469679.0,1674224.0,84223280.0,59.9941,INDETERMINATE,95,0,data/test/3sat/400/3sat_184.cnf,0.0046801567077636,0.076009,0.2933635711669922,0.2980437278747558,60.36815272787476,3sat_184.cnf,old_compact,Old Compact,1,False,True,runs/analysis/full400_repeated_runtime/raw/old_compact/repeat1.csv
96,2.0,1532814.0,1748851.0,85346640.0,59.9901,INDETERMINATE,96,0,data/test/3sat/400/3sat_185.cnf,0.0046801567077636,0.084236,0.2933635711669922,0.2980437278747558,60.37237972787475,3sat_185.cnf,old_compact,Old Compact,1,False,True,runs/analysis/full400_repeated_runtime/raw/old_compact/repeat1.csv
97,2.0,1356503.0,1549883.0,74074767.0,59.9855,INDETERMINATE,97,0,data/test/3sat/400/3sat_186.cnf,0.0046801567077636,0.070615,0.2933635711669922,0.2980437278747558,60.354158727874754,3sat_186.cnf,old_compact,Old Compact,1,False,True,runs/analysis/full400_repeated_runtime/raw/old_compact/repeat1.csv
98,2.0,1383632.0,1592685.0,78034169.0,59.9685,INDETERMINATE,98,0,data/test/3sat/400/3sat_187.cnf,0.0046801567077636,0.071357,0.2933635711669922,0.2980437278747558,60.337900727874754,3sat_187.cnf,old_compact,Old Compact,1,False,True,runs/analysis/full400_repeated_runtime/raw/old_compact/repeat1.csv
99,2.0,892642.0,1020150.0,51846480.0,31.561,SATISFIABLE,99,0,data/test/3sat/400/3sat_188.cnf,0.0046801567077636,0.066449,0.2933635711669922,0.2980437278747558,31.925492727874754,3sat_188.cnf,old_compact,Old Compact,1,True,False,runs/analysis/full400_repeated_runtime/raw/old_compact/repeat1.csv
100,2.0,486885.0,560599.0,28846336.0,16.9689,SATISFIABLE,100,0,data/test/3sat/400/3sat_189.cnf,0.0046420097351074,0.068751,0.3110260963439941,0.3156681060791015,17.353319106079102,3sat_189.cnf,old_compact,Old Compact,1,True,False,runs/analysis/full400_repeated_runtime/raw/old_compact/repeat1.csv
101,1.0,89648.0,102340.0,5281405.0,3.71014,SATISFIABLE,101,0,data/test/3sat/400/3sat_19.cnf,0.0046420097351074,0.060229,0.3110260963439941,0.3156681060791015,4.086037106079102,3sat_19.cnf,old_compact,Old Compact,1,True,False,runs/analysis/full400_repeated_runtime/raw/old_compact/repeat1.csv
102,1.0,1353.0,1762.0,87323.0,0.025965,SATISFIABLE,102,0,data/test/3sat/400/3sat_190.cnf,0.0046420097351074,0.057704,0.3110260963439941,0.3156681060791015,0.3993371060791015,3sat_190.cnf,old_compact,Old Compact,1,True,False,runs/analysis/full400_repeated_runtime/raw/old_compact/repeat1.csv
103,2.0,1421718.0,1635085.0,79289403.0,59.9744,INDETERMINATE,103,0,data/test/3sat/400/3sat_191.cnf,0.0046420097351074,0.069883,0.3110260963439941,0.3156681060791015,60.3599511060791,3sat_191.cnf,old_compact,Old Compact,1,False,True,runs/analysis/full400_repeated_runtime/raw/old_compact/repeat1.csv
104,2.0,1397950.0,1612948.0,78919684.0,59.9733,INDETERMINATE,104,0,data/test/3sat/400/3sat_192.cnf,0.0046420097351074,0.0829989999999999,0.3110260963439941,0.3156681060791015,60.371967106079104,3sat_192.cnf,old_compact,Old Compact,1,False,True,runs/analysis/full400_repeated_runtime/raw/old_compact/repeat1.csv
105,2.0,1419410.0,1619641.0,82067702.0,59.9862,INDETERMINATE,105,0,data/test/3sat/400/3sat_193.cnf,0.0046420097351074,0.079343,0.3110260963439941,0.3156681060791015,60.3812111060791,3sat_193.cnf,old_compact,Old Compact,1,False,True,runs/analysis/full400_repeated_runtime/raw/old_compact/repeat1.csv
106,2.0,1359539.0,1543577.0,77499384.0,59.986,INDETERMINATE,106,0,data/test/3sat/400/3sat_194.cnf,0.0046420097351074,0.0754769999999999,0.3110260963439941,0.3156681060791015,60.3771451060791,3sat_194.cnf,old_compact,Old Compact,1,False,True,runs/analysis/full400_repeated_runtime/raw/old_compact/repeat1.csv
107,2.0,1477243.0,1685669.0,86239551.0,59.959,INDETERMINATE,107,0,data/test/3sat/400/3sat_195.cnf,0.0046420097351074,0.067946,0.3110260963439941,0.3156681060791015,60.342614106079104,3sat_195.cnf,old_compact,Old Compact,1,False,True,runs/analysis/full400_repeated_runtime/raw/old_compact/repeat1.csv
108,2.0,339864.0,392433.0,20520894.0,11.6402,SATISFIABLE,108,0,data/test/3sat/400/3sat_196.cnf,0.0046420097351074,0.063565,0.3110260963439941,0.3156681060791015,12.019433106079102,3sat_196.cnf,old_compact,Old Compact,1,True,False,runs/analysis/full400_repeated_runtime/raw/old_compact/repeat1.csv
109,2.0,1426662.0,1633525.0,81034527.0,59.977,INDETERMINATE,109,0,data/test/3sat/400/3sat_197.cnf,0.0046420097351074,0.062701,0.3110260963439941,0.3156681060791015,60.355369106079095,3sat_197.cnf,old_compact,Old Compact,1,False,True,runs/analysis/full400_repeated_runtime/raw/old_compact/repeat1.csv
110,2.0,1401099.0,1602742.0,81160150.0,59.9862,INDETERMINATE,110,0,data/test/3sat/400/3sat_198.cnf,0.0046033859252929,0.077124,0.3070452213287353,0.3116486072540283,60.37497260725402,3sat_198.cnf,old_compact,Old Compact,1,False,True,runs/analysis/full400_repeated_runtime/raw/old_compact/repeat1.csv
111,2.0,1412519.0,1618175.0,78846784.0,59.9785,INDETERMINATE,111,0,data/test/3sat/400/3sat_199.cnf,0.0046033859252929,0.082977,0.3070452213287353,0.3116486072540283,60.373125607254025,3sat_199.cnf,old_compact,Old Compact,1,False,True,runs/analysis/full400_repeated_runtime/raw/old_compact/repeat1.csv
112,2.0,1423427.0,1625024.0,82675721.0,59.9863,INDETERMINATE,112,0,data/test/3sat/400/3sat_2.cnf,0.0046033859252929,0.081122,0.3070452213287353,0.3116486072540283,60.37907060725403,3sat_2.cnf,old_compact,Old Compact,1,False,True,runs/analysis/full400_repeated_runtime/raw/old_compact/repeat1.csv
113,2.0,361980.0,419239.0,21758927.0,12.4523,SATISFIABLE,113,0,data/test/3sat/400/3sat_20.cnf,0.0046033859252929,0.081841,0.3070452213287353,0.3116486072540283,12.845789607254028,3sat_20.cnf,old_compact,Old Compact,1,True,False,runs/analysis/full400_repeated_runtime/raw/old_compact/repeat1.csv
114,2.0,1444535.0,1672092.0,84083113.0,59.9658,INDETERMINATE,114,0,data/test/3sat/400/3sat_21.cnf,0.0046033859252929,0.087319,0.3070452213287353,0.3116486072540283,60.36476760725403,3sat_21.cnf,old_compact,Old Compact,1,False,True,runs/analysis/full400_repeated_runtime/raw/old_compact/repeat1.csv
115,1.0,43107.0,50298.0,2657822.0,1.38838,SATISFIABLE,115,0,data/test/3sat/400/3sat_22.cnf,0.0046033859252929,0.078979,0.3070452213287353,0.3116486072540283,1.7790076072540282,3sat_22.cnf,old_compact,Old Compact,1,True,False,runs/analysis/full400_repeated_runtime/raw/old_compact/repeat1.csv
116,2.0,1392046.0,1581435.0,77885743.0,59.9884,INDETERMINATE,116,0,data/test/3sat/400/3sat_23.cnf,0.0046033859252929,0.083698,0.3070452213287353,0.3116486072540283,60.383746607254025,3sat_23.cnf,old_compact,Old Compact,1,False,True,runs/analysis/full400_repeated_runtime/raw/old_compact/repeat1.csv
117,1.0,97677.0,112677.0,5872880.0,4.17256,SATISFIABLE,117,0,data/test/3sat/400/3sat_24.cnf,0.0046033859252929,0.072694,0.3070452213287353,0.3116486072540283,4.556902607254028,3sat_24.cnf,old_compact,Old Compact,1,True,False,runs/analysis/full400_repeated_runtime/raw/old_compact/repeat1.csv
118,1.0,41249.0,47888.0,2486997.0,1.14595,SATISFIABLE,118,0,data/test/3sat/400/3sat_25.cnf,0.0046033859252929,0.071629,0.3070452213287353,0.3116486072540283,1.5292276072540285,3sat_25.cnf,old_compact,Old Compact,1,True,False,runs/analysis/full400_repeated_runtime/raw/old_compact/repeat1.csv
119,2.0,1378575.0,1573699.0,79010981.0,59.9833,INDETERMINATE,119,0,data/test/3sat/400/3sat_26.cnf,0.0046033859252929,0.080676,0.3070452213287353,0.3116486072540283,60.375624607254025,3sat_26.cnf,old_compact,Old Compact,1,False,True,runs/analysis/full400_repeated_runtime/raw/old_compact/repeat1.csv
120,1.0,9470.0,11447.0,605518.0,0.201798,SATISFIABLE,120,0,data/test/3sat/400/3sat_27.cnf,0.0048296451568603,0.071088,0.4121866226196289,0.4170162677764892,0.6899022677764892,3sat_27.cnf,old_compact,Old Compact,1,True,False,runs/analysis/full400_repeated_runtime/raw/old_compact/repeat1.csv
121,2.0,1520434.0,1740357.0,86145989.0,59.9815,INDETERMINATE,121,0,data/test/3sat/400/3sat_28.cnf,0.0048296451568603,0.074544,0.4121866226196289,0.4170162677764892,60.47306026777649,3sat_28.cnf,old_compact,Old Compact,1,False,True,runs/analysis/full400_repeated_runtime/raw/old_compact/repeat1.csv
122,2.0,1531249.0,1744664.0,88037755.0,59.959,INDETERMINATE,122,0,data/test/3sat/400/3sat_29.cnf,0.0048296451568603,0.076648,0.4121866226196289,0.4170162677764892,60.45266426777649,3sat_29.cnf,old_compact,Old Compact,1,False,True,runs/analysis/full400_repeated_runtime/raw/old_compact/repeat1.csv
123,2.0,1501093.0,1720917.0,88364764.0,59.9748,INDETERMINATE,123,0,data/test/3sat/400/3sat_3.cnf,0.0048296451568603,0.090108,0.4121866226196289,0.4170162677764892,60.48192426777649,3sat_3.cnf,old_compact,Old Compact,1,False,True,runs/analysis/full400_repeated_runtime/raw/old_compact/repeat1.csv
124,2.0,1424234.0,1624675.0,82376441.0,59.9768,INDETERMINATE,124,0,data/test/3sat/400/3sat_30.cnf,0.0048296451568603,0.080173,0.4121866226196289,0.4170162677764892,60.47398926777649,3sat_30.cnf,old_compact,Old Compact,1,False,True,runs/analysis/full400_repeated_runtime/raw/old_compact/repeat1.csv
125,2.0,1391590.0,1603150.0,78426827.0,59.9804,INDETERMINATE,125,0,data/test/3sat/400/3sat_31.cnf,0.0048296451568603,0.078408,0.4121866226196289,0.4170162677764892,60.475824267776495,3sat_31.cnf,old_compact,Old Compact,1,False,True,runs/analysis/full400_repeated_runtime/raw/old_compact/repeat1.csv
126,2.0,1429572.0,1617037.0,80527994.0,59.9728,INDETERMINATE,126,0,data/test/3sat/400/3sat_32.cnf,0.0048296451568603,0.078975,0.4121866226196289,0.4170162677764892,60.46879126777649,3sat_32.cnf,old_compact,Old Compact,1,False,True,runs/analysis/full400_repeated_runtime/raw/old_compact/repeat1.csv
127,2.0,1378506.0,1581541.0,78732427.0,59.9745,INDETERMINATE,127,0,data/test/3sat/400/3sat_33.cnf,0.0048296451568603,0.068118,0.4121866226196289,0.4170162677764892,60.45963426777649,3sat_33.cnf,old_compact,Old Compact,1,False,True,runs/analysis/full400_repeated_runtime/raw/old_compact/repeat1.csv
128,2.0,1602125.0,1840238.0,91667599.0,59.9947,INDETERMINATE,128,0,data/test/3sat/400/3sat_34.cnf,0.0048296451568603,0.0875779999999999,0.4121866226196289,0.4170162677764892,60.49929426777649,3sat_34.cnf,old_compact,Old Compact,1,False,True,runs/analysis/full400_repeated_runtime/raw/old_compact/repeat1.csv
129,2.0,1519204.0,1744534.0,83661787.0,59.9851,INDETERMINATE,129,0,data/test/3sat/400/3sat_35.cnf,0.0048296451568603,0.0769,0.4121866226196289,0.4170162677764892,60.479016267776494,3sat_35.cnf,old_compact,Old Compact,1,False,True,runs/analysis/full400_repeated_runtime/raw/old_compact/repeat1.csv
130,2.0,1473793.0,1686650.0,82788119.0,59.987,INDETERMINATE,130,0,data/test/3sat/400/3sat_36.cnf,0.00443696975708,0.0833599999999999,0.3383941650390625,0.3428311347961426,60.41319113479614,3sat_36.cnf,old_compact,Old Compact,1,False,True,runs/analysis/full400_repeated_runtime/raw/old_compact/repeat1.csv
131,2.0,1420624.0,1628219.0,79488933.0,59.9885,INDETERMINATE,131,0,data/test/3sat/400/3sat_37.cnf,0.00443696975708,0.08413,0.3383941650390625,0.3428311347961426,60.41546113479615,3sat_37.cnf,old_compact,Old Compact,1,False,True,runs/analysis/full400_repeated_runtime/raw/old_compact/repeat1.csv
132,2.0,1477429.0,1687240.0,84362067.0,59.9908,INDETERMINATE,132,0,data/test/3sat/400/3sat_38.cnf,0.00443696975708,0.0671829999999999,0.3383941650390625,0.3428311347961426,60.40081413479614,3sat_38.cnf,old_compact,Old Compact,1,False,True,runs/analysis/full400_repeated_runtime/raw/old_compact/repeat1.csv
133,2.0,1472604.0,1694406.0,82406840.0,59.9684,INDETERMINATE,133,0,data/test/3sat/400/3sat_39.cnf,0.00443696975708,0.073278,0.3383941650390625,0.3428311347961426,60.38450913479615,3sat_39.cnf,old_compact,Old Compact,1,False,True,runs/analysis/full400_repeated_runtime/raw/old_compact/repeat1.csv
134,2.0,1521356.0,1736504.0,85514603.0,59.9868,INDETERMINATE,134,0,data/test/3sat/400/3sat_4.cnf,0.00443696975708,0.073042,0.3383941650390625,0.3428311347961426,60.40267313479615,3sat_4.cnf,old_compact,Old Compact,1,False,True,runs/analysis/full400_repeated_runtime/raw/old_compact/repeat1.csv
135,2.0,1519625.0,1736498.0,86471210.0,59.9729,INDETERMINATE,135,0,data/test/3sat/400/3sat_40.cnf,0.00443696975708,0.084716,0.3383941650390625,0.3428311347961426,60.40044713479615,3sat_40.cnf,old_compact,Old Compact,1,False,True,runs/analysis/full400_repeated_runtime/raw/old_compact/repeat1.csv
136,2.0,1355473.0,1539137.0,75459696.0,59.9679,INDETERMINATE,136,0,data/test/3sat/400/3sat_41.cnf,0.00443696975708,0.073673,0.3383941650390625,0.3428311347961426,60.38440413479614,3sat_41.cnf,old_compact,Old Compact,1,False,True,runs/analysis/full400_repeated_runtime/raw/old_compact/repeat1.csv
137,2.0,1547535.0,1758411.0,84089667.0,59.9515,INDETERMINATE,137,0,data/test/3sat/400/3sat_42.cnf,0.00443696975708,0.075024,0.3383941650390625,0.3428311347961426,60.36935513479615,3sat_42.cnf,old_compact,Old Compact,1,False,True,runs/analysis/full400_repeated_runtime/raw/old_compact/repeat1.csv
138,2.0,1445098.0,1643106.0,82495520.0,59.9725,INDETERMINATE,138,0,data/test/3sat/400/3sat_43.cnf,0.00443696975708,0.074828,0.3383941650390625,0.3428311347961426,60.390159134796136,3sat_43.cnf,old_compact,Old Compact,1,False,True,runs/analysis/full400_repeated_runtime/raw/old_compact/repeat1.csv
139,2.0,1419233.0,1625206.0,81994649.0,59.998,INDETERMINATE,139,0,data/test/3sat/400/3sat_44.cnf,0.00443696975708,0.081605,0.3383941650390625,0.3428311347961426,60.42243613479614,3sat_44.cnf,old_compact,Old Compact,1,False,True,runs/analysis/full400_repeated_runtime/raw/old_compact/repeat1.csv
140,2.0,1490053.0,1679921.0,83201119.0,59.9821,INDETERMINATE,140,0,data/test/3sat/400/3sat_45.cnf,0.0040569305419921,0.078857,0.3113563060760498,0.315413236618042,60.37637023661805,3sat_45.cnf,old_compact,Old Compact,1,False,True,runs/analysis/full400_repeated_runtime/raw/old_compact/repeat1.csv
141,1.0,9772.0,11592.0,590576.0,0.204525,SATISFIABLE,141,0,data/test/3sat/400/3sat_46.cnf,0.0040569305419921,0.084616,0.3113563060760498,0.315413236618042,0.604554236618042,3sat_46.cnf,old_compact,Old Compact,1,True,False,runs/analysis/full400_repeated_runtime/raw/old_compact/repeat1.csv
142,1.0,63966.0,73444.0,4017900.0,2.47874,SATISFIABLE,142,0,data/test/3sat/400/3sat_47.cnf,0.0040569305419921,0.0763689999999999,0.3113563060760498,0.315413236618042,2.8705222366180423,3sat_47.cnf,old_compact,Old Compact,1,True,False,runs/analysis/full400_repeated_runtime/raw/old_compact/repeat1.csv
143,2.0,1471026.0,1682860.0,82088122.0,59.9912,INDETERMINATE,143,0,data/test/3sat/400/3sat_48.cnf,0.0040569305419921,0.06886,0.3113563060760498,0.315413236618042,60.37547323661804,3sat_48.cnf,old_compact,Old Compact,1,False,True,runs/analysis/full400_repeated_runtime/raw/old_compact/repeat1.csv
144,2.0,1440915.0,1654024.0,82893206.0,59.9801,INDETERMINATE,144,0,data/test/3sat/400/3sat_49.cnf,0.0040569305419921,0.076537,0.3113563060760498,0.315413236618042,60.37205023661805,3sat_49.cnf,old_compact,Old Compact,1,False,True,runs/analysis/full400_repeated_runtime/raw/old_compact/repeat1.csv
145,2.0,1398536.0,1602208.0,79128299.0,59.9886,INDETERMINATE,145,0,data/test/3sat/400/3sat_5.cnf,0.0040569305419921,0.0778659999999999,0.3113563060760498,0.315413236618042,60.38187923661804,3sat_5.cnf,old_compact,Old Compact,1,False,True,runs/analysis/full400_repeated_runtime/raw/old_compact/repeat1.csv
146,2.0,1399806.0,1601514.0,80429407.0,59.9869,INDETERMINATE,146,0,data/test/3sat/400/3sat_50.cnf,0.0040569305419921,0.080641,0.3113563060760498,0.315413236618042,60.38295423661804,3sat_50.cnf,old_compact,Old Compact,1,False,True,runs/analysis/full400_repeated_runtime/raw/old_compact/repeat1.csv
147,2.0,1469287.0,1680632.0,83581423.0,59.9603,INDETERMINATE,147,0,data/test/3sat/400/3sat_51.cnf,0.0040569305419921,0.066225,0.3113563060760498,0.315413236618042,60.34193823661804,3sat_51.cnf,old_compact,Old Compact,1,False,True,runs/analysis/full400_repeated_runtime/raw/old_compact/repeat1.csv
148,2.0,1586167.0,1831164.0,89258715.0,59.9727,INDETERMINATE,148,0,data/test/3sat/400/3sat_52.cnf,0.0040569305419921,0.074207,0.3113563060760498,0.315413236618042,60.36232023661805,3sat_52.cnf,old_compact,Old Compact,1,False,True,runs/analysis/full400_repeated_runtime/raw/old_compact/repeat1.csv
149,2.0,1437765.0,1638128.0,80785577.0,59.9907,INDETERMINATE,149,0,data/test/3sat/400/3sat_53.cnf,0.0040569305419921,0.07095,0.3113563060760498,0.315413236618042,60.37706323661804,3sat_53.cnf,old_compact,Old Compact,1,False,True,runs/analysis/full400_repeated_runtime/raw/old_compact/repeat1.csv
150,2.0,612353.0,699215.0,35959808.0,21.4802,SATISFIABLE,150,0,data/test/3sat/400/3sat_54.cnf,0.0040290355682373,0.083133,0.3405659198760986,0.3445949554443359,21.907927955444336,3sat_54.cnf,old_compact,Old Compact,1,True,False,runs/analysis/full400_repeated_runtime/raw/old_compact/repeat1.csv
151,2.0,1523294.0,1737972.0,85909669.0,59.9834,INDETERMINATE,151,0,data/test/3sat/400/3sat_55.cnf,0.0040290355682373,0.078361,0.3405659198760986,0.3445949554443359,60.40635595544434,3sat_55.cnf,old_compact,Old Compact,1,False,True,runs/analysis/full400_repeated_runtime/raw/old_compact/repeat1.csv
152,2.0,1406264.0,1588127.0,80431672.0,59.9747,INDETERMINATE,152,0,data/test/3sat/400/3sat_56.cnf,0.0040290355682373,0.073308,0.3405659198760986,0.3445949554443359,60.39260295544433,3sat_56.cnf,old_compact,Old Compact,1,False,True,runs/analysis/full400_repeated_runtime/raw/old_compact/repeat1.csv
153,2.0,1467580.0,1668441.0,82113562.0,59.969,INDETERMINATE,153,0,data/test/3sat/400/3sat_57.cnf,0.0040290355682373,0.07797,0.3405659198760986,0.3445949554443359,60.39156495544434,3sat_57.cnf,old_compact,Old Compact,1,False,True,runs/analysis/full400_repeated_runtime/raw/old_compact/repeat1.csv
154,2.0,1536114.0,1752499.0,91079579.0,59.9707,INDETERMINATE,154,0,data/test/3sat/400/3sat_58.cnf,0.0040290355682373,0.085009,0.3405659198760986,0.3445949554443359,60.400303955444336,3sat_58.cnf,old_compact,Old Compact,1,False,True,runs/analysis/full400_repeated_runtime/raw/old_compact/repeat1.csv
155,2.0,1511536.0,1730977.0,85051828.0,59.9706,INDETERMINATE,155,0,data/test/3sat/400/3sat_59.cnf,0.0040290355682373,0.076935,0.3405659198760986,0.3445949554443359,60.39212995544433,3sat_59.cnf,old_compact,Old Compact,1,False,True,runs/analysis/full400_repeated_runtime/raw/old_compact/repeat1.csv
156,2.0,1489472.0,1688975.0,83214536.0,59.9757,INDETERMINATE,156,0,data/test/3sat/400/3sat_6.cnf,0.0040290355682373,0.0868039999999999,0.3405659198760986,0.3445949554443359,60.40709895544434,3sat_6.cnf,old_compact,Old Compact,1,False,True,runs/analysis/full400_repeated_runtime/raw/old_compact/repeat1.csv
157,2.0,1396348.0,1589135.0,80302052.0,59.9752,INDETERMINATE,157,0,data/test/3sat/400/3sat_60.cnf,0.0040290355682373,0.080533,0.3405659198760986,0.3445949554443359,60.40032795544434,3sat_60.cnf,old_compact,Old Compact,1,False,True,runs/analysis/full400_repeated_runtime/raw/old_compact/repeat1.csv
158,2.0,1411664.0,1595733.0,79378819.0,59.9858,INDETERMINATE,158,0,data/test/3sat/400/3sat_61.cnf,0.0040290355682373,0.061435,0.3405659198760986,0.3445949554443359,60.39182995544434,3sat_61.cnf,old_compact,Old Compact,1,False,True,runs/analysis/full400_repeated_runtime/raw/old_compact/repeat1.csv
159,2.0,1507925.0,1710029.0,86944874.0,59.9622,INDETERMINATE,159,0,data/test/3sat/400/3sat_62.cnf,0.0040290355682373,0.072514,0.3405659198760986,0.3445949554443359,60.37930895544434,3sat_62.cnf,old_compact,Old Compact,1,False,True,runs/analysis/full400_repeated_runtime/raw/old_compact/repeat1.csv
160,2.0,138136.0,157894.0,8130882.0,5.10404,SATISFIABLE,160,0,data/test/3sat/400/3sat_63.cnf,0.0049278736114501,0.078039,0.322169542312622,0.3270974159240722,5.509176415924073,3sat_63.cnf,old_compact,Old Compact,1,True,False,runs/analysis/full400_repeated_runtime/raw/old_compact/repeat1.csv
161,2.0,1449901.0,1640664.0,80945374.0,59.9827,INDETERMINATE,161,0,data/test/3sat/400/3sat_64.cnf,0.0049278736114501,0.087788,0.322169542312622,0.3270974159240722,60.39758541592408,3sat_64.cnf,old_compact,Old Compact,1,False,True,runs/analysis/full400_repeated_runtime/raw/old_compact/repeat1.csv
162,1.0,224.0,339.0,14565.0,0.013816,SATISFIABLE,162,0,data/test/3sat/400/3sat_65.cnf,0.0049278736114501,0.041686,0.322169542312622,0.3270974159240722,0.3825994159240722,3sat_65.cnf,old_compact,Old Compact,1,True,False,runs/analysis/full400_repeated_runtime/raw/old_compact/repeat1.csv
163,2.0,1397671.0,1603881.0,79920119.0,59.961,INDETERMINATE,163,0,data/test/3sat/400/3sat_66.cnf,0.0049278736114501,0.06539,0.322169542312622,0.3270974159240722,60.35348741592407,3sat_66.cnf,old_compact,Old Compact,1,False,True,runs/analysis/full400_repeated_runtime/raw/old_compact/repeat1.csv
164,2.0,1482350.0,1694833.0,85480371.0,59.9522,INDETERMINATE,164,0,data/test/3sat/400/3sat_67.cnf,0.0049278736114501,0.072121,0.322169542312622,0.3270974159240722,60.35141841592407,3sat_67.cnf,old_compact,Old Compact,1,False,True,runs/analysis/full400_repeated_runtime/raw/old_compact/repeat1.csv
165,2.0,1403120.0,1605982.0,78932650.0,59.9749,INDETERMINATE,165,0,data/test/3sat/400/3sat_68.cnf,0.0049278736114501,0.0707909999999999,0.322169542312622,0.3270974159240722,60.37278841592407,3sat_68.cnf,old_compact,Old Compact,1,False,True,runs/analysis/full400_repeated_runtime/raw/old_compact/repeat1.csv
166,2.0,1461391.0,1674162.0,85942868.0,59.9851,INDETERMINATE,166,0,data/test/3sat/400/3sat_69.cnf,0.0049278736114501,0.080676,0.322169542312622,0.3270974159240722,60.39287341592407,3sat_69.cnf,old_compact,Old Compact,1,False,True,runs/analysis/full400_repeated_runtime/raw/old_compact/repeat1.csv
167,2.0,1510963.0,1705503.0,83636970.0,59.9792,INDETERMINATE,167,0,data/test/3sat/400/3sat_7.cnf,0.0049278736114501,0.069307,0.322169542312622,0.3270974159240722,60.37560441592407,3sat_7.cnf,old_compact,Old Compact,1,False,True,runs/analysis/full400_repeated_runtime/raw/old_compact/repeat1.csv
168,1.0,2512.0,3124.0,152890.0,0.041342,SATISFIABLE,168,0,data/test/3sat/400/3sat_70.cnf,0.0049278736114501,0.075714,0.322169542312622,0.3270974159240722,0.4441534159240722,3sat_70.cnf,old_compact,Old Compact,1,True,False,runs/analysis/full400_repeated_runtime/raw/old_compact/repeat1.csv
169,2.0,1430121.0,1639309.0,81224506.0,59.9801,INDETERMINATE,169,0,data/test/3sat/400/3sat_71.cnf,0.0049278736114501,0.0726739999999999,0.322169542312622,0.3270974159240722,60.37987141592407,3sat_71.cnf,old_compact,Old Compact,1,False,True,runs/analysis/full400_repeated_runtime/raw/old_compact/repeat1.csv
170,2.0,1467574.0,1679391.0,82569849.0,59.9912,INDETERMINATE,170,0,data/test/3sat/400/3sat_72.cnf,0.0044031143188476,0.083042,0.3025770187377929,0.3069801330566406,60.38122213305664,3sat_72.cnf,old_compact,Old Compact,1,False,True,runs/analysis/full400_repeated_runtime/raw/old_compact/repeat1.csv
171,2.0,1471428.0,1677057.0,84247818.0,59.9746,INDETERMINATE,171,0,data/test/3sat/400/3sat_73.cnf,0.0044031143188476,0.066444,0.3025770187377929,0.3069801330566406,60.34802413305664,3sat_73.cnf,old_compact,Old Compact,1,False,True,runs/analysis/full400_repeated_runtime/raw/old_compact/repeat1.csv
172,2.0,1411605.0,1625408.0,79479463.0,59.9917,INDETERMINATE,172,0,data/test/3sat/400/3sat_74.cnf,0.0044031143188476,0.075235,0.3025770187377929,0.3069801330566406,60.37391513305664,3sat_74.cnf,old_compact,Old Compact,1,False,True,runs/analysis/full400_repeated_runtime/raw/old_compact/repeat1.csv
173,2.0,1332635.0,1527341.0,72424202.0,59.9855,INDETERMINATE,173,0,data/test/3sat/400/3sat_75.cnf,0.0044031143188476,0.079445,0.3025770187377929,0.3069801330566406,60.37192513305664,3sat_75.cnf,old_compact,Old Compact,1,False,True,runs/analysis/full400_repeated_runtime/raw/old_compact/repeat1.csv
174,2.0,1475255.0,1678080.0,86046771.0,59.9824,INDETERMINATE,174,0,data/test/3sat/400/3sat_76.cnf,0.0044031143188476,0.0795609999999999,0.3025770187377929,0.3069801330566406,60.36894113305664,3sat_76.cnf,old_compact,Old Compact,1,False,True,runs/analysis/full400_repeated_runtime/raw/old_compact/repeat1.csv
175,2.0,1472297.0,1679660.0,82663021.0,59.9741,INDETERMINATE,175,0,data/test/3sat/400/3sat_77.cnf,0.0044031143188476,0.062102,0.3025770187377929,0.3069801330566406,60.34318213305664,3sat_77.cnf,old_compact,Old Compact,1,False,True,runs/analysis/full400_repeated_runtime/raw/old_compact/repeat1.csv
176,2.0,1474821.0,1679857.0,80910842.0,59.9901,INDETERMINATE,176,0,data/test/3sat/400/3sat_78.cnf,0.0044031143188476,0.076369,0.3025770187377929,0.3069801330566406,60.37344913305664,3sat_78.cnf,old_compact,Old Compact,1,False,True,runs/analysis/full400_repeated_runtime/raw/old_compact/repeat1.csv
177,2.0,1426723.0,1631184.0,78365376.0,59.9883,INDETERMINATE,177,0,data/test/3sat/400/3sat_79.cnf,0.0044031143188476,0.071889,0.3025770187377929,0.3069801330566406,60.36716913305664,3sat_79.cnf,old_compact,Old Compact,1,False,True,runs/analysis/full400_repeated_runtime/raw/old_compact/repeat1.csv
178,2.0,1462859.0,1662431.0,84583675.0,59.9867,INDETERMINATE,178,0,data/test/3sat/400/3sat_8.cnf,0.0044031143188476,0.0715399999999999,0.3025770187377929,0.3069801330566406,60.36522013305664,3sat_8.cnf,old_compact,Old Compact,1,False,True,runs/analysis/full400_repeated_runtime/raw/old_compact/repeat1.csv
179,2.0,1493990.0,1721722.0,86217290.0,59.9647,INDETERMINATE,179,0,data/test/3sat/400/3sat_80.cnf,0.0044031143188476,0.079341,0.3025770187377929,0.3069801330566406,60.35102113305664,3sat_80.cnf,old_compact,Old Compact,1,False,True,runs/analysis/full400_repeated_runtime/raw/old_compact/repeat1.csv
180,2.0,1453183.0,1643834.0,81153282.0,59.9842,INDETERMINATE,180,0,data/test/3sat/400/3sat_81.cnf,0.0033888816833496,0.0757839999999999,0.2982378005981445,0.3016266822814941,60.36161068228149,3sat_81.cnf,old_compact,Old Compact,1,False,True,runs/analysis/full400_repeated_runtime/raw/old_compact/repeat1.csv
181,2.0,1090841.0,1251869.0,62339209.0,42.7977,SATISFIABLE,181,0,data/test/3sat/400/3sat_82.cnf,0.0033888816833496,0.0737859999999999,0.2982378005981445,0.3016266822814941,43.17311268228149,3sat_82.cnf,old_compact,Old Compact,1,True,False,runs/analysis/full400_repeated_runtime/raw/old_compact/repeat1.csv
182,2.0,1454660.0,1658931.0,81408621.0,59.9898,INDETERMINATE,182,0,data/test/3sat/400/3sat_83.cnf,0.0033888816833496,0.070114,0.2982378005981445,0.3016266822814941,60.36154068228149,3sat_83.cnf,old_compact,Old Compact,1,False,True,runs/analysis/full400_repeated_runtime/raw/old_compact/repeat1.csv
183,2.0,1355901.0,1551698.0,77535636.0,59.966,INDETERMINATE,183,0,data/test/3sat/400/3sat_84.cnf,0.0033888816833496,0.066261,0.2982378005981445,0.3016266822814941,60.33388768228149,3sat_84.cnf,old_compact,Old Compact,1,False,True,runs/analysis/full400_repeated_runtime/raw/old_compact/repeat1.csv
184,1.0,27518.0,32278.0,1663386.0,0.794,SATISFIABLE,184,0,data/test/3sat/400/3sat_85.cnf,0.0033888816833496,0.075161,0.2982378005981445,0.3016266822814941,1.1707876822814942,3sat_85.cnf,old_compact,Old Compact,1,True,False,runs/analysis/full400_repeated_runtime/raw/old_compact/repeat1.csv
185,1.0,84037.0,97892.0,5195664.0,3.18329,SATISFIABLE,185,0,data/test/3sat/400/3sat_86.cnf,0.0033888816833496,0.080183,0.2982378005981445,0.3016266822814941,3.565099682281494,3sat_86.cnf,old_compact,Old Compact,1,True,False,runs/analysis/full400_repeated_runtime/raw/old_compact/repeat1.csv
186,2.0,1395868.0,1594503.0,79553722.0,59.9699,INDETERMINATE,186,0,data/test/3sat/400/3sat_87.cnf,0.0033888816833496,0.0714849999999999,0.2982378005981445,0.3016266822814941,60.3430116822815,3sat_87.cnf,old_compact,Old Compact,1,False,True,runs/analysis/full400_repeated_runtime/raw/old_compact/repeat1.csv
187,1.0,10969.0,13071.0,671709.0,0.239243,SATISFIABLE,187,0,data/test/3sat/400/3sat_88.cnf,0.0033888816833496,0.079854,0.2982378005981445,0.3016266822814941,0.6207236822814941,3sat_88.cnf,old_compact,Old Compact,1,True,False,runs/analysis/full400_repeated_runtime/raw/old_compact/repeat1.csv
188,1.0,8641.0,10334.0,538222.0,0.173664,SATISFIABLE,188,0,data/test/3sat/400/3sat_89.cnf,0.0033888816833496,0.076191,0.2982378005981445,0.3016266822814941,0.5514816822814942,3sat_89.cnf,old_compact,Old Compact,1,True,False,runs/analysis/full400_repeated_runtime/raw/old_compact/repeat1.csv
189,2.0,1516026.0,1726549.0,87204665.0,59.9795,INDETERMINATE,189,0,data/test/3sat/400/3sat_9.cnf,0.0033888816833496,0.081193,0.2982378005981445,0.3016266822814941,60.362319682281495,3sat_9.cnf,old_compact,Old Compact,1,False,True,runs/analysis/full400_repeated_runtime/raw/old_compact/repeat1.csv
190,2.0,1447534.0,1668699.0,84511260.0,59.9674,INDETERMINATE,190,0,data/test/3sat/400/3sat_90.cnf,0.0037088394165039,0.080091,0.2733583450317383,0.2770671844482422,60.32455818444824,3sat_90.cnf,old_compact,Old Compact,1,False,True,runs/analysis/full400_repeated_runtime/raw/old_compact/repeat1.csv
191,1.0,10042.0,11941.0,654479.0,0.219427,SATISFIABLE,191,0,data/test/3sat/400/3sat_91.cnf,0.0037088394165039,0.0869139999999999,0.2733583450317383,0.2770671844482422,0.5834081844482422,3sat_91.cnf,old_compact,Old Compact,1,True,False,runs/analysis/full400_repeated_runtime/raw/old_compact/repeat1.csv
192,2.0,253822.0,290337.0,15713394.0,8.60071,SATISFIABLE,192,0,data/test/3sat/400/3sat_92.cnf,0.0037088394165039,0.09158,0.2733583450317383,0.2770671844482422,8.969357184448242,3sat_92.cnf,old_compact,Old Compact,1,True,False,runs/analysis/full400_repeated_runtime/raw/old_compact/repeat1.csv
193,2.0,677111.0,783227.0,41044151.0,25.4517,SATISFIABLE,193,0,data/test/3sat/400/3sat_93.cnf,0.0037088394165039,0.084596,0.2733583450317383,0.2770671844482422,25.81336318444824,3sat_93.cnf,old_compact,Old Compact,1,True,False,runs/analysis/full400_repeated_runtime/raw/old_compact/repeat1.csv
194,1.0,53988.0,62131.0,3367378.0,1.70358,SATISFIABLE,194,0,data/test/3sat/400/3sat_94.cnf,0.0037088394165039,0.0796419999999999,0.2733583450317383,0.2770671844482422,2.0602891844482425,3sat_94.cnf,old_compact,Old Compact,1,True,False,runs/analysis/full400_repeated_runtime/raw/old_compact/repeat1.csv
195,2.0,1442802.0,1642872.0,80791709.0,59.9733,INDETERMINATE,195,0,data/test/3sat/400/3sat_95.cnf,0.0037088394165039,0.078301,0.2733583450317383,0.2770671844482422,60.32866818444825,3sat_95.cnf,old_compact,Old Compact,1,False,True,runs/analysis/full400_repeated_runtime/raw/old_compact/repeat1.csv
196,1.0,3109.0,3849.0,199282.0,0.052653,SATISFIABLE,196,0,data/test/3sat/400/3sat_96.cnf,0.0037088394165039,0.071777,0.2733583450317383,0.2770671844482422,0.4014971844482422,3sat_96.cnf,old_compact,Old Compact,1,True,False,runs/analysis/full400_repeated_runtime/raw/old_compact/repeat1.csv
197,2.0,425291.0,491074.0,25526527.0,13.9384,SATISFIABLE,197,0,data/test/3sat/400/3sat_97.cnf,0.0037088394165039,0.087837,0.2733583450317383,0.2770671844482422,14.303304184448242,3sat_97.cnf,old_compact,Old Compact,1,True,False,runs/analysis/full400_repeated_runtime/raw/old_compact/repeat1.csv
198,2.0,1518692.0,1720768.0,85553461.0,59.9749,INDETERMINATE,198,0,data/test/3sat/400/3sat_98.cnf,0.0037088394165039,0.086283,0.2733583450317383,0.2770671844482422,60.33825018444824,3sat_98.cnf,old_compact,Old Compact,1,False,True,runs/analysis/full400_repeated_runtime/raw/old_compact/repeat1.csv
199,2.0,1481776.0,1691339.0,81786948.0,59.9771,INDETERMINATE,199,0,data/test/3sat/400/3sat_99.cnf,0.0037088394165039,0.074032,0.2733583450317383,0.2770671844482422,60.328199184448245,3sat_99.cnf,old_compact,Old Compact,1,False,True,runs/analysis/full400_repeated_runtime/raw/old_compact/repeat1.csv
0,2.0,1479899.0,1688871.0,82469507.0,59.9732,INDETERMINATE,0,0,data/test/3sat/400/3sat_0.cnf,0.0053033828735351,0.0897439999999999,0.4125010967254638,0.417804479598999,60.480748479599,3sat_0.cnf,local_reopen_guarded,+ Local Boundary Correction,1,False,True,runs/analysis/full400_repeated_runtime/raw/local_reopen_guarded/repeat1.csv
1,1.0,73715.0,85712.0,4316774.0,2.80439,SATISFIABLE,1,0,data/test/3sat/400/3sat_1.cnf,0.0053033828735351,0.100534,0.4125010967254638,0.417804479598999,3.3227284795989998,3sat_1.cnf,local_reopen_guarded,+ Local Boundary Correction,1,True,False,runs/analysis/full400_repeated_runtime/raw/local_reopen_guarded/repeat1.csv
2,2.0,1516140.0,1730930.0,85539079.0,59.9653,INDETERMINATE,2,0,data/test/3sat/400/3sat_10.cnf,0.0053033828735351,0.095598,0.4125010967254638,0.417804479598999,60.478702479599,3sat_10.cnf,local_reopen_guarded,+ Local Boundary Correction,1,False,True,runs/analysis/full400_repeated_runtime/raw/local_reopen_guarded/repeat1.csv
3,1.0,3392.0,4166.0,213902.0,0.065926,SATISFIABLE,3,0,data/test/3sat/400/3sat_100.cnf,0.0053033828735351,0.1029499999999999,0.4125010967254638,0.417804479598999,0.586680479598999,3sat_100.cnf,local_reopen_guarded,+ Local Boundary Correction,1,True,False,runs/analysis/full400_repeated_runtime/raw/local_reopen_guarded/repeat1.csv
4,2.0,1439334.0,1644887.0,80861254.0,59.9794,INDETERMINATE,4,0,data/test/3sat/400/3sat_101.cnf,0.0053033828735351,0.081528,0.4125010967254638,0.417804479598999,60.478732479599,3sat_101.cnf,local_reopen_guarded,+ Local Boundary Correction,1,False,True,runs/analysis/full400_repeated_runtime/raw/local_reopen_guarded/repeat1.csv
5,2.0,1524181.0,1763049.0,87131506.0,59.9625,INDETERMINATE,5,0,data/test/3sat/400/3sat_102.cnf,0.0053033828735351,0.095575,0.4125010967254638,0.417804479598999,60.475879479598994,3sat_102.cnf,local_reopen_guarded,+ Local Boundary Correction,1,False,True,runs/analysis/full400_repeated_runtime/raw/local_reopen_guarded/repeat1.csv
6,2.0,1501597.0,1732591.0,86452420.0,59.9728,INDETERMINATE,6,0,data/test/3sat/400/3sat_103.cnf,0.0053033828735351,0.093092,0.4125010967254638,0.417804479598999,60.483696479599,3sat_103.cnf,local_reopen_guarded,+ Local Boundary Correction,1,False,True,runs/analysis/full400_repeated_runtime/raw/local_reopen_guarded/repeat1.csv
7,2.0,1380211.0,1577255.0,76842546.0,59.9827,INDETERMINATE,7,0,data/test/3sat/400/3sat_104.cnf,0.0053033828735351,0.093955,0.4125010967254638,0.417804479598999,60.494459479599,3sat_104.cnf,local_reopen_guarded,+ Local Boundary Correction,1,False,True,runs/analysis/full400_repeated_runtime/raw/local_reopen_guarded/repeat1.csv
8,2.0,1561848.0,1776947.0,89343163.0,59.9828,INDETERMINATE,8,0,data/test/3sat/400/3sat_105.cnf,0.0053033828735351,0.077255,0.4125010967254638,0.417804479598999,60.477859479599,3sat_105.cnf,local_reopen_guarded,+ Local Boundary Correction,1,False,True,runs/analysis/full400_repeated_runtime/raw/local_reopen_guarded/repeat1.csv
9,2.0,1405177.0,1606978.0,78310770.0,59.9542,INDETERMINATE,9,0,data/test/3sat/400/3sat_106.cnf,0.0053033828735351,0.091583,0.4125010967254638,0.417804479598999,60.463587479599,3sat_106.cnf,local_reopen_guarded,+ Local Boundary Correction,1,False,True,runs/analysis/full400_repeated_runtime/raw/local_reopen_guarded/repeat1.csv
10,2.0,1373361.0,1577860.0,78355115.0,59.9746,INDETERMINATE,10,0,data/test/3sat/400/3sat_107.cnf,0.0042073726654052,0.102795,0.3019273281097412,0.3061347007751465,60.38352970077515,3sat_107.cnf,local_reopen_guarded,+ Local Boundary Correction,1,False,True,runs/analysis/full400_repeated_runtime/raw/local_reopen_guarded/repeat1.csv
11,2.0,1468165.0,1691088.0,82228448.0,59.977,INDETERMINATE,11,0,data/test/3sat/400/3sat_108.cnf,0.0042073726654052,0.08118,0.3019273281097412,0.3061347007751465,60.36431470077515,3sat_108.cnf,local_reopen_guarded,+ Local Boundary Correction,1,False,True,runs/analysis/full400_repeated_runtime/raw/local_reopen_guarded/repeat1.csv
12,2.0,1546637.0,1772169.0,86611078.0,59.9845,INDETERMINATE,12,0,data/test/3sat/400/3sat_109.cnf,0.0042073726654052,0.088042,0.3019273281097412,0.3061347007751465,60.378676700775145,3sat_109.cnf,local_reopen_guarded,+ Local Boundary Correction,1,False,True,runs/analysis/full400_repeated_runtime/raw/local_reopen_guarded/repeat1.csv
13,1.0,40661.0,47692.0,2496556.0,1.36556,SATISFIABLE,13,0,data/test/3sat/400/3sat_11.cnf,0.0042073726654052,0.100329,0.3019273281097412,0.3061347007751465,1.7720237007751467,3sat_11.cnf,local_reopen_guarded,+ Local Boundary Correction,1,True,False,runs/analysis/full400_repeated_runtime/raw/local_reopen_guarded/repeat1.csv
14,2.0,1474481.0,1692237.0,85271511.0,59.9837,INDETERMINATE,14,0,data/test/3sat/400/3sat_110.cnf,0.0042073726654052,0.0944089999999999,0.3019273281097412,0.3061347007751465,60.38424370077514,3sat_110.cnf,local_reopen_guarded,+ Local Boundary Correction,1,False,True,runs/analysis/full400_repeated_runtime/raw/local_reopen_guarded/repeat1.csv
15,2.0,1440000.0,1652030.0,84113312.0,59.978,INDETERMINATE,15,0,data/test/3sat/400/3sat_111.cnf,0.0042073726654052,0.092509,0.3019273281097412,0.3061347007751465,60.37664370077515,3sat_111.cnf,local_reopen_guarded,+ Local Boundary Correction,1,False,True,runs/analysis/full400_repeated_runtime/raw/local_reopen_guarded/repeat1.csv
16,2.0,1494307.0,1698609.0,86404781.0,59.9854,INDETERMINATE,16,0,data/test/3sat/400/3sat_112.cnf,0.0042073726654052,0.092144,0.3019273281097412,0.3061347007751465,60.38367870077514,3sat_112.cnf,local_reopen_guarded,+ Local Boundary Correction,1,False,True,runs/analysis/full400_repeated_runtime/raw/local_reopen_guarded/repeat1.csv
17,2.0,1392232.0,1579716.0,79865538.0,59.9788,INDETERMINATE,17,0,data/test/3sat/400/3sat_113.cnf,0.0042073726654052,0.097509,0.3019273281097412,0.3061347007751465,60.38244370077515,3sat_113.cnf,local_reopen_guarded,+ Local Boundary Correction,1,False,True,runs/analysis/full400_repeated_runtime/raw/local_reopen_guarded/repeat1.csv
18,2.0,1434213.0,1647197.0,81171655.0,59.9768,INDETERMINATE,18,0,data/test/3sat/400/3sat_114.cnf,0.0042073726654052,0.096586,0.3019273281097412,0.3061347007751465,60.379520700775146,3sat_114.cnf,local_reopen_guarded,+ Local Boundary Correction,1,False,True,runs/analysis/full400_repeated_runtime/raw/local_reopen_guarded/repeat1.csv
19,2.0,1371077.0,1565800.0,77465636.0,59.9815,INDETERMINATE,19,0,data/test/3sat/400/3sat_115.cnf,0.0042073726654052,0.090851,0.3019273281097412,0.3061347007751465,60.37848570077514,3sat_115.cnf,local_reopen_guarded,+ Local Boundary Correction,1,False,True,runs/analysis/full400_repeated_runtime/raw/local_reopen_guarded/repeat1.csv
20,2.0,1434188.0,1633221.0,80149495.0,59.9761,INDETERMINATE,20,0,data/test/3sat/400/3sat_116.cnf,0.0039455890655517,0.099722,0.3034172058105469,0.3073627948760986,60.3831847948761,3sat_116.cnf,local_reopen_guarded,+ Local Boundary Correction,1,False,True,runs/analysis/full400_repeated_runtime/raw/local_reopen_guarded/repeat1.csv
21,2.0,1491940.0,1708078.0,83341283.0,59.9951,INDETERMINATE,21,0,data/test/3sat/400/3sat_117.cnf,0.0039455890655517,0.084313,0.3034172058105469,0.3073627948760986,60.3867757948761,3sat_117.cnf,local_reopen_guarded,+ Local Boundary Correction,1,False,True,runs/analysis/full400_repeated_runtime/raw/local_reopen_guarded/repeat1.csv
22,2.0,1459070.0,1668027.0,82109529.0,59.9886,INDETERMINATE,22,0,data/test/3sat/400/3sat_118.cnf,0.0039455890655517,0.08574,0.3034172058105469,0.3073627948760986,60.3817027948761,3sat_118.cnf,local_reopen_guarded,+ Local Boundary Correction,1,False,True,runs/analysis/full400_repeated_runtime/raw/local_reopen_guarded/repeat1.csv
23,2.0,1474731.0,1686800.0,81643681.0,59.9956,INDETERMINATE,23,0,data/test/3sat/400/3sat_119.cnf,0.0039455890655517,0.089923,0.3034172058105469,0.3073627948760986,60.3928857948761,3sat_119.cnf,local_reopen_guarded,+ Local Boundary Correction,1,False,True,runs/analysis/full400_repeated_runtime/raw/local_reopen_guarded/repeat1.csv
24,2.0,1453269.0,1661906.0,81595775.0,59.9654,INDETERMINATE,24,0,data/test/3sat/400/3sat_12.cnf,0.0039455890655517,0.0954329999999999,0.3034172058105469,0.3073627948760986,60.3681957948761,3sat_12.cnf,local_reopen_guarded,+ Local Boundary Correction,1,False,True,runs/analysis/full400_repeated_runtime/raw/local_reopen_guarded/repeat1.csv
25,1.0,23077.0,27394.0,1439359.0,0.680287,SATISFIABLE,25,0,data/test/3sat/400/3sat_120.cnf,0.0039455890655517,0.098056,0.3034172058105469,0.3073627948760986,1.0857057948760986,3sat_120.cnf,local_reopen_guarded,+ Local Boundary Correction,1,True,False,runs/analysis/full400_repeated_runtime/raw/local_reopen_guarded/repeat1.csv
26,1.0,47329.0,54623.0,2823769.0,1.39385,SATISFIABLE,26,0,data/test/3sat/400/3sat_121.cnf,0.0039455890655517,0.090539,0.3034172058105469,0.3073627948760986,1.7917517948760986,3sat_121.cnf,local_reopen_guarded,+ Local Boundary Correction,1,True,False,runs/analysis/full400_repeated_runtime/raw/local_reopen_guarded/repeat1.csv
27,2.0,1459821.0,1670020.0,83485410.0,59.991,INDETERMINATE,27,0,data/test/3sat/400/3sat_122.cnf,0.0039455890655517,0.0944889999999999,0.3034172058105469,0.3073627948760986,60.3928517948761,3sat_122.cnf,local_reopen_guarded,+ Local Boundary Correction,1,False,True,runs/analysis/full400_repeated_runtime/raw/local_reopen_guarded/repeat1.csv
28,2.0,1455453.0,1655454.0,82959962.0,59.9757,INDETERMINATE,28,0,data/test/3sat/400/3sat_123.cnf,0.0039455890655517,0.100525,0.3034172058105469,0.3073627948760986,60.3835877948761,3sat_123.cnf,local_reopen_guarded,+ Local Boundary Correction,1,False,True,runs/analysis/full400_repeated_runtime/raw/local_reopen_guarded/repeat1.csv
29,1.0,654.0,900.0,43163.0,0.016503,SATISFIABLE,29,0,data/test/3sat/400/3sat_124.cnf,0.0039455890655517,0.06077,0.3034172058105469,0.3073627948760986,0.3846357948760986,3sat_124.cnf,local_reopen_guarded,+ Local Boundary Correction,1,True,False,runs/analysis/full400_repeated_runtime/raw/local_reopen_guarded/repeat1.csv
30,1.0,87018.0,101016.0,5296049.0,3.06886,SATISFIABLE,30,0,data/test/3sat/400/3sat_125.cnf,0.0048384666442871,0.078045,0.2916285991668701,0.2964670658111572,3.443372065811157,3sat_125.cnf,local_reopen_guarded,+ Local Boundary Correction,1,True,False,runs/analysis/full400_repeated_runtime/raw/local_reopen_guarded/repeat1.csv
31,2.0,1494022.0,1708335.0,85636963.0,59.981,INDETERMINATE,31,0,data/test/3sat/400/3sat_126.cnf,0.0048384666442871,0.104522,0.2916285991668701,0.2964670658111572,60.38198906581116,3sat_126.cnf,local_reopen_guarded,+ Local Boundary Correction,1,False,True,runs/analysis/full400_repeated_runtime/raw/local_reopen_guarded/repeat1.csv
32,2.0,1458974.0,1688649.0,85293421.0,59.9858,INDETERMINATE,32,0,data/test/3sat/400/3sat_127.cnf,0.0048384666442871,0.0983469999999999,0.2916285991668701,0.2964670658111572,60.38061406581115,3sat_127.cnf,local_reopen_guarded,+ Local Boundary Correction,1,False,True,runs/analysis/full400_repeated_runtime/raw/local_reopen_guarded/repeat1.csv
33,2.0,238642.0,275833.0,14368684.0,8.20384,SATISFIABLE,33,0,data/test/3sat/400/3sat_128.cnf,0.0048384666442871,0.090989,0.2916285991668701,0.2964670658111572,8.591296065811157,3sat_128.cnf,local_reopen_guarded,+ Local Boundary Correction,1,True,False,runs/analysis/full400_repeated_runtime/raw/local_reopen_guarded/repeat1.csv
34,1.0,28034.0,33114.0,1750425.0,0.821817,SATISFIABLE,34,0,data/test/3sat/400/3sat_129.cnf,0.0048384666442871,0.098199,0.2916285991668701,0.2964670658111572,1.2164830658111572,3sat_129.cnf,local_reopen_guarded,+ Local Boundary Correction,1,True,False,runs/analysis/full400_repeated_runtime/raw/local_reopen_guarded/repeat1.csv
35,2.0,1449676.0,1658226.0,84612536.0,59.9889,INDETERMINATE,35,0,data/test/3sat/400/3sat_13.cnf,0.0048384666442871,0.100481,0.2916285991668701,0.2964670658111572,60.38584806581116,3sat_13.cnf,local_reopen_guarded,+ Local Boundary Correction,1,False,True,runs/analysis/full400_repeated_runtime/raw/local_reopen_guarded/repeat1.csv
36,2.0,121568.0,139021.0,7304329.0,4.61848,SATISFIABLE,36,0,data/test/3sat/400/3sat_130.cnf,0.0048384666442871,0.0966829999999999,0.2916285991668701,0.2964670658111572,5.011630065811157,3sat_130.cnf,local_reopen_guarded,+ Local Boundary Correction,1,True,False,runs/analysis/full400_repeated_runtime/raw/local_reopen_guarded/repeat1.csv
37,1.0,82086.0,96037.0,5035591.0,3.35312,SATISFIABLE,37,0,data/test/3sat/400/3sat_131.cnf,0.0048384666442871,0.098981,0.2916285991668701,0.2964670658111572,3.7485680658111575,3sat_131.cnf,local_reopen_guarded,+ Local Boundary Correction,1,True,False,runs/analysis/full400_repeated_runtime/raw/local_reopen_guarded/repeat1.csv
38,1.0,2692.0,3354.0,172420.0,0.053531,SATISFIABLE,38,0,data/test/3sat/400/3sat_132.cnf,0.0048384666442871,0.0983729999999999,0.2916285991668701,0.2964670658111572,0.4483710658111572,3sat_132.cnf,local_reopen_guarded,+ Local Boundary Correction,1,True,False,runs/analysis/full400_repeated_runtime/raw/local_reopen_guarded/repeat1.csv
39,2.0,1398776.0,1617534.0,81525144.0,59.9896,INDETERMINATE,39,0,data/test/3sat/400/3sat_133.cnf,0.0048384666442871,0.086157,0.2916285991668701,0.2964670658111572,60.37222406581116,3sat_133.cnf,local_reopen_guarded,+ Local Boundary Correction,1,False,True,runs/analysis/full400_repeated_runtime/raw/local_reopen_guarded/repeat1.csv
40,2.0,1404196.0,1607515.0,78563319.0,59.9812,INDETERMINATE,40,0,data/test/3sat/400/3sat_134.cnf,0.0054872035980224,0.094116,0.289506196975708,0.2949934005737304,60.37030940057373,3sat_134.cnf,local_reopen_guarded,+ Local Boundary Correction,1,False,True,runs/analysis/full400_repeated_runtime/raw/local_reopen_guarded/repeat1.csv
41,2.0,1530155.0,1741850.0,85468759.0,59.9843,INDETERMINATE,41,0,data/test/3sat/400/3sat_135.cnf,0.0054872035980224,0.095607,0.289506196975708,0.2949934005737304,60.37490040057373,3sat_135.cnf,local_reopen_guarded,+ Local Boundary Correction,1,False,True,runs/analysis/full400_repeated_runtime/raw/local_reopen_guarded/repeat1.csv
42,2.0,1440326.0,1651798.0,84547515.0,59.9798,INDETERMINATE,42,0,data/test/3sat/400/3sat_136.cnf,0.0054872035980224,0.085688,0.289506196975708,0.2949934005737304,60.360481400573725,3sat_136.cnf,local_reopen_guarded,+ Local Boundary Correction,1,False,True,runs/analysis/full400_repeated_runtime/raw/local_reopen_guarded/repeat1.csv
43,2.0,1468002.0,1664126.0,79242288.0,59.9763,INDETERMINATE,43,0,data/test/3sat/400/3sat_137.cnf,0.0054872035980224,0.079082,0.289506196975708,0.2949934005737304,60.35037540057373,3sat_137.cnf,local_reopen_guarded,+ Local Boundary Correction,1,False,True,runs/analysis/full400_repeated_runtime/raw/local_reopen_guarded/repeat1.csv
44,2.0,1555124.0,1769237.0,89851089.0,59.9832,INDETERMINATE,44,0,data/test/3sat/400/3sat_138.cnf,0.0054872035980224,0.0999589999999999,0.289506196975708,0.2949934005737304,60.378152400573725,3sat_138.cnf,local_reopen_guarded,+ Local Boundary Correction,1,False,True,runs/analysis/full400_repeated_runtime/raw/local_reopen_guarded/repeat1.csv
45,2.0,1554918.0,1786419.0,88756440.0,59.9885,INDETERMINATE,45,0,data/test/3sat/400/3sat_139.cnf,0.0054872035980224,0.084613,0.289506196975708,0.2949934005737304,60.36810640057373,3sat_139.cnf,local_reopen_guarded,+ Local Boundary Correction,1,False,True,runs/analysis/full400_repeated_runtime/raw/local_reopen_guarded/repeat1.csv
46,2.0,133587.0,154405.0,8365184.0,5.25467,SATISFIABLE,46,0,data/test/3sat/400/3sat_14.cnf,0.0054872035980224,0.0819699999999999,0.289506196975708,0.2949934005737304,5.6316334005737305,3sat_14.cnf,local_reopen_guarded,+ Local Boundary Correction,1,True,False,runs/analysis/full400_repeated_runtime/raw/local_reopen_guarded/repeat1.csv
47,2.0,135171.0,155254.0,8243385.0,4.86955,SATISFIABLE,47,0,data/test/3sat/400/3sat_140.cnf,0.0054872035980224,0.087838,0.289506196975708,0.2949934005737304,5.25238140057373,3sat_140.cnf,local_reopen_guarded,+ Local Boundary Correction,1,True,False,runs/analysis/full400_repeated_runtime/raw/local_reopen_guarded/repeat1.csv
48,1.0,71109.0,82102.0,4299119.0,2.96972,SATISFIABLE,48,0,data/test/3sat/400/3sat_141.cnf,0.0054872035980224,0.084086,0.289506196975708,0.2949934005737304,3.3487994005737307,3sat_141.cnf,local_reopen_guarded,+ Local Boundary Correction,1,True,False,runs/analysis/full400_repeated_runtime/raw/local_reopen_guarded/repeat1.csv
49,1.0,61037.0,70865.0,3765471.0,2.09967,SATISFIABLE,49,0,data/test/3sat/400/3sat_142.cnf,0.0054872035980224,0.105051,0.289506196975708,0.2949934005737304,2.4997144005737306,3sat_142.cnf,local_reopen_guarded,+ Local Boundary Correction,1,True,False,runs/analysis/full400_repeated_runtime/raw/local_reopen_guarded/repeat1.csv
50,2.0,1447694.0,1662469.0,83246274.0,59.9848,INDETERMINATE,50,0,data/test/3sat/400/3sat_143.cnf,0.0045027732849121,0.092496,0.288707971572876,0.2932107448577881,60.370506744857785,3sat_143.cnf,local_reopen_guarded,+ Local Boundary Correction,1,False,True,runs/analysis/full400_repeated_runtime/raw/local_reopen_guarded/repeat1.csv
51,2.0,1389554.0,1578841.0,77436169.0,59.9871,INDETERMINATE,51,0,data/test/3sat/400/3sat_144.cnf,0.0045027732849121,0.092682,0.288707971572876,0.2932107448577881,60.37299274485779,3sat_144.cnf,local_reopen_guarded,+ Local Boundary Correction,1,False,True,runs/analysis/full400_repeated_runtime/raw/local_reopen_guarded/repeat1.csv
52,2.0,1409824.0,1630342.0,80604424.0,59.9964,INDETERMINATE,52,0,data/test/3sat/400/3sat_145.cnf,0.0045027732849121,0.101035,0.288707971572876,0.2932107448577881,60.39064574485779,3sat_145.cnf,local_reopen_guarded,+ Local Boundary Correction,1,False,True,runs/analysis/full400_repeated_runtime/raw/local_reopen_guarded/repeat1.csv
53,2.0,1443331.0,1652266.0,81014664.0,59.9934,INDETERMINATE,53,0,data/test/3sat/400/3sat_146.cnf,0.0045027732849121,0.09836,0.288707971572876,0.2932107448577881,60.38497074485779,3sat_146.cnf,local_reopen_guarded,+ Local Boundary Correction,1,False,True,runs/analysis/full400_repeated_runtime/raw/local_reopen_guarded/repeat1.csv
54,2.0,392510.0,450448.0,23393708.0,12.8071,SATISFIABLE,54,0,data/test/3sat/400/3sat_147.cnf,0.0045027732849121,0.087645,0.288707971572876,0.2932107448577881,13.187955744857788,3sat_147.cnf,local_reopen_guarded,+ Local Boundary Correction,1,True,False,runs/analysis/full400_repeated_runtime/raw/local_reopen_guarded/repeat1.csv
55,2.0,1500277.0,1723928.0,87667333.0,59.9776,INDETERMINATE,55,0,data/test/3sat/400/3sat_148.cnf,0.0045027732849121,0.091483,0.288707971572876,0.2932107448577881,60.36229374485779,3sat_148.cnf,local_reopen_guarded,+ Local Boundary Correction,1,False,True,runs/analysis/full400_repeated_runtime/raw/local_reopen_guarded/repeat1.csv
56,1.0,97366.0,112279.0,5819460.0,3.63808,SATISFIABLE,56,0,data/test/3sat/400/3sat_149.cnf,0.0045027732849121,0.0936849999999999,0.288707971572876,0.2932107448577881,4.024975744857787,3sat_149.cnf,local_reopen_guarded,+ Local Boundary Correction,1,True,False,runs/analysis/full400_repeated_runtime/raw/local_reopen_guarded/repeat1.csv
57,2.0,1487940.0,1691120.0,84627514.0,59.9824,INDETERMINATE,57,0,data/test/3sat/400/3sat_15.cnf,0.0045027732849121,0.1005939999999999,0.288707971572876,0.2932107448577881,60.37620474485779,3sat_15.cnf,local_reopen_guarded,+ Local Boundary Correction,1,False,True,runs/analysis/full400_repeated_runtime/raw/local_reopen_guarded/repeat1.csv
58,1.0,16970.0,19929.0,1057698.0,0.377232,SATISFIABLE,58,0,data/test/3sat/400/3sat_150.cnf,0.0045027732849121,0.100551,0.288707971572876,0.2932107448577881,0.7709937448577882,3sat_150.cnf,local_reopen_guarded,+ Local Boundary Correction,1,True,False,runs/analysis/full400_repeated_runtime/raw/local_reopen_guarded/repeat1.csv
59,2.0,1452604.0,1650056.0,83773731.0,59.984,INDETERMINATE,59,0,data/test/3sat/400/3sat_151.cnf,0.0045027732849121,0.090819,0.288707971572876,0.2932107448577881,60.36802974485779,3sat_151.cnf,local_reopen_guarded,+ Local Boundary Correction,1,False,True,runs/analysis/full400_repeated_runtime/raw/local_reopen_guarded/repeat1.csv
60,2.0,1504558.0,1732235.0,84351821.0,59.9884,INDETERMINATE,60,0,data/test/3sat/400/3sat_152.cnf,0.0041306018829345,0.097103,0.2694113254547119,0.2735419273376465,60.35904492733764,3sat_152.cnf,local_reopen_guarded,+ Local Boundary Correction,1,False,True,runs/analysis/full400_repeated_runtime/raw/local_reopen_guarded/repeat1.csv
61,2.0,1418417.0,1616823.0,79584785.0,59.9877,INDETERMINATE,61,0,data/test/3sat/400/3sat_153.cnf,0.0041306018829345,0.094931,0.2694113254547119,0.2735419273376465,60.356172927337646,3sat_153.cnf,local_reopen_guarded,+ Local Boundary Correction,1,False,True,runs/analysis/full400_repeated_runtime/raw/local_reopen_guarded/repeat1.csv
62,1.0,9781.0,11606.0,611335.0,0.189656,SATISFIABLE,62,0,data/test/3sat/400/3sat_154.cnf,0.0041306018829345,0.096882,0.2694113254547119,0.2735419273376465,0.5600799273376464,3sat_154.cnf,local_reopen_guarded,+ Local Boundary Correction,1,True,False,runs/analysis/full400_repeated_runtime/raw/local_reopen_guarded/repeat1.csv
63,2.0,1493013.0,1700940.0,83389893.0,59.9933,INDETERMINATE,63,0,data/test/3sat/400/3sat_155.cnf,0.0041306018829345,0.08283,0.2694113254547119,0.2735419273376465,60.349671927337646,3sat_155.cnf,local_reopen_guarded,+ Local Boundary Correction,1,False,True,runs/analysis/full400_repeated_runtime/raw/local_reopen_guarded/repeat1.csv
64,2.0,1438476.0,1641063.0,81618357.0,59.9909,INDETERMINATE,64,0,data/test/3sat/400/3sat_156.cnf,0.0041306018829345,0.092456,0.2694113254547119,0.2735419273376465,60.35689792733765,3sat_156.cnf,local_reopen_guarded,+ Local Boundary Correction,1,False,True,runs/analysis/full400_repeated_runtime/raw/local_reopen_guarded/repeat1.csv
65,2.0,873297.0,1013956.0,52333641.0,33.6907,SATISFIABLE,65,0,data/test/3sat/400/3sat_157.cnf,0.0041306018829345,0.093035,0.2694113254547119,0.2735419273376465,34.05727692733765,3sat_157.cnf,local_reopen_guarded,+ Local Boundary Correction,1,True,False,runs/analysis/full400_repeated_runtime/raw/local_reopen_guarded/repeat1.csv
66,2.0,1459223.0,1653023.0,81240707.0,59.987,INDETERMINATE,66,0,data/test/3sat/400/3sat_158.cnf,0.0041306018829345,0.102834,0.2694113254547119,0.2735419273376465,60.36337592733765,3sat_158.cnf,local_reopen_guarded,+ Local Boundary Correction,1,False,True,runs/analysis/full400_repeated_runtime/raw/local_reopen_guarded/repeat1.csv
67,2.0,1512948.0,1737294.0,87034966.0,59.9813,INDETERMINATE,67,0,data/test/3sat/400/3sat_159.cnf,0.0041306018829345,0.095088,0.2694113254547119,0.2735419273376465,60.34992992733764,3sat_159.cnf,local_reopen_guarded,+ Local Boundary Correction,1,False,True,runs/analysis/full400_repeated_runtime/raw/local_reopen_guarded/repeat1.csv
68,2.0,1557727.0,1769157.0,89368207.0,59.9869,INDETERMINATE,68,0,data/test/3sat/400/3sat_16.cnf,0.0041306018829345,0.089314,0.2694113254547119,0.2735419273376465,60.34975592733765,3sat_16.cnf,local_reopen_guarded,+ Local Boundary Correction,1,False,True,runs/analysis/full400_repeated_runtime/raw/local_reopen_guarded/repeat1.csv
69,2.0,1513158.0,1732245.0,84408620.0,59.989,INDETERMINATE,69,0,data/test/3sat/400/3sat_160.cnf,0.0041306018829345,0.091621,0.2694113254547119,0.2735419273376465,60.35416292733765,3sat_160.cnf,local_reopen_guarded,+ Local Boundary Correction,1,False,True,runs/analysis/full400_repeated_runtime/raw/local_reopen_guarded/repeat1.csv
70,2.0,1564951.0,1781637.0,90493238.0,59.9774,INDETERMINATE,70,0,data/test/3sat/400/3sat_161.cnf,0.0042986869812011,0.085324,0.2915022373199463,0.2958009243011474,60.35852492430115,3sat_161.cnf,local_reopen_guarded,+ Local Boundary Correction,1,False,True,runs/analysis/full400_repeated_runtime/raw/local_reopen_guarded/repeat1.csv
71,2.0,1398109.0,1580800.0,78765376.0,59.9916,INDETERMINATE,71,0,data/test/3sat/400/3sat_162.cnf,0.0042986869812011,0.091254,0.2915022373199463,0.2958009243011474,60.378654924301145,3sat_162.cnf,local_reopen_guarded,+ Local Boundary Correction,1,False,True,runs/analysis/full400_repeated_runtime/raw/local_reopen_guarded/repeat1.csv
72,2.0,915021.0,1050086.0,53803425.0,35.144,SATISFIABLE,72,0,data/test/3sat/400/3sat_163.cnf,0.0042986869812011,0.089117,0.2915022373199463,0.2958009243011474,35.52891792430115,3sat_163.cnf,local_reopen_guarded,+ Local Boundary Correction,1,True,False,runs/analysis/full400_repeated_runtime/raw/local_reopen_guarded/repeat1.csv
73,2.0,1504725.0,1726932.0,87451457.0,59.9843,INDETERMINATE,73,0,data/test/3sat/400/3sat_164.cnf,0.0042986869812011,0.08048,0.2915022373199463,0.2958009243011474,60.360580924301146,3sat_164.cnf,local_reopen_guarded,+ Local Boundary Correction,1,False,True,runs/analysis/full400_repeated_runtime/raw/local_reopen_guarded/repeat1.csv
74,1.0,1169.0,1491.0,77588.0,0.020711,SATISFIABLE,74,0,data/test/3sat/400/3sat_165.cnf,0.0042986869812011,0.0881069999999999,0.2915022373199463,0.2958009243011474,0.4046189243011474,3sat_165.cnf,local_reopen_guarded,+ Local Boundary Correction,1,True,False,runs/analysis/full400_repeated_runtime/raw/local_reopen_guarded/repeat1.csv
75,2.0,1559076.0,1781924.0,87993355.0,59.9834,INDETERMINATE,75,0,data/test/3sat/400/3sat_166.cnf,0.0042986869812011,0.102479,0.2915022373199463,0.2958009243011474,60.38167992430115,3sat_166.cnf,local_reopen_guarded,+ Local Boundary Correction,1,False,True,runs/analysis/full400_repeated_runtime/raw/local_reopen_guarded/repeat1.csv
76,2.0,399529.0,460797.0,23951550.0,12.7936,SATISFIABLE,76,0,data/test/3sat/400/3sat_167.cnf,0.0042986869812011,0.093821,0.2915022373199463,0.2958009243011474,13.183221924301147,3sat_167.cnf,local_reopen_guarded,+ Local Boundary Correction,1,True,False,runs/analysis/full400_repeated_runtime/raw/local_reopen_guarded/repeat1.csv
77,2.0,1425794.0,1612034.0,81596166.0,59.9945,INDETERMINATE,77,0,data/test/3sat/400/3sat_168.cnf,0.0042986869812011,0.086808,0.2915022373199463,0.2958009243011474,60.37710892430115,3sat_168.cnf,local_reopen_guarded,+ Local Boundary Correction,1,False,True,runs/analysis/full400_repeated_runtime/raw/local_reopen_guarded/repeat1.csv
78,2.0,1473703.0,1691514.0,85055663.0,59.9926,INDETERMINATE,78,0,data/test/3sat/400/3sat_169.cnf,0.0042986869812011,0.082965,0.2915022373199463,0.2958009243011474,60.37136592430115,3sat_169.cnf,local_reopen_guarded,+ Local Boundary Correction,1,False,True,runs/analysis/full400_repeated_runtime/raw/local_reopen_guarded/repeat1.csv
79,2.0,1368767.0,1567958.0,76969290.0,59.9721,INDETERMINATE,79,0,data/test/3sat/400/3sat_17.cnf,0.0042986869812011,0.096374,0.2915022373199463,0.2958009243011474,60.36427492430114,3sat_17.cnf,local_reopen_guarded,+ Local Boundary Correction,1,False,True,runs/analysis/full400_repeated_runtime/raw/local_reopen_guarded/repeat1.csv
80,2.0,1446643.0,1651573.0,80491828.0,59.9889,INDETERMINATE,80,0,data/test/3sat/400/3sat_170.cnf,0.00413179397583,0.104214,0.3062269687652588,0.3103587627410888,60.40347276274109,3sat_170.cnf,local_reopen_guarded,+ Local Boundary Correction,1,False,True,runs/analysis/full400_repeated_runtime/raw/local_reopen_guarded/repeat1.csv
81,2.0,1401534.0,1596715.0,79635792.0,59.987,INDETERMINATE,81,0,data/test/3sat/400/3sat_171.cnf,0.00413179397583,0.106933,0.3062269687652588,0.3103587627410888,60.40429176274109,3sat_171.cnf,local_reopen_guarded,+ Local Boundary Correction,1,False,True,runs/analysis/full400_repeated_runtime/raw/local_reopen_guarded/repeat1.csv
82,2.0,1429075.0,1649749.0,83079014.0,59.9818,INDETERMINATE,82,0,data/test/3sat/400/3sat_172.cnf,0.00413179397583,0.1032879999999999,0.3062269687652588,0.3103587627410888,60.39544676274109,3sat_172.cnf,local_reopen_guarded,+ Local Boundary Correction,1,False,True,runs/analysis/full400_repeated_runtime/raw/local_reopen_guarded/repeat1.csv
83,2.0,1434738.0,1640327.0,82336949.0,59.9844,INDETERMINATE,83,0,data/test/3sat/400/3sat_173.cnf,0.00413179397583,0.099201,0.3062269687652588,0.3103587627410888,60.39395976274109,3sat_173.cnf,local_reopen_guarded,+ Local Boundary Correction,1,False,True,runs/analysis/full400_repeated_runtime/raw/local_reopen_guarded/repeat1.csv
84,2.0,1451192.0,1646938.0,81596859.0,59.9836,INDETERMINATE,84,0,data/test/3sat/400/3sat_174.cnf,0.00413179397583,0.085834,0.3062269687652588,0.3103587627410888,60.37979276274109,3sat_174.cnf,local_reopen_guarded,+ Local Boundary Correction,1,False,True,runs/analysis/full400_repeated_runtime/raw/local_reopen_guarded/repeat1.csv
85,2.0,1509705.0,1721246.0,84128385.0,59.9798,INDETERMINATE,85,0,data/test/3sat/400/3sat_175.cnf,0.00413179397583,0.083974,0.3062269687652588,0.3103587627410888,60.37413276274109,3sat_175.cnf,local_reopen_guarded,+ Local Boundary Correction,1,False,True,runs/analysis/full400_repeated_runtime/raw/local_reopen_guarded/repeat1.csv
86,1.0,44850.0,52377.0,2659490.0,1.48162,SATISFIABLE,86,0,data/test/3sat/400/3sat_176.cnf,0.00413179397583,0.093022,0.3062269687652588,0.3103587627410888,1.8850007627410887,3sat_176.cnf,local_reopen_guarded,+ Local Boundary Correction,1,True,False,runs/analysis/full400_repeated_runtime/raw/local_reopen_guarded/repeat1.csv
87,2.0,1453795.0,1647461.0,83582850.0,59.9863,INDETERMINATE,87,0,data/test/3sat/400/3sat_177.cnf,0.00413179397583,0.08839,0.3062269687652588,0.3103587627410888,60.385048762741086,3sat_177.cnf,local_reopen_guarded,+ Local Boundary Correction,1,False,True,runs/analysis/full400_repeated_runtime/raw/local_reopen_guarded/repeat1.csv
88,2.0,1518163.0,1756361.0,87981014.0,59.9801,INDETERMINATE,88,0,data/test/3sat/400/3sat_178.cnf,0.00413179397583,0.092013,0.3062269687652588,0.3103587627410888,60.38247176274109,3sat_178.cnf,local_reopen_guarded,+ Local Boundary Correction,1,False,True,runs/analysis/full400_repeated_runtime/raw/local_reopen_guarded/repeat1.csv
89,2.0,1561889.0,1777388.0,89736356.0,59.9839,INDETERMINATE,89,0,data/test/3sat/400/3sat_179.cnf,0.00413179397583,0.100991,0.3062269687652588,0.3103587627410888,60.39524976274109,3sat_179.cnf,local_reopen_guarded,+ Local Boundary Correction,1,False,True,runs/analysis/full400_repeated_runtime/raw/local_reopen_guarded/repeat1.csv
90,2.0,1432645.0,1637608.0,82366009.0,59.9803,INDETERMINATE,90,0,data/test/3sat/400/3sat_18.cnf,0.0044574737548828,0.0919109999999999,0.3074526786804199,0.3119101524353027,60.384121152435306,3sat_18.cnf,local_reopen_guarded,+ Local Boundary Correction,1,False,True,runs/analysis/full400_repeated_runtime/raw/local_reopen_guarded/repeat1.csv
91,2.0,479866.0,551097.0,28918715.0,16.5645,SATISFIABLE,91,0,data/test/3sat/400/3sat_180.cnf,0.0044574737548828,0.098962,0.3074526786804199,0.3119101524353027,16.975372152435302,3sat_180.cnf,local_reopen_guarded,+ Local Boundary Correction,1,True,False,runs/analysis/full400_repeated_runtime/raw/local_reopen_guarded/repeat1.csv
92,1.0,52050.0,59791.0,3130772.0,1.86539,SATISFIABLE,92,0,data/test/3sat/400/3sat_181.cnf,0.0044574737548828,0.099576,0.3074526786804199,0.3119101524353027,2.2768761524353027,3sat_181.cnf,local_reopen_guarded,+ Local Boundary Correction,1,True,False,runs/analysis/full400_repeated_runtime/raw/local_reopen_guarded/repeat1.csv
93,2.0,1469143.0,1681652.0,80470136.0,59.9828,INDETERMINATE,93,0,data/test/3sat/400/3sat_182.cnf,0.0044574737548828,0.102849,0.3074526786804199,0.3119101524353027,60.3975591524353,3sat_182.cnf,local_reopen_guarded,+ Local Boundary Correction,1,False,True,runs/analysis/full400_repeated_runtime/raw/local_reopen_guarded/repeat1.csv
94,2.0,1477015.0,1686797.0,82839330.0,59.9554,INDETERMINATE,94,0,data/test/3sat/400/3sat_183.cnf,0.0044574737548828,0.085068,0.3074526786804199,0.3119101524353027,60.3523781524353,3sat_183.cnf,local_reopen_guarded,+ Local Boundary Correction,1,False,True,runs/analysis/full400_repeated_runtime/raw/local_reopen_guarded/repeat1.csv
95,2.0,1490480.0,1697922.0,85411379.0,59.9779,INDETERMINATE,95,0,data/test/3sat/400/3sat_184.cnf,0.0044574737548828,0.098163,0.3074526786804199,0.3119101524353027,60.3879731524353,3sat_184.cnf,local_reopen_guarded,+ Local Boundary Correction,1,False,True,runs/analysis/full400_repeated_runtime/raw/local_reopen_guarded/repeat1.csv
96,2.0,1602410.0,1812257.0,89934261.0,59.9961,INDETERMINATE,96,0,data/test/3sat/400/3sat_185.cnf,0.0044574737548828,0.089666,0.3074526786804199,0.3119101524353027,60.3976761524353,3sat_185.cnf,local_reopen_guarded,+ Local Boundary Correction,1,False,True,runs/analysis/full400_repeated_runtime/raw/local_reopen_guarded/repeat1.csv
97,2.0,1394339.0,1592782.0,76137785.0,59.9756,INDETERMINATE,97,0,data/test/3sat/400/3sat_186.cnf,0.0044574737548828,0.091012,0.3074526786804199,0.3119101524353027,60.3785221524353,3sat_186.cnf,local_reopen_guarded,+ Local Boundary Correction,1,False,True,runs/analysis/full400_repeated_runtime/raw/local_reopen_guarded/repeat1.csv
98,2.0,1414678.0,1628452.0,79723319.0,59.9864,INDETERMINATE,98,0,data/test/3sat/400/3sat_187.cnf,0.0044574737548828,0.088957,0.3074526786804199,0.3119101524353027,60.38726715243531,3sat_187.cnf,local_reopen_guarded,+ Local Boundary Correction,1,False,True,runs/analysis/full400_repeated_runtime/raw/local_reopen_guarded/repeat1.csv
99,2.0,892642.0,1020150.0,51846480.0,31.1381,SATISFIABLE,99,0,data/test/3sat/400/3sat_188.cnf,0.0044574737548828,0.085695,0.3074526786804199,0.3119101524353027,31.535705152435305,3sat_188.cnf,local_reopen_guarded,+ Local Boundary Correction,1,True,False,runs/analysis/full400_repeated_runtime/raw/local_reopen_guarded/repeat1.csv
100,2.0,486885.0,560599.0,28846336.0,16.6663,SATISFIABLE,100,0,data/test/3sat/400/3sat_189.cnf,0.0043632984161376,0.1019269999999999,0.4077274799346924,0.4120907783508301,17.18031777835083,3sat_189.cnf,local_reopen_guarded,+ Local Boundary Correction,1,True,False,runs/analysis/full400_repeated_runtime/raw/local_reopen_guarded/repeat1.csv
101,1.0,32619.0,37875.0,1910478.0,1.06075,SATISFIABLE,101,0,data/test/3sat/400/3sat_19.cnf,0.0043632984161376,0.088223,0.4077274799346924,0.4120907783508301,1.56106377835083,3sat_19.cnf,local_reopen_guarded,+ Local Boundary Correction,1,True,False,runs/analysis/full400_repeated_runtime/raw/local_reopen_guarded/repeat1.csv
102,1.0,1353.0,1762.0,87323.0,0.030424,SATISFIABLE,102,0,data/test/3sat/400/3sat_190.cnf,0.0043632984161376,0.076103,0.4077274799346924,0.4120907783508301,0.5186177783508301,3sat_190.cnf,local_reopen_guarded,+ Local Boundary Correction,1,True,False,runs/analysis/full400_repeated_runtime/raw/local_reopen_guarded/repeat1.csv
103,2.0,1458311.0,1677021.0,81259008.0,59.9835,INDETERMINATE,103,0,data/test/3sat/400/3sat_191.cnf,0.0043632984161376,0.08501,0.4077274799346924,0.4120907783508301,60.480600778350826,3sat_191.cnf,local_reopen_guarded,+ Local Boundary Correction,1,False,True,runs/analysis/full400_repeated_runtime/raw/local_reopen_guarded/repeat1.csv
104,2.0,1432345.0,1652190.0,80843024.0,59.9774,INDETERMINATE,104,0,data/test/3sat/400/3sat_192.cnf,0.0043632984161376,0.096952,0.4077274799346924,0.4120907783508301,60.48644277835084,3sat_192.cnf,local_reopen_guarded,+ Local Boundary Correction,1,False,True,runs/analysis/full400_repeated_runtime/raw/local_reopen_guarded/repeat1.csv
105,2.0,1447335.0,1651284.0,83629272.0,59.9935,INDETERMINATE,105,0,data/test/3sat/400/3sat_193.cnf,0.0043632984161376,0.088712,0.4077274799346924,0.4120907783508301,60.49430277835083,3sat_193.cnf,local_reopen_guarded,+ Local Boundary Correction,1,False,True,runs/analysis/full400_repeated_runtime/raw/local_reopen_guarded/repeat1.csv
106,2.0,1381758.0,1568861.0,78719494.0,59.9749,INDETERMINATE,106,0,data/test/3sat/400/3sat_194.cnf,0.0043632984161376,0.095401,0.4077274799346924,0.4120907783508301,60.48239177835083,3sat_194.cnf,local_reopen_guarded,+ Local Boundary Correction,1,False,True,runs/analysis/full400_repeated_runtime/raw/local_reopen_guarded/repeat1.csv
107,2.0,1509255.0,1722125.0,88055864.0,59.9738,INDETERMINATE,107,0,data/test/3sat/400/3sat_195.cnf,0.0043632984161376,0.090109,0.4077274799346924,0.4120907783508301,60.475999778350825,3sat_195.cnf,local_reopen_guarded,+ Local Boundary Correction,1,False,True,runs/analysis/full400_repeated_runtime/raw/local_reopen_guarded/repeat1.csv
108,2.0,339864.0,392433.0,20520894.0,11.0235,SATISFIABLE,108,0,data/test/3sat/400/3sat_196.cnf,0.0043632984161376,0.100793,0.4077274799346924,0.4120907783508301,11.53638377835083,3sat_196.cnf,local_reopen_guarded,+ Local Boundary Correction,1,True,False,runs/analysis/full400_repeated_runtime/raw/local_reopen_guarded/repeat1.csv
109,2.0,1470309.0,1676441.0,82440809.0,59.9709,INDETERMINATE,109,0,data/test/3sat/400/3sat_197.cnf,0.0043632984161376,0.100988,0.4077274799346924,0.4120907783508301,60.48397877835083,3sat_197.cnf,local_reopen_guarded,+ Local Boundary Correction,1,False,True,runs/analysis/full400_repeated_runtime/raw/local_reopen_guarded/repeat1.csv
110,2.0,1486021.0,1710010.0,84978365.0,59.9837,INDETERMINATE,110,0,data/test/3sat/400/3sat_198.cnf,0.004624605178833,0.094682,0.2620971202850342,0.2667217254638672,60.345103725463865,3sat_198.cnf,local_reopen_guarded,+ Local Boundary Correction,1,False,True,runs/analysis/full400_repeated_runtime/raw/local_reopen_guarded/repeat1.csv
111,2.0,1409039.0,1614179.0,78654343.0,59.9847,INDETERMINATE,111,0,data/test/3sat/400/3sat_199.cnf,0.004624605178833,0.094328,0.2620971202850342,0.2667217254638672,60.34574972546386,3sat_199.cnf,local_reopen_guarded,+ Local Boundary Correction,1,False,True,runs/analysis/full400_repeated_runtime/raw/local_reopen_guarded/repeat1.csv
112,2.0,1455410.0,1661394.0,84527098.0,59.9778,INDETERMINATE,112,0,data/test/3sat/400/3sat_2.cnf,0.004624605178833,0.095644,0.2620971202850342,0.2667217254638672,60.34016572546387,3sat_2.cnf,local_reopen_guarded,+ Local Boundary Correction,1,False,True,runs/analysis/full400_repeated_runtime/raw/local_reopen_guarded/repeat1.csv
113,2.0,361980.0,419239.0,21758927.0,12.1563,SATISFIABLE,113,0,data/test/3sat/400/3sat_20.cnf,0.004624605178833,0.088408,0.2620971202850342,0.2667217254638672,12.511429725463866,3sat_20.cnf,local_reopen_guarded,+ Local Boundary Correction,1,True,False,runs/analysis/full400_repeated_runtime/raw/local_reopen_guarded/repeat1.csv
114,2.0,1494252.0,1730137.0,86960618.0,59.9948,INDETERMINATE,114,0,data/test/3sat/400/3sat_21.cnf,0.004624605178833,0.104197,0.2620971202850342,0.2667217254638672,60.36571872546386,3sat_21.cnf,local_reopen_guarded,+ Local Boundary Correction,1,False,True,runs/analysis/full400_repeated_runtime/raw/local_reopen_guarded/repeat1.csv
115,1.0,43107.0,50298.0,2657822.0,1.36469,SATISFIABLE,115,0,data/test/3sat/400/3sat_22.cnf,0.004624605178833,0.094728,0.2620971202850342,0.2667217254638672,1.726139725463867,3sat_22.cnf,local_reopen_guarded,+ Local Boundary Correction,1,True,False,runs/analysis/full400_repeated_runtime/raw/local_reopen_guarded/repeat1.csv
116,2.0,1382165.0,1581512.0,76743894.0,59.981,INDETERMINATE,116,0,data/test/3sat/400/3sat_23.cnf,0.004624605178833,0.103706,0.2620971202850342,0.2667217254638672,60.35142772546387,3sat_23.cnf,local_reopen_guarded,+ Local Boundary Correction,1,False,True,runs/analysis/full400_repeated_runtime/raw/local_reopen_guarded/repeat1.csv
117,1.0,97677.0,112677.0,5872880.0,4.17392,SATISFIABLE,117,0,data/test/3sat/400/3sat_24.cnf,0.004624605178833,0.1062989999999999,0.2620971202850342,0.2667217254638672,4.546940725463867,3sat_24.cnf,local_reopen_guarded,+ Local Boundary Correction,1,True,False,runs/analysis/full400_repeated_runtime/raw/local_reopen_guarded/repeat1.csv
118,1.0,41249.0,47888.0,2486997.0,1.16289,SATISFIABLE,118,0,data/test/3sat/400/3sat_25.cnf,0.004624605178833,0.085291,0.2620971202850342,0.2667217254638672,1.5149027254638672,3sat_25.cnf,local_reopen_guarded,+ Local Boundary Correction,1,True,False,runs/analysis/full400_repeated_runtime/raw/local_reopen_guarded/repeat1.csv
119,2.0,1350436.0,1541885.0,77416237.0,59.9717,INDETERMINATE,119,0,data/test/3sat/400/3sat_26.cnf,0.004624605178833,0.091814,0.2620971202850342,0.2667217254638672,60.330235725463865,3sat_26.cnf,local_reopen_guarded,+ Local Boundary Correction,1,False,True,runs/analysis/full400_repeated_runtime/raw/local_reopen_guarded/repeat1.csv
120,1.0,9470.0,11447.0,605518.0,0.194833,SATISFIABLE,120,0,data/test/3sat/400/3sat_27.cnf,0.004155158996582,0.1080829999999999,0.2473518848419189,0.251507043838501,0.5544230438385009,3sat_27.cnf,local_reopen_guarded,+ Local Boundary Correction,1,True,False,runs/analysis/full400_repeated_runtime/raw/local_reopen_guarded/repeat1.csv
121,2.0,1495610.0,1711846.0,84728573.0,59.9844,INDETERMINATE,121,0,data/test/3sat/400/3sat_28.cnf,0.004155158996582,0.089167,0.2473518848419189,0.251507043838501,60.325074043838505,3sat_28.cnf,local_reopen_guarded,+ Local Boundary Correction,1,False,True,runs/analysis/full400_repeated_runtime/raw/local_reopen_guarded/repeat1.csv
122,2.0,1515699.0,1727057.0,87169186.0,59.9835,INDETERMINATE,122,0,data/test/3sat/400/3sat_29.cnf,0.004155158996582,0.097783,0.2473518848419189,0.251507043838501,60.3327900438385,3sat_29.cnf,local_reopen_guarded,+ Local Boundary Correction,1,False,True,runs/analysis/full400_repeated_runtime/raw/local_reopen_guarded/repeat1.csv
123,2.0,1507243.0,1727963.0,88720862.0,59.9705,INDETERMINATE,123,0,data/test/3sat/400/3sat_3.cnf,0.004155158996582,0.104527,0.2473518848419189,0.251507043838501,60.3265340438385,3sat_3.cnf,local_reopen_guarded,+ Local Boundary Correction,1,False,True,runs/analysis/full400_repeated_runtime/raw/local_reopen_guarded/repeat1.csv
124,2.0,1386411.0,1585330.0,78880989.0,59.9849,INDETERMINATE,124,0,data/test/3sat/400/3sat_30.cnf,0.004155158996582,0.103221,0.2473518848419189,0.251507043838501,60.3396280438385,3sat_30.cnf,local_reopen_guarded,+ Local Boundary Correction,1,False,True,runs/analysis/full400_repeated_runtime/raw/local_reopen_guarded/repeat1.csv
125,2.0,1354427.0,1560259.0,76376162.0,59.9686,INDETERMINATE,125,0,data/test/3sat/400/3sat_31.cnf,0.004155158996582,0.091583,0.2473518848419189,0.251507043838501,60.3116900438385,3sat_31.cnf,local_reopen_guarded,+ Local Boundary Correction,1,False,True,runs/analysis/full400_repeated_runtime/raw/local_reopen_guarded/repeat1.csv
126,2.0,1456000.0,1656226.0,81774788.0,59.9951,INDETERMINATE,126,0,data/test/3sat/400/3sat_32.cnf,0.004155158996582,0.094163,0.2473518848419189,0.251507043838501,60.3407700438385,3sat_32.cnf,local_reopen_guarded,+ Local Boundary Correction,1,False,True,runs/analysis/full400_repeated_runtime/raw/local_reopen_guarded/repeat1.csv
127,2.0,1379955.0,1583198.0,78811371.0,59.9926,INDETERMINATE,127,0,data/test/3sat/400/3sat_33.cnf,0.004155158996582,0.0918259999999999,0.2473518848419189,0.251507043838501,60.3359330438385,3sat_33.cnf,local_reopen_guarded,+ Local Boundary Correction,1,False,True,runs/analysis/full400_repeated_runtime/raw/local_reopen_guarded/repeat1.csv
128,2.0,1588112.0,1824278.0,90887958.0,59.9929,INDETERMINATE,128,0,data/test/3sat/400/3sat_34.cnf,0.004155158996582,0.099803,0.2473518848419189,0.251507043838501,60.3442100438385,3sat_34.cnf,local_reopen_guarded,+ Local Boundary Correction,1,False,True,runs/analysis/full400_repeated_runtime/raw/local_reopen_guarded/repeat1.csv
129,2.0,1510450.0,1734534.0,83197197.0,59.9658,INDETERMINATE,129,0,data/test/3sat/400/3sat_35.cnf,0.004155158996582,0.1004309999999999,0.2473518848419189,0.251507043838501,60.3177380438385,3sat_35.cnf,local_reopen_guarded,+ Local Boundary Correction,1,False,True,runs/analysis/full400_repeated_runtime/raw/local_reopen_guarded/repeat1.csv
130,2.0,1437009.0,1644381.0,80646779.0,59.9831,INDETERMINATE,130,0,data/test/3sat/400/3sat_36.cnf,0.0037300586700439,0.080967,0.2981390953063965,0.3018691539764404,60.36593615397644,3sat_36.cnf,local_reopen_guarded,+ Local Boundary Correction,1,False,True,runs/analysis/full400_repeated_runtime/raw/local_reopen_guarded/repeat1.csv
131,2.0,1466410.0,1664332.0,82542082.0,59.977,INDETERMINATE,131,0,data/test/3sat/400/3sat_37.cnf,0.0037300586700439,0.109079,0.2981390953063965,0.3018691539764404,60.38794815397644,3sat_37.cnf,local_reopen_guarded,+ Local Boundary Correction,1,False,True,runs/analysis/full400_repeated_runtime/raw/local_reopen_guarded/repeat1.csv
132,2.0,1465774.0,1673948.0,83688086.0,59.9778,INDETERMINATE,132,0,data/test/3sat/400/3sat_38.cnf,0.0037300586700439,0.099507,0.2981390953063965,0.3018691539764404,60.379176153976445,3sat_38.cnf,local_reopen_guarded,+ Local Boundary Correction,1,False,True,runs/analysis/full400_repeated_runtime/raw/local_reopen_guarded/repeat1.csv
133,2.0,1463730.0,1684122.0,81919869.0,59.9929,INDETERMINATE,133,0,data/test/3sat/400/3sat_39.cnf,0.0037300586700439,0.075354,0.2981390953063965,0.3018691539764404,60.37012315397644,3sat_39.cnf,local_reopen_guarded,+ Local Boundary Correction,1,False,True,runs/analysis/full400_repeated_runtime/raw/local_reopen_guarded/repeat1.csv
134,2.0,1509835.0,1723310.0,84832420.0,59.9871,INDETERMINATE,134,0,data/test/3sat/400/3sat_4.cnf,0.0037300586700439,0.094345,0.2981390953063965,0.3018691539764404,60.38331415397644,3sat_4.cnf,local_reopen_guarded,+ Local Boundary Correction,1,False,True,runs/analysis/full400_repeated_runtime/raw/local_reopen_guarded/repeat1.csv
135,2.0,1496474.0,1710224.0,85215592.0,59.9855,INDETERMINATE,135,0,data/test/3sat/400/3sat_40.cnf,0.0037300586700439,0.08871,0.2981390953063965,0.3018691539764404,60.37607915397644,3sat_40.cnf,local_reopen_guarded,+ Local Boundary Correction,1,False,True,runs/analysis/full400_repeated_runtime/raw/local_reopen_guarded/repeat1.csv
136,2.0,1357832.0,1541816.0,75582563.0,59.9818,INDETERMINATE,136,0,data/test/3sat/400/3sat_41.cnf,0.0037300586700439,0.098192,0.2981390953063965,0.3018691539764404,60.38186115397644,3sat_41.cnf,local_reopen_guarded,+ Local Boundary Correction,1,False,True,runs/analysis/full400_repeated_runtime/raw/local_reopen_guarded/repeat1.csv
137,2.0,1576496.0,1791249.0,85578085.0,59.975,INDETERMINATE,137,0,data/test/3sat/400/3sat_42.cnf,0.0037300586700439,0.0882319999999999,0.2981390953063965,0.3018691539764404,60.36510115397644,3sat_42.cnf,local_reopen_guarded,+ Local Boundary Correction,1,False,True,runs/analysis/full400_repeated_runtime/raw/local_reopen_guarded/repeat1.csv
138,2.0,1411064.0,1604967.0,80603198.0,59.9846,INDETERMINATE,138,0,data/test/3sat/400/3sat_43.cnf,0.0037300586700439,0.098026,0.2981390953063965,0.3018691539764404,60.38449515397644,3sat_43.cnf,local_reopen_guarded,+ Local Boundary Correction,1,False,True,runs/analysis/full400_repeated_runtime/raw/local_reopen_guarded/repeat1.csv
139,2.0,1437981.0,1646826.0,83078674.0,59.9706,INDETERMINATE,139,0,data/test/3sat/400/3sat_44.cnf,0.0037300586700439,0.100273,0.2981390953063965,0.3018691539764404,60.37274215397644,3sat_44.cnf,local_reopen_guarded,+ Local Boundary Correction,1,False,True,runs/analysis/full400_repeated_runtime/raw/local_reopen_guarded/repeat1.csv
140,2.0,1488694.0,1678384.0,83128017.0,59.9837,INDETERMINATE,140,0,data/test/3sat/400/3sat_45.cnf,0.0037667751312255,0.098722,0.2563393115997314,0.260106086730957,60.34252808673096,3sat_45.cnf,local_reopen_guarded,+ Local Boundary Correction,1,False,True,runs/analysis/full400_repeated_runtime/raw/local_reopen_guarded/repeat1.csv
141,1.0,9772.0,11592.0,590576.0,0.218758,SATISFIABLE,141,0,data/test/3sat/400/3sat_46.cnf,0.0037667751312255,0.0971789999999999,0.2563393115997314,0.260106086730957,0.576043086730957,3sat_46.cnf,local_reopen_guarded,+ Local Boundary Correction,1,True,False,runs/analysis/full400_repeated_runtime/raw/local_reopen_guarded/repeat1.csv
142,1.0,63966.0,73444.0,4017900.0,2.50412,SATISFIABLE,142,0,data/test/3sat/400/3sat_47.cnf,0.0037667751312255,0.094985,0.2563393115997314,0.260106086730957,2.859211086730957,3sat_47.cnf,local_reopen_guarded,+ Local Boundary Correction,1,True,False,runs/analysis/full400_repeated_runtime/raw/local_reopen_guarded/repeat1.csv
143,2.0,1467809.0,1679210.0,81916615.0,59.9894,INDETERMINATE,143,0,data/test/3sat/400/3sat_48.cnf,0.0037667751312255,0.094456,0.2563393115997314,0.260106086730957,60.34396208673096,3sat_48.cnf,local_reopen_guarded,+ Local Boundary Correction,1,False,True,runs/analysis/full400_repeated_runtime/raw/local_reopen_guarded/repeat1.csv
144,2.0,1437835.0,1647774.0,83024686.0,59.9809,INDETERMINATE,144,0,data/test/3sat/400/3sat_49.cnf,0.0037667751312255,0.095021,0.2563393115997314,0.260106086730957,60.33602708673096,3sat_49.cnf,local_reopen_guarded,+ Local Boundary Correction,1,False,True,runs/analysis/full400_repeated_runtime/raw/local_reopen_guarded/repeat1.csv
145,2.0,1395930.0,1599222.0,78984920.0,59.9837,INDETERMINATE,145,0,data/test/3sat/400/3sat_5.cnf,0.0037667751312255,0.10325,0.2563393115997314,0.260106086730957,60.34705608673096,3sat_5.cnf,local_reopen_guarded,+ Local Boundary Correction,1,False,True,runs/analysis/full400_repeated_runtime/raw/local_reopen_guarded/repeat1.csv
146,2.0,1388845.0,1588748.0,79813582.0,59.9887,INDETERMINATE,146,0,data/test/3sat/400/3sat_50.cnf,0.0037667751312255,0.09584,0.2563393115997314,0.260106086730957,60.34464608673096,3sat_50.cnf,local_reopen_guarded,+ Local Boundary Correction,1,False,True,runs/analysis/full400_repeated_runtime/raw/local_reopen_guarded/repeat1.csv
147,2.0,1471749.0,1683437.0,83723039.0,59.9878,INDETERMINATE,147,0,data/test/3sat/400/3sat_51.cnf,0.0037667751312255,0.09111,0.2563393115997314,0.260106086730957,60.33901608673096,3sat_51.cnf,local_reopen_guarded,+ Local Boundary Correction,1,False,True,runs/analysis/full400_repeated_runtime/raw/local_reopen_guarded/repeat1.csv
148,2.0,1554951.0,1795340.0,87582256.0,59.9861,INDETERMINATE,148,0,data/test/3sat/400/3sat_52.cnf,0.0037667751312255,0.092179,0.2563393115997314,0.260106086730957,60.33838508673096,3sat_52.cnf,local_reopen_guarded,+ Local Boundary Correction,1,False,True,runs/analysis/full400_repeated_runtime/raw/local_reopen_guarded/repeat1.csv
149,2.0,1409590.0,1607683.0,76594367.0,59.9761,INDETERMINATE,149,0,data/test/3sat/400/3sat_53.cnf,0.0037667751312255,0.092455,0.2563393115997314,0.260106086730957,60.32866108673096,3sat_53.cnf,local_reopen_guarded,+ Local Boundary Correction,1,False,True,runs/analysis/full400_repeated_runtime/raw/local_reopen_guarded/repeat1.csv
150,2.0,612353.0,699215.0,35959808.0,22.0315,SATISFIABLE,150,0,data/test/3sat/400/3sat_54.cnf,0.0047461986541748,0.092792,0.2852542400360107,0.2900004386901855,22.414292438690183,3sat_54.cnf,local_reopen_guarded,+ Local Boundary Correction,1,True,False,runs/analysis/full400_repeated_runtime/raw/local_reopen_guarded/repeat1.csv
151,2.0,1530368.0,1745992.0,86297916.0,59.9802,INDETERMINATE,151,0,data/test/3sat/400/3sat_55.cnf,0.0047461986541748,0.0976799999999999,0.2852542400360107,0.2900004386901855,60.367880438690186,3sat_55.cnf,local_reopen_guarded,+ Local Boundary Correction,1,False,True,runs/analysis/full400_repeated_runtime/raw/local_reopen_guarded/repeat1.csv
152,2.0,1409877.0,1592274.0,80636936.0,59.9837,INDETERMINATE,152,0,data/test/3sat/400/3sat_56.cnf,0.0047461986541748,0.089179,0.2852542400360107,0.2900004386901855,60.362879438690186,3sat_56.cnf,local_reopen_guarded,+ Local Boundary Correction,1,False,True,runs/analysis/full400_repeated_runtime/raw/local_reopen_guarded/repeat1.csv
153,2.0,1444001.0,1641526.0,80851847.0,59.9799,INDETERMINATE,153,0,data/test/3sat/400/3sat_57.cnf,0.0047461986541748,0.091375,0.2852542400360107,0.2900004386901855,60.361275438690186,3sat_57.cnf,local_reopen_guarded,+ Local Boundary Correction,1,False,True,runs/analysis/full400_repeated_runtime/raw/local_reopen_guarded/repeat1.csv
154,2.0,1518070.0,1731889.0,90048674.0,59.9897,INDETERMINATE,154,0,data/test/3sat/400/3sat_58.cnf,0.0047461986541748,0.096639,0.2852542400360107,0.2900004386901855,60.37633943869019,3sat_58.cnf,local_reopen_guarded,+ Local Boundary Correction,1,False,True,runs/analysis/full400_repeated_runtime/raw/local_reopen_guarded/repeat1.csv
155,2.0,1486358.0,1702495.0,83687513.0,59.9725,INDETERMINATE,155,0,data/test/3sat/400/3sat_59.cnf,0.0047461986541748,0.100621,0.2852542400360107,0.2900004386901855,60.36312143869018,3sat_59.cnf,local_reopen_guarded,+ Local Boundary Correction,1,False,True,runs/analysis/full400_repeated_runtime/raw/local_reopen_guarded/repeat1.csv
156,2.0,1497269.0,1697725.0,83645297.0,59.9675,INDETERMINATE,156,0,data/test/3sat/400/3sat_6.cnf,0.0047461986541748,0.084902,0.2852542400360107,0.2900004386901855,60.342402438690186,3sat_6.cnf,local_reopen_guarded,+ Local Boundary Correction,1,False,True,runs/analysis/full400_repeated_runtime/raw/local_reopen_guarded/repeat1.csv
157,2.0,1413183.0,1607863.0,81258471.0,59.9932,INDETERMINATE,157,0,data/test/3sat/400/3sat_60.cnf,0.0047461986541748,0.093389,0.2852542400360107,0.2900004386901855,60.37658943869019,3sat_60.cnf,local_reopen_guarded,+ Local Boundary Correction,1,False,True,runs/analysis/full400_repeated_runtime/raw/local_reopen_guarded/repeat1.csv
158,2.0,1423131.0,1608683.0,79989224.0,59.9646,INDETERMINATE,158,0,data/test/3sat/400/3sat_61.cnf,0.0047461986541748,0.0833299999999999,0.2852542400360107,0.2900004386901855,60.33793043869018,3sat_61.cnf,local_reopen_guarded,+ Local Boundary Correction,1,False,True,runs/analysis/full400_repeated_runtime/raw/local_reopen_guarded/repeat1.csv
159,2.0,1501227.0,1702470.0,86559587.0,59.9672,INDETERMINATE,159,0,data/test/3sat/400/3sat_62.cnf,0.0047461986541748,0.0975969999999999,0.2852542400360107,0.2900004386901855,60.35479743869018,3sat_62.cnf,local_reopen_guarded,+ Local Boundary Correction,1,False,True,runs/analysis/full400_repeated_runtime/raw/local_reopen_guarded/repeat1.csv
160,2.0,138136.0,157894.0,8130882.0,4.95522,SATISFIABLE,160,0,data/test/3sat/400/3sat_63.cnf,0.0042741298675537,0.081516,0.3531415462493896,0.3574156761169433,5.394151676116943,3sat_63.cnf,local_reopen_guarded,+ Local Boundary Correction,1,True,False,runs/analysis/full400_repeated_runtime/raw/local_reopen_guarded/repeat1.csv
161,2.0,1439834.0,1629334.0,80402737.0,59.9669,INDETERMINATE,161,0,data/test/3sat/400/3sat_64.cnf,0.0042741298675537,0.098589,0.3531415462493896,0.3574156761169433,60.42290467611694,3sat_64.cnf,local_reopen_guarded,+ Local Boundary Correction,1,False,True,runs/analysis/full400_repeated_runtime/raw/local_reopen_guarded/repeat1.csv
162,1.0,224.0,339.0,14565.0,0.008799,SATISFIABLE,162,0,data/test/3sat/400/3sat_65.cnf,0.0042741298675537,0.0469,0.3531415462493896,0.3574156761169433,0.4131146761169433,3sat_65.cnf,local_reopen_guarded,+ Local Boundary Correction,1,True,False,runs/analysis/full400_repeated_runtime/raw/local_reopen_guarded/repeat1.csv
163,2.0,1423288.0,1633034.0,81403430.0,59.9814,INDETERMINATE,163,0,data/test/3sat/400/3sat_66.cnf,0.0042741298675537,0.087268,0.3531415462493896,0.3574156761169433,60.42608367611695,3sat_66.cnf,local_reopen_guarded,+ Local Boundary Correction,1,False,True,runs/analysis/full400_repeated_runtime/raw/local_reopen_guarded/repeat1.csv
164,2.0,1509230.0,1725111.0,86977026.0,59.9932,INDETERMINATE,164,0,data/test/3sat/400/3sat_67.cnf,0.0042741298675537,0.099859,0.3531415462493896,0.3574156761169433,60.45047467611695,3sat_67.cnf,local_reopen_guarded,+ Local Boundary Correction,1,False,True,runs/analysis/full400_repeated_runtime/raw/local_reopen_guarded/repeat1.csv
165,2.0,1384811.0,1584873.0,77890971.0,59.9785,INDETERMINATE,165,0,data/test/3sat/400/3sat_68.cnf,0.0042741298675537,0.101811,0.3531415462493896,0.3574156761169433,60.43772667611694,3sat_68.cnf,local_reopen_guarded,+ Local Boundary Correction,1,False,True,runs/analysis/full400_repeated_runtime/raw/local_reopen_guarded/repeat1.csv
166,2.0,1474118.0,1689718.0,87793021.0,59.9866,INDETERMINATE,166,0,data/test/3sat/400/3sat_69.cnf,0.0042741298675537,0.093206,0.3531415462493896,0.3574156761169433,60.43722167611695,3sat_69.cnf,local_reopen_guarded,+ Local Boundary Correction,1,False,True,runs/analysis/full400_repeated_runtime/raw/local_reopen_guarded/repeat1.csv
167,2.0,1515033.0,1710083.0,83854029.0,59.9669,INDETERMINATE,167,0,data/test/3sat/400/3sat_7.cnf,0.0042741298675537,0.097364,0.3531415462493896,0.3574156761169433,60.42167967611695,3sat_7.cnf,local_reopen_guarded,+ Local Boundary Correction,1,False,True,runs/analysis/full400_repeated_runtime/raw/local_reopen_guarded/repeat1.csv
168,1.0,2512.0,3124.0,152890.0,0.04897,SATISFIABLE,168,0,data/test/3sat/400/3sat_70.cnf,0.0042741298675537,0.092568,0.3531415462493896,0.3574156761169433,0.4989536761169433,3sat_70.cnf,local_reopen_guarded,+ Local Boundary Correction,1,True,False,runs/analysis/full400_repeated_runtime/raw/local_reopen_guarded/repeat1.csv
169,2.0,1483061.0,1697413.0,84494138.0,59.9458,INDETERMINATE,169,0,data/test/3sat/400/3sat_71.cnf,0.0042741298675537,0.093199,0.3531415462493896,0.3574156761169433,60.39641467611694,3sat_71.cnf,local_reopen_guarded,+ Local Boundary Correction,1,False,True,runs/analysis/full400_repeated_runtime/raw/local_reopen_guarded/repeat1.csv
170,2.0,1469786.0,1681895.0,82695367.0,59.9715,INDETERMINATE,170,0,data/test/3sat/400/3sat_72.cnf,0.003878116607666,0.0979869999999999,0.3512864112854004,0.3551645278930664,60.42465152789307,3sat_72.cnf,local_reopen_guarded,+ Local Boundary Correction,1,False,True,runs/analysis/full400_repeated_runtime/raw/local_reopen_guarded/repeat1.csv
171,2.0,1508597.0,1719177.0,86329119.0,59.9773,INDETERMINATE,171,0,data/test/3sat/400/3sat_73.cnf,0.003878116607666,0.095244,0.3512864112854004,0.3551645278930664,60.42770852789307,3sat_73.cnf,local_reopen_guarded,+ Local Boundary Correction,1,False,True,runs/analysis/full400_repeated_runtime/raw/local_reopen_guarded/repeat1.csv
172,2.0,1440447.0,1658160.0,81043449.0,59.9894,INDETERMINATE,172,0,data/test/3sat/400/3sat_74.cnf,0.003878116607666,0.096604,0.3512864112854004,0.3551645278930664,60.44116852789307,3sat_74.cnf,local_reopen_guarded,+ Local Boundary Correction,1,False,True,runs/analysis/full400_repeated_runtime/raw/local_reopen_guarded/repeat1.csv
173,2.0,1382176.0,1577269.0,75737057.0,59.97,INDETERMINATE,173,0,data/test/3sat/400/3sat_75.cnf,0.003878116607666,0.10175,0.3512864112854004,0.3551645278930664,60.42691452789307,3sat_75.cnf,local_reopen_guarded,+ Local Boundary Correction,1,False,True,runs/analysis/full400_repeated_runtime/raw/local_reopen_guarded/repeat1.csv
174,2.0,1454973.0,1655178.0,84855664.0,59.9773,INDETERMINATE,174,0,data/test/3sat/400/3sat_76.cnf,0.003878116607666,0.092981,0.3512864112854004,0.3551645278930664,60.42544552789307,3sat_76.cnf,local_reopen_guarded,+ Local Boundary Correction,1,False,True,runs/analysis/full400_repeated_runtime/raw/local_reopen_guarded/repeat1.csv
175,2.0,1463254.0,1669200.0,82170493.0,59.9891,INDETERMINATE,175,0,data/test/3sat/400/3sat_77.cnf,0.003878116607666,0.094025,0.3512864112854004,0.3551645278930664,60.43828952789307,3sat_77.cnf,local_reopen_guarded,+ Local Boundary Correction,1,False,True,runs/analysis/full400_repeated_runtime/raw/local_reopen_guarded/repeat1.csv
176,2.0,1479892.0,1685525.0,81177597.0,59.9806,INDETERMINATE,176,0,data/test/3sat/400/3sat_78.cnf,0.003878116607666,0.0856889999999999,0.3512864112854004,0.3551645278930664,60.42145352789307,3sat_78.cnf,local_reopen_guarded,+ Local Boundary Correction,1,False,True,runs/analysis/full400_repeated_runtime/raw/local_reopen_guarded/repeat1.csv
177,2.0,1419210.0,1622522.0,77951504.0,59.9859,INDETERMINATE,177,0,data/test/3sat/400/3sat_79.cnf,0.003878116607666,0.087111,0.3512864112854004,0.3551645278930664,60.42817552789307,3sat_79.cnf,local_reopen_guarded,+ Local Boundary Correction,1,False,True,runs/analysis/full400_repeated_runtime/raw/local_reopen_guarded/repeat1.csv
178,2.0,1449920.0,1647866.0,83874896.0,59.9771,INDETERMINATE,178,0,data/test/3sat/400/3sat_8.cnf,0.003878116607666,0.098864,0.3512864112854004,0.3551645278930664,60.431128527893065,3sat_8.cnf,local_reopen_guarded,+ Local Boundary Correction,1,False,True,runs/analysis/full400_repeated_runtime/raw/local_reopen_guarded/repeat1.csv
179,2.0,1507097.0,1736499.0,86975899.0,59.9832,INDETERMINATE,179,0,data/test/3sat/400/3sat_80.cnf,0.003878116607666,0.1043659999999999,0.3512864112854004,0.3551645278930664,60.44273052789306,3sat_80.cnf,local_reopen_guarded,+ Local Boundary Correction,1,False,True,runs/analysis/full400_repeated_runtime/raw/local_reopen_guarded/repeat1.csv
180,2.0,1470131.0,1663225.0,82060578.0,59.9821,INDETERMINATE,180,0,data/test/3sat/400/3sat_81.cnf,0.0038955211639404,0.09651,0.3007264137268066,0.304621934890747,60.38323193489075,3sat_81.cnf,local_reopen_guarded,+ Local Boundary Correction,1,False,True,runs/analysis/full400_repeated_runtime/raw/local_reopen_guarded/repeat1.csv
181,2.0,723843.0,829611.0,42069078.0,25.8858,SATISFIABLE,181,0,data/test/3sat/400/3sat_82.cnf,0.0038955211639404,0.084533,0.3007264137268066,0.304621934890747,26.274954934890747,3sat_82.cnf,local_reopen_guarded,+ Local Boundary Correction,1,True,False,runs/analysis/full400_repeated_runtime/raw/local_reopen_guarded/repeat1.csv
182,2.0,1470908.0,1677206.0,82280826.0,59.9805,INDETERMINATE,182,0,data/test/3sat/400/3sat_83.cnf,0.0038955211639404,0.085261,0.3007264137268066,0.304621934890747,60.37038293489075,3sat_83.cnf,local_reopen_guarded,+ Local Boundary Correction,1,False,True,runs/analysis/full400_repeated_runtime/raw/local_reopen_guarded/repeat1.csv
183,2.0,1352833.0,1548196.0,77369050.0,59.9897,INDETERMINATE,183,0,data/test/3sat/400/3sat_84.cnf,0.0038955211639404,0.092391,0.3007264137268066,0.304621934890747,60.386712934890745,3sat_84.cnf,local_reopen_guarded,+ Local Boundary Correction,1,False,True,runs/analysis/full400_repeated_runtime/raw/local_reopen_guarded/repeat1.csv
184,1.0,27518.0,32278.0,1663386.0,0.809157,SATISFIABLE,184,0,data/test/3sat/400/3sat_85.cnf,0.0038955211639404,0.101283,0.3007264137268066,0.304621934890747,1.215061934890747,3sat_85.cnf,local_reopen_guarded,+ Local Boundary Correction,1,True,False,runs/analysis/full400_repeated_runtime/raw/local_reopen_guarded/repeat1.csv
185,1.0,91912.0,107188.0,5690281.0,3.82991,SATISFIABLE,185,0,data/test/3sat/400/3sat_86.cnf,0.0038955211639404,0.089131,0.3007264137268066,0.304621934890747,4.223662934890747,3sat_86.cnf,local_reopen_guarded,+ Local Boundary Correction,1,True,False,runs/analysis/full400_repeated_runtime/raw/local_reopen_guarded/repeat1.csv
186,2.0,1375449.0,1571365.0,78419479.0,59.9829,INDETERMINATE,186,0,data/test/3sat/400/3sat_87.cnf,0.0038955211639404,0.101449,0.3007264137268066,0.304621934890747,60.38897093489075,3sat_87.cnf,local_reopen_guarded,+ Local Boundary Correction,1,False,True,runs/analysis/full400_repeated_runtime/raw/local_reopen_guarded/repeat1.csv
187,1.0,10969.0,13071.0,671709.0,0.227935,SATISFIABLE,187,0,data/test/3sat/400/3sat_88.cnf,0.0038955211639404,0.106275,0.3007264137268066,0.304621934890747,0.6388319348907471,3sat_88.cnf,local_reopen_guarded,+ Local Boundary Correction,1,True,False,runs/analysis/full400_repeated_runtime/raw/local_reopen_guarded/repeat1.csv
188,1.0,8641.0,10334.0,538222.0,0.18079,SATISFIABLE,188,0,data/test/3sat/400/3sat_89.cnf,0.0038955211639404,0.100483,0.3007264137268066,0.304621934890747,0.5858949348907471,3sat_89.cnf,local_reopen_guarded,+ Local Boundary Correction,1,True,False,runs/analysis/full400_repeated_runtime/raw/local_reopen_guarded/repeat1.csv
189,2.0,1541938.0,1756150.0,88677155.0,59.9748,INDETERMINATE,189,0,data/test/3sat/400/3sat_9.cnf,0.0038955211639404,0.1083,0.3007264137268066,0.304621934890747,60.38772193489075,3sat_9.cnf,local_reopen_guarded,+ Local Boundary Correction,1,False,True,runs/analysis/full400_repeated_runtime/raw/local_reopen_guarded/repeat1.csv
190,2.0,1457437.0,1672692.0,85362921.0,59.9805,INDETERMINATE,190,0,data/test/3sat/400/3sat_90.cnf,0.0044465065002441,0.097408,0.2935159206390381,0.2979624271392822,60.37587042713928,3sat_90.cnf,local_reopen_guarded,+ Local Boundary Correction,1,False,True,runs/analysis/full400_repeated_runtime/raw/local_reopen_guarded/repeat1.csv
191,1.0,41.0,125.0,3065.0,0.00556,SATISFIABLE,191,0,data/test/3sat/400/3sat_91.cnf,0.0044465065002441,0.091085,0.2935159206390381,0.2979624271392822,0.3946074271392822,3sat_91.cnf,local_reopen_guarded,+ Local Boundary Correction,1,True,False,runs/analysis/full400_repeated_runtime/raw/local_reopen_guarded/repeat1.csv
192,1.0,84619.0,96791.0,5278901.0,3.54732,SATISFIABLE,192,0,data/test/3sat/400/3sat_92.cnf,0.0044465065002441,0.099055,0.2935159206390381,0.2979624271392822,3.944337427139282,3sat_92.cnf,local_reopen_guarded,+ Local Boundary Correction,1,True,False,runs/analysis/full400_repeated_runtime/raw/local_reopen_guarded/repeat1.csv
193,2.0,621792.0,720709.0,37565651.0,22.7499,SATISFIABLE,193,0,data/test/3sat/400/3sat_93.cnf,0.0044465065002441,0.09716,0.2935159206390381,0.2979624271392822,23.14502242713928,3sat_93.cnf,local_reopen_guarded,+ Local Boundary Correction,1,True,False,runs/analysis/full400_repeated_runtime/raw/local_reopen_guarded/repeat1.csv
194,1.0,53988.0,62131.0,3367378.0,1.67165,SATISFIABLE,194,0,data/test/3sat/400/3sat_94.cnf,0.0044465065002441,0.089871,0.2935159206390381,0.2979624271392822,2.0594834271392823,3sat_94.cnf,local_reopen_guarded,+ Local Boundary Correction,1,True,False,runs/analysis/full400_repeated_runtime/raw/local_reopen_guarded/repeat1.csv
195,2.0,1461450.0,1664129.0,81805178.0,59.9754,INDETERMINATE,195,0,data/test/3sat/400/3sat_95.cnf,0.0044465065002441,0.090308,0.2935159206390381,0.2979624271392822,60.36367042713928,3sat_95.cnf,local_reopen_guarded,+ Local Boundary Correction,1,False,True,runs/analysis/full400_repeated_runtime/raw/local_reopen_guarded/repeat1.csv
196,1.0,3109.0,3849.0,199282.0,0.054375,SATISFIABLE,196,0,data/test/3sat/400/3sat_96.cnf,0.0044465065002441,0.085549,0.2935159206390381,0.2979624271392822,0.4378864271392822,3sat_96.cnf,local_reopen_guarded,+ Local Boundary Correction,1,True,False,runs/analysis/full400_repeated_runtime/raw/local_reopen_guarded/repeat1.csv
197,2.0,425291.0,491074.0,25526527.0,14.0957,SATISFIABLE,197,0,data/test/3sat/400/3sat_97.cnf,0.0044465065002441,0.0906759999999999,0.2935159206390381,0.2979624271392822,14.484338427139283,3sat_97.cnf,local_reopen_guarded,+ Local Boundary Correction,1,True,False,runs/analysis/full400_repeated_runtime/raw/local_reopen_guarded/repeat1.csv
198,2.0,1505019.0,1705376.0,84803799.0,59.9634,INDETERMINATE,198,0,data/test/3sat/400/3sat_98.cnf,0.0044465065002441,0.093232,0.2935159206390381,0.2979624271392822,60.35459442713928,3sat_98.cnf,local_reopen_guarded,+ Local Boundary Correction,1,False,True,runs/analysis/full400_repeated_runtime/raw/local_reopen_guarded/repeat1.csv
199,2.0,1488812.0,1699245.0,82159650.0,59.978,INDETERMINATE,199,0,data/test/3sat/400/3sat_99.cnf,0.0044465065002441,0.092305,0.2935159206390381,0.2979624271392822,60.36826742713929,3sat_99.cnf,local_reopen_guarded,+ Local Boundary Correction,1,False,True,runs/analysis/full400_repeated_runtime/raw/local_reopen_guarded/repeat1.csv
0,2.0,1461789.0,1668246.0,81476545.0,59.9827,INDETERMINATE,0,0,data/test/3sat/400/3sat_0.cnf,0.3258357048034668,0.0,0.0,0.3258357048034668,60.30853570480347,3sat_0.cnf,one_shot,One-shot,2,False,True,runs/analysis/full400_repeated_runtime/raw/one_shot/repeat2.csv
1,1.0,73715.0,85712.0,4316774.0,2.85364,SATISFIABLE,1,0,data/test/3sat/400/3sat_1.cnf,0.3258357048034668,0.0,0.0,0.3258357048034668,3.1794757048034668,3sat_1.cnf,one_shot,One-shot,2,True,False,runs/analysis/full400_repeated_runtime/raw/one_shot/repeat2.csv
2,2.0,1519429.0,1734781.0,85724498.0,59.9746,INDETERMINATE,2,0,data/test/3sat/400/3sat_10.cnf,0.3258357048034668,0.0,0.0,0.3258357048034668,60.30043570480347,3sat_10.cnf,one_shot,One-shot,2,False,True,runs/analysis/full400_repeated_runtime/raw/one_shot/repeat2.csv
3,1.0,3392.0,4166.0,213902.0,0.065976,SATISFIABLE,3,0,data/test/3sat/400/3sat_100.cnf,0.3258357048034668,0.0,0.0,0.3258357048034668,0.3918117048034668,3sat_100.cnf,one_shot,One-shot,2,True,False,runs/analysis/full400_repeated_runtime/raw/one_shot/repeat2.csv
4,2.0,1439064.0,1644592.0,80845641.0,59.9888,INDETERMINATE,4,0,data/test/3sat/400/3sat_101.cnf,0.3258357048034668,0.0,0.0,0.3258357048034668,60.31463570480346,3sat_101.cnf,one_shot,One-shot,2,False,True,runs/analysis/full400_repeated_runtime/raw/one_shot/repeat2.csv
5,2.0,1499197.0,1734300.0,85733391.0,59.9778,INDETERMINATE,5,0,data/test/3sat/400/3sat_102.cnf,0.3258357048034668,0.0,0.0,0.3258357048034668,60.30363570480347,3sat_102.cnf,one_shot,One-shot,2,False,True,runs/analysis/full400_repeated_runtime/raw/one_shot/repeat2.csv
6,2.0,1506294.0,1731565.0,85586598.0,59.9618,INDETERMINATE,6,0,data/test/3sat/400/3sat_103.cnf,0.3258357048034668,0.0,0.0,0.3258357048034668,60.28763570480346,3sat_103.cnf,one_shot,One-shot,2,False,True,runs/analysis/full400_repeated_runtime/raw/one_shot/repeat2.csv
7,2.0,1466982.0,1675788.0,81544827.0,59.9815,INDETERMINATE,7,0,data/test/3sat/400/3sat_104.cnf,0.3258357048034668,0.0,0.0,0.3258357048034668,60.30733570480346,3sat_104.cnf,one_shot,One-shot,2,False,True,runs/analysis/full400_repeated_runtime/raw/one_shot/repeat2.csv
8,2.0,1553679.0,1767610.0,88878489.0,59.9869,INDETERMINATE,8,0,data/test/3sat/400/3sat_105.cnf,0.3258357048034668,0.0,0.0,0.3258357048034668,60.312735704803465,3sat_105.cnf,one_shot,One-shot,2,False,True,runs/analysis/full400_repeated_runtime/raw/one_shot/repeat2.csv
9,2.0,1428731.0,1633811.0,79612308.0,59.9793,INDETERMINATE,9,0,data/test/3sat/400/3sat_106.cnf,0.3258357048034668,0.0,0.0,0.3258357048034668,60.30513570480347,3sat_106.cnf,one_shot,One-shot,2,False,True,runs/analysis/full400_repeated_runtime/raw/one_shot/repeat2.csv
10,2.0,1354288.0,1555826.0,77308501.0,59.9856,INDETERMINATE,10,0,data/test/3sat/400/3sat_107.cnf,0.3384585380554199,0.0,0.0,0.3384585380554199,60.32405853805542,3sat_107.cnf,one_shot,One-shot,2,False,True,runs/analysis/full400_repeated_runtime/raw/one_shot/repeat2.csv
11,2.0,1462582.0,1684663.0,81924606.0,59.9867,INDETERMINATE,11,0,data/test/3sat/400/3sat_108.cnf,0.3384585380554199,0.0,0.0,0.3384585380554199,60.32515853805542,3sat_108.cnf,one_shot,One-shot,2,False,True,runs/analysis/full400_repeated_runtime/raw/one_shot/repeat2.csv
12,2.0,1522572.0,1744529.0,85301490.0,59.9893,INDETERMINATE,12,0,data/test/3sat/400/3sat_109.cnf,0.3384585380554199,0.0,0.0,0.3384585380554199,60.32775853805542,3sat_109.cnf,one_shot,One-shot,2,False,True,runs/analysis/full400_repeated_runtime/raw/one_shot/repeat2.csv
13,1.0,40661.0,47692.0,2496556.0,1.35146,SATISFIABLE,13,0,data/test/3sat/400/3sat_11.cnf,0.3384585380554199,0.0,0.0,0.3384585380554199,1.68991853805542,3sat_11.cnf,one_shot,One-shot,2,True,False,runs/analysis/full400_repeated_runtime/raw/one_shot/repeat2.csv
14,2.0,1486274.0,1705647.0,85946563.0,59.9618,INDETERMINATE,14,0,data/test/3sat/400/3sat_110.cnf,0.3384585380554199,0.0,0.0,0.3384585380554199,60.30025853805542,3sat_110.cnf,one_shot,One-shot,2,False,True,runs/analysis/full400_repeated_runtime/raw/one_shot/repeat2.csv
15,2.0,1439633.0,1651598.0,84092521.0,59.9798,INDETERMINATE,15,0,data/test/3sat/400/3sat_111.cnf,0.3384585380554199,0.0,0.0,0.3384585380554199,60.31825853805542,3sat_111.cnf,one_shot,One-shot,2,False,True,runs/analysis/full400_repeated_runtime/raw/one_shot/repeat2.csv
16,2.0,1487733.0,1691216.0,86041835.0,59.9795,INDETERMINATE,16,0,data/test/3sat/400/3sat_112.cnf,0.3384585380554199,0.0,0.0,0.3384585380554199,60.31795853805542,3sat_112.cnf,one_shot,One-shot,2,False,True,runs/analysis/full400_repeated_runtime/raw/one_shot/repeat2.csv
17,2.0,1391649.0,1579089.0,79833133.0,59.9659,INDETERMINATE,17,0,data/test/3sat/400/3sat_113.cnf,0.3384585380554199,0.0,0.0,0.3384585380554199,60.30435853805542,3sat_113.cnf,one_shot,One-shot,2,False,True,runs/analysis/full400_repeated_runtime/raw/one_shot/repeat2.csv
18,2.0,1426575.0,1638442.0,80753062.0,59.9434,INDETERMINATE,18,0,data/test/3sat/400/3sat_114.cnf,0.3384585380554199,0.0,0.0,0.3384585380554199,60.28185853805542,3sat_114.cnf,one_shot,One-shot,2,False,True,runs/analysis/full400_repeated_runtime/raw/one_shot/repeat2.csv
19,2.0,1379057.0,1574769.0,77920002.0,59.9737,INDETERMINATE,19,0,data/test/3sat/400/3sat_115.cnf,0.3384585380554199,0.0,0.0,0.3384585380554199,60.31215853805542,3sat_115.cnf,one_shot,One-shot,2,False,True,runs/analysis/full400_repeated_runtime/raw/one_shot/repeat2.csv
20,2.0,1457862.0,1659882.0,81437093.0,59.9809,INDETERMINATE,20,0,data/test/3sat/400/3sat_116.cnf,0.333756685256958,0.0,0.0,0.333756685256958,60.31465668525696,3sat_116.cnf,one_shot,One-shot,2,False,True,runs/analysis/full400_repeated_runtime/raw/one_shot/repeat2.csv
21,2.0,1457563.0,1668405.0,81430196.0,59.9782,INDETERMINATE,21,0,data/test/3sat/400/3sat_117.cnf,0.333756685256958,0.0,0.0,0.333756685256958,60.31195668525696,3sat_117.cnf,one_shot,One-shot,2,False,True,runs/analysis/full400_repeated_runtime/raw/one_shot/repeat2.csv
22,2.0,1477323.0,1688841.0,83108841.0,59.9832,INDETERMINATE,22,0,data/test/3sat/400/3sat_118.cnf,0.333756685256958,0.0,0.0,0.333756685256958,60.31695668525696,3sat_118.cnf,one_shot,One-shot,2,False,True,runs/analysis/full400_repeated_runtime/raw/one_shot/repeat2.csv
23,2.0,1522540.0,1740949.0,84210135.0,59.9721,INDETERMINATE,23,0,data/test/3sat/400/3sat_119.cnf,0.333756685256958,0.0,0.0,0.333756685256958,60.30585668525696,3sat_119.cnf,one_shot,One-shot,2,False,True,runs/analysis/full400_repeated_runtime/raw/one_shot/repeat2.csv
24,2.0,1445007.0,1652518.0,81160672.0,59.9704,INDETERMINATE,24,0,data/test/3sat/400/3sat_12.cnf,0.333756685256958,0.0,0.0,0.333756685256958,60.30415668525696,3sat_12.cnf,one_shot,One-shot,2,False,True,runs/analysis/full400_repeated_runtime/raw/one_shot/repeat2.csv
25,1.0,75813.0,87762.0,4687360.0,3.14902,SATISFIABLE,25,0,data/test/3sat/400/3sat_120.cnf,0.333756685256958,0.0,0.0,0.333756685256958,3.482776685256958,3sat_120.cnf,one_shot,One-shot,2,True,False,runs/analysis/full400_repeated_runtime/raw/one_shot/repeat2.csv
26,1.0,47329.0,54623.0,2823769.0,1.37491,SATISFIABLE,26,0,data/test/3sat/400/3sat_121.cnf,0.333756685256958,0.0,0.0,0.333756685256958,1.708666685256958,3sat_121.cnf,one_shot,One-shot,2,True,False,runs/analysis/full400_repeated_runtime/raw/one_shot/repeat2.csv
27,2.0,1496933.0,1712504.0,85586583.0,59.9677,INDETERMINATE,27,0,data/test/3sat/400/3sat_122.cnf,0.333756685256958,0.0,0.0,0.333756685256958,60.30145668525696,3sat_122.cnf,one_shot,One-shot,2,False,True,runs/analysis/full400_repeated_runtime/raw/one_shot/repeat2.csv
28,2.0,1481532.0,1685387.0,84403198.0,59.9777,INDETERMINATE,28,0,data/test/3sat/400/3sat_123.cnf,0.333756685256958,0.0,0.0,0.333756685256958,60.31145668525696,3sat_123.cnf,one_shot,One-shot,2,False,True,runs/analysis/full400_repeated_runtime/raw/one_shot/repeat2.csv
29,1.0,654.0,900.0,43163.0,0.013335,SATISFIABLE,29,0,data/test/3sat/400/3sat_124.cnf,0.333756685256958,0.0,0.0,0.333756685256958,0.347091685256958,3sat_124.cnf,one_shot,One-shot,2,True,False,runs/analysis/full400_repeated_runtime/raw/one_shot/repeat2.csv
30,1.0,87018.0,101016.0,5296049.0,3.0688,SATISFIABLE,30,0,data/test/3sat/400/3sat_125.cnf,0.343050479888916,0.0,0.0,0.343050479888916,3.411850479888916,3sat_125.cnf,one_shot,One-shot,2,True,False,runs/analysis/full400_repeated_runtime/raw/one_shot/repeat2.csv
31,2.0,1501673.0,1717042.0,86067770.0,59.984,INDETERMINATE,31,0,data/test/3sat/400/3sat_126.cnf,0.343050479888916,0.0,0.0,0.343050479888916,60.32705047988892,3sat_126.cnf,one_shot,One-shot,2,False,True,runs/analysis/full400_repeated_runtime/raw/one_shot/repeat2.csv
32,2.0,1421936.0,1646091.0,83295247.0,59.9945,INDETERMINATE,32,0,data/test/3sat/400/3sat_127.cnf,0.343050479888916,0.0,0.0,0.343050479888916,60.33755047988892,3sat_127.cnf,one_shot,One-shot,2,False,True,runs/analysis/full400_repeated_runtime/raw/one_shot/repeat2.csv
33,2.0,972401.0,1117185.0,56912346.0,35.3937,SATISFIABLE,33,0,data/test/3sat/400/3sat_128.cnf,0.343050479888916,0.0,0.0,0.343050479888916,35.73675047988892,3sat_128.cnf,one_shot,One-shot,2,True,False,runs/analysis/full400_repeated_runtime/raw/one_shot/repeat2.csv
34,1.0,28034.0,33114.0,1750425.0,0.801827,SATISFIABLE,34,0,data/test/3sat/400/3sat_129.cnf,0.343050479888916,0.0,0.0,0.343050479888916,1.144877479888916,3sat_129.cnf,one_shot,One-shot,2,True,False,runs/analysis/full400_repeated_runtime/raw/one_shot/repeat2.csv
35,2.0,1468626.0,1688770.0,84342240.0,59.9912,INDETERMINATE,35,0,data/test/3sat/400/3sat_13.cnf,0.343050479888916,0.0,0.0,0.343050479888916,60.33425047988892,3sat_13.cnf,one_shot,One-shot,2,False,True,runs/analysis/full400_repeated_runtime/raw/one_shot/repeat2.csv
36,2.0,121568.0,139021.0,7304329.0,4.46665,SATISFIABLE,36,0,data/test/3sat/400/3sat_130.cnf,0.343050479888916,0.0,0.0,0.343050479888916,4.809700479888916,3sat_130.cnf,one_shot,One-shot,2,True,False,runs/analysis/full400_repeated_runtime/raw/one_shot/repeat2.csv
37,1.0,82086.0,96037.0,5035591.0,3.23542,SATISFIABLE,37,0,data/test/3sat/400/3sat_131.cnf,0.343050479888916,0.0,0.0,0.343050479888916,3.578470479888916,3sat_131.cnf,one_shot,One-shot,2,True,False,runs/analysis/full400_repeated_runtime/raw/one_shot/repeat2.csv
38,1.0,4890.0,5982.0,303741.0,0.092255,SATISFIABLE,38,0,data/test/3sat/400/3sat_132.cnf,0.343050479888916,0.0,0.0,0.343050479888916,0.435305479888916,3sat_132.cnf,one_shot,One-shot,2,True,False,runs/analysis/full400_repeated_runtime/raw/one_shot/repeat2.csv
39,2.0,1421013.0,1643061.0,82759914.0,59.9622,INDETERMINATE,39,0,data/test/3sat/400/3sat_133.cnf,0.343050479888916,0.0,0.0,0.343050479888916,60.30525047988892,3sat_133.cnf,one_shot,One-shot,2,False,True,runs/analysis/full400_repeated_runtime/raw/one_shot/repeat2.csv
40,2.0,1413135.0,1617670.0,79039955.0,59.9475,INDETERMINATE,40,0,data/test/3sat/400/3sat_134.cnf,0.3362114429473877,0.0,0.0,0.3362114429473877,60.283711442947386,3sat_134.cnf,one_shot,One-shot,2,False,True,runs/analysis/full400_repeated_runtime/raw/one_shot/repeat2.csv
41,2.0,1539523.0,1752388.0,85962777.0,59.9857,INDETERMINATE,41,0,data/test/3sat/400/3sat_135.cnf,0.3362114429473877,0.0,0.0,0.3362114429473877,60.32191144294739,3sat_135.cnf,one_shot,One-shot,2,False,True,runs/analysis/full400_repeated_runtime/raw/one_shot/repeat2.csv
42,2.0,1432260.0,1642502.0,84100252.0,59.9775,INDETERMINATE,42,0,data/test/3sat/400/3sat_136.cnf,0.3362114429473877,0.0,0.0,0.3362114429473877,60.31371144294739,3sat_136.cnf,one_shot,One-shot,2,False,True,runs/analysis/full400_repeated_runtime/raw/one_shot/repeat2.csv
43,2.0,1458894.0,1653804.0,78748177.0,59.9795,INDETERMINATE,43,0,data/test/3sat/400/3sat_137.cnf,0.3362114429473877,0.0,0.0,0.3362114429473877,60.31571144294739,3sat_137.cnf,one_shot,One-shot,2,False,True,runs/analysis/full400_repeated_runtime/raw/one_shot/repeat2.csv
44,2.0,1549496.0,1762840.0,89532721.0,59.9451,INDETERMINATE,44,0,data/test/3sat/400/3sat_138.cnf,0.3362114429473877,0.0,0.0,0.3362114429473877,60.28131144294738,3sat_138.cnf,one_shot,One-shot,2,False,True,runs/analysis/full400_repeated_runtime/raw/one_shot/repeat2.csv
45,2.0,1526778.0,1754522.0,87205021.0,59.9801,INDETERMINATE,45,0,data/test/3sat/400/3sat_139.cnf,0.3362114429473877,0.0,0.0,0.3362114429473877,60.31631144294739,3sat_139.cnf,one_shot,One-shot,2,False,True,runs/analysis/full400_repeated_runtime/raw/one_shot/repeat2.csv
46,2.0,133587.0,154405.0,8365184.0,5.16258,SATISFIABLE,46,0,data/test/3sat/400/3sat_14.cnf,0.3362114429473877,0.0,0.0,0.3362114429473877,5.498791442947388,3sat_14.cnf,one_shot,One-shot,2,True,False,runs/analysis/full400_repeated_runtime/raw/one_shot/repeat2.csv
47,2.0,1244295.0,1419655.0,73705026.0,48.548,SATISFIABLE,47,0,data/test/3sat/400/3sat_140.cnf,0.3362114429473877,0.0,0.0,0.3362114429473877,48.88421144294739,3sat_140.cnf,one_shot,One-shot,2,True,False,runs/analysis/full400_repeated_runtime/raw/one_shot/repeat2.csv
48,1.0,71109.0,82102.0,4299119.0,3.0643,SATISFIABLE,48,0,data/test/3sat/400/3sat_141.cnf,0.3362114429473877,0.0,0.0,0.3362114429473877,3.4005114429473875,3sat_141.cnf,one_shot,One-shot,2,True,False,runs/analysis/full400_repeated_runtime/raw/one_shot/repeat2.csv
49,1.0,61037.0,70865.0,3765471.0,2.11999,SATISFIABLE,49,0,data/test/3sat/400/3sat_142.cnf,0.3362114429473877,0.0,0.0,0.3362114429473877,2.456201442947388,3sat_142.cnf,one_shot,One-shot,2,True,False,runs/analysis/full400_repeated_runtime/raw/one_shot/repeat2.csv
50,2.0,1450750.0,1665891.0,83423245.0,59.9922,INDETERMINATE,50,0,data/test/3sat/400/3sat_143.cnf,0.4399373531341553,0.0,0.0,0.4399373531341553,60.43213735313415,3sat_143.cnf,one_shot,One-shot,2,False,True,runs/analysis/full400_repeated_runtime/raw/one_shot/repeat2.csv
51,2.0,1366281.0,1552130.0,76115069.0,59.9773,INDETERMINATE,51,0,data/test/3sat/400/3sat_144.cnf,0.4399373531341553,0.0,0.0,0.4399373531341553,60.41723735313416,3sat_144.cnf,one_shot,One-shot,2,False,True,runs/analysis/full400_repeated_runtime/raw/one_shot/repeat2.csv
52,2.0,1414937.0,1636292.0,80886296.0,59.9793,INDETERMINATE,52,0,data/test/3sat/400/3sat_145.cnf,0.4399373531341553,0.0,0.0,0.4399373531341553,60.41923735313416,3sat_145.cnf,one_shot,One-shot,2,False,True,runs/analysis/full400_repeated_runtime/raw/one_shot/repeat2.csv
53,2.0,1457582.0,1668464.0,81803750.0,59.989,INDETERMINATE,53,0,data/test/3sat/400/3sat_146.cnf,0.4399373531341553,0.0,0.0,0.4399373531341553,60.42893735313415,3sat_146.cnf,one_shot,One-shot,2,False,True,runs/analysis/full400_repeated_runtime/raw/one_shot/repeat2.csv
54,2.0,392510.0,450448.0,23393708.0,13.461,SATISFIABLE,54,0,data/test/3sat/400/3sat_147.cnf,0.4399373531341553,0.0,0.0,0.4399373531341553,13.900937353134156,3sat_147.cnf,one_shot,One-shot,2,True,False,runs/analysis/full400_repeated_runtime/raw/one_shot/repeat2.csv
55,2.0,1489107.0,1711223.0,87020089.0,59.9428,INDETERMINATE,55,0,data/test/3sat/400/3sat_148.cnf,0.4399373531341553,0.0,0.0,0.4399373531341553,60.38273735313416,3sat_148.cnf,one_shot,One-shot,2,False,True,runs/analysis/full400_repeated_runtime/raw/one_shot/repeat2.csv
56,1.0,97366.0,112279.0,5819460.0,3.74294,SATISFIABLE,56,0,data/test/3sat/400/3sat_149.cnf,0.4399373531341553,0.0,0.0,0.4399373531341553,4.182877353134155,3sat_149.cnf,one_shot,One-shot,2,True,False,runs/analysis/full400_repeated_runtime/raw/one_shot/repeat2.csv
57,2.0,1499964.0,1704769.0,85297273.0,59.9869,INDETERMINATE,57,0,data/test/3sat/400/3sat_15.cnf,0.4399373531341553,0.0,0.0,0.4399373531341553,60.42683735313416,3sat_15.cnf,one_shot,One-shot,2,False,True,runs/analysis/full400_repeated_runtime/raw/one_shot/repeat2.csv
58,1.0,16970.0,19929.0,1057698.0,0.38585,SATISFIABLE,58,0,data/test/3sat/400/3sat_150.cnf,0.4399373531341553,0.0,0.0,0.4399373531341553,0.8257873531341553,3sat_150.cnf,one_shot,One-shot,2,True,False,runs/analysis/full400_repeated_runtime/raw/one_shot/repeat2.csv
59,2.0,1473942.0,1674400.0,84979052.0,59.9916,INDETERMINATE,59,0,data/test/3sat/400/3sat_151.cnf,0.4399373531341553,0.0,0.0,0.4399373531341553,60.43153735313415,3sat_151.cnf,one_shot,One-shot,2,False,True,runs/analysis/full400_repeated_runtime/raw/one_shot/repeat2.csv
60,2.0,1504286.0,1731916.0,84336883.0,59.987,INDETERMINATE,60,0,data/test/3sat/400/3sat_152.cnf,0.3465759754180908,0.0,0.0,0.3465759754180908,60.33357597541809,3sat_152.cnf,one_shot,One-shot,2,False,True,runs/analysis/full400_repeated_runtime/raw/one_shot/repeat2.csv
61,2.0,1429625.0,1629414.0,80185022.0,59.9742,INDETERMINATE,61,0,data/test/3sat/400/3sat_153.cnf,0.3465759754180908,0.0,0.0,0.3465759754180908,60.320775975418094,3sat_153.cnf,one_shot,One-shot,2,False,True,runs/analysis/full400_repeated_runtime/raw/one_shot/repeat2.csv
62,1.0,42118.0,49122.0,2596236.0,1.44086,SATISFIABLE,62,0,data/test/3sat/400/3sat_154.cnf,0.3465759754180908,0.0,0.0,0.3465759754180908,1.7874359754180908,3sat_154.cnf,one_shot,One-shot,2,True,False,runs/analysis/full400_repeated_runtime/raw/one_shot/repeat2.csv
63,2.0,1522337.0,1734451.0,84985539.0,59.98,INDETERMINATE,63,0,data/test/3sat/400/3sat_155.cnf,0.3465759754180908,0.0,0.0,0.3465759754180908,60.32657597541809,3sat_155.cnf,one_shot,One-shot,2,False,True,runs/analysis/full400_repeated_runtime/raw/one_shot/repeat2.csv
64,2.0,1449133.0,1653299.0,82221887.0,59.9753,INDETERMINATE,64,0,data/test/3sat/400/3sat_156.cnf,0.3465759754180908,0.0,0.0,0.3465759754180908,60.32187597541809,3sat_156.cnf,one_shot,One-shot,2,False,True,runs/analysis/full400_repeated_runtime/raw/one_shot/repeat2.csv
65,1.0,75250.0,88905.0,4657000.0,2.95834,SATISFIABLE,65,0,data/test/3sat/400/3sat_157.cnf,0.3465759754180908,0.0,0.0,0.3465759754180908,3.304915975418091,3sat_157.cnf,one_shot,One-shot,2,True,False,runs/analysis/full400_repeated_runtime/raw/one_shot/repeat2.csv
66,2.0,1469608.0,1664747.0,81796070.0,59.988,INDETERMINATE,66,0,data/test/3sat/400/3sat_158.cnf,0.3465759754180908,0.0,0.0,0.3465759754180908,60.33457597541809,3sat_158.cnf,one_shot,One-shot,2,False,True,runs/analysis/full400_repeated_runtime/raw/one_shot/repeat2.csv
67,2.0,1478383.0,1697843.0,85065871.0,59.9557,INDETERMINATE,67,0,data/test/3sat/400/3sat_159.cnf,0.3465759754180908,0.0,0.0,0.3465759754180908,60.30227597541809,3sat_159.cnf,one_shot,One-shot,2,False,True,runs/analysis/full400_repeated_runtime/raw/one_shot/repeat2.csv
68,2.0,1559761.0,1771461.0,89483089.0,59.985,INDETERMINATE,68,0,data/test/3sat/400/3sat_16.cnf,0.3465759754180908,0.0,0.0,0.3465759754180908,60.33157597541809,3sat_16.cnf,one_shot,One-shot,2,False,True,runs/analysis/full400_repeated_runtime/raw/one_shot/repeat2.csv
69,2.0,1509718.0,1728389.0,84217681.0,59.9937,INDETERMINATE,69,0,data/test/3sat/400/3sat_160.cnf,0.3465759754180908,0.0,0.0,0.3465759754180908,60.34027597541809,3sat_160.cnf,one_shot,One-shot,2,False,True,runs/analysis/full400_repeated_runtime/raw/one_shot/repeat2.csv
70,2.0,1550406.0,1765212.0,89672067.0,59.9848,INDETERMINATE,70,0,data/test/3sat/400/3sat_161.cnf,0.3249807357788086,0.0,0.0,0.3249807357788086,60.30978073577881,3sat_161.cnf,one_shot,One-shot,2,False,True,runs/analysis/full400_repeated_runtime/raw/one_shot/repeat2.csv
71,2.0,1421952.0,1607356.0,80120791.0,59.9752,INDETERMINATE,71,0,data/test/3sat/400/3sat_162.cnf,0.3249807357788086,0.0,0.0,0.3249807357788086,60.30018073577881,3sat_162.cnf,one_shot,One-shot,2,False,True,runs/analysis/full400_repeated_runtime/raw/one_shot/repeat2.csv
72,2.0,1442008.0,1637508.0,81164248.0,59.9757,INDETERMINATE,72,0,data/test/3sat/400/3sat_163.cnf,0.3249807357788086,0.0,0.0,0.3249807357788086,60.30068073577881,3sat_163.cnf,one_shot,One-shot,2,False,True,runs/analysis/full400_repeated_runtime/raw/one_shot/repeat2.csv
73,2.0,1504815.0,1727032.0,87456276.0,59.984,INDETERMINATE,73,0,data/test/3sat/400/3sat_164.cnf,0.3249807357788086,0.0,0.0,0.3249807357788086,60.30898073577881,3sat_164.cnf,one_shot,One-shot,2,False,True,runs/analysis/full400_repeated_runtime/raw/one_shot/repeat2.csv
74,1.0,7043.0,8408.0,453223.0,0.151447,SATISFIABLE,74,0,data/test/3sat/400/3sat_165.cnf,0.3249807357788086,0.0,0.0,0.3249807357788086,0.4764277357788086,3sat_165.cnf,one_shot,One-shot,2,True,False,runs/analysis/full400_repeated_runtime/raw/one_shot/repeat2.csv
75,2.0,1549039.0,1770665.0,87451271.0,59.9866,INDETERMINATE,75,0,data/test/3sat/400/3sat_166.cnf,0.3249807357788086,0.0,0.0,0.3249807357788086,60.31158073577881,3sat_166.cnf,one_shot,One-shot,2,False,True,runs/analysis/full400_repeated_runtime/raw/one_shot/repeat2.csv
76,2.0,399529.0,460797.0,23951550.0,12.7141,SATISFIABLE,76,0,data/test/3sat/400/3sat_167.cnf,0.3249807357788086,0.0,0.0,0.3249807357788086,13.039080735778809,3sat_167.cnf,one_shot,One-shot,2,True,False,runs/analysis/full400_repeated_runtime/raw/one_shot/repeat2.csv
77,2.0,1405952.0,1589783.0,80513933.0,59.9816,INDETERMINATE,77,0,data/test/3sat/400/3sat_168.cnf,0.3249807357788086,0.0,0.0,0.3249807357788086,60.30658073577881,3sat_168.cnf,one_shot,One-shot,2,False,True,runs/analysis/full400_repeated_runtime/raw/one_shot/repeat2.csv
78,2.0,1459829.0,1675735.0,84278596.0,59.9825,INDETERMINATE,78,0,data/test/3sat/400/3sat_169.cnf,0.3249807357788086,0.0,0.0,0.3249807357788086,60.30748073577881,3sat_169.cnf,one_shot,One-shot,2,False,True,runs/analysis/full400_repeated_runtime/raw/one_shot/repeat2.csv
79,2.0,1383909.0,1585312.0,77801831.0,59.99,INDETERMINATE,79,0,data/test/3sat/400/3sat_17.cnf,0.3249807357788086,0.0,0.0,0.3249807357788086,60.31498073577881,3sat_17.cnf,one_shot,One-shot,2,False,True,runs/analysis/full400_repeated_runtime/raw/one_shot/repeat2.csv
80,2.0,1430762.0,1633450.0,79621680.0,59.9921,INDETERMINATE,80,0,data/test/3sat/400/3sat_170.cnf,0.3225882053375244,0.0,0.0,0.3225882053375244,60.314688205337525,3sat_170.cnf,one_shot,One-shot,2,False,True,runs/analysis/full400_repeated_runtime/raw/one_shot/repeat2.csv
81,2.0,1383229.0,1576053.0,78627041.0,59.9692,INDETERMINATE,81,0,data/test/3sat/400/3sat_171.cnf,0.3225882053375244,0.0,0.0,0.3225882053375244,60.291788205337525,3sat_171.cnf,one_shot,One-shot,2,False,True,runs/analysis/full400_repeated_runtime/raw/one_shot/repeat2.csv
82,2.0,1432979.0,1654231.0,83301791.0,59.9817,INDETERMINATE,82,0,data/test/3sat/400/3sat_172.cnf,0.3225882053375244,0.0,0.0,0.3225882053375244,60.30428820533752,3sat_172.cnf,one_shot,One-shot,2,False,True,runs/analysis/full400_repeated_runtime/raw/one_shot/repeat2.csv
83,2.0,1442489.0,1649247.0,82762374.0,59.9775,INDETERMINATE,83,0,data/test/3sat/400/3sat_173.cnf,0.3225882053375244,0.0,0.0,0.3225882053375244,60.30008820533752,3sat_173.cnf,one_shot,One-shot,2,False,True,runs/analysis/full400_repeated_runtime/raw/one_shot/repeat2.csv
84,2.0,1451271.0,1647030.0,81601106.0,59.9933,INDETERMINATE,84,0,data/test/3sat/400/3sat_174.cnf,0.3225882053375244,0.0,0.0,0.3225882053375244,60.31588820533752,3sat_174.cnf,one_shot,One-shot,2,False,True,runs/analysis/full400_repeated_runtime/raw/one_shot/repeat2.csv
85,2.0,1561653.0,1771628.0,86322766.0,59.9742,INDETERMINATE,85,0,data/test/3sat/400/3sat_175.cnf,0.3225882053375244,0.0,0.0,0.3225882053375244,60.29678820533753,3sat_175.cnf,one_shot,One-shot,2,False,True,runs/analysis/full400_repeated_runtime/raw/one_shot/repeat2.csv
86,1.0,44850.0,52377.0,2659490.0,1.46975,SATISFIABLE,86,0,data/test/3sat/400/3sat_176.cnf,0.3225882053375244,0.0,0.0,0.3225882053375244,1.7923382053375243,3sat_176.cnf,one_shot,One-shot,2,True,False,runs/analysis/full400_repeated_runtime/raw/one_shot/repeat2.csv
87,2.0,1471669.0,1667737.0,84602309.0,59.9866,INDETERMINATE,87,0,data/test/3sat/400/3sat_177.cnf,0.3225882053375244,0.0,0.0,0.3225882053375244,60.30918820533753,3sat_177.cnf,one_shot,One-shot,2,False,True,runs/analysis/full400_repeated_runtime/raw/one_shot/repeat2.csv
88,2.0,1536030.0,1776739.0,89017845.0,59.9746,INDETERMINATE,88,0,data/test/3sat/400/3sat_178.cnf,0.3225882053375244,0.0,0.0,0.3225882053375244,60.29718820533753,3sat_178.cnf,one_shot,One-shot,2,False,True,runs/analysis/full400_repeated_runtime/raw/one_shot/repeat2.csv
89,2.0,1554012.0,1768593.0,89293880.0,59.9897,INDETERMINATE,89,0,data/test/3sat/400/3sat_179.cnf,0.3225882053375244,0.0,0.0,0.3225882053375244,60.31228820533752,3sat_179.cnf,one_shot,One-shot,2,False,True,runs/analysis/full400_repeated_runtime/raw/one_shot/repeat2.csv
90,2.0,1415280.0,1617797.0,81390731.0,59.9906,INDETERMINATE,90,0,data/test/3sat/400/3sat_18.cnf,0.3244185447692871,0.0,0.0,0.3244185447692871,60.31501854476929,3sat_18.cnf,one_shot,One-shot,2,False,True,runs/analysis/full400_repeated_runtime/raw/one_shot/repeat2.csv
91,2.0,479866.0,551097.0,28918715.0,16.4689,SATISFIABLE,91,0,data/test/3sat/400/3sat_180.cnf,0.3244185447692871,0.0,0.0,0.3244185447692871,16.79331854476929,3sat_180.cnf,one_shot,One-shot,2,True,False,runs/analysis/full400_repeated_runtime/raw/one_shot/repeat2.csv
92,1.0,52050.0,59791.0,3130772.0,1.82898,SATISFIABLE,92,0,data/test/3sat/400/3sat_181.cnf,0.3244185447692871,0.0,0.0,0.3244185447692871,2.153398544769287,3sat_181.cnf,one_shot,One-shot,2,True,False,runs/analysis/full400_repeated_runtime/raw/one_shot/repeat2.csv
93,2.0,1498968.0,1717397.0,82762742.0,59.9893,INDETERMINATE,93,0,data/test/3sat/400/3sat_182.cnf,0.3244185447692871,0.0,0.0,0.3244185447692871,60.31371854476929,3sat_182.cnf,one_shot,One-shot,2,False,True,runs/analysis/full400_repeated_runtime/raw/one_shot/repeat2.csv
94,2.0,1470577.0,1679445.0,82491779.0,59.9718,INDETERMINATE,94,0,data/test/3sat/400/3sat_183.cnf,0.3244185447692871,0.0,0.0,0.3244185447692871,60.29621854476929,3sat_183.cnf,one_shot,One-shot,2,False,True,runs/analysis/full400_repeated_runtime/raw/one_shot/repeat2.csv
95,2.0,1460608.0,1663796.0,83710548.0,59.9802,INDETERMINATE,95,0,data/test/3sat/400/3sat_184.cnf,0.3244185447692871,0.0,0.0,0.3244185447692871,60.30461854476929,3sat_184.cnf,one_shot,One-shot,2,False,True,runs/analysis/full400_repeated_runtime/raw/one_shot/repeat2.csv
96,2.0,1561677.0,1766020.0,87686332.0,59.9737,INDETERMINATE,96,0,data/test/3sat/400/3sat_185.cnf,0.3244185447692871,0.0,0.0,0.3244185447692871,60.29811854476929,3sat_185.cnf,one_shot,One-shot,2,False,True,runs/analysis/full400_repeated_runtime/raw/one_shot/repeat2.csv
97,2.0,1354140.0,1547190.0,73946913.0,59.9519,INDETERMINATE,97,0,data/test/3sat/400/3sat_186.cnf,0.3244185447692871,0.0,0.0,0.3244185447692871,60.27631854476929,3sat_186.cnf,one_shot,One-shot,2,False,True,runs/analysis/full400_repeated_runtime/raw/one_shot/repeat2.csv
98,2.0,1360556.0,1567957.0,76727600.0,59.9765,INDETERMINATE,98,0,data/test/3sat/400/3sat_187.cnf,0.3244185447692871,0.0,0.0,0.3244185447692871,60.30091854476929,3sat_187.cnf,one_shot,One-shot,2,False,True,runs/analysis/full400_repeated_runtime/raw/one_shot/repeat2.csv
99,2.0,1565318.0,1787589.0,89457221.0,59.9778,INDETERMINATE,99,0,data/test/3sat/400/3sat_188.cnf,0.3244185447692871,0.0,0.0,0.3244185447692871,60.30221854476929,3sat_188.cnf,one_shot,One-shot,2,False,True,runs/analysis/full400_repeated_runtime/raw/one_shot/repeat2.csv
100,2.0,1369926.0,1566222.0,78694604.0,59.9839,INDETERMINATE,100,0,data/test/3sat/400/3sat_189.cnf,0.3283288478851318,0.0,0.0,0.3283288478851318,60.31222884788513,3sat_189.cnf,one_shot,One-shot,2,False,True,runs/analysis/full400_repeated_runtime/raw/one_shot/repeat2.csv
101,1.0,89648.0,102340.0,5281405.0,3.64568,SATISFIABLE,101,0,data/test/3sat/400/3sat_19.cnf,0.3283288478851318,0.0,0.0,0.3283288478851318,3.974008847885132,3sat_19.cnf,one_shot,One-shot,2,True,False,runs/analysis/full400_repeated_runtime/raw/one_shot/repeat2.csv
102,1.0,1353.0,1762.0,87323.0,0.028719,SATISFIABLE,102,0,data/test/3sat/400/3sat_190.cnf,0.3283288478851318,0.0,0.0,0.3283288478851318,0.3570478478851318,3sat_190.cnf,one_shot,One-shot,2,True,False,runs/analysis/full400_repeated_runtime/raw/one_shot/repeat2.csv
103,2.0,1411688.0,1603172.0,79678129.0,59.9839,INDETERMINATE,103,0,data/test/3sat/400/3sat_191.cnf,0.3283288478851318,0.0,0.0,0.3283288478851318,60.31222884788513,3sat_191.cnf,one_shot,One-shot,2,False,True,runs/analysis/full400_repeated_runtime/raw/one_shot/repeat2.csv
104,2.0,1422511.0,1640874.0,80302426.0,59.9875,INDETERMINATE,104,0,data/test/3sat/400/3sat_192.cnf,0.3283288478851318,0.0,0.0,0.3283288478851318,60.31582884788513,3sat_192.cnf,one_shot,One-shot,2,False,True,runs/analysis/full400_repeated_runtime/raw/one_shot/repeat2.csv
105,2.0,1373592.0,1567516.0,79561614.0,59.9775,INDETERMINATE,105,0,data/test/3sat/400/3sat_193.cnf,0.3283288478851318,0.0,0.0,0.3283288478851318,60.30582884788513,3sat_193.cnf,one_shot,One-shot,2,False,True,runs/analysis/full400_repeated_runtime/raw/one_shot/repeat2.csv
106,2.0,1362295.0,1546690.0,77649238.0,59.9785,INDETERMINATE,106,0,data/test/3sat/400/3sat_194.cnf,0.3283288478851318,0.0,0.0,0.3283288478851318,60.30682884788513,3sat_194.cnf,one_shot,One-shot,2,False,True,runs/analysis/full400_repeated_runtime/raw/one_shot/repeat2.csv
107,2.0,1492565.0,1703117.0,87105993.0,59.9839,INDETERMINATE,107,0,data/test/3sat/400/3sat_195.cnf,0.3283288478851318,0.0,0.0,0.3283288478851318,60.31222884788513,3sat_195.cnf,one_shot,One-shot,2,False,True,runs/analysis/full400_repeated_runtime/raw/one_shot/repeat2.csv
108,2.0,885139.0,1017689.0,51832819.0,31.1599,SATISFIABLE,108,0,data/test/3sat/400/3sat_196.cnf,0.3283288478851318,0.0,0.0,0.3283288478851318,31.48822884788513,3sat_196.cnf,one_shot,One-shot,2,True,False,runs/analysis/full400_repeated_runtime/raw/one_shot/repeat2.csv
109,2.0,1506014.0,1717024.0,84419837.0,59.9735,INDETERMINATE,109,0,data/test/3sat/400/3sat_197.cnf,0.3283288478851318,0.0,0.0,0.3283288478851318,60.30182884788513,3sat_197.cnf,one_shot,One-shot,2,False,True,runs/analysis/full400_repeated_runtime/raw/one_shot/repeat2.csv
110,2.0,1409930.0,1613007.0,81672054.0,59.9701,INDETERMINATE,110,0,data/test/3sat/400/3sat_198.cnf,0.3243179321289062,0.0,0.0,0.3243179321289062,60.29441793212891,3sat_198.cnf,one_shot,One-shot,2,False,True,runs/analysis/full400_repeated_runtime/raw/one_shot/repeat2.csv
111,2.0,1397861.0,1601501.0,78039482.0,59.9797,INDETERMINATE,111,0,data/test/3sat/400/3sat_199.cnf,0.3243179321289062,0.0,0.0,0.3243179321289062,60.30401793212891,3sat_199.cnf,one_shot,One-shot,2,False,True,runs/analysis/full400_repeated_runtime/raw/one_shot/repeat2.csv
112,2.0,1440640.0,1644639.0,83683286.0,59.9779,INDETERMINATE,112,0,data/test/3sat/400/3sat_2.cnf,0.3243179321289062,0.0,0.0,0.3243179321289062,60.3022179321289,3sat_2.cnf,one_shot,One-shot,2,False,True,runs/analysis/full400_repeated_runtime/raw/one_shot/repeat2.csv
113,2.0,361980.0,419239.0,21758927.0,12.3593,SATISFIABLE,113,0,data/test/3sat/400/3sat_20.cnf,0.3243179321289062,0.0,0.0,0.3243179321289062,12.683617932128906,3sat_20.cnf,one_shot,One-shot,2,True,False,runs/analysis/full400_repeated_runtime/raw/one_shot/repeat2.csv
114,2.0,1461788.0,1692179.0,85080991.0,59.9741,INDETERMINATE,114,0,data/test/3sat/400/3sat_21.cnf,0.3243179321289062,0.0,0.0,0.3243179321289062,60.298417932128906,3sat_21.cnf,one_shot,One-shot,2,False,True,runs/analysis/full400_repeated_runtime/raw/one_shot/repeat2.csv
115,1.0,41448.0,48376.0,2524622.0,1.30166,SATISFIABLE,115,0,data/test/3sat/400/3sat_22.cnf,0.3243179321289062,0.0,0.0,0.3243179321289062,1.6259779321289063,3sat_22.cnf,one_shot,One-shot,2,True,False,runs/analysis/full400_repeated_runtime/raw/one_shot/repeat2.csv
116,2.0,1379836.0,1578861.0,76613695.0,59.9857,INDETERMINATE,116,0,data/test/3sat/400/3sat_23.cnf,0.3243179321289062,0.0,0.0,0.3243179321289062,60.31001793212891,3sat_23.cnf,one_shot,One-shot,2,False,True,runs/analysis/full400_repeated_runtime/raw/one_shot/repeat2.csv
117,1.0,97677.0,112677.0,5872880.0,4.06271,SATISFIABLE,117,0,data/test/3sat/400/3sat_24.cnf,0.3243179321289062,0.0,0.0,0.3243179321289062,4.387027932128906,3sat_24.cnf,one_shot,One-shot,2,True,False,runs/analysis/full400_repeated_runtime/raw/one_shot/repeat2.csv
118,1.0,41249.0,47888.0,2486997.0,1.13528,SATISFIABLE,118,0,data/test/3sat/400/3sat_25.cnf,0.3243179321289062,0.0,0.0,0.3243179321289062,1.4595979321289063,3sat_25.cnf,one_shot,One-shot,2,True,False,runs/analysis/full400_repeated_runtime/raw/one_shot/repeat2.csv
119,2.0,1396596.0,1594382.0,80014158.0,59.9889,INDETERMINATE,119,0,data/test/3sat/400/3sat_26.cnf,0.3243179321289062,0.0,0.0,0.3243179321289062,60.31321793212891,3sat_26.cnf,one_shot,One-shot,2,False,True,runs/analysis/full400_repeated_runtime/raw/one_shot/repeat2.csv
120,1.0,9470.0,11447.0,605518.0,0.195933,SATISFIABLE,120,0,data/test/3sat/400/3sat_27.cnf,0.3312489986419678,0.0,0.0,0.3312489986419678,0.5271819986419678,3sat_27.cnf,one_shot,One-shot,2,True,False,runs/analysis/full400_repeated_runtime/raw/one_shot/repeat2.csv
121,2.0,1524095.0,1744565.0,86359896.0,59.9777,INDETERMINATE,121,0,data/test/3sat/400/3sat_28.cnf,0.3312489986419678,0.0,0.0,0.3312489986419678,60.30894899864197,3sat_28.cnf,one_shot,One-shot,2,False,True,runs/analysis/full400_repeated_runtime/raw/one_shot/repeat2.csv
122,2.0,1539772.0,1754416.0,88513713.0,59.9931,INDETERMINATE,122,0,data/test/3sat/400/3sat_29.cnf,0.3312489986419678,0.0,0.0,0.3312489986419678,60.324348998641966,3sat_29.cnf,one_shot,One-shot,2,False,True,runs/analysis/full400_repeated_runtime/raw/one_shot/repeat2.csv
123,2.0,1507682.0,1728452.0,88746946.0,59.9753,INDETERMINATE,123,0,data/test/3sat/400/3sat_3.cnf,0.3312489986419678,0.0,0.0,0.3312489986419678,60.306548998641965,3sat_3.cnf,one_shot,One-shot,2,False,True,runs/analysis/full400_repeated_runtime/raw/one_shot/repeat2.csv
124,2.0,1431326.0,1632681.0,82784484.0,59.9937,INDETERMINATE,124,0,data/test/3sat/400/3sat_30.cnf,0.3312489986419678,0.0,0.0,0.3312489986419678,60.324948998641965,3sat_30.cnf,one_shot,One-shot,2,False,True,runs/analysis/full400_repeated_runtime/raw/one_shot/repeat2.csv
125,2.0,1358000.0,1552706.0,76116663.0,59.9959,INDETERMINATE,125,0,data/test/3sat/400/3sat_31.cnf,0.3312489986419678,0.0,0.0,0.3312489986419678,60.32714899864197,3sat_31.cnf,one_shot,One-shot,2,False,True,runs/analysis/full400_repeated_runtime/raw/one_shot/repeat2.csv
126,2.0,1441615.0,1630827.0,81197003.0,59.983,INDETERMINATE,126,0,data/test/3sat/400/3sat_32.cnf,0.3312489986419678,0.0,0.0,0.3312489986419678,60.314248998641965,3sat_32.cnf,one_shot,One-shot,2,False,True,runs/analysis/full400_repeated_runtime/raw/one_shot/repeat2.csv
127,2.0,1394017.0,1599445.0,79568442.0,59.9892,INDETERMINATE,127,0,data/test/3sat/400/3sat_33.cnf,0.3312489986419678,0.0,0.0,0.3312489986419678,60.320448998641965,3sat_33.cnf,one_shot,One-shot,2,False,True,runs/analysis/full400_repeated_runtime/raw/one_shot/repeat2.csv
128,2.0,1563486.0,1785726.0,90530096.0,59.9779,INDETERMINATE,128,0,data/test/3sat/400/3sat_34.cnf,0.3312489986419678,0.0,0.0,0.3312489986419678,60.309148998641966,3sat_34.cnf,one_shot,One-shot,2,False,True,runs/analysis/full400_repeated_runtime/raw/one_shot/repeat2.csv
129,2.0,1518498.0,1743754.0,83623036.0,59.9692,INDETERMINATE,129,0,data/test/3sat/400/3sat_35.cnf,0.3312489986419678,0.0,0.0,0.3312489986419678,60.30044899864197,3sat_35.cnf,one_shot,One-shot,2,False,True,runs/analysis/full400_repeated_runtime/raw/one_shot/repeat2.csv
130,2.0,1481121.0,1694923.0,83211035.0,59.9901,INDETERMINATE,130,0,data/test/3sat/400/3sat_36.cnf,0.3151140213012695,0.0,0.0,0.3151140213012695,60.30521402130127,3sat_36.cnf,one_shot,One-shot,2,False,True,runs/analysis/full400_repeated_runtime/raw/one_shot/repeat2.csv
131,2.0,1482618.0,1682826.0,83414022.0,59.9754,INDETERMINATE,131,0,data/test/3sat/400/3sat_37.cnf,0.3151140213012695,0.0,0.0,0.3151140213012695,60.29051402130127,3sat_37.cnf,one_shot,One-shot,2,False,True,runs/analysis/full400_repeated_runtime/raw/one_shot/repeat2.csv
132,2.0,1482284.0,1692729.0,84637034.0,59.9813,INDETERMINATE,132,0,data/test/3sat/400/3sat_38.cnf,0.3151140213012695,0.0,0.0,0.3151140213012695,60.29641402130127,3sat_38.cnf,one_shot,One-shot,2,False,True,runs/analysis/full400_repeated_runtime/raw/one_shot/repeat2.csv
133,2.0,1472247.0,1693959.0,82388392.0,59.9745,INDETERMINATE,133,0,data/test/3sat/400/3sat_39.cnf,0.3151140213012695,0.0,0.0,0.3151140213012695,60.28961402130127,3sat_39.cnf,one_shot,One-shot,2,False,True,runs/analysis/full400_repeated_runtime/raw/one_shot/repeat2.csv
134,2.0,1501175.0,1713414.0,84338608.0,59.9704,INDETERMINATE,134,0,data/test/3sat/400/3sat_4.cnf,0.3151140213012695,0.0,0.0,0.3151140213012695,60.28551402130127,3sat_4.cnf,one_shot,One-shot,2,False,True,runs/analysis/full400_repeated_runtime/raw/one_shot/repeat2.csv
135,2.0,1505247.0,1720236.0,85702579.0,59.9778,INDETERMINATE,135,0,data/test/3sat/400/3sat_40.cnf,0.3151140213012695,0.0,0.0,0.3151140213012695,60.29291402130127,3sat_40.cnf,one_shot,One-shot,2,False,True,runs/analysis/full400_repeated_runtime/raw/one_shot/repeat2.csv
136,2.0,1368588.0,1553984.0,76152909.0,59.9814,INDETERMINATE,136,0,data/test/3sat/400/3sat_41.cnf,0.3151140213012695,0.0,0.0,0.3151140213012695,60.29651402130127,3sat_41.cnf,one_shot,One-shot,2,False,True,runs/analysis/full400_repeated_runtime/raw/one_shot/repeat2.csv
137,2.0,1581151.0,1796498.0,85828390.0,59.9842,INDETERMINATE,137,0,data/test/3sat/400/3sat_42.cnf,0.3151140213012695,0.0,0.0,0.3151140213012695,60.29931402130127,3sat_42.cnf,one_shot,One-shot,2,False,True,runs/analysis/full400_repeated_runtime/raw/one_shot/repeat2.csv
138,2.0,1441012.0,1638495.0,82269989.0,59.9768,INDETERMINATE,138,0,data/test/3sat/400/3sat_43.cnf,0.3151140213012695,0.0,0.0,0.3151140213012695,60.29191402130127,3sat_43.cnf,one_shot,One-shot,2,False,True,runs/analysis/full400_repeated_runtime/raw/one_shot/repeat2.csv
139,2.0,1429114.0,1636544.0,82566385.0,59.9864,INDETERMINATE,139,0,data/test/3sat/400/3sat_44.cnf,0.3151140213012695,0.0,0.0,0.3151140213012695,60.30151402130127,3sat_44.cnf,one_shot,One-shot,2,False,True,runs/analysis/full400_repeated_runtime/raw/one_shot/repeat2.csv
140,2.0,1500316.0,1691532.0,83758122.0,59.9911,INDETERMINATE,140,0,data/test/3sat/400/3sat_45.cnf,0.3271222114562988,0.0,0.0,0.3271222114562988,60.3182222114563,3sat_45.cnf,one_shot,One-shot,2,False,True,runs/analysis/full400_repeated_runtime/raw/one_shot/repeat2.csv
141,2.0,977212.0,1110702.0,56336677.0,36.3076,SATISFIABLE,141,0,data/test/3sat/400/3sat_46.cnf,0.3271222114562988,0.0,0.0,0.3271222114562988,36.6347222114563,3sat_46.cnf,one_shot,One-shot,2,True,False,runs/analysis/full400_repeated_runtime/raw/one_shot/repeat2.csv
142,1.0,63966.0,73444.0,4017900.0,2.54381,SATISFIABLE,142,0,data/test/3sat/400/3sat_47.cnf,0.3271222114562988,0.0,0.0,0.3271222114562988,2.870932211456299,3sat_47.cnf,one_shot,One-shot,2,True,False,runs/analysis/full400_repeated_runtime/raw/one_shot/repeat2.csv
143,2.0,1496693.0,1712065.0,83506664.0,59.9871,INDETERMINATE,143,0,data/test/3sat/400/3sat_48.cnf,0.3271222114562988,0.0,0.0,0.3271222114562988,60.3142222114563,3sat_48.cnf,one_shot,One-shot,2,False,True,runs/analysis/full400_repeated_runtime/raw/one_shot/repeat2.csv
144,2.0,1422484.0,1630317.0,82199560.0,59.9802,INDETERMINATE,144,0,data/test/3sat/400/3sat_49.cnf,0.3271222114562988,0.0,0.0,0.3271222114562988,60.3073222114563,3sat_49.cnf,one_shot,One-shot,2,False,True,runs/analysis/full400_repeated_runtime/raw/one_shot/repeat2.csv
145,2.0,1407139.0,1612006.0,79596882.0,59.9595,INDETERMINATE,145,0,data/test/3sat/400/3sat_5.cnf,0.3271222114562988,0.0,0.0,0.3271222114562988,60.2866222114563,3sat_5.cnf,one_shot,One-shot,2,False,True,runs/analysis/full400_repeated_runtime/raw/one_shot/repeat2.csv
146,2.0,1402845.0,1605015.0,80597836.0,59.9721,INDETERMINATE,146,0,data/test/3sat/400/3sat_50.cnf,0.3271222114562988,0.0,0.0,0.3271222114562988,60.299222211456296,3sat_50.cnf,one_shot,One-shot,2,False,True,runs/analysis/full400_repeated_runtime/raw/one_shot/repeat2.csv
147,2.0,1510283.0,1727663.0,85996514.0,59.9861,INDETERMINATE,147,0,data/test/3sat/400/3sat_51.cnf,0.3271222114562988,0.0,0.0,0.3271222114562988,60.3132222114563,3sat_51.cnf,one_shot,One-shot,2,False,True,runs/analysis/full400_repeated_runtime/raw/one_shot/repeat2.csv
148,2.0,1582898.0,1827431.0,89082764.0,59.9864,INDETERMINATE,148,0,data/test/3sat/400/3sat_52.cnf,0.3271222114562988,0.0,0.0,0.3271222114562988,60.3135222114563,3sat_52.cnf,one_shot,One-shot,2,False,True,runs/analysis/full400_repeated_runtime/raw/one_shot/repeat2.csv
149,2.0,1423370.0,1623104.0,77309847.0,59.9817,INDETERMINATE,149,0,data/test/3sat/400/3sat_53.cnf,0.3271222114562988,0.0,0.0,0.3271222114562988,60.308822211456295,3sat_53.cnf,one_shot,One-shot,2,False,True,runs/analysis/full400_repeated_runtime/raw/one_shot/repeat2.csv
150,2.0,612353.0,699215.0,35959808.0,21.6719,SATISFIABLE,150,0,data/test/3sat/400/3sat_54.cnf,0.3096826076507568,0.0,0.0,0.3096826076507568,21.98158260765076,3sat_54.cnf,one_shot,One-shot,2,True,False,runs/analysis/full400_repeated_runtime/raw/one_shot/repeat2.csv
151,2.0,1521810.0,1736313.0,85832723.0,59.9672,INDETERMINATE,151,0,data/test/3sat/400/3sat_55.cnf,0.3096826076507568,0.0,0.0,0.3096826076507568,60.27688260765076,3sat_55.cnf,one_shot,One-shot,2,False,True,runs/analysis/full400_repeated_runtime/raw/one_shot/repeat2.csv
152,2.0,1413960.0,1596895.0,80871765.0,59.9851,INDETERMINATE,152,0,data/test/3sat/400/3sat_56.cnf,0.3096826076507568,0.0,0.0,0.3096826076507568,60.29478260765076,3sat_56.cnf,one_shot,One-shot,2,False,True,runs/analysis/full400_repeated_runtime/raw/one_shot/repeat2.csv
153,2.0,1477444.0,1679642.0,82650605.0,59.9661,INDETERMINATE,153,0,data/test/3sat/400/3sat_57.cnf,0.3096826076507568,0.0,0.0,0.3096826076507568,60.275782607650754,3sat_57.cnf,one_shot,One-shot,2,False,True,runs/analysis/full400_repeated_runtime/raw/one_shot/repeat2.csv
154,2.0,1542782.0,1760030.0,91467032.0,59.9851,INDETERMINATE,154,0,data/test/3sat/400/3sat_58.cnf,0.3096826076507568,0.0,0.0,0.3096826076507568,60.29478260765076,3sat_58.cnf,one_shot,One-shot,2,False,True,runs/analysis/full400_repeated_runtime/raw/one_shot/repeat2.csv
155,2.0,1498535.0,1716117.0,84345606.0,59.9709,INDETERMINATE,155,0,data/test/3sat/400/3sat_59.cnf,0.3096826076507568,0.0,0.0,0.3096826076507568,60.28058260765076,3sat_59.cnf,one_shot,One-shot,2,False,True,runs/analysis/full400_repeated_runtime/raw/one_shot/repeat2.csv
156,2.0,1515423.0,1718259.0,84647433.0,59.9772,INDETERMINATE,156,0,data/test/3sat/400/3sat_6.cnf,0.3096826076507568,0.0,0.0,0.3096826076507568,60.28688260765076,3sat_6.cnf,one_shot,One-shot,2,False,True,runs/analysis/full400_repeated_runtime/raw/one_shot/repeat2.csv
157,2.0,1403008.0,1596482.0,80672612.0,59.9849,INDETERMINATE,157,0,data/test/3sat/400/3sat_60.cnf,0.3096826076507568,0.0,0.0,0.3096826076507568,60.29458260765076,3sat_60.cnf,one_shot,One-shot,2,False,True,runs/analysis/full400_repeated_runtime/raw/one_shot/repeat2.csv
158,2.0,1412613.0,1596843.0,79429152.0,59.9586,INDETERMINATE,158,0,data/test/3sat/400/3sat_61.cnf,0.3096826076507568,0.0,0.0,0.3096826076507568,60.268282607650754,3sat_61.cnf,one_shot,One-shot,2,False,True,runs/analysis/full400_repeated_runtime/raw/one_shot/repeat2.csv
159,2.0,1516142.0,1719350.0,87394791.0,59.9759,INDETERMINATE,159,0,data/test/3sat/400/3sat_62.cnf,0.3096826076507568,0.0,0.0,0.3096826076507568,60.28558260765076,3sat_62.cnf,one_shot,One-shot,2,False,True,runs/analysis/full400_repeated_runtime/raw/one_shot/repeat2.csv
160,2.0,138136.0,157894.0,8130882.0,4.96424,SATISFIABLE,160,0,data/test/3sat/400/3sat_63.cnf,0.326214075088501,0.0,0.0,0.326214075088501,5.290454075088501,3sat_63.cnf,one_shot,One-shot,2,True,False,runs/analysis/full400_repeated_runtime/raw/one_shot/repeat2.csv
161,2.0,1464626.0,1657461.0,81732708.0,59.9866,INDETERMINATE,161,0,data/test/3sat/400/3sat_64.cnf,0.326214075088501,0.0,0.0,0.326214075088501,60.3128140750885,3sat_64.cnf,one_shot,One-shot,2,False,True,runs/analysis/full400_repeated_runtime/raw/one_shot/repeat2.csv
162,1.0,224.0,339.0,14565.0,0.013473,SATISFIABLE,162,0,data/test/3sat/400/3sat_65.cnf,0.326214075088501,0.0,0.0,0.326214075088501,0.339687075088501,3sat_65.cnf,one_shot,One-shot,2,True,False,runs/analysis/full400_repeated_runtime/raw/one_shot/repeat2.csv
163,2.0,1413335.0,1621698.0,81544215.0,59.958,INDETERMINATE,163,0,data/test/3sat/400/3sat_66.cnf,0.326214075088501,0.0,0.0,0.326214075088501,60.2842140750885,3sat_66.cnf,one_shot,One-shot,2,False,True,runs/analysis/full400_repeated_runtime/raw/one_shot/repeat2.csv
164,2.0,1494520.0,1708505.0,86149737.0,59.9806,INDETERMINATE,164,0,data/test/3sat/400/3sat_67.cnf,0.326214075088501,0.0,0.0,0.326214075088501,60.3068140750885,3sat_67.cnf,one_shot,One-shot,2,False,True,runs/analysis/full400_repeated_runtime/raw/one_shot/repeat2.csv
165,2.0,1477270.0,1690309.0,83621259.0,59.9888,INDETERMINATE,165,0,data/test/3sat/400/3sat_68.cnf,0.326214075088501,0.0,0.0,0.326214075088501,60.3150140750885,3sat_68.cnf,one_shot,One-shot,2,False,True,runs/analysis/full400_repeated_runtime/raw/one_shot/repeat2.csv
166,2.0,1500199.0,1719498.0,89321093.0,59.983,INDETERMINATE,166,0,data/test/3sat/400/3sat_69.cnf,0.326214075088501,0.0,0.0,0.326214075088501,60.3092140750885,3sat_69.cnf,one_shot,One-shot,2,False,True,runs/analysis/full400_repeated_runtime/raw/one_shot/repeat2.csv
167,2.0,1516522.0,1711785.0,83935709.0,59.9892,INDETERMINATE,167,0,data/test/3sat/400/3sat_7.cnf,0.326214075088501,0.0,0.0,0.326214075088501,60.3154140750885,3sat_7.cnf,one_shot,One-shot,2,False,True,runs/analysis/full400_repeated_runtime/raw/one_shot/repeat2.csv
168,1.0,2512.0,3124.0,152890.0,0.048799,SATISFIABLE,168,0,data/test/3sat/400/3sat_70.cnf,0.326214075088501,0.0,0.0,0.326214075088501,0.3750130750885009,3sat_70.cnf,one_shot,One-shot,2,True,False,runs/analysis/full400_repeated_runtime/raw/one_shot/repeat2.csv
169,2.0,1478000.0,1691553.0,84205446.0,59.9911,INDETERMINATE,169,0,data/test/3sat/400/3sat_71.cnf,0.326214075088501,0.0,0.0,0.326214075088501,60.3173140750885,3sat_71.cnf,one_shot,One-shot,2,False,True,runs/analysis/full400_repeated_runtime/raw/one_shot/repeat2.csv
170,2.0,1476426.0,1689517.0,83058840.0,59.9794,INDETERMINATE,170,0,data/test/3sat/400/3sat_72.cnf,0.3224315643310547,0.0,0.0,0.3224315643310547,60.30183156433105,3sat_72.cnf,one_shot,One-shot,2,False,True,runs/analysis/full400_repeated_runtime/raw/one_shot/repeat2.csv
171,2.0,1474457.0,1680517.0,84423974.0,59.9795,INDETERMINATE,171,0,data/test/3sat/400/3sat_73.cnf,0.3224315643310547,0.0,0.0,0.3224315643310547,60.301931564331056,3sat_73.cnf,one_shot,One-shot,2,False,True,runs/analysis/full400_repeated_runtime/raw/one_shot/repeat2.csv
172,2.0,1428002.0,1644181.0,80362311.0,59.9844,INDETERMINATE,172,0,data/test/3sat/400/3sat_74.cnf,0.3224315643310547,0.0,0.0,0.3224315643310547,60.306831564331056,3sat_74.cnf,one_shot,One-shot,2,False,True,runs/analysis/full400_repeated_runtime/raw/one_shot/repeat2.csv
173,2.0,1387465.0,1583167.0,76034673.0,59.9898,INDETERMINATE,173,0,data/test/3sat/400/3sat_75.cnf,0.3224315643310547,0.0,0.0,0.3224315643310547,60.31223156433106,3sat_75.cnf,one_shot,One-shot,2,False,True,runs/analysis/full400_repeated_runtime/raw/one_shot/repeat2.csv
174,2.0,1477471.0,1680562.0,86178923.0,59.9877,INDETERMINATE,174,0,data/test/3sat/400/3sat_76.cnf,0.3224315643310547,0.0,0.0,0.3224315643310547,60.31013156433105,3sat_76.cnf,one_shot,One-shot,2,False,True,runs/analysis/full400_repeated_runtime/raw/one_shot/repeat2.csv
175,2.0,1509017.0,1721135.0,84718007.0,59.9861,INDETERMINATE,175,0,data/test/3sat/400/3sat_77.cnf,0.3224315643310547,0.0,0.0,0.3224315643310547,60.308531564331055,3sat_77.cnf,one_shot,One-shot,2,False,True,runs/analysis/full400_repeated_runtime/raw/one_shot/repeat2.csv
176,2.0,1491594.0,1698843.0,81810601.0,59.9873,INDETERMINATE,176,0,data/test/3sat/400/3sat_78.cnf,0.3224315643310547,0.0,0.0,0.3224315643310547,60.30973156433105,3sat_78.cnf,one_shot,One-shot,2,False,True,runs/analysis/full400_repeated_runtime/raw/one_shot/repeat2.csv
177,2.0,1453521.0,1661761.0,79820373.0,59.9945,INDETERMINATE,177,0,data/test/3sat/400/3sat_79.cnf,0.3224315643310547,0.0,0.0,0.3224315643310547,60.31693156433106,3sat_79.cnf,one_shot,One-shot,2,False,True,runs/analysis/full400_repeated_runtime/raw/one_shot/repeat2.csv
178,2.0,1456609.0,1655353.0,84242649.0,59.9794,INDETERMINATE,178,0,data/test/3sat/400/3sat_8.cnf,0.3224315643310547,0.0,0.0,0.3224315643310547,60.30183156433105,3sat_8.cnf,one_shot,One-shot,2,False,True,runs/analysis/full400_repeated_runtime/raw/one_shot/repeat2.csv
179,2.0,1482443.0,1708710.0,85542580.0,59.9832,INDETERMINATE,179,0,data/test/3sat/400/3sat_80.cnf,0.3224315643310547,0.0,0.0,0.3224315643310547,60.30563156433105,3sat_80.cnf,one_shot,One-shot,2,False,True,runs/analysis/full400_repeated_runtime/raw/one_shot/repeat2.csv
180,2.0,1447778.0,1637644.0,80861943.0,59.9701,INDETERMINATE,180,0,data/test/3sat/400/3sat_81.cnf,0.3306577205657959,0.0,0.0,0.3306577205657959,60.3007577205658,3sat_81.cnf,one_shot,One-shot,2,False,True,runs/analysis/full400_repeated_runtime/raw/one_shot/repeat2.csv
181,2.0,723843.0,829611.0,42069078.0,25.2006,SATISFIABLE,181,0,data/test/3sat/400/3sat_82.cnf,0.3306577205657959,0.0,0.0,0.3306577205657959,25.5312577205658,3sat_82.cnf,one_shot,One-shot,2,True,False,runs/analysis/full400_repeated_runtime/raw/one_shot/repeat2.csv
182,2.0,1475884.0,1682773.0,82551901.0,59.9905,INDETERMINATE,182,0,data/test/3sat/400/3sat_83.cnf,0.3306577205657959,0.0,0.0,0.3306577205657959,60.32115772056579,3sat_83.cnf,one_shot,One-shot,2,False,True,runs/analysis/full400_repeated_runtime/raw/one_shot/repeat2.csv
183,2.0,1348416.0,1543126.0,77125008.0,59.9871,INDETERMINATE,183,0,data/test/3sat/400/3sat_84.cnf,0.3306577205657959,0.0,0.0,0.3306577205657959,60.317757720565794,3sat_84.cnf,one_shot,One-shot,2,False,True,runs/analysis/full400_repeated_runtime/raw/one_shot/repeat2.csv
184,2.0,1469139.0,1675323.0,83009260.0,59.9762,INDETERMINATE,184,0,data/test/3sat/400/3sat_85.cnf,0.3306577205657959,0.0,0.0,0.3306577205657959,60.3068577205658,3sat_85.cnf,one_shot,One-shot,2,False,True,runs/analysis/full400_repeated_runtime/raw/one_shot/repeat2.csv
185,1.0,84037.0,97892.0,5195664.0,3.21604,SATISFIABLE,185,0,data/test/3sat/400/3sat_86.cnf,0.3306577205657959,0.0,0.0,0.3306577205657959,3.546697720565796,3sat_86.cnf,one_shot,One-shot,2,True,False,runs/analysis/full400_repeated_runtime/raw/one_shot/repeat2.csv
186,2.0,1365819.0,1560408.0,77889926.0,59.9924,INDETERMINATE,186,0,data/test/3sat/400/3sat_87.cnf,0.3306577205657959,0.0,0.0,0.3306577205657959,60.3230577205658,3sat_87.cnf,one_shot,One-shot,2,False,True,runs/analysis/full400_repeated_runtime/raw/one_shot/repeat2.csv
187,1.0,10969.0,13071.0,671709.0,0.23787,SATISFIABLE,187,0,data/test/3sat/400/3sat_88.cnf,0.3306577205657959,0.0,0.0,0.3306577205657959,0.5685277205657959,3sat_88.cnf,one_shot,One-shot,2,True,False,runs/analysis/full400_repeated_runtime/raw/one_shot/repeat2.csv
188,2.0,1432267.0,1639548.0,84157398.0,59.9881,INDETERMINATE,188,0,data/test/3sat/400/3sat_89.cnf,0.3306577205657959,0.0,0.0,0.3306577205657959,60.3187577205658,3sat_89.cnf,one_shot,One-shot,2,False,True,runs/analysis/full400_repeated_runtime/raw/one_shot/repeat2.csv
189,2.0,1496624.0,1704597.0,86067888.0,59.9933,INDETERMINATE,189,0,data/test/3sat/400/3sat_9.cnf,0.3306577205657959,0.0,0.0,0.3306577205657959,60.323957720565794,3sat_9.cnf,one_shot,One-shot,2,False,True,runs/analysis/full400_repeated_runtime/raw/one_shot/repeat2.csv
190,2.0,1420134.0,1637077.0,82978104.0,59.9821,INDETERMINATE,190,0,data/test/3sat/400/3sat_90.cnf,0.3192617893218994,0.0,0.0,0.3192617893218994,60.3013617893219,3sat_90.cnf,one_shot,One-shot,2,False,True,runs/analysis/full400_repeated_runtime/raw/one_shot/repeat2.csv
191,1.0,10042.0,11941.0,654479.0,0.22004,SATISFIABLE,191,0,data/test/3sat/400/3sat_91.cnf,0.3192617893218994,0.0,0.0,0.3192617893218994,0.5393017893218994,3sat_91.cnf,one_shot,One-shot,2,True,False,runs/analysis/full400_repeated_runtime/raw/one_shot/repeat2.csv
192,2.0,253822.0,290337.0,15713394.0,8.59417,SATISFIABLE,192,0,data/test/3sat/400/3sat_92.cnf,0.3192617893218994,0.0,0.0,0.3192617893218994,8.9134317893219,3sat_92.cnf,one_shot,One-shot,2,True,False,runs/analysis/full400_repeated_runtime/raw/one_shot/repeat2.csv
193,2.0,621792.0,720709.0,37565651.0,23.0372,SATISFIABLE,193,0,data/test/3sat/400/3sat_93.cnf,0.3192617893218994,0.0,0.0,0.3192617893218994,23.356461789321894,3sat_93.cnf,one_shot,One-shot,2,True,False,runs/analysis/full400_repeated_runtime/raw/one_shot/repeat2.csv
194,1.0,53988.0,62131.0,3367378.0,1.64183,SATISFIABLE,194,0,data/test/3sat/400/3sat_94.cnf,0.3192617893218994,0.0,0.0,0.3192617893218994,1.9610917893218995,3sat_94.cnf,one_shot,One-shot,2,True,False,runs/analysis/full400_repeated_runtime/raw/one_shot/repeat2.csv
195,2.0,1432160.0,1630864.0,80215346.0,59.9923,INDETERMINATE,195,0,data/test/3sat/400/3sat_95.cnf,0.3192617893218994,0.0,0.0,0.3192617893218994,60.3115617893219,3sat_95.cnf,one_shot,One-shot,2,False,True,runs/analysis/full400_repeated_runtime/raw/one_shot/repeat2.csv
196,1.0,9083.0,10962.0,575264.0,0.196173,SATISFIABLE,196,0,data/test/3sat/400/3sat_96.cnf,0.3192617893218994,0.0,0.0,0.3192617893218994,0.5154347893218993,3sat_96.cnf,one_shot,One-shot,2,True,False,runs/analysis/full400_repeated_runtime/raw/one_shot/repeat2.csv
197,2.0,1492572.0,1717712.0,88091587.0,59.9846,INDETERMINATE,197,0,data/test/3sat/400/3sat_97.cnf,0.3192617893218994,0.0,0.0,0.3192617893218994,60.3038617893219,3sat_97.cnf,one_shot,One-shot,2,False,True,runs/analysis/full400_repeated_runtime/raw/one_shot/repeat2.csv
198,2.0,1497750.0,1697206.0,84405940.0,59.9744,INDETERMINATE,198,0,data/test/3sat/400/3sat_98.cnf,0.3192617893218994,0.0,0.0,0.3192617893218994,60.2936617893219,3sat_98.cnf,one_shot,One-shot,2,False,True,runs/analysis/full400_repeated_runtime/raw/one_shot/repeat2.csv
199,2.0,1478297.0,1687308.0,81597010.0,59.9758,INDETERMINATE,199,0,data/test/3sat/400/3sat_99.cnf,0.3192617893218994,0.0,0.0,0.3192617893218994,60.2950617893219,3sat_99.cnf,one_shot,One-shot,2,False,True,runs/analysis/full400_repeated_runtime/raw/one_shot/repeat2.csv
0,2.0,1477085.0,1685697.0,82317549.0,59.9893,INDETERMINATE,0,0,data/test/3sat/400/3sat_0.cnf,0.0054519176483154,0.067474,0.336707592010498,0.3421595096588135,60.39893350965881,3sat_0.cnf,online_consistent_boundary400,Online-Consistent Selector,2,False,True,runs/analysis/full400_repeated_runtime/raw/online_consistent_boundary400/repeat2.csv
1,1.0,73715.0,85712.0,4316774.0,2.99608,SATISFIABLE,1,0,data/test/3sat/400/3sat_1.cnf,0.0054519176483154,0.08524,0.336707592010498,0.3421595096588135,3.4234795096588138,3sat_1.cnf,online_consistent_boundary400,Online-Consistent Selector,2,True,False,runs/analysis/full400_repeated_runtime/raw/online_consistent_boundary400/repeat2.csv
2,2.0,1494306.0,1706247.0,84324074.0,59.9808,INDETERMINATE,2,0,data/test/3sat/400/3sat_10.cnf,0.0054519176483154,0.076309,0.336707592010498,0.3421595096588135,60.39926850965882,3sat_10.cnf,online_consistent_boundary400,Online-Consistent Selector,2,False,True,runs/analysis/full400_repeated_runtime/raw/online_consistent_boundary400/repeat2.csv
3,1.0,3392.0,4166.0,213902.0,0.06084,SATISFIABLE,3,0,data/test/3sat/400/3sat_100.cnf,0.0054519176483154,0.075326,0.336707592010498,0.3421595096588135,0.4783255096588135,3sat_100.cnf,online_consistent_boundary400,Online-Consistent Selector,2,True,False,runs/analysis/full400_repeated_runtime/raw/online_consistent_boundary400/repeat2.csv
4,2.0,1446568.0,1653108.0,81264228.0,59.9728,INDETERMINATE,4,0,data/test/3sat/400/3sat_101.cnf,0.0054519176483154,0.0860519999999999,0.336707592010498,0.3421595096588135,60.401011509658815,3sat_101.cnf,online_consistent_boundary400,Online-Consistent Selector,2,False,True,runs/analysis/full400_repeated_runtime/raw/online_consistent_boundary400/repeat2.csv
5,2.0,1468552.0,1699125.0,84003353.0,59.9759,INDETERMINATE,5,0,data/test/3sat/400/3sat_102.cnf,0.0054519176483154,0.083068,0.336707592010498,0.3421595096588135,60.401127509658814,3sat_102.cnf,online_consistent_boundary400,Online-Consistent Selector,2,False,True,runs/analysis/full400_repeated_runtime/raw/online_consistent_boundary400/repeat2.csv
6,2.0,1455693.0,1679738.0,83906858.0,59.969,INDETERMINATE,6,0,data/test/3sat/400/3sat_103.cnf,0.0054519176483154,0.067774,0.336707592010498,0.3421595096588135,60.378933509658815,3sat_103.cnf,online_consistent_boundary400,Online-Consistent Selector,2,False,True,runs/analysis/full400_repeated_runtime/raw/online_consistent_boundary400/repeat2.csv
7,2.0,1466377.0,1675118.0,81512646.0,59.9672,INDETERMINATE,7,0,data/test/3sat/400/3sat_104.cnf,0.0054519176483154,0.082849,0.336707592010498,0.3421595096588135,60.392208509658815,3sat_104.cnf,online_consistent_boundary400,Online-Consistent Selector,2,False,True,runs/analysis/full400_repeated_runtime/raw/online_consistent_boundary400/repeat2.csv
8,2.0,1559523.0,1774308.0,89211544.0,59.985,INDETERMINATE,8,0,data/test/3sat/400/3sat_105.cnf,0.0054519176483154,0.060968,0.336707592010498,0.3421595096588135,60.388127509658815,3sat_105.cnf,online_consistent_boundary400,Online-Consistent Selector,2,False,True,runs/analysis/full400_repeated_runtime/raw/online_consistent_boundary400/repeat2.csv
9,2.0,1428791.0,1633872.0,79615427.0,59.9779,INDETERMINATE,9,0,data/test/3sat/400/3sat_106.cnf,0.0054519176483154,0.058586,0.336707592010498,0.3421595096588135,60.37864550965881,3sat_106.cnf,online_consistent_boundary400,Online-Consistent Selector,2,False,True,runs/analysis/full400_repeated_runtime/raw/online_consistent_boundary400/repeat2.csv
10,2.0,1351082.0,1552154.0,77132914.0,59.9681,INDETERMINATE,10,0,data/test/3sat/400/3sat_107.cnf,0.0041735172271728,0.0654869999999999,0.3310744762420654,0.3352479934692383,60.36883499346924,3sat_107.cnf,online_consistent_boundary400,Online-Consistent Selector,2,False,True,runs/analysis/full400_repeated_runtime/raw/online_consistent_boundary400/repeat2.csv
11,2.0,1489002.0,1715033.0,83368414.0,59.9841,INDETERMINATE,11,0,data/test/3sat/400/3sat_108.cnf,0.0041735172271728,0.0683189999999999,0.3310744762420654,0.3352479934692383,60.38766699346924,3sat_108.cnf,online_consistent_boundary400,Online-Consistent Selector,2,False,True,runs/analysis/full400_repeated_runtime/raw/online_consistent_boundary400/repeat2.csv
12,2.0,1521100.0,1742862.0,85220091.0,59.9664,INDETERMINATE,12,0,data/test/3sat/400/3sat_109.cnf,0.0041735172271728,0.075688,0.3310744762420654,0.3352479934692383,60.37733599346924,3sat_109.cnf,online_consistent_boundary400,Online-Consistent Selector,2,False,True,runs/analysis/full400_repeated_runtime/raw/online_consistent_boundary400/repeat2.csv
13,1.0,40661.0,47692.0,2496556.0,1.38825,SATISFIABLE,13,0,data/test/3sat/400/3sat_11.cnf,0.0041735172271728,0.066537,0.3310744762420654,0.3352479934692383,1.7900349934692383,3sat_11.cnf,online_consistent_boundary400,Online-Consistent Selector,2,True,False,runs/analysis/full400_repeated_runtime/raw/online_consistent_boundary400/repeat2.csv
14,2.0,1483214.0,1702224.0,85769016.0,59.9759,INDETERMINATE,14,0,data/test/3sat/400/3sat_110.cnf,0.0041735172271728,0.070083,0.3310744762420654,0.3352479934692383,60.38123099346924,3sat_110.cnf,online_consistent_boundary400,Online-Consistent Selector,2,False,True,runs/analysis/full400_repeated_runtime/raw/online_consistent_boundary400/repeat2.csv
15,2.0,1472003.0,1688506.0,85908616.0,59.987,INDETERMINATE,15,0,data/test/3sat/400/3sat_111.cnf,0.0041735172271728,0.077821,0.3310744762420654,0.3352479934692383,60.40006899346924,3sat_111.cnf,online_consistent_boundary400,Online-Consistent Selector,2,False,True,runs/analysis/full400_repeated_runtime/raw/online_consistent_boundary400/repeat2.csv
16,2.0,1500408.0,1705453.0,86743119.0,59.9786,INDETERMINATE,16,0,data/test/3sat/400/3sat_112.cnf,0.0041735172271728,0.076155,0.3310744762420654,0.3352479934692383,60.39000299346924,3sat_112.cnf,online_consistent_boundary400,Online-Consistent Selector,2,False,True,runs/analysis/full400_repeated_runtime/raw/online_consistent_boundary400/repeat2.csv
17,2.0,1405739.0,1595033.0,80603120.0,59.9785,INDETERMINATE,17,0,data/test/3sat/400/3sat_113.cnf,0.0041735172271728,0.071387,0.3310744762420654,0.3352479934692383,60.38513499346924,3sat_113.cnf,online_consistent_boundary400,Online-Consistent Selector,2,False,True,runs/analysis/full400_repeated_runtime/raw/online_consistent_boundary400/repeat2.csv
18,2.0,1429574.0,1641884.0,80915087.0,59.9753,INDETERMINATE,18,0,data/test/3sat/400/3sat_114.cnf,0.0041735172271728,0.072792,0.3310744762420654,0.3352479934692383,60.38333999346924,3sat_114.cnf,online_consistent_boundary400,Online-Consistent Selector,2,False,True,runs/analysis/full400_repeated_runtime/raw/online_consistent_boundary400/repeat2.csv
19,2.0,1396895.0,1595077.0,78916387.0,59.9811,INDETERMINATE,19,0,data/test/3sat/400/3sat_115.cnf,0.0041735172271728,0.081098,0.3310744762420654,0.3352479934692383,60.39744599346923,3sat_115.cnf,online_consistent_boundary400,Online-Consistent Selector,2,False,True,runs/analysis/full400_repeated_runtime/raw/online_consistent_boundary400/repeat2.csv
20,2.0,1474653.0,1678621.0,82341983.0,59.9929,INDETERMINATE,20,0,data/test/3sat/400/3sat_116.cnf,0.0049312114715576,0.069406,0.3309481143951416,0.3358793258666992,60.3981853258667,3sat_116.cnf,online_consistent_boundary400,Online-Consistent Selector,2,False,True,runs/analysis/full400_repeated_runtime/raw/online_consistent_boundary400/repeat2.csv
21,2.0,1480872.0,1695247.0,82718162.0,59.9564,INDETERMINATE,21,0,data/test/3sat/400/3sat_117.cnf,0.0049312114715576,0.0781139999999999,0.3309481143951416,0.3358793258666992,60.3703933258667,3sat_117.cnf,online_consistent_boundary400,Online-Consistent Selector,2,False,True,runs/analysis/full400_repeated_runtime/raw/online_consistent_boundary400/repeat2.csv
22,2.0,1464933.0,1674741.0,82431171.0,59.9593,INDETERMINATE,22,0,data/test/3sat/400/3sat_118.cnf,0.0049312114715576,0.076766,0.3309481143951416,0.3358793258666992,60.3719453258667,3sat_118.cnf,online_consistent_boundary400,Online-Consistent Selector,2,False,True,runs/analysis/full400_repeated_runtime/raw/online_consistent_boundary400/repeat2.csv
23,2.0,1532699.0,1752374.0,84751161.0,59.9812,INDETERMINATE,23,0,data/test/3sat/400/3sat_119.cnf,0.0049312114715576,0.076879,0.3309481143951416,0.3358793258666992,60.3939583258667,3sat_119.cnf,online_consistent_boundary400,Online-Consistent Selector,2,False,True,runs/analysis/full400_repeated_runtime/raw/online_consistent_boundary400/repeat2.csv
24,2.0,1444143.0,1651552.0,81113823.0,59.9828,INDETERMINATE,24,0,data/test/3sat/400/3sat_12.cnf,0.0049312114715576,0.069284,0.3309481143951416,0.3358793258666992,60.3879633258667,3sat_12.cnf,online_consistent_boundary400,Online-Consistent Selector,2,False,True,runs/analysis/full400_repeated_runtime/raw/online_consistent_boundary400/repeat2.csv
25,1.0,23077.0,27394.0,1439359.0,0.673981,SATISFIABLE,25,0,data/test/3sat/400/3sat_120.cnf,0.0049312114715576,0.077585,0.3309481143951416,0.3358793258666992,1.0874453258666992,3sat_120.cnf,online_consistent_boundary400,Online-Consistent Selector,2,True,False,runs/analysis/full400_repeated_runtime/raw/online_consistent_boundary400/repeat2.csv
26,1.0,47329.0,54623.0,2823769.0,1.35164,SATISFIABLE,26,0,data/test/3sat/400/3sat_121.cnf,0.0049312114715576,0.080077,0.3309481143951416,0.3358793258666992,1.7675963258666991,3sat_121.cnf,online_consistent_boundary400,Online-Consistent Selector,2,True,False,runs/analysis/full400_repeated_runtime/raw/online_consistent_boundary400/repeat2.csv
27,2.0,1487330.0,1701476.0,85046611.0,59.9816,INDETERMINATE,27,0,data/test/3sat/400/3sat_122.cnf,0.0049312114715576,0.078106,0.3309481143951416,0.3358793258666992,60.3955853258667,3sat_122.cnf,online_consistent_boundary400,Online-Consistent Selector,2,False,True,runs/analysis/full400_repeated_runtime/raw/online_consistent_boundary400/repeat2.csv
28,2.0,1502764.0,1709618.0,85582828.0,59.9791,INDETERMINATE,28,0,data/test/3sat/400/3sat_123.cnf,0.0049312114715576,0.0686529999999999,0.3309481143951416,0.3358793258666992,60.3836323258667,3sat_123.cnf,online_consistent_boundary400,Online-Consistent Selector,2,False,True,runs/analysis/full400_repeated_runtime/raw/online_consistent_boundary400/repeat2.csv
29,1.0,654.0,900.0,43163.0,0.013906,SATISFIABLE,29,0,data/test/3sat/400/3sat_124.cnf,0.0049312114715576,0.059098,0.3309481143951416,0.3358793258666992,0.4088833258666992,3sat_124.cnf,online_consistent_boundary400,Online-Consistent Selector,2,True,False,runs/analysis/full400_repeated_runtime/raw/online_consistent_boundary400/repeat2.csv
30,1.0,87018.0,101016.0,5296049.0,3.11307,SATISFIABLE,30,0,data/test/3sat/400/3sat_125.cnf,0.0062596797943115,0.069916,0.333428144454956,0.3396878242492676,3.522673824249268,3sat_125.cnf,online_consistent_boundary400,Online-Consistent Selector,2,True,False,runs/analysis/full400_repeated_runtime/raw/online_consistent_boundary400/repeat2.csv
31,2.0,1494221.0,1708552.0,85648670.0,59.9742,INDETERMINATE,31,0,data/test/3sat/400/3sat_126.cnf,0.0062596797943115,0.0789779999999999,0.333428144454956,0.3396878242492676,60.39286582424927,3sat_126.cnf,online_consistent_boundary400,Online-Consistent Selector,2,False,True,runs/analysis/full400_repeated_runtime/raw/online_consistent_boundary400/repeat2.csv
32,2.0,1424996.0,1649631.0,83466780.0,59.9694,INDETERMINATE,32,0,data/test/3sat/400/3sat_127.cnf,0.0062596797943115,0.072801,0.333428144454956,0.3396878242492676,60.38188882424927,3sat_127.cnf,online_consistent_boundary400,Online-Consistent Selector,2,False,True,runs/analysis/full400_repeated_runtime/raw/online_consistent_boundary400/repeat2.csv
33,2.0,238642.0,275833.0,14368684.0,8.10687,SATISFIABLE,33,0,data/test/3sat/400/3sat_128.cnf,0.0062596797943115,0.079236,0.333428144454956,0.3396878242492676,8.525793824249268,3sat_128.cnf,online_consistent_boundary400,Online-Consistent Selector,2,True,False,runs/analysis/full400_repeated_runtime/raw/online_consistent_boundary400/repeat2.csv
34,1.0,28034.0,33114.0,1750425.0,0.810392,SATISFIABLE,34,0,data/test/3sat/400/3sat_129.cnf,0.0062596797943115,0.071613,0.333428144454956,0.3396878242492676,1.2216928242492675,3sat_129.cnf,online_consistent_boundary400,Online-Consistent Selector,2,True,False,runs/analysis/full400_repeated_runtime/raw/online_consistent_boundary400/repeat2.csv
35,2.0,1486686.0,1700247.0,86659635.0,59.9874,INDETERMINATE,35,0,data/test/3sat/400/3sat_13.cnf,0.0062596797943115,0.070988,0.333428144454956,0.3396878242492676,60.39807582424927,3sat_13.cnf,online_consistent_boundary400,Online-Consistent Selector,2,False,True,runs/analysis/full400_repeated_runtime/raw/online_consistent_boundary400/repeat2.csv
36,2.0,121568.0,139021.0,7304329.0,4.35754,SATISFIABLE,36,0,data/test/3sat/400/3sat_130.cnf,0.0062596797943115,0.068575,0.333428144454956,0.3396878242492676,4.765802824249268,3sat_130.cnf,online_consistent_boundary400,Online-Consistent Selector,2,True,False,runs/analysis/full400_repeated_runtime/raw/online_consistent_boundary400/repeat2.csv
37,1.0,82086.0,96037.0,5035591.0,3.277,SATISFIABLE,37,0,data/test/3sat/400/3sat_131.cnf,0.0062596797943115,0.078991,0.333428144454956,0.3396878242492676,3.695678824249268,3sat_131.cnf,online_consistent_boundary400,Online-Consistent Selector,2,True,False,runs/analysis/full400_repeated_runtime/raw/online_consistent_boundary400/repeat2.csv
38,1.0,2692.0,3354.0,172420.0,0.053512,SATISFIABLE,38,0,data/test/3sat/400/3sat_132.cnf,0.0062596797943115,0.066138,0.333428144454956,0.3396878242492676,0.4593378242492676,3sat_132.cnf,online_consistent_boundary400,Online-Consistent Selector,2,True,False,runs/analysis/full400_repeated_runtime/raw/online_consistent_boundary400/repeat2.csv
39,2.0,1419439.0,1641269.0,82669457.0,59.9887,INDETERMINATE,39,0,data/test/3sat/400/3sat_133.cnf,0.0062596797943115,0.076541,0.333428144454956,0.3396878242492676,60.40492882424927,3sat_133.cnf,online_consistent_boundary400,Online-Consistent Selector,2,False,True,runs/analysis/full400_repeated_runtime/raw/online_consistent_boundary400/repeat2.csv
40,2.0,1425811.0,1632008.0,79739721.0,59.9679,INDETERMINATE,40,0,data/test/3sat/400/3sat_134.cnf,0.0058093070983886,0.076362,0.326413631439209,0.3322229385375976,60.3764849385376,3sat_134.cnf,online_consistent_boundary400,Online-Consistent Selector,2,False,True,runs/analysis/full400_repeated_runtime/raw/online_consistent_boundary400/repeat2.csv
41,2.0,1570878.0,1787902.0,87670015.0,59.9798,INDETERMINATE,41,0,data/test/3sat/400/3sat_135.cnf,0.0058093070983886,0.067511,0.326413631439209,0.3322229385375976,60.3795339385376,3sat_135.cnf,online_consistent_boundary400,Online-Consistent Selector,2,False,True,runs/analysis/full400_repeated_runtime/raw/online_consistent_boundary400/repeat2.csv
42,2.0,1466635.0,1681812.0,86041367.0,59.9904,INDETERMINATE,42,0,data/test/3sat/400/3sat_136.cnf,0.0058093070983886,0.070604,0.326413631439209,0.3322229385375976,60.3932269385376,3sat_136.cnf,online_consistent_boundary400,Online-Consistent Selector,2,False,True,runs/analysis/full400_repeated_runtime/raw/online_consistent_boundary400/repeat2.csv
43,2.0,1467292.0,1663338.0,79205602.0,59.9663,INDETERMINATE,43,0,data/test/3sat/400/3sat_137.cnf,0.0058093070983886,0.0693439999999999,0.326413631439209,0.3322229385375976,60.3678669385376,3sat_137.cnf,online_consistent_boundary400,Online-Consistent Selector,2,False,True,runs/analysis/full400_repeated_runtime/raw/online_consistent_boundary400/repeat2.csv
44,2.0,1559238.0,1773851.0,90085409.0,59.9802,INDETERMINATE,44,0,data/test/3sat/400/3sat_138.cnf,0.0058093070983886,0.07835,0.326413631439209,0.3322229385375976,60.3907729385376,3sat_138.cnf,online_consistent_boundary400,Online-Consistent Selector,2,False,True,runs/analysis/full400_repeated_runtime/raw/online_consistent_boundary400/repeat2.csv
45,2.0,1516383.0,1742856.0,86616826.0,59.9773,INDETERMINATE,45,0,data/test/3sat/400/3sat_139.cnf,0.0058093070983886,0.082608,0.326413631439209,0.3322229385375976,60.3921309385376,3sat_139.cnf,online_consistent_boundary400,Online-Consistent Selector,2,False,True,runs/analysis/full400_repeated_runtime/raw/online_consistent_boundary400/repeat2.csv
46,2.0,133587.0,154405.0,8365184.0,5.1981,SATISFIABLE,46,0,data/test/3sat/400/3sat_14.cnf,0.0058093070983886,0.067091,0.326413631439209,0.3322229385375976,5.597413938537597,3sat_14.cnf,online_consistent_boundary400,Online-Consistent Selector,2,True,False,runs/analysis/full400_repeated_runtime/raw/online_consistent_boundary400/repeat2.csv
47,2.0,135171.0,155254.0,8243385.0,4.93443,SATISFIABLE,47,0,data/test/3sat/400/3sat_140.cnf,0.0058093070983886,0.0839439999999999,0.326413631439209,0.3322229385375976,5.350596938537597,3sat_140.cnf,online_consistent_boundary400,Online-Consistent Selector,2,True,False,runs/analysis/full400_repeated_runtime/raw/online_consistent_boundary400/repeat2.csv
48,1.0,71109.0,82102.0,4299119.0,2.8745,SATISFIABLE,48,0,data/test/3sat/400/3sat_141.cnf,0.0058093070983886,0.073882,0.326413631439209,0.3322229385375976,3.2806049385375973,3sat_141.cnf,online_consistent_boundary400,Online-Consistent Selector,2,True,False,runs/analysis/full400_repeated_runtime/raw/online_consistent_boundary400/repeat2.csv
49,1.0,61037.0,70865.0,3765471.0,2.05191,SATISFIABLE,49,0,data/test/3sat/400/3sat_142.cnf,0.0058093070983886,0.066593,0.326413631439209,0.3322229385375976,2.4507259385375977,3sat_142.cnf,online_consistent_boundary400,Online-Consistent Selector,2,True,False,runs/analysis/full400_repeated_runtime/raw/online_consistent_boundary400/repeat2.csv
50,2.0,1468709.0,1686023.0,84451919.0,59.973,INDETERMINATE,50,0,data/test/3sat/400/3sat_143.cnf,0.0051453113555908,0.079671,0.4274241924285888,0.4325695037841797,60.485240503784176,3sat_143.cnf,online_consistent_boundary400,Online-Consistent Selector,2,False,True,runs/analysis/full400_repeated_runtime/raw/online_consistent_boundary400/repeat2.csv
51,2.0,1374489.0,1561507.0,76588338.0,59.993,INDETERMINATE,51,0,data/test/3sat/400/3sat_144.cnf,0.0051453113555908,0.059147,0.4274241924285888,0.4325695037841797,60.484716503784185,3sat_144.cnf,online_consistent_boundary400,Online-Consistent Selector,2,False,True,runs/analysis/full400_repeated_runtime/raw/online_consistent_boundary400/repeat2.csv
52,2.0,1435487.0,1660164.0,82030328.0,59.9852,INDETERMINATE,52,0,data/test/3sat/400/3sat_145.cnf,0.0051453113555908,0.071968,0.4274241924285888,0.4325695037841797,60.48973750378418,3sat_145.cnf,online_consistent_boundary400,Online-Consistent Selector,2,False,True,runs/analysis/full400_repeated_runtime/raw/online_consistent_boundary400/repeat2.csv
53,2.0,1462006.0,1673528.0,82043069.0,59.9737,INDETERMINATE,53,0,data/test/3sat/400/3sat_146.cnf,0.0051453113555908,0.0768929999999999,0.4274241924285888,0.4325695037841797,60.48316250378418,3sat_146.cnf,online_consistent_boundary400,Online-Consistent Selector,2,False,True,runs/analysis/full400_repeated_runtime/raw/online_consistent_boundary400/repeat2.csv
54,2.0,392510.0,450448.0,23393708.0,13.3118,SATISFIABLE,54,0,data/test/3sat/400/3sat_147.cnf,0.0051453113555908,0.077962,0.4274241924285888,0.4325695037841797,13.82233150378418,3sat_147.cnf,online_consistent_boundary400,Online-Consistent Selector,2,True,False,runs/analysis/full400_repeated_runtime/raw/online_consistent_boundary400/repeat2.csv
55,2.0,1499807.0,1723392.0,87640918.0,59.9774,INDETERMINATE,55,0,data/test/3sat/400/3sat_148.cnf,0.0051453113555908,0.0733419999999999,0.4274241924285888,0.4325695037841797,60.48331150378418,3sat_148.cnf,online_consistent_boundary400,Online-Consistent Selector,2,False,True,runs/analysis/full400_repeated_runtime/raw/online_consistent_boundary400/repeat2.csv
56,1.0,97366.0,112279.0,5819460.0,3.78453,SATISFIABLE,56,0,data/test/3sat/400/3sat_149.cnf,0.0051453113555908,0.067911,0.4274241924285888,0.4325695037841797,4.28501050378418,3sat_149.cnf,online_consistent_boundary400,Online-Consistent Selector,2,True,False,runs/analysis/full400_repeated_runtime/raw/online_consistent_boundary400/repeat2.csv
57,2.0,1458578.0,1657417.0,82998645.0,59.982,INDETERMINATE,57,0,data/test/3sat/400/3sat_15.cnf,0.0051453113555908,0.082506,0.4274241924285888,0.4325695037841797,60.49707550378418,3sat_15.cnf,online_consistent_boundary400,Online-Consistent Selector,2,False,True,runs/analysis/full400_repeated_runtime/raw/online_consistent_boundary400/repeat2.csv
58,1.0,16970.0,19929.0,1057698.0,0.382123,SATISFIABLE,58,0,data/test/3sat/400/3sat_150.cnf,0.0051453113555908,0.086946,0.4274241924285888,0.4325695037841797,0.9016385037841796,3sat_150.cnf,online_consistent_boundary400,Online-Consistent Selector,2,True,False,runs/analysis/full400_repeated_runtime/raw/online_consistent_boundary400/repeat2.csv
59,2.0,1450551.0,1647713.0,83660050.0,59.9869,INDETERMINATE,59,0,data/test/3sat/400/3sat_151.cnf,0.0051453113555908,0.076355,0.4274241924285888,0.4325695037841797,60.49582450378418,3sat_151.cnf,online_consistent_boundary400,Online-Consistent Selector,2,False,True,runs/analysis/full400_repeated_runtime/raw/online_consistent_boundary400/repeat2.csv
60,2.0,1505117.0,1732838.0,84381897.0,59.9924,INDETERMINATE,60,0,data/test/3sat/400/3sat_152.cnf,0.0050301551818847,0.076857,0.3406093120574951,0.3456394672393799,60.41489646723938,3sat_152.cnf,online_consistent_boundary400,Online-Consistent Selector,2,False,True,runs/analysis/full400_repeated_runtime/raw/online_consistent_boundary400/repeat2.csv
61,2.0,1443607.0,1645181.0,80953988.0,59.9615,INDETERMINATE,61,0,data/test/3sat/400/3sat_153.cnf,0.0050301551818847,0.07281,0.3406093120574951,0.3456394672393799,60.37994946723938,3sat_153.cnf,online_consistent_boundary400,Online-Consistent Selector,2,False,True,runs/analysis/full400_repeated_runtime/raw/online_consistent_boundary400/repeat2.csv
62,1.0,9781.0,11606.0,611335.0,0.207893,SATISFIABLE,62,0,data/test/3sat/400/3sat_154.cnf,0.0050301551818847,0.073411,0.3406093120574951,0.3456394672393799,0.6269434672393799,3sat_154.cnf,online_consistent_boundary400,Online-Consistent Selector,2,True,False,runs/analysis/full400_repeated_runtime/raw/online_consistent_boundary400/repeat2.csv
63,2.0,1491892.0,1699665.0,83330751.0,59.9488,INDETERMINATE,63,0,data/test/3sat/400/3sat_155.cnf,0.0050301551818847,0.0679879999999999,0.3406093120574951,0.3456394672393799,60.36242746723938,3sat_155.cnf,online_consistent_boundary400,Online-Consistent Selector,2,False,True,runs/analysis/full400_repeated_runtime/raw/online_consistent_boundary400/repeat2.csv
64,2.0,1455757.0,1660897.0,82602512.0,59.9871,INDETERMINATE,64,0,data/test/3sat/400/3sat_156.cnf,0.0050301551818847,0.082946,0.3406093120574951,0.3456394672393799,60.41568546723938,3sat_156.cnf,online_consistent_boundary400,Online-Consistent Selector,2,False,True,runs/analysis/full400_repeated_runtime/raw/online_consistent_boundary400/repeat2.csv
65,2.0,873297.0,1013956.0,52333641.0,32.9964,SATISFIABLE,65,0,data/test/3sat/400/3sat_157.cnf,0.0050301551818847,0.081881,0.3406093120574951,0.3456394672393799,33.423920467239384,3sat_157.cnf,online_consistent_boundary400,Online-Consistent Selector,2,True,False,runs/analysis/full400_repeated_runtime/raw/online_consistent_boundary400/repeat2.csv
66,2.0,1477396.0,1673595.0,82220004.0,59.9837,INDETERMINATE,66,0,data/test/3sat/400/3sat_158.cnf,0.0050301551818847,0.081516,0.3406093120574951,0.3456394672393799,60.41085546723938,3sat_158.cnf,online_consistent_boundary400,Online-Consistent Selector,2,False,True,runs/analysis/full400_repeated_runtime/raw/online_consistent_boundary400/repeat2.csv
67,2.0,1501603.0,1724372.0,86393738.0,59.9824,INDETERMINATE,67,0,data/test/3sat/400/3sat_159.cnf,0.0050301551818847,0.077849,0.3406093120574951,0.3456394672393799,60.40588846723938,3sat_159.cnf,online_consistent_boundary400,Online-Consistent Selector,2,False,True,runs/analysis/full400_repeated_runtime/raw/online_consistent_boundary400/repeat2.csv
68,2.0,1566092.0,1778526.0,89844517.0,59.9784,INDETERMINATE,68,0,data/test/3sat/400/3sat_16.cnf,0.0050301551818847,0.0793319999999999,0.3406093120574951,0.3456394672393799,60.40337146723938,3sat_16.cnf,online_consistent_boundary400,Online-Consistent Selector,2,False,True,runs/analysis/full400_repeated_runtime/raw/online_consistent_boundary400/repeat2.csv
69,2.0,1495701.0,1712492.0,83461827.0,59.9884,INDETERMINATE,69,0,data/test/3sat/400/3sat_160.cnf,0.0050301551818847,0.063156,0.3406093120574951,0.3456394672393799,60.39719546723938,3sat_160.cnf,online_consistent_boundary400,Online-Consistent Selector,2,False,True,runs/analysis/full400_repeated_runtime/raw/online_consistent_boundary400/repeat2.csv
70,2.0,1537889.0,1751191.0,88984409.0,59.9913,INDETERMINATE,70,0,data/test/3sat/400/3sat_161.cnf,0.0045783519744873,0.079618,0.329838752746582,0.3344171047210693,60.40533510472108,3sat_161.cnf,online_consistent_boundary400,Online-Consistent Selector,2,False,True,runs/analysis/full400_repeated_runtime/raw/online_consistent_boundary400/repeat2.csv
71,2.0,1359373.0,1537440.0,76638233.0,59.9719,INDETERMINATE,71,0,data/test/3sat/400/3sat_162.cnf,0.0045783519744873,0.069306,0.329838752746582,0.3344171047210693,60.375623104721065,3sat_162.cnf,online_consistent_boundary400,Online-Consistent Selector,2,False,True,runs/analysis/full400_repeated_runtime/raw/online_consistent_boundary400/repeat2.csv
72,2.0,915021.0,1050086.0,53803425.0,35.0542,SATISFIABLE,72,0,data/test/3sat/400/3sat_163.cnf,0.0045783519744873,0.072112,0.329838752746582,0.3344171047210693,35.46072910472107,3sat_163.cnf,online_consistent_boundary400,Online-Consistent Selector,2,True,False,runs/analysis/full400_repeated_runtime/raw/online_consistent_boundary400/repeat2.csv
73,2.0,1463721.0,1679764.0,85136812.0,59.9672,INDETERMINATE,73,0,data/test/3sat/400/3sat_164.cnf,0.0045783519744873,0.07121,0.329838752746582,0.3344171047210693,60.37282710472107,3sat_164.cnf,online_consistent_boundary400,Online-Consistent Selector,2,False,True,runs/analysis/full400_repeated_runtime/raw/online_consistent_boundary400/repeat2.csv
74,1.0,1169.0,1491.0,77588.0,0.021955,SATISFIABLE,74,0,data/test/3sat/400/3sat_165.cnf,0.0045783519744873,0.071895,0.329838752746582,0.3344171047210693,0.4282671047210693,3sat_165.cnf,online_consistent_boundary400,Online-Consistent Selector,2,True,False,runs/analysis/full400_repeated_runtime/raw/online_consistent_boundary400/repeat2.csv
75,2.0,1527382.0,1746286.0,86249829.0,59.9804,INDETERMINATE,75,0,data/test/3sat/400/3sat_166.cnf,0.0045783519744873,0.074903,0.329838752746582,0.3344171047210693,60.38972010472107,3sat_166.cnf,online_consistent_boundary400,Online-Consistent Selector,2,False,True,runs/analysis/full400_repeated_runtime/raw/online_consistent_boundary400/repeat2.csv
76,2.0,399529.0,460797.0,23951550.0,12.8943,SATISFIABLE,76,0,data/test/3sat/400/3sat_167.cnf,0.0045783519744873,0.076817,0.329838752746582,0.3344171047210693,13.305534104721067,3sat_167.cnf,online_consistent_boundary400,Online-Consistent Selector,2,True,False,runs/analysis/full400_repeated_runtime/raw/online_consistent_boundary400/repeat2.csv
77,2.0,1395404.0,1577990.0,79931232.0,59.9773,INDETERMINATE,77,0,data/test/3sat/400/3sat_168.cnf,0.0045783519744873,0.0819469999999999,0.329838752746582,0.3344171047210693,60.39366410472107,3sat_168.cnf,online_consistent_boundary400,Online-Consistent Selector,2,False,True,runs/analysis/full400_repeated_runtime/raw/online_consistent_boundary400/repeat2.csv
78,2.0,1420685.0,1630986.0,82090187.0,59.959,INDETERMINATE,78,0,data/test/3sat/400/3sat_169.cnf,0.0045783519744873,0.084094,0.329838752746582,0.3344171047210693,60.37751110472107,3sat_169.cnf,online_consistent_boundary400,Online-Consistent Selector,2,False,True,runs/analysis/full400_repeated_runtime/raw/online_consistent_boundary400/repeat2.csv
79,2.0,1356489.0,1554030.0,76282986.0,59.9806,INDETERMINATE,79,0,data/test/3sat/400/3sat_17.cnf,0.0045783519744873,0.078251,0.329838752746582,0.3344171047210693,60.39326810472107,3sat_17.cnf,online_consistent_boundary400,Online-Consistent Selector,2,False,True,runs/analysis/full400_repeated_runtime/raw/online_consistent_boundary400/repeat2.csv
80,2.0,1402233.0,1600370.0,78029783.0,59.9838,INDETERMINATE,80,0,data/test/3sat/400/3sat_170.cnf,0.005866527557373,0.080961,0.3252432346343994,0.3311097621917724,60.39587076219178,3sat_170.cnf,online_consistent_boundary400,Online-Consistent Selector,2,False,True,runs/analysis/full400_repeated_runtime/raw/online_consistent_boundary400/repeat2.csv
81,2.0,1383800.0,1576694.0,78656066.0,59.9896,INDETERMINATE,81,0,data/test/3sat/400/3sat_171.cnf,0.005866527557373,0.078077,0.3252432346343994,0.3311097621917724,60.398786762191776,3sat_171.cnf,online_consistent_boundary400,Online-Consistent Selector,2,False,True,runs/analysis/full400_repeated_runtime/raw/online_consistent_boundary400/repeat2.csv
82,2.0,1428902.0,1649550.0,83068451.0,59.9902,INDETERMINATE,82,0,data/test/3sat/400/3sat_172.cnf,0.005866527557373,0.07289,0.3252432346343994,0.3311097621917724,60.394199762191775,3sat_172.cnf,online_consistent_boundary400,Online-Consistent Selector,2,False,True,runs/analysis/full400_repeated_runtime/raw/online_consistent_boundary400/repeat2.csv
83,2.0,1391902.0,1590858.0,79959168.0,59.9868,INDETERMINATE,83,0,data/test/3sat/400/3sat_173.cnf,0.005866527557373,0.0717039999999999,0.3252432346343994,0.3311097621917724,60.38961376219177,3sat_173.cnf,online_consistent_boundary400,Online-Consistent Selector,2,False,True,runs/analysis/full400_repeated_runtime/raw/online_consistent_boundary400/repeat2.csv
84,2.0,1419683.0,1611737.0,79922446.0,59.9698,INDETERMINATE,84,0,data/test/3sat/400/3sat_174.cnf,0.005866527557373,0.067632,0.3252432346343994,0.3311097621917724,60.368541762191775,3sat_174.cnf,online_consistent_boundary400,Online-Consistent Selector,2,False,True,runs/analysis/full400_repeated_runtime/raw/online_consistent_boundary400/repeat2.csv
85,2.0,1476714.0,1683783.0,82256127.0,59.94,INDETERMINATE,85,0,data/test/3sat/400/3sat_175.cnf,0.005866527557373,0.063285,0.3252432346343994,0.3311097621917724,60.33439476219177,3sat_175.cnf,online_consistent_boundary400,Online-Consistent Selector,2,False,True,runs/analysis/full400_repeated_runtime/raw/online_consistent_boundary400/repeat2.csv
86,1.0,44850.0,52377.0,2659490.0,1.48293,SATISFIABLE,86,0,data/test/3sat/400/3sat_176.cnf,0.005866527557373,0.080892,0.3252432346343994,0.3311097621917724,1.8949317621917725,3sat_176.cnf,online_consistent_boundary400,Online-Consistent Selector,2,True,False,runs/analysis/full400_repeated_runtime/raw/online_consistent_boundary400/repeat2.csv
87,2.0,1456627.0,1650716.0,83745833.0,60.0009,INDETERMINATE,87,0,data/test/3sat/400/3sat_177.cnf,0.005866527557373,0.07647,0.3252432346343994,0.3311097621917724,60.408479762191774,3sat_177.cnf,online_consistent_boundary400,Online-Consistent Selector,2,False,True,runs/analysis/full400_repeated_runtime/raw/online_consistent_boundary400/repeat2.csv
88,2.0,1499356.0,1734838.0,86900101.0,59.9839,INDETERMINATE,88,0,data/test/3sat/400/3sat_178.cnf,0.005866527557373,0.066177,0.3252432346343994,0.3311097621917724,60.381186762191774,3sat_178.cnf,online_consistent_boundary400,Online-Consistent Selector,2,False,True,runs/analysis/full400_repeated_runtime/raw/online_consistent_boundary400/repeat2.csv
89,2.0,1529624.0,1741249.0,87913066.0,59.9737,INDETERMINATE,89,0,data/test/3sat/400/3sat_179.cnf,0.005866527557373,0.078605,0.3252432346343994,0.3311097621917724,60.38341476219178,3sat_179.cnf,online_consistent_boundary400,Online-Consistent Selector,2,False,True,runs/analysis/full400_repeated_runtime/raw/online_consistent_boundary400/repeat2.csv
90,2.0,1434821.0,1640060.0,82491140.0,59.9686,INDETERMINATE,90,0,data/test/3sat/400/3sat_18.cnf,0.004913330078125,0.071117,0.2713699340820312,0.2762832641601562,60.31600026416016,3sat_18.cnf,online_consistent_boundary400,Online-Consistent Selector,2,False,True,runs/analysis/full400_repeated_runtime/raw/online_consistent_boundary400/repeat2.csv
91,2.0,479866.0,551097.0,28918715.0,16.5272,SATISFIABLE,91,0,data/test/3sat/400/3sat_180.cnf,0.004913330078125,0.068879,0.2713699340820312,0.2762832641601562,16.872362264160156,3sat_180.cnf,online_consistent_boundary400,Online-Consistent Selector,2,True,False,runs/analysis/full400_repeated_runtime/raw/online_consistent_boundary400/repeat2.csv
92,1.0,52050.0,59791.0,3130772.0,1.95087,SATISFIABLE,92,0,data/test/3sat/400/3sat_181.cnf,0.004913330078125,0.0679009999999999,0.2713699340820312,0.2762832641601562,2.2950542641601563,3sat_181.cnf,online_consistent_boundary400,Online-Consistent Selector,2,True,False,runs/analysis/full400_repeated_runtime/raw/online_consistent_boundary400/repeat2.csv
93,2.0,1455355.0,1665887.0,79752759.0,59.9938,INDETERMINATE,93,0,data/test/3sat/400/3sat_182.cnf,0.004913330078125,0.073947,0.2713699340820312,0.2762832641601562,60.34403026416015,3sat_182.cnf,online_consistent_boundary400,Online-Consistent Selector,2,False,True,runs/analysis/full400_repeated_runtime/raw/online_consistent_boundary400/repeat2.csv
94,2.0,1470018.0,1678814.0,82461281.0,59.9752,INDETERMINATE,94,0,data/test/3sat/400/3sat_183.cnf,0.004913330078125,0.064766,0.2713699340820312,0.2762832641601562,60.31624926416016,3sat_183.cnf,online_consistent_boundary400,Online-Consistent Selector,2,False,True,runs/analysis/full400_repeated_runtime/raw/online_consistent_boundary400/repeat2.csv
95,2.0,1490344.0,1697770.0,85403202.0,59.9876,INDETERMINATE,95,0,data/test/3sat/400/3sat_184.cnf,0.004913330078125,0.068252,0.2713699340820312,0.2762832641601562,60.33213526416016,3sat_184.cnf,online_consistent_boundary400,Online-Consistent Selector,2,False,True,runs/analysis/full400_repeated_runtime/raw/online_consistent_boundary400/repeat2.csv
96,2.0,1615098.0,1826332.0,90600135.0,59.9647,INDETERMINATE,96,0,data/test/3sat/400/3sat_185.cnf,0.004913330078125,0.082471,0.2713699340820312,0.2762832641601562,60.32345426416016,3sat_185.cnf,online_consistent_boundary400,Online-Consistent Selector,2,False,True,runs/analysis/full400_repeated_runtime/raw/online_consistent_boundary400/repeat2.csv
97,2.0,1365991.0,1560581.0,74595749.0,59.9582,INDETERMINATE,97,0,data/test/3sat/400/3sat_186.cnf,0.004913330078125,0.079575,0.2713699340820312,0.2762832641601562,60.31405826416015,3sat_186.cnf,online_consistent_boundary400,Online-Consistent Selector,2,False,True,runs/analysis/full400_repeated_runtime/raw/online_consistent_boundary400/repeat2.csv
98,2.0,1405547.0,1617977.0,79224544.0,59.9799,INDETERMINATE,98,0,data/test/3sat/400/3sat_187.cnf,0.004913330078125,0.08528,0.2713699340820312,0.2762832641601562,60.34146326416016,3sat_187.cnf,online_consistent_boundary400,Online-Consistent Selector,2,False,True,runs/analysis/full400_repeated_runtime/raw/online_consistent_boundary400/repeat2.csv
99,2.0,1557264.0,1778443.0,89010606.0,59.9513,INDETERMINATE,99,0,data/test/3sat/400/3sat_188.cnf,0.004913330078125,0.085917,0.2713699340820312,0.2762832641601562,60.31350026416016,3sat_188.cnf,online_consistent_boundary400,Online-Consistent Selector,2,False,True,runs/analysis/full400_repeated_runtime/raw/online_consistent_boundary400/repeat2.csv
100,2.0,486885.0,560599.0,28846336.0,16.9662,SATISFIABLE,100,0,data/test/3sat/400/3sat_189.cnf,0.0044515132904052,0.085519,0.3391201496124267,0.343571662902832,17.395290662902834,3sat_189.cnf,online_consistent_boundary400,Online-Consistent Selector,2,True,False,runs/analysis/full400_repeated_runtime/raw/online_consistent_boundary400/repeat2.csv
101,1.0,32619.0,37875.0,1910478.0,1.04604,SATISFIABLE,101,0,data/test/3sat/400/3sat_19.cnf,0.0044515132904052,0.075503,0.3391201496124267,0.343571662902832,1.4651146629028322,3sat_19.cnf,online_consistent_boundary400,Online-Consistent Selector,2,True,False,runs/analysis/full400_repeated_runtime/raw/online_consistent_boundary400/repeat2.csv
102,1.0,1353.0,1762.0,87323.0,0.021569,SATISFIABLE,102,0,data/test/3sat/400/3sat_190.cnf,0.0044515132904052,0.067978,0.3391201496124267,0.343571662902832,0.433118662902832,3sat_190.cnf,online_consistent_boundary400,Online-Consistent Selector,2,True,False,runs/analysis/full400_repeated_runtime/raw/online_consistent_boundary400/repeat2.csv
103,2.0,1466685.0,1686463.0,81708015.0,59.9919,INDETERMINATE,103,0,data/test/3sat/400/3sat_191.cnf,0.0044515132904052,0.075344,0.3391201496124267,0.343571662902832,60.410815662902834,3sat_191.cnf,online_consistent_boundary400,Online-Consistent Selector,2,False,True,runs/analysis/full400_repeated_runtime/raw/online_consistent_boundary400/repeat2.csv
104,2.0,1413855.0,1630964.0,79825199.0,59.9914,INDETERMINATE,104,0,data/test/3sat/400/3sat_192.cnf,0.0044515132904052,0.062026,0.3391201496124267,0.343571662902832,60.396997662902834,3sat_192.cnf,online_consistent_boundary400,Online-Consistent Selector,2,False,True,runs/analysis/full400_repeated_runtime/raw/online_consistent_boundary400/repeat2.csv
105,2.0,1388613.0,1584871.0,80385537.0,59.9756,INDETERMINATE,105,0,data/test/3sat/400/3sat_193.cnf,0.0044515132904052,0.078553,0.3391201496124267,0.343571662902832,60.39772466290283,3sat_193.cnf,online_consistent_boundary400,Online-Consistent Selector,2,False,True,runs/analysis/full400_repeated_runtime/raw/online_consistent_boundary400/repeat2.csv
106,2.0,1388589.0,1576594.0,79088270.0,59.9831,INDETERMINATE,106,0,data/test/3sat/400/3sat_194.cnf,0.0044515132904052,0.066295,0.3391201496124267,0.343571662902832,60.39296666290283,3sat_194.cnf,online_consistent_boundary400,Online-Consistent Selector,2,False,True,runs/analysis/full400_repeated_runtime/raw/online_consistent_boundary400/repeat2.csv
107,2.0,1516996.0,1730926.0,88497102.0,59.9773,INDETERMINATE,107,0,data/test/3sat/400/3sat_195.cnf,0.0044515132904052,0.070661,0.3391201496124267,0.343571662902832,60.39153266290283,3sat_195.cnf,online_consistent_boundary400,Online-Consistent Selector,2,False,True,runs/analysis/full400_repeated_runtime/raw/online_consistent_boundary400/repeat2.csv
108,2.0,885139.0,1017689.0,51832819.0,31.1408,SATISFIABLE,108,0,data/test/3sat/400/3sat_196.cnf,0.0044515132904052,0.0711499999999999,0.3391201496124267,0.343571662902832,31.55552166290283,3sat_196.cnf,online_consistent_boundary400,Online-Consistent Selector,2,True,False,runs/analysis/full400_repeated_runtime/raw/online_consistent_boundary400/repeat2.csv
109,2.0,1486575.0,1694931.0,83357522.0,59.9765,INDETERMINATE,109,0,data/test/3sat/400/3sat_197.cnf,0.0044515132904052,0.067222,0.3391201496124267,0.343571662902832,60.38729366290284,3sat_197.cnf,online_consistent_boundary400,Online-Consistent Selector,2,False,True,runs/analysis/full400_repeated_runtime/raw/online_consistent_boundary400/repeat2.csv
110,2.0,1473709.0,1695858.0,84262528.0,59.9821,INDETERMINATE,110,0,data/test/3sat/400/3sat_198.cnf,0.0060696601867675,0.068519,0.3002381324768066,0.3063077926635742,60.35692679266358,3sat_198.cnf,online_consistent_boundary400,Online-Consistent Selector,2,False,True,runs/analysis/full400_repeated_runtime/raw/online_consistent_boundary400/repeat2.csv
111,2.0,1440997.0,1650832.0,80431087.0,59.9975,INDETERMINATE,111,0,data/test/3sat/400/3sat_199.cnf,0.0060696601867675,0.0695419999999999,0.3002381324768066,0.3063077926635742,60.373349792663575,3sat_199.cnf,online_consistent_boundary400,Online-Consistent Selector,2,False,True,runs/analysis/full400_repeated_runtime/raw/online_consistent_boundary400/repeat2.csv
112,2.0,1426250.0,1628222.0,82841478.0,59.9904,INDETERMINATE,112,0,data/test/3sat/400/3sat_2.cnf,0.0060696601867675,0.079541,0.3002381324768066,0.3063077926635742,60.37624879266357,3sat_2.cnf,online_consistent_boundary400,Online-Consistent Selector,2,False,True,runs/analysis/full400_repeated_runtime/raw/online_consistent_boundary400/repeat2.csv
113,2.0,361980.0,419239.0,21758927.0,12.5601,SATISFIABLE,113,0,data/test/3sat/400/3sat_20.cnf,0.0060696601867675,0.0822219999999999,0.3002381324768066,0.3063077926635742,12.948629792663574,3sat_20.cnf,online_consistent_boundary400,Online-Consistent Selector,2,True,False,runs/analysis/full400_repeated_runtime/raw/online_consistent_boundary400/repeat2.csv
114,2.0,1428006.0,1653008.0,83133647.0,59.9801,INDETERMINATE,114,0,data/test/3sat/400/3sat_21.cnf,0.0060696601867675,0.069269,0.3002381324768066,0.3063077926635742,60.35567679266357,3sat_21.cnf,online_consistent_boundary400,Online-Consistent Selector,2,False,True,runs/analysis/full400_repeated_runtime/raw/online_consistent_boundary400/repeat2.csv
115,1.0,43107.0,50298.0,2657822.0,1.38159,SATISFIABLE,115,0,data/test/3sat/400/3sat_22.cnf,0.0060696601867675,0.077658,0.3002381324768066,0.3063077926635742,1.7655557926635743,3sat_22.cnf,online_consistent_boundary400,Online-Consistent Selector,2,True,False,runs/analysis/full400_repeated_runtime/raw/online_consistent_boundary400/repeat2.csv
116,2.0,1392001.0,1592653.0,77286919.0,59.9925,INDETERMINATE,116,0,data/test/3sat/400/3sat_23.cnf,0.0060696601867675,0.070307,0.3002381324768066,0.3063077926635742,60.36911479266357,3sat_23.cnf,online_consistent_boundary400,Online-Consistent Selector,2,False,True,runs/analysis/full400_repeated_runtime/raw/online_consistent_boundary400/repeat2.csv
117,1.0,97677.0,112677.0,5872880.0,3.9475,SATISFIABLE,117,0,data/test/3sat/400/3sat_24.cnf,0.0060696601867675,0.068828,0.3002381324768066,0.3063077926635742,4.322635792663574,3sat_24.cnf,online_consistent_boundary400,Online-Consistent Selector,2,True,False,runs/analysis/full400_repeated_runtime/raw/online_consistent_boundary400/repeat2.csv
118,1.0,41249.0,47888.0,2486997.0,1.16505,SATISFIABLE,118,0,data/test/3sat/400/3sat_25.cnf,0.0060696601867675,0.080397,0.3002381324768066,0.3063077926635742,1.5517547926635742,3sat_25.cnf,online_consistent_boundary400,Online-Consistent Selector,2,True,False,runs/analysis/full400_repeated_runtime/raw/online_consistent_boundary400/repeat2.csv
119,2.0,1390519.0,1587443.0,79677380.0,59.9877,INDETERMINATE,119,0,data/test/3sat/400/3sat_26.cnf,0.0060696601867675,0.073346,0.3002381324768066,0.3063077926635742,60.36735379266357,3sat_26.cnf,online_consistent_boundary400,Online-Consistent Selector,2,False,True,runs/analysis/full400_repeated_runtime/raw/online_consistent_boundary400/repeat2.csv
120,1.0,9470.0,11447.0,605518.0,0.199997,SATISFIABLE,120,0,data/test/3sat/400/3sat_27.cnf,0.0055897235870361,0.074434,0.3274164199829101,0.3330061435699463,0.6074371435699463,3sat_27.cnf,online_consistent_boundary400,Online-Consistent Selector,2,True,False,runs/analysis/full400_repeated_runtime/raw/online_consistent_boundary400/repeat2.csv
121,2.0,1532615.0,1754480.0,86837525.0,59.9901,INDETERMINATE,121,0,data/test/3sat/400/3sat_28.cnf,0.0055897235870361,0.078422,0.3274164199829101,0.3330061435699463,60.40152814356995,3sat_28.cnf,online_consistent_boundary400,Online-Consistent Selector,2,False,True,runs/analysis/full400_repeated_runtime/raw/online_consistent_boundary400/repeat2.csv
122,2.0,1546365.0,1761883.0,88888365.0,59.9707,INDETERMINATE,122,0,data/test/3sat/400/3sat_29.cnf,0.0055897235870361,0.070296,0.3274164199829101,0.3330061435699463,60.374002143569946,3sat_29.cnf,online_consistent_boundary400,Online-Consistent Selector,2,False,True,runs/analysis/full400_repeated_runtime/raw/online_consistent_boundary400/repeat2.csv
123,2.0,1525268.0,1748914.0,89751519.0,59.982,INDETERMINATE,123,0,data/test/3sat/400/3sat_3.cnf,0.0055897235870361,0.078796,0.3274164199829101,0.3330061435699463,60.39380214356994,3sat_3.cnf,online_consistent_boundary400,Online-Consistent Selector,2,False,True,runs/analysis/full400_repeated_runtime/raw/online_consistent_boundary400/repeat2.csv
124,2.0,1414278.0,1616867.0,80432196.0,59.9798,INDETERMINATE,124,0,data/test/3sat/400/3sat_30.cnf,0.0055897235870361,0.076148,0.3274164199829101,0.3330061435699463,60.38895414356995,3sat_30.cnf,online_consistent_boundary400,Online-Consistent Selector,2,False,True,runs/analysis/full400_repeated_runtime/raw/online_consistent_boundary400/repeat2.csv
125,2.0,1368640.0,1576779.0,77168786.0,59.9767,INDETERMINATE,125,0,data/test/3sat/400/3sat_31.cnf,0.0055897235870361,0.074781,0.3274164199829101,0.3330061435699463,60.38448714356995,3sat_31.cnf,online_consistent_boundary400,Online-Consistent Selector,2,False,True,runs/analysis/full400_repeated_runtime/raw/online_consistent_boundary400/repeat2.csv
126,2.0,1439497.0,1637565.0,80866832.0,59.9604,INDETERMINATE,126,0,data/test/3sat/400/3sat_32.cnf,0.0055897235870361,0.080574,0.3274164199829101,0.3330061435699463,60.373980143569945,3sat_32.cnf,online_consistent_boundary400,Online-Consistent Selector,2,False,True,runs/analysis/full400_repeated_runtime/raw/online_consistent_boundary400/repeat2.csv
127,2.0,1442001.0,1654511.0,82198527.0,59.9776,INDETERMINATE,127,0,data/test/3sat/400/3sat_33.cnf,0.0055897235870361,0.070664,0.3274164199829101,0.3330061435699463,60.38127014356995,3sat_33.cnf,online_consistent_boundary400,Online-Consistent Selector,2,False,True,runs/analysis/full400_repeated_runtime/raw/online_consistent_boundary400/repeat2.csv
128,2.0,1582543.0,1818012.0,90569232.0,59.9606,INDETERMINATE,128,0,data/test/3sat/400/3sat_34.cnf,0.0055897235870361,0.065835,0.3274164199829101,0.3330061435699463,60.359441143569946,3sat_34.cnf,online_consistent_boundary400,Online-Consistent Selector,2,False,True,runs/analysis/full400_repeated_runtime/raw/online_consistent_boundary400/repeat2.csv
129,2.0,1505001.0,1728313.0,82909334.0,59.9701,INDETERMINATE,129,0,data/test/3sat/400/3sat_35.cnf,0.0055897235870361,0.065807,0.3274164199829101,0.3330061435699463,60.36891314356995,3sat_35.cnf,online_consistent_boundary400,Online-Consistent Selector,2,False,True,runs/analysis/full400_repeated_runtime/raw/online_consistent_boundary400/repeat2.csv
130,2.0,1500398.0,1717028.0,84296549.0,59.9809,INDETERMINATE,130,0,data/test/3sat/400/3sat_36.cnf,0.0051047801971435,0.074071,0.4770846366882324,0.482189416885376,60.53716041688537,3sat_36.cnf,online_consistent_boundary400,Online-Consistent Selector,2,False,True,runs/analysis/full400_repeated_runtime/raw/online_consistent_boundary400/repeat2.csv
131,2.0,1514899.0,1719653.0,85213735.0,59.9855,INDETERMINATE,131,0,data/test/3sat/400/3sat_37.cnf,0.0051047801971435,0.0742019999999999,0.4770846366882324,0.482189416885376,60.54189141688538,3sat_37.cnf,online_consistent_boundary400,Online-Consistent Selector,2,False,True,runs/analysis/full400_repeated_runtime/raw/online_consistent_boundary400/repeat2.csv
132,2.0,1526549.0,1742534.0,87106015.0,59.9841,INDETERMINATE,132,0,data/test/3sat/400/3sat_38.cnf,0.0051047801971435,0.059963,0.4770846366882324,0.482189416885376,60.52625241688538,3sat_38.cnf,online_consistent_boundary400,Online-Consistent Selector,2,False,True,runs/analysis/full400_repeated_runtime/raw/online_consistent_boundary400/repeat2.csv
133,2.0,1498173.0,1723664.0,83800163.0,59.9884,INDETERMINATE,133,0,data/test/3sat/400/3sat_39.cnf,0.0051047801971435,0.078492,0.4770846366882324,0.482189416885376,60.54908141688537,3sat_39.cnf,online_consistent_boundary400,Online-Consistent Selector,2,False,True,runs/analysis/full400_repeated_runtime/raw/online_consistent_boundary400/repeat2.csv
134,2.0,1531174.0,1747856.0,86065112.0,59.9891,INDETERMINATE,134,0,data/test/3sat/400/3sat_4.cnf,0.0051047801971435,0.069715,0.4770846366882324,0.482189416885376,60.54100441688538,3sat_4.cnf,online_consistent_boundary400,Online-Consistent Selector,2,False,True,runs/analysis/full400_repeated_runtime/raw/online_consistent_boundary400/repeat2.csv
135,2.0,1523546.0,1740934.0,86704283.0,59.973,INDETERMINATE,135,0,data/test/3sat/400/3sat_40.cnf,0.0051047801971435,0.0694559999999999,0.4770846366882324,0.482189416885376,60.52464541688538,3sat_40.cnf,online_consistent_boundary400,Online-Consistent Selector,2,False,True,runs/analysis/full400_repeated_runtime/raw/online_consistent_boundary400/repeat2.csv
136,2.0,1372862.0,1558887.0,76379841.0,59.9898,INDETERMINATE,136,0,data/test/3sat/400/3sat_41.cnf,0.0051047801971435,0.064038,0.4770846366882324,0.482189416885376,60.536027416885375,3sat_41.cnf,online_consistent_boundary400,Online-Consistent Selector,2,False,True,runs/analysis/full400_repeated_runtime/raw/online_consistent_boundary400/repeat2.csv
137,2.0,1600103.0,1817831.0,86831718.0,59.9683,INDETERMINATE,137,0,data/test/3sat/400/3sat_42.cnf,0.0051047801971435,0.076832,0.4770846366882324,0.482189416885376,60.52732141688538,3sat_42.cnf,online_consistent_boundary400,Online-Consistent Selector,2,False,True,runs/analysis/full400_repeated_runtime/raw/online_consistent_boundary400/repeat2.csv
138,2.0,1433557.0,1630154.0,81855801.0,59.9878,INDETERMINATE,138,0,data/test/3sat/400/3sat_43.cnf,0.0051047801971435,0.079443,0.4770846366882324,0.482189416885376,60.549432416885374,3sat_43.cnf,online_consistent_boundary400,Online-Consistent Selector,2,False,True,runs/analysis/full400_repeated_runtime/raw/online_consistent_boundary400/repeat2.csv
139,2.0,1437862.0,1646690.0,83072487.0,59.9859,INDETERMINATE,139,0,data/test/3sat/400/3sat_44.cnf,0.0051047801971435,0.076881,0.4770846366882324,0.482189416885376,60.54497041688538,3sat_44.cnf,online_consistent_boundary400,Online-Consistent Selector,2,False,True,runs/analysis/full400_repeated_runtime/raw/online_consistent_boundary400/repeat2.csv
140,2.0,1514481.0,1707391.0,84540140.0,59.9951,INDETERMINATE,140,0,data/test/3sat/400/3sat_45.cnf,0.0044565200805664,0.062716,0.3316867351531982,0.3361432552337646,60.39395925523377,3sat_45.cnf,online_consistent_boundary400,Online-Consistent Selector,2,False,True,runs/analysis/full400_repeated_runtime/raw/online_consistent_boundary400/repeat2.csv
141,2.0,977212.0,1110702.0,56336677.0,35.6169,SATISFIABLE,141,0,data/test/3sat/400/3sat_46.cnf,0.0044565200805664,0.068946,0.3316867351531982,0.3361432552337646,36.02198925523376,3sat_46.cnf,online_consistent_boundary400,Online-Consistent Selector,2,True,False,runs/analysis/full400_repeated_runtime/raw/online_consistent_boundary400/repeat2.csv
142,1.0,63966.0,73444.0,4017900.0,2.38813,SATISFIABLE,142,0,data/test/3sat/400/3sat_47.cnf,0.0044565200805664,0.0725369999999999,0.3316867351531982,0.3361432552337646,2.7968102552337646,3sat_47.cnf,online_consistent_boundary400,Online-Consistent Selector,2,True,False,runs/analysis/full400_repeated_runtime/raw/online_consistent_boundary400/repeat2.csv
143,2.0,1478246.0,1690965.0,82490086.0,59.9744,INDETERMINATE,143,0,data/test/3sat/400/3sat_48.cnf,0.0044565200805664,0.0811,0.3316867351531982,0.3361432552337646,60.39164325523377,3sat_48.cnf,online_consistent_boundary400,Online-Consistent Selector,2,False,True,runs/analysis/full400_repeated_runtime/raw/online_consistent_boundary400/repeat2.csv
144,2.0,1420891.0,1628562.0,82109685.0,59.975,INDETERMINATE,144,0,data/test/3sat/400/3sat_49.cnf,0.0044565200805664,0.080811,0.3316867351531982,0.3361432552337646,60.39195425523376,3sat_49.cnf,online_consistent_boundary400,Online-Consistent Selector,2,False,True,runs/analysis/full400_repeated_runtime/raw/online_consistent_boundary400/repeat2.csv
145,2.0,1414415.0,1620287.0,79997168.0,59.988,INDETERMINATE,145,0,data/test/3sat/400/3sat_5.cnf,0.0044565200805664,0.078912,0.3316867351531982,0.3361432552337646,60.40305525523377,3sat_5.cnf,online_consistent_boundary400,Online-Consistent Selector,2,False,True,runs/analysis/full400_repeated_runtime/raw/online_consistent_boundary400/repeat2.csv
146,2.0,1405589.0,1608151.0,80751398.0,59.9797,INDETERMINATE,146,0,data/test/3sat/400/3sat_50.cnf,0.0044565200805664,0.082761,0.3316867351531982,0.3361432552337646,60.39860425523376,3sat_50.cnf,online_consistent_boundary400,Online-Consistent Selector,2,False,True,runs/analysis/full400_repeated_runtime/raw/online_consistent_boundary400/repeat2.csv
147,2.0,1470800.0,1682343.0,83667650.0,59.9675,INDETERMINATE,147,0,data/test/3sat/400/3sat_51.cnf,0.0044565200805664,0.0739259999999999,0.3316867351531982,0.3361432552337646,60.377569255233766,3sat_51.cnf,online_consistent_boundary400,Online-Consistent Selector,2,False,True,runs/analysis/full400_repeated_runtime/raw/online_consistent_boundary400/repeat2.csv
148,2.0,1585868.0,1830832.0,89241766.0,59.9873,INDETERMINATE,148,0,data/test/3sat/400/3sat_52.cnf,0.0044565200805664,0.071757,0.3316867351531982,0.3361432552337646,60.39520025523376,3sat_52.cnf,online_consistent_boundary400,Online-Consistent Selector,2,False,True,runs/analysis/full400_repeated_runtime/raw/online_consistent_boundary400/repeat2.csv
149,2.0,1434993.0,1636366.0,77932168.0,59.9975,INDETERMINATE,149,0,data/test/3sat/400/3sat_53.cnf,0.0044565200805664,0.066308,0.3316867351531982,0.3361432552337646,60.399951255233766,3sat_53.cnf,online_consistent_boundary400,Online-Consistent Selector,2,False,True,runs/analysis/full400_repeated_runtime/raw/online_consistent_boundary400/repeat2.csv
150,2.0,612353.0,699215.0,35959808.0,21.5779,SATISFIABLE,150,0,data/test/3sat/400/3sat_54.cnf,0.0038037300109863,0.073179,0.3531937599182129,0.3569974899291992,22.0080764899292,3sat_54.cnf,online_consistent_boundary400,Online-Consistent Selector,2,True,False,runs/analysis/full400_repeated_runtime/raw/online_consistent_boundary400/repeat2.csv
151,2.0,1544889.0,1762513.0,87110149.0,59.9897,INDETERMINATE,151,0,data/test/3sat/400/3sat_55.cnf,0.0038037300109863,0.073551,0.3531937599182129,0.3569974899291992,60.4202484899292,3sat_55.cnf,online_consistent_boundary400,Online-Consistent Selector,2,False,True,runs/analysis/full400_repeated_runtime/raw/online_consistent_boundary400/repeat2.csv
152,2.0,1397509.0,1578199.0,79936198.0,59.9728,INDETERMINATE,152,0,data/test/3sat/400/3sat_56.cnf,0.0038037300109863,0.072541,0.3531937599182129,0.3569974899291992,60.4023384899292,3sat_56.cnf,online_consistent_boundary400,Online-Consistent Selector,2,False,True,runs/analysis/full400_repeated_runtime/raw/online_consistent_boundary400/repeat2.csv
153,2.0,1488769.0,1692676.0,83270426.0,59.9868,INDETERMINATE,153,0,data/test/3sat/400/3sat_57.cnf,0.0038037300109863,0.082242,0.3531937599182129,0.3569974899291992,60.4260394899292,3sat_57.cnf,online_consistent_boundary400,Online-Consistent Selector,2,False,True,runs/analysis/full400_repeated_runtime/raw/online_consistent_boundary400/repeat2.csv
154,2.0,1556372.0,1775541.0,92235528.0,59.9942,INDETERMINATE,154,0,data/test/3sat/400/3sat_58.cnf,0.0038037300109863,0.0667089999999999,0.3531937599182129,0.3569974899291992,60.4179064899292,3sat_58.cnf,online_consistent_boundary400,Online-Consistent Selector,2,False,True,runs/analysis/full400_repeated_runtime/raw/online_consistent_boundary400/repeat2.csv
155,2.0,1498184.0,1715719.0,84325773.0,59.9664,INDETERMINATE,155,0,data/test/3sat/400/3sat_59.cnf,0.0038037300109863,0.080602,0.3531937599182129,0.3569974899291992,60.4039994899292,3sat_59.cnf,online_consistent_boundary400,Online-Consistent Selector,2,False,True,runs/analysis/full400_repeated_runtime/raw/online_consistent_boundary400/repeat2.csv
156,2.0,1486770.0,1685951.0,83065186.0,59.9781,INDETERMINATE,156,0,data/test/3sat/400/3sat_6.cnf,0.0038037300109863,0.0666529999999999,0.3531937599182129,0.3569974899291992,60.4017504899292,3sat_6.cnf,online_consistent_boundary400,Online-Consistent Selector,2,False,True,runs/analysis/full400_repeated_runtime/raw/online_consistent_boundary400/repeat2.csv
157,2.0,1426701.0,1623090.0,82023119.0,59.9914,INDETERMINATE,157,0,data/test/3sat/400/3sat_60.cnf,0.0038037300109863,0.071645,0.3531937599182129,0.3569974899291992,60.4200424899292,3sat_60.cnf,online_consistent_boundary400,Online-Consistent Selector,2,False,True,runs/analysis/full400_repeated_runtime/raw/online_consistent_boundary400/repeat2.csv
158,2.0,1429694.0,1616094.0,80334690.0,59.9704,INDETERMINATE,158,0,data/test/3sat/400/3sat_61.cnf,0.0038037300109863,0.067509,0.3531937599182129,0.3569974899291992,60.3949064899292,3sat_61.cnf,online_consistent_boundary400,Online-Consistent Selector,2,False,True,runs/analysis/full400_repeated_runtime/raw/online_consistent_boundary400/repeat2.csv
159,2.0,1516754.0,1720035.0,87429534.0,59.9896,INDETERMINATE,159,0,data/test/3sat/400/3sat_62.cnf,0.0038037300109863,0.078303,0.3531937599182129,0.3569974899291992,60.4249004899292,3sat_62.cnf,online_consistent_boundary400,Online-Consistent Selector,2,False,True,runs/analysis/full400_repeated_runtime/raw/online_consistent_boundary400/repeat2.csv
160,2.0,138136.0,157894.0,8130882.0,5.04084,SATISFIABLE,160,0,data/test/3sat/400/3sat_63.cnf,0.0043199062347412,0.0682919999999999,0.3367257118225097,0.341045618057251,5.450177618057251,3sat_63.cnf,online_consistent_boundary400,Online-Consistent Selector,2,True,False,runs/analysis/full400_repeated_runtime/raw/online_consistent_boundary400/repeat2.csv
161,2.0,1436222.0,1625210.0,80204422.0,59.9679,INDETERMINATE,161,0,data/test/3sat/400/3sat_64.cnf,0.0043199062347412,0.060022,0.3367257118225097,0.341045618057251,60.36896761805725,3sat_64.cnf,online_consistent_boundary400,Online-Consistent Selector,2,False,True,runs/analysis/full400_repeated_runtime/raw/online_consistent_boundary400/repeat2.csv
162,1.0,224.0,339.0,14565.0,0.00685,SATISFIABLE,162,0,data/test/3sat/400/3sat_65.cnf,0.0043199062347412,0.030098,0.3367257118225097,0.341045618057251,0.3779936180572509,3sat_65.cnf,online_consistent_boundary400,Online-Consistent Selector,2,True,False,runs/analysis/full400_repeated_runtime/raw/online_consistent_boundary400/repeat2.csv
163,2.0,1412449.0,1620711.0,81495786.0,59.9939,INDETERMINATE,163,0,data/test/3sat/400/3sat_66.cnf,0.0043199062347412,0.080055,0.3367257118225097,0.341045618057251,60.41500061805725,3sat_66.cnf,online_consistent_boundary400,Online-Consistent Selector,2,False,True,runs/analysis/full400_repeated_runtime/raw/online_consistent_boundary400/repeat2.csv
164,2.0,1489225.0,1702570.0,85852062.0,59.99,INDETERMINATE,164,0,data/test/3sat/400/3sat_67.cnf,0.0043199062347412,0.0734229999999999,0.3367257118225097,0.341045618057251,60.40446861805725,3sat_67.cnf,online_consistent_boundary400,Online-Consistent Selector,2,False,True,runs/analysis/full400_repeated_runtime/raw/online_consistent_boundary400/repeat2.csv
165,2.0,1394084.0,1595607.0,78422576.0,59.9814,INDETERMINATE,165,0,data/test/3sat/400/3sat_68.cnf,0.0043199062347412,0.072979,0.3367257118225097,0.341045618057251,60.39542461805725,3sat_68.cnf,online_consistent_boundary400,Online-Consistent Selector,2,False,True,runs/analysis/full400_repeated_runtime/raw/online_consistent_boundary400/repeat2.csv
166,2.0,1458764.0,1672360.0,86897333.0,59.9738,INDETERMINATE,166,0,data/test/3sat/400/3sat_69.cnf,0.0043199062347412,0.0733719999999999,0.3367257118225097,0.341045618057251,60.38821761805725,3sat_69.cnf,online_consistent_boundary400,Online-Consistent Selector,2,False,True,runs/analysis/full400_repeated_runtime/raw/online_consistent_boundary400/repeat2.csv
167,2.0,1523011.0,1719027.0,84289832.0,59.9772,INDETERMINATE,167,0,data/test/3sat/400/3sat_7.cnf,0.0043199062347412,0.080958,0.3367257118225097,0.341045618057251,60.39920361805726,3sat_7.cnf,online_consistent_boundary400,Online-Consistent Selector,2,False,True,runs/analysis/full400_repeated_runtime/raw/online_consistent_boundary400/repeat2.csv
168,1.0,2512.0,3124.0,152890.0,0.0429,SATISFIABLE,168,0,data/test/3sat/400/3sat_70.cnf,0.0043199062347412,0.0692619999999999,0.3367257118225097,0.341045618057251,0.4532076180572509,3sat_70.cnf,online_consistent_boundary400,Online-Consistent Selector,2,True,False,runs/analysis/full400_repeated_runtime/raw/online_consistent_boundary400/repeat2.csv
169,2.0,1473904.0,1686881.0,83973341.0,59.9667,INDETERMINATE,169,0,data/test/3sat/400/3sat_71.cnf,0.0043199062347412,0.074174,0.3367257118225097,0.341045618057251,60.38191961805725,3sat_71.cnf,online_consistent_boundary400,Online-Consistent Selector,2,False,True,runs/analysis/full400_repeated_runtime/raw/online_consistent_boundary400/repeat2.csv
170,2.0,1474237.0,1686995.0,82940639.0,59.9742,INDETERMINATE,170,0,data/test/3sat/400/3sat_72.cnf,0.0048565864562988,0.072651,0.3046727180480957,0.3095293045043945,60.3563803045044,3sat_72.cnf,online_consistent_boundary400,Online-Consistent Selector,2,False,True,runs/analysis/full400_repeated_runtime/raw/online_consistent_boundary400/repeat2.csv
171,2.0,1468675.0,1673967.0,84093544.0,59.9922,INDETERMINATE,171,0,data/test/3sat/400/3sat_73.cnf,0.0048565864562988,0.082747,0.3046727180480957,0.3095293045043945,60.38447630450439,3sat_73.cnf,online_consistent_boundary400,Online-Consistent Selector,2,False,True,runs/analysis/full400_repeated_runtime/raw/online_consistent_boundary400/repeat2.csv
172,2.0,1390221.0,1600909.0,78299269.0,59.9636,INDETERMINATE,172,0,data/test/3sat/400/3sat_74.cnf,0.0048565864562988,0.075883,0.3046727180480957,0.3095293045043945,60.34901230450439,3sat_74.cnf,online_consistent_boundary400,Online-Consistent Selector,2,False,True,runs/analysis/full400_repeated_runtime/raw/online_consistent_boundary400/repeat2.csv
173,2.0,1390053.0,1586077.0,76174838.0,59.9837,INDETERMINATE,173,0,data/test/3sat/400/3sat_75.cnf,0.0048565864562988,0.075204,0.3046727180480957,0.3095293045043945,60.36843330450439,3sat_75.cnf,online_consistent_boundary400,Online-Consistent Selector,2,False,True,runs/analysis/full400_repeated_runtime/raw/online_consistent_boundary400/repeat2.csv
174,2.0,1459059.0,1659803.0,85089910.0,59.972,INDETERMINATE,174,0,data/test/3sat/400/3sat_76.cnf,0.0048565864562988,0.080525,0.3046727180480957,0.3095293045043945,60.3620543045044,3sat_76.cnf,online_consistent_boundary400,Online-Consistent Selector,2,False,True,runs/analysis/full400_repeated_runtime/raw/online_consistent_boundary400/repeat2.csv
175,2.0,1447249.0,1650898.0,81300223.0,59.9596,INDETERMINATE,175,0,data/test/3sat/400/3sat_77.cnf,0.0048565864562988,0.068366,0.3046727180480957,0.3095293045043945,60.3374953045044,3sat_77.cnf,online_consistent_boundary400,Online-Consistent Selector,2,False,True,runs/analysis/full400_repeated_runtime/raw/online_consistent_boundary400/repeat2.csv
176,2.0,1487357.0,1694065.0,81582737.0,59.9698,INDETERMINATE,176,0,data/test/3sat/400/3sat_78.cnf,0.0048565864562988,0.069822,0.3046727180480957,0.3095293045043945,60.3491513045044,3sat_78.cnf,online_consistent_boundary400,Online-Consistent Selector,2,False,True,runs/analysis/full400_repeated_runtime/raw/online_consistent_boundary400/repeat2.csv
177,2.0,1416000.0,1618871.0,77769470.0,59.978,INDETERMINATE,177,0,data/test/3sat/400/3sat_79.cnf,0.0048565864562988,0.080903,0.3046727180480957,0.3095293045043945,60.3684323045044,3sat_79.cnf,online_consistent_boundary400,Online-Consistent Selector,2,False,True,runs/analysis/full400_repeated_runtime/raw/online_consistent_boundary400/repeat2.csv
178,2.0,1439679.0,1636243.0,83309350.0,59.9723,INDETERMINATE,178,0,data/test/3sat/400/3sat_8.cnf,0.0048565864562988,0.081953,0.3046727180480957,0.3095293045043945,60.36378230450439,3sat_8.cnf,online_consistent_boundary400,Online-Consistent Selector,2,False,True,runs/analysis/full400_repeated_runtime/raw/online_consistent_boundary400/repeat2.csv
179,2.0,1497581.0,1725836.0,86418339.0,59.9775,INDETERMINATE,179,0,data/test/3sat/400/3sat_80.cnf,0.0048565864562988,0.062277,0.3046727180480957,0.3095293045043945,60.3493063045044,3sat_80.cnf,online_consistent_boundary400,Online-Consistent Selector,2,False,True,runs/analysis/full400_repeated_runtime/raw/online_consistent_boundary400/repeat2.csv
180,2.0,1440363.0,1629259.0,80456381.0,59.9658,INDETERMINATE,180,0,data/test/3sat/400/3sat_81.cnf,0.004955768585205,0.075186,0.3148367404937744,0.3197925090789795,60.36077850907898,3sat_81.cnf,online_consistent_boundary400,Online-Consistent Selector,2,False,True,runs/analysis/full400_repeated_runtime/raw/online_consistent_boundary400/repeat2.csv
181,2.0,723843.0,829611.0,42069078.0,25.1324,SATISFIABLE,181,0,data/test/3sat/400/3sat_82.cnf,0.004955768585205,0.074567,0.3148367404937744,0.3197925090789795,25.52675950907898,3sat_82.cnf,online_consistent_boundary400,Online-Consistent Selector,2,True,False,runs/analysis/full400_repeated_runtime/raw/online_consistent_boundary400/repeat2.csv
182,2.0,1467876.0,1673749.0,82118279.0,59.9638,INDETERMINATE,182,0,data/test/3sat/400/3sat_83.cnf,0.004955768585205,0.066493,0.3148367404937744,0.3197925090789795,60.35008550907898,3sat_83.cnf,online_consistent_boundary400,Online-Consistent Selector,2,False,True,runs/analysis/full400_repeated_runtime/raw/online_consistent_boundary400/repeat2.csv
183,2.0,1336929.0,1529978.0,76482425.0,59.9848,INDETERMINATE,183,0,data/test/3sat/400/3sat_84.cnf,0.004955768585205,0.082461,0.3148367404937744,0.3197925090789795,60.38705350907898,3sat_84.cnf,online_consistent_boundary400,Online-Consistent Selector,2,False,True,runs/analysis/full400_repeated_runtime/raw/online_consistent_boundary400/repeat2.csv
184,1.0,27518.0,32278.0,1663386.0,0.810516,SATISFIABLE,184,0,data/test/3sat/400/3sat_85.cnf,0.004955768585205,0.064817,0.3148367404937744,0.3197925090789795,1.1951255090789794,3sat_85.cnf,online_consistent_boundary400,Online-Consistent Selector,2,True,False,runs/analysis/full400_repeated_runtime/raw/online_consistent_boundary400/repeat2.csv
185,1.0,91912.0,107188.0,5690281.0,3.96715,SATISFIABLE,185,0,data/test/3sat/400/3sat_86.cnf,0.004955768585205,0.08055,0.3148367404937744,0.3197925090789795,4.367492509078979,3sat_86.cnf,online_consistent_boundary400,Online-Consistent Selector,2,True,False,runs/analysis/full400_repeated_runtime/raw/online_consistent_boundary400/repeat2.csv
186,2.0,1359659.0,1553375.0,77544702.0,59.9608,INDETERMINATE,186,0,data/test/3sat/400/3sat_87.cnf,0.004955768585205,0.0661979999999999,0.3148367404937744,0.3197925090789795,60.34679050907898,3sat_87.cnf,online_consistent_boundary400,Online-Consistent Selector,2,False,True,runs/analysis/full400_repeated_runtime/raw/online_consistent_boundary400/repeat2.csv
187,1.0,10969.0,13071.0,671709.0,0.233005,SATISFIABLE,187,0,data/test/3sat/400/3sat_88.cnf,0.004955768585205,0.0787809999999999,0.3148367404937744,0.3197925090789795,0.6315785090789795,3sat_88.cnf,online_consistent_boundary400,Online-Consistent Selector,2,True,False,runs/analysis/full400_repeated_runtime/raw/online_consistent_boundary400/repeat2.csv
188,1.0,8641.0,10334.0,538222.0,0.178234,SATISFIABLE,188,0,data/test/3sat/400/3sat_89.cnf,0.004955768585205,0.083874,0.3148367404937744,0.3197925090789795,0.5819005090789795,3sat_89.cnf,online_consistent_boundary400,Online-Consistent Selector,2,True,False,runs/analysis/full400_repeated_runtime/raw/online_consistent_boundary400/repeat2.csv
189,2.0,1518386.0,1729266.0,87338958.0,59.9909,INDETERMINATE,189,0,data/test/3sat/400/3sat_9.cnf,0.004955768585205,0.071616,0.3148367404937744,0.3197925090789795,60.38230850907898,3sat_9.cnf,online_consistent_boundary400,Online-Consistent Selector,2,False,True,runs/analysis/full400_repeated_runtime/raw/online_consistent_boundary400/repeat2.csv
190,2.0,1475669.0,1693665.0,86411252.0,59.9854,INDETERMINATE,190,0,data/test/3sat/400/3sat_90.cnf,0.0046780109405517,0.06481,0.3150925636291504,0.3197705745697021,60.3699805745697,3sat_90.cnf,online_consistent_boundary400,Online-Consistent Selector,2,False,True,runs/analysis/full400_repeated_runtime/raw/online_consistent_boundary400/repeat2.csv
191,1.0,41.0,125.0,3065.0,0.002814,SATISFIABLE,191,0,data/test/3sat/400/3sat_91.cnf,0.0046780109405517,0.0777259999999999,0.3150925636291504,0.3197705745697021,0.4003105745697021,3sat_91.cnf,online_consistent_boundary400,Online-Consistent Selector,2,True,False,runs/analysis/full400_repeated_runtime/raw/online_consistent_boundary400/repeat2.csv
192,1.0,84619.0,96791.0,5278901.0,3.52424,SATISFIABLE,192,0,data/test/3sat/400/3sat_92.cnf,0.0046780109405517,0.0779219999999999,0.3150925636291504,0.3197705745697021,3.921932574569702,3sat_92.cnf,online_consistent_boundary400,Online-Consistent Selector,2,True,False,runs/analysis/full400_repeated_runtime/raw/online_consistent_boundary400/repeat2.csv
193,2.0,621792.0,720709.0,37565651.0,22.6279,SATISFIABLE,193,0,data/test/3sat/400/3sat_93.cnf,0.0046780109405517,0.08743,0.3150925636291504,0.3197705745697021,23.035100574569704,3sat_93.cnf,online_consistent_boundary400,Online-Consistent Selector,2,True,False,runs/analysis/full400_repeated_runtime/raw/online_consistent_boundary400/repeat2.csv
194,1.0,53988.0,62131.0,3367378.0,1.71107,SATISFIABLE,194,0,data/test/3sat/400/3sat_94.cnf,0.0046780109405517,0.075278,0.3150925636291504,0.3197705745697021,2.1061185745697024,3sat_94.cnf,online_consistent_boundary400,Online-Consistent Selector,2,True,False,runs/analysis/full400_repeated_runtime/raw/online_consistent_boundary400/repeat2.csv
195,2.0,1439207.0,1638788.0,80598337.0,59.9646,INDETERMINATE,195,0,data/test/3sat/400/3sat_95.cnf,0.0046780109405517,0.0879669999999999,0.3150925636291504,0.3197705745697021,60.3723375745697,3sat_95.cnf,online_consistent_boundary400,Online-Consistent Selector,2,False,True,runs/analysis/full400_repeated_runtime/raw/online_consistent_boundary400/repeat2.csv
196,1.0,3109.0,3849.0,199282.0,0.057911,SATISFIABLE,196,0,data/test/3sat/400/3sat_96.cnf,0.0046780109405517,0.077983,0.3150925636291504,0.3197705745697021,0.4556645745697021,3sat_96.cnf,online_consistent_boundary400,Online-Consistent Selector,2,True,False,runs/analysis/full400_repeated_runtime/raw/online_consistent_boundary400/repeat2.csv
197,2.0,425291.0,491074.0,25526527.0,14.3163,SATISFIABLE,197,0,data/test/3sat/400/3sat_97.cnf,0.0046780109405517,0.085659,0.3150925636291504,0.3197705745697021,14.721729574569702,3sat_97.cnf,online_consistent_boundary400,Online-Consistent Selector,2,True,False,runs/analysis/full400_repeated_runtime/raw/online_consistent_boundary400/repeat2.csv
198,2.0,1512668.0,1713988.0,85215405.0,59.9662,INDETERMINATE,198,0,data/test/3sat/400/3sat_98.cnf,0.0046780109405517,0.077814,0.3150925636291504,0.3197705745697021,60.3637845745697,3sat_98.cnf,online_consistent_boundary400,Online-Consistent Selector,2,False,True,runs/analysis/full400_repeated_runtime/raw/online_consistent_boundary400/repeat2.csv
199,2.0,1505071.0,1717639.0,83023628.0,59.9744,INDETERMINATE,199,0,data/test/3sat/400/3sat_99.cnf,0.0046780109405517,0.073131,0.3150925636291504,0.3197705745697021,60.3673015745697,3sat_99.cnf,online_consistent_boundary400,Online-Consistent Selector,2,False,True,runs/analysis/full400_repeated_runtime/raw/online_consistent_boundary400/repeat2.csv
0,2.0,1442006.0,1645605.0,80399470.0,59.9736,INDETERMINATE,0,0,data/test/3sat/400/3sat_0.cnf,0.0070915222167968,0.075638,0.3316638469696045,0.3387553691864013,60.3879933691864,3sat_0.cnf,old_compact,Old Compact,2,False,True,runs/analysis/full400_repeated_runtime/raw/old_compact/repeat2.csv
1,1.0,73715.0,85712.0,4316774.0,2.77192,SATISFIABLE,1,0,data/test/3sat/400/3sat_1.cnf,0.0070915222167968,0.08063,0.3316638469696045,0.3387553691864013,3.1913053691864017,3sat_1.cnf,old_compact,Old Compact,2,True,False,runs/analysis/full400_repeated_runtime/raw/old_compact/repeat2.csv
2,2.0,1533663.0,1750967.0,86515034.0,59.9893,INDETERMINATE,2,0,data/test/3sat/400/3sat_10.cnf,0.0070915222167968,0.067546,0.3316638469696045,0.3387553691864013,60.3956013691864,3sat_10.cnf,old_compact,Old Compact,2,False,True,runs/analysis/full400_repeated_runtime/raw/old_compact/repeat2.csv
3,1.0,3392.0,4166.0,213902.0,0.063825,SATISFIABLE,3,0,data/test/3sat/400/3sat_100.cnf,0.0070915222167968,0.075518,0.3316638469696045,0.3387553691864013,0.4780983691864013,3sat_100.cnf,old_compact,Old Compact,2,True,False,runs/analysis/full400_repeated_runtime/raw/old_compact/repeat2.csv
4,2.0,1433829.0,1638646.0,80548072.0,59.9501,INDETERMINATE,4,0,data/test/3sat/400/3sat_101.cnf,0.0070915222167968,0.081227,0.3316638469696045,0.3387553691864013,60.3700823691864,3sat_101.cnf,old_compact,Old Compact,2,False,True,runs/analysis/full400_repeated_runtime/raw/old_compact/repeat2.csv
5,2.0,1463026.0,1692752.0,83691541.0,59.9472,INDETERMINATE,5,0,data/test/3sat/400/3sat_102.cnf,0.0070915222167968,0.084865,0.3316638469696045,0.3387553691864013,60.3708203691864,3sat_102.cnf,old_compact,Old Compact,2,False,True,runs/analysis/full400_repeated_runtime/raw/old_compact/repeat2.csv
6,2.0,1485888.0,1714484.0,85581883.0,59.9781,INDETERMINATE,6,0,data/test/3sat/400/3sat_103.cnf,0.0070915222167968,0.073439,0.3316638469696045,0.3387553691864013,60.3902943691864,3sat_103.cnf,old_compact,Old Compact,2,False,True,runs/analysis/full400_repeated_runtime/raw/old_compact/repeat2.csv
7,2.0,1427669.0,1631027.0,79427985.0,59.9698,INDETERMINATE,7,0,data/test/3sat/400/3sat_104.cnf,0.0070915222167968,0.071831,0.3316638469696045,0.3387553691864013,60.3803863691864,3sat_104.cnf,old_compact,Old Compact,2,False,True,runs/analysis/full400_repeated_runtime/raw/old_compact/repeat2.csv
8,2.0,1511046.0,1719252.0,86487120.0,59.9764,INDETERMINATE,8,0,data/test/3sat/400/3sat_105.cnf,0.0070915222167968,0.06952,0.3316638469696045,0.3387553691864013,60.3846753691864,3sat_105.cnf,old_compact,Old Compact,2,False,True,runs/analysis/full400_repeated_runtime/raw/old_compact/repeat2.csv
9,2.0,1537886.0,1749845.0,86819765.0,59.9627,INDETERMINATE,9,0,data/test/3sat/400/3sat_106.cnf,0.0070915222167968,0.0673729999999999,0.3316638469696045,0.3387553691864013,60.3688283691864,3sat_106.cnf,old_compact,Old Compact,2,False,True,runs/analysis/full400_repeated_runtime/raw/old_compact/repeat2.csv
10,2.0,1339046.0,1538176.0,76468469.0,59.9612,INDETERMINATE,10,0,data/test/3sat/400/3sat_107.cnf,0.0038118362426757,0.078995,0.3218660354614258,0.3256778717041015,60.3658728717041,3sat_107.cnf,old_compact,Old Compact,2,False,True,runs/analysis/full400_repeated_runtime/raw/old_compact/repeat2.csv
11,2.0,1466652.0,1689341.0,82144072.0,59.979,INDETERMINATE,11,0,data/test/3sat/400/3sat_108.cnf,0.0038118362426757,0.070729,0.3218660354614258,0.3256778717041015,60.3754068717041,3sat_108.cnf,old_compact,Old Compact,2,False,True,runs/analysis/full400_repeated_runtime/raw/old_compact/repeat2.csv
12,2.0,1525803.0,1748272.0,85478550.0,59.9799,INDETERMINATE,12,0,data/test/3sat/400/3sat_109.cnf,0.0038118362426757,0.070327,0.3218660354614258,0.3256778717041015,60.3759048717041,3sat_109.cnf,old_compact,Old Compact,2,False,True,runs/analysis/full400_repeated_runtime/raw/old_compact/repeat2.csv
13,1.0,40661.0,47692.0,2496556.0,1.3926,SATISFIABLE,13,0,data/test/3sat/400/3sat_11.cnf,0.0038118362426757,0.077088,0.3218660354614258,0.3256778717041015,1.7953658717041017,3sat_11.cnf,old_compact,Old Compact,2,True,False,runs/analysis/full400_repeated_runtime/raw/old_compact/repeat2.csv
14,2.0,1462337.0,1678349.0,84600187.0,59.9821,INDETERMINATE,14,0,data/test/3sat/400/3sat_110.cnf,0.0038118362426757,0.07522,0.3218660354614258,0.3256778717041015,60.382997871704106,3sat_110.cnf,old_compact,Old Compact,2,False,True,runs/analysis/full400_repeated_runtime/raw/old_compact/repeat2.csv
15,2.0,1458072.0,1672665.0,85131911.0,59.9829,INDETERMINATE,15,0,data/test/3sat/400/3sat_111.cnf,0.0038118362426757,0.066838,0.3218660354614258,0.3256778717041015,60.3754158717041,3sat_111.cnf,old_compact,Old Compact,2,False,True,runs/analysis/full400_repeated_runtime/raw/old_compact/repeat2.csv
16,2.0,1502122.0,1707353.0,86839889.0,59.9868,INDETERMINATE,16,0,data/test/3sat/400/3sat_112.cnf,0.0038118362426757,0.073137,0.3218660354614258,0.3256778717041015,60.38561487170411,3sat_112.cnf,old_compact,Old Compact,2,False,True,runs/analysis/full400_repeated_runtime/raw/old_compact/repeat2.csv
17,2.0,1382541.0,1568909.0,79338549.0,59.9919,INDETERMINATE,17,0,data/test/3sat/400/3sat_113.cnf,0.0038118362426757,0.075726,0.3218660354614258,0.3256778717041015,60.393303871704106,3sat_113.cnf,old_compact,Old Compact,2,False,True,runs/analysis/full400_repeated_runtime/raw/old_compact/repeat2.csv
18,2.0,1464450.0,1681665.0,82843830.0,59.9671,INDETERMINATE,18,0,data/test/3sat/400/3sat_114.cnf,0.0038118362426757,0.068212,0.3218660354614258,0.3256778717041015,60.360989871704106,3sat_114.cnf,old_compact,Old Compact,2,False,True,runs/analysis/full400_repeated_runtime/raw/old_compact/repeat2.csv
19,2.0,1374153.0,1559528.0,76198409.0,59.9792,INDETERMINATE,19,0,data/test/3sat/400/3sat_115.cnf,0.0038118362426757,0.084182,0.3218660354614258,0.3256778717041015,60.3890598717041,3sat_115.cnf,old_compact,Old Compact,2,False,True,runs/analysis/full400_repeated_runtime/raw/old_compact/repeat2.csv
20,2.0,1468527.0,1671804.0,82001233.0,59.9837,INDETERMINATE,20,0,data/test/3sat/400/3sat_116.cnf,0.0049660205841064,0.071101,0.3360083103179931,0.3409743309020996,60.3957753309021,3sat_116.cnf,old_compact,Old Compact,2,False,True,runs/analysis/full400_repeated_runtime/raw/old_compact/repeat2.csv
21,2.0,1481460.0,1694530.0,82648533.0,59.9708,INDETERMINATE,21,0,data/test/3sat/400/3sat_117.cnf,0.0049660205841064,0.070955,0.3360083103179931,0.3409743309020996,60.382729330902094,3sat_117.cnf,old_compact,Old Compact,2,False,True,runs/analysis/full400_repeated_runtime/raw/old_compact/repeat2.csv
22,2.0,1445505.0,1652551.0,81360727.0,59.9823,INDETERMINATE,22,0,data/test/3sat/400/3sat_118.cnf,0.0049660205841064,0.077578,0.3360083103179931,0.3409743309020996,60.4008523309021,3sat_118.cnf,old_compact,Old Compact,2,False,True,runs/analysis/full400_repeated_runtime/raw/old_compact/repeat2.csv
23,2.0,1521784.0,1740085.0,84172097.0,59.9593,INDETERMINATE,23,0,data/test/3sat/400/3sat_119.cnf,0.0049660205841064,0.07107,0.3360083103179931,0.3409743309020996,60.3713443309021,3sat_119.cnf,old_compact,Old Compact,2,False,True,runs/analysis/full400_repeated_runtime/raw/old_compact/repeat2.csv
24,2.0,1441477.0,1648536.0,80969916.0,59.9772,INDETERMINATE,24,0,data/test/3sat/400/3sat_12.cnf,0.0049660205841064,0.06608,0.3360083103179931,0.3409743309020996,60.3842543309021,3sat_12.cnf,old_compact,Old Compact,2,False,True,runs/analysis/full400_repeated_runtime/raw/old_compact/repeat2.csv
25,1.0,23077.0,27394.0,1439359.0,0.690822,SATISFIABLE,25,0,data/test/3sat/400/3sat_120.cnf,0.0049660205841064,0.06386,0.3360083103179931,0.3409743309020996,1.0956563309020997,3sat_120.cnf,old_compact,Old Compact,2,True,False,runs/analysis/full400_repeated_runtime/raw/old_compact/repeat2.csv
26,1.0,47329.0,54623.0,2823769.0,1.40628,SATISFIABLE,26,0,data/test/3sat/400/3sat_121.cnf,0.0049660205841064,0.067523,0.3360083103179931,0.3409743309020996,1.8147773309021,3sat_121.cnf,old_compact,Old Compact,2,True,False,runs/analysis/full400_repeated_runtime/raw/old_compact/repeat2.csv
27,2.0,1491834.0,1706704.0,85300769.0,59.9718,INDETERMINATE,27,0,data/test/3sat/400/3sat_122.cnf,0.0049660205841064,0.0779,0.3360083103179931,0.3409743309020996,60.3906743309021,3sat_122.cnf,old_compact,Old Compact,2,False,True,runs/analysis/full400_repeated_runtime/raw/old_compact/repeat2.csv
28,2.0,1503637.0,1710612.0,85630825.0,59.9692,INDETERMINATE,28,0,data/test/3sat/400/3sat_123.cnf,0.0049660205841064,0.080944,0.3360083103179931,0.3409743309020996,60.3911183309021,3sat_123.cnf,old_compact,Old Compact,2,False,True,runs/analysis/full400_repeated_runtime/raw/old_compact/repeat2.csv
29,1.0,654.0,900.0,43163.0,0.013222,SATISFIABLE,29,0,data/test/3sat/400/3sat_124.cnf,0.0049660205841064,0.053584,0.3360083103179931,0.3409743309020996,0.4077803309020996,3sat_124.cnf,old_compact,Old Compact,2,True,False,runs/analysis/full400_repeated_runtime/raw/old_compact/repeat2.csv
30,1.0,87018.0,101016.0,5296049.0,3.14318,SATISFIABLE,30,0,data/test/3sat/400/3sat_125.cnf,0.0062208175659179,0.073518,0.3156881332397461,0.321908950805664,3.538606950805664,3sat_125.cnf,old_compact,Old Compact,2,True,False,runs/analysis/full400_repeated_runtime/raw/old_compact/repeat2.csv
31,2.0,1464003.0,1674128.0,83976839.0,59.9913,INDETERMINATE,31,0,data/test/3sat/400/3sat_126.cnf,0.0062208175659179,0.082619,0.3156881332397461,0.321908950805664,60.39582795080567,3sat_126.cnf,old_compact,Old Compact,2,False,True,runs/analysis/full400_repeated_runtime/raw/old_compact/repeat2.csv
32,2.0,1402361.0,1623454.0,82185292.0,59.989,INDETERMINATE,32,0,data/test/3sat/400/3sat_127.cnf,0.0062208175659179,0.072307,0.3156881332397461,0.321908950805664,60.38321595080566,3sat_127.cnf,old_compact,Old Compact,2,False,True,runs/analysis/full400_repeated_runtime/raw/old_compact/repeat2.csv
33,2.0,238642.0,275833.0,14368684.0,8.42487,SATISFIABLE,33,0,data/test/3sat/400/3sat_128.cnf,0.0062208175659179,0.070433,0.3156881332397461,0.321908950805664,8.817211950805664,3sat_128.cnf,old_compact,Old Compact,2,True,False,runs/analysis/full400_repeated_runtime/raw/old_compact/repeat2.csv
34,1.0,28034.0,33114.0,1750425.0,0.80678,SATISFIABLE,34,0,data/test/3sat/400/3sat_129.cnf,0.0062208175659179,0.07431,0.3156881332397461,0.321908950805664,1.202998950805664,3sat_129.cnf,old_compact,Old Compact,2,True,False,runs/analysis/full400_repeated_runtime/raw/old_compact/repeat2.csv
35,2.0,1464879.0,1684516.0,84124268.0,59.9758,INDETERMINATE,35,0,data/test/3sat/400/3sat_13.cnf,0.0062208175659179,0.064951,0.3156881332397461,0.321908950805664,60.362659950805664,3sat_13.cnf,old_compact,Old Compact,2,False,True,runs/analysis/full400_repeated_runtime/raw/old_compact/repeat2.csv
36,2.0,121568.0,139021.0,7304329.0,4.59267,SATISFIABLE,36,0,data/test/3sat/400/3sat_130.cnf,0.0062208175659179,0.066787,0.3156881332397461,0.321908950805664,4.981365950805664,3sat_130.cnf,old_compact,Old Compact,2,True,False,runs/analysis/full400_repeated_runtime/raw/old_compact/repeat2.csv
37,1.0,82086.0,96037.0,5035591.0,3.35152,SATISFIABLE,37,0,data/test/3sat/400/3sat_131.cnf,0.0062208175659179,0.080318,0.3156881332397461,0.321908950805664,3.753746950805664,3sat_131.cnf,old_compact,Old Compact,2,True,False,runs/analysis/full400_repeated_runtime/raw/old_compact/repeat2.csv
38,1.0,2692.0,3354.0,172420.0,0.046214,SATISFIABLE,38,0,data/test/3sat/400/3sat_132.cnf,0.0062208175659179,0.075156,0.3156881332397461,0.321908950805664,0.443278950805664,3sat_132.cnf,old_compact,Old Compact,2,True,False,runs/analysis/full400_repeated_runtime/raw/old_compact/repeat2.csv
39,2.0,1422415.0,1644651.0,82837731.0,59.9746,INDETERMINATE,39,0,data/test/3sat/400/3sat_133.cnf,0.0062208175659179,0.071708,0.3156881332397461,0.321908950805664,60.36821695080567,3sat_133.cnf,old_compact,Old Compact,2,False,True,runs/analysis/full400_repeated_runtime/raw/old_compact/repeat2.csv
40,2.0,1400783.0,1603592.0,78367018.0,59.966,INDETERMINATE,40,0,data/test/3sat/400/3sat_134.cnf,0.005411148071289,0.072682,0.3309199810028076,0.3363311290740967,60.3750131290741,3sat_134.cnf,old_compact,Old Compact,2,False,True,runs/analysis/full400_repeated_runtime/raw/old_compact/repeat2.csv
41,2.0,1513084.0,1722749.0,84548428.0,59.9793,INDETERMINATE,41,0,data/test/3sat/400/3sat_135.cnf,0.005411148071289,0.06928,0.3309199810028076,0.3363311290740967,60.3849111290741,3sat_135.cnf,old_compact,Old Compact,2,False,True,runs/analysis/full400_repeated_runtime/raw/old_compact/repeat2.csv
42,2.0,1444186.0,1656183.0,84764192.0,59.9808,INDETERMINATE,42,0,data/test/3sat/400/3sat_136.cnf,0.005411148071289,0.081209,0.3309199810028076,0.3363311290740967,60.3983401290741,3sat_136.cnf,old_compact,Old Compact,2,False,True,runs/analysis/full400_repeated_runtime/raw/old_compact/repeat2.csv
43,2.0,1473165.0,1670009.0,79523977.0,59.9812,INDETERMINATE,43,0,data/test/3sat/400/3sat_137.cnf,0.005411148071289,0.072782,0.3309199810028076,0.3363311290740967,60.390313129074094,3sat_137.cnf,old_compact,Old Compact,2,False,True,runs/analysis/full400_repeated_runtime/raw/old_compact/repeat2.csv
44,2.0,1543004.0,1755466.0,89162795.0,59.9915,INDETERMINATE,44,0,data/test/3sat/400/3sat_138.cnf,0.005411148071289,0.077702,0.3309199810028076,0.3363311290740967,60.4055331290741,3sat_138.cnf,old_compact,Old Compact,2,False,True,runs/analysis/full400_repeated_runtime/raw/old_compact/repeat2.csv
45,2.0,1496227.0,1719922.0,85518287.0,59.9895,INDETERMINATE,45,0,data/test/3sat/400/3sat_139.cnf,0.005411148071289,0.071236,0.3309199810028076,0.3363311290740967,60.397067129074095,3sat_139.cnf,old_compact,Old Compact,2,False,True,runs/analysis/full400_repeated_runtime/raw/old_compact/repeat2.csv
46,2.0,133587.0,154405.0,8365184.0,5.21938,SATISFIABLE,46,0,data/test/3sat/400/3sat_14.cnf,0.005411148071289,0.086799,0.3309199810028076,0.3363311290740967,5.642510129074097,3sat_14.cnf,old_compact,Old Compact,2,True,False,runs/analysis/full400_repeated_runtime/raw/old_compact/repeat2.csv
47,2.0,1244295.0,1419655.0,73705026.0,48.9783,SATISFIABLE,47,0,data/test/3sat/400/3sat_140.cnf,0.005411148071289,0.069352,0.3309199810028076,0.3363311290740967,49.383983129074096,3sat_140.cnf,old_compact,Old Compact,2,True,False,runs/analysis/full400_repeated_runtime/raw/old_compact/repeat2.csv
48,1.0,71109.0,82102.0,4299119.0,2.99078,SATISFIABLE,48,0,data/test/3sat/400/3sat_141.cnf,0.005411148071289,0.078097,0.3309199810028076,0.3363311290740967,3.4052081290740968,3sat_141.cnf,old_compact,Old Compact,2,True,False,runs/analysis/full400_repeated_runtime/raw/old_compact/repeat2.csv
49,1.0,61037.0,70865.0,3765471.0,2.09192,SATISFIABLE,49,0,data/test/3sat/400/3sat_142.cnf,0.005411148071289,0.07554,0.3309199810028076,0.3363311290740967,2.503791129074097,3sat_142.cnf,old_compact,Old Compact,2,True,False,runs/analysis/full400_repeated_runtime/raw/old_compact/repeat2.csv
50,2.0,1421216.0,1632611.0,81708054.0,59.9891,INDETERMINATE,50,0,data/test/3sat/400/3sat_143.cnf,0.0055642127990722,0.08182,0.2958362102508545,0.3014004230499267,60.37232042304993,3sat_143.cnf,old_compact,Old Compact,2,False,True,runs/analysis/full400_repeated_runtime/raw/old_compact/repeat2.csv
51,2.0,1371328.0,1569617.0,76151307.0,59.9499,INDETERMINATE,51,0,data/test/3sat/400/3sat_144.cnf,0.0055642127990722,0.07936,0.2958362102508545,0.3014004230499267,60.33066042304993,3sat_144.cnf,old_compact,Old Compact,2,False,True,runs/analysis/full400_repeated_runtime/raw/old_compact/repeat2.csv
52,2.0,1401994.0,1619057.0,79636891.0,59.9692,INDETERMINATE,52,0,data/test/3sat/400/3sat_145.cnf,0.0055642127990722,0.080911,0.2958362102508545,0.3014004230499267,60.35151142304993,3sat_145.cnf,old_compact,Old Compact,2,False,True,runs/analysis/full400_repeated_runtime/raw/old_compact/repeat2.csv
53,2.0,1445541.0,1654740.0,81135215.0,59.958,INDETERMINATE,53,0,data/test/3sat/400/3sat_146.cnf,0.0055642127990722,0.0756609999999999,0.2958362102508545,0.3014004230499267,60.33506142304992,3sat_146.cnf,old_compact,Old Compact,2,False,True,runs/analysis/full400_repeated_runtime/raw/old_compact/repeat2.csv
54,2.0,392510.0,450448.0,23393708.0,13.4145,SATISFIABLE,54,0,data/test/3sat/400/3sat_147.cnf,0.0055642127990722,0.07443,0.2958362102508545,0.3014004230499267,13.790330423049928,3sat_147.cnf,old_compact,Old Compact,2,True,False,runs/analysis/full400_repeated_runtime/raw/old_compact/repeat2.csv
55,2.0,1488631.0,1710702.0,86991154.0,59.9575,INDETERMINATE,55,0,data/test/3sat/400/3sat_148.cnf,0.0055642127990722,0.080069,0.2958362102508545,0.3014004230499267,60.33896942304993,3sat_148.cnf,old_compact,Old Compact,2,False,True,runs/analysis/full400_repeated_runtime/raw/old_compact/repeat2.csv
56,1.0,97366.0,112279.0,5819460.0,3.78881,SATISFIABLE,56,0,data/test/3sat/400/3sat_149.cnf,0.0055642127990722,0.080302,0.2958362102508545,0.3014004230499267,4.170512423049926,3sat_149.cnf,old_compact,Old Compact,2,True,False,runs/analysis/full400_repeated_runtime/raw/old_compact/repeat2.csv
57,2.0,1481427.0,1683660.0,84251482.0,59.961,INDETERMINATE,57,0,data/test/3sat/400/3sat_15.cnf,0.0055642127990722,0.0717889999999999,0.2958362102508545,0.3014004230499267,60.33418942304993,3sat_15.cnf,old_compact,Old Compact,2,False,True,runs/analysis/full400_repeated_runtime/raw/old_compact/repeat2.csv
58,1.0,16970.0,19929.0,1057698.0,0.3805,SATISFIABLE,58,0,data/test/3sat/400/3sat_150.cnf,0.0055642127990722,0.070831,0.2958362102508545,0.3014004230499267,0.7527314230499268,3sat_150.cnf,old_compact,Old Compact,2,True,False,runs/analysis/full400_repeated_runtime/raw/old_compact/repeat2.csv
59,2.0,1464250.0,1656710.0,85116689.0,59.9777,INDETERMINATE,59,0,data/test/3sat/400/3sat_151.cnf,0.0055642127990722,0.07683,0.2958362102508545,0.3014004230499267,60.35593042304993,3sat_151.cnf,old_compact,Old Compact,2,False,True,runs/analysis/full400_repeated_runtime/raw/old_compact/repeat2.csv
60,2.0,1494966.0,1721290.0,83829325.0,59.9925,INDETERMINATE,60,0,data/test/3sat/400/3sat_152.cnf,0.0050275325775146,0.071756,0.3785500526428222,0.3835775852203369,60.44783358522034,3sat_152.cnf,old_compact,Old Compact,2,False,True,runs/analysis/full400_repeated_runtime/raw/old_compact/repeat2.csv
61,2.0,1463557.0,1663700.0,81870290.0,59.9927,INDETERMINATE,61,0,data/test/3sat/400/3sat_153.cnf,0.0050275325775146,0.074047,0.3785500526428222,0.3835775852203369,60.450324585220336,3sat_153.cnf,old_compact,Old Compact,2,False,True,runs/analysis/full400_repeated_runtime/raw/old_compact/repeat2.csv
62,1.0,42118.0,49122.0,2596236.0,1.44426,SATISFIABLE,62,0,data/test/3sat/400/3sat_154.cnf,0.0050275325775146,0.075855,0.3785500526428222,0.3835775852203369,1.903692585220337,3sat_154.cnf,old_compact,Old Compact,2,True,False,runs/analysis/full400_repeated_runtime/raw/old_compact/repeat2.csv
63,2.0,1478746.0,1684721.0,82631995.0,59.998,INDETERMINATE,63,0,data/test/3sat/400/3sat_155.cnf,0.0050275325775146,0.074978,0.3785500526428222,0.3835775852203369,60.456555585220336,3sat_155.cnf,old_compact,Old Compact,2,False,True,runs/analysis/full400_repeated_runtime/raw/old_compact/repeat2.csv
64,2.0,1442949.0,1646199.0,81875552.0,59.982,INDETERMINATE,64,0,data/test/3sat/400/3sat_156.cnf,0.0050275325775146,0.075464,0.3785500526428222,0.3835775852203369,60.44104158522033,3sat_156.cnf,old_compact,Old Compact,2,False,True,runs/analysis/full400_repeated_runtime/raw/old_compact/repeat2.csv
65,2.0,873297.0,1013956.0,52333641.0,33.0933,SATISFIABLE,65,0,data/test/3sat/400/3sat_157.cnf,0.0050275325775146,0.081274,0.3785500526428222,0.3835775852203369,33.55815158522034,3sat_157.cnf,old_compact,Old Compact,2,True,False,runs/analysis/full400_repeated_runtime/raw/old_compact/repeat2.csv
66,2.0,1457730.0,1651355.0,81160102.0,59.9539,INDETERMINATE,66,0,data/test/3sat/400/3sat_158.cnf,0.0050275325775146,0.064635,0.3785500526428222,0.3835775852203369,60.40211258522034,3sat_158.cnf,old_compact,Old Compact,2,False,True,runs/analysis/full400_repeated_runtime/raw/old_compact/repeat2.csv
67,2.0,1502258.0,1725107.0,86431953.0,59.9908,INDETERMINATE,67,0,data/test/3sat/400/3sat_159.cnf,0.0050275325775146,0.085837,0.3785500526428222,0.3835775852203369,60.460214585220335,3sat_159.cnf,old_compact,Old Compact,2,False,True,runs/analysis/full400_repeated_runtime/raw/old_compact/repeat2.csv
68,2.0,1566189.0,1778633.0,89850497.0,59.9923,INDETERMINATE,68,0,data/test/3sat/400/3sat_16.cnf,0.0050275325775146,0.079604,0.3785500526428222,0.3835775852203369,60.45548158522034,3sat_16.cnf,old_compact,Old Compact,2,False,True,runs/analysis/full400_repeated_runtime/raw/old_compact/repeat2.csv
69,2.0,1501163.0,1718694.0,83757147.0,59.9732,INDETERMINATE,69,0,data/test/3sat/400/3sat_160.cnf,0.0050275325775146,0.073941,0.3785500526428222,0.3835775852203369,60.43071858522033,3sat_160.cnf,old_compact,Old Compact,2,False,True,runs/analysis/full400_repeated_runtime/raw/old_compact/repeat2.csv
70,2.0,1547994.0,1762509.0,89542128.0,59.9797,INDETERMINATE,70,0,data/test/3sat/400/3sat_161.cnf,0.0047535896301269,0.081069,0.3230528831481933,0.3278064727783203,60.38857547277832,3sat_161.cnf,old_compact,Old Compact,2,False,True,runs/analysis/full400_repeated_runtime/raw/old_compact/repeat2.csv
71,2.0,1385867.0,1567154.0,78086400.0,59.9792,INDETERMINATE,71,0,data/test/3sat/400/3sat_162.cnf,0.0047535896301269,0.064542,0.3230528831481933,0.3278064727783203,60.37154847277832,3sat_162.cnf,old_compact,Old Compact,2,False,True,runs/analysis/full400_repeated_runtime/raw/old_compact/repeat2.csv
72,2.0,915021.0,1050086.0,53803425.0,34.2979,SATISFIABLE,72,0,data/test/3sat/400/3sat_163.cnf,0.0047535896301269,0.081288,0.3230528831481933,0.3278064727783203,34.70699447277832,3sat_163.cnf,old_compact,Old Compact,2,True,False,runs/analysis/full400_repeated_runtime/raw/old_compact/repeat2.csv
73,2.0,1468054.0,1685064.0,84388608.0,59.976,INDETERMINATE,73,0,data/test/3sat/400/3sat_164.cnf,0.0047535896301269,0.075024,0.3230528831481933,0.3278064727783203,60.37883047277832,3sat_164.cnf,old_compact,Old Compact,2,False,True,runs/analysis/full400_repeated_runtime/raw/old_compact/repeat2.csv
74,1.0,7043.0,8408.0,453223.0,0.151413,SATISFIABLE,74,0,data/test/3sat/400/3sat_165.cnf,0.0047535896301269,0.074458,0.3230528831481933,0.3278064727783203,0.5536774727783202,3sat_165.cnf,old_compact,Old Compact,2,True,False,runs/analysis/full400_repeated_runtime/raw/old_compact/repeat2.csv
75,2.0,1563023.0,1786339.0,88212729.0,59.9749,INDETERMINATE,75,0,data/test/3sat/400/3sat_166.cnf,0.0047535896301269,0.078747,0.3230528831481933,0.3278064727783203,60.38145347277832,3sat_166.cnf,old_compact,Old Compact,2,False,True,runs/analysis/full400_repeated_runtime/raw/old_compact/repeat2.csv
76,2.0,399529.0,460797.0,23951550.0,13.013,SATISFIABLE,76,0,data/test/3sat/400/3sat_167.cnf,0.0047535896301269,0.070947,0.3230528831481933,0.3278064727783203,13.41175347277832,3sat_167.cnf,old_compact,Old Compact,2,True,False,runs/analysis/full400_repeated_runtime/raw/old_compact/repeat2.csv
77,2.0,1396373.0,1579062.0,79985673.0,59.9713,INDETERMINATE,77,0,data/test/3sat/400/3sat_168.cnf,0.0047535896301269,0.0776729999999999,0.3230528831481933,0.3278064727783203,60.37677947277832,3sat_168.cnf,old_compact,Old Compact,2,False,True,runs/analysis/full400_repeated_runtime/raw/old_compact/repeat2.csv
78,2.0,1468662.0,1685803.0,84776545.0,59.9869,INDETERMINATE,78,0,data/test/3sat/400/3sat_169.cnf,0.0047535896301269,0.075547,0.3230528831481933,0.3278064727783203,60.39025347277832,3sat_169.cnf,old_compact,Old Compact,2,False,True,runs/analysis/full400_repeated_runtime/raw/old_compact/repeat2.csv
79,2.0,1351604.0,1546891.0,75724612.0,59.9859,INDETERMINATE,79,0,data/test/3sat/400/3sat_17.cnf,0.0047535896301269,0.066635,0.3230528831481933,0.3278064727783203,60.38034147277832,3sat_17.cnf,old_compact,Old Compact,2,False,True,runs/analysis/full400_repeated_runtime/raw/old_compact/repeat2.csv
80,2.0,1394103.0,1590969.0,77589992.0,59.9632,INDETERMINATE,80,0,data/test/3sat/400/3sat_170.cnf,0.0044038295745849,0.081602,0.2847273349761963,0.2891311645507812,60.33393316455078,3sat_170.cnf,old_compact,Old Compact,2,False,True,runs/analysis/full400_repeated_runtime/raw/old_compact/repeat2.csv
81,2.0,1406537.0,1602295.0,79910400.0,59.9988,INDETERMINATE,81,0,data/test/3sat/400/3sat_171.cnf,0.0044038295745849,0.065239,0.2847273349761963,0.2891311645507812,60.35317016455078,3sat_171.cnf,old_compact,Old Compact,2,False,True,runs/analysis/full400_repeated_runtime/raw/old_compact/repeat2.csv
82,2.0,1395857.0,1602153.0,80256637.0,59.9765,INDETERMINATE,82,0,data/test/3sat/400/3sat_172.cnf,0.0044038295745849,0.076832,0.2847273349761963,0.2891311645507812,60.34246316455079,3sat_172.cnf,old_compact,Old Compact,2,False,True,runs/analysis/full400_repeated_runtime/raw/old_compact/repeat2.csv
83,2.0,1450000.0,1661553.0,82830049.0,59.9794,INDETERMINATE,83,0,data/test/3sat/400/3sat_173.cnf,0.0044038295745849,0.0714819999999999,0.2847273349761963,0.2891311645507812,60.34001316455078,3sat_173.cnf,old_compact,Old Compact,2,False,True,runs/analysis/full400_repeated_runtime/raw/old_compact/repeat2.csv
84,2.0,1455549.0,1651817.0,81820717.0,59.9938,INDETERMINATE,84,0,data/test/3sat/400/3sat_174.cnf,0.0044038295745849,0.062903,0.2847273349761963,0.2891311645507812,60.34583416455078,3sat_174.cnf,old_compact,Old Compact,2,False,True,runs/analysis/full400_repeated_runtime/raw/old_compact/repeat2.csv
85,2.0,1558002.0,1767534.0,86123504.0,59.9902,INDETERMINATE,85,0,data/test/3sat/400/3sat_175.cnf,0.0044038295745849,0.072615,0.2847273349761963,0.2891311645507812,60.35194616455078,3sat_175.cnf,old_compact,Old Compact,2,False,True,runs/analysis/full400_repeated_runtime/raw/old_compact/repeat2.csv
86,1.0,44850.0,52377.0,2659490.0,1.5698,SATISFIABLE,86,0,data/test/3sat/400/3sat_176.cnf,0.0044038295745849,0.066275,0.2847273349761963,0.2891311645507812,1.9252061645507812,3sat_176.cnf,old_compact,Old Compact,2,True,False,runs/analysis/full400_repeated_runtime/raw/old_compact/repeat2.csv
87,2.0,1468941.0,1664643.0,84443674.0,59.9786,INDETERMINATE,87,0,data/test/3sat/400/3sat_177.cnf,0.0044038295745849,0.067972,0.2847273349761963,0.2891311645507812,60.33570316455078,3sat_177.cnf,old_compact,Old Compact,2,False,True,runs/analysis/full400_repeated_runtime/raw/old_compact/repeat2.csv
88,2.0,1532065.0,1772254.0,88794032.0,59.9796,INDETERMINATE,88,0,data/test/3sat/400/3sat_178.cnf,0.0044038295745849,0.074805,0.2847273349761963,0.2891311645507812,60.34353616455078,3sat_178.cnf,old_compact,Old Compact,2,False,True,runs/analysis/full400_repeated_runtime/raw/old_compact/repeat2.csv
89,2.0,1509780.0,1718956.0,86778713.0,59.9652,INDETERMINATE,89,0,data/test/3sat/400/3sat_179.cnf,0.0044038295745849,0.081762,0.2847273349761963,0.2891311645507812,60.33609316455078,3sat_179.cnf,old_compact,Old Compact,2,False,True,runs/analysis/full400_repeated_runtime/raw/old_compact/repeat2.csv
90,2.0,1441071.0,1647212.0,82845616.0,59.9368,INDETERMINATE,90,0,data/test/3sat/400/3sat_18.cnf,0.004798412322998,0.082412,0.3064010143280029,0.311199426651001,60.330411426651,3sat_18.cnf,old_compact,Old Compact,2,False,True,runs/analysis/full400_repeated_runtime/raw/old_compact/repeat2.csv
91,2.0,479866.0,551097.0,28918715.0,16.7644,SATISFIABLE,91,0,data/test/3sat/400/3sat_180.cnf,0.004798412322998,0.082459,0.3064010143280029,0.311199426651001,17.158058426651,3sat_180.cnf,old_compact,Old Compact,2,True,False,runs/analysis/full400_repeated_runtime/raw/old_compact/repeat2.csv
92,1.0,52050.0,59791.0,3130772.0,1.8481,SATISFIABLE,92,0,data/test/3sat/400/3sat_181.cnf,0.004798412322998,0.085675,0.3064010143280029,0.311199426651001,2.2449744266510008,3sat_181.cnf,old_compact,Old Compact,2,True,False,runs/analysis/full400_repeated_runtime/raw/old_compact/repeat2.csv
93,2.0,1481853.0,1697629.0,81837066.0,59.9613,INDETERMINATE,93,0,data/test/3sat/400/3sat_182.cnf,0.004798412322998,0.077797,0.3064010143280029,0.311199426651001,60.350296426651,3sat_182.cnf,old_compact,Old Compact,2,False,True,runs/analysis/full400_repeated_runtime/raw/old_compact/repeat2.csv
94,2.0,1419199.0,1626586.0,80588547.0,59.9691,INDETERMINATE,94,0,data/test/3sat/400/3sat_183.cnf,0.004798412322998,0.0664059999999999,0.3064010143280029,0.311199426651001,60.346705426651,3sat_183.cnf,old_compact,Old Compact,2,False,True,runs/analysis/full400_repeated_runtime/raw/old_compact/repeat2.csv
95,2.0,1478229.0,1683865.0,84713334.0,59.9754,INDETERMINATE,95,0,data/test/3sat/400/3sat_184.cnf,0.004798412322998,0.070765,0.3064010143280029,0.311199426651001,60.357364426651,3sat_184.cnf,old_compact,Old Compact,2,False,True,runs/analysis/full400_repeated_runtime/raw/old_compact/repeat2.csv
96,2.0,1543922.0,1761504.0,85958912.0,59.9953,INDETERMINATE,96,0,data/test/3sat/400/3sat_185.cnf,0.004798412322998,0.082285,0.3064010143280029,0.311199426651001,60.388784426651,3sat_185.cnf,old_compact,Old Compact,2,False,True,runs/analysis/full400_repeated_runtime/raw/old_compact/repeat2.csv
97,2.0,1374088.0,1569677.0,75040300.0,59.9937,INDETERMINATE,97,0,data/test/3sat/400/3sat_186.cnf,0.004798412322998,0.081567,0.3064010143280029,0.311199426651001,60.386466426651,3sat_186.cnf,old_compact,Old Compact,2,False,True,runs/analysis/full400_repeated_runtime/raw/old_compact/repeat2.csv
98,2.0,1393091.0,1603624.0,78548539.0,59.9741,INDETERMINATE,98,0,data/test/3sat/400/3sat_187.cnf,0.004798412322998,0.0830849999999999,0.3064010143280029,0.311199426651001,60.368384426651,3sat_187.cnf,old_compact,Old Compact,2,False,True,runs/analysis/full400_repeated_runtime/raw/old_compact/repeat2.csv
99,2.0,892642.0,1020150.0,51846480.0,31.3474,SATISFIABLE,99,0,data/test/3sat/400/3sat_188.cnf,0.004798412322998,0.07624,0.3064010143280029,0.311199426651001,31.734839426651,3sat_188.cnf,old_compact,Old Compact,2,True,False,runs/analysis/full400_repeated_runtime/raw/old_compact/repeat2.csv
100,2.0,486885.0,560599.0,28846336.0,16.4541,SATISFIABLE,100,0,data/test/3sat/400/3sat_189.cnf,0.0047707557678222,0.076634,0.283846378326416,0.2886171340942383,16.819351134094237,3sat_189.cnf,old_compact,Old Compact,2,True,False,runs/analysis/full400_repeated_runtime/raw/old_compact/repeat2.csv
101,1.0,89648.0,102340.0,5281405.0,3.65651,SATISFIABLE,101,0,data/test/3sat/400/3sat_19.cnf,0.0047707557678222,0.076054,0.283846378326416,0.2886171340942383,4.021181134094238,3sat_19.cnf,old_compact,Old Compact,2,True,False,runs/analysis/full400_repeated_runtime/raw/old_compact/repeat2.csv
102,1.0,1353.0,1762.0,87323.0,0.030487,SATISFIABLE,102,0,data/test/3sat/400/3sat_190.cnf,0.0047707557678222,0.06384,0.283846378326416,0.2886171340942383,0.3829441340942383,3sat_190.cnf,old_compact,Old Compact,2,True,False,runs/analysis/full400_repeated_runtime/raw/old_compact/repeat2.csv
103,2.0,1434498.0,1649714.0,79982142.0,59.9744,INDETERMINATE,103,0,data/test/3sat/400/3sat_191.cnf,0.0047707557678222,0.076741,0.283846378326416,0.2886171340942383,60.33975813409424,3sat_191.cnf,old_compact,Old Compact,2,False,True,runs/analysis/full400_repeated_runtime/raw/old_compact/repeat2.csv
104,2.0,1456941.0,1680603.0,82187991.0,59.9639,INDETERMINATE,104,0,data/test/3sat/400/3sat_192.cnf,0.0047707557678222,0.076913,0.283846378326416,0.2886171340942383,60.32943013409424,3sat_192.cnf,old_compact,Old Compact,2,False,True,runs/analysis/full400_repeated_runtime/raw/old_compact/repeat2.csv
105,2.0,1388356.0,1584581.0,80371042.0,59.9706,INDETERMINATE,105,0,data/test/3sat/400/3sat_193.cnf,0.0047707557678222,0.084505,0.283846378326416,0.2886171340942383,60.34372213409424,3sat_193.cnf,old_compact,Old Compact,2,False,True,runs/analysis/full400_repeated_runtime/raw/old_compact/repeat2.csv
106,2.0,1369030.0,1554273.0,78022873.0,59.9842,INDETERMINATE,106,0,data/test/3sat/400/3sat_194.cnf,0.0047707557678222,0.081978,0.283846378326416,0.2886171340942383,60.35479513409424,3sat_194.cnf,old_compact,Old Compact,2,False,True,runs/analysis/full400_repeated_runtime/raw/old_compact/repeat2.csv
107,2.0,1488417.0,1698362.0,86872419.0,59.9647,INDETERMINATE,107,0,data/test/3sat/400/3sat_195.cnf,0.0047707557678222,0.071605,0.283846378326416,0.2886171340942383,60.32492213409424,3sat_195.cnf,old_compact,Old Compact,2,False,True,runs/analysis/full400_repeated_runtime/raw/old_compact/repeat2.csv
108,2.0,339864.0,392433.0,20520894.0,11.4255,SATISFIABLE,108,0,data/test/3sat/400/3sat_196.cnf,0.0047707557678222,0.080288,0.283846378326416,0.2886171340942383,11.794405134094236,3sat_196.cnf,old_compact,Old Compact,2,True,False,runs/analysis/full400_repeated_runtime/raw/old_compact/repeat2.csv
109,2.0,1425503.0,1632211.0,80970827.0,59.9572,INDETERMINATE,109,0,data/test/3sat/400/3sat_197.cnf,0.0047707557678222,0.089363,0.283846378326416,0.2886171340942383,60.33518013409424,3sat_197.cnf,old_compact,Old Compact,2,False,True,runs/analysis/full400_repeated_runtime/raw/old_compact/repeat2.csv
110,2.0,1422514.0,1627524.0,82386802.0,59.991,INDETERMINATE,110,0,data/test/3sat/400/3sat_198.cnf,0.0046663284301757,0.08574,0.305565595626831,0.3102319240570068,60.38697192405701,3sat_198.cnf,old_compact,Old Compact,2,False,True,runs/analysis/full400_repeated_runtime/raw/old_compact/repeat2.csv
111,2.0,1402229.0,1606444.0,78277536.0,59.9822,INDETERMINATE,111,0,data/test/3sat/400/3sat_199.cnf,0.0046663284301757,0.077906,0.305565595626831,0.3102319240570068,60.37033792405701,3sat_199.cnf,old_compact,Old Compact,2,False,True,runs/analysis/full400_repeated_runtime/raw/old_compact/repeat2.csv
112,2.0,1429399.0,1631857.0,83025371.0,59.9415,INDETERMINATE,112,0,data/test/3sat/400/3sat_2.cnf,0.0046663284301757,0.082877,0.305565595626831,0.3102319240570068,60.33460892405701,3sat_2.cnf,old_compact,Old Compact,2,False,True,runs/analysis/full400_repeated_runtime/raw/old_compact/repeat2.csv
113,2.0,361980.0,419239.0,21758927.0,11.9324,SATISFIABLE,113,0,data/test/3sat/400/3sat_20.cnf,0.0046663284301757,0.085452,0.305565595626831,0.3102319240570068,12.328083924057006,3sat_20.cnf,old_compact,Old Compact,2,True,False,runs/analysis/full400_repeated_runtime/raw/old_compact/repeat2.csv
114,2.0,1408969.0,1631339.0,82070339.0,59.9631,INDETERMINATE,114,0,data/test/3sat/400/3sat_21.cnf,0.0046663284301757,0.074661,0.305565595626831,0.3102319240570068,60.347992924057,3sat_21.cnf,old_compact,Old Compact,2,False,True,runs/analysis/full400_repeated_runtime/raw/old_compact/repeat2.csv
115,1.0,43107.0,50298.0,2657822.0,1.39408,SATISFIABLE,115,0,data/test/3sat/400/3sat_22.cnf,0.0046663284301757,0.077511,0.305565595626831,0.3102319240570068,1.781822924057007,3sat_22.cnf,old_compact,Old Compact,2,True,False,runs/analysis/full400_repeated_runtime/raw/old_compact/repeat2.csv
116,2.0,1359458.0,1544309.0,76056396.0,59.9505,INDETERMINATE,116,0,data/test/3sat/400/3sat_23.cnf,0.0046663284301757,0.088305,0.305565595626831,0.3102319240570068,60.349036924057,3sat_23.cnf,old_compact,Old Compact,2,False,True,runs/analysis/full400_repeated_runtime/raw/old_compact/repeat2.csv
117,1.0,97677.0,112677.0,5872880.0,3.9782,SATISFIABLE,117,0,data/test/3sat/400/3sat_24.cnf,0.0046663284301757,0.072977,0.305565595626831,0.3102319240570068,4.361408924057007,3sat_24.cnf,old_compact,Old Compact,2,True,False,runs/analysis/full400_repeated_runtime/raw/old_compact/repeat2.csv
118,1.0,41249.0,47888.0,2486997.0,1.1676,SATISFIABLE,118,0,data/test/3sat/400/3sat_25.cnf,0.0046663284301757,0.0777549999999999,0.305565595626831,0.3102319240570068,1.5555869240570068,3sat_25.cnf,old_compact,Old Compact,2,True,False,runs/analysis/full400_repeated_runtime/raw/old_compact/repeat2.csv
119,2.0,1390777.0,1587756.0,79691061.0,59.9651,INDETERMINATE,119,0,data/test/3sat/400/3sat_26.cnf,0.0046663284301757,0.082816,0.305565595626831,0.3102319240570068,60.35814792405701,3sat_26.cnf,old_compact,Old Compact,2,False,True,runs/analysis/full400_repeated_runtime/raw/old_compact/repeat2.csv
120,1.0,9470.0,11447.0,605518.0,0.201996,SATISFIABLE,120,0,data/test/3sat/400/3sat_27.cnf,0.0050523281097412,0.069798,0.2826569080352783,0.2877092361450195,0.5595032361450195,3sat_27.cnf,old_compact,Old Compact,2,True,False,runs/analysis/full400_repeated_runtime/raw/old_compact/repeat2.csv
121,2.0,1524001.0,1744451.0,86354989.0,59.9834,INDETERMINATE,121,0,data/test/3sat/400/3sat_28.cnf,0.0050523281097412,0.082133,0.2826569080352783,0.2877092361450195,60.35324223614502,3sat_28.cnf,old_compact,Old Compact,2,False,True,runs/analysis/full400_repeated_runtime/raw/old_compact/repeat2.csv
122,2.0,1489426.0,1697284.0,85704736.0,59.9977,INDETERMINATE,122,0,data/test/3sat/400/3sat_29.cnf,0.0050523281097412,0.07403,0.2826569080352783,0.2877092361450195,60.35943923614502,3sat_29.cnf,old_compact,Old Compact,2,False,True,runs/analysis/full400_repeated_runtime/raw/old_compact/repeat2.csv
123,2.0,1474618.0,1689966.0,86823379.0,59.9835,INDETERMINATE,123,0,data/test/3sat/400/3sat_3.cnf,0.0050523281097412,0.083358,0.2826569080352783,0.2877092361450195,60.354567236145016,3sat_3.cnf,old_compact,Old Compact,2,False,True,runs/analysis/full400_repeated_runtime/raw/old_compact/repeat2.csv
124,2.0,1421957.0,1621998.0,82244479.0,59.9822,INDETERMINATE,124,0,data/test/3sat/400/3sat_30.cnf,0.0050523281097412,0.082246,0.2826569080352783,0.2877092361450195,60.352155236145016,3sat_30.cnf,old_compact,Old Compact,2,False,True,runs/analysis/full400_repeated_runtime/raw/old_compact/repeat2.csv
125,2.0,1356766.0,1562986.0,76504725.0,59.9665,INDETERMINATE,125,0,data/test/3sat/400/3sat_31.cnf,0.0050523281097412,0.081354,0.2826569080352783,0.2877092361450195,60.33556323614502,3sat_31.cnf,old_compact,Old Compact,2,False,True,runs/analysis/full400_repeated_runtime/raw/old_compact/repeat2.csv
126,2.0,1404199.0,1588505.0,79090726.0,59.9619,INDETERMINATE,126,0,data/test/3sat/400/3sat_32.cnf,0.0050523281097412,0.087218,0.2826569080352783,0.2877092361450195,60.33682723614502,3sat_32.cnf,old_compact,Old Compact,2,False,True,runs/analysis/full400_repeated_runtime/raw/old_compact/repeat2.csv
127,2.0,1381585.0,1585131.0,78903738.0,59.9753,INDETERMINATE,127,0,data/test/3sat/400/3sat_33.cnf,0.0050523281097412,0.059102,0.2826569080352783,0.2877092361450195,60.32211123614502,3sat_33.cnf,old_compact,Old Compact,2,False,True,runs/analysis/full400_repeated_runtime/raw/old_compact/repeat2.csv
128,2.0,1574007.0,1808236.0,90080873.0,59.9879,INDETERMINATE,128,0,data/test/3sat/400/3sat_34.cnf,0.0050523281097412,0.081885,0.2826569080352783,0.2877092361450195,60.35749423614502,3sat_34.cnf,old_compact,Old Compact,2,False,True,runs/analysis/full400_repeated_runtime/raw/old_compact/repeat2.csv
129,2.0,1522150.0,1747895.0,83816703.0,59.9853,INDETERMINATE,129,0,data/test/3sat/400/3sat_35.cnf,0.0050523281097412,0.073369,0.2826569080352783,0.2877092361450195,60.34637823614502,3sat_35.cnf,old_compact,Old Compact,2,False,True,runs/analysis/full400_repeated_runtime/raw/old_compact/repeat2.csv
130,2.0,1466162.0,1677822.0,82339894.0,59.9715,INDETERMINATE,130,0,data/test/3sat/400/3sat_36.cnf,0.0045380592346191,0.076112,0.2690355777740478,0.273573637008667,60.32118563700867,3sat_36.cnf,old_compact,Old Compact,2,False,True,runs/analysis/full400_repeated_runtime/raw/old_compact/repeat2.csv
131,2.0,1421950.0,1629738.0,79559157.0,59.9875,INDETERMINATE,131,0,data/test/3sat/400/3sat_37.cnf,0.0045380592346191,0.076199,0.2690355777740478,0.273573637008667,60.33727263700867,3sat_37.cnf,old_compact,Old Compact,2,False,True,runs/analysis/full400_repeated_runtime/raw/old_compact/repeat2.csv
132,2.0,1489816.0,1701189.0,85053103.0,59.9609,INDETERMINATE,132,0,data/test/3sat/400/3sat_38.cnf,0.0045380592346191,0.073662,0.2690355777740478,0.273573637008667,60.30813563700867,3sat_38.cnf,old_compact,Old Compact,2,False,True,runs/analysis/full400_repeated_runtime/raw/old_compact/repeat2.csv
133,2.0,1464985.0,1685552.0,81989238.0,59.9848,INDETERMINATE,133,0,data/test/3sat/400/3sat_39.cnf,0.0045380592346191,0.078494,0.2690355777740478,0.273573637008667,60.336867637008666,3sat_39.cnf,old_compact,Old Compact,2,False,True,runs/analysis/full400_repeated_runtime/raw/old_compact/repeat2.csv
134,2.0,1494430.0,1705722.0,83963473.0,59.981,INDETERMINATE,134,0,data/test/3sat/400/3sat_4.cnf,0.0045380592346191,0.073062,0.2690355777740478,0.273573637008667,60.32763563700867,3sat_4.cnf,old_compact,Old Compact,2,False,True,runs/analysis/full400_repeated_runtime/raw/old_compact/repeat2.csv
135,2.0,1493471.0,1706842.0,85044386.0,59.9785,INDETERMINATE,135,0,data/test/3sat/400/3sat_40.cnf,0.0045380592346191,0.081772,0.2690355777740478,0.273573637008667,60.333845637008665,3sat_40.cnf,old_compact,Old Compact,2,False,True,runs/analysis/full400_repeated_runtime/raw/old_compact/repeat2.csv
136,2.0,1331266.0,1511790.0,74122222.0,59.9914,INDETERMINATE,136,0,data/test/3sat/400/3sat_41.cnf,0.0045380592346191,0.068352,0.2690355777740478,0.273573637008667,60.33332563700866,3sat_41.cnf,old_compact,Old Compact,2,False,True,runs/analysis/full400_repeated_runtime/raw/old_compact/repeat2.csv
137,2.0,1568237.0,1781929.0,85143511.0,59.9843,INDETERMINATE,137,0,data/test/3sat/400/3sat_42.cnf,0.0045380592346191,0.069213,0.2690355777740478,0.273573637008667,60.32708663700866,3sat_42.cnf,old_compact,Old Compact,2,False,True,runs/analysis/full400_repeated_runtime/raw/old_compact/repeat2.csv
138,2.0,1435592.0,1632426.0,81967323.0,59.9507,INDETERMINATE,138,0,data/test/3sat/400/3sat_43.cnf,0.0045380592346191,0.081623,0.2690355777740478,0.273573637008667,60.305896637008665,3sat_43.cnf,old_compact,Old Compact,2,False,True,runs/analysis/full400_repeated_runtime/raw/old_compact/repeat2.csv
139,2.0,1415091.0,1620436.0,81745837.0,59.9912,INDETERMINATE,139,0,data/test/3sat/400/3sat_44.cnf,0.0045380592346191,0.07241,0.2690355777740478,0.273573637008667,60.33718363700866,3sat_44.cnf,old_compact,Old Compact,2,False,True,runs/analysis/full400_repeated_runtime/raw/old_compact/repeat2.csv
140,2.0,1505277.0,1697114.0,84028564.0,59.9791,INDETERMINATE,140,0,data/test/3sat/400/3sat_45.cnf,0.0048391819000244,0.087483,0.2935354709625244,0.2983746528625488,60.36495765286255,3sat_45.cnf,old_compact,Old Compact,2,False,True,runs/analysis/full400_repeated_runtime/raw/old_compact/repeat2.csv
141,1.0,9772.0,11592.0,590576.0,0.207845,SATISFIABLE,141,0,data/test/3sat/400/3sat_46.cnf,0.0048391819000244,0.0796949999999999,0.2935354709625244,0.2983746528625488,0.5859146528625488,3sat_46.cnf,old_compact,Old Compact,2,True,False,runs/analysis/full400_repeated_runtime/raw/old_compact/repeat2.csv
142,1.0,63966.0,73444.0,4017900.0,2.50657,SATISFIABLE,142,0,data/test/3sat/400/3sat_47.cnf,0.0048391819000244,0.0702329999999999,0.2935354709625244,0.2983746528625488,2.875177652862549,3sat_47.cnf,old_compact,Old Compact,2,True,False,runs/analysis/full400_repeated_runtime/raw/old_compact/repeat2.csv
143,2.0,1460843.0,1671334.0,81537879.0,59.9843,INDETERMINATE,143,0,data/test/3sat/400/3sat_48.cnf,0.0048391819000244,0.067022,0.2935354709625244,0.2983746528625488,60.34969665286255,3sat_48.cnf,old_compact,Old Compact,2,False,True,runs/analysis/full400_repeated_runtime/raw/old_compact/repeat2.csv
144,2.0,1434104.0,1646223.0,82501825.0,59.9808,INDETERMINATE,144,0,data/test/3sat/400/3sat_49.cnf,0.0048391819000244,0.074293,0.2935354709625244,0.2983746528625488,60.35346765286255,3sat_49.cnf,old_compact,Old Compact,2,False,True,runs/analysis/full400_repeated_runtime/raw/old_compact/repeat2.csv
145,2.0,1388033.0,1590181.0,78549080.0,59.98,INDETERMINATE,145,0,data/test/3sat/400/3sat_5.cnf,0.0048391819000244,0.084158,0.2935354709625244,0.2983746528625488,60.36253265286255,3sat_5.cnf,old_compact,Old Compact,2,False,True,runs/analysis/full400_repeated_runtime/raw/old_compact/repeat2.csv
146,2.0,1369483.0,1566428.0,78687459.0,59.9709,INDETERMINATE,146,0,data/test/3sat/400/3sat_50.cnf,0.0048391819000244,0.081151,0.2935354709625244,0.2983746528625488,60.35042565286255,3sat_50.cnf,old_compact,Old Compact,2,False,True,runs/analysis/full400_repeated_runtime/raw/old_compact/repeat2.csv
147,2.0,1456254.0,1665766.0,82832171.0,59.9653,INDETERMINATE,147,0,data/test/3sat/400/3sat_51.cnf,0.0048391819000244,0.08084,0.2935354709625244,0.2983746528625488,60.34451465286255,3sat_51.cnf,old_compact,Old Compact,2,False,True,runs/analysis/full400_repeated_runtime/raw/old_compact/repeat2.csv
148,2.0,1548347.0,1787703.0,87229563.0,59.9604,INDETERMINATE,148,0,data/test/3sat/400/3sat_52.cnf,0.0048391819000244,0.080028,0.2935354709625244,0.2983746528625488,60.33880265286255,3sat_52.cnf,old_compact,Old Compact,2,False,True,runs/analysis/full400_repeated_runtime/raw/old_compact/repeat2.csv
149,2.0,1412548.0,1609480.0,79383735.0,59.9727,INDETERMINATE,149,0,data/test/3sat/400/3sat_53.cnf,0.0048391819000244,0.073833,0.2935354709625244,0.2983746528625488,60.34490765286255,3sat_53.cnf,old_compact,Old Compact,2,False,True,runs/analysis/full400_repeated_runtime/raw/old_compact/repeat2.csv
150,2.0,612353.0,699215.0,35959808.0,21.9922,SATISFIABLE,150,0,data/test/3sat/400/3sat_54.cnf,0.0048823356628417,0.074253,0.2960672378540039,0.3009495735168457,22.367402573516845,3sat_54.cnf,old_compact,Old Compact,2,True,False,runs/analysis/full400_repeated_runtime/raw/old_compact/repeat2.csv
151,2.0,1538000.0,1754712.0,86713509.0,59.9584,INDETERMINATE,151,0,data/test/3sat/400/3sat_55.cnf,0.0048823356628417,0.083487,0.2960672378540039,0.3009495735168457,60.34283657351684,3sat_55.cnf,old_compact,Old Compact,2,False,True,runs/analysis/full400_repeated_runtime/raw/old_compact/repeat2.csv
152,2.0,1408594.0,1590780.0,80561648.0,59.9531,INDETERMINATE,152,0,data/test/3sat/400/3sat_56.cnf,0.0048823356628417,0.079831,0.2960672378540039,0.3009495735168457,60.33388057351684,3sat_56.cnf,old_compact,Old Compact,2,False,True,runs/analysis/full400_repeated_runtime/raw/old_compact/repeat2.csv
153,2.0,1434310.0,1630492.0,80327048.0,59.976,INDETERMINATE,153,0,data/test/3sat/400/3sat_57.cnf,0.0048823356628417,0.08138,0.2960672378540039,0.3009495735168457,60.35832957351685,3sat_57.cnf,old_compact,Old Compact,2,False,True,runs/analysis/full400_repeated_runtime/raw/old_compact/repeat2.csv
154,2.0,1512192.0,1725223.0,89706355.0,59.9758,INDETERMINATE,154,0,data/test/3sat/400/3sat_58.cnf,0.0048823356628417,0.081896,0.2960672378540039,0.3009495735168457,60.358645573516846,3sat_58.cnf,old_compact,Old Compact,2,False,True,runs/analysis/full400_repeated_runtime/raw/old_compact/repeat2.csv
155,2.0,1479551.0,1694853.0,83319631.0,59.979,INDETERMINATE,155,0,data/test/3sat/400/3sat_59.cnf,0.0048823356628417,0.068788,0.2960672378540039,0.3009495735168457,60.34873757351684,3sat_59.cnf,old_compact,Old Compact,2,False,True,runs/analysis/full400_repeated_runtime/raw/old_compact/repeat2.csv
156,2.0,1489037.0,1688484.0,83190346.0,59.9855,INDETERMINATE,156,0,data/test/3sat/400/3sat_6.cnf,0.0048823356628417,0.077815,0.2960672378540039,0.3009495735168457,60.36426457351685,3sat_6.cnf,old_compact,Old Compact,2,False,True,runs/analysis/full400_repeated_runtime/raw/old_compact/repeat2.csv
157,2.0,1403056.0,1596535.0,80675410.0,59.9921,INDETERMINATE,157,0,data/test/3sat/400/3sat_60.cnf,0.0048823356628417,0.073131,0.2960672378540039,0.3009495735168457,60.36618057351684,3sat_60.cnf,old_compact,Old Compact,2,False,True,runs/analysis/full400_repeated_runtime/raw/old_compact/repeat2.csv
158,2.0,1399355.0,1581685.0,78724951.0,59.9759,INDETERMINATE,158,0,data/test/3sat/400/3sat_61.cnf,0.0048823356628417,0.077498,0.2960672378540039,0.3009495735168457,60.35434757351685,3sat_61.cnf,old_compact,Old Compact,2,False,True,runs/analysis/full400_repeated_runtime/raw/old_compact/repeat2.csv
159,2.0,1506433.0,1708348.0,86857333.0,59.9519,INDETERMINATE,159,0,data/test/3sat/400/3sat_62.cnf,0.0048823356628417,0.066619,0.2960672378540039,0.3009495735168457,60.31946857351685,3sat_62.cnf,old_compact,Old Compact,2,False,True,runs/analysis/full400_repeated_runtime/raw/old_compact/repeat2.csv
160,2.0,138136.0,157894.0,8130882.0,5.06365,SATISFIABLE,160,0,data/test/3sat/400/3sat_63.cnf,0.0045928955078125,0.071008,0.2941277027130127,0.2987205982208252,5.433378598220825,3sat_63.cnf,old_compact,Old Compact,2,True,False,runs/analysis/full400_repeated_runtime/raw/old_compact/repeat2.csv
161,2.0,1451361.0,1642332.0,81023983.0,59.9878,INDETERMINATE,161,0,data/test/3sat/400/3sat_64.cnf,0.0045928955078125,0.075445,0.2941277027130127,0.2987205982208252,60.36196559822083,3sat_64.cnf,old_compact,Old Compact,2,False,True,runs/analysis/full400_repeated_runtime/raw/old_compact/repeat2.csv
162,1.0,224.0,339.0,14565.0,0.008471,SATISFIABLE,162,0,data/test/3sat/400/3sat_65.cnf,0.0045928955078125,0.0379619999999999,0.2941277027130127,0.2987205982208252,0.3451535982208252,3sat_65.cnf,old_compact,Old Compact,2,True,False,runs/analysis/full400_repeated_runtime/raw/old_compact/repeat2.csv
163,2.0,1418655.0,1627742.0,81146194.0,59.9734,INDETERMINATE,163,0,data/test/3sat/400/3sat_66.cnf,0.0045928955078125,0.071842,0.2941277027130127,0.2987205982208252,60.34396259822082,3sat_66.cnf,old_compact,Old Compact,2,False,True,runs/analysis/full400_repeated_runtime/raw/old_compact/repeat2.csv
164,2.0,1489029.0,1702353.0,85841402.0,59.9698,INDETERMINATE,164,0,data/test/3sat/400/3sat_67.cnf,0.0045928955078125,0.085852,0.2941277027130127,0.2987205982208252,60.35437259822083,3sat_67.cnf,old_compact,Old Compact,2,False,True,runs/analysis/full400_repeated_runtime/raw/old_compact/repeat2.csv
165,2.0,1417428.0,1622235.0,79709875.0,59.9855,INDETERMINATE,165,0,data/test/3sat/400/3sat_68.cnf,0.0045928955078125,0.074279,0.2941277027130127,0.2987205982208252,60.35849959822082,3sat_68.cnf,old_compact,Old Compact,2,False,True,runs/analysis/full400_repeated_runtime/raw/old_compact/repeat2.csv
166,2.0,1484752.0,1701117.0,87307827.0,59.985,INDETERMINATE,166,0,data/test/3sat/400/3sat_69.cnf,0.0045928955078125,0.084815,0.2941277027130127,0.2987205982208252,60.36853559822082,3sat_69.cnf,old_compact,Old Compact,2,False,True,runs/analysis/full400_repeated_runtime/raw/old_compact/repeat2.csv
167,2.0,1524293.0,1720483.0,84355794.0,59.9464,INDETERMINATE,167,0,data/test/3sat/400/3sat_7.cnf,0.0045928955078125,0.077447,0.2941277027130127,0.2987205982208252,60.32256759822082,3sat_7.cnf,old_compact,Old Compact,2,False,True,runs/analysis/full400_repeated_runtime/raw/old_compact/repeat2.csv
168,1.0,2512.0,3124.0,152890.0,0.047186,SATISFIABLE,168,0,data/test/3sat/400/3sat_70.cnf,0.0045928955078125,0.0735379999999999,0.2941277027130127,0.2987205982208252,0.4194445982208252,3sat_70.cnf,old_compact,Old Compact,2,True,False,runs/analysis/full400_repeated_runtime/raw/old_compact/repeat2.csv
169,2.0,1420978.0,1628852.0,80725679.0,59.999,INDETERMINATE,169,0,data/test/3sat/400/3sat_71.cnf,0.0045928955078125,0.078538,0.2941277027130127,0.2987205982208252,60.37625859822083,3sat_71.cnf,old_compact,Old Compact,2,False,True,runs/analysis/full400_repeated_runtime/raw/old_compact/repeat2.csv
170,2.0,1492502.0,1707925.0,83955522.0,59.9956,INDETERMINATE,170,0,data/test/3sat/400/3sat_72.cnf,0.0043475627899169,0.069916,0.2691640853881836,0.2735116481781006,60.3390276481781,3sat_72.cnf,old_compact,Old Compact,2,False,True,runs/analysis/full400_repeated_runtime/raw/old_compact/repeat2.csv
171,2.0,1467288.0,1672402.0,84015326.0,59.9873,INDETERMINATE,171,0,data/test/3sat/400/3sat_73.cnf,0.0043475627899169,0.084719,0.2691640853881836,0.2735116481781006,60.3455306481781,3sat_73.cnf,old_compact,Old Compact,2,False,True,runs/analysis/full400_repeated_runtime/raw/old_compact/repeat2.csv
172,2.0,1427920.0,1644089.0,80358190.0,59.9952,INDETERMINATE,172,0,data/test/3sat/400/3sat_74.cnf,0.0043475627899169,0.0850499999999999,0.2691640853881836,0.2735116481781006,60.3537616481781,3sat_74.cnf,old_compact,Old Compact,2,False,True,runs/analysis/full400_repeated_runtime/raw/old_compact/repeat2.csv
173,2.0,1328879.0,1523161.0,72224352.0,59.9814,INDETERMINATE,173,0,data/test/3sat/400/3sat_75.cnf,0.0043475627899169,0.074575,0.2691640853881836,0.2735116481781006,60.3294866481781,3sat_75.cnf,old_compact,Old Compact,2,False,True,runs/analysis/full400_repeated_runtime/raw/old_compact/repeat2.csv
174,2.0,1464931.0,1666428.0,85439872.0,59.9703,INDETERMINATE,174,0,data/test/3sat/400/3sat_76.cnf,0.0043475627899169,0.093112,0.2691640853881836,0.2735116481781006,60.3369236481781,3sat_76.cnf,old_compact,Old Compact,2,False,True,runs/analysis/full400_repeated_runtime/raw/old_compact/repeat2.csv
175,2.0,1494362.0,1704546.0,83892506.0,59.9826,INDETERMINATE,175,0,data/test/3sat/400/3sat_77.cnf,0.0043475627899169,0.078745,0.2691640853881836,0.2735116481781006,60.334856648178096,3sat_77.cnf,old_compact,Old Compact,2,False,True,runs/analysis/full400_repeated_runtime/raw/old_compact/repeat2.csv
176,2.0,1469828.0,1674312.0,80645317.0,59.9854,INDETERMINATE,176,0,data/test/3sat/400/3sat_78.cnf,0.0043475627899169,0.0727609999999999,0.2691640853881836,0.2735116481781006,60.3316726481781,3sat_78.cnf,old_compact,Old Compact,2,False,True,runs/analysis/full400_repeated_runtime/raw/old_compact/repeat2.csv
177,2.0,1427747.0,1632360.0,78424111.0,59.9895,INDETERMINATE,177,0,data/test/3sat/400/3sat_79.cnf,0.0043475627899169,0.078174,0.2691640853881836,0.2735116481781006,60.3411856481781,3sat_79.cnf,old_compact,Old Compact,2,False,True,runs/analysis/full400_repeated_runtime/raw/old_compact/repeat2.csv
178,2.0,1468221.0,1668542.0,84877155.0,59.9459,INDETERMINATE,178,0,data/test/3sat/400/3sat_8.cnf,0.0043475627899169,0.06703,0.2691640853881836,0.2735116481781006,60.286441648178105,3sat_8.cnf,old_compact,Old Compact,2,False,True,runs/analysis/full400_repeated_runtime/raw/old_compact/repeat2.csv
179,2.0,1490767.0,1718056.0,86032002.0,59.9782,INDETERMINATE,179,0,data/test/3sat/400/3sat_80.cnf,0.0043475627899169,0.070834,0.2691640853881836,0.2735116481781006,60.3225456481781,3sat_80.cnf,old_compact,Old Compact,2,False,True,runs/analysis/full400_repeated_runtime/raw/old_compact/repeat2.csv
180,2.0,1470099.0,1663190.0,82058997.0,59.9631,INDETERMINATE,180,0,data/test/3sat/400/3sat_81.cnf,0.0050642490386962,0.078748,0.267756700515747,0.2728209495544433,60.31466894955444,3sat_81.cnf,old_compact,Old Compact,2,False,True,runs/analysis/full400_repeated_runtime/raw/old_compact/repeat2.csv
181,2.0,1090841.0,1251869.0,62339209.0,42.5075,SATISFIABLE,181,0,data/test/3sat/400/3sat_82.cnf,0.0050642490386962,0.076852,0.267756700515747,0.2728209495544433,42.857172949554446,3sat_82.cnf,old_compact,Old Compact,2,True,False,runs/analysis/full400_repeated_runtime/raw/old_compact/repeat2.csv
182,2.0,1447470.0,1650975.0,81016117.0,59.9744,INDETERMINATE,182,0,data/test/3sat/400/3sat_83.cnf,0.0050642490386962,0.065442,0.267756700515747,0.2728209495544433,60.31266294955444,3sat_83.cnf,old_compact,Old Compact,2,False,True,runs/analysis/full400_repeated_runtime/raw/old_compact/repeat2.csv
183,2.0,1369689.0,1567415.0,78293648.0,59.9932,INDETERMINATE,183,0,data/test/3sat/400/3sat_84.cnf,0.0050642490386962,0.082935,0.267756700515747,0.2728209495544433,60.34895594955445,3sat_84.cnf,old_compact,Old Compact,2,False,True,runs/analysis/full400_repeated_runtime/raw/old_compact/repeat2.csv
184,1.0,27518.0,32278.0,1663386.0,0.791861,SATISFIABLE,184,0,data/test/3sat/400/3sat_85.cnf,0.0050642490386962,0.077102,0.267756700515747,0.2728209495544433,1.1417839495544433,3sat_85.cnf,old_compact,Old Compact,2,True,False,runs/analysis/full400_repeated_runtime/raw/old_compact/repeat2.csv
185,1.0,84037.0,97892.0,5195664.0,3.14568,SATISFIABLE,185,0,data/test/3sat/400/3sat_86.cnf,0.0050642490386962,0.084489,0.267756700515747,0.2728209495544433,3.5029899495544434,3sat_86.cnf,old_compact,Old Compact,2,True,False,runs/analysis/full400_repeated_runtime/raw/old_compact/repeat2.csv
186,2.0,1367491.0,1562306.0,77978948.0,59.9726,INDETERMINATE,186,0,data/test/3sat/400/3sat_87.cnf,0.0050642490386962,0.073878,0.267756700515747,0.2728209495544433,60.31929894955445,3sat_87.cnf,old_compact,Old Compact,2,False,True,runs/analysis/full400_repeated_runtime/raw/old_compact/repeat2.csv
187,1.0,10969.0,13071.0,671709.0,0.233337,SATISFIABLE,187,0,data/test/3sat/400/3sat_88.cnf,0.0050642490386962,0.064135,0.267756700515747,0.2728209495544433,0.5702929495544433,3sat_88.cnf,old_compact,Old Compact,2,True,False,runs/analysis/full400_repeated_runtime/raw/old_compact/repeat2.csv
188,1.0,8641.0,10334.0,538222.0,0.172752,SATISFIABLE,188,0,data/test/3sat/400/3sat_89.cnf,0.0050642490386962,0.0756739999999999,0.267756700515747,0.2728209495544433,0.5212469495544434,3sat_89.cnf,old_compact,Old Compact,2,True,False,runs/analysis/full400_repeated_runtime/raw/old_compact/repeat2.csv
189,2.0,1499868.0,1708243.0,86259959.0,59.9848,INDETERMINATE,189,0,data/test/3sat/400/3sat_9.cnf,0.0050642490386962,0.065946,0.267756700515747,0.2728209495544433,60.32356694955444,3sat_9.cnf,old_compact,Old Compact,2,False,True,runs/analysis/full400_repeated_runtime/raw/old_compact/repeat2.csv
190,2.0,1450920.0,1672596.0,84711515.0,59.9733,INDETERMINATE,190,0,data/test/3sat/400/3sat_90.cnf,0.0047082901000976,0.083185,0.2733500003814697,0.2780582904815674,60.33454329048157,3sat_90.cnf,old_compact,Old Compact,2,False,True,runs/analysis/full400_repeated_runtime/raw/old_compact/repeat2.csv
191,1.0,10042.0,11941.0,654479.0,0.234412,SATISFIABLE,191,0,data/test/3sat/400/3sat_91.cnf,0.0047082901000976,0.083979,0.2733500003814697,0.2780582904815674,0.5964492904815674,3sat_91.cnf,old_compact,Old Compact,2,True,False,runs/analysis/full400_repeated_runtime/raw/old_compact/repeat2.csv
192,2.0,253822.0,290337.0,15713394.0,8.61346,SATISFIABLE,192,0,data/test/3sat/400/3sat_92.cnf,0.0047082901000976,0.088375,0.2733500003814697,0.2780582904815674,8.979893290481566,3sat_92.cnf,old_compact,Old Compact,2,True,False,runs/analysis/full400_repeated_runtime/raw/old_compact/repeat2.csv
193,2.0,677111.0,783227.0,41044151.0,25.9944,SATISFIABLE,193,0,data/test/3sat/400/3sat_93.cnf,0.0047082901000976,0.082906,0.2733500003814697,0.2780582904815674,26.355364290481567,3sat_93.cnf,old_compact,Old Compact,2,True,False,runs/analysis/full400_repeated_runtime/raw/old_compact/repeat2.csv
194,1.0,53988.0,62131.0,3367378.0,1.72789,SATISFIABLE,194,0,data/test/3sat/400/3sat_94.cnf,0.0047082901000976,0.0810029999999999,0.2733500003814697,0.2780582904815674,2.0869512904815672,3sat_94.cnf,old_compact,Old Compact,2,True,False,runs/analysis/full400_repeated_runtime/raw/old_compact/repeat2.csv
195,2.0,1442498.0,1642507.0,80773926.0,59.9785,INDETERMINATE,195,0,data/test/3sat/400/3sat_95.cnf,0.0047082901000976,0.075493,0.2733500003814697,0.2780582904815674,60.332051290481566,3sat_95.cnf,old_compact,Old Compact,2,False,True,runs/analysis/full400_repeated_runtime/raw/old_compact/repeat2.csv
196,1.0,3109.0,3849.0,199282.0,0.060668,SATISFIABLE,196,0,data/test/3sat/400/3sat_96.cnf,0.0047082901000976,0.071102,0.2733500003814697,0.2780582904815674,0.4098282904815674,3sat_96.cnf,old_compact,Old Compact,2,True,False,runs/analysis/full400_repeated_runtime/raw/old_compact/repeat2.csv
197,2.0,425291.0,491074.0,25526527.0,14.369,SATISFIABLE,197,0,data/test/3sat/400/3sat_97.cnf,0.0047082901000976,0.081357,0.2733500003814697,0.2780582904815674,14.728415290481568,3sat_97.cnf,old_compact,Old Compact,2,True,False,runs/analysis/full400_repeated_runtime/raw/old_compact/repeat2.csv
198,2.0,1499394.0,1699044.0,84495796.0,59.9628,INDETERMINATE,198,0,data/test/3sat/400/3sat_98.cnf,0.0047082901000976,0.070759,0.2733500003814697,0.2780582904815674,60.31161729048157,3sat_98.cnf,old_compact,Old Compact,2,False,True,runs/analysis/full400_repeated_runtime/raw/old_compact/repeat2.csv
199,2.0,1495433.0,1706800.0,82514091.0,59.9944,INDETERMINATE,199,0,data/test/3sat/400/3sat_99.cnf,0.0047082901000976,0.078323,0.2733500003814697,0.2780582904815674,60.35078129048157,3sat_99.cnf,old_compact,Old Compact,2,False,True,runs/analysis/full400_repeated_runtime/raw/old_compact/repeat2.csv
0,2.0,1436960.0,1639895.0,80117867.0,59.9869,INDETERMINATE,0,0,data/test/3sat/400/3sat_0.cnf,0.0054218769073486,0.096891,0.3226175308227539,0.3280394077301025,60.4118304077301,3sat_0.cnf,local_reopen_guarded,+ Local Boundary Correction,2,False,True,runs/analysis/full400_repeated_runtime/raw/local_reopen_guarded/repeat2.csv
1,1.0,73715.0,85712.0,4316774.0,2.62697,SATISFIABLE,1,0,data/test/3sat/400/3sat_1.cnf,0.0054218769073486,0.091561,0.3226175308227539,0.3280394077301025,3.0465704077301026,3sat_1.cnf,local_reopen_guarded,+ Local Boundary Correction,2,True,False,runs/analysis/full400_repeated_runtime/raw/local_reopen_guarded/repeat2.csv
2,2.0,1560487.0,1781641.0,87990047.0,59.9588,INDETERMINATE,2,0,data/test/3sat/400/3sat_10.cnf,0.0054218769073486,0.0979859999999999,0.3226175308227539,0.3280394077301025,60.3848254077301,3sat_10.cnf,local_reopen_guarded,+ Local Boundary Correction,2,False,True,runs/analysis/full400_repeated_runtime/raw/local_reopen_guarded/repeat2.csv
3,1.0,3392.0,4166.0,213902.0,0.065536,SATISFIABLE,3,0,data/test/3sat/400/3sat_100.cnf,0.0054218769073486,0.091473,0.3226175308227539,0.3280394077301025,0.4850484077301025,3sat_100.cnf,local_reopen_guarded,+ Local Boundary Correction,2,True,False,runs/analysis/full400_repeated_runtime/raw/local_reopen_guarded/repeat2.csv
4,2.0,1486943.0,1699349.0,83503837.0,59.9844,INDETERMINATE,4,0,data/test/3sat/400/3sat_101.cnf,0.0054218769073486,0.100908,0.3226175308227539,0.3280394077301025,60.4133474077301,3sat_101.cnf,local_reopen_guarded,+ Local Boundary Correction,2,False,True,runs/analysis/full400_repeated_runtime/raw/local_reopen_guarded/repeat2.csv
5,2.0,1499596.0,1734759.0,85756342.0,59.9478,INDETERMINATE,5,0,data/test/3sat/400/3sat_102.cnf,0.0054218769073486,0.086667,0.3226175308227539,0.3280394077301025,60.3625064077301,3sat_102.cnf,local_reopen_guarded,+ Local Boundary Correction,2,False,True,runs/analysis/full400_repeated_runtime/raw/local_reopen_guarded/repeat2.csv
6,2.0,1457482.0,1681806.0,84003848.0,59.9781,INDETERMINATE,6,0,data/test/3sat/400/3sat_103.cnf,0.0054218769073486,0.086528,0.3226175308227539,0.3280394077301025,60.3926674077301,3sat_103.cnf,local_reopen_guarded,+ Local Boundary Correction,2,False,True,runs/analysis/full400_repeated_runtime/raw/local_reopen_guarded/repeat2.csv
7,2.0,1429234.0,1632823.0,79514415.0,59.9401,INDETERMINATE,7,0,data/test/3sat/400/3sat_104.cnf,0.0054218769073486,0.099341,0.3226175308227539,0.3280394077301025,60.367480407730106,3sat_104.cnf,local_reopen_guarded,+ Local Boundary Correction,2,False,True,runs/analysis/full400_repeated_runtime/raw/local_reopen_guarded/repeat2.csv
8,2.0,1519168.0,1728431.0,86949379.0,59.9604,INDETERMINATE,8,0,data/test/3sat/400/3sat_105.cnf,0.0054218769073486,0.109043,0.3226175308227539,0.3280394077301025,60.3974824077301,3sat_105.cnf,local_reopen_guarded,+ Local Boundary Correction,2,False,True,runs/analysis/full400_repeated_runtime/raw/local_reopen_guarded/repeat2.csv
9,2.0,1427421.0,1632339.0,79540845.0,59.9795,INDETERMINATE,9,0,data/test/3sat/400/3sat_106.cnf,0.0054218769073486,0.084272,0.3226175308227539,0.3280394077301025,60.3918114077301,3sat_106.cnf,local_reopen_guarded,+ Local Boundary Correction,2,False,True,runs/analysis/full400_repeated_runtime/raw/local_reopen_guarded/repeat2.csv
10,2.0,1367463.0,1571046.0,78038729.0,59.9873,INDETERMINATE,10,0,data/test/3sat/400/3sat_107.cnf,0.0039994716644287,0.106496,0.3187286853790283,0.322728157043457,60.416524157043455,3sat_107.cnf,local_reopen_guarded,+ Local Boundary Correction,2,False,True,runs/analysis/full400_repeated_runtime/raw/local_reopen_guarded/repeat2.csv
11,2.0,1475282.0,1699395.0,82618628.0,59.9916,INDETERMINATE,11,0,data/test/3sat/400/3sat_108.cnf,0.0039994716644287,0.088615,0.3187286853790283,0.322728157043457,60.40294315704345,3sat_108.cnf,local_reopen_guarded,+ Local Boundary Correction,2,False,True,runs/analysis/full400_repeated_runtime/raw/local_reopen_guarded/repeat2.csv
12,2.0,1531935.0,1755307.0,85820322.0,59.9737,INDETERMINATE,12,0,data/test/3sat/400/3sat_109.cnf,0.0039994716644287,0.093342,0.3187286853790283,0.322728157043457,60.38977015704346,3sat_109.cnf,local_reopen_guarded,+ Local Boundary Correction,2,False,True,runs/analysis/full400_repeated_runtime/raw/local_reopen_guarded/repeat2.csv
13,1.0,40661.0,47692.0,2496556.0,1.34533,SATISFIABLE,13,0,data/test/3sat/400/3sat_11.cnf,0.0039994716644287,0.093516,0.3187286853790283,0.322728157043457,1.7615741570434569,3sat_11.cnf,local_reopen_guarded,+ Local Boundary Correction,2,True,False,runs/analysis/full400_repeated_runtime/raw/local_reopen_guarded/repeat2.csv
14,2.0,1492550.0,1712785.0,86302191.0,59.9819,INDETERMINATE,14,0,data/test/3sat/400/3sat_110.cnf,0.0039994716644287,0.087488,0.3187286853790283,0.322728157043457,60.39211615704346,3sat_110.cnf,local_reopen_guarded,+ Local Boundary Correction,2,False,True,runs/analysis/full400_repeated_runtime/raw/local_reopen_guarded/repeat2.csv
15,2.0,1449579.0,1662962.0,84661287.0,59.9841,INDETERMINATE,15,0,data/test/3sat/400/3sat_111.cnf,0.0039994716644287,0.08995,0.3187286853790283,0.322728157043457,60.39677815704346,3sat_111.cnf,local_reopen_guarded,+ Local Boundary Correction,2,False,True,runs/analysis/full400_repeated_runtime/raw/local_reopen_guarded/repeat2.csv
16,2.0,1499565.0,1704492.0,86695283.0,59.9742,INDETERMINATE,16,0,data/test/3sat/400/3sat_112.cnf,0.0039994716644287,0.0968209999999999,0.3187286853790283,0.322728157043457,60.39374915704346,3sat_112.cnf,local_reopen_guarded,+ Local Boundary Correction,2,False,True,runs/analysis/full400_repeated_runtime/raw/local_reopen_guarded/repeat2.csv
17,2.0,1402084.0,1590976.0,80412239.0,59.9555,INDETERMINATE,17,0,data/test/3sat/400/3sat_113.cnf,0.0039994716644287,0.099047,0.3187286853790283,0.322728157043457,60.37727515704346,3sat_113.cnf,local_reopen_guarded,+ Local Boundary Correction,2,False,True,runs/analysis/full400_repeated_runtime/raw/local_reopen_guarded/repeat2.csv
18,2.0,1450323.0,1665492.0,82055620.0,59.9747,INDETERMINATE,18,0,data/test/3sat/400/3sat_114.cnf,0.0039994716644287,0.094227,0.3187286853790283,0.322728157043457,60.39165515704345,3sat_114.cnf,local_reopen_guarded,+ Local Boundary Correction,2,False,True,runs/analysis/full400_repeated_runtime/raw/local_reopen_guarded/repeat2.csv
19,2.0,1377624.0,1573152.0,77839388.0,59.9802,INDETERMINATE,19,0,data/test/3sat/400/3sat_115.cnf,0.0039994716644287,0.098815,0.3187286853790283,0.322728157043457,60.40174315704346,3sat_115.cnf,local_reopen_guarded,+ Local Boundary Correction,2,False,True,runs/analysis/full400_repeated_runtime/raw/local_reopen_guarded/repeat2.csv
20,2.0,1480002.0,1684600.0,82631537.0,59.9846,INDETERMINATE,20,0,data/test/3sat/400/3sat_116.cnf,0.0039827823638916,0.106248,0.2778916358947754,0.281874418258667,60.37272241825867,3sat_116.cnf,local_reopen_guarded,+ Local Boundary Correction,2,False,True,runs/analysis/full400_repeated_runtime/raw/local_reopen_guarded/repeat2.csv
21,2.0,1481556.0,1696039.0,82755499.0,59.9849,INDETERMINATE,21,0,data/test/3sat/400/3sat_117.cnf,0.0039827823638916,0.082154,0.2778916358947754,0.281874418258667,60.34892841825867,3sat_117.cnf,local_reopen_guarded,+ Local Boundary Correction,2,False,True,runs/analysis/full400_repeated_runtime/raw/local_reopen_guarded/repeat2.csv
22,2.0,1460954.0,1670170.0,82214145.0,59.9702,INDETERMINATE,22,0,data/test/3sat/400/3sat_118.cnf,0.0039827823638916,0.088705,0.2778916358947754,0.281874418258667,60.34077941825866,3sat_118.cnf,local_reopen_guarded,+ Local Boundary Correction,2,False,True,runs/analysis/full400_repeated_runtime/raw/local_reopen_guarded/repeat2.csv
23,2.0,1520458.0,1738588.0,84101243.0,59.9816,INDETERMINATE,23,0,data/test/3sat/400/3sat_119.cnf,0.0039827823638916,0.089026,0.2778916358947754,0.281874418258667,60.35250041825866,3sat_119.cnf,local_reopen_guarded,+ Local Boundary Correction,2,False,True,runs/analysis/full400_repeated_runtime/raw/local_reopen_guarded/repeat2.csv
24,2.0,1445456.0,1653027.0,81184473.0,59.9972,INDETERMINATE,24,0,data/test/3sat/400/3sat_12.cnf,0.0039827823638916,0.093773,0.2778916358947754,0.281874418258667,60.372847418258665,3sat_12.cnf,local_reopen_guarded,+ Local Boundary Correction,2,False,True,runs/analysis/full400_repeated_runtime/raw/local_reopen_guarded/repeat2.csv
25,1.0,23077.0,27394.0,1439359.0,0.674729,SATISFIABLE,25,0,data/test/3sat/400/3sat_120.cnf,0.0039827823638916,0.098029,0.2778916358947754,0.281874418258667,1.054632418258667,3sat_120.cnf,local_reopen_guarded,+ Local Boundary Correction,2,True,False,runs/analysis/full400_repeated_runtime/raw/local_reopen_guarded/repeat2.csv
26,1.0,47329.0,54623.0,2823769.0,1.35502,SATISFIABLE,26,0,data/test/3sat/400/3sat_121.cnf,0.0039827823638916,0.095114,0.2778916358947754,0.281874418258667,1.7320084182586668,3sat_121.cnf,local_reopen_guarded,+ Local Boundary Correction,2,True,False,runs/analysis/full400_repeated_runtime/raw/local_reopen_guarded/repeat2.csv
27,2.0,1484837.0,1698629.0,84903507.0,59.9893,INDETERMINATE,27,0,data/test/3sat/400/3sat_122.cnf,0.0039827823638916,0.101692,0.2778916358947754,0.281874418258667,60.37286641825867,3sat_122.cnf,local_reopen_guarded,+ Local Boundary Correction,2,False,True,runs/analysis/full400_repeated_runtime/raw/local_reopen_guarded/repeat2.csv
28,2.0,1490014.0,1695156.0,84884828.0,59.9677,INDETERMINATE,28,0,data/test/3sat/400/3sat_123.cnf,0.0039827823638916,0.095763,0.2778916358947754,0.281874418258667,60.345337418258666,3sat_123.cnf,local_reopen_guarded,+ Local Boundary Correction,2,False,True,runs/analysis/full400_repeated_runtime/raw/local_reopen_guarded/repeat2.csv
29,1.0,654.0,900.0,43163.0,0.010935,SATISFIABLE,29,0,data/test/3sat/400/3sat_124.cnf,0.0039827823638916,0.0665439999999999,0.2778916358947754,0.281874418258667,0.3593534182586669,3sat_124.cnf,local_reopen_guarded,+ Local Boundary Correction,2,True,False,runs/analysis/full400_repeated_runtime/raw/local_reopen_guarded/repeat2.csv
30,1.0,87018.0,101016.0,5296049.0,3.1351,SATISFIABLE,30,0,data/test/3sat/400/3sat_125.cnf,0.0054614543914794,0.095643,0.2867696285247803,0.2922310829162597,3.52297408291626,3sat_125.cnf,local_reopen_guarded,+ Local Boundary Correction,2,True,False,runs/analysis/full400_repeated_runtime/raw/local_reopen_guarded/repeat2.csv
31,2.0,1536177.0,1756634.0,88039846.0,59.9667,INDETERMINATE,31,0,data/test/3sat/400/3sat_126.cnf,0.0054614543914794,0.090415,0.2867696285247803,0.2922310829162597,60.34934608291626,3sat_126.cnf,local_reopen_guarded,+ Local Boundary Correction,2,False,True,runs/analysis/full400_repeated_runtime/raw/local_reopen_guarded/repeat2.csv
32,2.0,1434565.0,1660619.0,83980329.0,59.991,INDETERMINATE,32,0,data/test/3sat/400/3sat_127.cnf,0.0054614543914794,0.085118,0.2867696285247803,0.2922310829162597,60.36834908291626,3sat_127.cnf,local_reopen_guarded,+ Local Boundary Correction,2,False,True,runs/analysis/full400_repeated_runtime/raw/local_reopen_guarded/repeat2.csv
33,2.0,238642.0,275833.0,14368684.0,7.98128,SATISFIABLE,33,0,data/test/3sat/400/3sat_128.cnf,0.0054614543914794,0.095632,0.2867696285247803,0.2922310829162597,8.36914308291626,3sat_128.cnf,local_reopen_guarded,+ Local Boundary Correction,2,True,False,runs/analysis/full400_repeated_runtime/raw/local_reopen_guarded/repeat2.csv
34,1.0,28034.0,33114.0,1750425.0,0.808377,SATISFIABLE,34,0,data/test/3sat/400/3sat_129.cnf,0.0054614543914794,0.101978,0.2867696285247803,0.2922310829162597,1.2025860829162598,3sat_129.cnf,local_reopen_guarded,+ Local Boundary Correction,2,True,False,runs/analysis/full400_repeated_runtime/raw/local_reopen_guarded/repeat2.csv
35,2.0,1482843.0,1695898.0,86443098.0,59.997,INDETERMINATE,35,0,data/test/3sat/400/3sat_13.cnf,0.0054614543914794,0.090472,0.2867696285247803,0.2922310829162597,60.37970308291626,3sat_13.cnf,local_reopen_guarded,+ Local Boundary Correction,2,False,True,runs/analysis/full400_repeated_runtime/raw/local_reopen_guarded/repeat2.csv
36,2.0,121568.0,139021.0,7304329.0,4.5047,SATISFIABLE,36,0,data/test/3sat/400/3sat_130.cnf,0.0054614543914794,0.097243,0.2867696285247803,0.2922310829162597,4.894174082916259,3sat_130.cnf,local_reopen_guarded,+ Local Boundary Correction,2,True,False,runs/analysis/full400_repeated_runtime/raw/local_reopen_guarded/repeat2.csv
37,1.0,82086.0,96037.0,5035591.0,3.2991,SATISFIABLE,37,0,data/test/3sat/400/3sat_131.cnf,0.0054614543914794,0.091816,0.2867696285247803,0.2922310829162597,3.68314708291626,3sat_131.cnf,local_reopen_guarded,+ Local Boundary Correction,2,True,False,runs/analysis/full400_repeated_runtime/raw/local_reopen_guarded/repeat2.csv
38,1.0,2692.0,3354.0,172420.0,0.043944,SATISFIABLE,38,0,data/test/3sat/400/3sat_132.cnf,0.0054614543914794,0.078146,0.2867696285247803,0.2922310829162597,0.4143210829162597,3sat_132.cnf,local_reopen_guarded,+ Local Boundary Correction,2,True,False,runs/analysis/full400_repeated_runtime/raw/local_reopen_guarded/repeat2.csv
39,2.0,1428940.0,1652133.0,83205104.0,59.9872,INDETERMINATE,39,0,data/test/3sat/400/3sat_133.cnf,0.0054614543914794,0.105215,0.2867696285247803,0.2922310829162597,60.38464608291626,3sat_133.cnf,local_reopen_guarded,+ Local Boundary Correction,2,False,True,runs/analysis/full400_repeated_runtime/raw/local_reopen_guarded/repeat2.csv
40,2.0,1436578.0,1644246.0,80327621.0,59.986,INDETERMINATE,40,0,data/test/3sat/400/3sat_134.cnf,0.0042979717254638,0.088056,0.2610213756561279,0.2653193473815918,60.33937534738159,3sat_134.cnf,local_reopen_guarded,+ Local Boundary Correction,2,False,True,runs/analysis/full400_repeated_runtime/raw/local_reopen_guarded/repeat2.csv
41,2.0,1548769.0,1762813.0,86447846.0,59.9905,INDETERMINATE,41,0,data/test/3sat/400/3sat_135.cnf,0.0042979717254638,0.093597,0.2610213756561279,0.2653193473815918,60.34941634738159,3sat_135.cnf,local_reopen_guarded,+ Local Boundary Correction,2,False,True,runs/analysis/full400_repeated_runtime/raw/local_reopen_guarded/repeat2.csv
42,2.0,1452910.0,1666184.0,85260218.0,59.9819,INDETERMINATE,42,0,data/test/3sat/400/3sat_136.cnf,0.0042979717254638,0.0923129999999999,0.2610213756561279,0.2653193473815918,60.33953234738159,3sat_136.cnf,local_reopen_guarded,+ Local Boundary Correction,2,False,True,runs/analysis/full400_repeated_runtime/raw/local_reopen_guarded/repeat2.csv
43,2.0,1482003.0,1679982.0,79989509.0,59.9885,INDETERMINATE,43,0,data/test/3sat/400/3sat_137.cnf,0.0042979717254638,0.091755,0.2610213756561279,0.2653193473815918,60.34557434738159,3sat_137.cnf,local_reopen_guarded,+ Local Boundary Correction,2,False,True,runs/analysis/full400_repeated_runtime/raw/local_reopen_guarded/repeat2.csv
44,2.0,1583868.0,1802150.0,91472691.0,59.9698,INDETERMINATE,44,0,data/test/3sat/400/3sat_138.cnf,0.0042979717254638,0.09439,0.2610213756561279,0.2653193473815918,60.32950934738159,3sat_138.cnf,local_reopen_guarded,+ Local Boundary Correction,2,False,True,runs/analysis/full400_repeated_runtime/raw/local_reopen_guarded/repeat2.csv
45,2.0,1533394.0,1762102.0,87574332.0,59.971,INDETERMINATE,45,0,data/test/3sat/400/3sat_139.cnf,0.0042979717254638,0.101003,0.2610213756561279,0.2653193473815918,60.33732234738159,3sat_139.cnf,local_reopen_guarded,+ Local Boundary Correction,2,False,True,runs/analysis/full400_repeated_runtime/raw/local_reopen_guarded/repeat2.csv
46,2.0,133587.0,154405.0,8365184.0,5.1984,SATISFIABLE,46,0,data/test/3sat/400/3sat_14.cnf,0.0042979717254638,0.097972,0.2610213756561279,0.2653193473815918,5.5616913473815925,3sat_14.cnf,local_reopen_guarded,+ Local Boundary Correction,2,True,False,runs/analysis/full400_repeated_runtime/raw/local_reopen_guarded/repeat2.csv
47,2.0,135171.0,155254.0,8243385.0,4.97804,SATISFIABLE,47,0,data/test/3sat/400/3sat_140.cnf,0.0042979717254638,0.0909389999999999,0.2610213756561279,0.2653193473815918,5.334298347381592,3sat_140.cnf,local_reopen_guarded,+ Local Boundary Correction,2,True,False,runs/analysis/full400_repeated_runtime/raw/local_reopen_guarded/repeat2.csv
48,1.0,71109.0,82102.0,4299119.0,2.88624,SATISFIABLE,48,0,data/test/3sat/400/3sat_141.cnf,0.0042979717254638,0.098686,0.2610213756561279,0.2653193473815918,3.2502453473815915,3sat_141.cnf,local_reopen_guarded,+ Local Boundary Correction,2,True,False,runs/analysis/full400_repeated_runtime/raw/local_reopen_guarded/repeat2.csv
49,1.0,61037.0,70865.0,3765471.0,2.08018,SATISFIABLE,49,0,data/test/3sat/400/3sat_142.cnf,0.0042979717254638,0.099474,0.2610213756561279,0.2653193473815918,2.444973347381592,3sat_142.cnf,local_reopen_guarded,+ Local Boundary Correction,2,True,False,runs/analysis/full400_repeated_runtime/raw/local_reopen_guarded/repeat2.csv
50,2.0,1441664.0,1655580.0,82898312.0,59.957,INDETERMINATE,50,0,data/test/3sat/400/3sat_143.cnf,0.0044023990631103,0.10244,0.2667667865753174,0.2711691856384277,60.33060918563843,3sat_143.cnf,local_reopen_guarded,+ Local Boundary Correction,2,False,True,runs/analysis/full400_repeated_runtime/raw/local_reopen_guarded/repeat2.csv
51,2.0,1373809.0,1560727.0,76550340.0,59.9765,INDETERMINATE,51,0,data/test/3sat/400/3sat_144.cnf,0.0044023990631103,0.09933,0.2667667865753174,0.2711691856384277,60.34699918563843,3sat_144.cnf,local_reopen_guarded,+ Local Boundary Correction,2,False,True,runs/analysis/full400_repeated_runtime/raw/local_reopen_guarded/repeat2.csv
52,2.0,1419038.0,1641024.0,81119741.0,59.9727,INDETERMINATE,52,0,data/test/3sat/400/3sat_145.cnf,0.0044023990631103,0.103302,0.2667667865753174,0.2711691856384277,60.34717118563843,3sat_145.cnf,local_reopen_guarded,+ Local Boundary Correction,2,False,True,runs/analysis/full400_repeated_runtime/raw/local_reopen_guarded/repeat2.csv
53,2.0,1452429.0,1662551.0,81517594.0,59.9704,INDETERMINATE,53,0,data/test/3sat/400/3sat_146.cnf,0.0044023990631103,0.082954,0.2667667865753174,0.2711691856384277,60.32452318563843,3sat_146.cnf,local_reopen_guarded,+ Local Boundary Correction,2,False,True,runs/analysis/full400_repeated_runtime/raw/local_reopen_guarded/repeat2.csv
54,2.0,392510.0,450448.0,23393708.0,12.7123,SATISFIABLE,54,0,data/test/3sat/400/3sat_147.cnf,0.0044023990631103,0.09895,0.2667667865753174,0.2711691856384277,13.082419185638429,3sat_147.cnf,local_reopen_guarded,+ Local Boundary Correction,2,True,False,runs/analysis/full400_repeated_runtime/raw/local_reopen_guarded/repeat2.csv
55,2.0,1507510.0,1732110.0,88071818.0,59.9752,INDETERMINATE,55,0,data/test/3sat/400/3sat_148.cnf,0.0044023990631103,0.1042039999999999,0.2667667865753174,0.2711691856384277,60.35057318563843,3sat_148.cnf,local_reopen_guarded,+ Local Boundary Correction,2,False,True,runs/analysis/full400_repeated_runtime/raw/local_reopen_guarded/repeat2.csv
56,1.0,97366.0,112279.0,5819460.0,3.57681,SATISFIABLE,56,0,data/test/3sat/400/3sat_149.cnf,0.0044023990631103,0.094532,0.2667667865753174,0.2711691856384277,3.942511185638428,3sat_149.cnf,local_reopen_guarded,+ Local Boundary Correction,2,True,False,runs/analysis/full400_repeated_runtime/raw/local_reopen_guarded/repeat2.csv
57,2.0,1483749.0,1686293.0,84385664.0,59.9789,INDETERMINATE,57,0,data/test/3sat/400/3sat_15.cnf,0.0044023990631103,0.106973,0.2667667865753174,0.2711691856384277,60.357042185638434,3sat_15.cnf,local_reopen_guarded,+ Local Boundary Correction,2,False,True,runs/analysis/full400_repeated_runtime/raw/local_reopen_guarded/repeat2.csv
58,1.0,16970.0,19929.0,1057698.0,0.383841,SATISFIABLE,58,0,data/test/3sat/400/3sat_150.cnf,0.0044023990631103,0.089095,0.2667667865753174,0.2711691856384277,0.7441051856384278,3sat_150.cnf,local_reopen_guarded,+ Local Boundary Correction,2,True,False,runs/analysis/full400_repeated_runtime/raw/local_reopen_guarded/repeat2.csv
59,2.0,1463259.0,1662144.0,84366827.0,59.9743,INDETERMINATE,59,0,data/test/3sat/400/3sat_151.cnf,0.0044023990631103,0.103771,0.2667667865753174,0.2711691856384277,60.34924018563843,3sat_151.cnf,local_reopen_guarded,+ Local Boundary Correction,2,False,True,runs/analysis/full400_repeated_runtime/raw/local_reopen_guarded/repeat2.csv
60,2.0,1507668.0,1735812.0,84516713.0,60.0001,INDETERMINATE,60,0,data/test/3sat/400/3sat_152.cnf,0.004652976989746,0.090874,0.3624196052551269,0.367072582244873,60.45804658224488,3sat_152.cnf,local_reopen_guarded,+ Local Boundary Correction,2,False,True,runs/analysis/full400_repeated_runtime/raw/local_reopen_guarded/repeat2.csv
61,2.0,1410616.0,1608023.0,79164941.0,59.9757,INDETERMINATE,61,0,data/test/3sat/400/3sat_153.cnf,0.004652976989746,0.085029,0.3624196052551269,0.367072582244873,60.42780158224488,3sat_153.cnf,local_reopen_guarded,+ Local Boundary Correction,2,False,True,runs/analysis/full400_repeated_runtime/raw/local_reopen_guarded/repeat2.csv
62,1.0,9781.0,11606.0,611335.0,0.200093,SATISFIABLE,62,0,data/test/3sat/400/3sat_154.cnf,0.004652976989746,0.089998,0.3624196052551269,0.367072582244873,0.657163582244873,3sat_154.cnf,local_reopen_guarded,+ Local Boundary Correction,2,True,False,runs/analysis/full400_repeated_runtime/raw/local_reopen_guarded/repeat2.csv
63,2.0,1476394.0,1682083.0,82506866.0,59.9675,INDETERMINATE,63,0,data/test/3sat/400/3sat_155.cnf,0.004652976989746,0.0993439999999999,0.3624196052551269,0.367072582244873,60.43391658224488,3sat_155.cnf,local_reopen_guarded,+ Local Boundary Correction,2,False,True,runs/analysis/full400_repeated_runtime/raw/local_reopen_guarded/repeat2.csv
64,2.0,1437024.0,1639411.0,81538599.0,59.9739,INDETERMINATE,64,0,data/test/3sat/400/3sat_156.cnf,0.004652976989746,0.0993199999999999,0.3624196052551269,0.367072582244873,60.44029258224487,3sat_156.cnf,local_reopen_guarded,+ Local Boundary Correction,2,False,True,runs/analysis/full400_repeated_runtime/raw/local_reopen_guarded/repeat2.csv
65,2.0,873297.0,1013956.0,52333641.0,33.3517,SATISFIABLE,65,0,data/test/3sat/400/3sat_157.cnf,0.004652976989746,0.100802,0.3624196052551269,0.367072582244873,33.81957458224488,3sat_157.cnf,local_reopen_guarded,+ Local Boundary Correction,2,True,False,runs/analysis/full400_repeated_runtime/raw/local_reopen_guarded/repeat2.csv
66,2.0,1471352.0,1666694.0,81889177.0,59.9677,INDETERMINATE,66,0,data/test/3sat/400/3sat_158.cnf,0.004652976989746,0.100524,0.3624196052551269,0.367072582244873,60.43529658224488,3sat_158.cnf,local_reopen_guarded,+ Local Boundary Correction,2,False,True,runs/analysis/full400_repeated_runtime/raw/local_reopen_guarded/repeat2.csv
67,2.0,1480599.0,1700369.0,85191628.0,59.9778,INDETERMINATE,67,0,data/test/3sat/400/3sat_159.cnf,0.004652976989746,0.0964479999999999,0.3624196052551269,0.367072582244873,60.44132058224488,3sat_159.cnf,local_reopen_guarded,+ Local Boundary Correction,2,False,True,runs/analysis/full400_repeated_runtime/raw/local_reopen_guarded/repeat2.csv
68,2.0,1533960.0,1742583.0,88066147.0,59.9701,INDETERMINATE,68,0,data/test/3sat/400/3sat_16.cnf,0.004652976989746,0.082185,0.3624196052551269,0.367072582244873,60.41935758224488,3sat_16.cnf,local_reopen_guarded,+ Local Boundary Correction,2,False,True,runs/analysis/full400_repeated_runtime/raw/local_reopen_guarded/repeat2.csv
69,2.0,1519846.0,1739778.0,84766286.0,59.9909,INDETERMINATE,69,0,data/test/3sat/400/3sat_160.cnf,0.004652976989746,0.095966,0.3624196052551269,0.367072582244873,60.45393858224488,3sat_160.cnf,local_reopen_guarded,+ Local Boundary Correction,2,False,True,runs/analysis/full400_repeated_runtime/raw/local_reopen_guarded/repeat2.csv
70,2.0,1580686.0,1799440.0,91351843.0,59.9834,INDETERMINATE,70,0,data/test/3sat/400/3sat_161.cnf,0.0050306320190429,0.094428,0.287611722946167,0.2926423549652099,60.370470354965214,3sat_161.cnf,local_reopen_guarded,+ Local Boundary Correction,2,False,True,runs/analysis/full400_repeated_runtime/raw/local_reopen_guarded/repeat2.csv
71,2.0,1356906.0,1534691.0,76508584.0,59.9719,INDETERMINATE,71,0,data/test/3sat/400/3sat_162.cnf,0.0050306320190429,0.092906,0.287611722946167,0.2926423549652099,60.35744835496521,3sat_162.cnf,local_reopen_guarded,+ Local Boundary Correction,2,False,True,runs/analysis/full400_repeated_runtime/raw/local_reopen_guarded/repeat2.csv
72,2.0,915021.0,1050086.0,53803425.0,35.9925,SATISFIABLE,72,0,data/test/3sat/400/3sat_163.cnf,0.0050306320190429,0.099297,0.287611722946167,0.2926423549652099,36.38443935496521,3sat_163.cnf,local_reopen_guarded,+ Local Boundary Correction,2,True,False,runs/analysis/full400_repeated_runtime/raw/local_reopen_guarded/repeat2.csv
73,2.0,1465116.0,1681367.0,85210433.0,59.9662,INDETERMINATE,73,0,data/test/3sat/400/3sat_164.cnf,0.0050306320190429,0.094609,0.287611722946167,0.2926423549652099,60.35345135496521,3sat_164.cnf,local_reopen_guarded,+ Local Boundary Correction,2,False,True,runs/analysis/full400_repeated_runtime/raw/local_reopen_guarded/repeat2.csv
74,1.0,1169.0,1491.0,77588.0,0.023568,SATISFIABLE,74,0,data/test/3sat/400/3sat_165.cnf,0.0050306320190429,0.092415,0.287611722946167,0.2926423549652099,0.4086253549652099,3sat_165.cnf,local_reopen_guarded,+ Local Boundary Correction,2,True,False,runs/analysis/full400_repeated_runtime/raw/local_reopen_guarded/repeat2.csv
75,2.0,1569760.0,1794036.0,88590743.0,59.9828,INDETERMINATE,75,0,data/test/3sat/400/3sat_166.cnf,0.0050306320190429,0.0869389999999999,0.287611722946167,0.2926423549652099,60.36238135496521,3sat_166.cnf,local_reopen_guarded,+ Local Boundary Correction,2,False,True,runs/analysis/full400_repeated_runtime/raw/local_reopen_guarded/repeat2.csv
76,2.0,399529.0,460797.0,23951550.0,12.8153,SATISFIABLE,76,0,data/test/3sat/400/3sat_167.cnf,0.0050306320190429,0.102162,0.287611722946167,0.2926423549652099,13.21010435496521,3sat_167.cnf,local_reopen_guarded,+ Local Boundary Correction,2,True,False,runs/analysis/full400_repeated_runtime/raw/local_reopen_guarded/repeat2.csv
77,2.0,1404317.0,1587967.0,80423066.0,59.9779,INDETERMINATE,77,0,data/test/3sat/400/3sat_168.cnf,0.0050306320190429,0.097294,0.287611722946167,0.2926423549652099,60.367836354965206,3sat_168.cnf,local_reopen_guarded,+ Local Boundary Correction,2,False,True,runs/analysis/full400_repeated_runtime/raw/local_reopen_guarded/repeat2.csv
78,2.0,1448957.0,1663153.0,83668902.0,59.9511,INDETERMINATE,78,0,data/test/3sat/400/3sat_169.cnf,0.0050306320190429,0.097437,0.287611722946167,0.2926423549652099,60.341179354965206,3sat_169.cnf,local_reopen_guarded,+ Local Boundary Correction,2,False,True,runs/analysis/full400_repeated_runtime/raw/local_reopen_guarded/repeat2.csv
79,2.0,1364946.0,1563620.0,76759243.0,59.9709,INDETERMINATE,79,0,data/test/3sat/400/3sat_17.cnf,0.0050306320190429,0.081042,0.287611722946167,0.2926423549652099,60.34458435496521,3sat_17.cnf,local_reopen_guarded,+ Local Boundary Correction,2,False,True,runs/analysis/full400_repeated_runtime/raw/local_reopen_guarded/repeat2.csv
80,2.0,1380336.0,1575329.0,76859486.0,59.9784,INDETERMINATE,80,0,data/test/3sat/400/3sat_170.cnf,0.005533218383789,0.090595,0.2933273315429687,0.2988605499267578,60.36785554992676,3sat_170.cnf,local_reopen_guarded,+ Local Boundary Correction,2,False,True,runs/analysis/full400_repeated_runtime/raw/local_reopen_guarded/repeat2.csv
81,2.0,1365753.0,1556245.0,77684438.0,59.9587,INDETERMINATE,81,0,data/test/3sat/400/3sat_171.cnf,0.005533218383789,0.0949359999999999,0.2933273315429687,0.2988605499267578,60.35249654992676,3sat_171.cnf,local_reopen_guarded,+ Local Boundary Correction,2,False,True,runs/analysis/full400_repeated_runtime/raw/local_reopen_guarded/repeat2.csv
82,2.0,1412160.0,1630410.0,82122990.0,59.9889,INDETERMINATE,82,0,data/test/3sat/400/3sat_172.cnf,0.005533218383789,0.092108,0.2933273315429687,0.2988605499267578,60.37986854992676,3sat_172.cnf,local_reopen_guarded,+ Local Boundary Correction,2,False,True,runs/analysis/full400_repeated_runtime/raw/local_reopen_guarded/repeat2.csv
83,2.0,1406190.0,1607336.0,80766010.0,59.9793,INDETERMINATE,83,0,data/test/3sat/400/3sat_173.cnf,0.005533218383789,0.102935,0.2933273315429687,0.2988605499267578,60.38109554992676,3sat_173.cnf,local_reopen_guarded,+ Local Boundary Correction,2,False,True,runs/analysis/full400_repeated_runtime/raw/local_reopen_guarded/repeat2.csv
84,2.0,1452585.0,1648502.0,81667848.0,59.9816,INDETERMINATE,84,0,data/test/3sat/400/3sat_174.cnf,0.005533218383789,0.1042559999999999,0.2933273315429687,0.2988605499267578,60.38471654992676,3sat_174.cnf,local_reopen_guarded,+ Local Boundary Correction,2,False,True,runs/analysis/full400_repeated_runtime/raw/local_reopen_guarded/repeat2.csv
85,2.0,1501807.0,1712254.0,83665579.0,59.9772,INDETERMINATE,85,0,data/test/3sat/400/3sat_175.cnf,0.005533218383789,0.095246,0.2933273315429687,0.2988605499267578,60.37130654992677,3sat_175.cnf,local_reopen_guarded,+ Local Boundary Correction,2,False,True,runs/analysis/full400_repeated_runtime/raw/local_reopen_guarded/repeat2.csv
86,1.0,44850.0,52377.0,2659490.0,1.47007,SATISFIABLE,86,0,data/test/3sat/400/3sat_176.cnf,0.005533218383789,0.106871,0.2933273315429687,0.2988605499267578,1.8758015499267575,3sat_176.cnf,local_reopen_guarded,+ Local Boundary Correction,2,True,False,runs/analysis/full400_repeated_runtime/raw/local_reopen_guarded/repeat2.csv
87,2.0,1463706.0,1658765.0,84147255.0,59.9622,INDETERMINATE,87,0,data/test/3sat/400/3sat_177.cnf,0.005533218383789,0.085571,0.2933273315429687,0.2988605499267578,60.34663154992676,3sat_177.cnf,local_reopen_guarded,+ Local Boundary Correction,2,False,True,runs/analysis/full400_repeated_runtime/raw/local_reopen_guarded/repeat2.csv
88,2.0,1534592.0,1775127.0,88937612.0,59.9636,INDETERMINATE,88,0,data/test/3sat/400/3sat_178.cnf,0.005533218383789,0.092678,0.2933273315429687,0.2988605499267578,60.35513854992676,3sat_178.cnf,local_reopen_guarded,+ Local Boundary Correction,2,False,True,runs/analysis/full400_repeated_runtime/raw/local_reopen_guarded/repeat2.csv
89,2.0,1507706.0,1716684.0,86655827.0,59.9754,INDETERMINATE,89,0,data/test/3sat/400/3sat_179.cnf,0.005533218383789,0.092012,0.2933273315429687,0.2988605499267578,60.36627254992676,3sat_179.cnf,local_reopen_guarded,+ Local Boundary Correction,2,False,True,runs/analysis/full400_repeated_runtime/raw/local_reopen_guarded/repeat2.csv
90,2.0,1409473.0,1611260.0,81064552.0,59.977,INDETERMINATE,90,0,data/test/3sat/400/3sat_18.cnf,0.0073573589324951,0.092608,0.2636089324951172,0.2709662914276123,60.34057429142761,3sat_18.cnf,local_reopen_guarded,+ Local Boundary Correction,2,False,True,runs/analysis/full400_repeated_runtime/raw/local_reopen_guarded/repeat2.csv
91,2.0,479866.0,551097.0,28918715.0,16.713,SATISFIABLE,91,0,data/test/3sat/400/3sat_180.cnf,0.0073573589324951,0.099393,0.2636089324951172,0.2709662914276123,17.083359291427612,3sat_180.cnf,local_reopen_guarded,+ Local Boundary Correction,2,True,False,runs/analysis/full400_repeated_runtime/raw/local_reopen_guarded/repeat2.csv
92,1.0,52050.0,59791.0,3130772.0,1.86681,SATISFIABLE,92,0,data/test/3sat/400/3sat_181.cnf,0.0073573589324951,0.098884,0.2636089324951172,0.2709662914276123,2.2366602914276124,3sat_181.cnf,local_reopen_guarded,+ Local Boundary Correction,2,True,False,runs/analysis/full400_repeated_runtime/raw/local_reopen_guarded/repeat2.csv
93,2.0,1484050.0,1698641.0,81254101.0,59.9778,INDETERMINATE,93,0,data/test/3sat/400/3sat_182.cnf,0.0073573589324951,0.078027,0.2636089324951172,0.2709662914276123,60.32679329142761,3sat_182.cnf,local_reopen_guarded,+ Local Boundary Correction,2,False,True,runs/analysis/full400_repeated_runtime/raw/local_reopen_guarded/repeat2.csv
94,2.0,1503736.0,1717266.0,84321885.0,59.9375,INDETERMINATE,94,0,data/test/3sat/400/3sat_183.cnf,0.0073573589324951,0.097179,0.2636089324951172,0.2709662914276123,60.30564529142761,3sat_183.cnf,local_reopen_guarded,+ Local Boundary Correction,2,False,True,runs/analysis/full400_repeated_runtime/raw/local_reopen_guarded/repeat2.csv
95,2.0,1456890.0,1659658.0,83493556.0,59.9944,INDETERMINATE,95,0,data/test/3sat/400/3sat_184.cnf,0.0073573589324951,0.084122,0.2636089324951172,0.2709662914276123,60.34948829142761,3sat_184.cnf,local_reopen_guarded,+ Local Boundary Correction,2,False,True,runs/analysis/full400_repeated_runtime/raw/local_reopen_guarded/repeat2.csv
96,2.0,1576121.0,1782438.0,88487092.0,59.9622,INDETERMINATE,96,0,data/test/3sat/400/3sat_185.cnf,0.0073573589324951,0.105793,0.2636089324951172,0.2709662914276123,60.338959291427614,3sat_185.cnf,local_reopen_guarded,+ Local Boundary Correction,2,False,True,runs/analysis/full400_repeated_runtime/raw/local_reopen_guarded/repeat2.csv
97,2.0,1386135.0,1583352.0,75700311.0,59.9883,INDETERMINATE,97,0,data/test/3sat/400/3sat_186.cnf,0.0073573589324951,0.092261,0.2636089324951172,0.2709662914276123,60.351527291427615,3sat_186.cnf,local_reopen_guarded,+ Local Boundary Correction,2,False,True,runs/analysis/full400_repeated_runtime/raw/local_reopen_guarded/repeat2.csv
98,2.0,1417844.0,1632026.0,79895216.0,59.9642,INDETERMINATE,98,0,data/test/3sat/400/3sat_187.cnf,0.0073573589324951,0.092753,0.2636089324951172,0.2709662914276123,60.32791929142761,3sat_187.cnf,local_reopen_guarded,+ Local Boundary Correction,2,False,True,runs/analysis/full400_repeated_runtime/raw/local_reopen_guarded/repeat2.csv
99,2.0,892642.0,1020150.0,51846480.0,31.8253,SATISFIABLE,99,0,data/test/3sat/400/3sat_188.cnf,0.0073573589324951,0.087657,0.2636089324951172,0.2709662914276123,32.18392329142761,3sat_188.cnf,local_reopen_guarded,+ Local Boundary Correction,2,True,False,runs/analysis/full400_repeated_runtime/raw/local_reopen_guarded/repeat2.csv
100,2.0,486885.0,560599.0,28846336.0,17.2444,SATISFIABLE,100,0,data/test/3sat/400/3sat_189.cnf,0.0055286884307861,0.0922409999999999,0.2823224067687988,0.2878510951995849,17.624492095199585,3sat_189.cnf,local_reopen_guarded,+ Local Boundary Correction,2,True,False,runs/analysis/full400_repeated_runtime/raw/local_reopen_guarded/repeat2.csv
101,1.0,32619.0,37875.0,1910478.0,1.05785,SATISFIABLE,101,0,data/test/3sat/400/3sat_19.cnf,0.0055286884307861,0.093239,0.2823224067687988,0.2878510951995849,1.438940095199585,3sat_19.cnf,local_reopen_guarded,+ Local Boundary Correction,2,True,False,runs/analysis/full400_repeated_runtime/raw/local_reopen_guarded/repeat2.csv
102,1.0,1353.0,1762.0,87323.0,0.030083,SATISFIABLE,102,0,data/test/3sat/400/3sat_190.cnf,0.0055286884307861,0.076155,0.2823224067687988,0.2878510951995849,0.3940890951995849,3sat_190.cnf,local_reopen_guarded,+ Local Boundary Correction,2,True,False,runs/analysis/full400_repeated_runtime/raw/local_reopen_guarded/repeat2.csv
103,2.0,1457776.0,1676392.0,81229927.0,59.9855,INDETERMINATE,103,0,data/test/3sat/400/3sat_191.cnf,0.0055286884307861,0.075044,0.2823224067687988,0.2878510951995849,60.34839509519959,3sat_191.cnf,local_reopen_guarded,+ Local Boundary Correction,2,False,True,runs/analysis/full400_repeated_runtime/raw/local_reopen_guarded/repeat2.csv
104,2.0,1447379.0,1669615.0,81655880.0,59.9967,INDETERMINATE,104,0,data/test/3sat/400/3sat_192.cnf,0.0055286884307861,0.088759,0.2823224067687988,0.2878510951995849,60.37331009519959,3sat_192.cnf,local_reopen_guarded,+ Local Boundary Correction,2,False,True,runs/analysis/full400_repeated_runtime/raw/local_reopen_guarded/repeat2.csv
105,2.0,1383119.0,1578572.0,80083178.0,59.992,INDETERMINATE,105,0,data/test/3sat/400/3sat_193.cnf,0.0055286884307861,0.090774,0.2823224067687988,0.2878510951995849,60.37062509519959,3sat_193.cnf,local_reopen_guarded,+ Local Boundary Correction,2,False,True,runs/analysis/full400_repeated_runtime/raw/local_reopen_guarded/repeat2.csv
106,2.0,1365603.0,1550407.0,77832943.0,59.9637,INDETERMINATE,106,0,data/test/3sat/400/3sat_194.cnf,0.0055286884307861,0.089628,0.2823224067687988,0.2878510951995849,60.34117909519959,3sat_194.cnf,local_reopen_guarded,+ Local Boundary Correction,2,False,True,runs/analysis/full400_repeated_runtime/raw/local_reopen_guarded/repeat2.csv
107,2.0,1507881.0,1720591.0,87977454.0,59.9795,INDETERMINATE,107,0,data/test/3sat/400/3sat_195.cnf,0.0055286884307861,0.096456,0.2823224067687988,0.2878510951995849,60.36380709519959,3sat_195.cnf,local_reopen_guarded,+ Local Boundary Correction,2,False,True,runs/analysis/full400_repeated_runtime/raw/local_reopen_guarded/repeat2.csv
108,2.0,339864.0,392433.0,20520894.0,11.3721,SATISFIABLE,108,0,data/test/3sat/400/3sat_196.cnf,0.0055286884307861,0.089782,0.2823224067687988,0.2878510951995849,11.749733095199584,3sat_196.cnf,local_reopen_guarded,+ Local Boundary Correction,2,True,False,runs/analysis/full400_repeated_runtime/raw/local_reopen_guarded/repeat2.csv
109,2.0,1476485.0,1683470.0,82793415.0,59.9737,INDETERMINATE,109,0,data/test/3sat/400/3sat_197.cnf,0.0055286884307861,0.096106,0.2823224067687988,0.2878510951995849,60.35765709519959,3sat_197.cnf,local_reopen_guarded,+ Local Boundary Correction,2,False,True,runs/analysis/full400_repeated_runtime/raw/local_reopen_guarded/repeat2.csv
110,2.0,1499614.0,1725626.0,85730290.0,59.9688,INDETERMINATE,110,0,data/test/3sat/400/3sat_198.cnf,0.0050320625305175,0.096136,0.2906315326690674,0.2956635951995849,60.36059959519959,3sat_198.cnf,local_reopen_guarded,+ Local Boundary Correction,2,False,True,runs/analysis/full400_repeated_runtime/raw/local_reopen_guarded/repeat2.csv
111,2.0,1401780.0,1605916.0,78251999.0,59.9802,INDETERMINATE,111,0,data/test/3sat/400/3sat_199.cnf,0.0050320625305175,0.094779,0.2906315326690674,0.2956635951995849,60.37064259519959,3sat_199.cnf,local_reopen_guarded,+ Local Boundary Correction,2,False,True,runs/analysis/full400_repeated_runtime/raw/local_reopen_guarded/repeat2.csv
112,2.0,1427900.0,1630151.0,82940785.0,59.9642,INDETERMINATE,112,0,data/test/3sat/400/3sat_2.cnf,0.0050320625305175,0.106172,0.2906315326690674,0.2956635951995849,60.366035595199584,3sat_2.cnf,local_reopen_guarded,+ Local Boundary Correction,2,False,True,runs/analysis/full400_repeated_runtime/raw/local_reopen_guarded/repeat2.csv
113,2.0,361980.0,419239.0,21758927.0,12.625,SATISFIABLE,113,0,data/test/3sat/400/3sat_20.cnf,0.0050320625305175,0.101952,0.2906315326690674,0.2956635951995849,13.022615595199586,3sat_20.cnf,local_reopen_guarded,+ Local Boundary Correction,2,True,False,runs/analysis/full400_repeated_runtime/raw/local_reopen_guarded/repeat2.csv
114,2.0,1433976.0,1659950.0,83470969.0,59.9701,INDETERMINATE,114,0,data/test/3sat/400/3sat_21.cnf,0.0050320625305175,0.085502,0.2906315326690674,0.2956635951995849,60.35126559519959,3sat_21.cnf,local_reopen_guarded,+ Local Boundary Correction,2,False,True,runs/analysis/full400_repeated_runtime/raw/local_reopen_guarded/repeat2.csv
115,1.0,43107.0,50298.0,2657822.0,1.39089,SATISFIABLE,115,0,data/test/3sat/400/3sat_22.cnf,0.0050320625305175,0.104937,0.2906315326690674,0.2956635951995849,1.791490595199585,3sat_22.cnf,local_reopen_guarded,+ Local Boundary Correction,2,True,False,runs/analysis/full400_repeated_runtime/raw/local_reopen_guarded/repeat2.csv
116,2.0,1423778.0,1628693.0,79016217.0,59.9782,INDETERMINATE,116,0,data/test/3sat/400/3sat_23.cnf,0.0050320625305175,0.091366,0.2906315326690674,0.2956635951995849,60.36522959519959,3sat_23.cnf,local_reopen_guarded,+ Local Boundary Correction,2,False,True,runs/analysis/full400_repeated_runtime/raw/local_reopen_guarded/repeat2.csv
117,1.0,97677.0,112677.0,5872880.0,4.08911,SATISFIABLE,117,0,data/test/3sat/400/3sat_24.cnf,0.0050320625305175,0.093639,0.2906315326690674,0.2956635951995849,4.478412595199584,3sat_24.cnf,local_reopen_guarded,+ Local Boundary Correction,2,True,False,runs/analysis/full400_repeated_runtime/raw/local_reopen_guarded/repeat2.csv
118,1.0,41249.0,47888.0,2486997.0,1.16363,SATISFIABLE,118,0,data/test/3sat/400/3sat_25.cnf,0.0050320625305175,0.098047,0.2906315326690674,0.2956635951995849,1.557340595199585,3sat_25.cnf,local_reopen_guarded,+ Local Boundary Correction,2,True,False,runs/analysis/full400_repeated_runtime/raw/local_reopen_guarded/repeat2.csv
119,2.0,1374368.0,1568955.0,78777535.0,59.9793,INDETERMINATE,119,0,data/test/3sat/400/3sat_26.cnf,0.0050320625305175,0.102628,0.2906315326690674,0.2956635951995849,60.37759159519959,3sat_26.cnf,local_reopen_guarded,+ Local Boundary Correction,2,False,True,runs/analysis/full400_repeated_runtime/raw/local_reopen_guarded/repeat2.csv
120,1.0,9470.0,11447.0,605518.0,0.200666,SATISFIABLE,120,0,data/test/3sat/400/3sat_27.cnf,0.0049214363098144,0.0904619999999999,0.302168607711792,0.3070900440216064,0.5982180440216065,3sat_27.cnf,local_reopen_guarded,+ Local Boundary Correction,2,True,False,runs/analysis/full400_repeated_runtime/raw/local_reopen_guarded/repeat2.csv
121,2.0,1510501.0,1728882.0,85589140.0,59.995,INDETERMINATE,121,0,data/test/3sat/400/3sat_28.cnf,0.0049214363098144,0.0833889999999999,0.302168607711792,0.3070900440216064,60.3854790440216,3sat_28.cnf,local_reopen_guarded,+ Local Boundary Correction,2,False,True,runs/analysis/full400_repeated_runtime/raw/local_reopen_guarded/repeat2.csv
122,2.0,1519146.0,1731014.0,87364835.0,59.9724,INDETERMINATE,122,0,data/test/3sat/400/3sat_29.cnf,0.0049214363098144,0.093341,0.302168607711792,0.3070900440216064,60.37283104402161,3sat_29.cnf,local_reopen_guarded,+ Local Boundary Correction,2,False,True,runs/analysis/full400_repeated_runtime/raw/local_reopen_guarded/repeat2.csv
123,2.0,1505839.0,1726378.0,88640417.0,59.995,INDETERMINATE,123,0,data/test/3sat/400/3sat_3.cnf,0.0049214363098144,0.098805,0.302168607711792,0.3070900440216064,60.4008950440216,3sat_3.cnf,local_reopen_guarded,+ Local Boundary Correction,2,False,True,runs/analysis/full400_repeated_runtime/raw/local_reopen_guarded/repeat2.csv
124,2.0,1426397.0,1630648.0,81100845.0,59.9813,INDETERMINATE,124,0,data/test/3sat/400/3sat_30.cnf,0.0049214363098144,0.097812,0.302168607711792,0.3070900440216064,60.3862020440216,3sat_30.cnf,local_reopen_guarded,+ Local Boundary Correction,2,False,True,runs/analysis/full400_repeated_runtime/raw/local_reopen_guarded/repeat2.csv
125,2.0,1378308.0,1587929.0,77700560.0,59.9881,INDETERMINATE,125,0,data/test/3sat/400/3sat_31.cnf,0.0049214363098144,0.0894399999999999,0.302168607711792,0.3070900440216064,60.38463004402161,3sat_31.cnf,local_reopen_guarded,+ Local Boundary Correction,2,False,True,runs/analysis/full400_repeated_runtime/raw/local_reopen_guarded/repeat2.csv
126,2.0,1445181.0,1643910.0,81183575.0,59.9967,INDETERMINATE,126,0,data/test/3sat/400/3sat_32.cnf,0.0049214363098144,0.0902689999999999,0.302168607711792,0.3070900440216064,60.3940590440216,3sat_32.cnf,local_reopen_guarded,+ Local Boundary Correction,2,False,True,runs/analysis/full400_repeated_runtime/raw/local_reopen_guarded/repeat2.csv
127,2.0,1428370.0,1638973.0,81427137.0,59.9925,INDETERMINATE,127,0,data/test/3sat/400/3sat_33.cnf,0.0049214363098144,0.091845,0.302168607711792,0.3070900440216064,60.391435044021605,3sat_33.cnf,local_reopen_guarded,+ Local Boundary Correction,2,False,True,runs/analysis/full400_repeated_runtime/raw/local_reopen_guarded/repeat2.csv
128,2.0,1594452.0,1831485.0,91243871.0,59.9752,INDETERMINATE,128,0,data/test/3sat/400/3sat_34.cnf,0.0049214363098144,0.098608,0.302168607711792,0.3070900440216064,60.380898044021606,3sat_34.cnf,local_reopen_guarded,+ Local Boundary Correction,2,False,True,runs/analysis/full400_repeated_runtime/raw/local_reopen_guarded/repeat2.csv
129,2.0,1521477.0,1747130.0,83783487.0,59.977,INDETERMINATE,129,0,data/test/3sat/400/3sat_35.cnf,0.0049214363098144,0.1020889999999999,0.302168607711792,0.3070900440216064,60.3861790440216,3sat_35.cnf,local_reopen_guarded,+ Local Boundary Correction,2,False,True,runs/analysis/full400_repeated_runtime/raw/local_reopen_guarded/repeat2.csv
130,2.0,1478740.0,1692240.0,83074918.0,59.998,INDETERMINATE,130,0,data/test/3sat/400/3sat_36.cnf,0.004960298538208,0.088558,0.2748315334320068,0.2797918319702148,60.36634983197021,3sat_36.cnf,local_reopen_guarded,+ Local Boundary Correction,2,False,True,runs/analysis/full400_repeated_runtime/raw/local_reopen_guarded/repeat2.csv
131,2.0,1487592.0,1688420.0,83684473.0,59.9745,INDETERMINATE,131,0,data/test/3sat/400/3sat_37.cnf,0.004960298538208,0.092139,0.2748315334320068,0.2797918319702148,60.34643083197022,3sat_37.cnf,local_reopen_guarded,+ Local Boundary Correction,2,False,True,runs/analysis/full400_repeated_runtime/raw/local_reopen_guarded/repeat2.csv
132,2.0,1484002.0,1694649.0,84730564.0,59.9747,INDETERMINATE,132,0,data/test/3sat/400/3sat_38.cnf,0.004960298538208,0.107688,0.2748315334320068,0.2797918319702148,60.36217983197022,3sat_38.cnf,local_reopen_guarded,+ Local Boundary Correction,2,False,True,runs/analysis/full400_repeated_runtime/raw/local_reopen_guarded/repeat2.csv
133,2.0,1477335.0,1699814.0,82670620.0,59.9795,INDETERMINATE,133,0,data/test/3sat/400/3sat_39.cnf,0.004960298538208,0.0976829999999999,0.2748315334320068,0.2797918319702148,60.35697483197022,3sat_39.cnf,local_reopen_guarded,+ Local Boundary Correction,2,False,True,runs/analysis/full400_repeated_runtime/raw/local_reopen_guarded/repeat2.csv
134,2.0,1501559.0,1713840.0,84359416.0,59.9605,INDETERMINATE,134,0,data/test/3sat/400/3sat_4.cnf,0.004960298538208,0.1022619999999999,0.2748315334320068,0.2797918319702148,60.34255383197022,3sat_4.cnf,local_reopen_guarded,+ Local Boundary Correction,2,False,True,runs/analysis/full400_repeated_runtime/raw/local_reopen_guarded/repeat2.csv
135,2.0,1532756.0,1751409.0,87219058.0,59.982,INDETERMINATE,135,0,data/test/3sat/400/3sat_40.cnf,0.004960298538208,0.098504,0.2748315334320068,0.2797918319702148,60.36029583197021,3sat_40.cnf,local_reopen_guarded,+ Local Boundary Correction,2,False,True,runs/analysis/full400_repeated_runtime/raw/local_reopen_guarded/repeat2.csv
136,2.0,1355006.0,1538618.0,75434393.0,59.9935,INDETERMINATE,136,0,data/test/3sat/400/3sat_41.cnf,0.004960298538208,0.095142,0.2748315334320068,0.2797918319702148,60.368433831970215,3sat_41.cnf,local_reopen_guarded,+ Local Boundary Correction,2,False,True,runs/analysis/full400_repeated_runtime/raw/local_reopen_guarded/repeat2.csv
137,2.0,1593823.0,1810765.0,86500458.0,59.9796,INDETERMINATE,137,0,data/test/3sat/400/3sat_42.cnf,0.004960298538208,0.093281,0.2748315334320068,0.2797918319702148,60.35267283197021,3sat_42.cnf,local_reopen_guarded,+ Local Boundary Correction,2,False,True,runs/analysis/full400_repeated_runtime/raw/local_reopen_guarded/repeat2.csv
138,2.0,1420724.0,1615775.0,81145396.0,59.9686,INDETERMINATE,138,0,data/test/3sat/400/3sat_43.cnf,0.004960298538208,0.094167,0.2748315334320068,0.2797918319702148,60.342558831970216,3sat_43.cnf,local_reopen_guarded,+ Local Boundary Correction,2,False,True,runs/analysis/full400_repeated_runtime/raw/local_reopen_guarded/repeat2.csv
139,2.0,1433669.0,1641819.0,82833614.0,59.9794,INDETERMINATE,139,0,data/test/3sat/400/3sat_44.cnf,0.004960298538208,0.079022,0.2748315334320068,0.2797918319702148,60.338213831970215,3sat_44.cnf,local_reopen_guarded,+ Local Boundary Correction,2,False,True,runs/analysis/full400_repeated_runtime/raw/local_reopen_guarded/repeat2.csv
140,2.0,1512935.0,1705668.0,84453238.0,59.9684,INDETERMINATE,140,0,data/test/3sat/400/3sat_45.cnf,0.005284309387207,0.105387,0.2843165397644043,0.2896008491516113,60.363387849151614,3sat_45.cnf,local_reopen_guarded,+ Local Boundary Correction,2,False,True,runs/analysis/full400_repeated_runtime/raw/local_reopen_guarded/repeat2.csv
141,1.0,9772.0,11592.0,590576.0,0.216786,SATISFIABLE,141,0,data/test/3sat/400/3sat_46.cnf,0.005284309387207,0.0989579999999999,0.2843165397644043,0.2896008491516113,0.6053448491516114,3sat_46.cnf,local_reopen_guarded,+ Local Boundary Correction,2,True,False,runs/analysis/full400_repeated_runtime/raw/local_reopen_guarded/repeat2.csv
142,1.0,63966.0,73444.0,4017900.0,2.57917,SATISFIABLE,142,0,data/test/3sat/400/3sat_47.cnf,0.005284309387207,0.102405,0.2843165397644043,0.2896008491516113,2.971175849151612,3sat_47.cnf,local_reopen_guarded,+ Local Boundary Correction,2,True,False,runs/analysis/full400_repeated_runtime/raw/local_reopen_guarded/repeat2.csv
143,2.0,1487073.0,1701010.0,82968393.0,59.9931,INDETERMINATE,143,0,data/test/3sat/400/3sat_48.cnf,0.005284309387207,0.086551,0.2843165397644043,0.2896008491516113,60.36925184915161,3sat_48.cnf,local_reopen_guarded,+ Local Boundary Correction,2,False,True,runs/analysis/full400_repeated_runtime/raw/local_reopen_guarded/repeat2.csv
144,2.0,1410448.0,1616795.0,81553813.0,59.9921,INDETERMINATE,144,0,data/test/3sat/400/3sat_49.cnf,0.005284309387207,0.095438,0.2843165397644043,0.2896008491516113,60.37713884915161,3sat_49.cnf,local_reopen_guarded,+ Local Boundary Correction,2,False,True,runs/analysis/full400_repeated_runtime/raw/local_reopen_guarded/repeat2.csv
145,2.0,1400135.0,1604008.0,79215544.0,59.988,INDETERMINATE,145,0,data/test/3sat/400/3sat_5.cnf,0.005284309387207,0.108307,0.2843165397644043,0.2896008491516113,60.385907849151614,3sat_5.cnf,local_reopen_guarded,+ Local Boundary Correction,2,False,True,runs/analysis/full400_repeated_runtime/raw/local_reopen_guarded/repeat2.csv
146,2.0,1415916.0,1620080.0,81329112.0,59.9807,INDETERMINATE,146,0,data/test/3sat/400/3sat_50.cnf,0.005284309387207,0.093546,0.2843165397644043,0.2896008491516113,60.363846849151614,3sat_50.cnf,local_reopen_guarded,+ Local Boundary Correction,2,False,True,runs/analysis/full400_repeated_runtime/raw/local_reopen_guarded/repeat2.csv
147,2.0,1472827.0,1684692.0,83787312.0,59.9916,INDETERMINATE,147,0,data/test/3sat/400/3sat_51.cnf,0.005284309387207,0.088706,0.2843165397644043,0.2896008491516113,60.36990684915161,3sat_51.cnf,local_reopen_guarded,+ Local Boundary Correction,2,False,True,runs/analysis/full400_repeated_runtime/raw/local_reopen_guarded/repeat2.csv
148,2.0,1561864.0,1803311.0,87946633.0,59.98,INDETERMINATE,148,0,data/test/3sat/400/3sat_52.cnf,0.005284309387207,0.084487,0.2843165397644043,0.2896008491516113,60.35408784915161,3sat_52.cnf,local_reopen_guarded,+ Local Boundary Correction,2,False,True,runs/analysis/full400_repeated_runtime/raw/local_reopen_guarded/repeat2.csv
149,2.0,1432366.0,1633364.0,77792494.0,59.9654,INDETERMINATE,149,0,data/test/3sat/400/3sat_53.cnf,0.005284309387207,0.100513,0.2843165397644043,0.2896008491516113,60.35551384915161,3sat_53.cnf,local_reopen_guarded,+ Local Boundary Correction,2,False,True,runs/analysis/full400_repeated_runtime/raw/local_reopen_guarded/repeat2.csv
150,2.0,612353.0,699215.0,35959808.0,21.6126,SATISFIABLE,150,0,data/test/3sat/400/3sat_54.cnf,0.0052137374877929,0.1063379999999999,0.3210711479187011,0.3262848854064941,22.045222885406496,3sat_54.cnf,local_reopen_guarded,+ Local Boundary Correction,2,True,False,runs/analysis/full400_repeated_runtime/raw/local_reopen_guarded/repeat2.csv
151,2.0,1526529.0,1741668.0,86091662.0,59.977,INDETERMINATE,151,0,data/test/3sat/400/3sat_55.cnf,0.0052137374877929,0.081545,0.3210711479187011,0.3262848854064941,60.38482988540649,3sat_55.cnf,local_reopen_guarded,+ Local Boundary Correction,2,False,True,runs/analysis/full400_repeated_runtime/raw/local_reopen_guarded/repeat2.csv
152,2.0,1408408.0,1590562.0,80550031.0,59.9822,INDETERMINATE,152,0,data/test/3sat/400/3sat_56.cnf,0.0052137374877929,0.095121,0.3210711479187011,0.3262848854064941,60.40360588540649,3sat_56.cnf,local_reopen_guarded,+ Local Boundary Correction,2,False,True,runs/analysis/full400_repeated_runtime/raw/local_reopen_guarded/repeat2.csv
153,2.0,1461116.0,1660975.0,81767722.0,59.9846,INDETERMINATE,153,0,data/test/3sat/400/3sat_57.cnf,0.0052137374877929,0.09711,0.3210711479187011,0.3262848854064941,60.407994885406495,3sat_57.cnf,local_reopen_guarded,+ Local Boundary Correction,2,False,True,runs/analysis/full400_repeated_runtime/raw/local_reopen_guarded/repeat2.csv
154,2.0,1535457.0,1751760.0,91042263.0,59.9813,INDETERMINATE,154,0,data/test/3sat/400/3sat_58.cnf,0.0052137374877929,0.099705,0.3210711479187011,0.3262848854064941,60.40728988540649,3sat_58.cnf,local_reopen_guarded,+ Local Boundary Correction,2,False,True,runs/analysis/full400_repeated_runtime/raw/local_reopen_guarded/repeat2.csv
155,2.0,1473439.0,1687916.0,82986994.0,59.9609,INDETERMINATE,155,0,data/test/3sat/400/3sat_59.cnf,0.0052137374877929,0.084338,0.3210711479187011,0.3262848854064941,60.3715228854065,3sat_59.cnf,local_reopen_guarded,+ Local Boundary Correction,2,False,True,runs/analysis/full400_repeated_runtime/raw/local_reopen_guarded/repeat2.csv
156,2.0,1468913.0,1665975.0,82121035.0,59.9973,INDETERMINATE,156,0,data/test/3sat/400/3sat_6.cnf,0.0052137374877929,0.101108,0.3210711479187011,0.3262848854064941,60.4246928854065,3sat_6.cnf,local_reopen_guarded,+ Local Boundary Correction,2,False,True,runs/analysis/full400_repeated_runtime/raw/local_reopen_guarded/repeat2.csv
157,2.0,1379062.0,1569899.0,79325606.0,59.9868,INDETERMINATE,157,0,data/test/3sat/400/3sat_60.cnf,0.0052137374877929,0.0888829999999999,0.3210711479187011,0.3262848854064941,60.4019678854065,3sat_60.cnf,local_reopen_guarded,+ Local Boundary Correction,2,False,True,runs/analysis/full400_repeated_runtime/raw/local_reopen_guarded/repeat2.csv
158,2.0,1382169.0,1562413.0,77773926.0,59.9815,INDETERMINATE,158,0,data/test/3sat/400/3sat_61.cnf,0.0052137374877929,0.085654,0.3210711479187011,0.3262848854064941,60.39343888540649,3sat_61.cnf,local_reopen_guarded,+ Local Boundary Correction,2,False,True,runs/analysis/full400_repeated_runtime/raw/local_reopen_guarded/repeat2.csv
159,2.0,1492070.0,1692180.0,86041726.0,59.9806,INDETERMINATE,159,0,data/test/3sat/400/3sat_62.cnf,0.0052137374877929,0.088395,0.3210711479187011,0.3262848854064941,60.395279885406495,3sat_62.cnf,local_reopen_guarded,+ Local Boundary Correction,2,False,True,runs/analysis/full400_repeated_runtime/raw/local_reopen_guarded/repeat2.csv
160,2.0,138136.0,157894.0,8130882.0,5.23439,SATISFIABLE,160,0,data/test/3sat/400/3sat_63.cnf,0.0052127838134765,0.098108,0.3482251167297363,0.3534379005432129,5.685935900543213,3sat_63.cnf,local_reopen_guarded,+ Local Boundary Correction,2,True,False,runs/analysis/full400_repeated_runtime/raw/local_reopen_guarded/repeat2.csv
161,2.0,1413710.0,1599544.0,78963139.0,59.9527,INDETERMINATE,161,0,data/test/3sat/400/3sat_64.cnf,0.0052127838134765,0.0839689999999999,0.3482251167297363,0.3534379005432129,60.390106900543216,3sat_64.cnf,local_reopen_guarded,+ Local Boundary Correction,2,False,True,runs/analysis/full400_repeated_runtime/raw/local_reopen_guarded/repeat2.csv
162,1.0,224.0,339.0,14565.0,0.003696,SATISFIABLE,162,0,data/test/3sat/400/3sat_65.cnf,0.0052127838134765,0.043846,0.3482251167297363,0.3534379005432129,0.4009799005432128,3sat_65.cnf,local_reopen_guarded,+ Local Boundary Correction,2,True,False,runs/analysis/full400_repeated_runtime/raw/local_reopen_guarded/repeat2.csv
163,2.0,1360216.0,1561213.0,77813803.0,59.958,INDETERMINATE,163,0,data/test/3sat/400/3sat_66.cnf,0.0052127838134765,0.095506,0.3482251167297363,0.3534379005432129,60.40694390054321,3sat_66.cnf,local_reopen_guarded,+ Local Boundary Correction,2,False,True,runs/analysis/full400_repeated_runtime/raw/local_reopen_guarded/repeat2.csv
164,2.0,1494208.0,1708145.0,86131617.0,59.9804,INDETERMINATE,164,0,data/test/3sat/400/3sat_67.cnf,0.0052127838134765,0.0946849999999999,0.3482251167297363,0.3534379005432129,60.428522900543214,3sat_67.cnf,local_reopen_guarded,+ Local Boundary Correction,2,False,True,runs/analysis/full400_repeated_runtime/raw/local_reopen_guarded/repeat2.csv
165,2.0,1364542.0,1561511.0,76763998.0,59.9945,INDETERMINATE,165,0,data/test/3sat/400/3sat_68.cnf,0.0052127838134765,0.094263,0.3482251167297363,0.3534379005432129,60.44220090054321,3sat_68.cnf,local_reopen_guarded,+ Local Boundary Correction,2,False,True,runs/analysis/full400_repeated_runtime/raw/local_reopen_guarded/repeat2.csv
166,2.0,1441686.0,1653070.0,85907029.0,59.9717,INDETERMINATE,166,0,data/test/3sat/400/3sat_69.cnf,0.0052127838134765,0.097156,0.3482251167297363,0.3534379005432129,60.42229390054321,3sat_69.cnf,local_reopen_guarded,+ Local Boundary Correction,2,False,True,runs/analysis/full400_repeated_runtime/raw/local_reopen_guarded/repeat2.csv
167,2.0,1473171.0,1662618.0,81583081.0,59.9837,INDETERMINATE,167,0,data/test/3sat/400/3sat_7.cnf,0.0052127838134765,0.074098,0.3482251167297363,0.3534379005432129,60.41123590054321,3sat_7.cnf,local_reopen_guarded,+ Local Boundary Correction,2,False,True,runs/analysis/full400_repeated_runtime/raw/local_reopen_guarded/repeat2.csv
168,1.0,2512.0,3124.0,152890.0,0.040411,SATISFIABLE,168,0,data/test/3sat/400/3sat_70.cnf,0.0052127838134765,0.095131,0.3482251167297363,0.3534379005432129,0.4889799005432129,3sat_70.cnf,local_reopen_guarded,+ Local Boundary Correction,2,True,False,runs/analysis/full400_repeated_runtime/raw/local_reopen_guarded/repeat2.csv
169,2.0,1459012.0,1670036.0,83153305.0,59.9682,INDETERMINATE,169,0,data/test/3sat/400/3sat_71.cnf,0.0052127838134765,0.083648,0.3482251167297363,0.3534379005432129,60.40528590054321,3sat_71.cnf,local_reopen_guarded,+ Local Boundary Correction,2,False,True,runs/analysis/full400_repeated_runtime/raw/local_reopen_guarded/repeat2.csv
170,2.0,1476686.0,1689829.0,83071871.0,59.985,INDETERMINATE,170,0,data/test/3sat/400/3sat_72.cnf,0.0049617290496826,0.095771,0.3010373115539551,0.3059990406036377,60.38677004060364,3sat_72.cnf,local_reopen_guarded,+ Local Boundary Correction,2,False,True,runs/analysis/full400_repeated_runtime/raw/local_reopen_guarded/repeat2.csv
171,2.0,1455028.0,1658490.0,83347174.0,59.9848,INDETERMINATE,171,0,data/test/3sat/400/3sat_73.cnf,0.0049617290496826,0.092766,0.3010373115539551,0.3059990406036377,60.38356504060364,3sat_73.cnf,local_reopen_guarded,+ Local Boundary Correction,2,False,True,runs/analysis/full400_repeated_runtime/raw/local_reopen_guarded/repeat2.csv
172,2.0,1401000.0,1613232.0,78899955.0,59.975,INDETERMINATE,172,0,data/test/3sat/400/3sat_74.cnf,0.0049617290496826,0.1012069999999999,0.3010373115539551,0.3059990406036377,60.38220604060364,3sat_74.cnf,local_reopen_guarded,+ Local Boundary Correction,2,False,True,runs/analysis/full400_repeated_runtime/raw/local_reopen_guarded/repeat2.csv
173,2.0,1392682.0,1589093.0,76320131.0,59.9935,INDETERMINATE,173,0,data/test/3sat/400/3sat_75.cnf,0.0049617290496826,0.082607,0.3010373115539551,0.3059990406036377,60.38210604060364,3sat_75.cnf,local_reopen_guarded,+ Local Boundary Correction,2,False,True,runs/analysis/full400_repeated_runtime/raw/local_reopen_guarded/repeat2.csv
174,2.0,1463687.0,1665041.0,85366795.0,59.9693,INDETERMINATE,174,0,data/test/3sat/400/3sat_76.cnf,0.0049617290496826,0.086785,0.3010373115539551,0.3059990406036377,60.362084040603634,3sat_76.cnf,local_reopen_guarded,+ Local Boundary Correction,2,False,True,runs/analysis/full400_repeated_runtime/raw/local_reopen_guarded/repeat2.csv
175,2.0,1467039.0,1673547.0,82376164.0,59.971,INDETERMINATE,175,0,data/test/3sat/400/3sat_77.cnf,0.0049617290496826,0.095189,0.3010373115539551,0.3059990406036377,60.37218804060363,3sat_77.cnf,local_reopen_guarded,+ Local Boundary Correction,2,False,True,runs/analysis/full400_repeated_runtime/raw/local_reopen_guarded/repeat2.csv
176,2.0,1467054.0,1671234.0,80497207.0,59.9806,INDETERMINATE,176,0,data/test/3sat/400/3sat_78.cnf,0.0049617290496826,0.085697,0.3010373115539551,0.3059990406036377,60.37229604060364,3sat_78.cnf,local_reopen_guarded,+ Local Boundary Correction,2,False,True,runs/analysis/full400_repeated_runtime/raw/local_reopen_guarded/repeat2.csv
177,2.0,1434942.0,1640530.0,78819549.0,59.9714,INDETERMINATE,177,0,data/test/3sat/400/3sat_79.cnf,0.0049617290496826,0.082506,0.3010373115539551,0.3059990406036377,60.35990504060364,3sat_79.cnf,local_reopen_guarded,+ Local Boundary Correction,2,False,True,runs/analysis/full400_repeated_runtime/raw/local_reopen_guarded/repeat2.csv
178,2.0,1484055.0,1686445.0,85732579.0,59.9766,INDETERMINATE,178,0,data/test/3sat/400/3sat_8.cnf,0.0049617290496826,0.097096,0.3010373115539551,0.3059990406036377,60.37969504060364,3sat_8.cnf,local_reopen_guarded,+ Local Boundary Correction,2,False,True,runs/analysis/full400_repeated_runtime/raw/local_reopen_guarded/repeat2.csv
179,2.0,1508184.0,1737710.0,87037754.0,59.9682,INDETERMINATE,179,0,data/test/3sat/400/3sat_80.cnf,0.0049617290496826,0.085661,0.3010373115539551,0.3059990406036377,60.35986004060364,3sat_80.cnf,local_reopen_guarded,+ Local Boundary Correction,2,False,True,runs/analysis/full400_repeated_runtime/raw/local_reopen_guarded/repeat2.csv
180,2.0,1454064.0,1644847.0,81200752.0,59.9818,INDETERMINATE,180,0,data/test/3sat/400/3sat_81.cnf,0.0052790641784667,0.077895,0.2950868606567383,0.3003659248352051,60.3600609248352,3sat_81.cnf,local_reopen_guarded,+ Local Boundary Correction,2,False,True,runs/analysis/full400_repeated_runtime/raw/local_reopen_guarded/repeat2.csv
181,2.0,723843.0,829611.0,42069078.0,25.0131,SATISFIABLE,181,0,data/test/3sat/400/3sat_82.cnf,0.0052790641784667,0.107273,0.2950868606567383,0.3003659248352051,25.42073892483521,3sat_82.cnf,local_reopen_guarded,+ Local Boundary Correction,2,True,False,runs/analysis/full400_repeated_runtime/raw/local_reopen_guarded/repeat2.csv
182,2.0,1464640.0,1670088.0,81947478.0,59.9545,INDETERMINATE,182,0,data/test/3sat/400/3sat_83.cnf,0.0052790641784667,0.093678,0.2950868606567383,0.3003659248352051,60.348543924835205,3sat_83.cnf,local_reopen_guarded,+ Local Boundary Correction,2,False,True,runs/analysis/full400_repeated_runtime/raw/local_reopen_guarded/repeat2.csv
183,2.0,1337828.0,1531018.0,76534827.0,59.9851,INDETERMINATE,183,0,data/test/3sat/400/3sat_84.cnf,0.0052790641784667,0.090101,0.2950868606567383,0.3003659248352051,60.375566924835205,3sat_84.cnf,local_reopen_guarded,+ Local Boundary Correction,2,False,True,runs/analysis/full400_repeated_runtime/raw/local_reopen_guarded/repeat2.csv
184,1.0,27518.0,32278.0,1663386.0,0.802682,SATISFIABLE,184,0,data/test/3sat/400/3sat_85.cnf,0.0052790641784667,0.081819,0.2950868606567383,0.3003659248352051,1.184866924835205,3sat_85.cnf,local_reopen_guarded,+ Local Boundary Correction,2,True,False,runs/analysis/full400_repeated_runtime/raw/local_reopen_guarded/repeat2.csv
185,1.0,91912.0,107188.0,5690281.0,3.91192,SATISFIABLE,185,0,data/test/3sat/400/3sat_86.cnf,0.0052790641784667,0.085878,0.2950868606567383,0.3003659248352051,4.298163924835205,3sat_86.cnf,local_reopen_guarded,+ Local Boundary Correction,2,True,False,runs/analysis/full400_repeated_runtime/raw/local_reopen_guarded/repeat2.csv
186,2.0,1364472.0,1558880.0,77817424.0,59.9854,INDETERMINATE,186,0,data/test/3sat/400/3sat_87.cnf,0.0052790641784667,0.0896609999999999,0.2950868606567383,0.3003659248352051,60.3754269248352,3sat_87.cnf,local_reopen_guarded,+ Local Boundary Correction,2,False,True,runs/analysis/full400_repeated_runtime/raw/local_reopen_guarded/repeat2.csv
187,1.0,10969.0,13071.0,671709.0,0.230733,SATISFIABLE,187,0,data/test/3sat/400/3sat_88.cnf,0.0052790641784667,0.087697,0.2950868606567383,0.3003659248352051,0.6187959248352051,3sat_88.cnf,local_reopen_guarded,+ Local Boundary Correction,2,True,False,runs/analysis/full400_repeated_runtime/raw/local_reopen_guarded/repeat2.csv
188,1.0,8641.0,10334.0,538222.0,0.178899,SATISFIABLE,188,0,data/test/3sat/400/3sat_89.cnf,0.0052790641784667,0.0991749999999999,0.2950868606567383,0.3003659248352051,0.578439924835205,3sat_89.cnf,local_reopen_guarded,+ Local Boundary Correction,2,True,False,runs/analysis/full400_repeated_runtime/raw/local_reopen_guarded/repeat2.csv
189,2.0,1512279.0,1722290.0,86977701.0,59.9834,INDETERMINATE,189,0,data/test/3sat/400/3sat_9.cnf,0.0052790641784667,0.096815,0.2950868606567383,0.3003659248352051,60.38058092483521,3sat_9.cnf,local_reopen_guarded,+ Local Boundary Correction,2,False,True,runs/analysis/full400_repeated_runtime/raw/local_reopen_guarded/repeat2.csv
190,2.0,1477165.0,1695362.0,86497674.0,59.9773,INDETERMINATE,190,0,data/test/3sat/400/3sat_90.cnf,0.004714012145996,0.098814,0.2959957122802734,0.3007097244262695,60.376823724426266,3sat_90.cnf,local_reopen_guarded,+ Local Boundary Correction,2,False,True,runs/analysis/full400_repeated_runtime/raw/local_reopen_guarded/repeat2.csv
191,1.0,41.0,125.0,3065.0,0.002307,SATISFIABLE,191,0,data/test/3sat/400/3sat_91.cnf,0.004714012145996,0.097615,0.2959957122802734,0.3007097244262695,0.4006317244262695,3sat_91.cnf,local_reopen_guarded,+ Local Boundary Correction,2,True,False,runs/analysis/full400_repeated_runtime/raw/local_reopen_guarded/repeat2.csv
192,1.0,84619.0,96791.0,5278901.0,3.52135,SATISFIABLE,192,0,data/test/3sat/400/3sat_92.cnf,0.004714012145996,0.0906339999999999,0.2959957122802734,0.3007097244262695,3.9126937244262696,3sat_92.cnf,local_reopen_guarded,+ Local Boundary Correction,2,True,False,runs/analysis/full400_repeated_runtime/raw/local_reopen_guarded/repeat2.csv
193,2.0,621792.0,720709.0,37565651.0,22.3069,SATISFIABLE,193,0,data/test/3sat/400/3sat_93.cnf,0.004714012145996,0.111277,0.2959957122802734,0.3007097244262695,22.71888672442627,3sat_93.cnf,local_reopen_guarded,+ Local Boundary Correction,2,True,False,runs/analysis/full400_repeated_runtime/raw/local_reopen_guarded/repeat2.csv
194,1.0,53988.0,62131.0,3367378.0,1.73539,SATISFIABLE,194,0,data/test/3sat/400/3sat_94.cnf,0.004714012145996,0.0974269999999999,0.2959957122802734,0.3007097244262695,2.133526724426269,3sat_94.cnf,local_reopen_guarded,+ Local Boundary Correction,2,True,False,runs/analysis/full400_repeated_runtime/raw/local_reopen_guarded/repeat2.csv
195,2.0,1435692.0,1634838.0,80408644.0,59.9698,INDETERMINATE,195,0,data/test/3sat/400/3sat_95.cnf,0.004714012145996,0.092526,0.2959957122802734,0.3007097244262695,60.36303572442627,3sat_95.cnf,local_reopen_guarded,+ Local Boundary Correction,2,False,True,runs/analysis/full400_repeated_runtime/raw/local_reopen_guarded/repeat2.csv
196,1.0,3109.0,3849.0,199282.0,0.062909,SATISFIABLE,196,0,data/test/3sat/400/3sat_96.cnf,0.004714012145996,0.099441,0.2959957122802734,0.3007097244262695,0.4630597244262695,3sat_96.cnf,local_reopen_guarded,+ Local Boundary Correction,2,True,False,runs/analysis/full400_repeated_runtime/raw/local_reopen_guarded/repeat2.csv
197,2.0,425291.0,491074.0,25526527.0,14.3515,SATISFIABLE,197,0,data/test/3sat/400/3sat_97.cnf,0.004714012145996,0.1007899999999999,0.2959957122802734,0.3007097244262695,14.75299972442627,3sat_97.cnf,local_reopen_guarded,+ Local Boundary Correction,2,True,False,runs/analysis/full400_repeated_runtime/raw/local_reopen_guarded/repeat2.csv
198,2.0,1504123.0,1704381.0,84755186.0,59.9863,INDETERMINATE,198,0,data/test/3sat/400/3sat_98.cnf,0.004714012145996,0.087448,0.2959957122802734,0.3007097244262695,60.37445772442627,3sat_98.cnf,local_reopen_guarded,+ Local Boundary Correction,2,False,True,runs/analysis/full400_repeated_runtime/raw/local_reopen_guarded/repeat2.csv
199,2.0,1491641.0,1702471.0,82312880.0,59.9667,INDETERMINATE,199,0,data/test/3sat/400/3sat_99.cnf,0.004714012145996,0.094468,0.2959957122802734,0.3007097244262695,60.36187772442627,3sat_99.cnf,local_reopen_guarded,+ Local Boundary Correction,2,False,True,runs/analysis/full400_repeated_runtime/raw/local_reopen_guarded/repeat2.csv
