file_key,one_shot_solved_seeds,one_shot_solved,one_shot_time_mean,one_shot_time_std,one_shot_result_values,online_solved_seeds,online_solved,online_time_mean,online_time_std,online_result_values,old_compact_solved_seeds,old_compact_solved,old_compact_time_mean,old_compact_time_std,old_compact_result_values,local_correction_solved_seeds,local_correction_solved,local_correction_time_mean,local_correction_time_std,local_correction_result_values,pattern,pattern_label,stable_across_seeds_all_methods,old_minus_online_time_mean,local_minus_online_time_mean,local_minus_old_time_mean,cadical_result,cadical_solved,cadical_time,cadical_wall_time,external_timeout_x,returncode_x,file,local_stage1_solved,Result,stage2_solved,stage2_time,wall_time,external_timeout_y,returncode_y,stage2_run,portfolio_solved,portfolio_time,mode,first_cap,second_cap,portfolio_only_vs_cadical,cadical_only_vs_portfolio
3sat_0.cnf,0,False,60.28425401535034,0.0107171860140395,INDETERMINATE,0,False,60.44960028707377,0.032037751638097,INDETERMINATE,0,False,60.38791285391236,0.0263115357926318,INDETERMINATE,0,False,60.42343984547424,0.0531885543173046,INDETERMINATE,0000,p0000,True,-0.0616874331614099,-0.0261604415995293,0.0355269915618805,UNKNOWN,False,60.0,60.01657090662047,False,0,/home/sunshixin/chenchao/my_rlaf/data/test/3sat/400/3sat_0.cnf,False,UNKNOWN,False,55.0,55.008792356122285,False,0.0,True,False,60.0,full,5.0,55.0,False,False
3sat_1.cnf,3,True,3.051657348683675,0.126435157197926,SATISFIABLE,3,True,3.2917032870737715,0.0510024490156848,SATISFIABLE,3,True,3.26375352057902,0.0521286791148794,SATISFIABLE,3,True,3.2754621788075764,0.0337903862816932,SATISFIABLE,1111,p1111,True,-0.0279497664947516,-0.016241108266195,0.0117086582285566,SATISFIABLE,True,5.248078817967325,5.248078817967325,False,10,/home/sunshixin/chenchao/my_rlaf/data/test/3sat/400/3sat_1.cnf,True,,False,55.0,,,,False,True,3.2754621788075764,full,5.0,55.0,False,False
3sat_10.cnf,0,False,60.28458734868368,0.0116939130179873,INDETERMINATE,0,False,60.44868028707378,0.0184271144972882,INDETERMINATE,0,False,60.39509718724569,0.0128100072414928,INDETERMINATE,0,False,60.40621217880758,0.0441281892691093,INDETERMINATE,0000,p0000,True,-0.0535830998280886,-0.042468108266199,0.0111149915618895,SATISFIABLE,True,0.6102093798108399,0.6102093798108399,False,10,/home/sunshixin/chenchao/my_rlaf/data/test/3sat/400/3sat_10.cnf,False,SATISFIABLE,True,0.499820414930582,0.499820414930582,False,10.0,True,True,5.499820414930582,full,5.0,55.0,False,False
3sat_100.cnf,3,True,0.3787433486836751,0.0082202213283809,SATISFIABLE,3,True,0.5560572870737711,0.0324937867861092,SATISFIABLE,3,True,0.4988178539123535,0.0275649514179628,SATISFIABLE,3,True,0.5082198454742431,0.0459037675750766,SATISFIABLE,1111,p1111,True,-0.0572394331614175,-0.0478374415995279,0.0094019915618895,SATISFIABLE,True,1.4388732258230448,1.4388732258230448,False,10,/home/sunshixin/chenchao/my_rlaf/data/test/3sat/400/3sat_100.cnf,True,,False,55.0,,,,False,True,0.5082198454742431,full,5.0,55.0,False,False
3sat_101.cnf,0,False,60.28878734868368,0.0046135076396831,INDETERMINATE,0,False,60.4466856204071,0.0247382266691689,INDETERMINATE,0,False,60.39612152057902,0.0299356663937022,INDETERMINATE,0,False,60.41664851214091,0.0477259227008053,INDETERMINATE,0000,p0000,True,-0.0505640998280796,-0.0300371082661925,0.020526991561887,UNKNOWN,False,60.0,60.00882955500856,False,0,/home/sunshixin/chenchao/my_rlaf/data/test/3sat/400/3sat_101.cnf,False,UNKNOWN,False,55.0,55.00838185613975,False,0.0,True,False,60.0,full,5.0,55.0,False,False
3sat_102.cnf,0,False,60.28662068201701,0.0069507124390036,INDETERMINATE,0,False,60.456811287073776,0.0237501880471524,INDETERMINATE,0,False,60.40376285391236,0.0295127977096069,INDETERMINATE,0,False,60.41138817880758,0.0533089196354981,INDETERMINATE,0000,p0000,True,-0.0530484331614218,-0.0454231082661991,0.0076253248952227,UNKNOWN,False,60.0,60.00923928478733,False,0,/home/sunshixin/chenchao/my_rlaf/data/test/3sat/400/3sat_102.cnf,False,UNKNOWN,False,55.0,55.00774881290272,False,0.0,True,False,60.0,full,5.0,55.0,False,False
3sat_103.cnf,0,False,60.29068734868368,0.0089608801802217,INDETERMINATE,0,False,60.46130395374044,0.0193034762024229,INDETERMINATE,0,False,60.41140618724569,0.0202441481521375,INDETERMINATE,0,False,60.42698351214091,0.0440533063879381,INDETERMINATE,0000,p0000,True,-0.0498977664947517,-0.034320441599533,0.0155773248952186,UNKNOWN,False,60.0,60.00750200310722,False,0,/home/sunshixin/chenchao/my_rlaf/data/test/3sat/400/3sat_103.cnf,False,UNKNOWN,False,55.0,55.007845499087125,False,0.0,True,False,60.0,full,5.0,55.0,False,False
3sat_104.cnf,0,False,60.29535401535035,0.0165651965444642,INDETERMINATE,0,False,60.46698628707377,0.0211621205625731,INDETERMINATE,0,False,60.40918652057903,0.0304424308645493,INDETERMINATE,0,False,60.41900984547425,0.0656230139935888,INDETERMINATE,0000,p0000,True,-0.057799766494746,-0.0479764415995234,0.0098233248952226,UNKNOWN,False,60.0,60.00827448396012,False,0,/home/sunshixin/chenchao/my_rlaf/data/test/3sat/400/3sat_104.cnf,False,UNKNOWN,False,55.0,55.00798380887136,False,0.0,True,False,60.0,full,5.0,55.0,False,False
3sat_105.cnf,0,False,60.29182068201701,0.0237058588905912,INDETERMINATE,0,False,60.45620162040711,0.0372696291159625,INDETERMINATE,0,False,60.40227318724569,0.0313780498378699,INDETERMINATE,0,False,60.4280805121409,0.0606073637494561,INDETERMINATE,0000,p0000,True,-0.0539284331614169,-0.0281211082662053,0.0258073248952115,UNKNOWN,False,60.0,60.00647977087647,False,0,/home/sunshixin/chenchao/my_rlaf/data/test/3sat/400/3sat_105.cnf,False,UNKNOWN,False,55.0,55.00806662905961,False,0.0,True,False,60.0,full,5.0,55.0,False,False
3sat_106.cnf,0,False,60.28305401535034,0.0054434937200882,INDETERMINATE,0,False,60.4597326204071,0.0308693083901508,INDETERMINATE,0,False,60.39317585391236,0.0427746231501925,INDETERMINATE,0,False,60.42287884547424,0.0391274829093142,INDETERMINATE,0000,p0000,True,-0.0665567664947417,-0.0368537749328652,0.0297029915618765,UNKNOWN,False,60.0,60.0079249907285,False,0,/home/sunshixin/chenchao/my_rlaf/data/test/3sat/400/3sat_106.cnf,False,UNKNOWN,False,55.0,55.00860542897135,False,0.0,True,False,60.0,full,5.0,55.0,False,False
3sat_107.cnf,0,False,60.330470517349234,0.0590429603450923,INDETERMINATE,0,False,60.39018169209289,0.0284185853095928,INDETERMINATE,0,False,60.40625553219096,0.0071573900319017,INDETERMINATE,0,False,60.41776832716878,0.0263752806202292,INDETERMINATE,0000,p0000,True,0.0160738400980733,0.0275866350758917,0.0115127949778184,UNKNOWN,False,60.0,60.00592140294612,False,0,/home/sunshixin/chenchao/my_rlaf/data/test/3sat/400/3sat_107.cnf,False,UNKNOWN,False,55.0,55.007730823010206,False,0.0,True,False,60.0,full,5.0,55.0,False,False
3sat_108.cnf,0,False,60.34300385068258,0.0616608897938098,INDETERMINATE,0,False,60.38857802542623,0.0197846105620304,INDETERMINATE,0,False,60.39592086552429,0.0090450297402372,INDETERMINATE,0,False,60.41362466050212,0.0270790734702045,INDETERMINATE,0000,p0000,True,0.0073428400980617,0.0250466350758884,0.0177037949778267,UNKNOWN,False,60.0,60.00794276827946,False,0,/home/sunshixin/chenchao/my_rlaf/data/test/3sat/400/3sat_108.cnf,False,UNKNOWN,False,55.0,55.0062752389349,False,0.0,True,False,60.0,full,5.0,55.0,False,False
3sat_109.cnf,0,False,60.33633718401591,0.0690630249788915,INDETERMINATE,0,False,60.396344692092896,0.0241205963318807,INDETERMINATE,0,False,60.40019353219096,0.0085882444164766,INDETERMINATE,0,False,60.417004327168776,0.0194324952868031,INDETERMINATE,0000,p0000,True,0.0038488400980654,0.02065963507588,0.0168107949778146,UNKNOWN,False,60.0,60.00774123100564,False,0,/home/sunshixin/chenchao/my_rlaf/data/test/3sat/400/3sat_109.cnf,False,UNKNOWN,False,55.0,55.00716978497803,False,0.0,True,False,60.0,full,5.0,55.0,False,False
3sat_11.cnf,3,True,1.7300538506825764,0.0690327006485529,SATISFIABLE,3,True,1.802338692092896,0.0112912603802153,SATISFIABLE,3,True,1.8321761988576253,0.0240949251739931,SATISFIABLE,3,True,1.827014660502116,0.0079537320326419,SATISFIABLE,1111,p1111,True,0.0298375067647296,0.0246759684092203,-0.0051615383555092,SATISFIABLE,True,17.923918209969997,17.923918209969997,False,10,/home/sunshixin/chenchao/my_rlaf/data/test/3sat/400/3sat_11.cnf,True,,False,55.0,,,,False,True,1.827014660502116,full,5.0,55.0,False,False
3sat_110.cnf,0,False,60.32933718401591,0.0621589282984555,INDETERMINATE,0,False,60.38851602542624,0.0205773709574077,INDETERMINATE,0,False,60.42716219885764,0.0022023083291342,INDETERMINATE,0,False,60.42402299383545,0.0373520361553325,INDETERMINATE,0000,p0000,True,0.0386461734314025,0.0355069684092157,-0.0031392050221867,UNKNOWN,False,60.0,60.00867148302496,False,0,/home/sunshixin/chenchao/my_rlaf/data/test/3sat/400/3sat_110.cnf,False,UNKNOWN,False,55.0,55.00769062107429,False,0.0,True,False,60.0,full,5.0,55.0,False,False
3sat_111.cnf,0,False,60.34090385068257,0.0497640243475911,INDETERMINATE,0,False,60.39098769209289,0.0387728636434522,INDETERMINATE,0,False,60.40654353219096,0.0081158509065686,INDETERMINATE,0,False,60.42047099383546,0.0254495620348737,INDETERMINATE,0000,p0000,True,0.0155558400980666,0.0294833017425659,0.0139274616444993,UNKNOWN,False,60.0,60.00706844497472,False,0,/home/sunshixin/chenchao/my_rlaf/data/test/3sat/400/3sat_111.cnf,False,SATISFIABLE,True,54.18845927203074,54.18845927203074,False,10.0,True,True,59.18845927203074,full,5.0,55.0,True,False
3sat_112.cnf,0,False,60.33037051734925,0.0565768903396016,INDETERMINATE,0,False,60.388801358759565,0.0256095106779657,INDETERMINATE,0,False,60.408218532190965,0.011291656768157,INDETERMINATE,0,False,60.41818966050212,0.0339698386544598,INDETERMINATE,0000,p0000,True,0.0194171734313997,0.02938830174255,0.0099711283111503,UNKNOWN,False,60.0,60.008135464042425,False,0,/home/sunshixin/chenchao/my_rlaf/data/test/3sat/400/3sat_112.cnf,False,UNKNOWN,False,55.0,55.005933948326856,False,0.0,True,False,60.0,full,5.0,55.0,False,False
3sat_113.cnf,0,False,60.334270517349246,0.0541298702832753,INDETERMINATE,0,False,60.392649692092895,0.0212317939854027,INDETERMINATE,0,False,60.40941519885763,0.0180638977105349,INDETERMINATE,0,False,60.42196766050211,0.0329226471064841,INDETERMINATE,0000,p0000,True,0.0167655067647345,0.0293179684092166,0.012552461644482,UNKNOWN,False,60.0,60.00611898582429,False,0,/home/sunshixin/chenchao/my_rlaf/data/test/3sat/400/3sat_113.cnf,False,UNKNOWN,False,55.0,55.00660251500085,False,0.0,True,False,60.0,full,5.0,55.0,False,False
3sat_114.cnf,0,False,60.33703718401591,0.0615209595959734,INDETERMINATE,0,False,60.40221169209289,0.0214207813538916,INDETERMINATE,0,False,60.39207753219096,0.0073466423313814,INDETERMINATE,0,False,60.412501327168776,0.0414095264498279,INDETERMINATE,0000,p0000,True,-0.0101341599019306,0.0102896350758854,0.0204237949778161,UNKNOWN,False,60.0,60.007790486793965,False,0,/home/sunshixin/chenchao/my_rlaf/data/test/3sat/400/3sat_114.cnf,False,UNKNOWN,False,55.0,55.0066879959777,False,0.0,True,False,60.0,full,5.0,55.0,False,False
3sat_115.cnf,0,False,60.34620385068258,0.056759909242584,INDETERMINATE,0,False,60.38999735875956,0.0284828304306221,INDETERMINATE,0,False,60.40247853219096,0.0168425326882039,INDETERMINATE,0,False,60.39914532716878,0.0246562557953283,INDETERMINATE,0000,p0000,True,0.0124811734314036,0.0091479684092234,-0.0033332050221801,UNKNOWN,False,60.0,60.00794344488531,False,0,/home/sunshixin/chenchao/my_rlaf/data/test/3sat/400/3sat_115.cnf,False,UNKNOWN,False,55.0,55.00687615480274,False,0.0,True,False,60.0,full,5.0,55.0,False,False
3sat_116.cnf,0,False,60.30708381601969,0.0410277399859624,INDETERMINATE,0,False,60.391369354614255,0.0217944715538294,INDETERMINATE,0,False,60.415727459406526,0.0193744808788742,INDETERMINATE,0,False,60.407644747706094,0.0186387732921931,INDETERMINATE,0000,p0000,True,0.0243581047922702,0.0162753930918384,-0.0080827117004318,UNKNOWN,False,60.0,60.00856850296259,False,0,/home/sunshixin/chenchao/my_rlaf/data/test/3sat/400/3sat_116.cnf,False,UNKNOWN,False,55.0,55.006112159229815,False,0.0,True,False,60.0,full,5.0,55.0,False,False
3sat_117.cnf,0,False,60.31235048268636,0.0442085018830672,INDETERMINATE,0,False,60.3829466879476,0.0395208849376325,INDETERMINATE,0,False,60.42069479273987,0.044747252668453,INDETERMINATE,0,False,60.4007837477061,0.0082795208977556,INDETERMINATE,0000,p0000,True,0.0377481047922785,0.0178370597585058,-0.0199110450337727,UNKNOWN,False,60.0,60.00768801104277,False,0,/home/sunshixin/chenchao/my_rlaf/data/test/3sat/400/3sat_117.cnf,False,UNKNOWN,False,55.0,55.006911299191415,False,0.0,True,False,60.0,full,5.0,55.0,False,False
3sat_118.cnf,0,False,60.295383816019694,0.0325466798158654,INDETERMINATE,0,False,60.3805326879476,0.0168270068904972,INDETERMINATE,0,False,60.40633479273987,0.0508158467729753,INDETERMINATE,0,False,60.407033747706095,0.0207150469444954,INDETERMINATE,0000,p0000,True,0.0258021047922696,0.0265010597584947,0.000698954966225,UNKNOWN,False,60.0,60.00786575116217,False,0,/home/sunshixin/chenchao/my_rlaf/data/test/3sat/400/3sat_118.cnf,False,UNKNOWN,False,55.0,55.00677473796532,False,0.0,True,False,60.0,full,5.0,55.0,False,False
3sat_119.cnf,0,False,60.31735048268637,0.0369510036285987,INDETERMINATE,0,False,60.39233335461426,0.0259464299793417,INDETERMINATE,0,False,60.43150045940654,0.045351981861906,INDETERMINATE,0,False,60.41252074770609,0.016693124150771,INDETERMINATE,0000,p0000,True,0.0391671047922841,0.020187393091831,-0.018979711700453,UNKNOWN,False,60.0,60.004992759320885,False,0,/home/sunshixin/chenchao/my_rlaf/data/test/3sat/400/3sat_119.cnf,False,UNKNOWN,False,55.0,55.00678757485002,False,0.0,True,False,60.0,full,5.0,55.0,False,False
3sat_12.cnf,0,False,60.30581714935303,0.0344213597654952,INDETERMINATE,0,False,60.38650835461426,0.0265818043824074,INDETERMINATE,0,False,60.438800459406536,0.0392326651251918,INDETERMINATE,0,False,60.39626041437276,0.0149968069106104,INDETERMINATE,0000,p0000,True,0.0522921047922793,0.0097520597585045,-0.0425400450337747,UNKNOWN,False,60.0,60.0072307898663,False,0,/home/sunshixin/chenchao/my_rlaf/data/test/3sat/400/3sat_12.cnf,False,UNKNOWN,False,55.0,55.00763538386673,False,0.0,True,False,60.0,full,5.0,55.0,False,False
3sat_120.cnf,3,True,3.354207149353027,0.1048787657489223,SATISFIABLE,3,True,1.0769530212809244,0.0135775379941009,SATISFIABLE,3,True,1.1219761260732015,0.0425975566651953,SATISFIABLE,3,True,1.114239414372762,0.0141369447703369,SATISFIABLE,1111,p1111,True,0.0450231047922771,0.0372863930918376,-0.0077367117004394,SATISFIABLE,True,2.764279928058386,2.764279928058386,False,10,/home/sunshixin/chenchao/my_rlaf/data/test/3sat/400/3sat_120.cnf,True,,False,55.0,,,,False,True,1.114239414372762,full,5.0,55.0,False,False
3sat_121.cnf,3,True,1.7281071493530271,0.0358669733140866,SATISFIABLE,3,True,1.8167563546142576,0.0351901812718943,SATISFIABLE,3,True,1.8318191260732013,0.0415248107179041,SATISFIABLE,3,True,1.8379404143727625,0.0162295643034995,SATISFIABLE,1111,p1111,True,0.0150627714589439,0.0211840597585044,0.0061212882995604,SATISFIABLE,True,5.005294237285852,5.005294237285852,False,10,/home/sunshixin/chenchao/my_rlaf/data/test/3sat/400/3sat_121.cnf,True,,False,55.0,,,,False,True,1.8379404143727625,full,5.0,55.0,False,False
3sat_122.cnf,0,False,60.304950482686365,0.0430547563295226,INDETERMINATE,0,False,60.383530021280926,0.0290641182041978,INDETERMINATE,0,False,60.4058511260732,0.0467693282119307,INDETERMINATE,0,False,60.397408747706095,0.0053863772978255,INDETERMINATE,0000,p0000,True,0.022321104792276,0.0138787264251689,-0.008442378367107,SATISFIABLE,True,6.797467355150729,6.797467355150729,False,10,/home/sunshixin/chenchao/my_rlaf/data/test/3sat/400/3sat_122.cnf,False,SATISFIABLE,True,5.385515262838453,5.385515262838453,False,10.0,True,True,10.385515262838453,full,5.0,55.0,False,False
3sat_123.cnf,0,False,60.3068838160197,0.036227346481473,INDETERMINATE,0,False,60.38971168794759,0.03428043632817,INDETERMINATE,0,False,60.4341771260732,0.0429266152469456,INDETERMINATE,0,False,60.402067414372766,0.0142376486552062,INDETERMINATE,0000,p0000,True,0.0444654381256128,0.0123557264251772,-0.0321097117004356,SATISFIABLE,True,1.4617841257713735,1.4617841257713735,False,10,/home/sunshixin/chenchao/my_rlaf/data/test/3sat/400/3sat_123.cnf,False,SATISFIABLE,True,1.1438645869493484,1.1438645869493484,False,10.0,True,True,6.1438645869493484,full,5.0,55.0,False,False
3sat_124.cnf,3,True,0.3394604826863607,0.0415911463285415,SATISFIABLE,3,True,0.3969976879475911,0.0232642279087752,SATISFIABLE,3,True,0.4342897927398681,0.0324846201205519,SATISFIABLE,3,True,0.4124460810394287,0.0148639079833674,SATISFIABLE,1111,p1111,True,0.037292104792277,0.0154483930918376,-0.0218437117004393,SATISFIABLE,True,0.607330528087914,0.607330528087914,False,10,/home/sunshixin/chenchao/my_rlaf/data/test/3sat/400/3sat_124.cnf,True,,False,55.0,,,,False,True,0.4124460810394287,full,5.0,55.0,False,False
3sat_125.cnf,3,True,3.4685107801310218,0.0406262539394394,SATISFIABLE,3,True,3.524796702331543,0.0200190842067989,SATISFIABLE,3,True,3.5836226125793456,0.1082475044135627,SATISFIABLE,3,True,3.592960065002442,0.0749841147833,SATISFIABLE,1111,p1111,True,0.0588259102478025,0.0681633626708988,0.0093374524230962,SATISFIABLE,True,5.06095805298537,5.06095805298537,False,10,/home/sunshixin/chenchao/my_rlaf/data/test/3sat/400/3sat_125.cnf,True,,False,55.0,,,,False,True,3.592960065002442,full,5.0,55.0,False,False
3sat_126.cnf,0,False,60.29700744679769,0.0247495490222998,INDETERMINATE,0,False,60.39812270233154,0.0058443110026694,INDETERMINATE,0,False,60.37895561257936,0.0226076396318969,INDETERMINATE,0,False,60.39043939833578,0.0344274976621385,INDETERMINATE,0000,p0000,True,-0.0191670897521873,-0.007683303995762,0.0114837857564253,UNKNOWN,False,60.0,60.007658056914806,False,0,/home/sunshixin/chenchao/my_rlaf/data/test/3sat/400/3sat_126.cnf,False,UNKNOWN,False,55.0,55.00679134717211,False,0.0,True,False,60.0,full,5.0,55.0,False,False
3sat_127.cnf,0,False,60.30690744679769,0.0213710215881048,INDETERMINATE,0,False,60.38603770233154,0.0081858184352176,INDETERMINATE,0,False,60.39043227924602,0.0222690857037433,INDETERMINATE,0,False,60.38464439833577,0.0308761864464899,INDETERMINATE,0000,p0000,True,0.0043945769144784,-0.0013933039957692,-0.0057878809102476,SATISFIABLE,True,53.94842276209965,53.94842276209965,False,10,/home/sunshixin/chenchao/my_rlaf/data/test/3sat/400/3sat_127.cnf,False,SATISFIABLE,True,43.58163732197136,43.58163732197136,False,10.0,True,True,48.58163732197136,full,5.0,55.0,False,False
3sat_128.cnf,3,True,34.91937411346435,0.1895550717528531,SATISFIABLE,3,True,8.55309936899821,0.1373819945643571,SATISFIABLE,3,True,8.65705094591268,0.0584454064998296,SATISFIABLE,3,True,8.684183731669108,0.017939632315919,SATISFIABLE,1111,p1111,True,0.1039515769144703,0.131084362670899,0.0271327857564287,SATISFIABLE,True,2.6882882360368967,2.6882882360368967,False,10,/home/sunshixin/chenchao/my_rlaf/data/test/3sat/400/3sat_128.cnf,False,SATISFIABLE,True,2.148663794156164,2.148663794156164,False,10.0,True,True,7.148663794156164,full,5.0,55.0,False,False
3sat_129.cnf,3,True,1.1236087801310222,0.016415260794785,SATISFIABLE,3,True,1.2127713689982096,0.0051175109289131,SATISFIABLE,3,True,1.2165036125793458,0.0338361673886432,SATISFIABLE,3,True,1.214219731669108,0.0324776855126877,SATISFIABLE,1111,p1111,True,0.0037322435811362,0.0014483626708985,-0.0022838809102376,SATISFIABLE,True,0.624185673892498,0.624185673892498,False,10,/home/sunshixin/chenchao/my_rlaf/data/test/3sat/400/3sat_129.cnf,True,,False,55.0,,,,False,True,1.214219731669108,full,5.0,55.0,False,False
3sat_13.cnf,0,False,60.31410744679769,0.0260467628055671,INDETERMINATE,0,False,60.39630003566487,0.0083667257321103,INDETERMINATE,0,False,60.38924927924601,0.0306031468037624,INDETERMINATE,0,False,60.384322398335776,0.0177243951357273,INDETERMINATE,0000,p0000,True,-0.0070507564188631,-0.011977637329096,-0.0049268809102329,SATISFIABLE,True,52.16563203977421,52.16563203977421,False,10,/home/sunshixin/chenchao/my_rlaf/data/test/3sat/400/3sat_13.cnf,False,SATISFIABLE,True,37.53541045216844,37.53541045216844,False,10.0,True,True,42.53541045216844,full,5.0,55.0,False,False
3sat_130.cnf,3,True,4.830630780131021,0.1317451859309582,SATISFIABLE,3,True,4.83760636899821,0.0636321710905783,SATISFIABLE,3,True,4.876885612579346,0.1133742815694348,SATISFIABLE,3,True,4.962869398335776,0.1731930141342036,SATISFIABLE,1111,p1111,True,0.0392792435811362,0.1252630293375656,0.0859837857564294,SATISFIABLE,True,1.4016004079021511,1.4016004079021511,False,10,/home/sunshixin/chenchao/my_rlaf/data/test/3sat/400/3sat_130.cnf,True,,False,55.0,,,,False,True,4.962869398335776,full,5.0,55.0,False,False
3sat_131.cnf,3,True,3.679090780131022,0.0228774086084161,SATISFIABLE,3,True,3.652075368998209,0.0120622685008658,SATISFIABLE,3,True,3.737960279246012,0.065493061781292,SATISFIABLE,3,True,3.719567398335775,0.084691234448173,SATISFIABLE,1111,p1111,True,0.0858849102478029,0.0674920293375653,-0.0183928809102376,SATISFIABLE,True,56.96055402420461,56.96055402420461,False,10,/home/sunshixin/chenchao/my_rlaf/data/test/3sat/400/3sat_131.cnf,True,,False,55.0,,,,False,True,3.719567398335775,full,5.0,55.0,False,False
3sat_132.cnf,3,True,0.4205734467976887,0.0281922864647099,SATISFIABLE,3,True,0.4599003689982096,0.01488782966666,SATISFIABLE,3,True,0.4701512792460123,0.024726890825359,SATISFIABLE,3,True,0.471170731669108,0.0271060501963789,SATISFIABLE,1111,p1111,True,0.0102509102478027,0.0112703626708984,0.0010194524230957,UNKNOWN,False,60.0,60.00684765027836,False,0,/home/sunshixin/chenchao/my_rlaf/data/test/3sat/400/3sat_132.cnf,True,,False,55.0,,,,False,True,0.471170731669108,full,5.0,55.0,True,False
3sat_133.cnf,0,False,60.30394078013102,0.0246424780037713,INDETERMINATE,0,False,60.39900970233155,0.0051021213868275,INDETERMINATE,0,False,60.39742361257935,0.0181725468805505,INDETERMINATE,0,False,60.40795439833577,0.0190064396624786,INDETERMINATE,0000,p0000,True,-0.0015860897521946,0.0089446960042209,0.0105307857564156,UNKNOWN,False,60.0,60.007604082115,False,0,/home/sunshixin/chenchao/my_rlaf/data/test/3sat/400/3sat_133.cnf,False,UNKNOWN,False,55.0,55.00724552897736,False,0.0,True,False,60.0,full,5.0,55.0,False,False
3sat_134.cnf,0,False,60.29804454892477,0.0202308485562185,INDETERMINATE,0,False,60.384169630523694,0.011237231388981,INDETERMINATE,0,False,60.37687598004151,0.0094904048850983,INDETERMINATE,0,False,60.39642854092407,0.018819238151491,INDETERMINATE,0000,p0000,True,-0.0072936504821825,0.0122589104003765,0.019552560882559,UNKNOWN,False,60.0,60.00823005801067,False,0,/home/sunshixin/chenchao/my_rlaf/data/test/3sat/400/3sat_134.cnf,False,UNKNOWN,False,55.0,55.00661812722683,False,0.0,True,False,60.0,full,5.0,55.0,False,False
3sat_135.cnf,0,False,60.2906778822581,0.0298236030360646,INDETERMINATE,0,False,60.39300663052368,0.0052388953084357,INDETERMINATE,0,False,60.38278964670817,0.0111591545024752,INDETERMINATE,0,False,60.39092087425741,0.0309382586491262,INDETERMINATE,0000,p0000,True,-0.0102169838155106,-0.0020857562662754,0.0081312275492351,UNKNOWN,False,60.0,60.00770162139088,False,0,/home/sunshixin/chenchao/my_rlaf/data/test/3sat/400/3sat_135.cnf,False,UNKNOWN,False,55.0,55.00680826371536,False,0.0,True,False,60.0,full,5.0,55.0,False,False
3sat_136.cnf,0,False,60.28654454892476,0.0214999959233694,INDETERMINATE,0,False,60.389162297190346,0.0122193075410788,INDETERMINATE,0,False,60.38313364670817,0.0162391441478148,INDETERMINATE,0,False,60.38873920759074,0.0170526863996642,INDETERMINATE,0000,p0000,True,-0.0060286504821789,-0.0004230895996073,0.0056055608825715,UNKNOWN,False,60.0,60.007640182971954,False,0,/home/sunshixin/chenchao/my_rlaf/data/test/3sat/400/3sat_136.cnf,False,UNKNOWN,False,55.0,55.00618716701865,False,0.0,True,False,60.0,full,5.0,55.0,False,False
3sat_137.cnf,0,False,60.29344454892476,0.0234077195647772,INDETERMINATE,0,False,60.38600396385701,0.0069983733486659,INDETERMINATE,0,False,60.38181631337485,0.0016484469310556,INDETERMINATE,0,False,60.38904887425739,0.0334197212589393,INDETERMINATE,0000,p0000,True,-0.0041876504821658,0.0030449104003764,0.0072325608825423,UNKNOWN,False,60.0,60.00672093173489,False,0,/home/sunshixin/chenchao/my_rlaf/data/test/3sat/400/3sat_137.cnf,False,UNKNOWN,False,55.0,55.00628181407228,False,0.0,True,False,60.0,full,5.0,55.0,False,False
3sat_138.cnf,0,False,60.3032778822581,0.0190242173070147,INDETERMINATE,0,False,60.38316963052368,0.0072655303769062,INDETERMINATE,0,False,60.390394313374834,0.0151278263444428,INDETERMINATE,0,False,60.38606687425741,0.0295908663082574,INDETERMINATE,0000,p0000,True,0.0072246828511595,0.0028972437337344,-0.004327439117425,SATISFIABLE,True,36.2161043509841,36.2161043509841,False,10,/home/sunshixin/chenchao/my_rlaf/data/test/3sat/400/3sat_138.cnf,False,SATISFIABLE,True,29.99088506307453,29.99088506307453,False,10.0,True,True,34.99088506307453,full,5.0,55.0,False,False
3sat_139.cnf,0,False,60.3001778822581,0.0281911636184872,INDETERMINATE,0,False,60.38701963052368,0.0141034754454461,INDETERMINATE,0,False,60.3835329800415,0.0105022052188049,INDETERMINATE,0,False,60.39680387425741,0.028185646709341,INDETERMINATE,0000,p0000,True,-0.0034866504821735,0.0097842437337334,0.0132708942159069,UNKNOWN,False,60.0,60.007466211915016,False,0,/home/sunshixin/chenchao/my_rlaf/data/test/3sat/400/3sat_139.cnf,False,UNKNOWN,False,55.0,55.00643391394988,False,0.0,True,False,60.0,full,5.0,55.0,False,False
3sat_14.cnf,3,True,5.5692245489247645,0.0344552602917535,SATISFIABLE,3,True,5.584629963857015,0.0246061824174894,SATISFIABLE,3,True,5.724080980041504,0.1686822053155201,SATISFIABLE,3,True,5.835136207590739,0.0989809371215602,SATISFIABLE,1111,p1111,True,0.1394510161844886,0.2505062437337235,0.1110552275492349,SATISFIABLE,True,1.3668759097345171,1.3668759097345171,False,10,/home/sunshixin/chenchao/my_rlaf/data/test/3sat/400/3sat_14.cnf,False,SATISFIABLE,True,1.13078735768795,1.13078735768795,False,10.0,True,True,6.13078735768795,full,5.0,55.0,False,False
3sat_140.cnf,3,True,49.64791121559143,0.3937155796832773,SATISFIABLE,3,True,5.359984297190349,0.0706119613387668,SATISFIABLE,3,True,49.17879898004151,0.5880333840010922,SATISFIABLE,3,True,5.46549120759074,0.1214998776048915,SATISFIABLE,1111,p1111,True,43.81881468285116,0.1055069104003916,-43.71330777245077,UNKNOWN,False,60.0,60.007714450825006,False,0,/home/sunshixin/chenchao/my_rlaf/data/test/3sat/400/3sat_140.cnf,False,UNKNOWN,False,55.0,55.00649083871394,False,0.0,True,False,60.0,full,5.0,55.0,False,False
3sat_141.cnf,3,True,3.258974548924764,0.0217219994811288,SATISFIABLE,3,True,3.3374272971903487,0.0461530178079386,SATISFIABLE,3,True,3.377927980041504,0.0473148438752175,SATISFIABLE,3,True,3.40398820759074,0.0386717583683648,SATISFIABLE,1111,p1111,True,0.0405006828511553,0.0665609104003905,0.0260602275492352,SATISFIABLE,True,18.19591219909489,18.19591219909489,False,10,/home/sunshixin/chenchao/my_rlaf/data/test/3sat/400/3sat_141.cnf,True,,False,55.0,,,,False,True,3.40398820759074,full,5.0,55.0,False,False
3sat_142.cnf,3,True,2.375231215591431,0.0271817323819194,SATISFIABLE,3,True,2.479585630523682,0.0577581661698174,SATISFIABLE,3,True,2.489755313374838,0.0212267712338425,SATISFIABLE,3,True,2.4986805409240724,0.0482750829219332,SATISFIABLE,1111,p1111,True,0.0101696828511559,0.0190949104003905,0.0089252275492346,SATISFIABLE,True,0.6022515329532325,0.6022515329532325,False,10,/home/sunshixin/chenchao/my_rlaf/data/test/3sat/400/3sat_142.cnf,True,,False,55.0,,,,False,True,2.4986805409240724,full,5.0,55.0,False,False
3sat_143.cnf,0,False,60.30627882461548,0.0274598886807958,INDETERMINATE,0,False,60.428241775970456,0.077587409681806,INDETERMINATE,0,False,60.36470059636434,0.0068516679655651,INDETERMINATE,0,False,60.40826031393433,0.0409319369257722,INDETERMINATE,0000,p0000,True,-0.063541179606112,-0.019981462036128,0.043559717569984,UNKNOWN,False,60.0,60.007952068932354,False,0,/home/sunshixin/chenchao/my_rlaf/data/test/3sat/400/3sat_143.cnf,False,UNKNOWN,False,55.0,55.00557931885123,False,0.0,True,False,60.0,full,5.0,55.0,False,False
3sat_144.cnf,0,False,60.30637882461548,0.0194457672354663,INDETERMINATE,0,False,60.43450577597046,0.0801538393012767,INDETERMINATE,0,False,60.34877292969768,0.012404033916464,INDETERMINATE,0,False,60.40034231393432,0.0226966514269083,INDETERMINATE,0000,p0000,True,-0.0857328462727835,-0.0341634620361332,0.0515693842366502,UNKNOWN,False,60.0,60.00899069709703,False,0,/home/sunshixin/chenchao/my_rlaf/data/test/3sat/400/3sat_144.cnf,False,UNKNOWN,False,55.0,55.0080257980153,False,0.0,True,False,60.0,full,5.0,55.0,False,False
3sat_145.cnf,0,False,60.30807882461548,0.0230223953295392,INDETERMINATE,0,False,60.439759442637126,0.0933329082540509,INDETERMINATE,0,False,60.36296326303101,0.0095348077026776,INDETERMINATE,0,False,60.402986980600986,0.0473521543150862,INDETERMINATE,0000,p0000,True,-0.0767961796061129,-0.03677246203614,0.0400237175699729,UNKNOWN,False,60.0,60.00726890191436,False,0,/home/sunshixin/chenchao/my_rlaf/data/test/3sat/400/3sat_145.cnf,False,UNKNOWN,False,55.0,55.0066018179059,False,0.0,True,False,60.0,full,5.0,55.0,False,False
3sat_146.cnf,0,False,60.29837882461548,0.0365525914706466,INDETERMINATE,0,False,60.440587775970464,0.0864103333288967,INDETERMINATE,0,False,60.35866659636434,0.0087836394900912,INDETERMINATE,0,False,60.40785831393433,0.0530382223932346,INDETERMINATE,0000,p0000,True,-0.0819211796061196,-0.0327294620361371,0.0491917175699825,UNKNOWN,False,60.0,60.00668980786577,False,0,/home/sunshixin/chenchao/my_rlaf/data/test/3sat/400/3sat_146.cnf,False,UNKNOWN,False,55.0,55.007297589909285,False,0.0,True,False,60.0,full,5.0,55.0,False,False
3sat_147.cnf,3,True,13.459145491282143,0.0911222503406127,SATISFIABLE,3,True,13.60245877597046,0.1085462871420395,SATISFIABLE,3,True,13.608089263031005,0.1130594779670665,SATISFIABLE,3,True,13.594362647267658,0.2095913281936956,SATISFIABLE,1111,p1111,True,0.0056304870605448,-0.0080961287028014,-0.0137266157633462,UNKNOWN,False,60.0,60.00965085905045,False,0,/home/sunshixin/chenchao/my_rlaf/data/test/3sat/400/3sat_147.cnf,False,UNKNOWN,False,55.0,55.00715567311272,False,0.0,True,False,60.0,full,5.0,55.0,False,False
3sat_148.cnf,0,False,60.296212157948816,0.0384451647743287,INDETERMINATE,0,False,60.44210677597047,0.0805976515051877,INDETERMINATE,0,False,60.33993892969768,0.0219648393045957,INDETERMINATE,0,False,60.39607031393433,0.0517533587360293,INDETERMINATE,0000,p0000,True,-0.1021678462727919,-0.0460364620361346,0.0561313842366573,SATISFIABLE,True,26.65602825814858,26.65602825814858,False,10,/home/sunshixin/chenchao/my_rlaf/data/test/3sat/400/3sat_148.cnf,False,SATISFIABLE,True,21.36083113402128,21.36083113402128,False,10.0,True,True,26.36083113402128,full,5.0,55.0,False,False
3sat_149.cnf,3,True,4.138948824615478,0.0432331571074228,SATISFIABLE,3,True,4.169432775970459,0.0964326874346181,SATISFIABLE,3,True,4.213124596364339,0.0337127167081379,SATISFIABLE,3,True,4.28076564726766,0.0234760619869608,SATISFIABLE,1111,p1111,True,0.0436918203938798,0.1113328712972006,0.0676410509033207,SATISFIABLE,True,9.47403134033084,9.47403134033084,False,10,/home/sunshixin/chenchao/my_rlaf/data/test/3sat/400/3sat_149.cnf,True,,False,55.0,,,,False,True,4.28076564726766,full,5.0,55.0,False,False
3sat_15.cnf,0,False,60.28451215794882,0.0280548505834948,INDETERMINATE,0,False,60.45895010930379,0.0892776533521561,INDETERMINATE,0,False,60.35284426303101,0.0088352998843639,INDETERMINATE,0,False,60.40033231393432,0.0509468304895452,INDETERMINATE,0000,p0000,True,-0.1061058462727828,-0.0586177953694715,0.0474880509033113,UNKNOWN,False,60.0,60.00980238802731,False,0,/home/sunshixin/chenchao/my_rlaf/data/test/3sat/400/3sat_15.cnf,False,UNKNOWN,False,55.0,55.00658914120868,False,0.0,True,False,60.0,full,5.0,55.0,False,False
3sat_150.cnf,3,True,0.7180564912821451,0.0235358432053434,SATISFIABLE,3,True,0.8432997759704589,0.0819055027118276,SATISFIABLE,3,True,0.7714505963643391,0.0059648502446207,SATISFIABLE,3,True,0.8217769806009928,0.0332095494325021,SATISFIABLE,1111,p1111,True,-0.0718491796061198,-0.0215227953694661,0.0503263842366537,SATISFIABLE,True,0.6038581440225244,0.6038581440225244,False,10,/home/sunshixin/chenchao/my_rlaf/data/test/3sat/400/3sat_150.cnf,True,,False,55.0,,,,False,True,0.8217769806009928,full,5.0,55.0,False,False
3sat_151.cnf,0,False,60.29974549128215,0.0204685723045198,INDETERMINATE,0,False,60.44373677597046,0.0929884327172326,INDETERMINATE,0,False,60.355735263031015,0.0103897374763637,INDETERMINATE,0,False,60.411970313934326,0.0526397945832293,INDETERMINATE,0000,p0000,True,-0.0880015129394422,-0.0317664620361313,0.0562350509033109,UNKNOWN,False,60.0,60.0077266767621,False,0,/home/sunshixin/chenchao/my_rlaf/data/test/3sat/400/3sat_151.cnf,False,UNKNOWN,False,55.0,55.00440480187535,False,0.0,True,False,60.0,full,5.0,55.0,False,False
3sat_152.cnf,0,False,60.2885935643514,0.0065250660000571,INDETERMINATE,0,False,60.39915705271403,0.008614469952066,INDETERMINATE,0,False,60.38812424816894,0.0141916340474753,INDETERMINATE,0,False,60.38102393755086,0.01749380064894,INDETERMINATE,0000,p0000,True,-0.0110328045450884,-0.0181331151631738,-0.0071003106180853,UNKNOWN,False,60.0,60.00757253123447,False,0,/home/sunshixin/chenchao/my_rlaf/data/test/3sat/400/3sat_152.cnf,False,UNKNOWN,False,55.0,55.00618854397908,False,0.0,True,False,60.0,full,5.0,55.0,False,False
3sat_153.cnf,0,False,60.29346023101807,0.0118754506135394,INDETERMINATE,0,False,60.39878305271403,0.0204975026496491,INDETERMINATE,0,False,60.39306658150228,0.0190330711874545,INDETERMINATE,0,False,60.372472604217535,0.0162275771701249,INDETERMINATE,0000,p0000,True,-0.0057164712117554,-0.0263104484964955,-0.0205939772847401,UNKNOWN,False,60.0,60.01271218108013,False,0,/home/sunshixin/chenchao/my_rlaf/data/test/3sat/400/3sat_153.cnf,False,UNKNOWN,False,55.0,55.00646211905405,False,0.0,True,False,60.0,full,5.0,55.0,False,False
3sat_154.cnf,3,True,1.7204268976847332,0.0288079277697452,SATISFIABLE,3,True,0.6237017193806965,0.0141138098806973,SATISFIABLE,3,True,1.8600185815022792,0.024050896990421,SATISFIABLE,3,True,0.6164282708841959,0.0244857271824748,SATISFIABLE,1111,p1111,True,1.2363168621215823,-0.0072734484965005,-1.2435903106180832,SATISFIABLE,True,2.75419194623828,2.75419194623828,False,10,/home/sunshixin/chenchao/my_rlaf/data/test/3sat/400/3sat_154.cnf,True,,False,55.0,,,,False,True,0.6164282708841959,full,5.0,55.0,False,False
3sat_155.cnf,0,False,60.3073935643514,0.0132059805585644,INDETERMINATE,0,False,60.3856037193807,0.012663480270462,INDETERMINATE,0,False,60.39305458150228,0.0117161667745713,INDETERMINATE,0,False,60.39620560421753,0.0267066257380067,INDETERMINATE,0000,p0000,True,0.0074508621215798,0.0106018848368307,0.0031510227152509,UNKNOWN,False,60.0,60.00757028721273,False,0,/home/sunshixin/chenchao/my_rlaf/data/test/3sat/400/3sat_155.cnf,False,UNKNOWN,False,55.0,55.00724012823776,False,0.0,True,False,60.0,full,5.0,55.0,False,False
3sat_156.cnf,0,False,60.29379356435141,0.0095541488954245,INDETERMINATE,0,False,60.39388105271403,0.011512915127744,INDETERMINATE,0,False,60.38637924816894,0.0324135464467893,INDETERMINATE,0,False,60.3909112708842,0.0458478962900987,INDETERMINATE,0000,p0000,True,-0.007501804545086,-0.002969781829833,0.0045320227152529,UNKNOWN,False,60.0,60.00618987809867,False,0,/home/sunshixin/chenchao/my_rlaf/data/test/3sat/400/3sat_156.cnf,False,UNKNOWN,False,55.0,55.00760024785996,False,0.0,True,False,60.0,full,5.0,55.0,False,False
3sat_157.cnf,3,True,3.2543535643514,0.0535713601775782,SATISFIABLE,3,True,33.50290871938069,0.5288663666712986,SATISFIABLE,3,True,33.94459624816895,0.1314247155604536,SATISFIABLE,3,True,34.450387937550865,0.1294877372103884,SATISFIABLE,1111,p1111,True,0.4416875287882575,0.947479218170173,0.5057916893819154,SATISFIABLE,True,6.270832111127675,6.270832111127675,False,10,/home/sunshixin/chenchao/my_rlaf/data/test/3sat/400/3sat_157.cnf,False,SATISFIABLE,True,5.226985143963248,5.226985143963248,False,10.0,True,True,10.226985143963248,full,5.0,55.0,False,False
3sat_158.cnf,0,False,60.3013935643514,0.0052217400558821,INDETERMINATE,0,False,60.39874438604736,0.0120919131271123,INDETERMINATE,0,False,60.40076858150229,0.0123984151673843,INDETERMINATE,0,False,60.39255493755087,0.0236001839594686,INDETERMINATE,0000,p0000,True,0.002024195454922,-0.0061894484964923,-0.0082136439514144,UNKNOWN,False,60.0,60.00806521205232,False,0,/home/sunshixin/chenchao/my_rlaf/data/test/3sat/400/3sat_158.cnf,False,UNKNOWN,False,55.0,55.00493288226426,False,0.0,True,False,60.0,full,5.0,55.0,False,False
3sat_159.cnf,0,False,60.29456023101807,0.004420750678808,INDETERMINATE,0,False,60.400623052714025,0.0118012972952307,INDETERMINATE,0,False,60.3946669148356,0.0248949886053521,INDETERMINATE,0,False,60.385860270884194,0.0161701027237809,INDETERMINATE,0000,p0000,True,-0.0059561378784209,-0.0147627818298303,-0.0088066439514093,UNKNOWN,False,60.0,60.00665524788201,False,0,/home/sunshixin/chenchao/my_rlaf/data/test/3sat/400/3sat_159.cnf,False,UNKNOWN,False,55.0,55.00615081796423,False,0.0,True,False,60.0,full,5.0,55.0,False,False
3sat_16.cnf,0,False,60.29506023101806,0.0064495059049583,INDETERMINATE,0,False,60.39095571938069,0.028744940865194,INDETERMINATE,0,False,60.39126558150228,0.0226836754943197,INDETERMINATE,0,False,60.38495993755086,0.0160890839771336,INDETERMINATE,0000,p0000,True,0.0003098621215826,-0.0059957818298315,-0.0063056439514141,UNKNOWN,False,60.0,60.0078475070186,False,0,/home/sunshixin/chenchao/my_rlaf/data/test/3sat/400/3sat_16.cnf,False,UNKNOWN,False,55.0,55.006412621121854,False,0.0,True,False,60.0,full,5.0,55.0,False,False
3sat_160.cnf,0,False,60.30616023101808,0.0076441002438785,INDETERMINATE,0,False,60.396399719380696,0.0063133600215241,INDETERMINATE,0,False,60.38755924816894,0.0318105256963959,INDETERMINATE,0,False,60.3848122708842,0.0095338173657754,INDETERMINATE,0000,p0000,True,-0.0088404712117551,-0.011587448496499,-0.0027469772847439,UNKNOWN,False,60.0,60.00813164981082,False,0,/home/sunshixin/chenchao/my_rlaf/data/test/3sat/400/3sat_160.cnf,False,UNKNOWN,False,55.0,55.00668823113665,False,0.0,True,False,60.0,full,5.0,55.0,False,False
3sat_161.cnf,0,False,60.317221690368655,0.0335095971066457,INDETERMINATE,0,False,60.39442193288167,0.0357864729450562,INDETERMINATE,0,False,60.3919794728597,0.0248821792808293,INDETERMINATE,0,False,60.38616282889303,0.0207161273657248,INDETERMINATE,0000,p0000,True,-0.0024424600219674,-0.0082591039886423,-0.0058166439666749,SATISFIABLE,True,35.81325959926471,35.81325959926471,False,10,/home/sunshixin/chenchao/my_rlaf/data/test/3sat/400/3sat_161.cnf,False,SATISFIABLE,True,29.37393342610449,29.37393342610449,False,10.0,True,True,34.373933426104486,full,5.0,55.0,False,False
3sat_162.cnf,0,False,60.31305502370199,0.0307970357312592,INDETERMINATE,0,False,60.383032599548336,0.0297020139904914,INDETERMINATE,0,False,60.3856054728597,0.0264854326855247,INDETERMINATE,0,False,60.35957882889303,0.0053638472109201,INDETERMINATE,0000,p0000,True,0.0025728733113652,-0.0234537706553084,-0.0260266439666736,UNKNOWN,False,60.0,60.007647475227714,False,0,/home/sunshixin/chenchao/my_rlaf/data/test/3sat/400/3sat_162.cnf,False,UNKNOWN,False,55.0,55.00729344598949,False,0.0,True,False,60.0,full,5.0,55.0,False,False
3sat_163.cnf,0,False,60.333221690368646,0.0424409697215122,INDETERMINATE,3,True,34.42751326621501,0.2764490544574358,SATISFIABLE,3,True,35.068156139526366,0.3006141256777598,SATISFIABLE,3,True,35.27130982889302,0.6005467943223114,SATISFIABLE,0111,p0111,True,0.6406428733113572,0.8437965626780084,0.2031536893666512,SATISFIABLE,True,18.501433050259948,18.501433050259948,False,10,/home/sunshixin/chenchao/my_rlaf/data/test/3sat/400/3sat_163.cnf,False,SATISFIABLE,True,14.92786789080128,14.92786789080128,False,10.0,True,True,19.92786789080128,full,5.0,55.0,False,False
3sat_164.cnf,0,False,60.32135502370198,0.0435028551623226,INDETERMINATE,0,False,60.37585459954834,0.0381106005567306,INDETERMINATE,0,False,60.39377780619304,0.0263712606551262,INDETERMINATE,0,False,60.3659494955597,0.0109672053941198,INDETERMINATE,0000,p0000,True,0.0179232066446957,-0.0099051039886433,-0.027828310633339,SATISFIABLE,True,26.31007248768583,26.31007248768583,False,10,/home/sunshixin/chenchao/my_rlaf/data/test/3sat/400/3sat_164.cnf,False,SATISFIABLE,True,21.37761092884466,21.37761092884466,False,10.0,True,True,26.37761092884466,full,5.0,55.0,False,False
3sat_165.cnf,3,True,0.4920106903686523,0.0358308577797789,SATISFIABLE,3,True,0.4261912662150064,0.038234353674947,SATISFIABLE,3,True,0.5539778061930338,0.0224547049967261,SATISFIABLE,3,True,0.4196154955596924,0.0076274079467686,SATISFIABLE,1111,p1111,True,0.1277865399780273,-0.006575770655314,-0.1343623106333414,SATISFIABLE,True,5.116305225994438,5.116305225994438,False,10,/home/sunshixin/chenchao/my_rlaf/data/test/3sat/400/3sat_165.cnf,True,,False,55.0,,,,False,True,0.4196154955596924,full,5.0,55.0,False,False
3sat_166.cnf,0,False,60.326621690368654,0.0377931894881951,INDETERMINATE,0,False,60.38387693288168,0.0366082059254546,INDETERMINATE,0,False,60.39099913952637,0.0218700361774085,INDETERMINATE,0,False,60.38139316222635,0.011598546288065,INDETERMINATE,0000,p0000,True,0.0071222066446878,-0.0024837706553313,-0.0096059773000192,UNKNOWN,False,60.0,60.007197957951576,False,0,/home/sunshixin/chenchao/my_rlaf/data/test/3sat/400/3sat_166.cnf,False,UNKNOWN,False,55.0,55.006584162823856,False,0.0,True,False,60.0,full,5.0,55.0,False,False
3sat_167.cnf,3,True,13.264121690368654,0.2355689400457991,SATISFIABLE,3,True,13.104997266215006,0.0802238914517117,SATISFIABLE,3,True,13.193027806193037,0.1247876431838843,SATISFIABLE,3,True,13.27350116222636,0.2731418839453784,SATISFIABLE,1111,p1111,True,0.0880305399780283,0.1685038960113534,0.080473356033325,SATISFIABLE,True,9.51387830125168,9.51387830125168,False,10,/home/sunshixin/chenchao/my_rlaf/data/test/3sat/400/3sat_167.cnf,False,SATISFIABLE,True,7.670208489056677,7.670208489056677,False,10.0,True,True,12.670208489056677,full,5.0,55.0,False,False
3sat_168.cnf,0,False,60.31672169036866,0.0413868296890542,INDETERMINATE,0,False,60.382785266215,0.0398336867264782,INDETERMINATE,0,False,60.39325413952637,0.0186612070381407,INDETERMINATE,0,False,60.37868382889303,0.0173121913621803,INDETERMINATE,0000,p0000,True,0.0104688733113675,-0.0041014373219709,-0.0145703106333385,UNKNOWN,False,60.0,60.00671287998557,False,0,/home/sunshixin/chenchao/my_rlaf/data/test/3sat/400/3sat_168.cnf,False,UNKNOWN,False,55.0,55.00591969396919,False,0.0,True,False,60.0,full,5.0,55.0,False,False
3sat_169.cnf,0,False,60.33065502370198,0.0321422945883074,INDETERMINATE,0,False,60.37043459954833,0.0444309782780384,INDETERMINATE,0,False,60.39346280619304,0.0259329299156501,INDETERMINATE,0,False,60.37091116222636,0.0019590035658692,INDETERMINATE,0000,p0000,True,0.0230282066447031,0.000476562678024,-0.022551643966679,UNKNOWN,False,60.0,60.00673872884363,False,0,/home/sunshixin/chenchao/my_rlaf/data/test/3sat/400/3sat_169.cnf,False,UNKNOWN,False,55.0,55.00457734707743,False,0.0,True,False,60.0,full,5.0,55.0,False,False
3sat_17.cnf,0,False,60.32328835703533,0.0343690950185571,INDETERMINATE,0,False,60.387097266215015,0.0466977649043613,INDETERMINATE,0,False,60.401721139526366,0.0343139057509329,INDETERMINATE,0,False,60.36302849555969,0.0191781417025579,INDETERMINATE,0000,p0000,True,0.0146238733113506,-0.0240687706553259,-0.0386926439666766,UNKNOWN,False,60.0,60.00770732713863,False,0,/home/sunshixin/chenchao/my_rlaf/data/test/3sat/400/3sat_17.cnf,False,UNKNOWN,False,55.0,55.00742191122845,False,0.0,True,False,60.0,full,5.0,55.0,False,False
3sat_170.cnf,0,False,60.299179863103234,0.0043038267154016,INDETERMINATE,0,False,60.38935190856935,0.0658835468889227,INDETERMINATE,0,False,60.37220956551615,0.012073308244537,INDETERMINATE,0,False,60.40269423980205,0.0226672967660808,INDETERMINATE,0000,p0000,True,-0.0171423430531945,0.0133423312327067,0.0304846742859012,UNKNOWN,False,60.0,60.00800303090364,False,0,/home/sunshixin/chenchao/my_rlaf/data/test/3sat/400/3sat_170.cnf,False,UNKNOWN,False,55.0,55.00673371786252,False,0.0,True,False,60.0,full,5.0,55.0,False,False
3sat_171.cnf,0,False,60.29537986310323,0.0014287990851733,INDETERMINATE,0,False,60.38318524190267,0.0599657088913532,INDETERMINATE,0,False,60.3675998988495,0.0221954507501229,INDETERMINATE,0,False,60.39776923980204,0.0276842779673683,INDETERMINATE,0000,p0000,True,-0.0155853430531749,0.0145839978993649,0.0301693409525398,UNKNOWN,False,60.0,60.00864651659504,False,0,/home/sunshixin/chenchao/my_rlaf/data/test/3sat/400/3sat_171.cnf,False,UNKNOWN,False,55.0,55.00459785712883,False,0.0,True,False,60.0,full,5.0,55.0,False,False
3sat_172.cnf,0,False,60.29677986310323,0.0056149294707459,INDETERMINATE,0,False,60.38320557523601,0.0645378912272184,INDETERMINATE,0,False,60.37553489884949,0.0114269012818341,INDETERMINATE,0,False,60.40451857313538,0.0157871975278726,INDETERMINATE,0000,p0000,True,-0.0076706763865246,0.021312997899372,0.0289836742858966,UNKNOWN,False,60.0,60.00768537074328,False,0,/home/sunshixin/chenchao/my_rlaf/data/test/3sat/400/3sat_172.cnf,False,UNKNOWN,False,55.0,55.00756104616448,False,0.0,True,False,60.0,full,5.0,55.0,False,False
3sat_173.cnf,0,False,60.27267986310324,0.0098058234655037,INDETERMINATE,0,False,60.38891790856934,0.0577300623071892,INDETERMINATE,0,False,60.36534989884948,0.0033390793331751,INDETERMINATE,0,False,60.40367157313538,0.0251781275526928,INDETERMINATE,0000,p0000,True,-0.0235680097198596,0.0147536645660366,0.0383216742858962,UNKNOWN,False,60.0,60.00858731288463,False,0,/home/sunshixin/chenchao/my_rlaf/data/test/3sat/400/3sat_173.cnf,False,UNKNOWN,False,55.0,55.00749277183786,False,0.0,True,False,60.0,full,5.0,55.0,False,False
3sat_174.cnf,0,False,60.2905465297699,0.007463360858902,INDETERMINATE,0,False,60.39086490856933,0.0570396057689291,INDETERMINATE,0,False,60.372853898849485,0.0076550210979072,INDETERMINATE,0,False,60.40747557313538,0.0235522207059279,INDETERMINATE,0000,p0000,True,-0.0180110097198493,0.0166106645660448,0.0346216742858942,UNKNOWN,False,60.0,60.007452805992216,False,0,/home/sunshixin/chenchao/my_rlaf/data/test/3sat/400/3sat_174.cnf,False,UNKNOWN,False,55.0,55.00563580496237,False,0.0,True,False,60.0,full,5.0,55.0,False,False
3sat_175.cnf,0,False,60.29181319643656,0.0053145753977308,INDETERMINATE,0,False,60.370772908569336,0.0403756224062492,INDETERMINATE,0,False,60.372799898849486,0.0089351949886875,INDETERMINATE,0,False,60.39777023980204,0.0155601623525483,INDETERMINATE,0000,p0000,True,0.0020269902801501,0.0269973312327067,0.0249703409525565,SATISFIABLE,True,18.44206083472818,18.44206083472818,False,10,/home/sunshixin/chenchao/my_rlaf/data/test/3sat/400/3sat_175.cnf,False,SATISFIABLE,True,15.312540823128074,15.312540823128074,False,10.0,True,True,20.312540823128074,full,5.0,55.0,False,False
3sat_176.cnf,3,True,1.811706529769897,0.0158230505110769,SATISFIABLE,3,True,1.8990035752360024,0.0562193661325183,SATISFIABLE,3,True,1.8881588988494875,0.023655000074923,SATISFIABLE,3,True,1.873989573135376,0.0159600802256707,SATISFIABLE,1111,p1111,True,-0.0108446763865153,-0.0250140021006264,-0.0141693257141111,SATISFIABLE,True,6.5517137493006885,6.5517137493006885,False,10,/home/sunshixin/chenchao/my_rlaf/data/test/3sat/400/3sat_176.cnf,True,,False,55.0,,,,False,True,1.873989573135376,full,5.0,55.0,False,False
3sat_177.cnf,0,False,60.28701319643657,0.0036065225743899,INDETERMINATE,0,False,60.37456890856934,0.0572966513606181,INDETERMINATE,0,False,60.36842656551616,0.0077952532494947,INDETERMINATE,0,False,60.41022557313537,0.0079492290641337,INDETERMINATE,0000,p0000,True,-0.0061423430531775,0.0356566645660336,0.0417990076192111,UNKNOWN,False,60.0,60.00772507395595,False,0,/home/sunshixin/chenchao/my_rlaf/data/test/3sat/400/3sat_177.cnf,False,UNKNOWN,False,55.0,55.0051409387961,False,0.0,True,False,60.0,full,5.0,55.0,False,False
3sat_178.cnf,0,False,60.291679863103234,0.0119526280607751,INDETERMINATE,0,False,60.38871424190267,0.0526278703069263,INDETERMINATE,0,False,60.37821423218282,0.0120985717373697,INDETERMINATE,0,False,60.411294906468704,0.0165170182101631,INDETERMINATE,0000,p0000,True,-0.0105000097198484,0.0225806645660355,0.033080674285884,UNKNOWN,False,60.0,60.0082489810884,False,0,/home/sunshixin/chenchao/my_rlaf/data/test/3sat/400/3sat_178.cnf,False,UNKNOWN,False,55.0,55.00628720317036,False,0.0,True,False,60.0,full,5.0,55.0,False,False
3sat_179.cnf,0,False,60.291546529769896,0.0141205400228975,INDETERMINATE,0,False,60.38600024190267,0.0533084978544139,INDETERMINATE,0,False,60.38355456551616,0.0021183138630982,INDETERMINATE,0,False,60.41037790646871,0.0240951542785412,INDETERMINATE,0000,p0000,True,-0.0024456763865146,0.0243776645660389,0.0268233409525535,SATISFIABLE,True,6.8405946479178965,6.8405946479178965,False,10,/home/sunshixin/chenchao/my_rlaf/data/test/3sat/400/3sat_179.cnf,False,SATISFIABLE,True,5.514884363859892,5.514884363859892,False,10.0,True,True,10.514884363859892,full,5.0,55.0,False,False
3sat_18.cnf,0,False,60.28021124839783,0.0077807356781255,INDETERMINATE,0,False,60.39567660550436,0.0352594193476477,INDETERMINATE,0,False,60.43153031091308,0.0639900842524736,INDETERMINATE,0,False,60.37757800723775,0.0422984083653262,INDETERMINATE,0000,p0000,True,0.0358537054087264,-0.0180985982666044,-0.0539523036753308,UNKNOWN,False,60.0,60.00652806088328,False,0,/home/sunshixin/chenchao/my_rlaf/data/test/3sat/400/3sat_18.cnf,False,UNKNOWN,False,55.0,55.00671409396455,False,0.0,True,False,60.0,full,5.0,55.0,False,False
3sat_180.cnf,3,True,17.005244581731162,0.2274340765155828,SATISFIABLE,3,True,16.946111605504356,0.1032835301840382,SATISFIABLE,3,True,17.136593310913085,0.2891418165035028,SATISFIABLE,3,True,17.07397167390442,0.1406118177447335,SATISFIABLE,1111,p1111,True,0.1904817054087288,0.1278600684000643,-0.0626216370086645,SATISFIABLE,True,48.25100433407352,48.25100433407352,False,10,/home/sunshixin/chenchao/my_rlaf/data/test/3sat/400/3sat_180.cnf,False,SATISFIABLE,True,36.66575306514278,36.66575306514278,False,10.0,True,True,41.66575306514278,full,5.0,55.0,False,False
3sat_181.cnf,3,True,2.1833245817311604,0.0338872250849064,SATISFIABLE,3,True,2.281155605504354,0.0416594746293574,SATISFIABLE,3,True,2.3040119775797527,0.0534736288014414,SATISFIABLE,3,True,2.257087340571086,0.0332553252002441,SATISFIABLE,1111,p1111,True,0.0228563720753989,-0.0240682649332679,-0.0469246370086668,SATISFIABLE,True,18.15594138391316,18.15594138391316,False,10,/home/sunshixin/chenchao/my_rlaf/data/test/3sat/400/3sat_181.cnf,True,,False,55.0,,,,False,True,2.257087340571086,full,5.0,55.0,False,False
3sat_182.cnf,0,False,60.275211248397824,0.0129113832969268,INDETERMINATE,0,False,60.39294560550436,0.0206944465794624,INDETERMINATE,0,False,60.42265064424641,0.0693414210599497,INDETERMINATE,0,False,60.384516673904415,0.0537884287300733,INDETERMINATE,0000,p0000,True,0.0297050387420512,-0.0084289315999441,-0.0381339703419953,UNKNOWN,False,60.0,60.00674513401464,False,0,/home/sunshixin/chenchao/my_rlaf/data/test/3sat/400/3sat_182.cnf,False,UNKNOWN,False,55.0,55.00740666594356,False,0.0,True,False,60.0,full,5.0,55.0,False,False
3sat_183.cnf,0,False,60.283677915064494,0.0038017072100992,INDETERMINATE,0,False,60.39323527217102,0.0172871817068726,INDETERMINATE,0,False,60.430679310913085,0.0667855828235503,INDETERMINATE,0,False,60.370353673904425,0.0410679596694917,INDETERMINATE,0000,p0000,True,0.0374440387420662,-0.0228815982665935,-0.0603256370086597,UNKNOWN,False,60.0,60.00830572238192,False,0,/home/sunshixin/chenchao/my_rlaf/data/test/3sat/400/3sat_183.cnf,False,UNKNOWN,False,55.0,55.007833591196686,False,0.0,True,False,60.0,full,5.0,55.0,False,False
3sat_184.cnf,0,False,60.28591124839783,0.0090129782484665,INDETERMINATE,0,False,60.39112227217101,0.0249149573316391,INDETERMINATE,0,False,60.41586697757975,0.0635723809116921,INDETERMINATE,0,False,60.39154767390442,0.0573294258902303,INDETERMINATE,0000,p0000,True,0.024744705408743,0.0004254017334091,-0.0243193036753339,UNKNOWN,False,60.0,60.00766599923372,False,0,/home/sunshixin/chenchao/my_rlaf/data/test/3sat/400/3sat_184.cnf,False,UNKNOWN,False,55.0,55.00788169400767,False,0.0,True,False,60.0,full,5.0,55.0,False,False
3sat_185.cnf,0,False,60.28714458173116,0.0070070566963454,INDETERMINATE,0,False,60.39316860550435,0.0138517337692432,INDETERMINATE,0,False,60.42399764424642,0.0673558402763769,INDETERMINATE,0,False,60.36884500723775,0.0353994526162921,INDETERMINATE,0000,p0000,True,0.0308290387420697,-0.0243235982665979,-0.0551526370086676,UNKNOWN,False,60.0,60.00839102966711,False,0,/home/sunshixin/chenchao/my_rlaf/data/test/3sat/400/3sat_185.cnf,False,UNKNOWN,False,55.0,55.00760617200285,False,0.0,True,False,60.0,full,5.0,55.0,False,False
3sat_186.cnf,0,False,60.28624458173116,0.0139587718546663,INDETERMINATE,0,False,60.39201227217102,0.0264480113924148,INDETERMINATE,0,False,60.422469644246426,0.0662492783253248,INDETERMINATE,0,False,60.374134673904415,0.0446622522698473,INDETERMINATE,0000,p0000,True,0.0304573720754035,-0.0178775982666081,-0.0483349703420117,UNKNOWN,False,60.0,60.00737111689523,False,0,/home/sunshixin/chenchao/my_rlaf/data/test/3sat/400/3sat_186.cnf,False,UNKNOWN,False,55.0,55.0063913371414,False,0.0,True,False,60.0,full,5.0,55.0,False,False
3sat_187.cnf,0,False,60.289277915064496,0.0075671176003681,INDETERMINATE,0,False,60.39676060550435,0.0262502367230534,INDETERMINATE,0,False,60.42347564424642,0.0621427704688618,INDETERMINATE,0,False,60.38194200723776,0.0381402262926045,INDETERMINATE,0000,p0000,True,0.0267150387420755,-0.0148185982665864,-0.041533637008662,UNKNOWN,False,60.0,60.0074791260995,False,0,/home/sunshixin/chenchao/my_rlaf/data/test/3sat/400/3sat_187.cnf,False,UNKNOWN,False,55.0,55.00512404926121,False,0.0,True,False,60.0,full,5.0,55.0,False,False
3sat_188.cnf,0,False,60.2807779150645,0.0198265460856585,INDETERMINATE,0,False,60.394368605504354,0.0262410554712548,INDETERMINATE,3,True,31.64044864424642,0.346706224411729,SATISFIABLE,3,True,31.987218340571086,0.3422499153100105,SATISFIABLE,0011,p0011,True,-28.75391996125793,-28.407150264933268,0.3467696963246673,UNKNOWN,False,60.0,60.00784739525989,False,0,/home/sunshixin/chenchao/my_rlaf/data/test/3sat/400/3sat_188.cnf,False,UNKNOWN,False,55.0,55.00655560288578,False,0.0,True,False,60.0,full,5.0,55.0,False,False
3sat_189.cnf,0,False,60.30145775794984,0.0238191818044229,INDETERMINATE,3,True,17.18367935473124,0.3129034428182562,SATISFIABLE,3,True,17.37302587064616,0.1223147610262423,SATISFIABLE,3,True,17.35591796470642,0.0763905449234469,SATISFIABLE,0111,p0111,True,0.1893465159149201,0.1722386099751816,-0.0171079059397385,SATISFIABLE,True,18.62347537931055,18.62347537931055,False,10,/home/sunshixin/chenchao/my_rlaf/data/test/3sat/400/3sat_189.cnf,False,SATISFIABLE,True,14.822242558002472,14.822242558002472,False,10.0,True,True,19.822242558002472,full,5.0,55.0,False,False
3sat_19.cnf,3,True,4.004447757949829,0.1071285844596598,SATISFIABLE,3,True,1.4335523547312417,0.0109720701483357,SATISFIABLE,3,True,4.022981537312826,0.0231195036891757,SATISFIABLE,3,True,1.431974298039754,0.0341555730849999,SATISFIABLE,1111,p1111,True,2.5894291825815845,-0.0015780566914875,-2.591007239273072,SATISFIABLE,True,0.5883188471198082,0.5883188471198082,False,10,/home/sunshixin/chenchao/my_rlaf/data/test/3sat/400/3sat_19.cnf,True,,False,55.0,,,,False,True,1.431974298039754,full,5.0,55.0,False,False
3sat_190.cnf,3,True,0.3524814246164957,0.0181621791362833,SATISFIABLE,3,True,0.3751066880645752,0.0236402799927017,SATISFIABLE,3,True,0.4389658706461588,0.043930153348938,SATISFIABLE,3,True,0.4072512980397542,0.0195430061136499,SATISFIABLE,1111,p1111,True,0.0638591825815836,0.032144609975179,-0.0317145726064045,SATISFIABLE,True,0.5868944441899657,0.5868944441899657,False,10,/home/sunshixin/chenchao/my_rlaf/data/test/3sat/400/3sat_190.cnf,True,,False,55.0,,,,False,True,0.4072512980397542,full,5.0,55.0,False,False
3sat_191.cnf,0,False,60.309991091283166,0.0156011163281537,INDETERMINATE,0,False,60.336061688064575,0.0168516778382813,INDETERMINATE,0,False,60.41477553731284,0.0412092958828035,INDETERMINATE,0,False,60.36456629803976,0.0043475066170214,INDETERMINATE,0000,p0000,True,0.0787138492482597,0.0285046099751795,-0.0502092392730801,SATISFIABLE,True,6.9544531889259815,6.9544531889259815,False,10,/home/sunshixin/chenchao/my_rlaf/data/test/3sat/400/3sat_191.cnf,False,SATISFIABLE,True,5.253280175849795,5.253280175849795,False,10.0,True,True,10.253280175849795,full,5.0,55.0,False,False
3sat_192.cnf,0,False,60.29285775794983,0.0275216873628197,INDETERMINATE,0,False,60.33805302139791,0.0286203933377271,INDETERMINATE,0,False,60.409997537312826,0.05658738115641,INDETERMINATE,0,False,60.38362829803975,0.0128455203350896,INDETERMINATE,0000,p0000,True,0.0719445159149145,0.0455752766418413,-0.0263692392730732,UNKNOWN,False,60.0,60.0075675859116,False,0,/home/sunshixin/chenchao/my_rlaf/data/test/3sat/400/3sat_192.cnf,False,UNKNOWN,False,55.0,55.00802815705538,False,0.0,True,False,60.0,full,5.0,55.0,False,False
3sat_193.cnf,0,False,60.30305775794983,0.0226295219209922,INDETERMINATE,0,False,60.33828202139791,0.0237062671583664,INDETERMINATE,0,False,60.41270487064616,0.0396097615636697,INDETERMINATE,0,False,60.36790629803976,0.0193416390539117,INDETERMINATE,0000,p0000,True,0.0744228492482506,0.0296242766418544,-0.0447985726063961,UNKNOWN,False,60.0,60.00881223520264,False,0,/home/sunshixin/chenchao/my_rlaf/data/test/3sat/400/3sat_193.cnf,False,UNKNOWN,False,55.0,55.00487669324502,False,0.0,True,False,60.0,full,5.0,55.0,False,False
3sat_194.cnf,0,False,60.30509109128317,0.0314160647448025,INDETERMINATE,0,False,60.34436702139791,0.0221545927552797,INDETERMINATE,0,False,60.401571537312826,0.0466332069372954,INDETERMINATE,0,False,60.371864631373086,0.0183352561156009,INDETERMINATE,0000,p0000,True,0.0572045159149183,0.0274976099751782,-0.0297069059397401,UNKNOWN,False,60.0,60.00798304984346,False,0,/home/sunshixin/chenchao/my_rlaf/data/test/3sat/400/3sat_194.cnf,False,UNKNOWN,False,55.0,55.00834214920178,False,0.0,True,False,60.0,full,5.0,55.0,False,False
3sat_195.cnf,0,False,60.30605775794982,0.0315160059901836,INDETERMINATE,0,False,60.3448340213979,0.0221990365242746,INDETERMINATE,0,False,60.40746387064616,0.0412547691796709,INDETERMINATE,0,False,60.36918429803975,0.0243279035340444,INDETERMINATE,0000,p0000,True,0.0626298492482604,0.0243502766418473,-0.0382795726064131,SATISFIABLE,True,47.50026782695204,47.50026782695204,False,10,/home/sunshixin/chenchao/my_rlaf/data/test/3sat/400/3sat_195.cnf,False,SATISFIABLE,True,38.91889136424288,38.91889136424288,False,10.0,True,True,43.91889136424288,full,5.0,55.0,False,False
3sat_196.cnf,3,True,31.219024424616496,0.3987585641571733,SATISFIABLE,3,True,31.30469535473124,0.5962571330056702,SATISFIABLE,3,True,12.11214887064616,0.0771685010470109,SATISFIABLE,3,True,11.82615796470642,0.2149304548350766,SATISFIABLE,1111,p1111,True,-19.19254648408508,-19.47853739002482,-0.2859909059397392,SATISFIABLE,True,2.9408471388742328,2.9408471388742328,False,10,/home/sunshixin/chenchao/my_rlaf/data/test/3sat/400/3sat_196.cnf,False,SATISFIABLE,True,2.2773971860297024,2.2773971860297024,False,10.0,True,True,7.277397186029702,full,5.0,55.0,False,False
3sat_197.cnf,0,False,60.30165775794983,0.0228556621472286,INDETERMINATE,0,False,60.34853802139791,0.0339509425165559,INDETERMINATE,0,False,60.40364553731282,0.0480198652462094,INDETERMINATE,0,False,60.36797496470641,0.0062957156483142,INDETERMINATE,0000,p0000,True,0.0551075159149121,0.0194369433085057,-0.0356705726064063,UNKNOWN,False,60.0,60.00692368904129,False,0,/home/sunshixin/chenchao/my_rlaf/data/test/3sat/400/3sat_197.cnf,False,UNKNOWN,False,55.0,55.006430108100176,False,0.0,True,False,60.0,full,5.0,55.0,False,False
3sat_198.cnf,0,False,60.33141090367635,0.0509530962252756,INDETERMINATE,0,False,60.349612230163565,0.0071587977369047,INDETERMINATE,0,False,60.40489741720581,0.0263340439064943,INDETERMINATE,0,False,60.38166672647094,0.0082896222727609,INDETERMINATE,0000,p0000,True,0.0552851870422443,0.0320544963073743,-0.02323069073487,UNKNOWN,False,60.0,60.00920892460272,False,0,/home/sunshixin/chenchao/my_rlaf/data/test/3sat/400/3sat_198.cnf,False,UNKNOWN,False,55.0,55.00665094703436,False,0.0,True,False,60.0,full,5.0,55.0,False,False
3sat_199.cnf,0,False,60.32441090367635,0.0405258541761087,INDETERMINATE,0,False,60.34572189683024,0.007840040531243,INDETERMINATE,0,False,60.38638875053914,0.0288198763529968,INDETERMINATE,0,False,60.38793305980428,0.0132206208510044,INDETERMINATE,0000,p0000,True,0.0406668537089061,0.0422111629740413,0.0015443092651352,UNKNOWN,False,60.0,60.00878511695191,False,0,/home/sunshixin/chenchao/my_rlaf/data/test/3sat/400/3sat_199.cnf,False,UNKNOWN,False,55.0,55.00741204665974,False,0.0,True,False,60.0,full,5.0,55.0,False,False
3sat_2.cnf,0,False,60.33337757034303,0.037996451308878,INDETERMINATE,0,False,60.34544356349691,0.0192753329940997,INDETERMINATE,0,False,60.40092608387247,0.0208434148552606,INDETERMINATE,0,False,60.38628305980428,0.0448410682997508,INDETERMINATE,0000,p0000,True,0.0554825203755626,0.0408394963073703,-0.0146430240681922,UNKNOWN,False,60.0,60.00715649081394,False,0,/home/sunshixin/chenchao/my_rlaf/data/test/3sat/400/3sat_2.cnf,False,UNKNOWN,False,55.0,55.007223506923765,False,0.0,True,False,60.0,full,5.0,55.0,False,False
3sat_20.cnf,3,True,12.713544237009684,0.0834026496674186,SATISFIABLE,3,True,12.473660563496908,0.0880903837797655,SATISFIABLE,3,True,12.69525741720581,0.2376515868354586,SATISFIABLE,3,True,12.50511805980428,0.2251264498799875,SATISFIABLE,1111,p1111,True,0.2215968537089008,0.0314574963073717,-0.1901393574015291,SATISFIABLE,True,1.4493690188974142,1.4493690188974142,False,10,/home/sunshixin/chenchao/my_rlaf/data/test/3sat/400/3sat_20.cnf,False,SATISFIABLE,True,1.1488669579848647,1.1488669579848647,False,10.0,True,True,6.148866957984865,full,5.0,55.0,False,False
3sat_21.cnf,0,False,60.32851090367635,0.0337402499684711,INDETERMINATE,0,False,60.33865023016358,0.0039761024197533,INDETERMINATE,0,False,60.398465750539145,0.0384526928390053,INDETERMINATE,0,False,60.39395572647095,0.0200547265671483,INDETERMINATE,0000,p0000,True,0.0598155203755652,0.0553054963073691,-0.0045100240681961,UNKNOWN,False,60.0,60.00869632977992,False,0,/home/sunshixin/chenchao/my_rlaf/data/test/3sat/400/3sat_21.cnf,False,UNKNOWN,False,55.0,55.00691990600899,False,0.0,True,False,60.0,full,5.0,55.0,False,False
3sat_22.cnf,3,True,1.687030903676351,0.0526513745729651,SATISFIABLE,3,True,1.759665896830241,0.0222200891734278,SATISFIABLE,3,True,1.8208860838724767,0.0594830429144827,SATISFIABLE,3,True,1.789797393137614,0.0183454540018453,SATISFIABLE,1111,p1111,True,0.0612201870422364,0.0301314963073728,-0.0310886907348635,SATISFIABLE,True,18.592141778673977,18.592141778673977,False,10,/home/sunshixin/chenchao/my_rlaf/data/test/3sat/400/3sat_22.cnf,True,,False,55.0,,,,False,True,1.789797393137614,full,5.0,55.0,False,False
3sat_23.cnf,0,False,60.33467757034302,0.0380928050682638,INDETERMINATE,0,False,60.35454289683023,0.003661846131277,INDETERMINATE,0,False,60.40273408387248,0.0178545844888177,INDETERMINATE,0,False,60.37929705980428,0.0094428918950172,INDETERMINATE,0000,p0000,True,0.0481911870422493,0.0247541629740482,-0.0234370240682011,UNKNOWN,False,60.0,60.0085968519561,False,0,/home/sunshixin/chenchao/my_rlaf/data/test/3sat/400/3sat_23.cnf,False,UNKNOWN,False,55.0,55.007057953160256,False,0.0,True,False,60.0,full,5.0,55.0,False,False
3sat_24.cnf,3,True,4.481920903676351,0.0259778888069786,SATISFIABLE,3,True,4.565438563496908,0.0522793707602697,SATISFIABLE,3,True,4.506363417205811,0.1178445284515721,SATISFIABLE,3,True,4.476213726470948,0.1077923333904752,SATISFIABLE,1111,p1111,True,-0.0590751462910974,-0.0892248370259602,-0.0301496907348628,SATISFIABLE,True,0.6385623048990965,0.6385623048990965,False,10,/home/sunshixin/chenchao/my_rlaf/data/test/3sat/400/3sat_24.cnf,True,,False,55.0,,,,False,True,4.476213726470948,full,5.0,55.0,False,False
3sat_25.cnf,3,True,1.5219375703430178,0.0508809096159081,SATISFIABLE,3,True,1.5331822301635742,0.0219586943732387,SATISFIABLE,3,True,1.5754950838724773,0.0424101186056695,SATISFIABLE,3,True,1.556499393137614,0.0329138197177458,SATISFIABLE,1111,p1111,True,0.042312853708903,0.0233171629740396,-0.0189956907348634,UNKNOWN,False,60.0,60.0168649549596,False,0,/home/sunshixin/chenchao/my_rlaf/data/test/3sat/400/3sat_25.cnf,True,,False,55.0,,,,False,True,1.556499393137614,full,5.0,55.0,True,False
3sat_26.cnf,0,False,60.340444237009685,0.0383757585045385,INDETERMINATE,0,False,60.3521295634969,0.0081150790896226,INDETERMINATE,0,False,60.39592808387248,0.0373105473932534,INDETERMINATE,0,False,60.38589372647095,0.0123955633255503,INDETERMINATE,0000,p0000,True,0.0437985203755815,0.0337641629740446,-0.0100343574015369,UNKNOWN,False,60.0,60.00712894182652,False,0,/home/sunshixin/chenchao/my_rlaf/data/test/3sat/400/3sat_26.cnf,False,UNKNOWN,False,55.0,55.00706823775545,False,0.0,True,False,60.0,full,5.0,55.0,False,False
3sat_27.cnf,3,True,0.5109652749176025,0.0097255300312512,SATISFIABLE,3,True,0.6196557338002523,0.0500270268069051,SATISFIABLE,3,True,0.5898418227030436,0.0290167708139721,SATISFIABLE,3,True,0.6118038609619142,0.0364379610420335,SATISFIABLE,1111,p1111,True,-0.0298139110972086,-0.0078518728383381,0.0219620382588705,SATISFIABLE,True,1.191111512016505,1.191111512016505,False,10,/home/sunshixin/chenchao/my_rlaf/data/test/3sat/400/3sat_27.cnf,True,,False,55.0,,,,False,True,0.6118038609619142,full,5.0,55.0,False,False
3sat_28.cnf,0,False,60.29495327491761,0.0088240493431831,INDETERMINATE,0,False,60.41337906713358,0.0430269013756538,INDETERMINATE,0,False,60.36659715603637,0.0312994470262194,INDETERMINATE,0,False,60.41163886096192,0.0436530092769939,INDETERMINATE,0000,p0000,True,-0.0467819110972129,-0.001740206171668,0.0450417049255449,SATISFIABLE,True,17.859642781782895,17.859642781782895,False,10,/home/sunshixin/chenchao/my_rlaf/data/test/3sat/400/3sat_28.cnf,False,SATISFIABLE,True,14.622571786865592,14.622571786865592,False,10.0,True,True,19.622571786865592,full,5.0,55.0,False,False
3sat_29.cnf,0,False,60.2978532749176,0.0114271300683558,INDETERMINATE,0,False,60.41164906713359,0.0471756567512244,INDETERMINATE,0,False,60.36592782270304,0.0227779935871557,INDETERMINATE,0,False,60.40492586096192,0.0511710729346677,INDETERMINATE,0000,p0000,True,-0.0457212444305454,-0.0067232061716708,0.0389980382588746,SATISFIABLE,True,36.56515139807016,36.56515139807016,False,10,/home/sunshixin/chenchao/my_rlaf/data/test/3sat/400/3sat_29.cnf,False,SATISFIABLE,True,30.36302360799164,30.36302360799164,False,10.0,True,True,35.363023607991636,full,5.0,55.0,False,False
3sat_3.cnf,0,False,60.29118660825094,0.0125637320744971,INDETERMINATE,0,False,60.40989973380025,0.0457899360906055,INDETERMINATE,0,False,60.37800748936971,0.0228216756426427,INDETERMINATE,0,False,60.39980086096191,0.0486969109571199,INDETERMINATE,0000,p0000,True,-0.0318922444305442,-0.0100988728383413,0.0217933715922029,UNKNOWN,False,60.0,60.00698862224817,False,0,/home/sunshixin/chenchao/my_rlaf/data/test/3sat/400/3sat_3.cnf,False,UNKNOWN,False,55.0,55.00747812120244,False,0.0,True,False,60.0,full,5.0,55.0,False,False
3sat_30.cnf,0,False,60.293553274917606,0.0090412238571478,INDETERMINATE,0,False,60.40214873380025,0.0476197044396811,INDETERMINATE,0,False,60.39038915603638,0.0223598872363503,INDETERMINATE,0,False,60.40358052762858,0.0240482190894903,INDETERMINATE,0000,p0000,True,-0.0117595777638754,0.0014317938283241,0.0131913715921996,SATISFIABLE,True,18.332298184745014,18.332298184745014,False,10,/home/sunshixin/chenchao/my_rlaf/data/test/3sat/400/3sat_30.cnf,False,SATISFIABLE,True,14.51909659197554,14.51909659197554,False,10.0,True,True,19.51909659197554,full,5.0,55.0,False,False
3sat_31.cnf,0,False,60.3007532749176,0.0090345375573485,INDETERMINATE,0,False,60.39557906713358,0.0374593135072086,INDETERMINATE,0,False,60.37524582270304,0.0241158828879079,INDETERMINATE,0,False,60.37781986096192,0.0619816627993321,INDETERMINATE,0000,p0000,True,-0.0203332444305388,-0.017759206171668,0.0025740382588708,UNKNOWN,False,60.0,60.00733006792143,False,0,/home/sunshixin/chenchao/my_rlaf/data/test/3sat/400/3sat_31.cnf,False,UNKNOWN,False,55.0,55.00708668678999,False,0.0,True,False,60.0,full,5.0,55.0,False,False
3sat_32.cnf,0,False,60.2925532749176,0.0074137124878275,INDETERMINATE,0,False,60.40494040046692,0.047481930635258,INDETERMINATE,0,False,60.37618548936971,0.0291268076939679,INDETERMINATE,0,False,60.38994819429524,0.0471410210045029,INDETERMINATE,0000,p0000,True,-0.0287549110972094,-0.0149922061716765,0.0137627049255328,UNKNOWN,False,60.0,60.00711708795279,False,0,/home/sunshixin/chenchao/my_rlaf/data/test/3sat/400/3sat_32.cnf,False,UNKNOWN,False,55.0,55.00629555620253,False,0.0,True,False,60.0,full,5.0,55.0,False,False
3sat_33.cnf,0,False,60.28798660825094,0.0105223772142269,INDETERMINATE,0,False,60.399007733800254,0.0528193297750564,INDETERMINATE,0,False,60.36450215603637,0.0291428950020881,INDETERMINATE,0,False,60.393240527628585,0.0381379891008499,INDETERMINATE,0000,p0000,True,-0.0345055777638805,-0.0057672061716687,0.0287383715922118,UNKNOWN,False,60.0,60.006149183027446,False,0,/home/sunshixin/chenchao/my_rlaf/data/test/3sat/400/3sat_33.cnf,False,UNKNOWN,False,55.0,55.0059219095856,False,0.0,True,False,60.0,full,5.0,55.0,False,False
3sat_34.cnf,0,False,60.29351994158427,0.01021510140003,INDETERMINATE,0,False,60.39809006713359,0.0358212723570571,INDETERMINATE,0,False,60.37173615603638,0.0212203075210502,INDETERMINATE,0,False,60.41582919429524,0.0420512759460135,INDETERMINATE,0000,p0000,True,-0.0263539110972104,0.0177391271616542,0.0440930382588646,UNKNOWN,False,60.0,60.0071992110461,False,0,/home/sunshixin/chenchao/my_rlaf/data/test/3sat/400/3sat_34.cnf,False,UNKNOWN,False,55.0,55.00705711776391,False,0.0,True,False,60.0,full,5.0,55.0,False,False
3sat_35.cnf,0,False,60.29568660825094,0.0152901738812922,INDETERMINATE,0,False,60.40228506713359,0.0485878862187695,INDETERMINATE,0,False,60.36806682270304,0.0256538705109082,INDETERMINATE,0,False,60.40492719429525,0.0391440813357938,INDETERMINATE,0000,p0000,True,-0.0342182444305478,0.002642127161657,0.0368603715922049,UNKNOWN,False,60.0,60.00841456465423,False,0,/home/sunshixin/chenchao/my_rlaf/data/test/3sat/400/3sat_35.cnf,False,UNKNOWN,False,55.0,55.00747232092544,False,0.0,True,False,60.0,full,5.0,55.0,False,False
3sat_36.cnf,0,False,60.28810540517171,0.0126872158208276,INDETERMINATE,0,False,60.39843685390218,0.0325399439041927,INDETERMINATE,0,False,60.36427506005351,0.0239678529620063,INDETERMINATE,0,False,60.38705329456075,0.027047054606516,INDETERMINATE,0000,p0000,True,-0.0341617938486749,-0.0113835593414322,0.0227782345072427,UNKNOWN,False,60.0,60.00665976293385,False,0,/home/sunshixin/chenchao/my_rlaf/data/test/3sat/400/3sat_36.cnf,False,UNKNOWN,False,55.0,55.006636935751885,False,0.0,True,False,60.0,full,5.0,55.0,False,False
3sat_37.cnf,0,False,60.28273873850505,0.0117383125999298,INDETERMINATE,0,False,60.38003985390218,0.0385403681601311,INDETERMINATE,0,False,60.37300706005351,0.0086102017791985,INDETERMINATE,0,False,60.39451896122742,0.0185227638964122,INDETERMINATE,0000,p0000,True,-0.0070327938486727,0.0144791073252363,0.0215119011739091,UNKNOWN,False,60.0,60.00780232576653,False,0,/home/sunshixin/chenchao/my_rlaf/data/test/3sat/400/3sat_37.cnf,False,UNKNOWN,False,55.0,55.00675708102062,False,0.0,True,False,60.0,full,5.0,55.0,False,False
3sat_38.cnf,0,False,60.29473873850504,0.0241795975699889,INDETERMINATE,0,False,60.39203252056884,0.0349127859336372,INDETERMINATE,0,False,60.367835726720166,0.0028007980397211,INDETERMINATE,0,False,60.38149996122741,0.0222437865753844,INDETERMINATE,0000,p0000,True,-0.0241967938486737,-0.0105325593414278,0.0136642345072459,UNKNOWN,False,60.0,60.00738907372579,False,0,/home/sunshixin/chenchao/my_rlaf/data/test/3sat/400/3sat_38.cnf,False,UNKNOWN,False,55.0,55.01250100182369,False,0.0,True,False,60.0,full,5.0,55.0,False,False
3sat_39.cnf,0,False,60.28887207183838,0.0233022283456937,INDETERMINATE,0,False,60.39250285390218,0.0419750499393194,INDETERMINATE,0,False,60.369703060053496,0.0068162477906395,INDETERMINATE,0,False,60.37640962789408,0.0184832837066196,INDETERMINATE,0000,p0000,True,-0.0227997938486836,-0.0160932260080954,0.0067065678405882,UNKNOWN,False,60.0,60.0073955822736,False,0,/home/sunshixin/chenchao/my_rlaf/data/test/3sat/400/3sat_39.cnf,False,UNKNOWN,False,55.0,55.00750508112833,False,0.0,True,False,60.0,full,5.0,55.0,False,False
3sat_4.cnf,0,False,60.28117207183838,0.0147065372506159,INDETERMINATE,0,False,60.38901118723552,0.0457753201900639,INDETERMINATE,0,False,60.362495060053504,0.0083271866210501,INDETERMINATE,0,False,60.393045961227415,0.0158821598881352,INDETERMINATE,0000,p0000,True,-0.0265161271820133,0.0040347739918971,0.0305509011739104,SATISFIABLE,True,46.46183716319501,46.46183716319501,False,10,/home/sunshixin/chenchao/my_rlaf/data/test/3sat/400/3sat_4.cnf,False,SATISFIABLE,True,37.53505751118064,37.53505751118064,False,10.0,True,True,42.53505751118064,full,5.0,55.0,False,False
3sat_40.cnf,0,False,60.284038738505046,0.0172308716297449,INDETERMINATE,0,False,60.38916818723551,0.0442052521090889,INDETERMINATE,0,False,60.37918639338684,0.006886676671545,INDETERMINATE,0,False,60.38616529456075,0.0221353463525987,INDETERMINATE,0000,p0000,True,-0.0099817938486665,-0.0030028926747576,0.0069789011739089,UNKNOWN,False,60.0,60.00718738511205,False,0,/home/sunshixin/chenchao/my_rlaf/data/test/3sat/400/3sat_40.cnf,False,UNKNOWN,False,55.0,55.00734145008028,False,0.0,True,False,60.0,full,5.0,55.0,False,False
3sat_41.cnf,0,False,60.28833873850505,0.0088568193047276,INDETERMINATE,0,False,60.39942118723551,0.0470207901645541,INDETERMINATE,0,False,60.36796206005351,0.0125654953238968,INDETERMINATE,0,False,60.393885294560754,0.0228668238068399,INDETERMINATE,0000,p0000,True,-0.0314591271820035,-0.0055358926747572,0.0259232345072462,UNKNOWN,False,60.0,60.007017077412456,False,0,/home/sunshixin/chenchao/my_rlaf/data/test/3sat/400/3sat_41.cnf,False,UNKNOWN,False,55.0,55.00731188198552,False,0.0,True,False,60.0,full,5.0,55.0,False,False
3sat_42.cnf,0,False,60.29000540517171,0.0212639213224737,INDETERMINATE,0,False,60.37848152056885,0.0372254164540698,INDETERMINATE,0,False,60.35200472672017,0.0043652190902028,INDETERMINATE,0,False,60.38234396122741,0.0246693634281165,INDETERMINATE,0000,p0000,True,-0.0264767938486798,0.0038624406585654,0.0303392345072452,UNKNOWN,False,60.0,60.007241365965456,False,0,/home/sunshixin/chenchao/my_rlaf/data/test/3sat/400/3sat_42.cnf,False,UNKNOWN,False,55.0,55.00748649472371,False,0.0,True,False,60.0,full,5.0,55.0,False,False
3sat_43.cnf,0,False,60.29160540517171,0.0135553174641312,INDETERMINATE,0,False,60.39679818723551,0.0334028905155611,INDETERMINATE,0,False,60.369833726720174,0.0127803006608472,INDETERMINATE,0,False,60.379377294560754,0.0251306934806874,INDETERMINATE,0000,p0000,True,-0.0269644605153374,-0.0174208926747567,0.0095435678405806,UNKNOWN,False,60.0,60.00751514872536,False,0,/home/sunshixin/chenchao/my_rlaf/data/test/3sat/400/3sat_43.cnf,False,UNKNOWN,False,55.0,55.007235972676426,False,0.0,True,False,60.0,full,5.0,55.0,False,False
3sat_44.cnf,0,False,60.29683873850505,0.0130962366433013,INDETERMINATE,0,False,60.37273652056884,0.0438723162630332,INDETERMINATE,0,False,60.38125472672018,0.0081714126882342,INDETERMINATE,0,False,60.385316294560745,0.0209892699868296,INDETERMINATE,0000,p0000,True,0.0085182061513364,0.0125797739919022,0.0040615678405657,UNKNOWN,False,60.0,60.00831398833543,False,0,/home/sunshixin/chenchao/my_rlaf/data/test/3sat/400/3sat_44.cnf,False,UNKNOWN,False,55.0,55.00674062781036,False,0.0,True,False,60.0,full,5.0,55.0,False,False
3sat_45.cnf,0,False,60.32781450436911,0.0615167770580172,INDETERMINATE,0,False,60.37563609144084,0.0144042351659174,INDETERMINATE,0,False,60.4022718986613,0.037014568834486,INDETERMINATE,0,False,60.38082615542603,0.0115285946264413,INDETERMINATE,0000,p0000,True,0.0266358072204582,0.0051900639851893,-0.0214457432352688,UNKNOWN,False,60.0,60.00663161603734,False,0,/home/sunshixin/chenchao/my_rlaf/data/test/3sat/400/3sat_45.cnf,False,UNKNOWN,False,55.0,55.00696691405028,False,0.0,True,False,60.0,full,5.0,55.0,False,False
3sat_46.cnf,3,True,36.742914504369104,0.6398315592729346,SATISFIABLE,3,True,37.45841042477417,0.0484218221146175,SATISFIABLE,3,True,0.6399398986612955,0.0571366282166032,SATISFIABLE,3,True,0.606965822092692,0.0057255724339491,SATISFIABLE,1111,p1111,True,-36.81847052611288,-36.85144460268148,-0.0329740765686035,SATISFIABLE,True,1.459800926968455,1.459800926968455,False,10,/home/sunshixin/chenchao/my_rlaf/data/test/3sat/400/3sat_46.cnf,True,,False,55.0,,,,False,True,0.606965822092692,full,5.0,55.0,False,False
3sat_47.cnf,3,True,2.8654145043691,0.0327781043202688,SATISFIABLE,3,True,2.88135142477417,0.0644737764585671,SATISFIABLE,3,True,2.9875125653279624,0.0589712254556263,SATISFIABLE,3,True,2.872840155426025,0.0339071962303867,SATISFIABLE,1111,p1111,True,0.1061611405537923,-0.0085112693481446,-0.1146724099019369,SATISFIABLE,True,0.6218615197576582,0.6218615197576582,False,10,/home/sunshixin/chenchao/my_rlaf/data/test/3sat/400/3sat_47.cnf,True,,False,55.0,,,,False,True,2.872840155426025,full,5.0,55.0,False,False
3sat_48.cnf,0,False,60.3296145043691,0.0606556489148495,INDETERMINATE,0,False,60.362877424774176,0.003213948057249,INDETERMINATE,0,False,60.39435423199463,0.053503539205235,INDETERMINATE,0,False,60.389411155426025,0.0052658168253783,INDETERMINATE,0000,p0000,True,0.0314768072204572,0.0265337306518489,-0.0049430765686082,UNKNOWN,False,60.0,60.007205919828266,False,0,/home/sunshixin/chenchao/my_rlaf/data/test/3sat/400/3sat_48.cnf,False,SATISFIABLE,True,54.38256242964417,54.38256242964417,False,10.0,True,True,59.38256242964417,full,5.0,55.0,True,False
3sat_49.cnf,0,False,60.3245145043691,0.0497681049677008,INDETERMINATE,0,False,60.36353109144084,0.0140629889534304,INDETERMINATE,0,False,60.40653556532797,0.062115829053704,INDETERMINATE,0,False,60.37737248875936,0.0101008954421328,INDETERMINATE,0000,p0000,True,0.0430044738871231,0.0138413973185151,-0.0291630765686079,UNKNOWN,False,60.0,60.00713792582974,False,0,/home/sunshixin/chenchao/my_rlaf/data/test/3sat/400/3sat_49.cnf,False,UNKNOWN,False,55.0,55.00772497802973,False,0.0,True,False,60.0,full,5.0,55.0,False,False
3sat_5.cnf,0,False,60.33644783770245,0.0661504026933395,INDETERMINATE,0,False,60.36576109144084,0.0225863484665682,INDETERMINATE,0,False,60.38745756532796,0.0437099250901053,INDETERMINATE,0,False,60.372874155426025,0.0116671870914937,INDETERMINATE,0000,p0000,True,0.0216964738871254,0.0071130639851872,-0.0145834099019381,UNKNOWN,False,60.0,60.009425341151655,False,0,/home/sunshixin/chenchao/my_rlaf/data/test/3sat/400/3sat_5.cnf,False,UNKNOWN,False,55.0,55.00443200720474,False,0.0,True,False,60.0,full,5.0,55.0,False,False
3sat_50.cnf,0,False,60.343714504369096,0.0616143778171857,INDETERMINATE,0,False,60.36927809144083,0.0146252433108368,INDETERMINATE,0,False,60.407053898661296,0.0539980974818729,INDETERMINATE,0,False,60.37882115542603,0.0168185398937232,INDETERMINATE,0000,p0000,True,0.0377758072204628,0.0095430639851983,-0.0282327432352644,UNKNOWN,False,60.0,60.00889032613486,False,0,/home/sunshixin/chenchao/my_rlaf/data/test/3sat/400/3sat_50.cnf,False,UNKNOWN,False,55.0,55.00651338789612,False,0.0,True,False,60.0,full,5.0,55.0,False,False
3sat_51.cnf,0,False,60.3352145043691,0.0568685985477464,INDETERMINATE,0,False,60.35494209144084,0.0151292499870664,INDETERMINATE,0,False,60.401020898661294,0.0630334056481547,INDETERMINATE,0,False,60.38896482209268,0.006031373107954,INDETERMINATE,0000,p0000,True,0.0460788072204536,0.0340227306518414,-0.0120560765686121,UNKNOWN,False,60.0,60.00600000889972,False,0,/home/sunshixin/chenchao/my_rlaf/data/test/3sat/400/3sat_51.cnf,False,UNKNOWN,False,55.0,55.00681422185153,False,0.0,True,False,60.0,full,5.0,55.0,False,False
3sat_52.cnf,0,False,60.3314145043691,0.0620849870281871,INDETERMINATE,0,False,60.36299142477417,0.0194171722955502,INDETERMINATE,0,False,60.4109928986613,0.0511257451239369,INDETERMINATE,0,False,60.36120148875936,0.032858878859158,INDETERMINATE,0000,p0000,True,0.0480014738871261,-0.0017899360148163,-0.0497914099019425,UNKNOWN,False,60.0,60.00770746404305,False,0,/home/sunshixin/chenchao/my_rlaf/data/test/3sat/400/3sat_52.cnf,False,UNKNOWN,False,55.0,55.00476157478988,False,0.0,True,False,60.0,full,5.0,55.0,False,False
3sat_53.cnf,0,False,60.32144783770244,0.050365977923847,INDETERMINATE,0,False,60.3603957581075,0.0056529364224118,INDETERMINATE,0,False,60.41496323199463,0.0513628999092631,INDETERMINATE,0,False,60.37375115542603,0.0036953639930947,INDETERMINATE,0000,p0000,True,0.0545674738871255,0.0133553973185271,-0.0412120765685983,UNKNOWN,False,60.0,60.00636154599488,False,0,/home/sunshixin/chenchao/my_rlaf/data/test/3sat/400/3sat_53.cnf,False,UNKNOWN,False,55.0,55.01442778017372,False,0.0,True,False,60.0,full,5.0,55.0,False,False
3sat_54.cnf,3,True,21.948371445337937,0.605386559859315,SATISFIABLE,3,True,22.15634211629741,0.3986577410423037,SATISFIABLE,3,True,22.16530631655884,0.1292714149314384,SATISFIABLE,3,True,22.48909580336507,0.0238989412991256,SATISFIABLE,1111,p1111,True,0.0089642002614311,0.3327536870676653,0.3237894868062341,SATISFIABLE,True,5.030556058045477,5.030556058045477,False,10,/home/sunshixin/chenchao/my_rlaf/data/test/3sat/400/3sat_54.cnf,False,SATISFIABLE,True,4.03351306123659,4.03351306123659,False,10.0,True,True,9.03351306123659,full,5.0,55.0,False,False
3sat_55.cnf,0,False,60.28517144533794,0.010718866538147,INDETERMINATE,0,False,60.371843116297406,0.0146829336536162,INDETERMINATE,0,False,60.41989531655884,0.046769430833511,INDETERMINATE,0,False,60.345971803365074,0.0243349762569693,INDETERMINATE,0000,p0000,True,0.0480522002614307,-0.0258713129323311,-0.0739235131937618,UNKNOWN,False,60.0,60.00724518299103,False,0,/home/sunshixin/chenchao/my_rlaf/data/test/3sat/400/3sat_55.cnf,False,UNKNOWN,False,55.0,55.00674978084862,False,0.0,True,False,60.0,full,5.0,55.0,False,False
3sat_56.cnf,0,False,60.2901381120046,0.0100360614956064,INDETERMINATE,0,False,60.36656311629741,0.0041870800683319,INDETERMINATE,0,False,60.40892664989217,0.0333904376814031,INDETERMINATE,0,False,60.35589380336506,0.0256057517286051,INDETERMINATE,0000,p0000,True,0.0423635335947665,-0.0106693129323431,-0.0530328465271097,SATISFIABLE,True,18.39492767164484,18.39492767164484,False,10,/home/sunshixin/chenchao/my_rlaf/data/test/3sat/400/3sat_56.cnf,False,SATISFIABLE,True,14.712950830813496,14.712950830813496,False,10.0,True,True,19.712950830813497,full,5.0,55.0,False,False
3sat_57.cnf,0,False,60.2933381120046,0.0097860524934152,INDETERMINATE,0,False,60.36769744963075,0.0140669920259403,INDETERMINATE,0,False,60.4038059832255,0.0576057603859689,INDETERMINATE,0,False,60.35924880336509,0.02483992216514,INDETERMINATE,0000,p0000,True,0.0361085335947564,-0.0084486462656627,-0.0445571798604191,SATISFIABLE,True,47.37102061184123,47.37102061184123,False,10,/home/sunshixin/chenchao/my_rlaf/data/test/3sat/400/3sat_57.cnf,False,SATISFIABLE,True,39.730483822058886,39.730483822058886,False,10.0,True,True,44.730483822058886,full,5.0,55.0,False,False
3sat_58.cnf,0,False,60.2910381120046,0.0161195956418394,INDETERMINATE,0,False,60.37388111629741,0.0126674887806616,INDETERMINATE,0,False,60.41501431655883,0.0644281894934386,INDETERMINATE,0,False,60.36477880336506,0.0209202882122372,INDETERMINATE,0000,p0000,True,0.0411332002614202,-0.0091023129323488,-0.050235513193769,SATISFIABLE,True,6.990795596968383,6.990795596968383,False,10,/home/sunshixin/chenchao/my_rlaf/data/test/3sat/400/3sat_58.cnf,False,SATISFIABLE,True,5.35115858912468,5.35115858912468,False,10.0,True,True,10.35115858912468,full,5.0,55.0,False,False
3sat_59.cnf,0,False,60.28913811200459,0.0196635888926279,INDETERMINATE,0,False,60.371430449630736,0.0249559504211189,INDETERMINATE,0,False,60.41198664989216,0.0529157942829487,INDETERMINATE,0,False,60.36388180336508,0.0131704486557296,INDETERMINATE,0000,p0000,True,0.0405562002614274,-0.0075486462656613,-0.0481048465270887,SATISFIABLE,True,0.5967489751055837,0.5967489751055837,False,10,/home/sunshixin/chenchao/my_rlaf/data/test/3sat/400/3sat_59.cnf,False,SATISFIABLE,True,0.4882317460142076,0.4882317460142076,False,10.0,True,True,5.488231746014208,full,5.0,55.0,False,False
3sat_6.cnf,0,False,60.288271445337934,0.0068650755507817,INDETERMINATE,0,False,60.36090311629741,0.0017499640962042,INDETERMINATE,0,False,60.414565649892175,0.0565813500815359,INDETERMINATE,0,False,60.346742470031735,0.0092890314404077,INDETERMINATE,0000,p0000,True,0.0536625335947675,-0.0141606462656724,-0.06782317986044,UNKNOWN,False,60.0,60.00981050124392,False,0,/home/sunshixin/chenchao/my_rlaf/data/test/3sat/400/3sat_6.cnf,False,UNKNOWN,False,55.0,55.00750351464376,False,0.0,True,False,60.0,full,5.0,55.0,False,False
3sat_60.cnf,0,False,60.2861381120046,0.0099119950003133,INDETERMINATE,0,False,60.36320078296407,0.0173251718704475,INDETERMINATE,0,False,60.40255531655884,0.0483092845205357,INDETERMINATE,0,False,60.35823280336508,0.0118704055864873,INDETERMINATE,0000,p0000,True,0.0393545335947678,-0.0049679795989945,-0.0443225131937623,SATISFIABLE,True,26.81406234530732,26.81406234530732,False,10,/home/sunshixin/chenchao/my_rlaf/data/test/3sat/400/3sat_60.cnf,False,SATISFIABLE,True,22.29542230209336,22.29542230209336,False,10.0,True,True,27.29542230209336,full,5.0,55.0,False,False
3sat_61.cnf,0,False,60.28917144533793,0.0049994675496729,INDETERMINATE,0,False,60.35736011629741,0.0271031615516653,INDETERMINATE,0,False,60.40703564989216,0.0470093372473859,INDETERMINATE,0,False,60.357692470031736,0.023347451837412,INDETERMINATE,0000,p0000,True,0.0496755335947511,0.0003323537343291,-0.049343179860422,UNKNOWN,False,60.0,60.00822818791494,False,0,/home/sunshixin/chenchao/my_rlaf/data/test/3sat/400/3sat_61.cnf,False,UNKNOWN,False,55.0,55.007580680307,False,0.0,True,False,60.0,full,5.0,55.0,False,False
3sat_62.cnf,0,False,60.28640477867126,0.0105684792904278,INDETERMINATE,0,False,60.37097378296408,0.0188012655651946,INDETERMINATE,0,False,60.41108031655884,0.0486097279379802,INDETERMINATE,0,False,60.35263813669841,0.0186662817892152,INDETERMINATE,0000,p0000,True,0.0401065335947592,-0.0183356462656689,-0.0584421798604282,UNKNOWN,False,60.0,60.00765453465283,False,0,/home/sunshixin/chenchao/my_rlaf/data/test/3sat/400/3sat_62.cnf,False,UNKNOWN,False,55.0,55.00689121987671,False,0.0,True,False,60.0,full,5.0,55.0,False,False
3sat_63.cnf,3,True,5.27007304918925,0.0937234301567597,SATISFIABLE,3,True,5.52556246619161,0.1289002707449688,SATISFIABLE,3,True,5.3477575908864345,0.0494428376516745,SATISFIABLE,3,True,5.619469840744018,0.0581246775716097,SATISFIABLE,1111,p1111,True,-0.177804875305175,0.0939073745524083,0.2717122498575834,SATISFIABLE,True,40.523911610711366,40.523911610711366,False,10,/home/sunshixin/chenchao/my_rlaf/data/test/3sat/400/3sat_63.cnf,False,SATISFIABLE,True,32.569067060016096,32.569067060016096,False,10.0,True,True,37.569067060016096,full,5.0,55.0,False,False
3sat_64.cnf,0,False,60.29299638252258,0.0150326127820237,INDETERMINATE,0,False,60.39033879952495,0.0231444917665506,INDETERMINATE,0,False,60.34453359088644,0.0418354135794678,INDETERMINATE,0,False,60.38928684074401,0.0598797137593307,INDETERMINATE,0000,p0000,True,-0.0458052086385052,-0.0010519587809341,0.0447532498575711,UNKNOWN,False,60.0,60.00875580823049,False,0,/home/sunshixin/chenchao/my_rlaf/data/test/3sat/400/3sat_64.cnf,False,UNKNOWN,False,55.0,55.00510872993618,False,0.0,True,False,60.0,full,5.0,55.0,False,False
3sat_65.cnf,3,True,0.3204327158559163,0.0125051321673507,SATISFIABLE,3,True,0.378170799524943,0.023569063948476,SATISFIABLE,3,True,0.3336392575531006,0.0320634907966961,SATISFIABLE,3,True,0.3716988407440185,0.0538247673048773,SATISFIABLE,1111,p1111,True,-0.0445315419718424,-0.0064719587809244,0.0380595831909179,SATISFIABLE,True,0.6187135926447809,0.6187135926447809,False,10,/home/sunshixin/chenchao/my_rlaf/data/test/3sat/400/3sat_65.cnf,True,,False,55.0,,,,False,True,0.3716988407440185,full,5.0,55.0,False,False
3sat_66.cnf,0,False,60.28759638252259,0.0222779672642389,INDETERMINATE,0,False,60.38293213285828,0.0168311378312415,INDETERMINATE,0,False,60.3584732575531,0.0157255698021086,INDETERMINATE,0,False,60.38288717407736,0.0552430300023391,INDETERMINATE,0000,p0000,True,-0.0244588753051786,-4.495878092569683e-05,0.0244139165242529,UNKNOWN,False,60.0,60.00667548691854,False,0,/home/sunshixin/chenchao/my_rlaf/data/test/3sat/400/3sat_66.cnf,False,UNKNOWN,False,55.0,55.00595883792266,False,0.0,True,False,60.0,full,5.0,55.0,False,False
3sat_67.cnf,0,False,60.30402971585591,0.0207253511937467,INDETERMINATE,0,False,60.39560479952494,0.0289551396605009,INDETERMINATE,0,False,60.36591892421976,0.0268610177201043,INDETERMINATE,0,False,60.389301507410686,0.055255353396153,INDETERMINATE,0000,p0000,True,-0.0296858753051765,-0.0063032921142536,0.0233825831909229,UNKNOWN,False,60.0,60.00673386501148,False,0,/home/sunshixin/chenchao/my_rlaf/data/test/3sat/400/3sat_67.cnf,False,UNKNOWN,False,55.0,55.00699475686997,False,0.0,True,False,60.0,full,5.0,55.0,False,False
3sat_68.cnf,0,False,60.29476304918925,0.0209057800596691,INDETERMINATE,0,False,60.3934164661916,0.0229941030340589,INDETERMINATE,0,False,60.3562372575531,0.026330799989971,INDETERMINATE,0,False,60.389623840744015,0.0564532131795463,INDETERMINATE,0000,p0000,True,-0.0371792086385056,-0.0037926254475877,0.0333865831909179,UNKNOWN,False,60.0,60.00473632104695,False,0,/home/sunshixin/chenchao/my_rlaf/data/test/3sat/400/3sat_68.cnf,False,UNKNOWN,False,55.0,55.00747349578887,False,0.0,True,False,60.0,full,5.0,55.0,False,False
3sat_69.cnf,0,False,60.29229638252258,0.0168001265992495,INDETERMINATE,0,False,60.38288979952495,0.0219583776382513,INDETERMINATE,0,False,60.3582122575531,0.0342777199244488,INDETERMINATE,0,False,60.39742117407735,0.0696339393950352,INDETERMINATE,0000,p0000,True,-0.0246775419718474,0.0145313745524049,0.0392089165242524,UNKNOWN,False,60.0,60.008085530716926,False,0,/home/sunshixin/chenchao/my_rlaf/data/test/3sat/400/3sat_69.cnf,False,UNKNOWN,False,55.0,55.007459066808224,False,0.0,True,False,60.0,full,5.0,55.0,False,False
3sat_7.cnf,0,False,60.29936304918925,0.0104059099994466,INDETERMINATE,0,False,60.37735113285827,0.0181278351064169,INDETERMINATE,0,False,60.33220192421977,0.026285076867086,INDETERMINATE,0,False,60.38620917407735,0.0607170513338974,INDETERMINATE,0000,p0000,True,-0.0451492086385059,0.0088580412190779,0.0540072498575838,UNKNOWN,False,60.0,60.00812537968159,False,0,/home/sunshixin/chenchao/my_rlaf/data/test/3sat/400/3sat_7.cnf,False,UNKNOWN,False,55.0,55.00699899718165,False,0.0,True,False,60.0,full,5.0,55.0,False,False
3sat_70.cnf,3,True,0.3566977158559163,0.0179454478789636,SATISFIABLE,3,True,0.4580291328582763,0.0304197411951044,SATISFIABLE,3,True,0.4236115908864339,0.0274153320713942,SATISFIABLE,3,True,0.4599461740773519,0.0690107631626745,SATISFIABLE,1111,p1111,True,-0.0344175419718424,0.0019170412190755,0.0363345831909179,SATISFIABLE,True,5.101964577101171,5.101964577101171,False,10,/home/sunshixin/chenchao/my_rlaf/data/test/3sat/400/3sat_70.cnf,True,,False,55.0,,,,False,True,0.4599461740773519,full,5.0,55.0,False,False
3sat_71.cnf,0,False,60.29292971585591,0.0015009064764423,INDETERMINATE,0,False,60.39459813285828,0.020313379751743,INDETERMINATE,0,False,60.346329924219766,0.0184458606614428,INDETERMINATE,0,False,60.38862050741068,0.0488068370241526,INDETERMINATE,0000,p0000,True,-0.0482682086385111,-0.0059776254475991,0.0422905831909119,UNKNOWN,False,60.0,60.00674092583358,False,0,/home/sunshixin/chenchao/my_rlaf/data/test/3sat/400/3sat_71.cnf,False,UNKNOWN,False,55.0,55.00650832615793,False,0.0,True,False,60.0,full,5.0,55.0,False,False
3sat_72.cnf,0,False,60.32657661908468,0.0536177880611074,INDETERMINATE,0,False,60.38576863835144,0.0515400137140293,INDETERMINATE,0,False,60.37204283447266,0.0129899506360115,INDETERMINATE,0,False,60.35938661184184,0.0307161486141553,INDETERMINATE,0000,p0000,True,-0.0137258038787848,-0.0263820265096015,-0.0126562226308166,UNKNOWN,False,60.0,60.0079089878127,False,0,/home/sunshixin/chenchao/my_rlaf/data/test/3sat/400/3sat_72.cnf,False,UNKNOWN,False,55.0,55.00582636473701,False,0.0,True,False,60.0,full,5.0,55.0,False,False
3sat_73.cnf,0,False,60.32357661908468,0.0551004940690392,INDETERMINATE,0,False,60.3996633050181,0.0510215939755458,INDETERMINATE,0,False,60.36846716780599,0.0217719010020812,INDETERMINATE,0,False,60.3612952785085,0.029170521819689,INDETERMINATE,0000,p0000,True,-0.0311961372121132,-0.0383680265096018,-0.0071718892974885,UNKNOWN,False,60.0,60.00763434916735,False,0,/home/sunshixin/chenchao/my_rlaf/data/test/3sat/400/3sat_73.cnf,False,UNKNOWN,False,55.0,55.00631808722392,False,0.0,True,False,60.0,full,5.0,55.0,False,False
3sat_74.cnf,0,False,60.32694328575135,0.0380843890921752,INDETERMINATE,0,False,60.39912097168477,0.0473947872610965,INDETERMINATE,0,False,60.36977350113932,0.0195723771252443,INDETERMINATE,0,False,60.36435994517517,0.025815020337386,INDETERMINATE,0000,p0000,True,-0.0293474705454528,-0.0347610265095994,-0.0054135559641466,SATISFIABLE,True,44.43337680818513,44.43337680818513,False,10,/home/sunshixin/chenchao/my_rlaf/data/test/3sat/400/3sat_74.cnf,False,SATISFIABLE,True,33.88873869040981,33.88873869040981,False,10.0,True,True,38.88873869040981,full,5.0,55.0,False,False
3sat_75.cnf,0,False,60.32484328575134,0.0362986669389001,INDETERMINATE,0,False,60.39734263835144,0.0543763146172116,INDETERMINATE,0,False,60.366926501139325,0.0170239189780608,INDETERMINATE,0,False,60.350375945175166,0.0236502652836655,INDETERMINATE,0000,p0000,True,-0.0304161372121143,-0.0469666931762731,-0.0165505559641587,UNKNOWN,False,60.0,60.01117267180234,False,0,/home/sunshixin/chenchao/my_rlaf/data/test/3sat/400/3sat_75.cnf,False,UNKNOWN,False,55.0,55.00530471140519,False,0.0,True,False,60.0,full,5.0,55.0,False,False
3sat_76.cnf,0,False,60.333243285751344,0.0508561098627649,INDETERMINATE,0,False,60.40322263835144,0.0594536358032034,INDETERMINATE,0,False,60.38017316780599,0.0253901087386675,INDETERMINATE,0,False,60.37007927850851,0.0166851161845086,INDETERMINATE,0000,p0000,True,-0.0230494705454518,-0.0331433598429313,-0.0100938892974795,SATISFIABLE,True,37.73084889911115,37.73084889911115,False,10,/home/sunshixin/chenchao/my_rlaf/data/test/3sat/400/3sat_76.cnf,False,SATISFIABLE,True,30.321490589994937,30.321490589994937,False,10.0,True,True,35.32149058999494,full,5.0,55.0,False,False
3sat_77.cnf,0,False,60.32204328575134,0.0411077786144509,INDETERMINATE,0,False,60.38804763835143,0.0383095089332136,INDETERMINATE,0,False,60.37566983447266,0.023570385319322,INDETERMINATE,0,False,60.35644894517517,0.0313188479174959,INDETERMINATE,0000,p0000,True,-0.0123778038787705,-0.0315986931762637,-0.0192208892974932,UNKNOWN,False,60.0,60.00708971824497,False,0,/home/sunshixin/chenchao/my_rlaf/data/test/3sat/400/3sat_77.cnf,False,UNKNOWN,False,55.0,55.00621619587764,False,0.0,True,False,60.0,full,5.0,55.0,False,False
3sat_78.cnf,0,False,60.32057661908468,0.0357254750909953,INDETERMINATE,0,False,60.391132971684776,0.0563830090602294,INDETERMINATE,0,False,60.373249167806,0.0146301596660032,INDETERMINATE,0,False,60.36084294517517,0.0255515101399822,INDETERMINATE,0000,p0000,True,-0.0178838038787816,-0.0302900265096042,-0.0124062226308225,UNKNOWN,False,60.0,60.0071685151197,False,0,/home/sunshixin/chenchao/my_rlaf/data/test/3sat/400/3sat_78.cnf,False,UNKNOWN,False,55.0,55.00694898888469,False,0.0,True,False,60.0,full,5.0,55.0,False,False
3sat_79.cnf,0,False,60.325609952418006,0.0528678946575271,INDETERMINATE,0,False,60.40022263835144,0.0446993958311766,INDETERMINATE,0,False,60.36455916780599,0.0128179511456737,INDETERMINATE,0,False,60.37148427850851,0.0236679241778604,INDETERMINATE,0000,p0000,True,-0.0356634705454439,-0.0287383598429258,0.0069251107025181,UNKNOWN,False,60.0,60.00593544403091,False,0,/home/sunshixin/chenchao/my_rlaf/data/test/3sat/400/3sat_79.cnf,False,UNKNOWN,False,55.0,55.00533811515197,False,0.0,True,False,60.0,full,5.0,55.0,False,False
3sat_8.cnf,0,False,60.33117661908468,0.0452553483451441,INDETERMINATE,0,False,60.38611330501811,0.0541464637132735,INDETERMINATE,0,False,60.37651716780599,0.0218647063758984,INDETERMINATE,0,False,60.35369694517518,0.0267711710058532,INDETERMINATE,0000,p0000,True,-0.0095961372121138,-0.0324163598429265,-0.0228202226308127,UNKNOWN,False,60.0,60.008355593308806,False,0,/home/sunshixin/chenchao/my_rlaf/data/test/3sat/400/3sat_8.cnf,False,UNKNOWN,False,55.0,55.00694424333051,False,0.0,True,False,60.0,full,5.0,55.0,False,False
3sat_80.cnf,0,False,60.315109952418005,0.0500674132973746,INDETERMINATE,0,False,60.387557638351446,0.0637197825402655,INDETERMINATE,0,False,60.37356283447266,0.0240491689419193,INDETERMINATE,0,False,60.359793278508505,0.0276514816723264,INDETERMINATE,0000,p0000,True,-0.0139948038787878,-0.0277643598429406,-0.0137695559641528,UNKNOWN,False,60.0,60.0069032497704,False,0,/home/sunshixin/chenchao/my_rlaf/data/test/3sat/400/3sat_80.cnf,False,UNKNOWN,False,55.0,55.00662044016645,False,0.0,True,False,60.0,full,5.0,55.0,False,False
3sat_81.cnf,0,False,60.279163913345336,0.0157508900990242,INDETERMINATE,0,False,60.41927710453796,0.0451157277811849,INDETERMINATE,0,False,60.37497703428141,0.0219358855296355,INDETERMINATE,0,False,60.3594474421285,0.0154721622405375,INDETERMINATE,0000,p0000,True,-0.044300070256547,-0.0598296624094629,-0.0155295921529159,UNKNOWN,False,60.0,60.007605590857565,False,0,/home/sunshixin/chenchao/my_rlaf/data/test/3sat/400/3sat_81.cnf,False,UNKNOWN,False,55.0,55.00718591501936,False,0.0,True,False,60.0,full,5.0,55.0,False,False
3sat_82.cnf,3,True,25.72486391334534,0.5915334583977642,SATISFIABLE,3,True,25.675584437871297,0.1926550727394786,SATISFIABLE,3,True,44.13978103428141,0.1903349393657405,SATISFIABLE,3,True,25.8242394421285,0.1045463675307835,SATISFIABLE,1111,p1111,True,18.464196596410115,0.1486550042572041,-18.31554159215291,SATISFIABLE,True,2.7282467340119183,2.7282467340119183,False,10,/home/sunshixin/chenchao/my_rlaf/data/test/3sat/400/3sat_82.cnf,False,SATISFIABLE,True,2.1858549057506025,2.1858549057506025,False,10.0,True,True,7.1858549057506025,full,5.0,55.0,False,False
3sat_83.cnf,0,False,60.29213058001201,0.0107138148449487,INDETERMINATE,0,False,60.41749810453796,0.0267042496839936,INDETERMINATE,0,False,60.37841103428141,0.0287838289067717,INDETERMINATE,0,False,60.36952977546184,0.0151664929340072,INDETERMINATE,0000,p0000,True,-0.0390870702565493,-0.0479683290761272,-0.0088812588195779,UNKNOWN,False,60.0,60.008509004022926,False,0,/home/sunshixin/chenchao/my_rlaf/data/test/3sat/400/3sat_83.cnf,False,UNKNOWN,False,55.0,55.00585834123194,False,0.0,True,False,60.0,full,5.0,55.0,False,False
3sat_84.cnf,0,False,60.283863913345336,0.0168526757262654,INDETERMINATE,0,False,60.41319343787129,0.0390954902543184,INDETERMINATE,0,False,60.37387270094808,0.0158044823735366,INDETERMINATE,0,False,60.36300377546184,0.018828726561365,INDETERMINATE,0000,p0000,True,-0.0393207369232158,-0.0501896624094584,-0.0108689254862426,SATISFIABLE,True,26.10006245179102,26.10006245179102,False,10,/home/sunshixin/chenchao/my_rlaf/data/test/3sat/400/3sat_84.cnf,False,SATISFIABLE,True,21.531559186056256,21.531559186056256,False,10.0,True,True,26.531559186056256,full,5.0,55.0,False,False
3sat_85.cnf,0,False,60.29806391334534,0.0174648538103916,INDETERMINATE,3,True,1.2268784378712974,0.020879396280274,SATISFIABLE,3,True,1.2017660342814127,0.0154385184271179,SATISFIABLE,3,True,1.1849791087951662,0.0135415263679338,SATISFIABLE,0111,p0111,True,-0.0251124035898846,-0.0418993290761311,-0.0167869254862464,SATISFIABLE,True,18.391694094985723,18.391694094985723,False,10,/home/sunshixin/chenchao/my_rlaf/data/test/3sat/400/3sat_85.cnf,True,,False,55.0,,,,False,True,1.1849791087951662,full,5.0,55.0,False,False
3sat_86.cnf,3,True,3.5186939133453365,0.0539272643995479,SATISFIABLE,3,True,4.224536437871297,0.0842066625840577,SATISFIABLE,3,True,3.6322400342814127,0.0121862131071658,SATISFIABLE,3,True,4.156111108795166,0.0575650036036685,SATISFIABLE,1111,p1111,True,-0.5922964035898843,-0.0684253290761311,0.5238710745137531,SATISFIABLE,True,0.5934880780987442,0.5934880780987442,False,10,/home/sunshixin/chenchao/my_rlaf/data/test/3sat/400/3sat_86.cnf,True,,False,55.0,,,,False,True,4.156111108795166,full,5.0,55.0,False,False
3sat_87.cnf,0,False,60.29619724667867,0.0183020500926111,INDETERMINATE,0,False,60.40799343787129,0.0334177861801994,INDETERMINATE,0,False,60.37733236761475,0.0156687123088768,INDETERMINATE,0,False,60.3664024421285,0.0272661561074373,INDETERMINATE,0000,p0000,True,-0.0306610702565421,-0.0415909957427871,-0.0109299254862449,UNKNOWN,False,60.0,60.00810286682099,False,0,/home/sunshixin/chenchao/my_rlaf/data/test/3sat/400/3sat_87.cnf,False,UNKNOWN,False,55.0,55.00515503203496,False,0.0,True,False,60.0,full,5.0,55.0,False,False
3sat_88.cnf,3,True,0.5570845800120036,0.0191282771442079,SATISFIABLE,3,True,0.6750524378712973,0.0431087022651524,SATISFIABLE,3,True,0.6428777009480794,0.0132161883013449,SATISFIABLE,3,True,0.6265794421284993,0.0221162511424807,SATISFIABLE,1111,p1111,True,-0.0321747369232179,-0.048472995742798,-0.0162982588195801,SATISFIABLE,True,5.834722600877285,5.834722600877285,False,10,/home/sunshixin/chenchao/my_rlaf/data/test/3sat/400/3sat_88.cnf,True,,False,55.0,,,,False,True,0.6265794421284993,full,5.0,55.0,False,False
3sat_89.cnf,0,False,60.280463913345336,0.018879965314662,INDETERMINATE,3,True,0.6107624378712972,0.0355729353698791,SATISFIABLE,3,True,0.5842670342814127,0.0207228558976331,SATISFIABLE,3,True,0.564585108795166,0.0167655064577151,SATISFIABLE,0111,p0111,True,-0.0264954035898845,-0.0461773290761312,-0.0196819254862467,SATISFIABLE,True,6.691836128942668,6.691836128942668,False,10,/home/sunshixin/chenchao/my_rlaf/data/test/3sat/400/3sat_89.cnf,True,,False,55.0,,,,False,True,0.564585108795166,full,5.0,55.0,False,False
3sat_9.cnf,0,False,60.28583058001201,0.0147856765944504,INDETERMINATE,0,False,60.41172177120463,0.0301575813800752,INDETERMINATE,0,False,60.38613703428141,0.0265167810845753,INDETERMINATE,0,False,60.374345442128494,0.0114375359804079,INDETERMINATE,0000,p0000,True,-0.0255847369232213,-0.0373763290761388,-0.0117915921529174,UNKNOWN,False,60.0,60.00756089389324,False,0,/home/sunshixin/chenchao/my_rlaf/data/test/3sat/400/3sat_9.cnf,False,UNKNOWN,False,55.0,55.00788946915418,False,0.0,True,False,60.0,full,5.0,55.0,False,False
3sat_90.cnf,0,False,60.29137376556397,0.0225527467574646,INDETERMINATE,0,False,60.39803322392273,0.0121013187088287,INDETERMINATE,0,False,60.38971212416586,0.0277054774877106,INDETERMINATE,0,False,60.33837897110494,0.0243244313417291,INDETERMINATE,0000,p0000,True,-0.0083210997568698,-0.0596542528177934,-0.0513331530609235,SATISFIABLE,True,6.742499434854835,6.742499434854835,False,10,/home/sunshixin/chenchao/my_rlaf/data/test/3sat/400/3sat_90.cnf,False,SATISFIABLE,True,5.443656087853015,5.443656087853015,False,10.0,True,True,10.443656087853014,full,5.0,55.0,False,False
3sat_91.cnf,3,True,0.5476434322306315,0.0129317548060357,SATISFIABLE,3,True,0.4142482239227295,0.0184843493305691,SATISFIABLE,3,True,0.6487047908325195,0.0215796105780034,SATISFIABLE,3,True,0.3651546377716064,0.0173752271159814,SATISFIABLE,1111,p1111,True,0.23445656690979,-0.049093586151123,-0.2835501530609131,SATISFIABLE,True,0.5907984399236739,0.5907984399236739,False,10,/home/sunshixin/chenchao/my_rlaf/data/test/3sat/400/3sat_91.cnf,True,,False,55.0,,,,False,True,0.3651546377716064,full,5.0,55.0,False,False
3sat_92.cnf,3,True,9.0860070988973,0.0456266369009727,SATISFIABLE,3,True,3.94407622392273,0.1091831396817571,SATISFIABLE,3,True,9.111416457499187,0.0233101305342998,SATISFIABLE,3,True,3.8977623044382734,0.1064220267051998,SATISFIABLE,1111,p1111,True,5.167340233576457,-0.0463139194844566,-5.213654153060913,SATISFIABLE,True,0.6176080219447613,0.6176080219447613,False,10,/home/sunshixin/chenchao/my_rlaf/data/test/3sat/400/3sat_92.cnf,True,,False,55.0,,,,False,True,3.8977623044382734,full,5.0,55.0,False,False
3sat_93.cnf,3,True,22.920073765563966,0.6152446951609168,SATISFIABLE,3,True,23.344260557256064,0.2278226319105255,SATISFIABLE,3,True,25.88342079083252,0.4450208661065436,SATISFIABLE,3,True,23.38553063777161,0.0379767440133265,SATISFIABLE,1111,p1111,True,2.5391602335764567,0.0412700805155452,-2.4978901530609114,SATISFIABLE,True,6.680826576892287,6.680826576892287,False,10,/home/sunshixin/chenchao/my_rlaf/data/test/3sat/400/3sat_93.cnf,False,SATISFIABLE,True,5.351384628098458,5.351384628098458,False,10.0,True,True,10.351384628098458,full,5.0,55.0,False,False
3sat_94.cnf,3,True,2.0376670988972982,0.0311541887623027,SATISFIABLE,3,True,2.1131295572560624,0.0452748934632485,SATISFIABLE,3,True,2.125403457499186,0.0361376216518595,SATISFIABLE,3,True,2.117638637771606,0.0285429587018053,SATISFIABLE,1111,p1111,True,0.0122739002431235,0.0045090805155436,-0.0077648197275799,SATISFIABLE,True,5.028286013752222,5.028286013752222,False,10,/home/sunshixin/chenchao/my_rlaf/data/test/3sat/400/3sat_94.cnf,True,,False,55.0,,,,False,True,2.117638637771606,full,5.0,55.0,False,False
3sat_95.cnf,0,False,60.2906070988973,0.0162075772112759,INDETERMINATE,0,False,60.36825155725607,0.0189519120895677,INDETERMINATE,0,False,60.39425079083251,0.0294032660200599,INDETERMINATE,0,False,60.33921397110495,0.024427352704442,INDETERMINATE,0000,p0000,True,0.0259992335764422,-0.0290375861511194,-0.0550368197275616,UNKNOWN,False,60.0,60.00775875709951,False,0,/home/sunshixin/chenchao/my_rlaf/data/test/3sat/400/3sat_95.cnf,False,UNKNOWN,False,55.0,55.00640612095594,False,0.0,True,False,60.0,full,5.0,55.0,False,False
3sat_96.cnf,3,True,0.5279067655639649,0.0180485874261037,SATISFIABLE,3,True,0.4570078905893961,0.022846683327047,SATISFIABLE,3,True,0.4835864574991862,0.0243851040028912,SATISFIABLE,3,True,0.4334266377716064,0.0169636257742848,SATISFIABLE,1111,p1111,True,0.0265785669097901,-0.0235812528177896,-0.0501598197275797,SATISFIABLE,True,4.859460365027189,4.859460365027189,False,10,/home/sunshixin/chenchao/my_rlaf/data/test/3sat/400/3sat_96.cnf,True,,False,55.0,,,,False,True,0.4334266377716064,full,5.0,55.0,False,False
3sat_97.cnf,0,False,60.28084043223063,0.0086197977066718,INDETERMINATE,3,True,14.692229223922729,0.0593038934018898,SATISFIABLE,3,True,14.767674457499185,0.0792858735387254,SATISFIABLE,3,True,14.686119304438272,0.1566840506629607,SATISFIABLE,0111,p0111,True,0.0754452335764561,-0.0061099194844551,-0.0815551530609113,SATISFIABLE,True,35.70879242103547,35.70879242103547,False,10,/home/sunshixin/chenchao/my_rlaf/data/test/3sat/400/3sat_97.cnf,False,SATISFIABLE,True,30.320823586080223,30.320823586080223,False,10.0,True,True,35.32082358608022,full,5.0,55.0,False,False
3sat_98.cnf,0,False,60.29837376556397,0.0239392479680668,INDETERMINATE,0,False,60.38671322392273,0.018206996070459,INDETERMINATE,0,False,60.40042079083253,0.0246038990378648,INDETERMINATE,0,False,60.337084971104936,0.0268611321871109,INDETERMINATE,0000,p0000,True,0.0137075669097939,-0.0496282528177971,-0.063335819727591,UNKNOWN,False,60.0,60.00604071514681,False,0,/home/sunshixin/chenchao/my_rlaf/data/test/3sat/400/3sat_98.cnf,False,UNKNOWN,False,55.0,55.00468989694491,False,0.0,True,False,60.0,full,5.0,55.0,False,False
3sat_99.cnf,0,False,60.289507098897296,0.0245375950085715,INDETERMINATE,0,False,60.3899208905894,0.0082577745486194,INDETERMINATE,0,False,60.40549045749919,0.0206880593226452,INDETERMINATE,0,False,60.34044997110494,0.0165954198238851,INDETERMINATE,0000,p0000,True,0.0155695669097895,-0.0494709194844631,-0.0650404863942526,UNKNOWN,False,60.0,60.00738895917311,False,0,/home/sunshixin/chenchao/my_rlaf/data/test/3sat/400/3sat_99.cnf,False,UNKNOWN,False,55.0,55.00615854095668,False,0.0,True,False,60.0,full,5.0,55.0,False,False
