Unnamed: 0,restarts,conflicts,decisions,propagations,CPU time,Result,cnf_id,sample_id,file,final GPU time,refinement CPU time,refinement GPU time,GPU time,time,file_key,method,paper_name,seed,solved,timeout,raw_csv
0,2.0,1461679.0,1668116.0,81470402.0,59.9738,INDETERMINATE,0,0,data/test/3sat/400/3sat_0.cnf,0.299232006072998,0.0,0.0,0.299232006072998,60.273032006073,3sat_0.cnf,one_shot,One-shot,1,False,True,runs/analysis/full400_seed_robustness/raw/one_shot/seed1.csv
1,1.0,73715.0,85712.0,4316774.0,2.57745,SATISFIABLE,1,0,data/test/3sat/400/3sat_1.cnf,0.299232006072998,0.0,0.0,0.299232006072998,2.876682006072998,3sat_1.cnf,one_shot,One-shot,1,True,False,runs/analysis/full400_seed_robustness/raw/one_shot/seed1.csv
2,2.0,1591319.0,1816987.0,89724659.0,59.9689,INDETERMINATE,2,0,data/test/3sat/400/3sat_10.cnf,0.299232006072998,0.0,0.0,0.299232006072998,60.268132006073,3sat_10.cnf,one_shot,One-shot,1,False,True,runs/analysis/full400_seed_robustness/raw/one_shot/seed1.csv
3,1.0,3392.0,4166.0,213902.0,0.0686,SATISFIABLE,3,0,data/test/3sat/400/3sat_100.cnf,0.299232006072998,0.0,0.0,0.299232006072998,0.367832006072998,3sat_100.cnf,one_shot,One-shot,1,True,False,runs/analysis/full400_seed_robustness/raw/one_shot/seed1.csv
4,2.0,1443895.0,1650087.0,81115272.0,59.9906,INDETERMINATE,4,0,data/test/3sat/400/3sat_101.cnf,0.299232006072998,0.0,0.0,0.299232006072998,60.289832006073,3sat_101.cnf,one_shot,One-shot,1,False,True,runs/analysis/full400_seed_robustness/raw/one_shot/seed1.csv
5,2.0,1563680.0,1807809.0,89413657.0,59.986,INDETERMINATE,5,0,data/test/3sat/400/3sat_102.cnf,0.299232006072998,0.0,0.0,0.299232006072998,60.285232006073,3sat_102.cnf,one_shot,One-shot,1,False,True,runs/analysis/full400_seed_robustness/raw/one_shot/seed1.csv
6,2.0,1573384.0,1808526.0,89275812.0,59.9788,INDETERMINATE,6,0,data/test/3sat/400/3sat_103.cnf,0.299232006072998,0.0,0.0,0.299232006072998,60.278032006073,3sat_103.cnf,one_shot,One-shot,1,False,True,runs/analysis/full400_seed_robustness/raw/one_shot/seed1.csv
7,2.0,1462820.0,1671171.0,81319904.0,59.9752,INDETERMINATE,7,0,data/test/3sat/400/3sat_104.cnf,0.299232006072998,0.0,0.0,0.299232006072998,60.274432006073,3sat_104.cnf,one_shot,One-shot,1,False,True,runs/analysis/full400_seed_robustness/raw/one_shot/seed1.csv
8,2.0,1531726.0,1742617.0,87646346.0,59.9609,INDETERMINATE,8,0,data/test/3sat/400/3sat_105.cnf,0.299232006072998,0.0,0.0,0.299232006072998,60.260132006073,3sat_105.cnf,one_shot,One-shot,1,False,True,runs/analysis/full400_seed_robustness/raw/one_shot/seed1.csv
9,2.0,1414524.0,1617608.0,78831678.0,59.982,INDETERMINATE,9,0,data/test/3sat/400/3sat_106.cnf,0.299232006072998,0.0,0.0,0.299232006072998,60.281232006073,3sat_106.cnf,one_shot,One-shot,1,False,True,runs/analysis/full400_seed_robustness/raw/one_shot/seed1.csv
10,2.0,1356455.0,1558370.0,77428113.0,59.9638,INDETERMINATE,10,0,data/test/3sat/400/3sat_107.cnf,0.2920982837677002,0.0,0.0,0.2920982837677002,60.2558982837677,3sat_107.cnf,one_shot,One-shot,1,False,True,runs/analysis/full400_seed_robustness/raw/one_shot/seed1.csv
11,2.0,1466296.0,1688911.0,82123440.0,59.9765,INDETERMINATE,11,0,data/test/3sat/400/3sat_108.cnf,0.2920982837677002,0.0,0.0,0.2920982837677002,60.2685982837677,3sat_108.cnf,one_shot,One-shot,1,False,True,runs/analysis/full400_seed_robustness/raw/one_shot/seed1.csv
12,2.0,1528716.0,1751654.0,85639672.0,59.9575,INDETERMINATE,12,0,data/test/3sat/400/3sat_109.cnf,0.2920982837677002,0.0,0.0,0.2920982837677002,60.2495982837677,3sat_109.cnf,one_shot,One-shot,1,False,True,runs/analysis/full400_seed_robustness/raw/one_shot/seed1.csv
13,1.0,40661.0,47692.0,2496556.0,1.35306,SATISFIABLE,13,0,data/test/3sat/400/3sat_11.cnf,0.2920982837677002,0.0,0.0,0.2920982837677002,1.6451582837677,3sat_11.cnf,one_shot,One-shot,1,True,False,runs/analysis/full400_seed_robustness/raw/one_shot/seed1.csv
14,2.0,1474825.0,1692629.0,85290406.0,59.9718,INDETERMINATE,14,0,data/test/3sat/400/3sat_110.cnf,0.2920982837677002,0.0,0.0,0.2920982837677002,60.2638982837677,3sat_110.cnf,one_shot,One-shot,1,False,True,runs/analysis/full400_seed_robustness/raw/one_shot/seed1.csv
15,2.0,1476736.0,1693966.0,86185333.0,59.9923,INDETERMINATE,15,0,data/test/3sat/400/3sat_111.cnf,0.2920982837677002,0.0,0.0,0.2920982837677002,60.2843982837677,3sat_111.cnf,one_shot,One-shot,1,False,True,runs/analysis/full400_seed_robustness/raw/one_shot/seed1.csv
16,2.0,1526659.0,1734834.0,88246240.0,59.9705,INDETERMINATE,16,0,data/test/3sat/400/3sat_112.cnf,0.2920982837677002,0.0,0.0,0.2920982837677002,60.2625982837677,3sat_112.cnf,one_shot,One-shot,1,False,True,runs/analysis/full400_seed_robustness/raw/one_shot/seed1.csv
17,2.0,1423580.0,1615249.0,81561632.0,59.9759,INDETERMINATE,17,0,data/test/3sat/400/3sat_113.cnf,0.2920982837677002,0.0,0.0,0.2920982837677002,60.2679982837677,3sat_113.cnf,one_shot,One-shot,1,False,True,runs/analysis/full400_seed_robustness/raw/one_shot/seed1.csv
18,2.0,1458256.0,1674641.0,82495983.0,59.9734,INDETERMINATE,18,0,data/test/3sat/400/3sat_114.cnf,0.2920982837677002,0.0,0.0,0.2920982837677002,60.2654982837677,3sat_114.cnf,one_shot,One-shot,1,False,True,runs/analysis/full400_seed_robustness/raw/one_shot/seed1.csv
19,2.0,1372258.0,1567152.0,77530395.0,59.9856,INDETERMINATE,19,0,data/test/3sat/400/3sat_115.cnf,0.2920982837677002,0.0,0.0,0.2920982837677002,60.2776982837677,3sat_115.cnf,one_shot,One-shot,1,False,True,runs/analysis/full400_seed_robustness/raw/one_shot/seed1.csv
20,2.0,1478475.0,1682922.0,82549385.0,59.9726,INDETERMINATE,20,0,data/test/3sat/400/3sat_116.cnf,0.2787117958068847,0.0,0.0,0.2787117958068847,60.251311795806885,3sat_116.cnf,one_shot,One-shot,1,False,True,runs/analysis/full400_seed_robustness/raw/one_shot/seed1.csv
21,2.0,1451515.0,1661463.0,81095045.0,59.9758,INDETERMINATE,21,0,data/test/3sat/400/3sat_117.cnf,0.2787117958068847,0.0,0.0,0.2787117958068847,60.25451179580688,3sat_117.cnf,one_shot,One-shot,1,False,True,runs/analysis/full400_seed_robustness/raw/one_shot/seed1.csv
22,2.0,1491288.0,1705015.0,83880502.0,59.9765,INDETERMINATE,22,0,data/test/3sat/400/3sat_118.cnf,0.2787117958068847,0.0,0.0,0.2787117958068847,60.255211795806886,3sat_118.cnf,one_shot,One-shot,1,False,True,runs/analysis/full400_seed_robustness/raw/one_shot/seed1.csv
23,2.0,1493708.0,1708068.0,82675305.0,59.9909,INDETERMINATE,23,0,data/test/3sat/400/3sat_119.cnf,0.2787117958068847,0.0,0.0,0.2787117958068847,60.26961179580689,3sat_119.cnf,one_shot,One-shot,1,False,True,runs/analysis/full400_seed_robustness/raw/one_shot/seed1.csv
24,2.0,1423165.0,1627697.0,79938892.0,59.9806,INDETERMINATE,24,0,data/test/3sat/400/3sat_12.cnf,0.2787117958068847,0.0,0.0,0.2787117958068847,60.25931179580689,3sat_12.cnf,one_shot,One-shot,1,False,True,runs/analysis/full400_seed_robustness/raw/one_shot/seed1.csv
25,1.0,75813.0,87762.0,4687360.0,2.93774,SATISFIABLE,25,0,data/test/3sat/400/3sat_120.cnf,0.2787117958068847,0.0,0.0,0.2787117958068847,3.216451795806885,3sat_120.cnf,one_shot,One-shot,1,True,False,runs/analysis/full400_seed_robustness/raw/one_shot/seed1.csv
26,1.0,47329.0,54623.0,2823769.0,1.40555,SATISFIABLE,26,0,data/test/3sat/400/3sat_121.cnf,0.2787117958068847,0.0,0.0,0.2787117958068847,1.6842617958068848,3sat_121.cnf,one_shot,One-shot,1,True,False,runs/analysis/full400_seed_robustness/raw/one_shot/seed1.csv
27,2.0,1466804.0,1677971.0,83878155.0,59.9805,INDETERMINATE,27,0,data/test/3sat/400/3sat_122.cnf,0.2787117958068847,0.0,0.0,0.2787117958068847,60.25921179580688,3sat_122.cnf,one_shot,One-shot,1,False,True,runs/analysis/full400_seed_robustness/raw/one_shot/seed1.csv
28,2.0,1477100.0,1680290.0,84160249.0,59.9844,INDETERMINATE,28,0,data/test/3sat/400/3sat_123.cnf,0.2787117958068847,0.0,0.0,0.2787117958068847,60.263111795806886,3sat_123.cnf,one_shot,One-shot,1,False,True,runs/analysis/full400_seed_robustness/raw/one_shot/seed1.csv
29,1.0,654.0,900.0,43163.0,0.009285,SATISFIABLE,29,0,data/test/3sat/400/3sat_124.cnf,0.2787117958068847,0.0,0.0,0.2787117958068847,0.2879967958068847,3sat_124.cnf,one_shot,One-shot,1,True,False,runs/analysis/full400_seed_robustness/raw/one_shot/seed1.csv
30,1.0,87018.0,101016.0,5296049.0,3.23725,SATISFIABLE,30,0,data/test/3sat/400/3sat_125.cnf,0.288672924041748,0.0,0.0,0.288672924041748,3.525922924041748,3sat_125.cnf,one_shot,One-shot,1,True,False,runs/analysis/full400_seed_robustness/raw/one_shot/seed1.csv
31,2.0,1471198.0,1682333.0,84379790.0,59.9742,INDETERMINATE,31,0,data/test/3sat/400/3sat_126.cnf,0.288672924041748,0.0,0.0,0.288672924041748,60.26287292404175,3sat_126.cnf,one_shot,One-shot,1,False,True,runs/analysis/full400_seed_robustness/raw/one_shot/seed1.csv
32,2.0,1437435.0,1663942.0,84133421.0,59.9881,INDETERMINATE,32,0,data/test/3sat/400/3sat_127.cnf,0.288672924041748,0.0,0.0,0.288672924041748,60.27677292404175,3sat_127.cnf,one_shot,One-shot,1,False,True,runs/analysis/full400_seed_robustness/raw/one_shot/seed1.csv
33,2.0,972401.0,1117185.0,56912346.0,34.4847,SATISFIABLE,33,0,data/test/3sat/400/3sat_128.cnf,0.288672924041748,0.0,0.0,0.288672924041748,34.773372924041745,3sat_128.cnf,one_shot,One-shot,1,True,False,runs/analysis/full400_seed_robustness/raw/one_shot/seed1.csv
34,1.0,28034.0,33114.0,1750425.0,0.815215,SATISFIABLE,34,0,data/test/3sat/400/3sat_129.cnf,0.288672924041748,0.0,0.0,0.288672924041748,1.103887924041748,3sat_129.cnf,one_shot,One-shot,1,True,False,runs/analysis/full400_seed_robustness/raw/one_shot/seed1.csv
35,2.0,1474669.0,1695725.0,84686776.0,59.9886,INDETERMINATE,35,0,data/test/3sat/400/3sat_13.cnf,0.288672924041748,0.0,0.0,0.288672924041748,60.27727292404175,3sat_13.cnf,one_shot,One-shot,1,False,True,runs/analysis/full400_seed_robustness/raw/one_shot/seed1.csv
36,2.0,121568.0,139021.0,7304329.0,4.67628,SATISFIABLE,36,0,data/test/3sat/400/3sat_130.cnf,0.288672924041748,0.0,0.0,0.288672924041748,4.964952924041748,3sat_130.cnf,one_shot,One-shot,1,True,False,runs/analysis/full400_seed_robustness/raw/one_shot/seed1.csv
37,1.0,82086.0,96037.0,5035591.0,3.40087,SATISFIABLE,37,0,data/test/3sat/400/3sat_131.cnf,0.288672924041748,0.0,0.0,0.288672924041748,3.689542924041748,3sat_131.cnf,one_shot,One-shot,1,True,False,runs/analysis/full400_seed_robustness/raw/one_shot/seed1.csv
38,1.0,4890.0,5982.0,303741.0,0.092346,SATISFIABLE,38,0,data/test/3sat/400/3sat_132.cnf,0.288672924041748,0.0,0.0,0.288672924041748,0.381018924041748,3sat_132.cnf,one_shot,One-shot,1,True,False,runs/analysis/full400_seed_robustness/raw/one_shot/seed1.csv
39,2.0,1424437.0,1646910.0,82951561.0,59.9813,INDETERMINATE,39,0,data/test/3sat/400/3sat_133.cnf,0.288672924041748,0.0,0.0,0.288672924041748,60.26997292404175,3sat_133.cnf,one_shot,One-shot,1,False,True,runs/analysis/full400_seed_robustness/raw/one_shot/seed1.csv
40,2.0,1408271.0,1612102.0,78784273.0,59.9795,INDETERMINATE,40,0,data/test/3sat/400/3sat_134.cnf,0.2900097370147705,0.0,0.0,0.2900097370147705,60.26950973701477,3sat_134.cnf,one_shot,One-shot,1,False,True,runs/analysis/full400_seed_robustness/raw/one_shot/seed1.csv
41,2.0,1553266.0,1768004.0,86693109.0,59.9585,INDETERMINATE,41,0,data/test/3sat/400/3sat_135.cnf,0.2900097370147705,0.0,0.0,0.2900097370147705,60.24850973701477,3sat_135.cnf,one_shot,One-shot,1,False,True,runs/analysis/full400_seed_robustness/raw/one_shot/seed1.csv
42,2.0,1453652.0,1667016.0,85302257.0,59.9801,INDETERMINATE,42,0,data/test/3sat/400/3sat_136.cnf,0.2900097370147705,0.0,0.0,0.2900097370147705,60.27010973701477,3sat_136.cnf,one_shot,One-shot,1,False,True,runs/analysis/full400_seed_robustness/raw/one_shot/seed1.csv
43,2.0,1481482.0,1679406.0,79963790.0,59.9704,INDETERMINATE,43,0,data/test/3sat/400/3sat_137.cnf,0.2900097370147705,0.0,0.0,0.2900097370147705,60.26040973701477,3sat_137.cnf,one_shot,One-shot,1,False,True,runs/analysis/full400_seed_robustness/raw/one_shot/seed1.csv
44,2.0,1529483.0,1739728.0,88414383.0,59.9874,INDETERMINATE,44,0,data/test/3sat/400/3sat_138.cnf,0.2900097370147705,0.0,0.0,0.2900097370147705,60.27740973701477,3sat_138.cnf,one_shot,One-shot,1,False,True,runs/analysis/full400_seed_robustness/raw/one_shot/seed1.csv
45,2.0,1508908.0,1734344.0,86211524.0,59.9703,INDETERMINATE,45,0,data/test/3sat/400/3sat_139.cnf,0.2900097370147705,0.0,0.0,0.2900097370147705,60.26030973701477,3sat_139.cnf,one_shot,One-shot,1,False,True,runs/analysis/full400_seed_robustness/raw/one_shot/seed1.csv
46,2.0,133587.0,154405.0,8365184.0,5.30925,SATISFIABLE,46,0,data/test/3sat/400/3sat_14.cnf,0.2900097370147705,0.0,0.0,0.2900097370147705,5.59925973701477,3sat_14.cnf,one_shot,One-shot,1,True,False,runs/analysis/full400_seed_robustness/raw/one_shot/seed1.csv
47,2.0,1244295.0,1419655.0,73705026.0,48.8749,SATISFIABLE,47,0,data/test/3sat/400/3sat_140.cnf,0.2900097370147705,0.0,0.0,0.2900097370147705,49.16490973701477,3sat_140.cnf,one_shot,One-shot,1,True,False,runs/analysis/full400_seed_robustness/raw/one_shot/seed1.csv
48,1.0,71109.0,82102.0,4299119.0,2.98583,SATISFIABLE,48,0,data/test/3sat/400/3sat_141.cnf,0.2900097370147705,0.0,0.0,0.2900097370147705,3.2758397370147705,3sat_141.cnf,one_shot,One-shot,1,True,False,runs/analysis/full400_seed_robustness/raw/one_shot/seed1.csv
49,1.0,61037.0,70865.0,3765471.0,2.06337,SATISFIABLE,49,0,data/test/3sat/400/3sat_142.cnf,0.2900097370147705,0.0,0.0,0.2900097370147705,2.3533797370147704,3sat_142.cnf,one_shot,One-shot,1,True,False,runs/analysis/full400_seed_robustness/raw/one_shot/seed1.csv
50,2.0,1451048.0,1666240.0,83441183.0,59.9893,INDETERMINATE,50,0,data/test/3sat/400/3sat_143.cnf,0.2915382385253906,0.0,0.0,0.2915382385253906,60.28083823852539,3sat_143.cnf,one_shot,One-shot,1,False,True,runs/analysis/full400_seed_robustness/raw/one_shot/seed1.csv
51,2.0,1360008.0,1544807.0,75759127.0,59.9877,INDETERMINATE,51,0,data/test/3sat/400/3sat_144.cnf,0.2915382385253906,0.0,0.0,0.2915382385253906,60.27923823852539,3sat_144.cnf,one_shot,One-shot,1,False,True,runs/analysis/full400_seed_robustness/raw/one_shot/seed1.csv
52,2.0,1419344.0,1641383.0,81136567.0,59.9845,INDETERMINATE,52,0,data/test/3sat/400/3sat_145.cnf,0.2915382385253906,0.0,0.0,0.2915382385253906,60.27603823852539,3sat_145.cnf,one_shot,One-shot,1,False,True,runs/analysis/full400_seed_robustness/raw/one_shot/seed1.csv
53,2.0,1439668.0,1648090.0,80816317.0,59.9585,INDETERMINATE,53,0,data/test/3sat/400/3sat_146.cnf,0.2915382385253906,0.0,0.0,0.2915382385253906,60.25003823852539,3sat_146.cnf,one_shot,One-shot,1,False,True,runs/analysis/full400_seed_robustness/raw/one_shot/seed1.csv
54,2.0,392510.0,450448.0,23393708.0,13.1966,SATISFIABLE,54,0,data/test/3sat/400/3sat_147.cnf,0.2915382385253906,0.0,0.0,0.2915382385253906,13.48813823852539,3sat_147.cnf,one_shot,One-shot,1,True,False,runs/analysis/full400_seed_robustness/raw/one_shot/seed1.csv
55,2.0,1484787.0,1706287.0,86765532.0,59.9575,INDETERMINATE,55,0,data/test/3sat/400/3sat_148.cnf,0.2915382385253906,0.0,0.0,0.2915382385253906,60.249038238525394,3sat_148.cnf,one_shot,One-shot,1,False,True,runs/analysis/full400_seed_robustness/raw/one_shot/seed1.csv
56,1.0,97366.0,112279.0,5819460.0,3.7934,SATISFIABLE,56,0,data/test/3sat/400/3sat_149.cnf,0.2915382385253906,0.0,0.0,0.2915382385253906,4.084938238525391,3sat_149.cnf,one_shot,One-shot,1,True,False,runs/analysis/full400_seed_robustness/raw/one_shot/seed1.csv
57,2.0,1481174.0,1683375.0,84236999.0,59.9535,INDETERMINATE,57,0,data/test/3sat/400/3sat_15.cnf,0.2915382385253906,0.0,0.0,0.2915382385253906,60.24503823852539,3sat_15.cnf,one_shot,One-shot,1,False,True,runs/analysis/full400_seed_robustness/raw/one_shot/seed1.csv
58,1.0,16970.0,19929.0,1057698.0,0.394788,SATISFIABLE,58,0,data/test/3sat/400/3sat_150.cnf,0.2915382385253906,0.0,0.0,0.2915382385253906,0.6863262385253905,3sat_150.cnf,one_shot,One-shot,1,True,False,runs/analysis/full400_seed_robustness/raw/one_shot/seed1.csv
59,2.0,1469584.0,1669362.0,84730050.0,59.981,INDETERMINATE,59,0,data/test/3sat/400/3sat_151.cnf,0.2915382385253906,0.0,0.0,0.2915382385253906,60.27253823852539,3sat_151.cnf,one_shot,One-shot,1,False,True,runs/analysis/full400_seed_robustness/raw/one_shot/seed1.csv
60,2.0,1491471.0,1717320.0,83639091.0,59.9692,INDETERMINATE,60,0,data/test/3sat/400/3sat_152.cnf,0.3140811920166015,0.0,0.0,0.3140811920166015,60.2832811920166,3sat_152.cnf,one_shot,One-shot,1,False,True,runs/analysis/full400_seed_robustness/raw/one_shot/seed1.csv
61,2.0,1417330.0,1615578.0,79521574.0,59.969,INDETERMINATE,61,0,data/test/3sat/400/3sat_153.cnf,0.3140811920166015,0.0,0.0,0.3140811920166015,60.2830811920166,3sat_153.cnf,one_shot,One-shot,1,False,True,runs/analysis/full400_seed_robustness/raw/one_shot/seed1.csv
62,1.0,42118.0,49122.0,2596236.0,1.38183,SATISFIABLE,62,0,data/test/3sat/400/3sat_154.cnf,0.3140811920166015,0.0,0.0,0.3140811920166015,1.6959111920166017,3sat_154.cnf,one_shot,One-shot,1,True,False,runs/analysis/full400_seed_robustness/raw/one_shot/seed1.csv
63,2.0,1510001.0,1720413.0,84322722.0,59.9813,INDETERMINATE,63,0,data/test/3sat/400/3sat_155.cnf,0.3140811920166015,0.0,0.0,0.3140811920166015,60.2953811920166,3sat_155.cnf,one_shot,One-shot,1,False,True,runs/analysis/full400_seed_robustness/raw/one_shot/seed1.csv
64,2.0,1433550.0,1635437.0,81345583.0,59.9663,INDETERMINATE,64,0,data/test/3sat/400/3sat_156.cnf,0.3140811920166015,0.0,0.0,0.3140811920166015,60.2803811920166,3sat_156.cnf,one_shot,One-shot,1,False,True,runs/analysis/full400_seed_robustness/raw/one_shot/seed1.csv
65,1.0,75250.0,88905.0,4657000.0,2.90268,SATISFIABLE,65,0,data/test/3sat/400/3sat_157.cnf,0.3140811920166015,0.0,0.0,0.3140811920166015,3.2167611920166017,3sat_157.cnf,one_shot,One-shot,1,True,False,runs/analysis/full400_seed_robustness/raw/one_shot/seed1.csv
66,2.0,1453325.0,1646385.0,80916445.0,59.9894,INDETERMINATE,66,0,data/test/3sat/400/3sat_158.cnf,0.3140811920166015,0.0,0.0,0.3140811920166015,60.303481192016605,3sat_158.cnf,one_shot,One-shot,1,False,True,runs/analysis/full400_seed_robustness/raw/one_shot/seed1.csv
67,2.0,1499738.0,1722286.0,86286571.0,59.9747,INDETERMINATE,67,0,data/test/3sat/400/3sat_159.cnf,0.3140811920166015,0.0,0.0,0.3140811920166015,60.2887811920166,3sat_159.cnf,one_shot,One-shot,1,False,True,runs/analysis/full400_seed_robustness/raw/one_shot/seed1.csv
68,2.0,1580155.0,1794473.0,90652015.0,59.9901,INDETERMINATE,68,0,data/test/3sat/400/3sat_16.cnf,0.3140811920166015,0.0,0.0,0.3140811920166015,60.3041811920166,3sat_16.cnf,one_shot,One-shot,1,False,True,runs/analysis/full400_seed_robustness/raw/one_shot/seed1.csv
69,2.0,1521969.0,1742173.0,84878044.0,59.9903,INDETERMINATE,69,0,data/test/3sat/400/3sat_160.cnf,0.3140811920166015,0.0,0.0,0.3140811920166015,60.3043811920166,3sat_160.cnf,one_shot,One-shot,1,False,True,runs/analysis/full400_seed_robustness/raw/one_shot/seed1.csv
70,2.0,1557964.0,1773753.0,90099645.0,59.9635,INDETERMINATE,70,0,data/test/3sat/400/3sat_161.cnf,0.3989942073822021,0.0,0.0,0.3989942073822021,60.362494207382206,3sat_161.cnf,one_shot,One-shot,1,False,True,runs/analysis/full400_seed_robustness/raw/one_shot/seed1.csv
71,2.0,1394525.0,1576817.0,78567210.0,59.9576,INDETERMINATE,71,0,data/test/3sat/400/3sat_162.cnf,0.3989942073822021,0.0,0.0,0.3989942073822021,60.3565942073822,3sat_162.cnf,one_shot,One-shot,1,False,True,runs/analysis/full400_seed_robustness/raw/one_shot/seed1.csv
72,2.0,1474077.0,1673864.0,82917111.0,59.9942,INDETERMINATE,72,0,data/test/3sat/400/3sat_163.cnf,0.3989942073822021,0.0,0.0,0.3989942073822021,60.3931942073822,3sat_163.cnf,one_shot,One-shot,1,False,True,runs/analysis/full400_seed_robustness/raw/one_shot/seed1.csv
73,2.0,1525254.0,1750237.0,88627187.0,59.9816,INDETERMINATE,73,0,data/test/3sat/400/3sat_164.cnf,0.3989942073822021,0.0,0.0,0.3989942073822021,60.3805942073822,3sat_164.cnf,one_shot,One-shot,1,False,True,runs/analysis/full400_seed_robustness/raw/one_shot/seed1.csv
74,1.0,7043.0,8408.0,453223.0,0.142131,SATISFIABLE,74,0,data/test/3sat/400/3sat_165.cnf,0.3989942073822021,0.0,0.0,0.3989942073822021,0.5411252073822022,3sat_165.cnf,one_shot,One-shot,1,True,False,runs/analysis/full400_seed_robustness/raw/one_shot/seed1.csv
75,2.0,1573836.0,1798780.0,88823352.0,59.9793,INDETERMINATE,75,0,data/test/3sat/400/3sat_166.cnf,0.3989942073822021,0.0,0.0,0.3989942073822021,60.37829420738221,3sat_166.cnf,one_shot,One-shot,1,False,True,runs/analysis/full400_seed_robustness/raw/one_shot/seed1.csv
76,2.0,399529.0,460797.0,23951550.0,12.639,SATISFIABLE,76,0,data/test/3sat/400/3sat_167.cnf,0.3989942073822021,0.0,0.0,0.3989942073822021,13.0379942073822,3sat_167.cnf,one_shot,One-shot,1,True,False,runs/analysis/full400_seed_robustness/raw/one_shot/seed1.csv
77,2.0,1433029.0,1620157.0,81993880.0,59.9703,INDETERMINATE,77,0,data/test/3sat/400/3sat_168.cnf,0.3989942073822021,0.0,0.0,0.3989942073822021,60.36929420738221,3sat_168.cnf,one_shot,One-shot,1,False,True,runs/analysis/full400_seed_robustness/raw/one_shot/seed1.csv
78,2.0,1453274.0,1668106.0,83915093.0,59.9761,INDETERMINATE,78,0,data/test/3sat/400/3sat_169.cnf,0.3989942073822021,0.0,0.0,0.3989942073822021,60.375094207382205,3sat_169.cnf,one_shot,One-shot,1,False,True,runs/analysis/full400_seed_robustness/raw/one_shot/seed1.csv
79,2.0,1375520.0,1575659.0,77338779.0,59.9644,INDETERMINATE,79,0,data/test/3sat/400/3sat_17.cnf,0.3989942073822021,0.0,0.0,0.3989942073822021,60.3633942073822,3sat_17.cnf,one_shot,One-shot,1,False,True,runs/analysis/full400_seed_robustness/raw/one_shot/seed1.csv
80,2.0,1440075.0,1644097.0,80129901.0,59.9838,INDETERMINATE,80,0,data/test/3sat/400/3sat_170.cnf,0.3152523040771484,0.0,0.0,0.3152523040771484,60.29905230407715,3sat_170.cnf,one_shot,One-shot,1,False,True,runs/analysis/full400_seed_robustness/raw/one_shot/seed1.csv
81,2.0,1391911.0,1585911.0,79108526.0,59.9805,INDETERMINATE,81,0,data/test/3sat/400/3sat_171.cnf,0.3152523040771484,0.0,0.0,0.3152523040771484,60.29575230407715,3sat_171.cnf,one_shot,One-shot,1,False,True,runs/analysis/full400_seed_robustness/raw/one_shot/seed1.csv
82,2.0,1459629.0,1684709.0,84858948.0,59.9864,INDETERMINATE,82,0,data/test/3sat/400/3sat_172.cnf,0.3152523040771484,0.0,0.0,0.3152523040771484,60.30165230407715,3sat_172.cnf,one_shot,One-shot,1,False,True,runs/analysis/full400_seed_robustness/raw/one_shot/seed1.csv
83,2.0,1451683.0,1659709.0,83256363.0,59.9584,INDETERMINATE,83,0,data/test/3sat/400/3sat_173.cnf,0.3152523040771484,0.0,0.0,0.3152523040771484,60.273652304077146,3sat_173.cnf,one_shot,One-shot,1,False,True,runs/analysis/full400_seed_robustness/raw/one_shot/seed1.csv
84,2.0,1454093.0,1650180.0,81742995.0,59.9776,INDETERMINATE,84,0,data/test/3sat/400/3sat_174.cnf,0.3152523040771484,0.0,0.0,0.3152523040771484,60.29285230407715,3sat_174.cnf,one_shot,One-shot,1,False,True,runs/analysis/full400_seed_robustness/raw/one_shot/seed1.csv
85,2.0,1584791.0,1797952.0,87588398.0,59.9778,INDETERMINATE,85,0,data/test/3sat/400/3sat_175.cnf,0.3152523040771484,0.0,0.0,0.3152523040771484,60.29305230407715,3sat_175.cnf,one_shot,One-shot,1,False,True,runs/analysis/full400_seed_robustness/raw/one_shot/seed1.csv
86,1.0,44850.0,52377.0,2659490.0,1.47412,SATISFIABLE,86,0,data/test/3sat/400/3sat_176.cnf,0.3152523040771484,0.0,0.0,0.3152523040771484,1.7893723040771483,3sat_176.cnf,one_shot,One-shot,1,True,False,runs/analysis/full400_seed_robustness/raw/one_shot/seed1.csv
87,2.0,1458232.0,1652486.0,83837048.0,59.9692,INDETERMINATE,87,0,data/test/3sat/400/3sat_177.cnf,0.3152523040771484,0.0,0.0,0.3152523040771484,60.28445230407715,3sat_177.cnf,one_shot,One-shot,1,False,True,runs/analysis/full400_seed_robustness/raw/one_shot/seed1.csv
88,2.0,1542107.0,1783735.0,89364500.0,59.9864,INDETERMINATE,88,0,data/test/3sat/400/3sat_178.cnf,0.3152523040771484,0.0,0.0,0.3152523040771484,60.30165230407715,3sat_178.cnf,one_shot,One-shot,1,False,True,runs/analysis/full400_seed_robustness/raw/one_shot/seed1.csv
89,2.0,1535977.0,1748373.0,88282172.0,59.9962,INDETERMINATE,89,0,data/test/3sat/400/3sat_179.cnf,0.3152523040771484,0.0,0.0,0.3152523040771484,60.31145230407715,3sat_179.cnf,one_shot,One-shot,1,False,True,runs/analysis/full400_seed_robustness/raw/one_shot/seed1.csv
90,2.0,1431935.0,1636817.0,82325878.0,59.9901,INDETERMINATE,90,0,data/test/3sat/400/3sat_18.cnf,0.2914927005767822,0.0,0.0,0.2914927005767822,60.28159270057678,3sat_18.cnf,one_shot,One-shot,1,False,True,runs/analysis/full400_seed_robustness/raw/one_shot/seed1.csv
91,2.0,479866.0,551097.0,28918715.0,16.4019,SATISFIABLE,91,0,data/test/3sat/400/3sat_180.cnf,0.2914927005767822,0.0,0.0,0.2914927005767822,16.693392700576783,3sat_180.cnf,one_shot,One-shot,1,True,False,runs/analysis/full400_seed_robustness/raw/one_shot/seed1.csv
92,1.0,52050.0,59791.0,3130772.0,1.86475,SATISFIABLE,92,0,data/test/3sat/400/3sat_181.cnf,0.2914927005767822,0.0,0.0,0.2914927005767822,2.156242700576782,3sat_181.cnf,one_shot,One-shot,1,True,False,runs/analysis/full400_seed_robustness/raw/one_shot/seed1.csv
93,2.0,1505225.0,1724585.0,83094704.0,59.9659,INDETERMINATE,93,0,data/test/3sat/400/3sat_182.cnf,0.2914927005767822,0.0,0.0,0.2914927005767822,60.25739270057678,3sat_182.cnf,one_shot,One-shot,1,False,True,runs/analysis/full400_seed_robustness/raw/one_shot/seed1.csv
94,2.0,1497822.0,1710589.0,83998216.0,59.9869,INDETERMINATE,94,0,data/test/3sat/400/3sat_183.cnf,0.2914927005767822,0.0,0.0,0.2914927005767822,60.27839270057678,3sat_183.cnf,one_shot,One-shot,1,False,True,runs/analysis/full400_seed_robustness/raw/one_shot/seed1.csv
95,2.0,1492741.0,1700569.0,85537767.0,59.9905,INDETERMINATE,95,0,data/test/3sat/400/3sat_184.cnf,0.2914927005767822,0.0,0.0,0.2914927005767822,60.28199270057678,3sat_184.cnf,one_shot,One-shot,1,False,True,runs/analysis/full400_seed_robustness/raw/one_shot/seed1.csv
96,2.0,1599366.0,1808774.0,89769067.0,59.9879,INDETERMINATE,96,0,data/test/3sat/400/3sat_185.cnf,0.2914927005767822,0.0,0.0,0.2914927005767822,60.27939270057679,3sat_185.cnf,one_shot,One-shot,1,False,True,runs/analysis/full400_seed_robustness/raw/one_shot/seed1.csv
97,2.0,1378000.0,1574061.0,75258190.0,59.9779,INDETERMINATE,97,0,data/test/3sat/400/3sat_186.cnf,0.2914927005767822,0.0,0.0,0.2914927005767822,60.26939270057678,3sat_186.cnf,one_shot,One-shot,1,False,True,runs/analysis/full400_seed_robustness/raw/one_shot/seed1.csv
98,2.0,1358704.0,1565799.0,76623400.0,59.9955,INDETERMINATE,98,0,data/test/3sat/400/3sat_187.cnf,0.2914927005767822,0.0,0.0,0.2914927005767822,60.28699270057678,3sat_187.cnf,one_shot,One-shot,1,False,True,runs/analysis/full400_seed_robustness/raw/one_shot/seed1.csv
99,2.0,1542607.0,1761826.0,88197175.0,59.9626,INDETERMINATE,99,0,data/test/3sat/400/3sat_188.cnf,0.2914927005767822,0.0,0.0,0.2914927005767822,60.254092700576784,3sat_188.cnf,one_shot,One-shot,1,False,True,runs/analysis/full400_seed_robustness/raw/one_shot/seed1.csv
100,2.0,1382781.0,1580786.0,79403510.0,59.9784,INDETERMINATE,100,0,data/test/3sat/400/3sat_189.cnf,0.2986602783203125,0.0,0.0,0.2986602783203125,60.27706027832031,3sat_189.cnf,one_shot,One-shot,1,False,True,runs/analysis/full400_seed_robustness/raw/one_shot/seed1.csv
101,1.0,89648.0,102340.0,5281405.0,3.72967,SATISFIABLE,101,0,data/test/3sat/400/3sat_19.cnf,0.2986602783203125,0.0,0.0,0.2986602783203125,4.028330278320313,3sat_19.cnf,one_shot,One-shot,1,True,False,runs/analysis/full400_seed_robustness/raw/one_shot/seed1.csv
102,1.0,1353.0,1762.0,87323.0,0.029754,SATISFIABLE,102,0,data/test/3sat/400/3sat_190.cnf,0.2986602783203125,0.0,0.0,0.2986602783203125,0.3284142783203125,3sat_190.cnf,one_shot,One-shot,1,True,False,runs/analysis/full400_seed_robustness/raw/one_shot/seed1.csv
103,2.0,1441661.0,1637139.0,81317394.0,59.9897,INDETERMINATE,103,0,data/test/3sat/400/3sat_191.cnf,0.2986602783203125,0.0,0.0,0.2986602783203125,60.28836027832031,3sat_191.cnf,one_shot,One-shot,1,False,True,runs/analysis/full400_seed_robustness/raw/one_shot/seed1.csv
104,2.0,1425666.0,1644500.0,80476707.0,59.9569,INDETERMINATE,104,0,data/test/3sat/400/3sat_192.cnf,0.2986602783203125,0.0,0.0,0.2986602783203125,60.25556027832031,3sat_192.cnf,one_shot,One-shot,1,False,True,runs/analysis/full400_seed_robustness/raw/one_shot/seed1.csv
105,2.0,1387766.0,1583896.0,80341243.0,59.9737,INDETERMINATE,105,0,data/test/3sat/400/3sat_193.cnf,0.2986602783203125,0.0,0.0,0.2986602783203125,60.27236027832031,3sat_193.cnf,one_shot,One-shot,1,False,True,runs/analysis/full400_seed_robustness/raw/one_shot/seed1.csv
106,2.0,1369924.0,1555235.0,78072121.0,59.9643,INDETERMINATE,106,0,data/test/3sat/400/3sat_194.cnf,0.2986602783203125,0.0,0.0,0.2986602783203125,60.26296027832032,3sat_194.cnf,one_shot,One-shot,1,False,True,runs/analysis/full400_seed_robustness/raw/one_shot/seed1.csv
107,2.0,1492148.0,1702621.0,87082356.0,59.9631,INDETERMINATE,107,0,data/test/3sat/400/3sat_195.cnf,0.2986602783203125,0.0,0.0,0.2986602783203125,60.26176027832031,3sat_195.cnf,one_shot,One-shot,1,False,True,runs/analysis/full400_seed_robustness/raw/one_shot/seed1.csv
108,2.0,885139.0,1017689.0,51832819.0,31.3484,SATISFIABLE,108,0,data/test/3sat/400/3sat_196.cnf,0.2986602783203125,0.0,0.0,0.2986602783203125,31.647060278320318,3sat_196.cnf,one_shot,One-shot,1,True,False,runs/analysis/full400_seed_robustness/raw/one_shot/seed1.csv
109,2.0,1460361.0,1665289.0,81902838.0,59.9723,INDETERMINATE,109,0,data/test/3sat/400/3sat_197.cnf,0.2986602783203125,0.0,0.0,0.2986602783203125,60.27096027832031,3sat_197.cnf,one_shot,One-shot,1,False,True,runs/analysis/full400_seed_robustness/raw/one_shot/seed1.csv
110,2.0,1457515.0,1667501.0,84360017.0,59.9576,INDETERMINATE,110,0,data/test/3sat/400/3sat_198.cnf,0.3302185535430908,0.0,0.0,0.3302185535430908,60.28781855354309,3sat_198.cnf,one_shot,One-shot,1,False,True,runs/analysis/full400_seed_robustness/raw/one_shot/seed1.csv
111,2.0,1394750.0,1597935.0,77871299.0,59.9567,INDETERMINATE,111,0,data/test/3sat/400/3sat_199.cnf,0.3302185535430908,0.0,0.0,0.3302185535430908,60.28691855354309,3sat_199.cnf,one_shot,One-shot,1,False,True,runs/analysis/full400_seed_robustness/raw/one_shot/seed1.csv
112,2.0,1428699.0,1631068.0,82986782.0,59.9733,INDETERMINATE,112,0,data/test/3sat/400/3sat_2.cnf,0.3302185535430908,0.0,0.0,0.3302185535430908,60.30351855354309,3sat_2.cnf,one_shot,One-shot,1,False,True,runs/analysis/full400_seed_robustness/raw/one_shot/seed1.csv
113,2.0,361980.0,419239.0,21758927.0,12.2657,SATISFIABLE,113,0,data/test/3sat/400/3sat_20.cnf,0.3302185535430908,0.0,0.0,0.3302185535430908,12.595918553543092,3sat_20.cnf,one_shot,One-shot,1,True,False,runs/analysis/full400_seed_robustness/raw/one_shot/seed1.csv
114,2.0,1426771.0,1651577.0,83067490.0,59.9705,INDETERMINATE,114,0,data/test/3sat/400/3sat_21.cnf,0.3302185535430908,0.0,0.0,0.3302185535430908,60.30071855354309,3sat_21.cnf,one_shot,One-shot,1,False,True,runs/analysis/full400_seed_robustness/raw/one_shot/seed1.csv
115,1.0,41448.0,48376.0,2524622.0,1.30598,SATISFIABLE,115,0,data/test/3sat/400/3sat_22.cnf,0.3302185535430908,0.0,0.0,0.3302185535430908,1.6361985535430907,3sat_22.cnf,one_shot,One-shot,1,True,False,runs/analysis/full400_seed_robustness/raw/one_shot/seed1.csv
116,2.0,1401893.0,1603863.0,77827300.0,59.9741,INDETERMINATE,116,0,data/test/3sat/400/3sat_23.cnf,0.3302185535430908,0.0,0.0,0.3302185535430908,60.30431855354309,3sat_23.cnf,one_shot,One-shot,1,False,True,runs/analysis/full400_seed_robustness/raw/one_shot/seed1.csv
117,1.0,97677.0,112677.0,5872880.0,4.1564,SATISFIABLE,117,0,data/test/3sat/400/3sat_24.cnf,0.3302185535430908,0.0,0.0,0.3302185535430908,4.4866185535430905,3sat_24.cnf,one_shot,One-shot,1,True,False,runs/analysis/full400_seed_robustness/raw/one_shot/seed1.csv
118,1.0,41249.0,47888.0,2486997.0,1.1372,SATISFIABLE,118,0,data/test/3sat/400/3sat_25.cnf,0.3302185535430908,0.0,0.0,0.3302185535430908,1.4674185535430908,3sat_25.cnf,one_shot,One-shot,1,True,False,runs/analysis/full400_seed_robustness/raw/one_shot/seed1.csv
119,2.0,1392211.0,1589411.0,79772425.0,59.9714,INDETERMINATE,119,0,data/test/3sat/400/3sat_26.cnf,0.3302185535430908,0.0,0.0,0.3302185535430908,60.30161855354309,3sat_26.cnf,one_shot,One-shot,1,False,True,runs/analysis/full400_seed_robustness/raw/one_shot/seed1.csv
120,1.0,9470.0,11447.0,605518.0,0.199508,SATISFIABLE,120,0,data/test/3sat/400/3sat_27.cnf,0.2987442016601562,0.0,0.0,0.2987442016601562,0.4982522016601562,3sat_27.cnf,one_shot,One-shot,1,True,False,runs/analysis/full400_seed_robustness/raw/one_shot/seed1.csv
121,2.0,1511625.0,1730203.0,85653168.0,59.9846,INDETERMINATE,121,0,data/test/3sat/400/3sat_28.cnf,0.2987442016601562,0.0,0.0,0.2987442016601562,60.28334420166016,3sat_28.cnf,one_shot,One-shot,1,False,True,runs/analysis/full400_seed_robustness/raw/one_shot/seed1.csv
122,2.0,1526852.0,1739689.0,87795662.0,59.983,INDETERMINATE,122,0,data/test/3sat/400/3sat_29.cnf,0.2987442016601562,0.0,0.0,0.2987442016601562,60.28174420166015,3sat_29.cnf,one_shot,One-shot,1,False,True,runs/analysis/full400_seed_robustness/raw/one_shot/seed1.csv
123,2.0,1507083.0,1727789.0,88711303.0,59.9755,INDETERMINATE,123,0,data/test/3sat/400/3sat_3.cnf,0.2987442016601562,0.0,0.0,0.2987442016601562,60.27424420166015,3sat_3.cnf,one_shot,One-shot,1,False,True,runs/analysis/full400_seed_robustness/raw/one_shot/seed1.csv
124,2.0,1438444.0,1640795.0,83189291.0,59.9821,INDETERMINATE,124,0,data/test/3sat/400/3sat_30.cnf,0.2987442016601562,0.0,0.0,0.2987442016601562,60.28084420166016,3sat_30.cnf,one_shot,One-shot,1,False,True,runs/analysis/full400_seed_robustness/raw/one_shot/seed1.csv
125,2.0,1334086.0,1525237.0,74836876.0,59.9896,INDETERMINATE,125,0,data/test/3sat/400/3sat_31.cnf,0.2987442016601562,0.0,0.0,0.2987442016601562,60.28834420166016,3sat_31.cnf,one_shot,One-shot,1,False,True,runs/analysis/full400_seed_robustness/raw/one_shot/seed1.csv
126,2.0,1430532.0,1618144.0,80581039.0,59.9932,INDETERMINATE,126,0,data/test/3sat/400/3sat_32.cnf,0.2987442016601562,0.0,0.0,0.2987442016601562,60.29194420166016,3sat_32.cnf,one_shot,One-shot,1,False,True,runs/analysis/full400_seed_robustness/raw/one_shot/seed1.csv
127,2.0,1409961.0,1617632.0,80430837.0,59.9749,INDETERMINATE,127,0,data/test/3sat/400/3sat_33.cnf,0.2987442016601562,0.0,0.0,0.2987442016601562,60.27364420166016,3sat_33.cnf,one_shot,One-shot,1,False,True,runs/analysis/full400_seed_robustness/raw/one_shot/seed1.csv
128,2.0,1546759.0,1766430.0,89585532.0,59.9866,INDETERMINATE,128,0,data/test/3sat/400/3sat_34.cnf,0.2987442016601562,0.0,0.0,0.2987442016601562,60.28534420166016,3sat_34.cnf,one_shot,One-shot,1,False,True,runs/analysis/full400_seed_robustness/raw/one_shot/seed1.csv
129,2.0,1508618.0,1732445.0,83099041.0,59.9767,INDETERMINATE,129,0,data/test/3sat/400/3sat_35.cnf,0.2987442016601562,0.0,0.0,0.2987442016601562,60.27544420166016,3sat_35.cnf,one_shot,One-shot,1,False,True,runs/analysis/full400_seed_robustness/raw/one_shot/seed1.csv
130,2.0,1469333.0,1681464.0,82528950.0,59.9813,INDETERMINATE,130,0,data/test/3sat/400/3sat_36.cnf,0.2901611328125,0.0,0.0,0.2901611328125,60.2714611328125,3sat_36.cnf,one_shot,One-shot,1,False,True,runs/analysis/full400_seed_robustness/raw/one_shot/seed1.csv
131,2.0,1526129.0,1732406.0,85817929.0,59.9789,INDETERMINATE,131,0,data/test/3sat/400/3sat_37.cnf,0.2901611328125,0.0,0.0,0.2901611328125,60.2690611328125,3sat_37.cnf,one_shot,One-shot,1,False,True,runs/analysis/full400_seed_robustness/raw/one_shot/seed1.csv
132,2.0,1493580.0,1705340.0,85265960.0,59.9705,INDETERMINATE,132,0,data/test/3sat/400/3sat_38.cnf,0.2901611328125,0.0,0.0,0.2901611328125,60.2606611328125,3sat_38.cnf,one_shot,One-shot,1,False,True,runs/analysis/full400_seed_robustness/raw/one_shot/seed1.csv
133,2.0,1478013.0,1700563.0,82706221.0,59.9698,INDETERMINATE,133,0,data/test/3sat/400/3sat_39.cnf,0.2901611328125,0.0,0.0,0.2901611328125,60.2599611328125,3sat_39.cnf,one_shot,One-shot,1,False,True,runs/analysis/full400_seed_robustness/raw/one_shot/seed1.csv
134,2.0,1498614.0,1710487.0,84196951.0,59.9721,INDETERMINATE,134,0,data/test/3sat/400/3sat_4.cnf,0.2901611328125,0.0,0.0,0.2901611328125,60.2622611328125,3sat_4.cnf,one_shot,One-shot,1,False,True,runs/analysis/full400_seed_robustness/raw/one_shot/seed1.csv
135,2.0,1518660.0,1735422.0,86419140.0,59.9704,INDETERMINATE,135,0,data/test/3sat/400/3sat_40.cnf,0.2901611328125,0.0,0.0,0.2901611328125,60.2605611328125,3sat_40.cnf,one_shot,One-shot,1,False,True,runs/analysis/full400_seed_robustness/raw/one_shot/seed1.csv
136,2.0,1336534.0,1517757.0,74416716.0,59.9857,INDETERMINATE,136,0,data/test/3sat/400/3sat_41.cnf,0.2901611328125,0.0,0.0,0.2901611328125,60.2758611328125,3sat_41.cnf,one_shot,One-shot,1,False,True,runs/analysis/full400_seed_robustness/raw/one_shot/seed1.csv
137,2.0,1541303.0,1751372.0,83762466.0,59.97,INDETERMINATE,137,0,data/test/3sat/400/3sat_42.cnf,0.2901611328125,0.0,0.0,0.2901611328125,60.2601611328125,3sat_42.cnf,one_shot,One-shot,1,False,True,runs/analysis/full400_seed_robustness/raw/one_shot/seed1.csv
138,2.0,1409057.0,1602671.0,80490921.0,59.9832,INDETERMINATE,138,0,data/test/3sat/400/3sat_43.cnf,0.2901611328125,0.0,0.0,0.2901611328125,60.2733611328125,3sat_43.cnf,one_shot,One-shot,1,False,True,runs/analysis/full400_seed_robustness/raw/one_shot/seed1.csv
139,2.0,1445583.0,1655607.0,83513667.0,59.9895,INDETERMINATE,139,0,data/test/3sat/400/3sat_44.cnf,0.2901611328125,0.0,0.0,0.2901611328125,60.2796611328125,3sat_44.cnf,one_shot,One-shot,1,False,True,runs/analysis/full400_seed_robustness/raw/one_shot/seed1.csv
140,2.0,1507610.0,1699736.0,84159224.0,59.9658,INDETERMINATE,140,0,data/test/3sat/400/3sat_45.cnf,0.3020260334014892,0.0,0.0,0.3020260334014892,60.26782603340149,3sat_45.cnf,one_shot,One-shot,1,False,True,runs/analysis/full400_seed_robustness/raw/one_shot/seed1.csv
141,2.0,977212.0,1110702.0,56336677.0,36.7473,SATISFIABLE,141,0,data/test/3sat/400/3sat_46.cnf,0.3020260334014892,0.0,0.0,0.3020260334014892,37.04932603340149,3sat_46.cnf,one_shot,One-shot,1,True,False,runs/analysis/full400_seed_robustness/raw/one_shot/seed1.csv
142,1.0,63966.0,73444.0,4017900.0,2.51757,SATISFIABLE,142,0,data/test/3sat/400/3sat_47.cnf,0.3020260334014892,0.0,0.0,0.3020260334014892,2.8195960334014893,3sat_47.cnf,one_shot,One-shot,1,True,False,runs/analysis/full400_seed_robustness/raw/one_shot/seed1.csv
143,2.0,1437492.0,1644714.0,80265396.0,59.9795,INDETERMINATE,143,0,data/test/3sat/400/3sat_48.cnf,0.3020260334014892,0.0,0.0,0.3020260334014892,60.28152603340149,3sat_48.cnf,one_shot,One-shot,1,False,True,runs/analysis/full400_seed_robustness/raw/one_shot/seed1.csv
144,2.0,1391790.0,1595622.0,80548362.0,59.9762,INDETERMINATE,144,0,data/test/3sat/400/3sat_49.cnf,0.3020260334014892,0.0,0.0,0.3020260334014892,60.27822603340149,3sat_49.cnf,one_shot,One-shot,1,False,True,runs/analysis/full400_seed_robustness/raw/one_shot/seed1.csv
145,2.0,1397259.0,1600752.0,79057846.0,59.9712,INDETERMINATE,145,0,data/test/3sat/400/3sat_5.cnf,0.3020260334014892,0.0,0.0,0.3020260334014892,60.27322603340149,3sat_5.cnf,one_shot,One-shot,1,False,True,runs/analysis/full400_seed_robustness/raw/one_shot/seed1.csv
146,2.0,1373578.0,1571093.0,78926835.0,59.9815,INDETERMINATE,146,0,data/test/3sat/400/3sat_50.cnf,0.3020260334014892,0.0,0.0,0.3020260334014892,60.283526033401486,3sat_50.cnf,one_shot,One-shot,1,False,True,runs/analysis/full400_seed_robustness/raw/one_shot/seed1.csv
147,2.0,1450417.0,1659284.0,82501482.0,59.9777,INDETERMINATE,147,0,data/test/3sat/400/3sat_51.cnf,0.3020260334014892,0.0,0.0,0.3020260334014892,60.27972603340149,3sat_51.cnf,one_shot,One-shot,1,False,True,runs/analysis/full400_seed_robustness/raw/one_shot/seed1.csv
148,2.0,1594441.0,1840545.0,89707444.0,59.9683,INDETERMINATE,148,0,data/test/3sat/400/3sat_52.cnf,0.3020260334014892,0.0,0.0,0.3020260334014892,60.27032603340149,3sat_52.cnf,one_shot,One-shot,1,False,True,runs/analysis/full400_seed_robustness/raw/one_shot/seed1.csv
149,2.0,1420072.0,1619411.0,77136848.0,59.9841,INDETERMINATE,149,0,data/test/3sat/400/3sat_53.cnf,0.3020260334014892,0.0,0.0,0.3020260334014892,60.28612603340149,3sat_53.cnf,one_shot,One-shot,1,False,True,runs/analysis/full400_seed_robustness/raw/one_shot/seed1.csv
150,2.0,612353.0,699215.0,35959808.0,22.3027,SATISFIABLE,150,0,data/test/3sat/400/3sat_54.cnf,0.2977097034454345,0.0,0.0,0.2977097034454345,22.60040970344544,3sat_54.cnf,one_shot,One-shot,1,True,False,runs/analysis/full400_seed_robustness/raw/one_shot/seed1.csv
151,2.0,1508916.0,1721565.0,85111695.0,59.978,INDETERMINATE,151,0,data/test/3sat/400/3sat_55.cnf,0.2977097034454345,0.0,0.0,0.2977097034454345,60.27570970344544,3sat_55.cnf,one_shot,One-shot,1,False,True,runs/analysis/full400_seed_robustness/raw/one_shot/seed1.csv
152,2.0,1422066.0,1606009.0,81323633.0,59.9806,INDETERMINATE,152,0,data/test/3sat/400/3sat_56.cnf,0.2977097034454345,0.0,0.0,0.2977097034454345,60.27830970344544,3sat_56.cnf,one_shot,One-shot,1,False,True,runs/analysis/full400_seed_robustness/raw/one_shot/seed1.csv
153,2.0,1475270.0,1677168.0,82529060.0,59.9844,INDETERMINATE,153,0,data/test/3sat/400/3sat_57.cnf,0.2977097034454345,0.0,0.0,0.2977097034454345,60.28210970344544,3sat_57.cnf,one_shot,One-shot,1,False,True,runs/analysis/full400_seed_robustness/raw/one_shot/seed1.csv
154,2.0,1519837.0,1733946.0,90146986.0,59.9707,INDETERMINATE,154,0,data/test/3sat/400/3sat_58.cnf,0.2977097034454345,0.0,0.0,0.2977097034454345,60.26840970344544,3sat_58.cnf,one_shot,One-shot,1,False,True,runs/analysis/full400_seed_robustness/raw/one_shot/seed1.csv
155,2.0,1500741.0,1718662.0,84463341.0,59.9642,INDETERMINATE,155,0,data/test/3sat/400/3sat_59.cnf,0.2977097034454345,0.0,0.0,0.2977097034454345,60.26190970344543,3sat_59.cnf,one_shot,One-shot,1,False,True,runs/analysis/full400_seed_robustness/raw/one_shot/seed1.csv
156,2.0,1542108.0,1748149.0,86066357.0,59.9937,INDETERMINATE,156,0,data/test/3sat/400/3sat_6.cnf,0.2977097034454345,0.0,0.0,0.2977097034454345,60.29140970344543,3sat_6.cnf,one_shot,One-shot,1,False,True,runs/analysis/full400_seed_robustness/raw/one_shot/seed1.csv
157,2.0,1438328.0,1636101.0,82670878.0,59.9756,INDETERMINATE,157,0,data/test/3sat/400/3sat_60.cnf,0.2977097034454345,0.0,0.0,0.2977097034454345,60.27330970344544,3sat_60.cnf,one_shot,One-shot,1,False,True,runs/analysis/full400_seed_robustness/raw/one_shot/seed1.csv
158,2.0,1429153.0,1615486.0,80307437.0,59.9852,INDETERMINATE,158,0,data/test/3sat/400/3sat_61.cnf,0.2977097034454345,0.0,0.0,0.2977097034454345,60.28290970344543,3sat_61.cnf,one_shot,One-shot,1,False,True,runs/analysis/full400_seed_robustness/raw/one_shot/seed1.csv
159,2.0,1504636.0,1706290.0,86753488.0,59.9747,INDETERMINATE,159,0,data/test/3sat/400/3sat_62.cnf,0.2977097034454345,0.0,0.0,0.2977097034454345,60.27240970344543,3sat_62.cnf,one_shot,One-shot,1,False,True,runs/analysis/full400_seed_robustness/raw/one_shot/seed1.csv
160,2.0,138136.0,157894.0,8130882.0,4.83513,SATISFIABLE,160,0,data/test/3sat/400/3sat_63.cnf,0.3029019832611084,0.0,0.0,0.3029019832611084,5.138031983261109,3sat_63.cnf,one_shot,One-shot,1,True,False,runs/analysis/full400_seed_robustness/raw/one_shot/seed1.csv
161,2.0,1464001.0,1656763.0,81698232.0,59.9716,INDETERMINATE,161,0,data/test/3sat/400/3sat_64.cnf,0.3029019832611084,0.0,0.0,0.3029019832611084,60.27450198326111,3sat_64.cnf,one_shot,One-shot,1,False,True,runs/analysis/full400_seed_robustness/raw/one_shot/seed1.csv
162,1.0,224.0,339.0,14565.0,0.008998,SATISFIABLE,162,0,data/test/3sat/400/3sat_65.cnf,0.3029019832611084,0.0,0.0,0.3029019832611084,0.3118999832611084,3sat_65.cnf,one_shot,One-shot,1,True,False,runs/analysis/full400_seed_robustness/raw/one_shot/seed1.csv
163,2.0,1445495.0,1658586.0,83338433.0,59.9867,INDETERMINATE,163,0,data/test/3sat/400/3sat_66.cnf,0.3029019832611084,0.0,0.0,0.3029019832611084,60.28960198326111,3sat_66.cnf,one_shot,One-shot,1,False,True,runs/analysis/full400_seed_robustness/raw/one_shot/seed1.csv
164,2.0,1487350.0,1700452.0,85750189.0,59.9835,INDETERMINATE,164,0,data/test/3sat/400/3sat_67.cnf,0.3029019832611084,0.0,0.0,0.3029019832611084,60.28640198326111,3sat_67.cnf,one_shot,One-shot,1,False,True,runs/analysis/full400_seed_robustness/raw/one_shot/seed1.csv
165,2.0,1490901.0,1705919.0,84387444.0,59.9766,INDETERMINATE,165,0,data/test/3sat/400/3sat_68.cnf,0.3029019832611084,0.0,0.0,0.3029019832611084,60.27950198326111,3sat_68.cnf,one_shot,One-shot,1,False,True,runs/analysis/full400_seed_robustness/raw/one_shot/seed1.csv
166,2.0,1472735.0,1688143.0,87713416.0,59.9878,INDETERMINATE,166,0,data/test/3sat/400/3sat_69.cnf,0.3029019832611084,0.0,0.0,0.3029019832611084,60.29070198326111,3sat_69.cnf,one_shot,One-shot,1,False,True,runs/analysis/full400_seed_robustness/raw/one_shot/seed1.csv
167,2.0,1539105.0,1736956.0,85169161.0,59.9941,INDETERMINATE,167,0,data/test/3sat/400/3sat_7.cnf,0.3029019832611084,0.0,0.0,0.3029019832611084,60.29700198326111,3sat_7.cnf,one_shot,One-shot,1,False,True,runs/analysis/full400_seed_robustness/raw/one_shot/seed1.csv
168,1.0,2512.0,3124.0,152890.0,0.047025,SATISFIABLE,168,0,data/test/3sat/400/3sat_70.cnf,0.3029019832611084,0.0,0.0,0.3029019832611084,0.3499269832611084,3sat_70.cnf,one_shot,One-shot,1,True,False,runs/analysis/full400_seed_robustness/raw/one_shot/seed1.csv
169,2.0,1454971.0,1665401.0,82932859.0,59.992,INDETERMINATE,169,0,data/test/3sat/400/3sat_71.cnf,0.3029019832611084,0.0,0.0,0.3029019832611084,60.29490198326111,3sat_71.cnf,one_shot,One-shot,1,False,True,runs/analysis/full400_seed_robustness/raw/one_shot/seed1.csv
170,2.0,1464345.0,1675666.0,82389885.0,59.9679,INDETERMINATE,170,0,data/test/3sat/400/3sat_72.cnf,0.3090345859527588,0.0,0.0,0.3090345859527588,60.27693458595276,3sat_72.cnf,one_shot,One-shot,1,False,True,runs/analysis/full400_seed_robustness/raw/one_shot/seed1.csv
171,2.0,1458680.0,1662635.0,83536805.0,59.965,INDETERMINATE,171,0,data/test/3sat/400/3sat_73.cnf,0.3090345859527588,0.0,0.0,0.3090345859527588,60.27403458595276,3sat_73.cnf,one_shot,One-shot,1,False,True,runs/analysis/full400_seed_robustness/raw/one_shot/seed1.csv
172,2.0,1434018.0,1650986.0,80687011.0,59.984,INDETERMINATE,172,0,data/test/3sat/400/3sat_74.cnf,0.3090345859527588,0.0,0.0,0.3090345859527588,60.29303458595276,3sat_74.cnf,one_shot,One-shot,1,False,True,runs/analysis/full400_seed_robustness/raw/one_shot/seed1.csv
173,2.0,1377614.0,1572111.0,75493168.0,59.9852,INDETERMINATE,173,0,data/test/3sat/400/3sat_75.cnf,0.3090345859527588,0.0,0.0,0.3090345859527588,60.29423458595276,3sat_75.cnf,one_shot,One-shot,1,False,True,runs/analysis/full400_seed_robustness/raw/one_shot/seed1.csv
174,2.0,1484979.0,1688941.0,86620581.0,59.9846,INDETERMINATE,174,0,data/test/3sat/400/3sat_76.cnf,0.3090345859527588,0.0,0.0,0.3090345859527588,60.29363458595276,3sat_76.cnf,one_shot,One-shot,1,False,True,runs/analysis/full400_seed_robustness/raw/one_shot/seed1.csv
175,2.0,1466051.0,1672410.0,82321488.0,59.9805,INDETERMINATE,175,0,data/test/3sat/400/3sat_77.cnf,0.3090345859527588,0.0,0.0,0.3090345859527588,60.28953458595276,3sat_77.cnf,one_shot,One-shot,1,False,True,runs/analysis/full400_seed_robustness/raw/one_shot/seed1.csv
176,2.0,1492032.0,1699348.0,81835272.0,59.9885,INDETERMINATE,176,0,data/test/3sat/400/3sat_78.cnf,0.3090345859527588,0.0,0.0,0.3090345859527588,60.29753458595276,3sat_78.cnf,one_shot,One-shot,1,False,True,runs/analysis/full400_seed_robustness/raw/one_shot/seed1.csv
177,2.0,1402548.0,1603356.0,77018841.0,59.9685,INDETERMINATE,177,0,data/test/3sat/400/3sat_79.cnf,0.3090345859527588,0.0,0.0,0.3090345859527588,60.27753458595276,3sat_79.cnf,one_shot,One-shot,1,False,True,runs/analysis/full400_seed_robustness/raw/one_shot/seed1.csv
178,2.0,1466199.0,1666231.0,84767829.0,59.9976,INDETERMINATE,178,0,data/test/3sat/400/3sat_8.cnf,0.3090345859527588,0.0,0.0,0.3090345859527588,60.30663458595276,3sat_8.cnf,one_shot,One-shot,1,False,True,runs/analysis/full400_seed_robustness/raw/one_shot/seed1.csv
179,2.0,1485216.0,1711809.0,85705179.0,59.9561,INDETERMINATE,179,0,data/test/3sat/400/3sat_80.cnf,0.3090345859527588,0.0,0.0,0.3090345859527588,60.26513458595276,3sat_80.cnf,one_shot,One-shot,1,False,True,runs/analysis/full400_seed_robustness/raw/one_shot/seed1.csv
180,2.0,1460372.0,1652070.0,81535973.0,59.9847,INDETERMINATE,180,0,data/test/3sat/400/3sat_81.cnf,0.2951688766479492,0.0,0.0,0.2951688766479492,60.279868876647946,3sat_81.cnf,one_shot,One-shot,1,False,True,runs/analysis/full400_seed_robustness/raw/one_shot/seed1.csv
181,2.0,723843.0,829611.0,42069078.0,25.7357,SATISFIABLE,181,0,data/test/3sat/400/3sat_82.cnf,0.2951688766479492,0.0,0.0,0.2951688766479492,26.03086887664795,3sat_82.cnf,one_shot,One-shot,1,True,False,runs/analysis/full400_seed_robustness/raw/one_shot/seed1.csv
182,2.0,1445334.0,1648559.0,80895691.0,59.9856,INDETERMINATE,182,0,data/test/3sat/400/3sat_83.cnf,0.2951688766479492,0.0,0.0,0.2951688766479492,60.28076887664795,3sat_83.cnf,one_shot,One-shot,1,False,True,runs/analysis/full400_seed_robustness/raw/one_shot/seed1.csv
183,2.0,1350496.0,1545516.0,77238512.0,59.9649,INDETERMINATE,183,0,data/test/3sat/400/3sat_84.cnf,0.2951688766479492,0.0,0.0,0.2951688766479492,60.26006887664795,3sat_84.cnf,one_shot,One-shot,1,False,True,runs/analysis/full400_seed_robustness/raw/one_shot/seed1.csv
184,2.0,1453554.0,1657701.0,82138192.0,59.9809,INDETERMINATE,184,0,data/test/3sat/400/3sat_85.cnf,0.2951688766479492,0.0,0.0,0.2951688766479492,60.27606887664795,3sat_85.cnf,one_shot,One-shot,1,False,True,runs/analysis/full400_seed_robustness/raw/one_shot/seed1.csv
185,1.0,84037.0,97892.0,5195664.0,3.15255,SATISFIABLE,185,0,data/test/3sat/400/3sat_86.cnf,0.2951688766479492,0.0,0.0,0.2951688766479492,3.4477188766479494,3sat_86.cnf,one_shot,One-shot,1,True,False,runs/analysis/full400_seed_robustness/raw/one_shot/seed1.csv
186,2.0,1348806.0,1540973.0,76950449.0,59.984,INDETERMINATE,186,0,data/test/3sat/400/3sat_87.cnf,0.2951688766479492,0.0,0.0,0.2951688766479492,60.27916887664795,3sat_87.cnf,one_shot,One-shot,1,False,True,runs/analysis/full400_seed_robustness/raw/one_shot/seed1.csv
187,1.0,10969.0,13071.0,671709.0,0.238691,SATISFIABLE,187,0,data/test/3sat/400/3sat_88.cnf,0.2951688766479492,0.0,0.0,0.2951688766479492,0.5338598766479492,3sat_88.cnf,one_shot,One-shot,1,True,False,runs/analysis/full400_seed_robustness/raw/one_shot/seed1.csv
188,2.0,1431484.0,1638662.0,84112225.0,59.9603,INDETERMINATE,188,0,data/test/3sat/400/3sat_89.cnf,0.2951688766479492,0.0,0.0,0.2951688766479492,60.255468876647946,3sat_89.cnf,one_shot,One-shot,1,False,True,runs/analysis/full400_seed_robustness/raw/one_shot/seed1.csv
189,2.0,1490581.0,1697741.0,85707844.0,59.972,INDETERMINATE,189,0,data/test/3sat/400/3sat_9.cnf,0.2951688766479492,0.0,0.0,0.2951688766479492,60.26716887664795,3sat_9.cnf,one_shot,One-shot,1,False,True,runs/analysis/full400_seed_robustness/raw/one_shot/seed1.csv
190,2.0,1414870.0,1631012.0,82695702.0,59.9597,INDETERMINATE,190,0,data/test/3sat/400/3sat_90.cnf,0.306464672088623,0.0,0.0,0.306464672088623,60.26616467208862,3sat_90.cnf,one_shot,One-shot,1,False,True,runs/analysis/full400_seed_robustness/raw/one_shot/seed1.csv
191,1.0,10042.0,11941.0,654479.0,0.235406,SATISFIABLE,191,0,data/test/3sat/400/3sat_91.cnf,0.306464672088623,0.0,0.0,0.306464672088623,0.541870672088623,3sat_91.cnf,one_shot,One-shot,1,True,False,runs/analysis/full400_seed_robustness/raw/one_shot/seed1.csv
192,2.0,253822.0,290337.0,15713394.0,8.75878,SATISFIABLE,192,0,data/test/3sat/400/3sat_92.cnf,0.306464672088623,0.0,0.0,0.306464672088623,9.065244672088625,3sat_92.cnf,one_shot,One-shot,1,True,False,runs/analysis/full400_seed_robustness/raw/one_shot/seed1.csv
193,2.0,621792.0,720709.0,37565651.0,21.7452,SATISFIABLE,193,0,data/test/3sat/400/3sat_93.cnf,0.306464672088623,0.0,0.0,0.306464672088623,22.051664672088624,3sat_93.cnf,one_shot,One-shot,1,True,False,runs/analysis/full400_seed_robustness/raw/one_shot/seed1.csv
194,1.0,53988.0,62131.0,3367378.0,1.76552,SATISFIABLE,194,0,data/test/3sat/400/3sat_94.cnf,0.306464672088623,0.0,0.0,0.306464672088623,2.071984672088623,3sat_94.cnf,one_shot,One-shot,1,True,False,runs/analysis/full400_seed_robustness/raw/one_shot/seed1.csv
195,2.0,1432038.0,1630726.0,80208943.0,59.9717,INDETERMINATE,195,0,data/test/3sat/400/3sat_95.cnf,0.306464672088623,0.0,0.0,0.306464672088623,60.27816467208862,3sat_95.cnf,one_shot,One-shot,1,False,True,runs/analysis/full400_seed_robustness/raw/one_shot/seed1.csv
196,1.0,9083.0,10962.0,575264.0,0.202224,SATISFIABLE,196,0,data/test/3sat/400/3sat_96.cnf,0.306464672088623,0.0,0.0,0.306464672088623,0.508688672088623,3sat_96.cnf,one_shot,One-shot,1,True,False,runs/analysis/full400_seed_robustness/raw/one_shot/seed1.csv
197,2.0,1451934.0,1671249.0,85744750.0,59.9668,INDETERMINATE,197,0,data/test/3sat/400/3sat_97.cnf,0.306464672088623,0.0,0.0,0.306464672088623,60.27326467208862,3sat_97.cnf,one_shot,One-shot,1,False,True,runs/analysis/full400_seed_robustness/raw/one_shot/seed1.csv
198,2.0,1469625.0,1665838.0,82861743.0,59.9628,INDETERMINATE,198,0,data/test/3sat/400/3sat_98.cnf,0.306464672088623,0.0,0.0,0.306464672088623,60.269264672088624,3sat_98.cnf,one_shot,One-shot,1,False,True,runs/analysis/full400_seed_robustness/raw/one_shot/seed1.csv
199,2.0,1459286.0,1665712.0,80565120.0,59.965,INDETERMINATE,199,0,data/test/3sat/400/3sat_99.cnf,0.306464672088623,0.0,0.0,0.306464672088623,60.27146467208863,3sat_99.cnf,one_shot,One-shot,1,False,True,runs/analysis/full400_seed_robustness/raw/one_shot/seed1.csv
0,2.0,1462801.0,1669369.0,81532262.0,59.9508,INDETERMINATE,0,0,data/test/3sat/400/3sat_0.cnf,0.0050666332244873,0.08416,0.3658747673034668,0.3709414005279541,60.40590140052795,3sat_0.cnf,online_consistent_boundary400,Online-Consistent Selector,1,False,True,runs/analysis/full400_seed_robustness/raw/online_consistent_boundary400/seed1.csv
1,1.0,73715.0,85712.0,4316774.0,2.77609,SATISFIABLE,1,0,data/test/3sat/400/3sat_1.cnf,0.0050666332244873,0.089894,0.3658747673034668,0.3709414005279541,3.236925400527954,3sat_1.cnf,online_consistent_boundary400,Online-Consistent Selector,1,True,False,runs/analysis/full400_seed_robustness/raw/online_consistent_boundary400/seed1.csv
2,2.0,1561305.0,1782604.0,88036360.0,59.9784,INDETERMINATE,2,0,data/test/3sat/400/3sat_10.cnf,0.0050666332244873,0.075623,0.3658747673034668,0.3709414005279541,60.42496440052796,3sat_10.cnf,online_consistent_boundary400,Online-Consistent Selector,1,False,True,runs/analysis/full400_seed_robustness/raw/online_consistent_boundary400/seed1.csv
3,1.0,3392.0,4166.0,213902.0,0.064161,SATISFIABLE,3,0,data/test/3sat/400/3sat_100.cnf,0.0050666332244873,0.07843,0.3658747673034668,0.3709414005279541,0.5135324005279541,3sat_100.cnf,online_consistent_boundary400,Online-Consistent Selector,1,True,False,runs/analysis/full400_seed_robustness/raw/online_consistent_boundary400/seed1.csv
4,2.0,1456769.0,1664766.0,81826586.0,59.956,INDETERMINATE,4,0,data/test/3sat/400/3sat_101.cnf,0.0050666332244873,0.085556,0.3658747673034668,0.3709414005279541,60.412497400527954,3sat_101.cnf,online_consistent_boundary400,Online-Consistent Selector,1,False,True,runs/analysis/full400_seed_robustness/raw/online_consistent_boundary400/seed1.csv
5,2.0,1506007.0,1742196.0,86110326.0,59.9862,INDETERMINATE,5,0,data/test/3sat/400/3sat_102.cnf,0.0050666332244873,0.070239,0.3658747673034668,0.3709414005279541,60.42738040052795,3sat_102.cnf,online_consistent_boundary400,Online-Consistent Selector,1,False,True,runs/analysis/full400_seed_robustness/raw/online_consistent_boundary400/seed1.csv
6,2.0,1510197.0,1742541.0,86926753.0,59.9786,INDETERMINATE,6,0,data/test/3sat/400/3sat_103.cnf,0.0050666332244873,0.0845269999999999,0.3658747673034668,0.3709414005279541,60.43406840052796,3sat_103.cnf,online_consistent_boundary400,Online-Consistent Selector,1,False,True,runs/analysis/full400_seed_robustness/raw/online_consistent_boundary400/seed1.csv
7,2.0,1456195.0,1663608.0,80967960.0,59.9835,INDETERMINATE,7,0,data/test/3sat/400/3sat_104.cnf,0.0050666332244873,0.08267,0.3658747673034668,0.3709414005279541,60.437111400527954,3sat_104.cnf,online_consistent_boundary400,Online-Consistent Selector,1,False,True,runs/analysis/full400_seed_robustness/raw/online_consistent_boundary400/seed1.csv
8,2.0,1519882.0,1729243.0,86990947.0,59.9703,INDETERMINATE,8,0,data/test/3sat/400/3sat_105.cnf,0.0050666332244873,0.063758,0.3658747673034668,0.3709414005279541,60.40499940052796,3sat_105.cnf,online_consistent_boundary400,Online-Consistent Selector,1,False,True,runs/analysis/full400_seed_robustness/raw/online_consistent_boundary400/seed1.csv
9,2.0,1412069.0,1614759.0,78696304.0,59.9765,INDETERMINATE,9,0,data/test/3sat/400/3sat_106.cnf,0.0050666332244873,0.077877,0.3658747673034668,0.3709414005279541,60.42531840052796,3sat_106.cnf,online_consistent_boundary400,Online-Consistent Selector,1,False,True,runs/analysis/full400_seed_robustness/raw/online_consistent_boundary400/seed1.csv
10,2.0,1355639.0,1557427.0,77382528.0,59.976,INDETERMINATE,10,0,data/test/3sat/400/3sat_107.cnf,0.0041441917419433,0.06945,0.3665223121643066,0.37066650390625,60.41611650390625,3sat_107.cnf,online_consistent_boundary400,Online-Consistent Selector,1,False,True,runs/analysis/full400_seed_robustness/raw/online_consistent_boundary400/seed1.csv
11,2.0,1498307.0,1725611.0,83894936.0,59.9649,INDETERMINATE,11,0,data/test/3sat/400/3sat_108.cnf,0.0041441917419433,0.076259,0.3665223121643066,0.37066650390625,60.41182550390625,3sat_108.cnf,online_consistent_boundary400,Online-Consistent Selector,1,False,True,runs/analysis/full400_seed_robustness/raw/online_consistent_boundary400/seed1.csv
12,2.0,1537816.0,1762079.0,86132332.0,59.9676,INDETERMINATE,12,0,data/test/3sat/400/3sat_109.cnf,0.0041441917419433,0.0771459999999999,0.3665223121643066,0.37066650390625,60.415412503906246,3sat_109.cnf,online_consistent_boundary400,Online-Consistent Selector,1,False,True,runs/analysis/full400_seed_robustness/raw/online_consistent_boundary400/seed1.csv
13,1.0,40661.0,47692.0,2496556.0,1.36376,SATISFIABLE,13,0,data/test/3sat/400/3sat_11.cnf,0.0041441917419433,0.075937,0.3665223121643066,0.37066650390625,1.81036350390625,3sat_11.cnf,online_consistent_boundary400,Online-Consistent Selector,1,True,False,runs/analysis/full400_seed_robustness/raw/online_consistent_boundary400/seed1.csv
14,2.0,1505419.0,1727371.0,87029269.0,59.9734,INDETERMINATE,14,0,data/test/3sat/400/3sat_110.cnf,0.0041441917419433,0.067139,0.3665223121643066,0.37066650390625,60.411205503906245,3sat_110.cnf,online_consistent_boundary400,Online-Consistent Selector,1,False,True,runs/analysis/full400_seed_robustness/raw/online_consistent_boundary400/seed1.csv
15,2.0,1441797.0,1654045.0,84211807.0,59.9761,INDETERMINATE,15,0,data/test/3sat/400/3sat_111.cnf,0.0041441917419433,0.0754519999999999,0.3665223121643066,0.37066650390625,60.42221850390625,3sat_111.cnf,online_consistent_boundary400,Online-Consistent Selector,1,False,True,runs/analysis/full400_seed_robustness/raw/online_consistent_boundary400/seed1.csv
16,2.0,1519169.0,1726467.0,87808028.0,59.9712,INDETERMINATE,16,0,data/test/3sat/400/3sat_112.cnf,0.0041441917419433,0.062193,0.3665223121643066,0.37066650390625,60.404059503906254,3sat_112.cnf,online_consistent_boundary400,Online-Consistent Selector,1,False,True,runs/analysis/full400_seed_robustness/raw/online_consistent_boundary400/seed1.csv
17,2.0,1429157.0,1621551.0,81864989.0,59.9765,INDETERMINATE,17,0,data/test/3sat/400/3sat_113.cnf,0.0041441917419433,0.062225,0.3665223121643066,0.37066650390625,60.40939150390625,3sat_113.cnf,online_consistent_boundary400,Online-Consistent Selector,1,False,True,runs/analysis/full400_seed_robustness/raw/online_consistent_boundary400/seed1.csv
18,2.0,1452836.0,1668370.0,82196089.0,59.9751,INDETERMINATE,18,0,data/test/3sat/400/3sat_114.cnf,0.0041441917419433,0.076103,0.3665223121643066,0.37066650390625,60.42186950390625,3sat_114.cnf,online_consistent_boundary400,Online-Consistent Selector,1,False,True,runs/analysis/full400_seed_robustness/raw/online_consistent_boundary400/seed1.csv
19,2.0,1415802.0,1616404.0,79998209.0,59.9576,INDETERMINATE,19,0,data/test/3sat/400/3sat_115.cnf,0.0041441917419433,0.061929,0.3665223121643066,0.37066650390625,60.39019550390625,3sat_115.cnf,online_consistent_boundary400,Online-Consistent Selector,1,False,True,runs/analysis/full400_seed_robustness/raw/online_consistent_boundary400/seed1.csv
20,2.0,1456447.0,1658260.0,81358914.0,59.974,INDETERMINATE,20,0,data/test/3sat/400/3sat_116.cnf,0.004321813583374,0.078588,0.3645308017730713,0.3688526153564453,60.421440615356445,3sat_116.cnf,online_consistent_boundary400,Online-Consistent Selector,1,False,True,runs/analysis/full400_seed_robustness/raw/online_consistent_boundary400/seed1.csv
21,2.0,1489133.0,1704879.0,83184146.0,59.9866,INDETERMINATE,21,0,data/test/3sat/400/3sat_117.cnf,0.004321813583374,0.071005,0.3645308017730713,0.3688526153564453,60.42645761535645,3sat_117.cnf,online_consistent_boundary400,Online-Consistent Selector,1,False,True,runs/analysis/full400_seed_robustness/raw/online_consistent_boundary400/seed1.csv
22,2.0,1473069.0,1684013.0,82870055.0,59.9474,INDETERMINATE,22,0,data/test/3sat/400/3sat_118.cnf,0.004321813583374,0.0775069999999999,0.3645308017730713,0.3688526153564453,60.39375961535645,3sat_118.cnf,online_consistent_boundary400,Online-Consistent Selector,1,False,True,runs/analysis/full400_seed_robustness/raw/online_consistent_boundary400/seed1.csv
23,2.0,1531090.0,1750601.0,84667705.0,59.989,INDETERMINATE,23,0,data/test/3sat/400/3sat_119.cnf,0.004321813583374,0.070916,0.3645308017730713,0.3688526153564453,60.42876861535644,3sat_119.cnf,online_consistent_boundary400,Online-Consistent Selector,1,False,True,runs/analysis/full400_seed_robustness/raw/online_consistent_boundary400/seed1.csv
24,2.0,1451055.0,1659421.0,81473157.0,59.9705,INDETERMINATE,24,0,data/test/3sat/400/3sat_12.cnf,0.004321813583374,0.080149,0.3645308017730713,0.3688526153564453,60.419501615356445,3sat_12.cnf,online_consistent_boundary400,Online-Consistent Selector,1,False,True,runs/analysis/full400_seed_robustness/raw/online_consistent_boundary400/seed1.csv
25,1.0,23077.0,27394.0,1439359.0,0.633407,SATISFIABLE,25,0,data/test/3sat/400/3sat_120.cnf,0.004321813583374,0.079676,0.3645308017730713,0.3688526153564453,1.0819356153564454,3sat_120.cnf,online_consistent_boundary400,Online-Consistent Selector,1,True,False,runs/analysis/full400_seed_robustness/raw/online_consistent_boundary400/seed1.csv
26,1.0,47329.0,54623.0,2823769.0,1.39982,SATISFIABLE,26,0,data/test/3sat/400/3sat_121.cnf,0.004321813583374,0.091664,0.3645308017730713,0.3688526153564453,1.8603366153564451,3sat_121.cnf,online_consistent_boundary400,Online-Consistent Selector,1,True,False,runs/analysis/full400_seed_robustness/raw/online_consistent_boundary400/seed1.csv
27,2.0,1500530.0,1716592.0,85783651.0,59.9695,INDETERMINATE,27,0,data/test/3sat/400/3sat_122.cnf,0.004321813583374,0.076638,0.3645308017730713,0.3688526153564453,60.41499061535645,3sat_122.cnf,online_consistent_boundary400,Online-Consistent Selector,1,False,True,runs/analysis/full400_seed_robustness/raw/online_consistent_boundary400/seed1.csv
28,2.0,1496633.0,1702598.0,85249435.0,59.9922,INDETERMINATE,28,0,data/test/3sat/400/3sat_123.cnf,0.004321813583374,0.07009,0.3645308017730713,0.3688526153564453,60.43114261535644,3sat_123.cnf,online_consistent_boundary400,Online-Consistent Selector,1,False,True,runs/analysis/full400_seed_robustness/raw/online_consistent_boundary400/seed1.csv
29,1.0,654.0,900.0,43163.0,0.017122,SATISFIABLE,29,0,data/test/3sat/400/3sat_124.cnf,0.004321813583374,0.043794,0.3645308017730713,0.3688526153564453,0.4297686153564453,3sat_124.cnf,online_consistent_boundary400,Online-Consistent Selector,1,True,False,runs/analysis/full400_seed_robustness/raw/online_consistent_boundary400/seed1.csv
30,1.0,87018.0,101016.0,5296049.0,3.09661,SATISFIABLE,30,0,data/test/3sat/400/3sat_125.cnf,0.0056352615356445,0.066506,0.3421485424041748,0.3477838039398193,3.51089980393982,3sat_125.cnf,online_consistent_boundary400,Online-Consistent Selector,1,True,False,runs/analysis/full400_seed_robustness/raw/online_consistent_boundary400/seed1.csv
31,2.0,1493823.0,1708113.0,85626053.0,59.9762,INDETERMINATE,31,0,data/test/3sat/400/3sat_126.cnf,0.0056352615356445,0.079323,0.3421485424041748,0.3477838039398193,60.40330680393982,3sat_126.cnf,online_consistent_boundary400,Online-Consistent Selector,1,False,True,runs/analysis/full400_seed_robustness/raw/online_consistent_boundary400/seed1.csv
32,2.0,1438950.0,1665686.0,84215382.0,59.9697,INDETERMINATE,32,0,data/test/3sat/400/3sat_127.cnf,0.0056352615356445,0.077512,0.3421485424041748,0.3477838039398193,60.39499580393982,3sat_127.cnf,online_consistent_boundary400,Online-Consistent Selector,1,False,True,runs/analysis/full400_seed_robustness/raw/online_consistent_boundary400/seed1.csv
33,2.0,238642.0,275833.0,14368684.0,8.28435,SATISFIABLE,33,0,data/test/3sat/400/3sat_128.cnf,0.0056352615356445,0.091872,0.3421485424041748,0.3477838039398193,8.72400580393982,3sat_128.cnf,online_consistent_boundary400,Online-Consistent Selector,1,True,False,runs/analysis/full400_seed_robustness/raw/online_consistent_boundary400/seed1.csv
34,1.0,28034.0,33114.0,1750425.0,0.780548,SATISFIABLE,34,0,data/test/3sat/400/3sat_129.cnf,0.0056352615356445,0.077245,0.3421485424041748,0.3477838039398193,1.2055768039398194,3sat_129.cnf,online_consistent_boundary400,Online-Consistent Selector,1,True,False,runs/analysis/full400_seed_robustness/raw/online_consistent_boundary400/seed1.csv
35,2.0,1472184.0,1683887.0,85857317.0,59.9719,INDETERMINATE,35,0,data/test/3sat/400/3sat_13.cnf,0.0056352615356445,0.071995,0.3421485424041748,0.3477838039398193,60.39167880393982,3sat_13.cnf,online_consistent_boundary400,Online-Consistent Selector,1,False,True,runs/analysis/full400_seed_robustness/raw/online_consistent_boundary400/seed1.csv
36,2.0,121568.0,139021.0,7304329.0,4.50476,SATISFIABLE,36,0,data/test/3sat/400/3sat_130.cnf,0.0056352615356445,0.0744769999999999,0.3421485424041748,0.3477838039398193,4.927020803939819,3sat_130.cnf,online_consistent_boundary400,Online-Consistent Selector,1,True,False,runs/analysis/full400_seed_robustness/raw/online_consistent_boundary400/seed1.csv
37,1.0,82086.0,96037.0,5035591.0,3.22693,SATISFIABLE,37,0,data/test/3sat/400/3sat_131.cnf,0.0056352615356445,0.081858,0.3421485424041748,0.3477838039398193,3.656571803939819,3sat_131.cnf,online_consistent_boundary400,Online-Consistent Selector,1,True,False,runs/analysis/full400_seed_robustness/raw/online_consistent_boundary400/seed1.csv
38,1.0,2692.0,3354.0,172420.0,0.041594,SATISFIABLE,38,0,data/test/3sat/400/3sat_132.cnf,0.0056352615356445,0.0760349999999999,0.3421485424041748,0.3477838039398193,0.4654128039398193,3sat_132.cnf,online_consistent_boundary400,Online-Consistent Selector,1,True,False,runs/analysis/full400_seed_robustness/raw/online_consistent_boundary400/seed1.csv
39,2.0,1421479.0,1643598.0,82785503.0,59.9764,INDETERMINATE,39,0,data/test/3sat/400/3sat_133.cnf,0.0056352615356445,0.076073,0.3421485424041748,0.3477838039398193,60.40025680393982,3sat_133.cnf,online_consistent_boundary400,Online-Consistent Selector,1,False,True,runs/analysis/full400_seed_robustness/raw/online_consistent_boundary400/seed1.csv
40,2.0,1434429.0,1641764.0,80212788.0,59.9829,INDETERMINATE,40,0,data/test/3sat/400/3sat_134.cnf,0.0056724548339843,0.070525,0.3317852020263672,0.3374576568603515,60.39088265686036,3sat_134.cnf,online_consistent_boundary400,Online-Consistent Selector,1,False,True,runs/analysis/full400_seed_robustness/raw/online_consistent_boundary400/seed1.csv
41,2.0,1590546.0,1810212.0,88767219.0,59.9849,INDETERMINATE,41,0,data/test/3sat/400/3sat_135.cnf,0.0056724548339843,0.073562,0.3317852020263672,0.3374576568603515,60.39591965686036,3sat_135.cnf,online_consistent_boundary400,Online-Consistent Selector,1,False,True,runs/analysis/full400_seed_robustness/raw/online_consistent_boundary400/seed1.csv
42,2.0,1478882.0,1695887.0,86730158.0,59.9847,INDETERMINATE,42,0,data/test/3sat/400/3sat_136.cnf,0.0056724548339843,0.0723659999999999,0.3317852020263672,0.3374576568603515,60.39452365686035,3sat_136.cnf,online_consistent_boundary400,Online-Consistent Selector,1,False,True,runs/analysis/full400_seed_robustness/raw/online_consistent_boundary400/seed1.csv
43,2.0,1469927.0,1666291.0,79346333.0,59.9853,INDETERMINATE,43,0,data/test/3sat/400/3sat_137.cnf,0.0056724548339843,0.064167,0.3317852020263672,0.3374576568603515,60.38692465686035,3sat_137.cnf,online_consistent_boundary400,Online-Consistent Selector,1,False,True,runs/analysis/full400_seed_robustness/raw/online_consistent_boundary400/seed1.csv
44,2.0,1553861.0,1767823.0,89778782.0,59.9754,INDETERMINATE,44,0,data/test/3sat/400/3sat_138.cnf,0.0056724548339843,0.072784,0.3317852020263672,0.3374576568603515,60.38564165686035,3sat_138.cnf,online_consistent_boundary400,Online-Consistent Selector,1,False,True,runs/analysis/full400_seed_robustness/raw/online_consistent_boundary400/seed1.csv
45,2.0,1524253.0,1751650.0,87058235.0,59.9755,INDETERMINATE,45,0,data/test/3sat/400/3sat_139.cnf,0.0056724548339843,0.088036,0.3317852020263672,0.3374576568603515,60.40099365686035,3sat_139.cnf,online_consistent_boundary400,Online-Consistent Selector,1,False,True,runs/analysis/full400_seed_robustness/raw/online_consistent_boundary400/seed1.csv
46,2.0,133587.0,154405.0,8365184.0,5.16194,SATISFIABLE,46,0,data/test/3sat/400/3sat_14.cnf,0.0056724548339843,0.080523,0.3317852020263672,0.3374576568603515,5.579920656860352,3sat_14.cnf,online_consistent_boundary400,Online-Consistent Selector,1,True,False,runs/analysis/full400_seed_robustness/raw/online_consistent_boundary400/seed1.csv
47,2.0,135171.0,155254.0,8243385.0,5.02413,SATISFIABLE,47,0,data/test/3sat/400/3sat_140.cnf,0.0056724548339843,0.076853,0.3317852020263672,0.3374576568603515,5.438440656860352,3sat_140.cnf,online_consistent_boundary400,Online-Consistent Selector,1,True,False,runs/analysis/full400_seed_robustness/raw/online_consistent_boundary400/seed1.csv
48,1.0,71109.0,82102.0,4299119.0,2.86416,SATISFIABLE,48,0,data/test/3sat/400/3sat_141.cnf,0.0056724548339843,0.078264,0.3317852020263672,0.3374576568603515,3.2798816568603515,3sat_141.cnf,online_consistent_boundary400,Online-Consistent Selector,1,True,False,runs/analysis/full400_seed_robustness/raw/online_consistent_boundary400/seed1.csv
49,1.0,61037.0,70865.0,3765471.0,2.10177,SATISFIABLE,49,0,data/test/3sat/400/3sat_142.cnf,0.0056724548339843,0.077124,0.3317852020263672,0.3374576568603515,2.516351656860352,3sat_142.cnf,online_consistent_boundary400,Online-Consistent Selector,1,True,False,runs/analysis/full400_seed_robustness/raw/online_consistent_boundary400/seed1.csv
50,2.0,1466605.0,1683645.0,84331771.0,59.9594,INDETERMINATE,50,0,data/test/3sat/400/3sat_143.cnf,0.0052337646484375,0.0794479999999999,0.4938602447509765,0.499094009399414,60.537942009399416,3sat_143.cnf,online_consistent_boundary400,Online-Consistent Selector,1,False,True,runs/analysis/full400_seed_robustness/raw/online_consistent_boundary400/seed1.csv
51,2.0,1385949.0,1574615.0,77230144.0,59.9732,INDETERMINATE,51,0,data/test/3sat/400/3sat_144.cnf,0.0052337646484375,0.073905,0.4938602447509765,0.499094009399414,60.546199009399416,3sat_144.cnf,online_consistent_boundary400,Online-Consistent Selector,1,False,True,runs/analysis/full400_seed_robustness/raw/online_consistent_boundary400/seed1.csv
52,2.0,1434435.0,1658948.0,81971332.0,59.9929,INDETERMINATE,52,0,data/test/3sat/400/3sat_145.cnf,0.0052337646484375,0.0796689999999999,0.4938602447509765,0.499094009399414,60.571663009399416,3sat_145.cnf,online_consistent_boundary400,Online-Consistent Selector,1,False,True,runs/analysis/full400_seed_robustness/raw/online_consistent_boundary400/seed1.csv
53,2.0,1469679.0,1682323.0,82464392.0,59.9867,INDETERMINATE,53,0,data/test/3sat/400/3sat_146.cnf,0.0052337646484375,0.076919,0.4938602447509765,0.499094009399414,60.56271300939941,3sat_146.cnf,online_consistent_boundary400,Online-Consistent Selector,1,False,True,runs/analysis/full400_seed_robustness/raw/online_consistent_boundary400/seed1.csv
54,2.0,392510.0,450448.0,23393708.0,13.1822,SATISFIABLE,54,0,data/test/3sat/400/3sat_147.cnf,0.0052337646484375,0.073029,0.4938602447509765,0.499094009399414,13.754323009399414,3sat_147.cnf,online_consistent_boundary400,Online-Consistent Selector,1,True,False,runs/analysis/full400_seed_robustness/raw/online_consistent_boundary400/seed1.csv
55,2.0,1515567.0,1741252.0,88520648.0,59.9798,INDETERMINATE,55,0,data/test/3sat/400/3sat_148.cnf,0.0052337646484375,0.077182,0.4938602447509765,0.499094009399414,60.55607600939941,3sat_148.cnf,online_consistent_boundary400,Online-Consistent Selector,1,False,True,runs/analysis/full400_seed_robustness/raw/online_consistent_boundary400/seed1.csv
56,1.0,97366.0,112279.0,5819460.0,3.74671,SATISFIABLE,56,0,data/test/3sat/400/3sat_149.cnf,0.0052337646484375,0.057505,0.4938602447509765,0.499094009399414,4.303309009399414,3sat_149.cnf,online_consistent_boundary400,Online-Consistent Selector,1,True,False,runs/analysis/full400_seed_robustness/raw/online_consistent_boundary400/seed1.csv
57,2.0,1471660.0,1672471.0,83706411.0,59.992,INDETERMINATE,57,0,data/test/3sat/400/3sat_15.cnf,0.0052337646484375,0.091983,0.4938602447509765,0.499094009399414,60.58307700939941,3sat_15.cnf,online_consistent_boundary400,Online-Consistent Selector,1,False,True,runs/analysis/full400_seed_robustness/raw/online_consistent_boundary400/seed1.csv
58,1.0,16970.0,19929.0,1057698.0,0.384696,SATISFIABLE,58,0,data/test/3sat/400/3sat_150.cnf,0.0052337646484375,0.075083,0.4938602447509765,0.499094009399414,0.958873009399414,3sat_150.cnf,online_consistent_boundary400,Online-Consistent Selector,1,True,False,runs/analysis/full400_seed_robustness/raw/online_consistent_boundary400/seed1.csv
59,2.0,1450128.0,1647232.0,83636574.0,59.9879,INDETERMINATE,59,0,data/test/3sat/400/3sat_151.cnf,0.0052337646484375,0.088117,0.4938602447509765,0.499094009399414,60.57511100939941,3sat_151.cnf,online_consistent_boundary400,Online-Consistent Selector,1,False,True,runs/analysis/full400_seed_robustness/raw/online_consistent_boundary400/seed1.csv
60,2.0,1490993.0,1716787.0,83613217.0,59.9858,INDETERMINATE,60,0,data/test/3sat/400/3sat_152.cnf,0.0053985118865966,0.069561,0.3477330207824707,0.3531315326690674,60.408492532669065,3sat_152.cnf,online_consistent_boundary400,Online-Consistent Selector,1,False,True,runs/analysis/full400_seed_robustness/raw/online_consistent_boundary400/seed1.csv
61,2.0,1439103.0,1640163.0,80705267.0,59.9892,INDETERMINATE,61,0,data/test/3sat/400/3sat_153.cnf,0.0053985118865966,0.084957,0.3477330207824707,0.3531315326690674,60.42728853266907,3sat_153.cnf,online_consistent_boundary400,Online-Consistent Selector,1,False,True,runs/analysis/full400_seed_robustness/raw/online_consistent_boundary400/seed1.csv
62,1.0,9781.0,11606.0,611335.0,0.206647,SATISFIABLE,62,0,data/test/3sat/400/3sat_154.cnf,0.0053985118865966,0.083765,0.3477330207824707,0.3531315326690674,0.6435435326690674,3sat_154.cnf,online_consistent_boundary400,Online-Consistent Selector,1,True,False,runs/analysis/full400_seed_robustness/raw/online_consistent_boundary400/seed1.csv
63,2.0,1476117.0,1681767.0,82493157.0,59.9743,INDETERMINATE,63,0,data/test/3sat/400/3sat_155.cnf,0.0053985118865966,0.0732039999999999,0.3477330207824707,0.3531315326690674,60.40063553266906,3sat_155.cnf,online_consistent_boundary400,Online-Consistent Selector,1,False,True,runs/analysis/full400_seed_robustness/raw/online_consistent_boundary400/seed1.csv
64,2.0,1454319.0,1659261.0,82518173.0,59.9846,INDETERMINATE,64,0,data/test/3sat/400/3sat_156.cnf,0.0053985118865966,0.072419,0.3477330207824707,0.3531315326690674,60.41015053266906,3sat_156.cnf,online_consistent_boundary400,Online-Consistent Selector,1,False,True,runs/analysis/full400_seed_robustness/raw/online_consistent_boundary400/seed1.csv
65,2.0,873297.0,1013956.0,52333641.0,33.5102,SATISFIABLE,65,0,data/test/3sat/400/3sat_157.cnf,0.0053985118865966,0.076081,0.3477330207824707,0.3531315326690674,33.93941253266907,3sat_157.cnf,online_consistent_boundary400,Online-Consistent Selector,1,True,False,runs/analysis/full400_seed_robustness/raw/online_consistent_boundary400/seed1.csv
66,2.0,1489905.0,1687750.0,82887472.0,59.9819,INDETERMINATE,66,0,data/test/3sat/400/3sat_158.cnf,0.0053985118865966,0.07293,0.3477330207824707,0.3531315326690674,60.40796153266907,3sat_158.cnf,online_consistent_boundary400,Online-Consistent Selector,1,False,True,runs/analysis/full400_seed_robustness/raw/online_consistent_boundary400/seed1.csv
67,2.0,1481815.0,1701741.0,85263407.0,59.9861,INDETERMINATE,67,0,data/test/3sat/400/3sat_159.cnf,0.0053985118865966,0.073294,0.3477330207824707,0.3531315326690674,60.412525532669065,3sat_159.cnf,online_consistent_boundary400,Online-Consistent Selector,1,False,True,runs/analysis/full400_seed_robustness/raw/online_consistent_boundary400/seed1.csv
68,2.0,1564985.0,1777288.0,89780601.0,59.9943,INDETERMINATE,68,0,data/test/3sat/400/3sat_16.cnf,0.0053985118865966,0.0824179999999999,0.3477330207824707,0.3531315326690674,60.42984953266907,3sat_16.cnf,online_consistent_boundary400,Online-Consistent Selector,1,False,True,runs/analysis/full400_seed_robustness/raw/online_consistent_boundary400/seed1.csv
69,2.0,1491788.0,1708087.0,83254288.0,59.9789,INDETERMINATE,69,0,data/test/3sat/400/3sat_160.cnf,0.0053985118865966,0.070629,0.3477330207824707,0.3531315326690674,60.40266053266907,3sat_160.cnf,online_consistent_boundary400,Online-Consistent Selector,1,False,True,runs/analysis/full400_seed_robustness/raw/online_consistent_boundary400/seed1.csv
70,2.0,1533880.0,1746746.0,88759011.0,59.9771,INDETERMINATE,70,0,data/test/3sat/400/3sat_161.cnf,0.0057106018066406,0.08279,0.357546329498291,0.3632569313049316,60.423146931304935,3sat_161.cnf,online_consistent_boundary400,Online-Consistent Selector,1,False,True,runs/analysis/full400_seed_robustness/raw/online_consistent_boundary400/seed1.csv
71,2.0,1382737.0,1563625.0,77916041.0,59.9766,INDETERMINATE,71,0,data/test/3sat/400/3sat_162.cnf,0.0057106018066406,0.074806,0.357546329498291,0.3632569313049316,60.41466293130493,3sat_162.cnf,online_consistent_boundary400,Online-Consistent Selector,1,False,True,runs/analysis/full400_seed_robustness/raw/online_consistent_boundary400/seed1.csv
72,2.0,915021.0,1050086.0,53803425.0,33.6454,SATISFIABLE,72,0,data/test/3sat/400/3sat_163.cnf,0.0057106018066406,0.076316,0.357546329498291,0.3632569313049316,34.08497293130493,3sat_163.cnf,online_consistent_boundary400,Online-Consistent Selector,1,True,False,runs/analysis/full400_seed_robustness/raw/online_consistent_boundary400/seed1.csv
73,2.0,1508301.0,1731044.0,87654289.0,59.9693,INDETERMINATE,73,0,data/test/3sat/400/3sat_164.cnf,0.0057106018066406,0.075889,0.357546329498291,0.3632569313049316,60.408445931304925,3sat_164.cnf,online_consistent_boundary400,Online-Consistent Selector,1,False,True,runs/analysis/full400_seed_robustness/raw/online_consistent_boundary400/seed1.csv
74,1.0,1169.0,1491.0,77588.0,0.020473,SATISFIABLE,74,0,data/test/3sat/400/3sat_165.cnf,0.0057106018066406,0.083645,0.357546329498291,0.3632569313049316,0.4673749313049316,3sat_165.cnf,online_consistent_boundary400,Online-Consistent Selector,1,True,False,runs/analysis/full400_seed_robustness/raw/online_consistent_boundary400/seed1.csv
75,2.0,1559613.0,1782524.0,88023487.0,59.9824,INDETERMINATE,75,0,data/test/3sat/400/3sat_166.cnf,0.0057106018066406,0.074659,0.357546329498291,0.3632569313049316,60.42031593130493,3sat_166.cnf,online_consistent_boundary400,Online-Consistent Selector,1,False,True,runs/analysis/full400_seed_robustness/raw/online_consistent_boundary400/seed1.csv
76,2.0,399529.0,460797.0,23951550.0,12.7419,SATISFIABLE,76,0,data/test/3sat/400/3sat_167.cnf,0.0057106018066406,0.088061,0.357546329498291,0.3632569313049316,13.19321793130493,3sat_167.cnf,online_consistent_boundary400,Online-Consistent Selector,1,True,False,runs/analysis/full400_seed_robustness/raw/online_consistent_boundary400/seed1.csv
77,2.0,1385290.0,1566836.0,79378157.0,59.9818,INDETERMINATE,77,0,data/test/3sat/400/3sat_168.cnf,0.0057106018066406,0.072882,0.357546329498291,0.3632569313049316,60.41793893130493,3sat_168.cnf,online_consistent_boundary400,Online-Consistent Selector,1,False,True,runs/analysis/full400_seed_robustness/raw/online_consistent_boundary400/seed1.csv
78,2.0,1425817.0,1636812.0,82368980.0,59.9799,INDETERMINATE,78,0,data/test/3sat/400/3sat_169.cnf,0.0057106018066406,0.0791859999999999,0.357546329498291,0.3632569313049316,60.42234293130493,3sat_169.cnf,online_consistent_boundary400,Online-Consistent Selector,1,False,True,runs/analysis/full400_seed_robustness/raw/online_consistent_boundary400/seed1.csv
79,2.0,1350218.0,1547070.0,75940728.0,59.9792,INDETERMINATE,79,0,data/test/3sat/400/3sat_17.cnf,0.0057106018066406,0.083384,0.357546329498291,0.3632569313049316,60.42584093130493,3sat_17.cnf,online_consistent_boundary400,Online-Consistent Selector,1,False,True,runs/analysis/full400_seed_robustness/raw/online_consistent_boundary400/seed1.csv
80,2.0,1386672.0,1582452.0,77194721.0,59.975,INDETERMINATE,80,0,data/test/3sat/400/3sat_170.cnf,0.0053000450134277,0.08221,0.3259351253509521,0.3312351703643799,60.38844517036439,3sat_170.cnf,online_consistent_boundary400,Online-Consistent Selector,1,False,True,runs/analysis/full400_seed_robustness/raw/online_consistent_boundary400/seed1.csv
81,2.0,1371964.0,1563331.0,78017030.0,59.9833,INDETERMINATE,81,0,data/test/3sat/400/3sat_171.cnf,0.0053000450134277,0.067324,0.3259351253509521,0.3312351703643799,60.38185917036438,3sat_171.cnf,online_consistent_boundary400,Online-Consistent Selector,1,False,True,runs/analysis/full400_seed_robustness/raw/online_consistent_boundary400/seed1.csv
82,2.0,1446514.0,1669686.0,84089895.0,59.9757,INDETERMINATE,82,0,data/test/3sat/400/3sat_172.cnf,0.0053000450134277,0.078507,0.3259351253509521,0.3312351703643799,60.38544217036439,3sat_172.cnf,online_consistent_boundary400,Online-Consistent Selector,1,False,True,runs/analysis/full400_seed_robustness/raw/online_consistent_boundary400/seed1.csv
83,2.0,1446935.0,1654377.0,83001634.0,59.9729,INDETERMINATE,83,0,data/test/3sat/400/3sat_173.cnf,0.0053000450134277,0.0741,0.3259351253509521,0.3312351703643799,60.378235170364384,3sat_173.cnf,online_consistent_boundary400,Online-Consistent Selector,1,False,True,runs/analysis/full400_seed_robustness/raw/online_consistent_boundary400/seed1.csv
84,2.0,1477252.0,1676070.0,82936292.0,59.9712,INDETERMINATE,84,0,data/test/3sat/400/3sat_174.cnf,0.0053000450134277,0.082785,0.3259351253509521,0.3312351703643799,60.385220170364384,3sat_174.cnf,online_consistent_boundary400,Online-Consistent Selector,1,False,True,runs/analysis/full400_seed_robustness/raw/online_consistent_boundary400/seed1.csv
85,2.0,1468372.0,1674329.0,81803118.0,59.967,INDETERMINATE,85,0,data/test/3sat/400/3sat_175.cnf,0.0053000450134277,0.070909,0.3259351253509521,0.3312351703643799,60.36914417036438,3sat_175.cnf,online_consistent_boundary400,Online-Consistent Selector,1,False,True,runs/analysis/full400_seed_robustness/raw/online_consistent_boundary400/seed1.csv
86,1.0,44850.0,52377.0,2659490.0,1.50951,SATISFIABLE,86,0,data/test/3sat/400/3sat_176.cnf,0.0053000450134277,0.063445,0.3259351253509521,0.3312351703643799,1.90419017036438,3sat_176.cnf,online_consistent_boundary400,Online-Consistent Selector,1,True,False,runs/analysis/full400_seed_robustness/raw/online_consistent_boundary400/seed1.csv
87,2.0,1481291.0,1678708.0,85143120.0,59.9655,INDETERMINATE,87,0,data/test/3sat/400/3sat_177.cnf,0.0053000450134277,0.079819,0.3259351253509521,0.3312351703643799,60.37655417036438,3sat_177.cnf,online_consistent_boundary400,Online-Consistent Selector,1,False,True,runs/analysis/full400_seed_robustness/raw/online_consistent_boundary400/seed1.csv
88,2.0,1496247.0,1731215.0,86718329.0,59.9829,INDETERMINATE,88,0,data/test/3sat/400/3sat_178.cnf,0.0053000450134277,0.068304,0.3259351253509521,0.3312351703643799,60.38243917036438,3sat_178.cnf,online_consistent_boundary400,Online-Consistent Selector,1,False,True,runs/analysis/full400_seed_robustness/raw/online_consistent_boundary400/seed1.csv
89,2.0,1534671.0,1746869.0,88212857.0,59.9833,INDETERMINATE,89,0,data/test/3sat/400/3sat_179.cnf,0.0053000450134277,0.070107,0.3259351253509521,0.3312351703643799,60.38464217036438,3sat_179.cnf,online_consistent_boundary400,Online-Consistent Selector,1,False,True,runs/analysis/full400_seed_robustness/raw/online_consistent_boundary400/seed1.csv
90,2.0,1409729.0,1611545.0,81079054.0,59.9694,INDETERMINATE,90,0,data/test/3sat/400/3sat_18.cnf,0.0058226585388183,0.073812,0.3344714641571045,0.3402941226959228,60.38350612269592,3sat_18.cnf,online_consistent_boundary400,Online-Consistent Selector,1,False,True,runs/analysis/full400_seed_robustness/raw/online_consistent_boundary400/seed1.csv
91,2.0,479866.0,551097.0,28918715.0,16.4632,SATISFIABLE,91,0,data/test/3sat/400/3sat_180.cnf,0.0058226585388183,0.072246,0.3344714641571045,0.3402941226959228,16.875740122695923,3sat_180.cnf,online_consistent_boundary400,Online-Consistent Selector,1,True,False,runs/analysis/full400_seed_robustness/raw/online_consistent_boundary400/seed1.csv
92,1.0,52050.0,59791.0,3130772.0,1.82742,SATISFIABLE,92,0,data/test/3sat/400/3sat_181.cnf,0.0058226585388183,0.085077,0.3344714641571045,0.3402941226959228,2.252791122695923,3sat_181.cnf,online_consistent_boundary400,Online-Consistent Selector,1,True,False,runs/analysis/full400_seed_robustness/raw/online_consistent_boundary400/seed1.csv
93,2.0,1486015.0,1700874.0,81357120.0,59.9909,INDETERMINATE,93,0,data/test/3sat/400/3sat_182.cnf,0.0058226585388183,0.066834,0.3344714641571045,0.3402941226959228,60.398028122695926,3sat_182.cnf,online_consistent_boundary400,Online-Consistent Selector,1,False,True,runs/analysis/full400_seed_robustness/raw/online_consistent_boundary400/seed1.csv
94,2.0,1498020.0,1710809.0,84010058.0,59.9799,INDETERMINATE,94,0,data/test/3sat/400/3sat_183.cnf,0.0058226585388183,0.079731,0.3344714641571045,0.3402941226959228,60.399925122695926,3sat_183.cnf,online_consistent_boundary400,Online-Consistent Selector,1,False,True,runs/analysis/full400_seed_robustness/raw/online_consistent_boundary400/seed1.csv
95,2.0,1492619.0,1700423.0,85530582.0,59.9841,INDETERMINATE,95,0,data/test/3sat/400/3sat_184.cnf,0.0058226585388183,0.0886349999999999,0.3344714641571045,0.3402941226959228,60.41302912269592,3sat_184.cnf,online_consistent_boundary400,Online-Consistent Selector,1,False,True,runs/analysis/full400_seed_robustness/raw/online_consistent_boundary400/seed1.csv
96,2.0,1595839.0,1804725.0,89567802.0,59.9926,INDETERMINATE,96,0,data/test/3sat/400/3sat_185.cnf,0.0058226585388183,0.071713,0.3344714641571045,0.3402941226959228,60.40460712269593,3sat_185.cnf,online_consistent_boundary400,Online-Consistent Selector,1,False,True,runs/analysis/full400_seed_robustness/raw/online_consistent_boundary400/seed1.csv
97,2.0,1405395.0,1605345.0,76724013.0,59.9882,INDETERMINATE,97,0,data/test/3sat/400/3sat_186.cnf,0.0058226585388183,0.083621,0.3344714641571045,0.3402941226959228,60.41211512269592,3sat_186.cnf,online_consistent_boundary400,Online-Consistent Selector,1,False,True,runs/analysis/full400_seed_robustness/raw/online_consistent_boundary400/seed1.csv
98,2.0,1396100.0,1607062.0,78707580.0,59.9886,INDETERMINATE,98,0,data/test/3sat/400/3sat_187.cnf,0.0058226585388183,0.068671,0.3344714641571045,0.3402941226959228,60.39756512269592,3sat_187.cnf,online_consistent_boundary400,Online-Consistent Selector,1,False,True,runs/analysis/full400_seed_robustness/raw/online_consistent_boundary400/seed1.csv
99,2.0,1540527.0,1759417.0,88084630.0,59.9834,INDETERMINATE,99,0,data/test/3sat/400/3sat_188.cnf,0.0058226585388183,0.079179,0.3344714641571045,0.3402941226959228,60.40287312269593,3sat_188.cnf,online_consistent_boundary400,Online-Consistent Selector,1,False,True,runs/analysis/full400_seed_robustness/raw/online_consistent_boundary400/seed1.csv
100,2.0,486885.0,560599.0,28846336.0,16.723,SATISFIABLE,100,0,data/test/3sat/400/3sat_189.cnf,0.0054118633270263,0.0779229999999999,0.3208014965057373,0.3262133598327636,17.12713635983276,3sat_189.cnf,online_consistent_boundary400,Online-Consistent Selector,1,True,False,runs/analysis/full400_seed_robustness/raw/online_consistent_boundary400/seed1.csv
101,1.0,32619.0,37875.0,1910478.0,1.04269,SATISFIABLE,101,0,data/test/3sat/400/3sat_19.cnf,0.0054118633270263,0.077388,0.3208014965057373,0.3262133598327636,1.4462913598327636,3sat_19.cnf,online_consistent_boundary400,Online-Consistent Selector,1,True,False,runs/analysis/full400_seed_robustness/raw/online_consistent_boundary400/seed1.csv
102,1.0,1353.0,1762.0,87323.0,0.01841,SATISFIABLE,102,0,data/test/3sat/400/3sat_190.cnf,0.0054118633270263,0.063893,0.3208014965057373,0.3262133598327636,0.4085163598327637,3sat_190.cnf,online_consistent_boundary400,Online-Consistent Selector,1,True,False,runs/analysis/full400_seed_robustness/raw/online_consistent_boundary400/seed1.csv
103,2.0,1465131.0,1684742.0,81622225.0,59.9682,INDETERMINATE,103,0,data/test/3sat/400/3sat_191.cnf,0.0054118633270263,0.0650729999999999,0.3208014965057373,0.3262133598327636,60.359486359832765,3sat_191.cnf,online_consistent_boundary400,Online-Consistent Selector,1,False,True,runs/analysis/full400_seed_robustness/raw/online_consistent_boundary400/seed1.csv
104,2.0,1449076.0,1671546.0,81750087.0,59.9805,INDETERMINATE,104,0,data/test/3sat/400/3sat_192.cnf,0.0054118633270263,0.070613,0.3208014965057373,0.3262133598327636,60.377326359832765,3sat_192.cnf,online_consistent_boundary400,Online-Consistent Selector,1,False,True,runs/analysis/full400_seed_robustness/raw/online_consistent_boundary400/seed1.csv
105,2.0,1406834.0,1605360.0,81380210.0,59.9736,INDETERMINATE,105,0,data/test/3sat/400/3sat_193.cnf,0.0054118633270263,0.0713999999999999,0.3208014965057373,0.3262133598327636,60.37121335983276,3sat_193.cnf,online_consistent_boundary400,Online-Consistent Selector,1,False,True,runs/analysis/full400_seed_robustness/raw/online_consistent_boundary400/seed1.csv
106,2.0,1366799.0,1551769.0,77898797.0,59.9738,INDETERMINATE,106,0,data/test/3sat/400/3sat_194.cnf,0.0054118633270263,0.075307,0.3208014965057373,0.3262133598327636,60.37532035983276,3sat_194.cnf,online_consistent_boundary400,Online-Consistent Selector,1,False,True,runs/analysis/full400_seed_robustness/raw/online_consistent_boundary400/seed1.csv
107,2.0,1498553.0,1710072.0,87455761.0,59.9678,INDETERMINATE,107,0,data/test/3sat/400/3sat_195.cnf,0.0054118633270263,0.0811119999999999,0.3208014965057373,0.3262133598327636,60.37512535983276,3sat_195.cnf,online_consistent_boundary400,Online-Consistent Selector,1,False,True,runs/analysis/full400_seed_robustness/raw/online_consistent_boundary400/seed1.csv
108,2.0,885139.0,1017689.0,51832819.0,30.8971,SATISFIABLE,108,0,data/test/3sat/400/3sat_196.cnf,0.0054118633270263,0.08327,0.3208014965057373,0.3262133598327636,31.30658335983276,3sat_196.cnf,online_consistent_boundary400,Online-Consistent Selector,1,True,False,runs/analysis/full400_seed_robustness/raw/online_consistent_boundary400/seed1.csv
109,2.0,1481875.0,1689627.0,83097959.0,59.9875,INDETERMINATE,109,0,data/test/3sat/400/3sat_197.cnf,0.0054118633270263,0.075138,0.3208014965057373,0.3262133598327636,60.38885135983276,3sat_197.cnf,online_consistent_boundary400,Online-Consistent Selector,1,False,True,runs/analysis/full400_seed_robustness/raw/online_consistent_boundary400/seed1.csv
110,2.0,1487890.0,1712163.0,85084889.0,59.9777,INDETERMINATE,110,0,data/test/3sat/400/3sat_198.cnf,0.0055835247039794,0.080512,0.2856001853942871,0.2911837100982666,60.34939571009826,3sat_198.cnf,online_consistent_boundary400,Online-Consistent Selector,1,False,True,runs/analysis/full400_seed_robustness/raw/online_consistent_boundary400/seed1.csv
111,2.0,1422473.0,1629642.0,79400390.0,59.9817,INDETERMINATE,111,0,data/test/3sat/400/3sat_199.cnf,0.0055835247039794,0.083233,0.2856001853942871,0.2911837100982666,60.35611671009826,3sat_199.cnf,online_consistent_boundary400,Online-Consistent Selector,1,False,True,runs/analysis/full400_seed_robustness/raw/online_consistent_boundary400/seed1.csv
112,2.0,1449692.0,1654891.0,84200737.0,59.9786,INDETERMINATE,112,0,data/test/3sat/400/3sat_2.cnf,0.0055835247039794,0.077595,0.2856001853942871,0.2911837100982666,60.34737871009827,3sat_2.cnf,online_consistent_boundary400,Online-Consistent Selector,1,False,True,runs/analysis/full400_seed_robustness/raw/online_consistent_boundary400/seed1.csv
113,2.0,361980.0,419239.0,21758927.0,12.1149,SATISFIABLE,113,0,data/test/3sat/400/3sat_20.cnf,0.0055835247039794,0.085682,0.2856001853942871,0.2911837100982666,12.491765710098267,3sat_20.cnf,online_consistent_boundary400,Online-Consistent Selector,1,True,False,runs/analysis/full400_seed_robustness/raw/online_consistent_boundary400/seed1.csv
114,2.0,1444040.0,1671526.0,84054901.0,59.9789,INDETERMINATE,114,0,data/test/3sat/400/3sat_21.cnf,0.0055835247039794,0.069158,0.2856001853942871,0.2911837100982666,60.33924171009827,3sat_21.cnf,online_consistent_boundary400,Online-Consistent Selector,1,False,True,runs/analysis/full400_seed_robustness/raw/online_consistent_boundary400/seed1.csv
115,1.0,43107.0,50298.0,2657822.0,1.36691,SATISFIABLE,115,0,data/test/3sat/400/3sat_22.cnf,0.0055835247039794,0.072487,0.2856001853942871,0.2911837100982666,1.7305807100982666,3sat_22.cnf,online_consistent_boundary400,Online-Consistent Selector,1,True,False,runs/analysis/full400_seed_robustness/raw/online_consistent_boundary400/seed1.csv
116,2.0,1396339.0,1597526.0,77528757.0,59.9735,INDETERMINATE,116,0,data/test/3sat/400/3sat_23.cnf,0.0055835247039794,0.085489,0.2856001853942871,0.2911837100982666,60.35017271009827,3sat_23.cnf,online_consistent_boundary400,Online-Consistent Selector,1,False,True,runs/analysis/full400_seed_robustness/raw/online_consistent_boundary400/seed1.csv
117,1.0,97677.0,112677.0,5872880.0,4.15026,SATISFIABLE,117,0,data/test/3sat/400/3sat_24.cnf,0.0055835247039794,0.07746,0.2856001853942871,0.2911837100982666,4.518903710098267,3sat_24.cnf,online_consistent_boundary400,Online-Consistent Selector,1,True,False,runs/analysis/full400_seed_robustness/raw/online_consistent_boundary400/seed1.csv
118,1.0,41249.0,47888.0,2486997.0,1.14437,SATISFIABLE,118,0,data/test/3sat/400/3sat_25.cnf,0.0055835247039794,0.074665,0.2856001853942871,0.2911837100982666,1.5102187100982667,3sat_25.cnf,online_consistent_boundary400,Online-Consistent Selector,1,True,False,runs/analysis/full400_seed_robustness/raw/online_consistent_boundary400/seed1.csv
119,2.0,1374015.0,1568539.0,78758143.0,59.9656,INDETERMINATE,119,0,data/test/3sat/400/3sat_26.cnf,0.0055835247039794,0.086715,0.2856001853942871,0.2911837100982666,60.34349871009827,3sat_26.cnf,online_consistent_boundary400,Online-Consistent Selector,1,False,True,runs/analysis/full400_seed_robustness/raw/online_consistent_boundary400/seed1.csv
120,1.0,9470.0,11447.0,605518.0,0.201305,SATISFIABLE,120,0,data/test/3sat/400/3sat_27.cnf,0.0050382614135742,0.06328,0.2992777824401855,0.3043160438537597,0.5689010438537598,3sat_27.cnf,online_consistent_boundary400,Online-Consistent Selector,1,True,False,runs/analysis/full400_seed_robustness/raw/online_consistent_boundary400/seed1.csv
121,2.0,1512001.0,1730645.0,85673783.0,59.987,INDETERMINATE,121,0,data/test/3sat/400/3sat_28.cnf,0.0050382614135742,0.078915,0.2992777824401855,0.3043160438537597,60.37023104385376,3sat_28.cnf,online_consistent_boundary400,Online-Consistent Selector,1,False,True,runs/analysis/full400_seed_robustness/raw/online_consistent_boundary400/seed1.csv
122,2.0,1549110.0,1765020.0,89038460.0,59.9791,INDETERMINATE,122,0,data/test/3sat/400/3sat_29.cnf,0.0050382614135742,0.085533,0.2992777824401855,0.3043160438537597,60.36894904385376,3sat_29.cnf,online_consistent_boundary400,Online-Consistent Selector,1,False,True,runs/analysis/full400_seed_robustness/raw/online_consistent_boundary400/seed1.csv
123,2.0,1511441.0,1732909.0,88957600.0,59.9822,INDETERMINATE,123,0,data/test/3sat/400/3sat_3.cnf,0.0050382614135742,0.082879,0.2992777824401855,0.3043160438537597,60.36939504385376,3sat_3.cnf,online_consistent_boundary400,Online-Consistent Selector,1,False,True,runs/analysis/full400_seed_robustness/raw/online_consistent_boundary400/seed1.csv
124,2.0,1400264.0,1601051.0,79665235.0,59.9708,INDETERMINATE,124,0,data/test/3sat/400/3sat_30.cnf,0.0050382614135742,0.083879,0.2992777824401855,0.3043160438537597,60.35899504385376,3sat_30.cnf,online_consistent_boundary400,Online-Consistent Selector,1,False,True,runs/analysis/full400_seed_robustness/raw/online_consistent_boundary400/seed1.csv
125,2.0,1381691.0,1591830.0,77884189.0,59.9733,INDETERMINATE,125,0,data/test/3sat/400/3sat_31.cnf,0.0050382614135742,0.083633,0.2992777824401855,0.3043160438537597,60.36124904385376,3sat_31.cnf,online_consistent_boundary400,Online-Consistent Selector,1,False,True,runs/analysis/full400_seed_robustness/raw/online_consistent_boundary400/seed1.csv
126,2.0,1437823.0,1635711.0,80777193.0,59.97,INDETERMINATE,126,0,data/test/3sat/400/3sat_32.cnf,0.0050382614135742,0.079875,0.2992777824401855,0.3043160438537597,60.35419104385376,3sat_32.cnf,online_consistent_boundary400,Online-Consistent Selector,1,False,True,runs/analysis/full400_seed_robustness/raw/online_consistent_boundary400/seed1.csv
127,2.0,1410091.0,1617777.0,80437377.0,59.9799,INDETERMINATE,127,0,data/test/3sat/400/3sat_33.cnf,0.0050382614135742,0.07933,0.2992777824401855,0.3043160438537597,60.36354604385376,3sat_33.cnf,online_consistent_boundary400,Online-Consistent Selector,1,False,True,runs/analysis/full400_seed_robustness/raw/online_consistent_boundary400/seed1.csv
128,2.0,1645858.0,1890386.0,94110164.0,59.9899,INDETERMINATE,128,0,data/test/3sat/400/3sat_34.cnf,0.0050382614135742,0.086223,0.2992777824401855,0.3043160438537597,60.38043904385376,3sat_34.cnf,online_consistent_boundary400,Online-Consistent Selector,1,False,True,runs/analysis/full400_seed_robustness/raw/online_consistent_boundary400/seed1.csv
129,2.0,1516291.0,1741260.0,83508911.0,59.9769,INDETERMINATE,129,0,data/test/3sat/400/3sat_35.cnf,0.0050382614135742,0.077652,0.2992777824401855,0.3043160438537597,60.35886804385376,3sat_35.cnf,online_consistent_boundary400,Online-Consistent Selector,1,False,True,runs/analysis/full400_seed_robustness/raw/online_consistent_boundary400/seed1.csv
130,2.0,1517505.0,1736627.0,85232258.0,59.9843,INDETERMINATE,130,0,data/test/3sat/400/3sat_36.cnf,0.0049085617065429,0.092081,0.313699722290039,0.318608283996582,60.39498928399658,3sat_36.cnf,online_consistent_boundary400,Online-Consistent Selector,1,False,True,runs/analysis/full400_seed_robustness/raw/online_consistent_boundary400/seed1.csv
131,2.0,1499955.0,1702558.0,84388891.0,59.9651,INDETERMINATE,131,0,data/test/3sat/400/3sat_37.cnf,0.0049085617065429,0.075126,0.313699722290039,0.318608283996582,60.35883428399658,3sat_37.cnf,online_consistent_boundary400,Online-Consistent Selector,1,False,True,runs/analysis/full400_seed_robustness/raw/online_consistent_boundary400/seed1.csv
132,2.0,1490846.0,1702324.0,85111378.0,59.9873,INDETERMINATE,132,0,data/test/3sat/400/3sat_38.cnf,0.0049085617065429,0.077456,0.313699722290039,0.318608283996582,60.38336428399658,3sat_38.cnf,online_consistent_boundary400,Online-Consistent Selector,1,False,True,runs/analysis/full400_seed_robustness/raw/online_consistent_boundary400/seed1.csv
133,2.0,1455525.0,1674708.0,81477494.0,59.9773,INDETERMINATE,133,0,data/test/3sat/400/3sat_39.cnf,0.0049085617065429,0.084518,0.313699722290039,0.318608283996582,60.38042628399658,3sat_39.cnf,online_consistent_boundary400,Online-Consistent Selector,1,False,True,runs/analysis/full400_seed_robustness/raw/online_consistent_boundary400/seed1.csv
134,2.0,1510130.0,1723647.0,84850374.0,59.967,INDETERMINATE,134,0,data/test/3sat/400/3sat_4.cnf,0.0049085617065429,0.070816,0.313699722290039,0.318608283996582,60.35642428399658,3sat_4.cnf,online_consistent_boundary400,Online-Consistent Selector,1,False,True,runs/analysis/full400_seed_robustness/raw/online_consistent_boundary400/seed1.csv
135,2.0,1555633.0,1777167.0,88511547.0,59.9899,INDETERMINATE,135,0,data/test/3sat/400/3sat_40.cnf,0.0049085617065429,0.082317,0.313699722290039,0.318608283996582,60.39082528399658,3sat_40.cnf,online_consistent_boundary400,Online-Consistent Selector,1,False,True,runs/analysis/full400_seed_robustness/raw/online_consistent_boundary400/seed1.csv
136,2.0,1396520.0,1585601.0,77653698.0,59.9855,INDETERMINATE,136,0,data/test/3sat/400/3sat_41.cnf,0.0049085617065429,0.085768,0.313699722290039,0.318608283996582,60.389876283996585,3sat_41.cnf,online_consistent_boundary400,Online-Consistent Selector,1,False,True,runs/analysis/full400_seed_robustness/raw/online_consistent_boundary400/seed1.csv
137,2.0,1561750.0,1774601.0,84818835.0,59.9623,INDETERMINATE,137,0,data/test/3sat/400/3sat_42.cnf,0.0049085617065429,0.081907,0.313699722290039,0.318608283996582,60.36281528399658,3sat_42.cnf,online_consistent_boundary400,Online-Consistent Selector,1,False,True,runs/analysis/full400_seed_robustness/raw/online_consistent_boundary400/seed1.csv
138,2.0,1421313.0,1616426.0,81178441.0,59.9873,INDETERMINATE,138,0,data/test/3sat/400/3sat_43.cnf,0.0049085617065429,0.075215,0.313699722290039,0.318608283996582,60.38112328399658,3sat_43.cnf,online_consistent_boundary400,Online-Consistent Selector,1,False,True,runs/analysis/full400_seed_robustness/raw/online_consistent_boundary400/seed1.csv
139,2.0,1434424.0,1642722.0,82879865.0,59.9828,INDETERMINATE,139,0,data/test/3sat/400/3sat_44.cnf,0.0049085617065429,0.076378,0.313699722290039,0.318608283996582,60.37778628399658,3sat_44.cnf,online_consistent_boundary400,Online-Consistent Selector,1,False,True,runs/analysis/full400_seed_robustness/raw/online_consistent_boundary400/seed1.csv
140,2.0,1514170.0,1707048.0,84522133.0,59.9863,INDETERMINATE,140,0,data/test/3sat/400/3sat_45.cnf,0.0044445991516113,0.073555,0.2911067008972168,0.2955513000488281,60.35540630004883,3sat_45.cnf,online_consistent_boundary400,Online-Consistent Selector,1,False,True,runs/analysis/full400_seed_robustness/raw/online_consistent_boundary400/seed1.csv
141,2.0,977212.0,1110702.0,56336677.0,37.1475,SATISFIABLE,141,0,data/test/3sat/400/3sat_46.cnf,0.0044445991516113,0.075358,0.2911067008972168,0.2955513000488281,37.51840930004883,3sat_46.cnf,online_consistent_boundary400,Online-Consistent Selector,1,True,False,runs/analysis/full400_seed_robustness/raw/online_consistent_boundary400/seed1.csv
142,1.0,63966.0,73444.0,4017900.0,2.50424,SATISFIABLE,142,0,data/test/3sat/400/3sat_47.cnf,0.0044445991516113,0.073649,0.2911067008972168,0.2955513000488281,2.873440300048828,3sat_47.cnf,online_consistent_boundary400,Online-Consistent Selector,1,True,False,runs/analysis/full400_seed_robustness/raw/online_consistent_boundary400/seed1.csv
143,2.0,1473001.0,1685125.0,82200098.0,59.9829,INDETERMINATE,143,0,data/test/3sat/400/3sat_48.cnf,0.0044445991516113,0.079897,0.2911067008972168,0.2955513000488281,60.35834830004883,3sat_48.cnf,online_consistent_boundary400,Online-Consistent Selector,1,False,True,runs/analysis/full400_seed_robustness/raw/online_consistent_boundary400/seed1.csv
144,2.0,1439339.0,1649473.0,83108031.0,59.9953,INDETERMINATE,144,0,data/test/3sat/400/3sat_49.cnf,0.0044445991516113,0.073587,0.2911067008972168,0.2955513000488281,60.36443830004883,3sat_49.cnf,online_consistent_boundary400,Online-Consistent Selector,1,False,True,runs/analysis/full400_seed_robustness/raw/online_consistent_boundary400/seed1.csv
145,2.0,1414741.0,1620664.0,80015847.0,59.9749,INDETERMINATE,145,0,data/test/3sat/400/3sat_5.cnf,0.0044445991516113,0.075985,0.2911067008972168,0.2955513000488281,60.34643630004883,3sat_5.cnf,online_consistent_boundary400,Online-Consistent Selector,1,False,True,runs/analysis/full400_seed_robustness/raw/online_consistent_boundary400/seed1.csv
146,2.0,1412238.0,1615883.0,81122854.0,59.9847,INDETERMINATE,146,0,data/test/3sat/400/3sat_50.cnf,0.0044445991516113,0.079126,0.2911067008972168,0.2955513000488281,60.35937730004883,3sat_50.cnf,online_consistent_boundary400,Online-Consistent Selector,1,False,True,runs/analysis/full400_seed_robustness/raw/online_consistent_boundary400/seed1.csv
147,2.0,1470047.0,1681496.0,83624546.0,59.975,INDETERMINATE,147,0,data/test/3sat/400/3sat_51.cnf,0.0044445991516113,0.065478,0.2911067008972168,0.2955513000488281,60.33602930004883,3sat_51.cnf,online_consistent_boundary400,Online-Consistent Selector,1,False,True,runs/analysis/full400_seed_robustness/raw/online_consistent_boundary400/seed1.csv
148,2.0,1593304.0,1839277.0,89646086.0,59.9704,INDETERMINATE,148,0,data/test/3sat/400/3sat_52.cnf,0.0044445991516113,0.080993,0.2911067008972168,0.2955513000488281,60.346944300048825,3sat_52.cnf,online_consistent_boundary400,Online-Consistent Selector,1,False,True,runs/analysis/full400_seed_robustness/raw/online_consistent_boundary400/seed1.csv
149,2.0,1428045.0,1628422.0,77559858.0,59.9864,INDETERMINATE,149,0,data/test/3sat/400/3sat_53.cnf,0.0044445991516113,0.0705929999999999,0.2911067008972168,0.2955513000488281,60.352544300048834,3sat_53.cnf,online_consistent_boundary400,Online-Consistent Selector,1,False,True,runs/analysis/full400_seed_robustness/raw/online_consistent_boundary400/seed1.csv
150,2.0,612353.0,699215.0,35959808.0,21.6596,SATISFIABLE,150,0,data/test/3sat/400/3sat_54.cnf,0.0046560764312744,0.069867,0.3193399906158447,0.3239960670471191,22.05346306704712,3sat_54.cnf,online_consistent_boundary400,Online-Consistent Selector,1,True,False,runs/analysis/full400_seed_robustness/raw/online_consistent_boundary400/seed1.csv
151,2.0,1532092.0,1747948.0,86393991.0,59.9833,INDETERMINATE,151,0,data/test/3sat/400/3sat_55.cnf,0.0046560764312744,0.082875,0.3193399906158447,0.3239960670471191,60.39017106704712,3sat_55.cnf,online_consistent_boundary400,Online-Consistent Selector,1,False,True,runs/analysis/full400_seed_robustness/raw/online_consistent_boundary400/seed1.csv
152,2.0,1429754.0,1614733.0,81759804.0,59.9706,INDETERMINATE,152,0,data/test/3sat/400/3sat_56.cnf,0.0046560764312744,0.075999,0.3193399906158447,0.3239960670471191,60.37059506704712,3sat_56.cnf,online_consistent_boundary400,Online-Consistent Selector,1,False,True,runs/analysis/full400_seed_robustness/raw/online_consistent_boundary400/seed1.csv
153,2.0,1481920.0,1684733.0,82890522.0,59.9708,INDETERMINATE,153,0,data/test/3sat/400/3sat_57.cnf,0.0046560764312744,0.081048,0.3193399906158447,0.3239960670471191,60.37584406704712,3sat_57.cnf,online_consistent_boundary400,Online-Consistent Selector,1,False,True,runs/analysis/full400_seed_robustness/raw/online_consistent_boundary400/seed1.csv
154,2.0,1545105.0,1762679.0,91594848.0,59.9928,INDETERMINATE,154,0,data/test/3sat/400/3sat_58.cnf,0.0046560764312744,0.066364,0.3193399906158447,0.3239960670471191,60.38316006704712,3sat_58.cnf,online_consistent_boundary400,Online-Consistent Selector,1,False,True,runs/analysis/full400_seed_robustness/raw/online_consistent_boundary400/seed1.csv
155,2.0,1510241.0,1729504.0,84983109.0,59.9767,INDETERMINATE,155,0,data/test/3sat/400/3sat_59.cnf,0.0046560764312744,0.066474,0.3193399906158447,0.3239960670471191,60.36717006704712,3sat_59.cnf,online_consistent_boundary400,Online-Consistent Selector,1,False,True,runs/analysis/full400_seed_robustness/raw/online_consistent_boundary400/seed1.csv
156,2.0,1500299.0,1701174.0,83811664.0,59.9603,INDETERMINATE,156,0,data/test/3sat/400/3sat_6.cnf,0.0046560764312744,0.078814,0.3193399906158447,0.3239960670471191,60.36311006704712,3sat_6.cnf,online_consistent_boundary400,Online-Consistent Selector,1,False,True,runs/analysis/full400_seed_robustness/raw/online_consistent_boundary400/seed1.csv
157,2.0,1417742.0,1613052.0,81520662.0,59.9814,INDETERMINATE,157,0,data/test/3sat/400/3sat_60.cnf,0.0046560764312744,0.067561,0.3193399906158447,0.3239960670471191,60.37295706704712,3sat_60.cnf,online_consistent_boundary400,Online-Consistent Selector,1,False,True,runs/analysis/full400_seed_robustness/raw/online_consistent_boundary400/seed1.csv
158,2.0,1432490.0,1619219.0,80484500.0,59.9918,INDETERMINATE,158,0,data/test/3sat/400/3sat_61.cnf,0.0046560764312744,0.0693469999999999,0.3193399906158447,0.3239960670471191,60.38514306704712,3sat_61.cnf,online_consistent_boundary400,Online-Consistent Selector,1,False,True,runs/analysis/full400_seed_robustness/raw/online_consistent_boundary400/seed1.csv
159,2.0,1495159.0,1695634.0,86212690.0,59.9918,INDETERMINATE,159,0,data/test/3sat/400/3sat_62.cnf,0.0046560764312744,0.081655,0.3193399906158447,0.3239960670471191,60.39745106704712,3sat_62.cnf,online_consistent_boundary400,Online-Consistent Selector,1,False,True,runs/analysis/full400_seed_robustness/raw/online_consistent_boundary400/seed1.csv
160,2.0,138136.0,157894.0,8130882.0,5.28569,SATISFIABLE,160,0,data/test/3sat/400/3sat_63.cnf,0.005342960357666,0.077521,0.2979383468627929,0.303281307220459,5.666492307220459,3sat_63.cnf,online_consistent_boundary400,Online-Consistent Selector,1,True,False,runs/analysis/full400_seed_robustness/raw/online_consistent_boundary400/seed1.csv
161,2.0,1438746.0,1628083.0,80345163.0,59.982,INDETERMINATE,161,0,data/test/3sat/400/3sat_64.cnf,0.005342960357666,0.080483,0.2979383468627929,0.303281307220459,60.36576430722046,3sat_64.cnf,online_consistent_boundary400,Online-Consistent Selector,1,False,True,runs/analysis/full400_seed_robustness/raw/online_consistent_boundary400/seed1.csv
162,1.0,224.0,339.0,14565.0,0.013569,SATISFIABLE,162,0,data/test/3sat/400/3sat_65.cnf,0.005342960357666,0.029385,0.2979383468627929,0.303281307220459,0.346235307220459,3sat_65.cnf,online_consistent_boundary400,Online-Consistent Selector,1,True,False,runs/analysis/full400_seed_robustness/raw/online_consistent_boundary400/seed1.csv
163,2.0,1395670.0,1601739.0,80537889.0,59.9808,INDETERMINATE,163,0,data/test/3sat/400/3sat_66.cnf,0.005342960357666,0.07505,0.2979383468627929,0.303281307220459,60.35913130722046,3sat_66.cnf,online_consistent_boundary400,Online-Consistent Selector,1,False,True,runs/analysis/full400_seed_robustness/raw/online_consistent_boundary400/seed1.csv
164,2.0,1501511.0,1716313.0,86539154.0,59.9767,INDETERMINATE,164,0,data/test/3sat/400/3sat_67.cnf,0.005342960357666,0.077788,0.2979383468627929,0.303281307220459,60.35776930722046,3sat_67.cnf,online_consistent_boundary400,Online-Consistent Selector,1,False,True,runs/analysis/full400_seed_robustness/raw/online_consistent_boundary400/seed1.csv
165,2.0,1387806.0,1588335.0,78055410.0,59.9775,INDETERMINATE,165,0,data/test/3sat/400/3sat_68.cnf,0.005342960357666,0.0851339999999999,0.2979383468627929,0.303281307220459,60.365915307220455,3sat_68.cnf,online_consistent_boundary400,Online-Consistent Selector,1,False,True,runs/analysis/full400_seed_robustness/raw/online_consistent_boundary400/seed1.csv
166,2.0,1459280.0,1672969.0,86927840.0,59.9769,INDETERMINATE,166,0,data/test/3sat/400/3sat_69.cnf,0.005342960357666,0.081283,0.2979383468627929,0.303281307220459,60.36146430722046,3sat_69.cnf,online_consistent_boundary400,Online-Consistent Selector,1,False,True,runs/analysis/full400_seed_robustness/raw/online_consistent_boundary400/seed1.csv
167,2.0,1515163.0,1710237.0,83860743.0,59.9889,INDETERMINATE,167,0,data/test/3sat/400/3sat_7.cnf,0.005342960357666,0.077028,0.2979383468627929,0.303281307220459,60.36920930722046,3sat_7.cnf,online_consistent_boundary400,Online-Consistent Selector,1,False,True,runs/analysis/full400_seed_robustness/raw/online_consistent_boundary400/seed1.csv
168,1.0,2512.0,3124.0,152890.0,0.044122,SATISFIABLE,168,0,data/test/3sat/400/3sat_70.cnf,0.005342960357666,0.069996,0.2979383468627929,0.303281307220459,0.417399307220459,3sat_70.cnf,online_consistent_boundary400,Online-Consistent Selector,1,True,False,runs/analysis/full400_seed_robustness/raw/online_consistent_boundary400/seed1.csv
169,2.0,1462200.0,1673698.0,83326506.0,59.9926,INDETERMINATE,169,0,data/test/3sat/400/3sat_71.cnf,0.005342960357666,0.0714819999999999,0.2979383468627929,0.303281307220459,60.36736330722047,3sat_71.cnf,online_consistent_boundary400,Online-Consistent Selector,1,False,True,runs/analysis/full400_seed_robustness/raw/online_consistent_boundary400/seed1.csv
170,2.0,1453130.0,1662839.0,81771341.0,59.9737,INDETERMINATE,170,0,data/test/3sat/400/3sat_72.cnf,0.0046050548553466,0.060645,0.3178267478942871,0.3224318027496338,60.35677680274964,3sat_72.cnf,online_consistent_boundary400,Online-Consistent Selector,1,False,True,runs/analysis/full400_seed_robustness/raw/online_consistent_boundary400/seed1.csv
171,2.0,1457169.0,1660952.0,83455845.0,59.9691,INDETERMINATE,171,0,data/test/3sat/400/3sat_73.cnf,0.0046050548553466,0.072388,0.3178267478942871,0.3224318027496338,60.36391980274963,3sat_73.cnf,online_consistent_boundary400,Online-Consistent Selector,1,False,True,runs/analysis/full400_seed_robustness/raw/online_consistent_boundary400/seed1.csv
172,2.0,1396091.0,1607614.0,78624609.0,59.9799,INDETERMINATE,172,0,data/test/3sat/400/3sat_74.cnf,0.0046050548553466,0.078277,0.3178267478942871,0.3224318027496338,60.380608802749634,3sat_74.cnf,online_consistent_boundary400,Online-Consistent Selector,1,False,True,runs/analysis/full400_seed_robustness/raw/online_consistent_boundary400/seed1.csv
173,2.0,1389046.0,1584944.0,76121001.0,59.991,INDETERMINATE,173,0,data/test/3sat/400/3sat_75.cnf,0.0046050548553466,0.074487,0.3178267478942871,0.3224318027496338,60.38791880274963,3sat_75.cnf,online_consistent_boundary400,Online-Consistent Selector,1,False,True,runs/analysis/full400_seed_robustness/raw/online_consistent_boundary400/seed1.csv
174,2.0,1477203.0,1680259.0,86161371.0,59.9672,INDETERMINATE,174,0,data/test/3sat/400/3sat_76.cnf,0.0046050548553466,0.086014,0.3178267478942871,0.3224318027496338,60.37564580274963,3sat_76.cnf,online_consistent_boundary400,Online-Consistent Selector,1,False,True,runs/analysis/full400_seed_robustness/raw/online_consistent_boundary400/seed1.csv
175,2.0,1451237.0,1655464.0,81522663.0,59.9726,INDETERMINATE,175,0,data/test/3sat/400/3sat_77.cnf,0.0046050548553466,0.068808,0.3178267478942871,0.3224318027496338,60.36383980274963,3sat_77.cnf,online_consistent_boundary400,Online-Consistent Selector,1,False,True,runs/analysis/full400_seed_robustness/raw/online_consistent_boundary400/seed1.csv
176,2.0,1485476.0,1691911.0,81481804.0,59.9786,INDETERMINATE,176,0,data/test/3sat/400/3sat_78.cnf,0.0046050548553466,0.0715389999999999,0.3178267478942871,0.3224318027496338,60.37257080274964,3sat_78.cnf,online_consistent_boundary400,Online-Consistent Selector,1,False,True,runs/analysis/full400_seed_robustness/raw/online_consistent_boundary400/seed1.csv
177,2.0,1437397.0,1643359.0,78953318.0,59.9943,INDETERMINATE,177,0,data/test/3sat/400/3sat_79.cnf,0.0046050548553466,0.070362,0.3178267478942871,0.3224318027496338,60.38709380274964,3sat_79.cnf,online_consistent_boundary400,Online-Consistent Selector,1,False,True,runs/analysis/full400_seed_robustness/raw/online_consistent_boundary400/seed1.csv
178,2.0,1448676.0,1646481.0,83804407.0,59.9773,INDETERMINATE,178,0,data/test/3sat/400/3sat_8.cnf,0.0046050548553466,0.0639619999999999,0.3178267478942871,0.3224318027496338,60.36369380274963,3sat_8.cnf,online_consistent_boundary400,Online-Consistent Selector,1,False,True,runs/analysis/full400_seed_robustness/raw/online_consistent_boundary400/seed1.csv
179,2.0,1482592.0,1708878.0,85551401.0,59.953,INDETERMINATE,179,0,data/test/3sat/400/3sat_80.cnf,0.0046050548553466,0.070912,0.3178267478942871,0.3224318027496338,60.34634380274964,3sat_80.cnf,online_consistent_boundary400,Online-Consistent Selector,1,False,True,runs/analysis/full400_seed_robustness/raw/online_consistent_boundary400/seed1.csv
180,2.0,1488778.0,1684382.0,83051792.0,59.9735,INDETERMINATE,180,0,data/test/3sat/400/3sat_81.cnf,0.0043892860412597,0.06994,0.3269679546356201,0.3313572406768799,60.37479724067688,3sat_81.cnf,online_consistent_boundary400,Online-Consistent Selector,1,False,True,runs/analysis/full400_seed_robustness/raw/online_consistent_boundary400/seed1.csv
181,2.0,723843.0,829611.0,42069078.0,25.097,SATISFIABLE,181,0,data/test/3sat/400/3sat_82.cnf,0.0043892860412597,0.077489,0.3269679546356201,0.3313572406768799,25.50584624067688,3sat_82.cnf,online_consistent_boundary400,Online-Consistent Selector,1,True,False,runs/analysis/full400_seed_robustness/raw/online_consistent_boundary400/seed1.csv
182,2.0,1482264.0,1689990.0,82899084.0,59.9824,INDETERMINATE,182,0,data/test/3sat/400/3sat_83.cnf,0.0043892860412597,0.086686,0.3269679546356201,0.3313572406768799,60.40044324067688,3sat_83.cnf,online_consistent_boundary400,Online-Consistent Selector,1,False,True,runs/analysis/full400_seed_robustness/raw/online_consistent_boundary400/seed1.csv
183,2.0,1344364.0,1538448.0,76897408.0,59.9878,INDETERMINATE,183,0,data/test/3sat/400/3sat_84.cnf,0.0043892860412597,0.066053,0.3269679546356201,0.3313572406768799,60.38521024067688,3sat_84.cnf,online_consistent_boundary400,Online-Consistent Selector,1,False,True,runs/analysis/full400_seed_robustness/raw/online_consistent_boundary400/seed1.csv
184,1.0,27518.0,32278.0,1663386.0,0.788973,SATISFIABLE,184,0,data/test/3sat/400/3sat_85.cnf,0.0043892860412597,0.081053,0.3269679546356201,0.3313572406768799,1.20138324067688,3sat_85.cnf,online_consistent_boundary400,Online-Consistent Selector,1,True,False,runs/analysis/full400_seed_robustness/raw/online_consistent_boundary400/seed1.csv
185,1.0,91912.0,107188.0,5690281.0,3.69731,SATISFIABLE,185,0,data/test/3sat/400/3sat_86.cnf,0.0043892860412597,0.086201,0.3269679546356201,0.3313572406768799,4.11486824067688,3sat_86.cnf,online_consistent_boundary400,Online-Consistent Selector,1,True,False,runs/analysis/full400_seed_robustness/raw/online_consistent_boundary400/seed1.csv
186,2.0,1393188.0,1591476.0,79397209.0,59.9619,INDETERMINATE,186,0,data/test/3sat/400/3sat_87.cnf,0.0043892860412597,0.0776969999999999,0.3269679546356201,0.3313572406768799,60.37095424067688,3sat_87.cnf,online_consistent_boundary400,Online-Consistent Selector,1,False,True,runs/analysis/full400_seed_robustness/raw/online_consistent_boundary400/seed1.csv
187,1.0,10969.0,13071.0,671709.0,0.22528,SATISFIABLE,187,0,data/test/3sat/400/3sat_88.cnf,0.0043892860412597,0.073929,0.3269679546356201,0.3313572406768799,0.6305662406768799,3sat_88.cnf,online_consistent_boundary400,Online-Consistent Selector,1,True,False,runs/analysis/full400_seed_robustness/raw/online_consistent_boundary400/seed1.csv
188,1.0,8641.0,10334.0,538222.0,0.171072,SATISFIABLE,188,0,data/test/3sat/400/3sat_89.cnf,0.0043892860412597,0.0829429999999999,0.3269679546356201,0.3313572406768799,0.5853722406768799,3sat_89.cnf,online_consistent_boundary400,Online-Consistent Selector,1,True,False,runs/analysis/full400_seed_robustness/raw/online_consistent_boundary400/seed1.csv
189,2.0,1524584.0,1736323.0,87688501.0,59.9854,INDETERMINATE,189,0,data/test/3sat/400/3sat_9.cnf,0.0043892860412597,0.068738,0.3269679546356201,0.3313572406768799,60.38549524067688,3sat_9.cnf,online_consistent_boundary400,Online-Consistent Selector,1,False,True,runs/analysis/full400_seed_robustness/raw/online_consistent_boundary400/seed1.csv
190,2.0,1472551.0,1690117.0,86230455.0,59.9842,INDETERMINATE,190,0,data/test/3sat/400/3sat_90.cnf,0.0039846897125244,0.0915179999999999,0.3249220848083496,0.328906774520874,60.40462477452088,3sat_90.cnf,online_consistent_boundary400,Online-Consistent Selector,1,False,True,runs/analysis/full400_seed_robustness/raw/online_consistent_boundary400/seed1.csv
191,1.0,41.0,125.0,3065.0,0.005033,SATISFIABLE,191,0,data/test/3sat/400/3sat_91.cnf,0.0039846897125244,0.066407,0.3249220848083496,0.328906774520874,0.400346774520874,3sat_91.cnf,online_consistent_boundary400,Online-Consistent Selector,1,True,False,runs/analysis/full400_seed_robustness/raw/online_consistent_boundary400/seed1.csv
192,1.0,84619.0,96791.0,5278901.0,3.63217,SATISFIABLE,192,0,data/test/3sat/400/3sat_92.cnf,0.0039846897125244,0.077363,0.3249220848083496,0.328906774520874,4.038439774520874,3sat_92.cnf,online_consistent_boundary400,Online-Consistent Selector,1,True,False,runs/analysis/full400_seed_robustness/raw/online_consistent_boundary400/seed1.csv
193,2.0,621792.0,720709.0,37565651.0,23.2424,SATISFIABLE,193,0,data/test/3sat/400/3sat_93.cnf,0.0039846897125244,0.071051,0.3249220848083496,0.328906774520874,23.642357774520875,3sat_93.cnf,online_consistent_boundary400,Online-Consistent Selector,1,True,False,runs/analysis/full400_seed_robustness/raw/online_consistent_boundary400/seed1.csv
194,1.0,53988.0,62131.0,3367378.0,1.72304,SATISFIABLE,194,0,data/test/3sat/400/3sat_94.cnf,0.0039846897125244,0.079994,0.3249220848083496,0.328906774520874,2.131940774520874,3sat_94.cnf,online_consistent_boundary400,Online-Consistent Selector,1,True,False,runs/analysis/full400_seed_robustness/raw/online_consistent_boundary400/seed1.csv
195,2.0,1446525.0,1647149.0,80991458.0,59.9608,INDETERMINATE,195,0,data/test/3sat/400/3sat_95.cnf,0.0039846897125244,0.073113,0.3249220848083496,0.328906774520874,60.36281977452087,3sat_95.cnf,online_consistent_boundary400,Online-Consistent Selector,1,False,True,runs/analysis/full400_seed_robustness/raw/online_consistent_boundary400/seed1.csv
196,1.0,3109.0,3849.0,199282.0,0.05568,SATISFIABLE,196,0,data/test/3sat/400/3sat_96.cnf,0.0039846897125244,0.0658779999999999,0.3249220848083496,0.328906774520874,0.450464774520874,3sat_96.cnf,online_consistent_boundary400,Online-Consistent Selector,1,True,False,runs/analysis/full400_seed_robustness/raw/online_consistent_boundary400/seed1.csv
197,2.0,425291.0,491074.0,25526527.0,14.2707,SATISFIABLE,197,0,data/test/3sat/400/3sat_97.cnf,0.0039846897125244,0.075166,0.3249220848083496,0.328906774520874,14.674772774520871,3sat_97.cnf,online_consistent_boundary400,Online-Consistent Selector,1,True,False,runs/analysis/full400_seed_robustness/raw/online_consistent_boundary400/seed1.csv
198,2.0,1527988.0,1731295.0,86065412.0,59.9994,INDETERMINATE,198,0,data/test/3sat/400/3sat_98.cnf,0.0039846897125244,0.071805,0.3249220848083496,0.328906774520874,60.40011177452087,3sat_98.cnf,online_consistent_boundary400,Online-Consistent Selector,1,False,True,runs/analysis/full400_seed_robustness/raw/online_consistent_boundary400/seed1.csv
199,2.0,1487812.0,1698141.0,82109887.0,59.9855,INDETERMINATE,199,0,data/test/3sat/400/3sat_99.cnf,0.0039846897125244,0.074297,0.3249220848083496,0.328906774520874,60.38870377452088,3sat_99.cnf,online_consistent_boundary400,Online-Consistent Selector,1,False,True,runs/analysis/full400_seed_robustness/raw/online_consistent_boundary400/seed1.csv
0,2.0,1462966.0,1669555.0,81541472.0,59.9639,INDETERMINATE,0,0,data/test/3sat/400/3sat_0.cnf,0.0060601234436035,0.075735,0.3327081203460693,0.3387682437896728,60.37840324378968,3sat_0.cnf,old_compact,Old Compact,1,False,True,runs/analysis/full400_seed_robustness/raw/old_compact/seed1.csv
1,1.0,73715.0,85712.0,4316774.0,2.83696,SATISFIABLE,1,0,data/test/3sat/400/3sat_1.cnf,0.0060601234436035,0.077677,0.3327081203460693,0.3387682437896728,3.2534052437896728,3sat_1.cnf,old_compact,Old Compact,1,True,False,runs/analysis/full400_seed_robustness/raw/old_compact/seed1.csv
2,2.0,1540169.0,1758376.0,86875804.0,59.9655,INDETERMINATE,2,0,data/test/3sat/400/3sat_10.cnf,0.0060601234436035,0.0865509999999999,0.3327081203460693,0.3387682437896728,60.39081924378967,3sat_10.cnf,old_compact,Old Compact,1,False,True,runs/analysis/full400_seed_robustness/raw/old_compact/seed1.csv
3,1.0,3392.0,4166.0,213902.0,0.069783,SATISFIABLE,3,0,data/test/3sat/400/3sat_100.cnf,0.0060601234436035,0.084811,0.3327081203460693,0.3387682437896728,0.4933622437896728,3sat_100.cnf,old_compact,Old Compact,1,True,False,runs/analysis/full400_seed_robustness/raw/old_compact/seed1.csv
4,2.0,1447998.0,1654775.0,81339486.0,59.9767,INDETERMINATE,4,0,data/test/3sat/400/3sat_101.cnf,0.0060601234436035,0.0721719999999999,0.3327081203460693,0.3387682437896728,60.38764024378968,3sat_101.cnf,old_compact,Old Compact,1,False,True,runs/analysis/full400_seed_robustness/raw/old_compact/seed1.csv
5,2.0,1488882.0,1722409.0,85138977.0,59.9671,INDETERMINATE,5,0,data/test/3sat/400/3sat_102.cnf,0.0060601234436035,0.077682,0.3327081203460693,0.3387682437896728,60.38355024378968,3sat_102.cnf,old_compact,Old Compact,1,False,True,runs/analysis/full400_seed_robustness/raw/old_compact/seed1.csv
6,2.0,1451765.0,1675268.0,83684367.0,59.9748,INDETERMINATE,6,0,data/test/3sat/400/3sat_103.cnf,0.0060601234436035,0.081822,0.3327081203460693,0.3387682437896728,60.39539024378968,3sat_103.cnf,old_compact,Old Compact,1,False,True,runs/analysis/full400_seed_robustness/raw/old_compact/seed1.csv
7,2.0,1447444.0,1653568.0,80488933.0,59.9808,INDETERMINATE,7,0,data/test/3sat/400/3sat_104.cnf,0.0060601234436035,0.072753,0.3327081203460693,0.3387682437896728,60.39232124378968,3sat_104.cnf,old_compact,Old Compact,1,False,True,runs/analysis/full400_seed_robustness/raw/old_compact/seed1.csv
8,2.0,1537460.0,1749145.0,87965801.0,59.9787,INDETERMINATE,8,0,data/test/3sat/400/3sat_105.cnf,0.0060601234436035,0.068545,0.3327081203460693,0.3387682437896728,60.38601324378968,3sat_105.cnf,old_compact,Old Compact,1,False,True,runs/analysis/full400_seed_robustness/raw/old_compact/seed1.csv
9,2.0,1489451.0,1695138.0,84111171.0,59.9606,INDETERMINATE,9,0,data/test/3sat/400/3sat_106.cnf,0.0060601234436035,0.070171,0.3327081203460693,0.3387682437896728,60.36953924378968,3sat_106.cnf,old_compact,Old Compact,1,False,True,runs/analysis/full400_seed_robustness/raw/old_compact/seed1.csv
10,2.0,1374052.0,1578649.0,78392570.0,59.9742,INDETERMINATE,10,0,data/test/3sat/400/3sat_107.cnf,0.0035014152526855,0.077481,0.350616455078125,0.3541178703308105,60.40579887033081,3sat_107.cnf,old_compact,Old Compact,1,False,True,runs/analysis/full400_seed_robustness/raw/old_compact/seed1.csv
11,2.0,1466936.0,1689672.0,82159300.0,59.9629,INDETERMINATE,11,0,data/test/3sat/400/3sat_108.cnf,0.0035014152526855,0.071847,0.350616455078125,0.3541178703308105,60.388864870330806,3sat_108.cnf,old_compact,Old Compact,1,False,True,runs/analysis/full400_seed_robustness/raw/old_compact/seed1.csv
12,2.0,1524601.0,1746890.0,85413126.0,59.9724,INDETERMINATE,12,0,data/test/3sat/400/3sat_109.cnf,0.0035014152526855,0.072409,0.350616455078125,0.3541178703308105,60.39892687033081,3sat_109.cnf,old_compact,Old Compact,1,False,True,runs/analysis/full400_seed_robustness/raw/old_compact/seed1.csv
13,1.0,40661.0,47692.0,2496556.0,1.42823,SATISFIABLE,13,0,data/test/3sat/400/3sat_11.cnf,0.0035014152526855,0.083903,0.350616455078125,0.3541178703308105,1.8662508703308107,3sat_11.cnf,old_compact,Old Compact,1,True,False,runs/analysis/full400_seed_robustness/raw/old_compact/seed1.csv
14,2.0,1502209.0,1723730.0,86847598.0,59.9849,INDETERMINATE,14,0,data/test/3sat/400/3sat_110.cnf,0.0035014152526855,0.085705,0.350616455078125,0.3541178703308105,60.42472287033081,3sat_110.cnf,old_compact,Old Compact,1,False,True,runs/analysis/full400_seed_robustness/raw/old_compact/seed1.csv
15,2.0,1471230.0,1687627.0,85864392.0,59.9724,INDETERMINATE,15,0,data/test/3sat/400/3sat_111.cnf,0.0035014152526855,0.074481,0.350616455078125,0.3541178703308105,60.40099887033081,3sat_111.cnf,old_compact,Old Compact,1,False,True,runs/analysis/full400_seed_robustness/raw/old_compact/seed1.csv
16,2.0,1487007.0,1690383.0,86003122.0,59.9665,INDETERMINATE,16,0,data/test/3sat/400/3sat_112.cnf,0.0035014152526855,0.072097,0.350616455078125,0.3541178703308105,60.39271487033081,3sat_112.cnf,old_compact,Old Compact,1,False,True,runs/analysis/full400_seed_robustness/raw/old_compact/seed1.csv
17,2.0,1404812.0,1594021.0,80554135.0,59.9541,INDETERMINATE,17,0,data/test/3sat/400/3sat_113.cnf,0.0035014152526855,0.083233,0.350616455078125,0.3541178703308105,60.39145087033081,3sat_113.cnf,old_compact,Old Compact,1,False,True,runs/analysis/full400_seed_robustness/raw/old_compact/seed1.csv
18,2.0,1449278.0,1664309.0,81997782.0,59.9525,INDETERMINATE,18,0,data/test/3sat/400/3sat_114.cnf,0.0035014152526855,0.07693,0.350616455078125,0.3541178703308105,60.38354787033081,3sat_114.cnf,old_compact,Old Compact,1,False,True,runs/analysis/full400_seed_robustness/raw/old_compact/seed1.csv
19,2.0,1359249.0,1542635.0,75377043.0,59.9463,INDETERMINATE,19,0,data/test/3sat/400/3sat_115.cnf,0.0035014152526855,0.078349,0.350616455078125,0.3541178703308105,60.378766870330814,3sat_115.cnf,old_compact,Old Compact,1,False,True,runs/analysis/full400_seed_robustness/raw/old_compact/seed1.csv
20,2.0,1473717.0,1677595.0,82290260.0,59.9902,INDETERMINATE,20,0,data/test/3sat/400/3sat_116.cnf,0.0044550895690917,0.066283,0.3441147804260254,0.3485698699951172,60.40505286999512,3sat_116.cnf,old_compact,Old Compact,1,False,True,runs/analysis/full400_seed_robustness/raw/old_compact/seed1.csv
21,2.0,1518837.0,1737805.0,84713395.0,59.9601,INDETERMINATE,21,0,data/test/3sat/400/3sat_117.cnf,0.0044550895690917,0.067734,0.3441147804260254,0.3485698699951172,60.37640386999512,3sat_117.cnf,old_compact,Old Compact,1,False,True,runs/analysis/full400_seed_robustness/raw/old_compact/seed1.csv
22,2.0,1449782.0,1657407.0,81599742.0,59.9523,INDETERMINATE,22,0,data/test/3sat/400/3sat_118.cnf,0.0044550895690917,0.0758659999999999,0.3441147804260254,0.3485698699951172,60.37673586999512,3sat_118.cnf,old_compact,Old Compact,1,False,True,runs/analysis/full400_seed_robustness/raw/old_compact/seed1.csv
23,2.0,1524421.0,1743061.0,84306519.0,59.9659,INDETERMINATE,23,0,data/test/3sat/400/3sat_119.cnf,0.0044550895690917,0.070661,0.3441147804260254,0.3485698699951172,60.38513086999512,3sat_119.cnf,old_compact,Old Compact,1,False,True,runs/analysis/full400_seed_robustness/raw/old_compact/seed1.csv
24,2.0,1430072.0,1635521.0,80330153.0,59.9865,INDETERMINATE,24,0,data/test/3sat/400/3sat_12.cnf,0.0044550895690917,0.07208,0.3441147804260254,0.3485698699951172,60.40714986999512,3sat_12.cnf,old_compact,Old Compact,1,False,True,runs/analysis/full400_seed_robustness/raw/old_compact/seed1.csv
25,1.0,23077.0,27394.0,1439359.0,0.6523,SATISFIABLE,25,0,data/test/3sat/400/3sat_120.cnf,0.0044550895690917,0.081491,0.3441147804260254,0.3485698699951172,1.0823608699951173,3sat_120.cnf,old_compact,Old Compact,1,True,False,runs/analysis/full400_seed_robustness/raw/old_compact/seed1.csv
26,1.0,47329.0,54623.0,2823769.0,1.35728,SATISFIABLE,26,0,data/test/3sat/400/3sat_121.cnf,0.0044550895690917,0.074777,0.3441147804260254,0.3485698699951172,1.780626869995117,3sat_121.cnf,old_compact,Old Compact,1,True,False,runs/analysis/full400_seed_robustness/raw/old_compact/seed1.csv
27,2.0,1480655.0,1693794.0,84653455.0,59.955,INDETERMINATE,27,0,data/test/3sat/400/3sat_122.cnf,0.0044550895690917,0.071278,0.3441147804260254,0.3485698699951172,60.37484786999512,3sat_122.cnf,old_compact,Old Compact,1,False,True,runs/analysis/full400_seed_robustness/raw/old_compact/seed1.csv
28,2.0,1473301.0,1675898.0,83951794.0,59.9773,INDETERMINATE,28,0,data/test/3sat/400/3sat_123.cnf,0.0044550895690917,0.077682,0.3441147804260254,0.3485698699951172,60.40355186999512,3sat_123.cnf,old_compact,Old Compact,1,False,True,runs/analysis/full400_seed_robustness/raw/old_compact/seed1.csv
29,1.0,654.0,900.0,43163.0,0.01588,SATISFIABLE,29,0,data/test/3sat/400/3sat_124.cnf,0.0044550895690917,0.043312,0.3441147804260254,0.3485698699951172,0.4077618699951172,3sat_124.cnf,old_compact,Old Compact,1,True,False,runs/analysis/full400_seed_robustness/raw/old_compact/seed1.csv
30,1.0,87018.0,101016.0,5296049.0,3.03502,SATISFIABLE,30,0,data/test/3sat/400/3sat_125.cnf,0.0051689147949218,0.068222,0.3338592052459717,0.3390281200408935,3.4422701200408934,3sat_125.cnf,old_compact,Old Compact,1,True,False,runs/analysis/full400_seed_robustness/raw/old_compact/seed1.csv
31,2.0,1501586.0,1716947.0,86063161.0,59.9636,INDETERMINATE,31,0,data/test/3sat/400/3sat_126.cnf,0.0051689147949218,0.072766,0.3338592052459717,0.3390281200408935,60.375394120040895,3sat_126.cnf,old_compact,Old Compact,1,False,True,runs/analysis/full400_seed_robustness/raw/old_compact/seed1.csv
32,2.0,1415239.0,1638351.0,82919701.0,59.9804,INDETERMINATE,32,0,data/test/3sat/400/3sat_127.cnf,0.0051689147949218,0.074101,0.3338592052459717,0.3390281200408935,60.393529120040895,3sat_127.cnf,old_compact,Old Compact,1,False,True,runs/analysis/full400_seed_robustness/raw/old_compact/seed1.csv
33,2.0,238642.0,275833.0,14368684.0,8.16022,SATISFIABLE,33,0,data/test/3sat/400/3sat_128.cnf,0.0051689147949218,0.083493,0.3338592052459717,0.3390281200408935,8.582741120040895,3sat_128.cnf,old_compact,Old Compact,1,True,False,runs/analysis/full400_seed_robustness/raw/old_compact/seed1.csv
34,1.0,28034.0,33114.0,1750425.0,0.769673,SATISFIABLE,34,0,data/test/3sat/400/3sat_129.cnf,0.0051689147949218,0.079642,0.3338592052459717,0.3390281200408935,1.1883431200408936,3sat_129.cnf,old_compact,Old Compact,1,True,False,runs/analysis/full400_seed_robustness/raw/old_compact/seed1.csv
35,2.0,1483900.0,1706279.0,85219654.0,59.9819,INDETERMINATE,35,0,data/test/3sat/400/3sat_13.cnf,0.0051689147949218,0.066218,0.3338592052459717,0.3390281200408935,60.387146120040896,3sat_13.cnf,old_compact,Old Compact,1,False,True,runs/analysis/full400_seed_robustness/raw/old_compact/seed1.csv
36,2.0,121568.0,139021.0,7304329.0,4.31651,SATISFIABLE,36,0,data/test/3sat/400/3sat_130.cnf,0.0051689147949218,0.061201,0.3338592052459717,0.3390281200408935,4.716739120040893,3sat_130.cnf,old_compact,Old Compact,1,True,False,runs/analysis/full400_seed_robustness/raw/old_compact/seed1.csv
37,1.0,82086.0,96037.0,5035591.0,3.27279,SATISFIABLE,37,0,data/test/3sat/400/3sat_131.cnf,0.0051689147949218,0.077664,0.3338592052459717,0.3390281200408935,3.6894821200408936,3sat_131.cnf,old_compact,Old Compact,1,True,False,runs/analysis/full400_seed_robustness/raw/old_compact/seed1.csv
38,1.0,2692.0,3354.0,172420.0,0.052616,SATISFIABLE,38,0,data/test/3sat/400/3sat_132.cnf,0.0051689147949218,0.0822219999999999,0.3338592052459717,0.3390281200408935,0.4738661200408935,3sat_132.cnf,old_compact,Old Compact,1,True,False,runs/analysis/full400_seed_robustness/raw/old_compact/seed1.csv
39,2.0,1433465.0,1657325.0,83457060.0,59.9941,INDETERMINATE,39,0,data/test/3sat/400/3sat_133.cnf,0.0051689147949218,0.0779769999999999,0.3338592052459717,0.3390281200408935,60.411105120040894,3sat_133.cnf,old_compact,Old Compact,1,False,True,runs/analysis/full400_seed_robustness/raw/old_compact/seed1.csv
40,2.0,1433311.0,1640506.0,80151792.0,59.969,INDETERMINATE,40,0,data/test/3sat/400/3sat_134.cnf,0.004429817199707,0.080536,0.3353891372680664,0.3398189544677734,60.38935495446778,3sat_134.cnf,old_compact,Old Compact,1,False,True,runs/analysis/full400_seed_robustness/raw/old_compact/seed1.csv
41,2.0,1537264.0,1749841.0,85845596.0,59.9728,INDETERMINATE,41,0,data/test/3sat/400/3sat_135.cnf,0.004429817199707,0.0673199999999999,0.3353891372680664,0.3398189544677734,60.379938954467775,3sat_135.cnf,old_compact,Old Compact,1,False,True,runs/analysis/full400_seed_robustness/raw/old_compact/seed1.csv
42,2.0,1426462.0,1635833.0,83783504.0,59.9863,INDETERMINATE,42,0,data/test/3sat/400/3sat_136.cnf,0.004429817199707,0.078239,0.3353891372680664,0.3398189544677734,60.40435795446778,3sat_136.cnf,old_compact,Old Compact,1,False,True,runs/analysis/full400_seed_robustness/raw/old_compact/seed1.csv
43,2.0,1490001.0,1689007.0,80419004.0,59.9756,INDETERMINATE,43,0,data/test/3sat/400/3sat_137.cnf,0.004429817199707,0.068166,0.3353891372680664,0.3398189544677734,60.38358495446777,3sat_137.cnf,old_compact,Old Compact,1,False,True,runs/analysis/full400_seed_robustness/raw/old_compact/seed1.csv
44,2.0,1547946.0,1761075.0,89443022.0,59.9827,INDETERMINATE,44,0,data/test/3sat/400/3sat_138.cnf,0.004429817199707,0.0842219999999999,0.3353891372680664,0.3398189544677734,60.40674095446777,3sat_138.cnf,old_compact,Old Compact,1,False,True,runs/analysis/full400_seed_robustness/raw/old_compact/seed1.csv
45,2.0,1545848.0,1776220.0,88254772.0,59.9821,INDETERMINATE,45,0,data/test/3sat/400/3sat_139.cnf,0.004429817199707,0.074748,0.3353891372680664,0.3398189544677734,60.396666954467776,3sat_139.cnf,old_compact,Old Compact,1,False,True,runs/analysis/full400_seed_robustness/raw/old_compact/seed1.csv
46,2.0,133587.0,154405.0,8365184.0,5.08597,SATISFIABLE,46,0,data/test/3sat/400/3sat_14.cnf,0.004429817199707,0.071958,0.3353891372680664,0.3398189544677734,5.4977469544677735,3sat_14.cnf,old_compact,Old Compact,1,True,False,runs/analysis/full400_seed_robustness/raw/old_compact/seed1.csv
47,2.0,1244295.0,1419655.0,73705026.0,48.6897,SATISFIABLE,47,0,data/test/3sat/400/3sat_140.cnf,0.004429817199707,0.061671,0.3353891372680664,0.3398189544677734,49.09118995446777,3sat_140.cnf,old_compact,Old Compact,1,True,False,runs/analysis/full400_seed_robustness/raw/old_compact/seed1.csv
48,1.0,71109.0,82102.0,4299119.0,2.88752,SATISFIABLE,48,0,data/test/3sat/400/3sat_141.cnf,0.004429817199707,0.0874939999999999,0.3353891372680664,0.3398189544677734,3.3148329544677733,3sat_141.cnf,old_compact,Old Compact,1,True,False,runs/analysis/full400_seed_robustness/raw/old_compact/seed1.csv
49,1.0,61037.0,70865.0,3765471.0,2.09812,SATISFIABLE,49,0,data/test/3sat/400/3sat_142.cnf,0.004429817199707,0.076466,0.3353891372680664,0.3398189544677734,2.5144049544677736,3sat_142.cnf,old_compact,Old Compact,1,True,False,runs/analysis/full400_seed_robustness/raw/old_compact/seed1.csv
50,2.0,1464213.0,1681006.0,84194272.0,59.9918,INDETERMINATE,50,0,data/test/3sat/400/3sat_143.cnf,0.0045111179351806,0.070742,0.3017544746398926,0.3062655925750732,60.368807592575074,3sat_143.cnf,old_compact,Old Compact,1,False,True,runs/analysis/full400_seed_robustness/raw/old_compact/seed1.csv
51,2.0,1396912.0,1598533.0,77486810.0,59.9795,INDETERMINATE,51,0,data/test/3sat/400/3sat_144.cnf,0.0045111179351806,0.073857,0.3017544746398926,0.3062655925750732,60.35962259257507,3sat_144.cnf,old_compact,Old Compact,1,False,True,runs/analysis/full400_seed_robustness/raw/old_compact/seed1.csv
52,2.0,1437736.0,1659623.0,81635724.0,59.9935,INDETERMINATE,52,0,data/test/3sat/400/3sat_145.cnf,0.0045111179351806,0.074504,0.3017544746398926,0.3062655925750732,60.37426959257507,3sat_145.cnf,old_compact,Old Compact,1,False,True,runs/analysis/full400_seed_robustness/raw/old_compact/seed1.csv
53,2.0,1473605.0,1686795.0,82670427.0,59.9899,INDETERMINATE,53,0,data/test/3sat/400/3sat_146.cnf,0.0045111179351806,0.0690419999999999,0.3017544746398926,0.3062655925750732,60.36520759257508,3sat_146.cnf,old_compact,Old Compact,1,False,True,runs/analysis/full400_seed_robustness/raw/old_compact/seed1.csv
54,2.0,392510.0,450448.0,23393708.0,13.3019,SATISFIABLE,54,0,data/test/3sat/400/3sat_147.cnf,0.0045111179351806,0.077236,0.3017544746398926,0.3062655925750732,13.685401592575072,3sat_147.cnf,old_compact,Old Compact,1,True,False,runs/analysis/full400_seed_robustness/raw/old_compact/seed1.csv
55,2.0,1492966.0,1715603.0,87245662.0,59.9725,INDETERMINATE,55,0,data/test/3sat/400/3sat_148.cnf,0.0045111179351806,0.077168,0.3017544746398926,0.3062655925750732,60.35593359257507,3sat_148.cnf,old_compact,Old Compact,1,False,True,runs/analysis/full400_seed_robustness/raw/old_compact/seed1.csv
56,1.0,97366.0,112279.0,5819460.0,3.81053,SATISFIABLE,56,0,data/test/3sat/400/3sat_149.cnf,0.0045111179351806,0.081119,0.3017544746398926,0.3062655925750732,4.197914592575073,3sat_149.cnf,old_compact,Old Compact,1,True,False,runs/analysis/full400_seed_robustness/raw/old_compact/seed1.csv
57,2.0,1467951.0,1668253.0,83499579.0,59.9696,INDETERMINATE,57,0,data/test/3sat/400/3sat_15.cnf,0.0045111179351806,0.070134,0.3017544746398926,0.3062655925750732,60.34599959257508,3sat_15.cnf,old_compact,Old Compact,1,False,True,runs/analysis/full400_seed_robustness/raw/old_compact/seed1.csv
58,1.0,16970.0,19929.0,1057698.0,0.393788,SATISFIABLE,58,0,data/test/3sat/400/3sat_150.cnf,0.0045111179351806,0.077115,0.3017544746398926,0.3062655925750732,0.7771685925750733,3sat_150.cnf,old_compact,Old Compact,1,True,False,runs/analysis/full400_seed_robustness/raw/old_compact/seed1.csv
59,2.0,1476210.0,1670349.0,85808859.0,59.9727,INDETERMINATE,59,0,data/test/3sat/400/3sat_151.cnf,0.0045111179351806,0.081134,0.3017544746398926,0.3062655925750732,60.36009959257508,3sat_151.cnf,old_compact,Old Compact,1,False,True,runs/analysis/full400_seed_robustness/raw/old_compact/seed1.csv
60,2.0,1521384.0,1751587.0,85251741.0,59.9857,INDETERMINATE,60,0,data/test/3sat/400/3sat_152.cnf,0.0046133995056152,0.078466,0.3007960319519043,0.3054094314575195,60.36957543145752,3sat_152.cnf,old_compact,Old Compact,1,False,True,runs/analysis/full400_seed_robustness/raw/old_compact/seed1.csv
61,2.0,1473706.0,1675373.0,82413757.0,59.9733,INDETERMINATE,61,0,data/test/3sat/400/3sat_153.cnf,0.0046133995056152,0.087753,0.3007960319519043,0.3054094314575195,60.36646243145752,3sat_153.cnf,old_compact,Old Compact,1,False,True,runs/analysis/full400_seed_robustness/raw/old_compact/seed1.csv
62,1.0,42118.0,49122.0,2596236.0,1.44192,SATISFIABLE,62,0,data/test/3sat/400/3sat_154.cnf,0.0046133995056152,0.08657,0.3007960319519043,0.3054094314575195,1.83389943145752,3sat_154.cnf,old_compact,Old Compact,1,True,False,runs/analysis/full400_seed_robustness/raw/old_compact/seed1.csv
63,2.0,1499776.0,1708629.0,83755512.0,59.9918,INDETERMINATE,63,0,data/test/3sat/400/3sat_155.cnf,0.0046133995056152,0.084089,0.3007960319519043,0.3054094314575195,60.38129843145752,3sat_155.cnf,old_compact,Old Compact,1,False,True,runs/analysis/full400_seed_robustness/raw/old_compact/seed1.csv
64,2.0,1440110.0,1642939.0,81712739.0,59.9731,INDETERMINATE,64,0,data/test/3sat/400/3sat_156.cnf,0.0046133995056152,0.062414,0.3007960319519043,0.3054094314575195,60.34092343145752,3sat_156.cnf,old_compact,Old Compact,1,False,True,runs/analysis/full400_seed_robustness/raw/old_compact/seed1.csv
65,2.0,873297.0,1013956.0,52333641.0,33.4655,SATISFIABLE,65,0,data/test/3sat/400/3sat_157.cnf,0.0046133995056152,0.078622,0.3007960319519043,0.3054094314575195,33.84953143145752,3sat_157.cnf,old_compact,Old Compact,1,True,False,runs/analysis/full400_seed_robustness/raw/old_compact/seed1.csv
66,2.0,1457816.0,1651451.0,81164955.0,59.9887,INDETERMINATE,66,0,data/test/3sat/400/3sat_158.cnf,0.0046133995056152,0.08961,0.3007960319519043,0.3054094314575195,60.38371943145752,3sat_158.cnf,old_compact,Old Compact,1,False,True,runs/analysis/full400_seed_robustness/raw/old_compact/seed1.csv
67,2.0,1509463.0,1733307.0,86846387.0,59.9777,INDETERMINATE,67,0,data/test/3sat/400/3sat_159.cnf,0.0046133995056152,0.076968,0.3007960319519043,0.3054094314575195,60.36007743145752,3sat_159.cnf,old_compact,Old Compact,1,False,True,runs/analysis/full400_seed_robustness/raw/old_compact/seed1.csv
68,2.0,1552886.0,1763706.0,89102940.0,59.9788,INDETERMINATE,68,0,data/test/3sat/400/3sat_16.cnf,0.0046133995056152,0.076192,0.3007960319519043,0.3054094314575195,60.36040143145752,3sat_16.cnf,old_compact,Old Compact,1,False,True,runs/analysis/full400_seed_robustness/raw/old_compact/seed1.csv
69,2.0,1503686.0,1721522.0,83891065.0,59.9677,INDETERMINATE,69,0,data/test/3sat/400/3sat_160.cnf,0.0046133995056152,0.076846,0.3007960319519043,0.3054094314575195,60.34995543145752,3sat_160.cnf,old_compact,Old Compact,1,False,True,runs/analysis/full400_seed_robustness/raw/old_compact/seed1.csv
70,2.0,1563890.0,1780475.0,90434450.0,59.9902,INDETERMINATE,70,0,data/test/3sat/400/3sat_161.cnf,0.0045585632324218,0.069091,0.3380212783813476,0.3425798416137695,60.40187084161377,3sat_161.cnf,old_compact,Old Compact,1,False,True,runs/analysis/full400_seed_robustness/raw/old_compact/seed1.csv
71,2.0,1387112.0,1568525.0,78158164.0,59.9605,INDETERMINATE,71,0,data/test/3sat/400/3sat_162.cnf,0.0045585632324218,0.0771659999999999,0.3380212783813476,0.3425798416137695,60.38024584161377,3sat_162.cnf,old_compact,Old Compact,1,False,True,runs/analysis/full400_seed_robustness/raw/old_compact/seed1.csv
72,2.0,915021.0,1050086.0,53803425.0,34.2281,SATISFIABLE,72,0,data/test/3sat/400/3sat_163.cnf,0.0045585632324218,0.0739,0.3380212783813476,0.3425798416137695,34.64457984161377,3sat_163.cnf,old_compact,Old Compact,1,True,False,runs/analysis/full400_seed_robustness/raw/old_compact/seed1.csv
73,2.0,1434744.0,1647193.0,82540882.0,59.9858,INDETERMINATE,73,0,data/test/3sat/400/3sat_164.cnf,0.0045585632324218,0.075496,0.3380212783813476,0.3425798416137695,60.40387584161377,3sat_164.cnf,old_compact,Old Compact,1,False,True,runs/analysis/full400_seed_robustness/raw/old_compact/seed1.csv
74,1.0,7043.0,8408.0,453223.0,0.151035,SATISFIABLE,74,0,data/test/3sat/400/3sat_165.cnf,0.0045585632324218,0.0663769999999999,0.3380212783813476,0.3425798416137695,0.5599918416137695,3sat_165.cnf,old_compact,Old Compact,1,True,False,runs/analysis/full400_seed_robustness/raw/old_compact/seed1.csv
75,2.0,1526313.0,1745072.0,86190767.0,59.9798,INDETERMINATE,75,0,data/test/3sat/400/3sat_166.cnf,0.0045585632324218,0.078745,0.3380212783813476,0.3425798416137695,60.401124841613765,3sat_166.cnf,old_compact,Old Compact,1,False,True,runs/analysis/full400_seed_robustness/raw/old_compact/seed1.csv
76,2.0,399529.0,460797.0,23951550.0,12.5925,SATISFIABLE,76,0,data/test/3sat/400/3sat_167.cnf,0.0045585632324218,0.081589,0.3380212783813476,0.3425798416137695,13.016668841613768,3sat_167.cnf,old_compact,Old Compact,1,True,False,runs/analysis/full400_seed_robustness/raw/old_compact/seed1.csv
77,2.0,1426174.0,1612456.0,81618218.0,59.9921,INDETERMINATE,77,0,data/test/3sat/400/3sat_168.cnf,0.0045585632324218,0.067732,0.3380212783813476,0.3425798416137695,60.40241184161377,3sat_168.cnf,old_compact,Old Compact,1,False,True,runs/analysis/full400_seed_robustness/raw/old_compact/seed1.csv
78,2.0,1459518.0,1675385.0,84260677.0,59.9943,INDETERMINATE,78,0,data/test/3sat/400/3sat_169.cnf,0.0045585632324218,0.073619,0.3380212783813476,0.3425798416137695,60.41049884161377,3sat_169.cnf,old_compact,Old Compact,1,False,True,runs/analysis/full400_seed_robustness/raw/old_compact/seed1.csv
79,2.0,1308310.0,1497857.0,73392420.0,59.9945,INDETERMINATE,79,0,data/test/3sat/400/3sat_17.cnf,0.0045585632324218,0.082662,0.3380212783813476,0.3425798416137695,60.41974184161377,3sat_17.cnf,old_compact,Old Compact,1,False,True,runs/analysis/full400_seed_robustness/raw/old_compact/seed1.csv
80,2.0,1385404.0,1581025.0,77126656.0,59.9956,INDETERMINATE,80,0,data/test/3sat/400/3sat_170.cnf,0.0046393871307373,0.068227,0.3109049797058105,0.3155443668365478,60.37937136683655,3sat_170.cnf,old_compact,Old Compact,1,False,True,runs/analysis/full400_seed_robustness/raw/old_compact/seed1.csv
81,2.0,1366404.0,1557000.0,77718189.0,59.9667,INDETERMINATE,81,0,data/test/3sat/400/3sat_171.cnf,0.0046393871307373,0.0726,0.3109049797058105,0.3155443668365478,60.35484436683655,3sat_171.cnf,old_compact,Old Compact,1,False,True,runs/analysis/full400_seed_robustness/raw/old_compact/seed1.csv
82,2.0,1388835.0,1594231.0,79871128.0,59.9879,INDETERMINATE,82,0,data/test/3sat/400/3sat_172.cnf,0.0046393871307373,0.0878289999999999,0.3109049797058105,0.3155443668365478,60.39127336683655,3sat_172.cnf,old_compact,Old Compact,1,False,True,runs/analysis/full400_seed_robustness/raw/old_compact/seed1.csv
83,2.0,1413699.0,1620035.0,80819670.0,59.9805,INDETERMINATE,83,0,data/test/3sat/400/3sat_173.cnf,0.0046393871307373,0.070717,0.3109049797058105,0.3155443668365478,60.36676136683655,3sat_173.cnf,old_compact,Old Compact,1,False,True,runs/analysis/full400_seed_robustness/raw/old_compact/seed1.csv
84,2.0,1446704.0,1641871.0,81363097.0,59.9725,INDETERMINATE,84,0,data/test/3sat/400/3sat_174.cnf,0.0046393871307373,0.073985,0.3109049797058105,0.3155443668365478,60.36202936683655,3sat_174.cnf,old_compact,Old Compact,1,False,True,runs/analysis/full400_seed_robustness/raw/old_compact/seed1.csv
85,2.0,1585797.0,1799076.0,87642542.0,59.9893,INDETERMINATE,85,0,data/test/3sat/400/3sat_175.cnf,0.0046393871307373,0.069195,0.3109049797058105,0.3155443668365478,60.37403936683655,3sat_175.cnf,old_compact,Old Compact,1,False,True,runs/analysis/full400_seed_robustness/raw/old_compact/seed1.csv
86,1.0,44850.0,52377.0,2659490.0,1.50902,SATISFIABLE,86,0,data/test/3sat/400/3sat_176.cnf,0.0046393871307373,0.08574,0.3109049797058105,0.3155443668365478,1.910304366836548,3sat_176.cnf,old_compact,Old Compact,1,True,False,runs/analysis/full400_seed_robustness/raw/old_compact/seed1.csv
87,2.0,1475321.0,1671843.0,84807737.0,59.9739,INDETERMINATE,87,0,data/test/3sat/400/3sat_177.cnf,0.0046393871307373,0.073514,0.3109049797058105,0.3155443668365478,60.36295836683655,3sat_177.cnf,old_compact,Old Compact,1,False,True,runs/analysis/full400_seed_robustness/raw/old_compact/seed1.csv
88,2.0,1497079.0,1732181.0,86767462.0,59.9707,INDETERMINATE,88,0,data/test/3sat/400/3sat_178.cnf,0.0046393871307373,0.083043,0.3109049797058105,0.3155443668365478,60.36928736683655,3sat_178.cnf,old_compact,Old Compact,1,False,True,runs/analysis/full400_seed_robustness/raw/old_compact/seed1.csv
89,2.0,1516907.0,1726974.0,87191366.0,59.9936,INDETERMINATE,89,0,data/test/3sat/400/3sat_179.cnf,0.0046393871307373,0.076652,0.3109049797058105,0.3155443668365478,60.38579636683655,3sat_179.cnf,old_compact,Old Compact,1,False,True,runs/analysis/full400_seed_robustness/raw/old_compact/seed1.csv
90,2.0,1416381.0,1619062.0,81453297.0,59.9814,INDETERMINATE,90,0,data/test/3sat/400/3sat_18.cnf,0.0042989253997802,0.082054,0.3218870162963867,0.326185941696167,60.38963994169617,3sat_18.cnf,old_compact,Old Compact,1,False,True,runs/analysis/full400_seed_robustness/raw/old_compact/seed1.csv
91,2.0,479866.0,551097.0,28918715.0,17.1388,SATISFIABLE,91,0,data/test/3sat/400/3sat_180.cnf,0.0042989253997802,0.0791929999999999,0.3218870162963867,0.326185941696167,17.544178941696167,3sat_180.cnf,old_compact,Old Compact,1,True,False,runs/analysis/full400_seed_robustness/raw/old_compact/seed1.csv
92,1.0,52050.0,59791.0,3130772.0,1.89673,SATISFIABLE,92,0,data/test/3sat/400/3sat_181.cnf,0.0042989253997802,0.080752,0.3218870162963867,0.326185941696167,2.303667941696167,3sat_181.cnf,old_compact,Old Compact,1,True,False,runs/analysis/full400_seed_robustness/raw/old_compact/seed1.csv
93,2.0,1459020.0,1671382.0,80632557.0,59.9898,INDETERMINATE,93,0,data/test/3sat/400/3sat_182.cnf,0.0042989253997802,0.075779,0.3218870162963867,0.326185941696167,60.39176494169617,3sat_182.cnf,old_compact,Old Compact,1,False,True,runs/analysis/full400_seed_robustness/raw/old_compact/seed1.csv
94,2.0,1425119.0,1633313.0,80910060.0,59.9852,INDETERMINATE,94,0,data/test/3sat/400/3sat_183.cnf,0.0042989253997802,0.078682,0.3218870162963867,0.326185941696167,60.39006794169617,3sat_183.cnf,old_compact,Old Compact,1,False,True,runs/analysis/full400_seed_robustness/raw/old_compact/seed1.csv
95,2.0,1464355.0,1668096.0,83922236.0,59.965,INDETERMINATE,95,0,data/test/3sat/400/3sat_184.cnf,0.0042989253997802,0.0743709999999999,0.3218870162963867,0.326185941696167,60.36555694169617,3sat_184.cnf,old_compact,Old Compact,1,False,True,runs/analysis/full400_seed_robustness/raw/old_compact/seed1.csv
96,2.0,1545358.0,1763122.0,86038509.0,59.9745,INDETERMINATE,96,0,data/test/3sat/400/3sat_185.cnf,0.0042989253997802,0.080789,0.3218870162963867,0.326185941696167,60.38147494169617,3sat_185.cnf,old_compact,Old Compact,1,False,True,runs/analysis/full400_seed_robustness/raw/old_compact/seed1.csv
97,2.0,1391688.0,1589723.0,75994683.0,59.9889,INDETERMINATE,97,0,data/test/3sat/400/3sat_186.cnf,0.0042989253997802,0.068281,0.3218870162963867,0.326185941696167,60.38336694169617,3sat_186.cnf,old_compact,Old Compact,1,False,True,runs/analysis/full400_seed_robustness/raw/old_compact/seed1.csv
98,2.0,1372559.0,1579941.0,77421323.0,59.9812,INDETERMINATE,98,0,data/test/3sat/400/3sat_187.cnf,0.0042989253997802,0.084505,0.3218870162963867,0.326185941696167,60.39189094169617,3sat_187.cnf,old_compact,Old Compact,1,False,True,runs/analysis/full400_seed_robustness/raw/old_compact/seed1.csv
99,2.0,892642.0,1020150.0,51846480.0,31.4506,SATISFIABLE,99,0,data/test/3sat/400/3sat_188.cnf,0.0042989253997802,0.067965,0.3218870162963867,0.326185941696167,31.84475094169617,3sat_188.cnf,old_compact,Old Compact,1,True,False,runs/analysis/full400_seed_robustness/raw/old_compact/seed1.csv
100,2.0,486885.0,560599.0,28846336.0,17.14,SATISFIABLE,100,0,data/test/3sat/400/3sat_189.cnf,0.0046696662902832,0.07469,0.2903890609741211,0.2950587272644043,17.509748727264405,3sat_189.cnf,old_compact,Old Compact,1,True,False,runs/analysis/full400_seed_robustness/raw/old_compact/seed1.csv
101,1.0,89648.0,102340.0,5281405.0,3.68329,SATISFIABLE,101,0,data/test/3sat/400/3sat_19.cnf,0.0046696662902832,0.0766179999999999,0.2903890609741211,0.2950587272644043,4.054966727264404,3sat_19.cnf,old_compact,Old Compact,1,True,False,runs/analysis/full400_seed_robustness/raw/old_compact/seed1.csv
102,1.0,1353.0,1762.0,87323.0,0.02226,SATISFIABLE,102,0,data/test/3sat/400/3sat_190.cnf,0.0046696662902832,0.059527,0.2903890609741211,0.2950587272644043,0.3768457272644043,3sat_190.cnf,old_compact,Old Compact,1,True,False,runs/analysis/full400_seed_robustness/raw/old_compact/seed1.csv
103,2.0,1420834.0,1634074.0,79244062.0,59.9898,INDETERMINATE,103,0,data/test/3sat/400/3sat_191.cnf,0.0046696662902832,0.075214,0.2903890609741211,0.2950587272644043,60.36007272726441,3sat_191.cnf,old_compact,Old Compact,1,False,True,runs/analysis/full400_seed_robustness/raw/old_compact/seed1.csv
104,2.0,1425376.0,1644186.0,80461287.0,59.9719,INDETERMINATE,104,0,data/test/3sat/400/3sat_192.cnf,0.0046696662902832,0.064367,0.2903890609741211,0.2950587272644043,60.3313257272644,3sat_192.cnf,old_compact,Old Compact,1,False,True,runs/analysis/full400_seed_robustness/raw/old_compact/seed1.csv
105,2.0,1403876.0,1602075.0,81218236.0,59.9828,INDETERMINATE,105,0,data/test/3sat/400/3sat_193.cnf,0.0046696662902832,0.0818639999999999,0.2903890609741211,0.2950587272644043,60.359722727264405,3sat_193.cnf,old_compact,Old Compact,1,False,True,runs/analysis/full400_seed_robustness/raw/old_compact/seed1.csv
106,2.0,1356537.0,1540225.0,77334945.0,59.9655,INDETERMINATE,106,0,data/test/3sat/400/3sat_194.cnf,0.0046696662902832,0.075304,0.2903890609741211,0.2950587272644043,60.335862727264406,3sat_194.cnf,old_compact,Old Compact,1,False,True,runs/analysis/full400_seed_robustness/raw/old_compact/seed1.csv
107,2.0,1480637.0,1689515.0,86432745.0,59.9759,INDETERMINATE,107,0,data/test/3sat/400/3sat_195.cnf,0.0046696662902832,0.078176,0.2903890609741211,0.2950587272644043,60.349134727264406,3sat_195.cnf,old_compact,Old Compact,1,False,True,runs/analysis/full400_seed_robustness/raw/old_compact/seed1.csv
108,2.0,339864.0,392433.0,20520894.0,11.6526,SATISFIABLE,108,0,data/test/3sat/400/3sat_196.cnf,0.0046696662902832,0.0791139999999999,0.2903890609741211,0.2950587272644043,12.026772727264404,3sat_196.cnf,old_compact,Old Compact,1,True,False,runs/analysis/full400_seed_robustness/raw/old_compact/seed1.csv
109,2.0,1448256.0,1657887.0,82220168.0,59.9741,INDETERMINATE,109,0,data/test/3sat/400/3sat_197.cnf,0.0046696662902832,0.068047,0.2903890609741211,0.2950587272644043,60.3372057272644,3sat_197.cnf,old_compact,Old Compact,1,False,True,runs/analysis/full400_seed_robustness/raw/old_compact/seed1.csv
110,2.0,1446452.0,1654861.0,83743277.0,59.9758,INDETERMINATE,110,0,data/test/3sat/400/3sat_198.cnf,0.0043294429779052,0.076575,0.311992883682251,0.3163223266601562,60.36869732666016,3sat_198.cnf,old_compact,Old Compact,1,False,True,runs/analysis/full400_seed_robustness/raw/old_compact/seed1.csv
111,2.0,1390874.0,1593563.0,77657053.0,59.9598,INDETERMINATE,111,0,data/test/3sat/400/3sat_199.cnf,0.0043294429779052,0.072183,0.311992883682251,0.3163223266601562,60.34830532666016,3sat_199.cnf,old_compact,Old Compact,1,False,True,runs/analysis/full400_seed_robustness/raw/old_compact/seed1.csv
112,2.0,1421506.0,1622784.0,82561769.0,59.9746,INDETERMINATE,112,0,data/test/3sat/400/3sat_2.cnf,0.0043294429779052,0.087134,0.311992883682251,0.3163223266601562,60.37805632666016,3sat_2.cnf,old_compact,Old Compact,1,False,True,runs/analysis/full400_seed_robustness/raw/old_compact/seed1.csv
113,2.0,361980.0,419239.0,21758927.0,12.4283,SATISFIABLE,113,0,data/test/3sat/400/3sat_20.cnf,0.0043294429779052,0.081824,0.311992883682251,0.3163223266601562,12.826446326660156,3sat_20.cnf,old_compact,Old Compact,1,True,False,runs/analysis/full400_seed_robustness/raw/old_compact/seed1.csv
114,2.0,1440821.0,1667816.0,83868454.0,59.9617,INDETERMINATE,114,0,data/test/3sat/400/3sat_21.cnf,0.0043294429779052,0.07046,0.311992883682251,0.3163223266601562,60.34848232666016,3sat_21.cnf,old_compact,Old Compact,1,False,True,runs/analysis/full400_seed_robustness/raw/old_compact/seed1.csv
115,1.0,43107.0,50298.0,2657822.0,1.38775,SATISFIABLE,115,0,data/test/3sat/400/3sat_22.cnf,0.0043294429779052,0.071619,0.311992883682251,0.3163223266601562,1.7756913266601564,3sat_22.cnf,old_compact,Old Compact,1,True,False,runs/analysis/full400_seed_robustness/raw/old_compact/seed1.csv
116,2.0,1373196.0,1559956.0,76817365.0,59.9768,INDETERMINATE,116,0,data/test/3sat/400/3sat_23.cnf,0.0043294429779052,0.084423,0.311992883682251,0.3163223266601562,60.37754532666016,3sat_23.cnf,old_compact,Old Compact,1,False,True,runs/analysis/full400_seed_robustness/raw/old_compact/seed1.csv
117,1.0,97677.0,112677.0,5872880.0,4.13132,SATISFIABLE,117,0,data/test/3sat/400/3sat_24.cnf,0.0043294429779052,0.075689,0.311992883682251,0.3163223266601562,4.523331326660156,3sat_24.cnf,old_compact,Old Compact,1,True,False,runs/analysis/full400_seed_robustness/raw/old_compact/seed1.csv
118,1.0,41249.0,47888.0,2486997.0,1.18099,SATISFIABLE,118,0,data/test/3sat/400/3sat_25.cnf,0.0043294429779052,0.082068,0.311992883682251,0.3163223266601562,1.5793803266601565,3sat_25.cnf,old_compact,Old Compact,1,True,False,runs/analysis/full400_seed_robustness/raw/old_compact/seed1.csv
119,2.0,1384428.0,1580511.0,79338966.0,59.9642,INDETERMINATE,119,0,data/test/3sat/400/3sat_26.cnf,0.0043294429779052,0.070481,0.311992883682251,0.3163223266601562,60.35100332666016,3sat_26.cnf,old_compact,Old Compact,1,False,True,runs/analysis/full400_seed_robustness/raw/old_compact/seed1.csv
120,1.0,9470.0,11447.0,605518.0,0.197823,SATISFIABLE,120,0,data/test/3sat/400/3sat_27.cnf,0.0044739246368408,0.069904,0.2785437107086181,0.283017635345459,0.550744635345459,3sat_27.cnf,old_compact,Old Compact,1,True,False,runs/analysis/full400_seed_robustness/raw/old_compact/seed1.csv
121,2.0,1515421.0,1734546.0,85863592.0,59.9684,INDETERMINATE,121,0,data/test/3sat/400/3sat_28.cnf,0.0044739246368408,0.071507,0.2785437107086181,0.283017635345459,60.32292463534546,3sat_28.cnf,old_compact,Old Compact,1,False,True,runs/analysis/full400_seed_robustness/raw/old_compact/seed1.csv
122,2.0,1516821.0,1728308.0,87234662.0,59.9628,INDETERMINATE,122,0,data/test/3sat/400/3sat_29.cnf,0.0044739246368408,0.0881049999999999,0.2785437107086181,0.283017635345459,60.33392263534546,3sat_29.cnf,old_compact,Old Compact,1,False,True,runs/analysis/full400_seed_robustness/raw/old_compact/seed1.csv
123,2.0,1530606.0,1755026.0,90046380.0,59.9802,INDETERMINATE,123,0,data/test/3sat/400/3sat_3.cnf,0.0044739246368408,0.08391,0.2785437107086181,0.283017635345459,60.347127635345466,3sat_3.cnf,old_compact,Old Compact,1,False,True,runs/analysis/full400_seed_robustness/raw/old_compact/seed1.csv
124,2.0,1418511.0,1618141.0,82045907.0,59.993,INDETERMINATE,124,0,data/test/3sat/400/3sat_30.cnf,0.0044739246368408,0.083348,0.2785437107086181,0.283017635345459,60.35936563534546,3sat_30.cnf,old_compact,Old Compact,1,False,True,runs/analysis/full400_seed_robustness/raw/old_compact/seed1.csv
125,2.0,1380180.0,1590053.0,77802207.0,59.9844,INDETERMINATE,125,0,data/test/3sat/400/3sat_31.cnf,0.0044739246368408,0.075965,0.2785437107086181,0.283017635345459,60.343382635345456,3sat_31.cnf,old_compact,Old Compact,1,False,True,runs/analysis/full400_seed_robustness/raw/old_compact/seed1.csv
126,2.0,1431077.0,1618755.0,80611783.0,59.9709,INDETERMINATE,126,0,data/test/3sat/400/3sat_32.cnf,0.0044739246368408,0.08317,0.2785437107086181,0.283017635345459,60.33708763534546,3sat_32.cnf,old_compact,Old Compact,1,False,True,runs/analysis/full400_seed_robustness/raw/old_compact/seed1.csv
127,2.0,1415747.0,1624211.0,80739862.0,59.9726,INDETERMINATE,127,0,data/test/3sat/400/3sat_33.cnf,0.0044739246368408,0.069501,0.2785437107086181,0.283017635345459,60.32511863534546,3sat_33.cnf,old_compact,Old Compact,1,False,True,runs/analysis/full400_seed_robustness/raw/old_compact/seed1.csv
128,2.0,1611133.0,1850587.0,92164435.0,59.9843,INDETERMINATE,128,0,data/test/3sat/400/3sat_34.cnf,0.0044739246368408,0.074891,0.2785437107086181,0.283017635345459,60.34220863534546,3sat_34.cnf,old_compact,Old Compact,1,False,True,runs/analysis/full400_seed_robustness/raw/old_compact/seed1.csv
129,2.0,1524792.0,1750849.0,83955395.0,59.9778,INDETERMINATE,129,0,data/test/3sat/400/3sat_35.cnf,0.0044739246368408,0.072019,0.2785437107086181,0.283017635345459,60.33283663534546,3sat_35.cnf,old_compact,Old Compact,1,False,True,runs/analysis/full400_seed_robustness/raw/old_compact/seed1.csv
130,2.0,1447529.0,1656354.0,81254974.0,59.9469,INDETERMINATE,130,0,data/test/3sat/400/3sat_36.cnf,0.0041337013244628,0.078308,0.305504560470581,0.3096382617950439,60.33484626179504,3sat_36.cnf,old_compact,Old Compact,1,False,True,runs/analysis/full400_seed_robustness/raw/old_compact/seed1.csv
131,2.0,1420807.0,1628449.0,79498242.0,59.9915,INDETERMINATE,131,0,data/test/3sat/400/3sat_37.cnf,0.0041337013244628,0.083757,0.305504560470581,0.3096382617950439,60.384895261795045,3sat_37.cnf,old_compact,Old Compact,1,False,True,runs/analysis/full400_seed_robustness/raw/old_compact/seed1.csv
132,2.0,1481257.0,1691588.0,84579423.0,59.9844,INDETERMINATE,132,0,data/test/3sat/400/3sat_38.cnf,0.0041337013244628,0.072916,0.305504560470581,0.3096382617950439,60.36695426179504,3sat_38.cnf,old_compact,Old Compact,1,False,True,runs/analysis/full400_seed_robustness/raw/old_compact/seed1.csv
133,2.0,1477516.0,1700015.0,82680201.0,59.989,INDETERMINATE,133,0,data/test/3sat/400/3sat_39.cnf,0.0041337013244628,0.080656,0.305504560470581,0.3096382617950439,60.37929426179504,3sat_39.cnf,old_compact,Old Compact,1,False,True,runs/analysis/full400_seed_robustness/raw/old_compact/seed1.csv
134,2.0,1523934.0,1739430.0,85659225.0,59.972,INDETERMINATE,134,0,data/test/3sat/400/3sat_4.cnf,0.0041337013244628,0.070203,0.305504560470581,0.3096382617950439,60.351841261795045,3sat_4.cnf,old_compact,Old Compact,1,False,True,runs/analysis/full400_seed_robustness/raw/old_compact/seed1.csv
135,2.0,1503769.0,1718560.0,85621939.0,59.9854,INDETERMINATE,135,0,data/test/3sat/400/3sat_40.cnf,0.0041337013244628,0.083332,0.305504560470581,0.3096382617950439,60.37837026179504,3sat_40.cnf,old_compact,Old Compact,1,False,True,runs/analysis/full400_seed_robustness/raw/old_compact/seed1.csv
136,2.0,1358668.0,1542750.0,75627419.0,59.9738,INDETERMINATE,136,0,data/test/3sat/400/3sat_41.cnf,0.0041337013244628,0.06694,0.305504560470581,0.3096382617950439,60.35037826179504,3sat_41.cnf,old_compact,Old Compact,1,False,True,runs/analysis/full400_seed_robustness/raw/old_compact/seed1.csv
137,2.0,1558153.0,1770548.0,84634870.0,59.9792,INDETERMINATE,137,0,data/test/3sat/400/3sat_42.cnf,0.0041337013244628,0.065686,0.305504560470581,0.3096382617950439,60.35452426179504,3sat_42.cnf,old_compact,Old Compact,1,False,True,runs/analysis/full400_seed_robustness/raw/old_compact/seed1.csv
138,2.0,1413500.0,1607671.0,80744024.0,59.9776,INDETERMINATE,138,0,data/test/3sat/400/3sat_43.cnf,0.0041337013244628,0.09567,0.305504560470581,0.3096382617950439,60.382908261795045,3sat_43.cnf,old_compact,Old Compact,1,False,True,runs/analysis/full400_seed_robustness/raw/old_compact/seed1.csv
139,2.0,1424417.0,1631179.0,82290296.0,59.9885,INDETERMINATE,139,0,data/test/3sat/400/3sat_44.cnf,0.0041337013244628,0.072211,0.305504560470581,0.3096382617950439,60.37034926179505,3sat_44.cnf,old_compact,Old Compact,1,False,True,runs/analysis/full400_seed_robustness/raw/old_compact/seed1.csv
140,2.0,1523839.0,1717885.0,85063487.0,59.9882,INDETERMINATE,140,0,data/test/3sat/400/3sat_45.cnf,0.0044195652008056,0.077388,0.3243765830993652,0.3287961483001709,60.39438414830017,3sat_45.cnf,old_compact,Old Compact,1,False,True,runs/analysis/full400_seed_robustness/raw/old_compact/seed1.csv
141,1.0,9772.0,11592.0,590576.0,0.217502,SATISFIABLE,141,0,data/test/3sat/400/3sat_46.cnf,0.0044195652008056,0.073166,0.3243765830993652,0.3287961483001709,0.6194641483001709,3sat_46.cnf,old_compact,Old Compact,1,True,False,runs/analysis/full400_seed_robustness/raw/old_compact/seed1.csv
142,1.0,63966.0,73444.0,4017900.0,2.53393,SATISFIABLE,142,0,data/test/3sat/400/3sat_47.cnf,0.0044195652008056,0.090192,0.3243765830993652,0.3287961483001709,2.9529181483001707,3sat_47.cnf,old_compact,Old Compact,1,True,False,runs/analysis/full400_seed_robustness/raw/old_compact/seed1.csv
143,2.0,1441028.0,1648710.0,80453875.0,59.9678,INDETERMINATE,143,0,data/test/3sat/400/3sat_48.cnf,0.0044195652008056,0.0704829999999999,0.3243765830993652,0.3287961483001709,60.36707914830017,3sat_48.cnf,old_compact,Old Compact,1,False,True,runs/analysis/full400_seed_robustness/raw/old_compact/seed1.csv
144,2.0,1434644.0,1646828.0,82531882.0,59.9869,INDETERMINATE,144,0,data/test/3sat/400/3sat_49.cnf,0.0044195652008056,0.073921,0.3243765830993652,0.3287961483001709,60.38961714830017,3sat_49.cnf,old_compact,Old Compact,1,False,True,runs/analysis/full400_seed_robustness/raw/old_compact/seed1.csv
145,2.0,1388952.0,1591216.0,78600129.0,59.9816,INDETERMINATE,145,0,data/test/3sat/400/3sat_5.cnf,0.0044195652008056,0.07554,0.3243765830993652,0.3287961483001709,60.38593614830017,3sat_5.cnf,old_compact,Old Compact,1,False,True,runs/analysis/full400_seed_robustness/raw/old_compact/seed1.csv
146,2.0,1410946.0,1614417.0,81051972.0,59.9656,INDETERMINATE,146,0,data/test/3sat/400/3sat_50.cnf,0.0044195652008056,0.089584,0.3243765830993652,0.3287961483001709,60.383980148300175,3sat_50.cnf,old_compact,Old Compact,1,False,True,runs/analysis/full400_seed_robustness/raw/old_compact/seed1.csv
147,2.0,1467207.0,1678243.0,83462427.0,59.9764,INDETERMINATE,147,0,data/test/3sat/400/3sat_51.cnf,0.0044195652008056,0.076014,0.3243765830993652,0.3287961483001709,60.38121014830017,3sat_51.cnf,old_compact,Old Compact,1,False,True,runs/analysis/full400_seed_robustness/raw/old_compact/seed1.csv
148,2.0,1548365.0,1787723.0,87230464.0,59.999,INDETERMINATE,148,0,data/test/3sat/400/3sat_52.cnf,0.0044195652008056,0.067114,0.3243765830993652,0.3287961483001709,60.39491014830017,3sat_52.cnf,old_compact,Old Compact,1,False,True,runs/analysis/full400_seed_robustness/raw/old_compact/seed1.csv
149,2.0,1447841.0,1649368.0,81316262.0,59.9979,INDETERMINATE,149,0,data/test/3sat/400/3sat_53.cnf,0.0044195652008056,0.082683,0.3243765830993652,0.3287961483001709,60.409379148300175,3sat_53.cnf,old_compact,Old Compact,1,False,True,runs/analysis/full400_seed_robustness/raw/old_compact/seed1.csv
150,2.0,612353.0,699215.0,35959808.0,21.7704,SATISFIABLE,150,0,data/test/3sat/400/3sat_54.cnf,0.0045433044433593,0.086979,0.4090950489044189,0.4136383533477783,22.271017353347776,3sat_54.cnf,old_compact,Old Compact,1,True,False,runs/analysis/full400_seed_robustness/raw/old_compact/seed1.csv
151,2.0,1495378.0,1705878.0,84356949.0,59.9811,INDETERMINATE,151,0,data/test/3sat/400/3sat_55.cnf,0.0045433044433593,0.075114,0.4090950489044189,0.4136383533477783,60.469852353347775,3sat_55.cnf,old_compact,Old Compact,1,False,True,runs/analysis/full400_seed_robustness/raw/old_compact/seed1.csv
152,2.0,1380037.0,1558423.0,78937080.0,59.9633,INDETERMINATE,152,0,data/test/3sat/400/3sat_56.cnf,0.0045433044433593,0.0712059999999999,0.4090950489044189,0.4136383533477783,60.44814435334777,3sat_56.cnf,old_compact,Old Compact,1,False,True,runs/analysis/full400_seed_robustness/raw/old_compact/seed1.csv
153,2.0,1445515.0,1643228.0,80933487.0,59.9724,INDETERMINATE,153,0,data/test/3sat/400/3sat_57.cnf,0.0045433044433593,0.072624,0.4090950489044189,0.4136383533477783,60.458662353347776,3sat_57.cnf,old_compact,Old Compact,1,False,True,runs/analysis/full400_seed_robustness/raw/old_compact/seed1.csv
154,2.0,1515862.0,1729369.0,89922946.0,59.9838,INDETERMINATE,154,0,data/test/3sat/400/3sat_58.cnf,0.0045433044433593,0.101078,0.4090950489044189,0.4136383533477783,60.49851635334778,3sat_58.cnf,old_compact,Old Compact,1,False,True,runs/analysis/full400_seed_robustness/raw/old_compact/seed1.csv
155,2.0,1505186.0,1723717.0,84711542.0,59.9784,INDETERMINATE,155,0,data/test/3sat/400/3sat_59.cnf,0.0045433044433593,0.076124,0.4090950489044189,0.4136383533477783,60.46816235334778,3sat_59.cnf,old_compact,Old Compact,1,False,True,runs/analysis/full400_seed_robustness/raw/old_compact/seed1.csv
156,2.0,1497254.0,1697709.0,83644687.0,59.9892,INDETERMINATE,156,0,data/test/3sat/400/3sat_6.cnf,0.0045433044433593,0.085561,0.4090950489044189,0.4136383533477783,60.48839935334777,3sat_6.cnf,old_compact,Old Compact,1,False,True,runs/analysis/full400_seed_robustness/raw/old_compact/seed1.csv
157,2.0,1387386.0,1579131.0,79796173.0,59.9775,INDETERMINATE,157,0,data/test/3sat/400/3sat_60.cnf,0.0045433044433593,0.06976,0.4090950489044189,0.4136383533477783,60.46089835334778,3sat_60.cnf,old_compact,Old Compact,1,False,True,runs/analysis/full400_seed_robustness/raw/old_compact/seed1.csv
158,2.0,1417831.0,1602664.0,79705548.0,59.9762,INDETERMINATE,158,0,data/test/3sat/400/3sat_61.cnf,0.0045433044433593,0.078389,0.4090950489044189,0.4136383533477783,60.46822735334778,3sat_61.cnf,old_compact,Old Compact,1,False,True,runs/analysis/full400_seed_robustness/raw/old_compact/seed1.csv
159,2.0,1500261.0,1701369.0,86504690.0,59.9823,INDETERMINATE,159,0,data/test/3sat/400/3sat_62.cnf,0.0045433044433593,0.072061,0.4090950489044189,0.4136383533477783,60.46799935334778,3sat_62.cnf,old_compact,Old Compact,1,False,True,runs/analysis/full400_seed_robustness/raw/old_compact/seed1.csv
160,2.0,138136.0,157894.0,8130882.0,5.03236,SATISFIABLE,160,0,data/test/3sat/400/3sat_63.cnf,0.0048840045928955,0.087734,0.2780952453613281,0.2829792499542236,5.403073249954224,3sat_63.cnf,old_compact,Old Compact,1,True,False,runs/analysis/full400_seed_robustness/raw/old_compact/seed1.csv
161,2.0,1480203.0,1675226.0,82568843.0,59.9607,INDETERMINATE,161,0,data/test/3sat/400/3sat_64.cnf,0.0048840045928955,0.070742,0.2780952453613281,0.2829792499542236,60.31442124995423,3sat_64.cnf,old_compact,Old Compact,1,False,True,runs/analysis/full400_seed_robustness/raw/old_compact/seed1.csv
162,1.0,224.0,339.0,14565.0,0.008594,SATISFIABLE,162,0,data/test/3sat/400/3sat_65.cnf,0.0048840045928955,0.0247439999999999,0.2780952453613281,0.2829792499542236,0.3163172499542236,3sat_65.cnf,old_compact,Old Compact,1,True,False,runs/analysis/full400_seed_robustness/raw/old_compact/seed1.csv
163,2.0,1393806.0,1599496.0,79693794.0,59.988,INDETERMINATE,163,0,data/test/3sat/400/3sat_66.cnf,0.0048840045928955,0.085669,0.2780952453613281,0.2829792499542236,60.35664824995423,3sat_66.cnf,old_compact,Old Compact,1,False,True,runs/analysis/full400_seed_robustness/raw/old_compact/seed1.csv
164,2.0,1480005.0,1692181.0,85352148.0,59.9937,INDETERMINATE,164,0,data/test/3sat/400/3sat_67.cnf,0.0048840045928955,0.0979009999999999,0.2780952453613281,0.2829792499542236,60.37458024995422,3sat_67.cnf,old_compact,Old Compact,1,False,True,runs/analysis/full400_seed_robustness/raw/old_compact/seed1.csv
165,2.0,1393329.0,1594697.0,78375578.0,59.9816,INDETERMINATE,165,0,data/test/3sat/400/3sat_68.cnf,0.0048840045928955,0.082812,0.2780952453613281,0.2829792499542236,60.34739124995422,3sat_68.cnf,old_compact,Old Compact,1,False,True,runs/analysis/full400_seed_robustness/raw/old_compact/seed1.csv
166,2.0,1470797.0,1685049.0,86499064.0,59.9865,INDETERMINATE,166,0,data/test/3sat/400/3sat_69.cnf,0.0048840045928955,0.078859,0.2780952453613281,0.2829792499542236,60.348338249954224,3sat_69.cnf,old_compact,Old Compact,1,False,True,runs/analysis/full400_seed_robustness/raw/old_compact/seed1.csv
167,2.0,1508674.0,1702956.0,83509876.0,59.9793,INDETERMINATE,167,0,data/test/3sat/400/3sat_7.cnf,0.0048840045928955,0.065662,0.2780952453613281,0.2829792499542236,60.32794124995423,3sat_7.cnf,old_compact,Old Compact,1,False,True,runs/analysis/full400_seed_robustness/raw/old_compact/seed1.csv
168,1.0,2512.0,3124.0,152890.0,0.040343,SATISFIABLE,168,0,data/test/3sat/400/3sat_70.cnf,0.0048840045928955,0.080823,0.2780952453613281,0.2829792499542236,0.4041452499542236,3sat_70.cnf,old_compact,Old Compact,1,True,False,runs/analysis/full400_seed_robustness/raw/old_compact/seed1.csv
169,2.0,1429318.0,1638370.0,81180582.0,59.9862,INDETERMINATE,169,0,data/test/3sat/400/3sat_71.cnf,0.0048840045928955,0.0690649999999999,0.2780952453613281,0.2829792499542236,60.33824424995422,3sat_71.cnf,old_compact,Old Compact,1,False,True,runs/analysis/full400_seed_robustness/raw/old_compact/seed1.csv
170,2.0,1482358.0,1696314.0,83389167.0,59.9921,INDETERMINATE,170,0,data/test/3sat/400/3sat_72.cnf,0.0044090747833251,0.0724249999999999,0.2851102352142334,0.2895193099975586,60.35404430999756,3sat_72.cnf,old_compact,Old Compact,1,False,True,runs/analysis/full400_seed_robustness/raw/old_compact/seed1.csv
171,2.0,1500253.0,1709815.0,85874564.0,59.984,INDETERMINATE,171,0,data/test/3sat/400/3sat_73.cnf,0.0044090747833251,0.066523,0.2851102352142334,0.2895193099975586,60.34004230999756,3sat_73.cnf,old_compact,Old Compact,1,False,True,runs/analysis/full400_seed_robustness/raw/old_compact/seed1.csv
172,2.0,1426898.0,1642945.0,80302810.0,59.9779,INDETERMINATE,172,0,data/test/3sat/400/3sat_74.cnf,0.0044090747833251,0.081126,0.2851102352142334,0.2895193099975586,60.348545309997554,3sat_74.cnf,old_compact,Old Compact,1,False,True,runs/analysis/full400_seed_robustness/raw/old_compact/seed1.csv
173,2.0,1355925.0,1554264.0,73652033.0,59.983,INDETERMINATE,173,0,data/test/3sat/400/3sat_75.cnf,0.0044090747833251,0.074206,0.2851102352142334,0.2895193099975586,60.34672530999755,3sat_75.cnf,old_compact,Old Compact,1,False,True,runs/analysis/full400_seed_robustness/raw/old_compact/seed1.csv
174,2.0,1468792.0,1670783.0,85670899.0,59.9889,INDETERMINATE,174,0,data/test/3sat/400/3sat_76.cnf,0.0044090747833251,0.074367,0.2851102352142334,0.2895193099975586,60.35278630999756,3sat_76.cnf,old_compact,Old Compact,1,False,True,runs/analysis/full400_seed_robustness/raw/old_compact/seed1.csv
175,2.0,1499073.0,1709868.0,84163138.0,59.9762,INDETERMINATE,175,0,data/test/3sat/400/3sat_77.cnf,0.0044090747833251,0.082372,0.2851102352142334,0.2895193099975586,60.34809130999756,3sat_77.cnf,old_compact,Old Compact,1,False,True,runs/analysis/full400_seed_robustness/raw/old_compact/seed1.csv
176,2.0,1468817.0,1673219.0,80590150.0,59.9987,INDETERMINATE,176,0,data/test/3sat/400/3sat_78.cnf,0.0044090747833251,0.07207,0.2851102352142334,0.2895193099975586,60.36028930999756,3sat_78.cnf,old_compact,Old Compact,1,False,True,runs/analysis/full400_seed_robustness/raw/old_compact/seed1.csv
177,2.0,1419091.0,1622389.0,77944877.0,59.9771,INDETERMINATE,177,0,data/test/3sat/400/3sat_79.cnf,0.0044090747833251,0.081741,0.2851102352142334,0.2895193099975586,60.34836030999756,3sat_79.cnf,old_compact,Old Compact,1,False,True,runs/analysis/full400_seed_robustness/raw/old_compact/seed1.csv
178,2.0,1446782.0,1644354.0,83701390.0,59.99,INDETERMINATE,178,0,data/test/3sat/400/3sat_8.cnf,0.0044090747833251,0.067457,0.2851102352142334,0.2895193099975586,60.34697630999756,3sat_8.cnf,old_compact,Old Compact,1,False,True,runs/analysis/full400_seed_robustness/raw/old_compact/seed1.csv
179,2.0,1469548.0,1694002.0,84801171.0,59.9714,INDETERMINATE,179,0,data/test/3sat/400/3sat_80.cnf,0.0044090747833251,0.08093,0.2851102352142334,0.2895193099975586,60.34184930999756,3sat_80.cnf,old_compact,Old Compact,1,False,True,runs/analysis/full400_seed_robustness/raw/old_compact/seed1.csv
180,2.0,1437564.0,1626055.0,80301004.0,59.9699,INDETERMINATE,180,0,data/test/3sat/400/3sat_81.cnf,0.0044081211090087,0.075428,0.3066625595092773,0.3110706806182861,60.35639868061829,3sat_81.cnf,old_compact,Old Compact,1,False,True,runs/analysis/full400_seed_robustness/raw/old_compact/seed1.csv
181,2.0,1090841.0,1251869.0,62339209.0,43.9977,SATISFIABLE,181,0,data/test/3sat/400/3sat_82.cnf,0.0044081211090087,0.081693,0.3066625595092773,0.3110706806182861,44.39046368061829,3sat_82.cnf,old_compact,Old Compact,1,True,False,runs/analysis/full400_seed_robustness/raw/old_compact/seed1.csv
182,2.0,1426193.0,1627098.0,79825125.0,59.9765,INDETERMINATE,182,0,data/test/3sat/400/3sat_83.cnf,0.0044081211090087,0.082357,0.3066625595092773,0.3110706806182861,60.36992768061829,3sat_83.cnf,old_compact,Old Compact,1,False,True,runs/analysis/full400_seed_robustness/raw/old_compact/seed1.csv
183,2.0,1363486.0,1560349.0,77945687.0,59.9838,INDETERMINATE,183,0,data/test/3sat/400/3sat_84.cnf,0.0044081211090087,0.080095,0.3066625595092773,0.3110706806182861,60.37496568061829,3sat_84.cnf,old_compact,Old Compact,1,False,True,runs/analysis/full400_seed_robustness/raw/old_compact/seed1.csv
184,1.0,27518.0,32278.0,1663386.0,0.806622,SATISFIABLE,184,0,data/test/3sat/400/3sat_85.cnf,0.0044081211090087,0.069973,0.3066625595092773,0.3110706806182861,1.187665680618286,3sat_85.cnf,old_compact,Old Compact,1,True,False,runs/analysis/full400_seed_robustness/raw/old_compact/seed1.csv
185,1.0,84037.0,97892.0,5195664.0,3.25252,SATISFIABLE,185,0,data/test/3sat/400/3sat_86.cnf,0.0044081211090087,0.085772,0.3066625595092773,0.3110706806182861,3.649362680618286,3sat_86.cnf,old_compact,Old Compact,1,True,False,runs/analysis/full400_seed_robustness/raw/old_compact/seed1.csv
186,2.0,1343863.0,1535402.0,76678395.0,59.9808,INDETERMINATE,186,0,data/test/3sat/400/3sat_87.cnf,0.0044081211090087,0.070324,0.3066625595092773,0.3110706806182861,60.36219468061829,3sat_87.cnf,old_compact,Old Compact,1,False,True,runs/analysis/full400_seed_robustness/raw/old_compact/seed1.csv
187,1.0,10969.0,13071.0,671709.0,0.245832,SATISFIABLE,187,0,data/test/3sat/400/3sat_88.cnf,0.0044081211090087,0.073213,0.3066625595092773,0.3110706806182861,0.6301156806182862,3sat_88.cnf,old_compact,Old Compact,1,True,False,runs/analysis/full400_seed_robustness/raw/old_compact/seed1.csv
188,1.0,8641.0,10334.0,538222.0,0.190522,SATISFIABLE,188,0,data/test/3sat/400/3sat_89.cnf,0.0044081211090087,0.076206,0.3066625595092773,0.3110706806182861,0.5777986806182861,3sat_89.cnf,old_compact,Old Compact,1,True,False,runs/analysis/full400_seed_robustness/raw/old_compact/seed1.csv
189,2.0,1484643.0,1691089.0,85350843.0,59.9881,INDETERMINATE,189,0,data/test/3sat/400/3sat_9.cnf,0.0044081211090087,0.0667939999999999,0.3066625595092773,0.3110706806182861,60.36596468061829,3sat_9.cnf,old_compact,Old Compact,1,False,True,runs/analysis/full400_seed_robustness/raw/old_compact/seed1.csv
190,2.0,1406000.0,1620906.0,82191666.0,59.9536,INDETERMINATE,190,0,data/test/3sat/400/3sat_90.cnf,0.0054531097412109,0.079895,0.3221485614776611,0.327601671218872,60.36109667121888,3sat_90.cnf,old_compact,Old Compact,1,False,True,runs/analysis/full400_seed_robustness/raw/old_compact/seed1.csv
191,1.0,10042.0,11941.0,654479.0,0.227304,SATISFIABLE,191,0,data/test/3sat/400/3sat_91.cnf,0.0054531097412109,0.080521,0.3221485614776611,0.327601671218872,0.6354266712188721,3sat_91.cnf,old_compact,Old Compact,1,True,False,runs/analysis/full400_seed_robustness/raw/old_compact/seed1.csv
192,2.0,253822.0,290337.0,15713394.0,8.73613,SATISFIABLE,192,0,data/test/3sat/400/3sat_92.cnf,0.0054531097412109,0.073353,0.3221485614776611,0.327601671218872,9.137084671218872,3sat_92.cnf,old_compact,Old Compact,1,True,False,runs/analysis/full400_seed_robustness/raw/old_compact/seed1.csv
193,2.0,677111.0,783227.0,41044151.0,26.0745,SATISFIABLE,193,0,data/test/3sat/400/3sat_93.cnf,0.0054531097412109,0.087562,0.3221485614776611,0.327601671218872,26.48966367121887,3sat_93.cnf,old_compact,Old Compact,1,True,False,runs/analysis/full400_seed_robustness/raw/old_compact/seed1.csv
194,1.0,53988.0,62131.0,3367378.0,1.72265,SATISFIABLE,194,0,data/test/3sat/400/3sat_94.cnf,0.0054531097412109,0.066098,0.3221485614776611,0.327601671218872,2.116349671218872,3sat_94.cnf,old_compact,Old Compact,1,True,False,runs/analysis/full400_seed_robustness/raw/old_compact/seed1.csv
195,2.0,1413718.0,1609827.0,79201504.0,59.9872,INDETERMINATE,195,0,data/test/3sat/400/3sat_95.cnf,0.0054531097412109,0.073722,0.3221485614776611,0.327601671218872,60.38852367121887,3sat_95.cnf,old_compact,Old Compact,1,False,True,runs/analysis/full400_seed_robustness/raw/old_compact/seed1.csv
196,1.0,3109.0,3849.0,199282.0,0.050891,SATISFIABLE,196,0,data/test/3sat/400/3sat_96.cnf,0.0054531097412109,0.090921,0.3221485614776611,0.327601671218872,0.469413671218872,3sat_96.cnf,old_compact,Old Compact,1,True,False,runs/analysis/full400_seed_robustness/raw/old_compact/seed1.csv
197,2.0,425291.0,491074.0,25526527.0,14.3127,SATISFIABLE,197,0,data/test/3sat/400/3sat_97.cnf,0.0054531097412109,0.076551,0.3221485614776611,0.327601671218872,14.716852671218872,3sat_97.cnf,old_compact,Old Compact,1,True,False,runs/analysis/full400_seed_robustness/raw/old_compact/seed1.csv
198,2.0,1478429.0,1675720.0,83343277.0,59.9684,INDETERMINATE,198,0,data/test/3sat/400/3sat_98.cnf,0.0054531097412109,0.080273,0.3221485614776611,0.327601671218872,60.37627467121887,3sat_98.cnf,old_compact,Old Compact,1,False,True,runs/analysis/full400_seed_robustness/raw/old_compact/seed1.csv
199,2.0,1505887.0,1718565.0,83066913.0,59.9894,INDETERMINATE,199,0,data/test/3sat/400/3sat_99.cnf,0.0054531097412109,0.066601,0.3221485614776611,0.327601671218872,60.38360267121888,3sat_99.cnf,old_compact,Old Compact,1,False,True,runs/analysis/full400_seed_robustness/raw/old_compact/seed1.csv
0,2.0,1442413.0,1646069.0,80422947.0,59.9809,INDETERMINATE,0,0,data/test/3sat/400/3sat_0.cnf,0.0062925815582275,0.082855,0.3210806846618652,0.3273732662200928,60.39112826622009,3sat_0.cnf,local_reopen_guarded,+ Local Boundary Correction,1,False,True,runs/analysis/full400_seed_robustness/raw/local_reopen_guarded/seed1.csv
1,1.0,73715.0,85712.0,4316774.0,2.81284,SATISFIABLE,1,0,data/test/3sat/400/3sat_1.cnf,0.0062925815582275,0.087599,0.3210806846618652,0.3273732662200928,3.2278122662200928,3sat_1.cnf,local_reopen_guarded,+ Local Boundary Correction,1,True,False,runs/analysis/full400_seed_robustness/raw/local_reopen_guarded/seed1.csv
2,2.0,1514518.0,1729079.0,85447406.0,59.9678,INDETERMINATE,2,0,data/test/3sat/400/3sat_10.cnf,0.0062925815582275,0.094216,0.3210806846618652,0.3273732662200928,60.38938926622009,3sat_10.cnf,local_reopen_guarded,+ Local Boundary Correction,1,False,True,runs/analysis/full400_seed_robustness/raw/local_reopen_guarded/seed1.csv
3,1.0,3392.0,4166.0,213902.0,0.062311,SATISFIABLE,3,0,data/test/3sat/400/3sat_100.cnf,0.0062925815582275,0.097075,0.3210806846618652,0.3273732662200928,0.4867592662200928,3sat_100.cnf,local_reopen_guarded,+ Local Boundary Correction,1,True,False,runs/analysis/full400_seed_robustness/raw/local_reopen_guarded/seed1.csv
4,2.0,1510060.0,1725722.0,84793394.0,59.9629,INDETERMINATE,4,0,data/test/3sat/400/3sat_101.cnf,0.0062925815582275,0.100511,0.3210806846618652,0.3273732662200928,60.39078426622009,3sat_101.cnf,local_reopen_guarded,+ Local Boundary Correction,1,False,True,runs/analysis/full400_seed_robustness/raw/local_reopen_guarded/seed1.csv
5,2.0,1494633.0,1729041.0,85467044.0,59.9482,INDETERMINATE,5,0,data/test/3sat/400/3sat_102.cnf,0.0062925815582275,0.091158,0.3210806846618652,0.3273732662200928,60.36673126622009,3sat_102.cnf,local_reopen_guarded,+ Local Boundary Correction,1,False,True,runs/analysis/full400_seed_robustness/raw/local_reopen_guarded/seed1.csv
6,2.0,1483009.0,1711195.0,85423793.0,59.9784,INDETERMINATE,6,0,data/test/3sat/400/3sat_103.cnf,0.0062925815582275,0.100917,0.3210806846618652,0.3273732662200928,60.406690266220096,3sat_103.cnf,local_reopen_guarded,+ Local Boundary Correction,1,False,True,runs/analysis/full400_seed_robustness/raw/local_reopen_guarded/seed1.csv
7,2.0,1460907.0,1668979.0,81222136.0,59.9645,INDETERMINATE,7,0,data/test/3sat/400/3sat_104.cnf,0.0062925815582275,0.083373,0.3210806846618652,0.3273732662200928,60.375246266220095,3sat_104.cnf,local_reopen_guarded,+ Local Boundary Correction,1,False,True,runs/analysis/full400_seed_robustness/raw/local_reopen_guarded/seed1.csv
8,2.0,1534035.0,1745213.0,87771649.0,59.9824,INDETERMINATE,8,0,data/test/3sat/400/3sat_105.cnf,0.0062925815582275,0.099197,0.3210806846618652,0.3273732662200928,60.40897026622009,3sat_105.cnf,local_reopen_guarded,+ Local Boundary Correction,1,False,True,runs/analysis/full400_seed_robustness/raw/local_reopen_guarded/seed1.csv
9,2.0,1420048.0,1624070.0,79134752.0,59.9848,INDETERMINATE,9,0,data/test/3sat/400/3sat_106.cnf,0.0062925815582275,0.090932,0.3210806846618652,0.3273732662200928,60.403105266220095,3sat_106.cnf,local_reopen_guarded,+ Local Boundary Correction,1,False,True,runs/analysis/full400_seed_robustness/raw/local_reopen_guarded/seed1.csv
10,2.0,1388742.0,1595645.0,79205069.0,59.9787,INDETERMINATE,10,0,data/test/3sat/400/3sat_107.cnf,0.0043880939483642,0.088515,0.3102030754089355,0.3145911693572998,60.3818061693573,3sat_107.cnf,local_reopen_guarded,+ Local Boundary Correction,1,False,True,runs/analysis/full400_seed_robustness/raw/local_reopen_guarded/seed1.csv
11,2.0,1476897.0,1701272.0,82706497.0,59.9842,INDETERMINATE,11,0,data/test/3sat/400/3sat_108.cnf,0.0043880939483642,0.090396,0.3102030754089355,0.3145911693572998,60.3891871693573,3sat_108.cnf,local_reopen_guarded,+ Local Boundary Correction,1,False,True,runs/analysis/full400_seed_robustness/raw/local_reopen_guarded/seed1.csv
12,2.0,1537497.0,1761702.0,86114100.0,59.9752,INDETERMINATE,12,0,data/test/3sat/400/3sat_109.cnf,0.0043880939483642,0.106251,0.3102030754089355,0.3145911693572998,60.3960421693573,3sat_109.cnf,local_reopen_guarded,+ Local Boundary Correction,1,False,True,runs/analysis/full400_seed_robustness/raw/local_reopen_guarded/seed1.csv
13,1.0,40661.0,47692.0,2496556.0,1.41825,SATISFIABLE,13,0,data/test/3sat/400/3sat_11.cnf,0.0043880939483642,0.0921589999999999,0.3102030754089355,0.3145911693572998,1.8250001693573,3sat_11.cnf,local_reopen_guarded,+ Local Boundary Correction,1,True,False,runs/analysis/full400_seed_robustness/raw/local_reopen_guarded/seed1.csv
14,2.0,1492156.0,1712347.0,86280400.0,59.9766,INDETERMINATE,14,0,data/test/3sat/400/3sat_110.cnf,0.0043880939483642,0.099368,0.3102030754089355,0.3145911693572998,60.390559169357296,3sat_110.cnf,local_reopen_guarded,+ Local Boundary Correction,1,False,True,runs/analysis/full400_seed_robustness/raw/local_reopen_guarded/seed1.csv
15,2.0,1459181.0,1673944.0,85193143.0,59.9824,INDETERMINATE,15,0,data/test/3sat/400/3sat_111.cnf,0.0043880939483642,0.101533,0.3102030754089355,0.3145911693572998,60.3985241693573,3sat_111.cnf,local_reopen_guarded,+ Local Boundary Correction,1,False,True,runs/analysis/full400_seed_robustness/raw/local_reopen_guarded/seed1.csv
16,2.0,1527381.0,1735633.0,88287088.0,59.9775,INDETERMINATE,16,0,data/test/3sat/400/3sat_112.cnf,0.0043880939483642,0.093604,0.3102030754089355,0.3145911693572998,60.3856951693573,3sat_112.cnf,local_reopen_guarded,+ Local Boundary Correction,1,False,True,runs/analysis/full400_seed_robustness/raw/local_reopen_guarded/seed1.csv
17,2.0,1403354.0,1592392.0,80477698.0,59.9794,INDETERMINATE,17,0,data/test/3sat/400/3sat_113.cnf,0.0043880939483642,0.097097,0.3102030754089355,0.3145911693572998,60.391088169357296,3sat_113.cnf,local_reopen_guarded,+ Local Boundary Correction,1,False,True,runs/analysis/full400_seed_robustness/raw/local_reopen_guarded/seed1.csv
18,2.0,1481828.0,1701609.0,83816409.0,59.963,INDETERMINATE,18,0,data/test/3sat/400/3sat_114.cnf,0.0043880939483642,0.092527,0.3102030754089355,0.3145911693572998,60.3701181693573,3sat_114.cnf,local_reopen_guarded,+ Local Boundary Correction,1,False,True,runs/analysis/full400_seed_robustness/raw/local_reopen_guarded/seed1.csv
19,2.0,1394811.0,1592698.0,78801422.0,59.9478,INDETERMINATE,19,0,data/test/3sat/400/3sat_115.cnf,0.0043880939483642,0.101896,0.3102030754089355,0.3145911693572998,60.3642871693573,3sat_115.cnf,local_reopen_guarded,+ Local Boundary Correction,1,False,True,runs/analysis/full400_seed_robustness/raw/local_reopen_guarded/seed1.csv
20,2.0,1474954.0,1678968.0,82358838.0,59.9799,INDETERMINATE,20,0,data/test/3sat/400/3sat_116.cnf,0.0053601264953613,0.1032339999999999,0.3327014446258545,0.3380615711212158,60.42119557112122,3sat_116.cnf,local_reopen_guarded,+ Local Boundary Correction,1,False,True,runs/analysis/full400_seed_robustness/raw/local_reopen_guarded/seed1.csv
21,2.0,1492908.0,1709186.0,83397870.0,59.9738,INDETERMINATE,21,0,data/test/3sat/400/3sat_117.cnf,0.0053601264953613,0.080424,0.3327014446258545,0.3380615711212158,60.392285571121214,3sat_117.cnf,local_reopen_guarded,+ Local Boundary Correction,1,False,True,runs/analysis/full400_seed_robustness/raw/local_reopen_guarded/seed1.csv
22,2.0,1472864.0,1683783.0,82856865.0,59.9944,INDETERMINATE,22,0,data/test/3sat/400/3sat_118.cnf,0.0053601264953613,0.102353,0.3327014446258545,0.3380615711212158,60.434814571121215,3sat_118.cnf,local_reopen_guarded,+ Local Boundary Correction,1,False,True,runs/analysis/full400_seed_robustness/raw/local_reopen_guarded/seed1.csv
23,2.0,1529412.0,1748712.0,84578270.0,59.992,INDETERMINATE,23,0,data/test/3sat/400/3sat_119.cnf,0.0053601264953613,0.082411,0.3327014446258545,0.3380615711212158,60.412472571121214,3sat_119.cnf,local_reopen_guarded,+ Local Boundary Correction,1,False,True,runs/analysis/full400_seed_robustness/raw/local_reopen_guarded/seed1.csv
24,2.0,1453253.0,1661888.0,81594888.0,59.9892,INDETERMINATE,24,0,data/test/3sat/400/3sat_12.cnf,0.0053601264953613,0.08215,0.3327014446258545,0.3380615711212158,60.40941157112121,3sat_12.cnf,local_reopen_guarded,+ Local Boundary Correction,1,False,True,runs/analysis/full400_seed_robustness/raw/local_reopen_guarded/seed1.csv
25,1.0,23077.0,27394.0,1439359.0,0.675185,SATISFIABLE,25,0,data/test/3sat/400/3sat_120.cnf,0.0053601264953613,0.097103,0.3327014446258545,0.3380615711212158,1.110349571121216,3sat_120.cnf,local_reopen_guarded,+ Local Boundary Correction,1,True,False,runs/analysis/full400_seed_robustness/raw/local_reopen_guarded/seed1.csv
26,1.0,47329.0,54623.0,2823769.0,1.37934,SATISFIABLE,26,0,data/test/3sat/400/3sat_121.cnf,0.0053601264953613,0.0976249999999999,0.3327014446258545,0.3380615711212158,1.815026571121216,3sat_121.cnf,local_reopen_guarded,+ Local Boundary Correction,1,True,False,runs/analysis/full400_seed_robustness/raw/local_reopen_guarded/seed1.csv
27,2.0,1507371.0,1724413.0,86168505.0,59.972,INDETERMINATE,27,0,data/test/3sat/400/3sat_122.cnf,0.0053601264953613,0.084895,0.3327014446258545,0.3380615711212158,60.39495657112122,3sat_122.cnf,local_reopen_guarded,+ Local Boundary Correction,1,False,True,runs/analysis/full400_seed_robustness/raw/local_reopen_guarded/seed1.csv
28,2.0,1503273.0,1710197.0,85611068.0,59.9847,INDETERMINATE,28,0,data/test/3sat/400/3sat_123.cnf,0.0053601264953613,0.0952109999999999,0.3327014446258545,0.3380615711212158,60.41797257112121,3sat_123.cnf,local_reopen_guarded,+ Local Boundary Correction,1,False,True,runs/analysis/full400_seed_robustness/raw/local_reopen_guarded/seed1.csv
29,1.0,654.0,900.0,43163.0,0.021291,SATISFIABLE,29,0,data/test/3sat/400/3sat_124.cnf,0.0053601264953613,0.061553,0.3327014446258545,0.3380615711212158,0.4209055711212158,3sat_124.cnf,local_reopen_guarded,+ Local Boundary Correction,1,True,False,runs/analysis/full400_seed_robustness/raw/local_reopen_guarded/seed1.csv
30,1.0,87018.0,101016.0,5296049.0,3.13799,SATISFIABLE,30,0,data/test/3sat/400/3sat_125.cnf,0.0051624774932861,0.085137,0.310126781463623,0.3152892589569092,3.538416258956909,3sat_125.cnf,local_reopen_guarded,+ Local Boundary Correction,1,True,False,runs/analysis/full400_seed_robustness/raw/local_reopen_guarded/seed1.csv
31,2.0,1480310.0,1692583.0,84882901.0,59.9731,INDETERMINATE,31,0,data/test/3sat/400/3sat_126.cnf,0.0051624774932861,0.08745,0.310126781463623,0.3152892589569092,60.37583925895691,3sat_126.cnf,local_reopen_guarded,+ Local Boundary Correction,1,False,True,runs/analysis/full400_seed_robustness/raw/local_reopen_guarded/seed1.csv
32,2.0,1442091.0,1669255.0,84380955.0,59.9765,INDETERMINATE,32,0,data/test/3sat/400/3sat_127.cnf,0.0051624774932861,0.093358,0.310126781463623,0.3152892589569092,60.38514725895691,3sat_127.cnf,local_reopen_guarded,+ Local Boundary Correction,1,False,True,runs/analysis/full400_seed_robustness/raw/local_reopen_guarded/seed1.csv
33,2.0,238642.0,275833.0,14368684.0,8.23898,SATISFIABLE,33,0,data/test/3sat/400/3sat_128.cnf,0.0051624774932861,0.106961,0.310126781463623,0.3152892589569092,8.661230258956909,3sat_128.cnf,local_reopen_guarded,+ Local Boundary Correction,1,True,False,runs/analysis/full400_seed_robustness/raw/local_reopen_guarded/seed1.csv
34,1.0,28034.0,33114.0,1750425.0,0.765371,SATISFIABLE,34,0,data/test/3sat/400/3sat_129.cnf,0.0051624774932861,0.09135,0.310126781463623,0.3152892589569092,1.1720102589569092,3sat_129.cnf,local_reopen_guarded,+ Local Boundary Correction,1,True,False,runs/analysis/full400_seed_robustness/raw/local_reopen_guarded/seed1.csv
35,2.0,1474573.0,1686578.0,85984408.0,59.9871,INDETERMINATE,35,0,data/test/3sat/400/3sat_13.cnf,0.0051624774932861,0.102609,0.310126781463623,0.3152892589569092,60.40499825895691,3sat_13.cnf,local_reopen_guarded,+ Local Boundary Correction,1,False,True,runs/analysis/full400_seed_robustness/raw/local_reopen_guarded/seed1.csv
36,2.0,121568.0,139021.0,7304329.0,4.32683,SATISFIABLE,36,0,data/test/3sat/400/3sat_130.cnf,0.0051624774932861,0.089112,0.310126781463623,0.3152892589569092,4.731231258956909,3sat_130.cnf,local_reopen_guarded,+ Local Boundary Correction,1,True,False,runs/analysis/full400_seed_robustness/raw/local_reopen_guarded/seed1.csv
37,1.0,82086.0,96037.0,5035591.0,3.21131,SATISFIABLE,37,0,data/test/3sat/400/3sat_131.cnf,0.0051624774932861,0.096555,0.310126781463623,0.3152892589569092,3.623154258956909,3sat_131.cnf,local_reopen_guarded,+ Local Boundary Correction,1,True,False,runs/analysis/full400_seed_robustness/raw/local_reopen_guarded/seed1.csv
38,1.0,2692.0,3354.0,172420.0,0.054175,SATISFIABLE,38,0,data/test/3sat/400/3sat_132.cnf,0.0051624774932861,0.0964879999999999,0.310126781463623,0.3152892589569092,0.4659522589569091,3sat_132.cnf,local_reopen_guarded,+ Local Boundary Correction,1,True,False,runs/analysis/full400_seed_robustness/raw/local_reopen_guarded/seed1.csv
39,2.0,1423465.0,1645801.0,82898172.0,59.9852,INDETERMINATE,39,0,data/test/3sat/400/3sat_133.cnf,0.0051624774932861,0.086544,0.310126781463623,0.3152892589569092,60.38703325895691,3sat_133.cnf,local_reopen_guarded,+ Local Boundary Correction,1,False,True,runs/analysis/full400_seed_robustness/raw/local_reopen_guarded/seed1.csv
40,2.0,1431256.0,1638176.0,80036354.0,59.9792,INDETERMINATE,40,0,data/test/3sat/400/3sat_134.cnf,0.0053703784942626,0.096511,0.326322078704834,0.3316924571990967,60.407403457199095,3sat_134.cnf,local_reopen_guarded,+ Local Boundary Correction,1,False,True,runs/analysis/full400_seed_robustness/raw/local_reopen_guarded/seed1.csv
41,2.0,1567845.0,1784475.0,87505389.0,59.9978,INDETERMINATE,41,0,data/test/3sat/400/3sat_135.cnf,0.0053703784942626,0.099797,0.326322078704834,0.3316924571990967,60.4292894571991,3sat_135.cnf,local_reopen_guarded,+ Local Boundary Correction,1,False,True,runs/analysis/full400_seed_robustness/raw/local_reopen_guarded/seed1.csv
42,2.0,1442093.0,1653816.0,84651738.0,59.9693,INDETERMINATE,42,0,data/test/3sat/400/3sat_136.cnf,0.0053703784942626,0.100649,0.326322078704834,0.3316924571990967,60.40164145719909,3sat_136.cnf,local_reopen_guarded,+ Local Boundary Correction,1,False,True,runs/analysis/full400_seed_robustness/raw/local_reopen_guarded/seed1.csv
43,2.0,1472159.0,1668837.0,79465949.0,59.9713,INDETERMINATE,43,0,data/test/3sat/400/3sat_137.cnf,0.0053703784942626,0.098524,0.326322078704834,0.3316924571990967,60.40151645719909,3sat_137.cnf,local_reopen_guarded,+ Local Boundary Correction,1,False,True,runs/analysis/full400_seed_robustness/raw/local_reopen_guarded/seed1.csv
44,2.0,1541933.0,1754229.0,89105182.0,59.9765,INDETERMINATE,44,0,data/test/3sat/400/3sat_138.cnf,0.0053703784942626,0.085334,0.326322078704834,0.3316924571990967,60.3935264571991,3sat_138.cnf,local_reopen_guarded,+ Local Boundary Correction,1,False,True,runs/analysis/full400_seed_robustness/raw/local_reopen_guarded/seed1.csv
45,2.0,1506242.0,1731299.0,86065244.0,59.9779,INDETERMINATE,45,0,data/test/3sat/400/3sat_139.cnf,0.0053703784942626,0.0930699999999999,0.326322078704834,0.3316924571990967,60.40266245719909,3sat_139.cnf,local_reopen_guarded,+ Local Boundary Correction,1,False,True,runs/analysis/full400_seed_robustness/raw/local_reopen_guarded/seed1.csv
46,2.0,133587.0,154405.0,8365184.0,5.28274,SATISFIABLE,46,0,data/test/3sat/400/3sat_14.cnf,0.0053703784942626,0.094698,0.326322078704834,0.3316924571990967,5.709130457199097,3sat_14.cnf,local_reopen_guarded,+ Local Boundary Correction,1,True,False,runs/analysis/full400_seed_robustness/raw/local_reopen_guarded/seed1.csv
47,2.0,135171.0,155254.0,8243385.0,4.87209,SATISFIABLE,47,0,data/test/3sat/400/3sat_140.cnf,0.0053703784942626,0.096612,0.326322078704834,0.3316924571990967,5.300394457199097,3sat_140.cnf,local_reopen_guarded,+ Local Boundary Correction,1,True,False,runs/analysis/full400_seed_robustness/raw/local_reopen_guarded/seed1.csv
48,1.0,71109.0,82102.0,4299119.0,2.94993,SATISFIABLE,48,0,data/test/3sat/400/3sat_141.cnf,0.0053703784942626,0.092556,0.326322078704834,0.3316924571990967,3.374178457199097,3sat_141.cnf,local_reopen_guarded,+ Local Boundary Correction,1,True,False,runs/analysis/full400_seed_robustness/raw/local_reopen_guarded/seed1.csv
49,1.0,61037.0,70865.0,3765471.0,2.01882,SATISFIABLE,49,0,data/test/3sat/400/3sat_142.cnf,0.0053703784942626,0.0951799999999999,0.326322078704834,0.3316924571990967,2.445692457199097,3sat_142.cnf,local_reopen_guarded,+ Local Boundary Correction,1,True,False,runs/analysis/full400_seed_robustness/raw/local_reopen_guarded/seed1.csv
50,2.0,1440493.0,1654283.0,82831293.0,59.9797,INDETERMINATE,50,0,data/test/3sat/400/3sat_143.cnf,0.0048768520355224,0.092656,0.3883945941925049,0.3932714462280273,60.46562744622803,3sat_143.cnf,local_reopen_guarded,+ Local Boundary Correction,1,False,True,runs/analysis/full400_seed_robustness/raw/local_reopen_guarded/seed1.csv
51,2.0,1373614.0,1560518.0,76538807.0,59.9511,INDETERMINATE,51,0,data/test/3sat/400/3sat_144.cnf,0.0048768520355224,0.0877169999999999,0.3883945941925049,0.3932714462280273,60.43208844622802,3sat_144.cnf,local_reopen_guarded,+ Local Boundary Correction,1,False,True,runs/analysis/full400_seed_robustness/raw/local_reopen_guarded/seed1.csv
52,2.0,1403422.0,1622966.0,80254429.0,59.9832,INDETERMINATE,52,0,data/test/3sat/400/3sat_145.cnf,0.0048768520355224,0.093474,0.3883945941925049,0.3932714462280273,60.46994544622802,3sat_145.cnf,local_reopen_guarded,+ Local Boundary Correction,1,False,True,runs/analysis/full400_seed_robustness/raw/local_reopen_guarded/seed1.csv
53,2.0,1457884.0,1668802.0,81819793.0,59.9981,INDETERMINATE,53,0,data/test/3sat/400/3sat_146.cnf,0.0048768520355224,0.088904,0.3883945941925049,0.3932714462280273,60.48027544622803,3sat_146.cnf,local_reopen_guarded,+ Local Boundary Correction,1,False,True,runs/analysis/full400_seed_robustness/raw/local_reopen_guarded/seed1.csv
54,2.0,392510.0,450448.0,23393708.0,12.8915,SATISFIABLE,54,0,data/test/3sat/400/3sat_147.cnf,0.0048768520355224,0.082471,0.3883945941925049,0.3932714462280273,13.367242446228028,3sat_147.cnf,local_reopen_guarded,+ Local Boundary Correction,1,True,False,runs/analysis/full400_seed_robustness/raw/local_reopen_guarded/seed1.csv
55,2.0,1503574.0,1727658.0,87854605.0,59.9736,INDETERMINATE,55,0,data/test/3sat/400/3sat_148.cnf,0.0048768520355224,0.102375,0.3883945941925049,0.3932714462280273,60.46924644622803,3sat_148.cnf,local_reopen_guarded,+ Local Boundary Correction,1,False,True,runs/analysis/full400_seed_robustness/raw/local_reopen_guarded/seed1.csv
56,1.0,97366.0,112279.0,5819460.0,3.77533,SATISFIABLE,56,0,data/test/3sat/400/3sat_149.cnf,0.0048768520355224,0.079258,0.3883945941925049,0.3932714462280273,4.247859446228027,3sat_149.cnf,local_reopen_guarded,+ Local Boundary Correction,1,True,False,runs/analysis/full400_seed_robustness/raw/local_reopen_guarded/seed1.csv
57,2.0,1473299.0,1674370.0,83793306.0,59.9867,INDETERMINATE,57,0,data/test/3sat/400/3sat_15.cnf,0.0048768520355224,0.088279,0.3883945941925049,0.3932714462280273,60.468250446228026,3sat_15.cnf,local_reopen_guarded,+ Local Boundary Correction,1,False,True,runs/analysis/full400_seed_robustness/raw/local_reopen_guarded/seed1.csv
58,1.0,16970.0,19929.0,1057698.0,0.380492,SATISFIABLE,58,0,data/test/3sat/400/3sat_150.cnf,0.0048768520355224,0.087784,0.3883945941925049,0.3932714462280273,0.8615474462280274,3sat_150.cnf,local_reopen_guarded,+ Local Boundary Correction,1,True,False,runs/analysis/full400_seed_robustness/raw/local_reopen_guarded/seed1.csv
59,2.0,1432324.0,1627119.0,82622914.0,59.9879,INDETERMINATE,59,0,data/test/3sat/400/3sat_151.cnf,0.0048768520355224,0.103266,0.3883945941925049,0.3932714462280273,60.48443744622803,3sat_151.cnf,local_reopen_guarded,+ Local Boundary Correction,1,False,True,runs/analysis/full400_seed_robustness/raw/local_reopen_guarded/seed1.csv
60,2.0,1488002.0,1713385.0,83450189.0,59.9733,INDETERMINATE,60,0,data/test/3sat/400/3sat_152.cnf,0.0052549839019775,0.090012,0.3251972198486328,0.3304522037506103,60.39376420375061,3sat_152.cnf,local_reopen_guarded,+ Local Boundary Correction,1,False,True,runs/analysis/full400_seed_robustness/raw/local_reopen_guarded/seed1.csv
61,2.0,1403151.0,1599534.0,78765910.0,59.9711,INDETERMINATE,61,0,data/test/3sat/400/3sat_153.cnf,0.0052549839019775,0.092093,0.3251972198486328,0.3304522037506103,60.39364520375061,3sat_153.cnf,local_reopen_guarded,+ Local Boundary Correction,1,False,True,runs/analysis/full400_seed_robustness/raw/local_reopen_guarded/seed1.csv
62,1.0,9781.0,11606.0,611335.0,0.210269,SATISFIABLE,62,0,data/test/3sat/400/3sat_154.cnf,0.0052549839019775,0.096943,0.3251972198486328,0.3304522037506103,0.6376642037506104,3sat_154.cnf,local_reopen_guarded,+ Local Boundary Correction,1,True,False,runs/analysis/full400_seed_robustness/raw/local_reopen_guarded/seed1.csv
63,2.0,1482034.0,1688462.0,82805496.0,59.9864,INDETERMINATE,63,0,data/test/3sat/400/3sat_155.cnf,0.0052549839019775,0.092985,0.3251972198486328,0.3304522037506103,60.40983720375061,3sat_155.cnf,local_reopen_guarded,+ Local Boundary Correction,1,False,True,runs/analysis/full400_seed_robustness/raw/local_reopen_guarded/seed1.csv
64,2.0,1449693.0,1653939.0,82253697.0,59.9941,INDETERMINATE,64,0,data/test/3sat/400/3sat_156.cnf,0.0052549839019775,0.091442,0.3251972198486328,0.3304522037506103,60.41599420375061,3sat_156.cnf,local_reopen_guarded,+ Local Boundary Correction,1,False,True,runs/analysis/full400_seed_robustness/raw/local_reopen_guarded/seed1.csv
65,2.0,873297.0,1013956.0,52333641.0,34.0437,SATISFIABLE,65,0,data/test/3sat/400/3sat_157.cnf,0.0052549839019775,0.102773,0.3251972198486328,0.3304522037506103,34.47692520375061,3sat_157.cnf,local_reopen_guarded,+ Local Boundary Correction,1,True,False,runs/analysis/full400_seed_robustness/raw/local_reopen_guarded/seed1.csv
66,2.0,1474515.0,1670294.0,82059217.0,59.9936,INDETERMINATE,66,0,data/test/3sat/400/3sat_158.cnf,0.0052549839019775,0.0918799999999999,0.3251972198486328,0.3304522037506103,60.41593220375061,3sat_158.cnf,local_reopen_guarded,+ Local Boundary Correction,1,False,True,runs/analysis/full400_seed_robustness/raw/local_reopen_guarded/seed1.csv
67,2.0,1491799.0,1713175.0,85836177.0,59.9801,INDETERMINATE,67,0,data/test/3sat/400/3sat_159.cnf,0.0052549839019775,0.08351,0.3251972198486328,0.3304522037506103,60.39406220375061,3sat_159.cnf,local_reopen_guarded,+ Local Boundary Correction,1,False,True,runs/analysis/full400_seed_robustness/raw/local_reopen_guarded/seed1.csv
68,2.0,1536538.0,1745516.0,88210408.0,59.9828,INDETERMINATE,68,0,data/test/3sat/400/3sat_16.cnf,0.0052549839019775,0.093978,0.3251972198486328,0.3304522037506103,60.40723020375061,3sat_16.cnf,local_reopen_guarded,+ Local Boundary Correction,1,False,True,runs/analysis/full400_seed_robustness/raw/local_reopen_guarded/seed1.csv
69,2.0,1490399.0,1706482.0,83177700.0,59.9753,INDETERMINATE,69,0,data/test/3sat/400/3sat_160.cnf,0.0052549839019775,0.08945,0.3251972198486328,0.3304522037506103,60.39520220375061,3sat_160.cnf,local_reopen_guarded,+ Local Boundary Correction,1,False,True,runs/analysis/full400_seed_robustness/raw/local_reopen_guarded/seed1.csv
70,2.0,1543239.0,1757164.0,89277268.0,59.9839,INDETERMINATE,70,0,data/test/3sat/400/3sat_161.cnf,0.0045702457427978,0.097405,0.2786030769348144,0.2831733226776123,60.36447832267761,3sat_161.cnf,local_reopen_guarded,+ Local Boundary Correction,1,False,True,runs/analysis/full400_seed_robustness/raw/local_reopen_guarded/seed1.csv
71,2.0,1374867.0,1554918.0,77483815.0,59.9787,INDETERMINATE,71,0,data/test/3sat/400/3sat_162.cnf,0.0045702457427978,0.091044,0.2786030769348144,0.2831733226776123,60.35291732267761,3sat_162.cnf,local_reopen_guarded,+ Local Boundary Correction,1,False,True,runs/analysis/full400_seed_robustness/raw/local_reopen_guarded/seed1.csv
72,2.0,915021.0,1050086.0,53803425.0,34.733,SATISFIABLE,72,0,data/test/3sat/400/3sat_163.cnf,0.0045702457427978,0.085725,0.2786030769348144,0.2831733226776123,35.101898322677606,3sat_163.cnf,local_reopen_guarded,+ Local Boundary Correction,1,True,False,runs/analysis/full400_seed_robustness/raw/local_reopen_guarded/seed1.csv
73,2.0,1501047.0,1722648.0,87237815.0,59.971,INDETERMINATE,73,0,data/test/3sat/400/3sat_164.cnf,0.0045702457427978,0.096974,0.2786030769348144,0.2831733226776123,60.35114732267761,3sat_164.cnf,local_reopen_guarded,+ Local Boundary Correction,1,False,True,runs/analysis/full400_seed_robustness/raw/local_reopen_guarded/seed1.csv
74,1.0,1169.0,1491.0,77588.0,0.019101,SATISFIABLE,74,0,data/test/3sat/400/3sat_165.cnf,0.0045702457427978,0.111333,0.2786030769348144,0.2831733226776123,0.4136073226776123,3sat_165.cnf,local_reopen_guarded,+ Local Boundary Correction,1,True,False,runs/analysis/full400_seed_robustness/raw/local_reopen_guarded/seed1.csv
75,2.0,1563345.0,1786694.0,88233102.0,59.9862,INDETERMINATE,75,0,data/test/3sat/400/3sat_166.cnf,0.0045702457427978,0.095814,0.2786030769348144,0.2831733226776123,60.365187322677606,3sat_166.cnf,local_reopen_guarded,+ Local Boundary Correction,1,False,True,runs/analysis/full400_seed_robustness/raw/local_reopen_guarded/seed1.csv
76,2.0,399529.0,460797.0,23951550.0,12.8765,SATISFIABLE,76,0,data/test/3sat/400/3sat_167.cnf,0.0045702457427978,0.0902689999999999,0.2786030769348144,0.2831733226776123,13.249942322677612,3sat_167.cnf,local_reopen_guarded,+ Local Boundary Correction,1,True,False,runs/analysis/full400_seed_robustness/raw/local_reopen_guarded/seed1.csv
77,2.0,1409468.0,1593696.0,80705755.0,59.9825,INDETERMINATE,77,0,data/test/3sat/400/3sat_168.cnf,0.0045702457427978,0.090271,0.2786030769348144,0.2831733226776123,60.355944322677615,3sat_168.cnf,local_reopen_guarded,+ Local Boundary Correction,1,False,True,runs/analysis/full400_seed_robustness/raw/local_reopen_guarded/seed1.csv
78,2.0,1458978.0,1674751.0,84230800.0,59.9882,INDETERMINATE,78,0,data/test/3sat/400/3sat_169.cnf,0.0045702457427978,0.097884,0.2786030769348144,0.2831733226776123,60.36925732267761,3sat_169.cnf,local_reopen_guarded,+ Local Boundary Correction,1,False,True,runs/analysis/full400_seed_robustness/raw/local_reopen_guarded/seed1.csv
79,2.0,1354253.0,1551548.0,76159281.0,59.9645,INDETERMINATE,79,0,data/test/3sat/400/3sat_17.cnf,0.0045702457427978,0.089266,0.2786030769348144,0.2831733226776123,60.336939322677615,3sat_17.cnf,local_reopen_guarded,+ Local Boundary Correction,1,False,True,runs/analysis/full400_seed_robustness/raw/local_reopen_guarded/seed1.csv
80,2.0,1388899.0,1584972.0,77309562.0,59.9882,INDETERMINATE,80,0,data/test/3sat/400/3sat_170.cnf,0.0044496059417724,0.078696,0.3104569911956787,0.3149065971374511,60.38180259713745,3sat_170.cnf,local_reopen_guarded,+ Local Boundary Correction,1,False,True,runs/analysis/full400_seed_robustness/raw/local_reopen_guarded/seed1.csv
81,2.0,1394874.0,1589175.0,79267015.0,59.978,INDETERMINATE,81,0,data/test/3sat/400/3sat_171.cnf,0.0044496059417724,0.084373,0.3104569911956787,0.3149065971374511,60.37727959713745,3sat_171.cnf,local_reopen_guarded,+ Local Boundary Correction,1,False,True,runs/analysis/full400_seed_robustness/raw/local_reopen_guarded/seed1.csv
82,2.0,1416293.0,1635158.0,82359101.0,59.9858,INDETERMINATE,82,0,data/test/3sat/400/3sat_172.cnf,0.0044496059417724,0.09193,0.3104569911956787,0.3149065971374511,60.39263659713745,3sat_172.cnf,local_reopen_guarded,+ Local Boundary Correction,1,False,True,runs/analysis/full400_seed_robustness/raw/local_reopen_guarded/seed1.csv
83,2.0,1445596.0,1652823.0,82927080.0,59.9805,INDETERMINATE,83,0,data/test/3sat/400/3sat_173.cnf,0.0044496059417724,0.088344,0.3104569911956787,0.3149065971374511,60.38375059713745,3sat_173.cnf,local_reopen_guarded,+ Local Boundary Correction,1,False,True,runs/analysis/full400_seed_robustness/raw/local_reopen_guarded/seed1.csv
84,2.0,1456612.0,1652987.0,81878581.0,59.9796,INDETERMINATE,84,0,data/test/3sat/400/3sat_174.cnf,0.0044496059417724,0.098033,0.3104569911956787,0.3149065971374511,60.39253959713745,3sat_174.cnf,local_reopen_guarded,+ Local Boundary Correction,1,False,True,runs/analysis/full400_seed_robustness/raw/local_reopen_guarded/seed1.csv
85,2.0,1451926.0,1655582.0,80878284.0,59.9725,INDETERMINATE,85,0,data/test/3sat/400/3sat_175.cnf,0.0044496059417724,0.0939559999999999,0.3104569911956787,0.3149065971374511,60.381362597137446,3sat_175.cnf,local_reopen_guarded,+ Local Boundary Correction,1,False,True,runs/analysis/full400_seed_robustness/raw/local_reopen_guarded/seed1.csv
86,1.0,44850.0,52377.0,2659490.0,1.44528,SATISFIABLE,86,0,data/test/3sat/400/3sat_176.cnf,0.0044496059417724,0.091575,0.3104569911956787,0.3149065971374511,1.851761597137451,3sat_176.cnf,local_reopen_guarded,+ Local Boundary Correction,1,True,False,runs/analysis/full400_seed_robustness/raw/local_reopen_guarded/seed1.csv
87,2.0,1439891.0,1631510.0,82800841.0,59.993,INDETERMINATE,87,0,data/test/3sat/400/3sat_177.cnf,0.0044496059417724,0.096353,0.3104569911956787,0.3149065971374511,60.404259597137454,3sat_177.cnf,local_reopen_guarded,+ Local Boundary Correction,1,False,True,runs/analysis/full400_seed_robustness/raw/local_reopen_guarded/seed1.csv
88,2.0,1530708.0,1770674.0,88717038.0,59.9825,INDETERMINATE,88,0,data/test/3sat/400/3sat_178.cnf,0.0044496059417724,0.103946,0.3104569911956787,0.3149065971374511,60.40135259713745,3sat_178.cnf,local_reopen_guarded,+ Local Boundary Correction,1,False,True,runs/analysis/full400_seed_robustness/raw/local_reopen_guarded/seed1.csv
89,2.0,1502607.0,1710888.0,86347005.0,59.9856,INDETERMINATE,89,0,data/test/3sat/400/3sat_179.cnf,0.0044496059417724,0.1002579999999999,0.3104569911956787,0.3149065971374511,60.400764597137446,3sat_179.cnf,local_reopen_guarded,+ Local Boundary Correction,1,False,True,runs/analysis/full400_seed_robustness/raw/local_reopen_guarded/seed1.csv
90,2.0,1412177.0,1614022.0,81122668.0,59.9697,INDETERMINATE,90,0,data/test/3sat/400/3sat_18.cnf,0.004976749420166,0.086,0.2993144989013672,0.3042912483215332,60.359991248321535,3sat_18.cnf,local_reopen_guarded,+ Local Boundary Correction,1,False,True,runs/analysis/full400_seed_robustness/raw/local_reopen_guarded/seed1.csv
91,2.0,479866.0,551097.0,28918715.0,16.8673,SATISFIABLE,91,0,data/test/3sat/400/3sat_180.cnf,0.004976749420166,0.091745,0.2993144989013672,0.3042912483215332,17.263336248321533,3sat_180.cnf,local_reopen_guarded,+ Local Boundary Correction,1,True,False,runs/analysis/full400_seed_robustness/raw/local_reopen_guarded/seed1.csv
92,1.0,52050.0,59791.0,3130772.0,1.83882,SATISFIABLE,92,0,data/test/3sat/400/3sat_181.cnf,0.004976749420166,0.095402,0.2993144989013672,0.3042912483215332,2.2385132483215333,3sat_181.cnf,local_reopen_guarded,+ Local Boundary Correction,1,True,False,runs/analysis/full400_seed_robustness/raw/local_reopen_guarded/seed1.csv
93,2.0,1481000.0,1695101.0,81091797.0,59.9762,INDETERMINATE,93,0,data/test/3sat/400/3sat_182.cnf,0.004976749420166,0.092971,0.2993144989013672,0.3042912483215332,60.37346224832153,3sat_182.cnf,local_reopen_guarded,+ Local Boundary Correction,1,False,True,runs/analysis/full400_seed_robustness/raw/local_reopen_guarded/seed1.csv
94,2.0,1493556.0,1705693.0,83762952.0,59.9756,INDETERMINATE,94,0,data/test/3sat/400/3sat_183.cnf,0.004976749420166,0.083947,0.2993144989013672,0.3042912483215332,60.363838248321535,3sat_183.cnf,local_reopen_guarded,+ Local Boundary Correction,1,False,True,runs/analysis/full400_seed_robustness/raw/local_reopen_guarded/seed1.csv
95,2.0,1461741.0,1665106.0,83773581.0,59.9979,INDETERMINATE,95,0,data/test/3sat/400/3sat_184.cnf,0.004976749420166,0.0914379999999999,0.2993144989013672,0.3042912483215332,60.39362924832153,3sat_184.cnf,local_reopen_guarded,+ Local Boundary Correction,1,False,True,runs/analysis/full400_seed_robustness/raw/local_reopen_guarded/seed1.csv
96,2.0,1594504.0,1803219.0,89495366.0,59.9634,INDETERMINATE,96,0,data/test/3sat/400/3sat_185.cnf,0.004976749420166,0.093806,0.2993144989013672,0.3042912483215332,60.361497248321534,3sat_185.cnf,local_reopen_guarded,+ Local Boundary Correction,1,False,True,runs/analysis/full400_seed_robustness/raw/local_reopen_guarded/seed1.csv
97,2.0,1358341.0,1551986.0,74173905.0,59.9949,INDETERMINATE,97,0,data/test/3sat/400/3sat_186.cnf,0.004976749420166,0.0976819999999999,0.2993144989013672,0.3042912483215332,60.39687324832153,3sat_186.cnf,local_reopen_guarded,+ Local Boundary Correction,1,False,True,runs/analysis/full400_seed_robustness/raw/local_reopen_guarded/seed1.csv
98,2.0,1374450.0,1582090.0,77524453.0,59.9825,INDETERMINATE,98,0,data/test/3sat/400/3sat_187.cnf,0.004976749420166,0.092389,0.2993144989013672,0.3042912483215332,60.37918024832153,3sat_187.cnf,local_reopen_guarded,+ Local Boundary Correction,1,False,True,runs/analysis/full400_seed_robustness/raw/local_reopen_guarded/seed1.csv
99,2.0,892642.0,1020150.0,51846480.0,32.0602,SATISFIABLE,99,0,data/test/3sat/400/3sat_188.cnf,0.004976749420166,0.090144,0.2993144989013672,0.3042912483215332,32.45463524832154,3sat_188.cnf,local_reopen_guarded,+ Local Boundary Correction,1,True,False,runs/analysis/full400_seed_robustness/raw/local_reopen_guarded/seed1.csv
100,2.0,486885.0,560599.0,28846336.0,16.9419,SATISFIABLE,100,0,data/test/3sat/400/3sat_189.cnf,0.0052399635314941,0.087234,0.3105359077453613,0.3157758712768554,17.344909871276855,3sat_189.cnf,local_reopen_guarded,+ Local Boundary Correction,1,True,False,runs/analysis/full400_seed_robustness/raw/local_reopen_guarded/seed1.csv
101,1.0,32619.0,37875.0,1910478.0,1.06445,SATISFIABLE,101,0,data/test/3sat/400/3sat_19.cnf,0.0052399635314941,0.0916329999999999,0.3105359077453613,0.3157758712768554,1.4718588712768554,3sat_19.cnf,local_reopen_guarded,+ Local Boundary Correction,1,True,False,runs/analysis/full400_seed_robustness/raw/local_reopen_guarded/seed1.csv
102,1.0,1353.0,1762.0,87323.0,0.022049,SATISFIABLE,102,0,data/test/3sat/400/3sat_190.cnf,0.0052399635314941,0.097064,0.3105359077453613,0.3157758712768554,0.4348888712768555,3sat_190.cnf,local_reopen_guarded,+ Local Boundary Correction,1,True,False,runs/analysis/full400_seed_robustness/raw/local_reopen_guarded/seed1.csv
103,2.0,1440459.0,1656458.0,80301886.0,59.9612,INDETERMINATE,103,0,data/test/3sat/400/3sat_191.cnf,0.0052399635314941,0.086737,0.3105359077453613,0.3157758712768554,60.36371287127685,3sat_191.cnf,local_reopen_guarded,+ Local Boundary Correction,1,False,True,runs/analysis/full400_seed_robustness/raw/local_reopen_guarded/seed1.csv
104,2.0,1423844.0,1642396.0,80375350.0,59.9914,INDETERMINATE,104,0,data/test/3sat/400/3sat_192.cnf,0.0052399635314941,0.088713,0.3105359077453613,0.3157758712768554,60.39588887127685,3sat_192.cnf,local_reopen_guarded,+ Local Boundary Correction,1,False,True,runs/analysis/full400_seed_robustness/raw/local_reopen_guarded/seed1.csv
105,2.0,1396025.0,1593210.0,80784438.0,59.9798,INDETERMINATE,105,0,data/test/3sat/400/3sat_193.cnf,0.0052399635314941,0.096369,0.3105359077453613,0.3157758712768554,60.391944871276856,3sat_193.cnf,local_reopen_guarded,+ Local Boundary Correction,1,False,True,runs/analysis/full400_seed_robustness/raw/local_reopen_guarded/seed1.csv
106,2.0,1375220.0,1561406.0,78365164.0,59.9869,INDETERMINATE,106,0,data/test/3sat/400/3sat_194.cnf,0.0052399635314941,0.095087,0.3105359077453613,0.3157758712768554,60.39776287127685,3sat_194.cnf,local_reopen_guarded,+ Local Boundary Correction,1,False,True,runs/analysis/full400_seed_robustness/raw/local_reopen_guarded/seed1.csv
107,2.0,1505137.0,1717473.0,87821650.0,59.98,INDETERMINATE,107,0,data/test/3sat/400/3sat_195.cnf,0.0052399635314941,0.1015009999999999,0.3105359077453613,0.3157758712768554,60.39727687127685,3sat_195.cnf,local_reopen_guarded,+ Local Boundary Correction,1,False,True,runs/analysis/full400_seed_robustness/raw/local_reopen_guarded/seed1.csv
108,2.0,339864.0,392433.0,20520894.0,11.6571,SATISFIABLE,108,0,data/test/3sat/400/3sat_196.cnf,0.0052399635314941,0.095674,0.3105359077453613,0.3157758712768554,12.068549871276856,3sat_196.cnf,local_reopen_guarded,+ Local Boundary Correction,1,True,False,runs/analysis/full400_seed_robustness/raw/local_reopen_guarded/seed1.csv
109,2.0,1489695.0,1698496.0,83530303.0,59.9669,INDETERMINATE,109,0,data/test/3sat/400/3sat_197.cnf,0.0052399635314941,0.09174,0.3105359077453613,0.3157758712768554,60.37441587127686,3sat_197.cnf,local_reopen_guarded,+ Local Boundary Correction,1,False,True,runs/analysis/full400_seed_robustness/raw/local_reopen_guarded/seed1.csv
110,2.0,1547595.0,1780289.0,88346200.0,59.9834,INDETERMINATE,110,0,data/test/3sat/400/3sat_198.cnf,0.0051383972167968,0.093401,0.3097531795501709,0.3148915767669678,60.39169257676697,3sat_198.cnf,local_reopen_guarded,+ Local Boundary Correction,1,False,True,runs/analysis/full400_seed_robustness/raw/local_reopen_guarded/seed1.csv
111,2.0,1475965.0,1690816.0,82389595.0,59.9801,INDETERMINATE,111,0,data/test/3sat/400/3sat_199.cnf,0.0051383972167968,0.098514,0.3097531795501709,0.3148915767669678,60.39350557676697,3sat_199.cnf,local_reopen_guarded,+ Local Boundary Correction,1,False,True,runs/analysis/full400_seed_robustness/raw/local_reopen_guarded/seed1.csv
112,2.0,1425504.0,1627412.0,82797413.0,59.9135,INDETERMINATE,112,0,data/test/3sat/400/3sat_2.cnf,0.0051383972167968,0.099035,0.3097531795501709,0.3148915767669678,60.32742657676697,3sat_2.cnf,local_reopen_guarded,+ Local Boundary Correction,1,False,True,runs/analysis/full400_seed_robustness/raw/local_reopen_guarded/seed1.csv
113,2.0,361980.0,419239.0,21758927.0,12.3338,SATISFIABLE,113,0,data/test/3sat/400/3sat_20.cnf,0.0051383972167968,0.100135,0.3097531795501709,0.3148915767669678,12.748826576766968,3sat_20.cnf,local_reopen_guarded,+ Local Boundary Correction,1,True,False,runs/analysis/full400_seed_robustness/raw/local_reopen_guarded/seed1.csv
114,2.0,1435559.0,1661791.0,83560296.0,59.9827,INDETERMINATE,114,0,data/test/3sat/400/3sat_21.cnf,0.0051383972167968,0.088638,0.3097531795501709,0.3148915767669678,60.38622957676697,3sat_21.cnf,local_reopen_guarded,+ Local Boundary Correction,1,False,True,runs/analysis/full400_seed_robustness/raw/local_reopen_guarded/seed1.csv
115,1.0,43107.0,50298.0,2657822.0,1.40587,SATISFIABLE,115,0,data/test/3sat/400/3sat_22.cnf,0.0051383972167968,0.080606,0.3097531795501709,0.3148915767669678,1.8013675767669677,3sat_22.cnf,local_reopen_guarded,+ Local Boundary Correction,1,True,False,runs/analysis/full400_seed_robustness/raw/local_reopen_guarded/seed1.csv
116,2.0,1392966.0,1593760.0,77340359.0,59.9654,INDETERMINATE,116,0,data/test/3sat/400/3sat_23.cnf,0.0051383972167968,0.094836,0.3097531795501709,0.3148915767669678,60.37512757676697,3sat_23.cnf,local_reopen_guarded,+ Local Boundary Correction,1,False,True,runs/analysis/full400_seed_robustness/raw/local_reopen_guarded/seed1.csv
117,1.0,97677.0,112677.0,5872880.0,4.1412,SATISFIABLE,117,0,data/test/3sat/400/3sat_24.cnf,0.0051383972167968,0.0936019999999999,0.3097531795501709,0.3148915767669678,4.549693576766968,3sat_24.cnf,local_reopen_guarded,+ Local Boundary Correction,1,True,False,runs/analysis/full400_seed_robustness/raw/local_reopen_guarded/seed1.csv
118,1.0,41249.0,47888.0,2486997.0,1.19258,SATISFIABLE,118,0,data/test/3sat/400/3sat_25.cnf,0.0051383972167968,0.092917,0.3097531795501709,0.3148915767669678,1.6003885767669677,3sat_25.cnf,local_reopen_guarded,+ Local Boundary Correction,1,True,False,runs/analysis/full400_seed_robustness/raw/local_reopen_guarded/seed1.csv
119,2.0,1367011.0,1560597.0,78365230.0,59.9696,INDETERMINATE,119,0,data/test/3sat/400/3sat_26.cnf,0.0051383972167968,0.0938649999999999,0.3097531795501709,0.3148915767669678,60.37835657676697,3sat_26.cnf,local_reopen_guarded,+ Local Boundary Correction,1,False,True,runs/analysis/full400_seed_robustness/raw/local_reopen_guarded/seed1.csv
120,1.0,9470.0,11447.0,605518.0,0.196261,SATISFIABLE,120,0,data/test/3sat/400/3sat_27.cnf,0.0051705837249755,0.099315,0.2859518527984619,0.2911224365234375,0.5866984365234376,3sat_27.cnf,local_reopen_guarded,+ Local Boundary Correction,1,True,False,runs/analysis/full400_seed_robustness/raw/local_reopen_guarded/seed1.csv
121,2.0,1515648.0,1734802.0,85876117.0,59.9885,INDETERMINATE,121,0,data/test/3sat/400/3sat_28.cnf,0.0051705837249755,0.098011,0.2859518527984619,0.2911224365234375,60.37763343652344,3sat_28.cnf,local_reopen_guarded,+ Local Boundary Correction,1,False,True,runs/analysis/full400_seed_robustness/raw/local_reopen_guarded/seed1.csv
122,2.0,1556064.0,1772993.0,89449617.0,59.9896,INDETERMINATE,122,0,data/test/3sat/400/3sat_29.cnf,0.0051705837249755,0.092416,0.2859518527984619,0.2911224365234375,60.37313843652344,3sat_29.cnf,local_reopen_guarded,+ Local Boundary Correction,1,False,True,runs/analysis/full400_seed_robustness/raw/local_reopen_guarded/seed1.csv
123,2.0,1550028.0,1777444.0,91152139.0,59.982,INDETERMINATE,123,0,data/test/3sat/400/3sat_3.cnf,0.0051705837249755,0.079877,0.2859518527984619,0.2911224365234375,60.35299943652344,3sat_3.cnf,local_reopen_guarded,+ Local Boundary Correction,1,False,True,runs/analysis/full400_seed_robustness/raw/local_reopen_guarded/seed1.csv
124,2.0,1407803.0,1609519.0,80088526.0,59.9829,INDETERMINATE,124,0,data/test/3sat/400/3sat_30.cnf,0.0051705837249755,0.103111,0.2859518527984619,0.2911224365234375,60.37713343652344,3sat_30.cnf,local_reopen_guarded,+ Local Boundary Correction,1,False,True,runs/analysis/full400_seed_robustness/raw/local_reopen_guarded/seed1.csv
125,2.0,1373301.0,1582191.0,77426837.0,59.9321,INDETERMINATE,125,0,data/test/3sat/400/3sat_31.cnf,0.0051705837249755,0.085122,0.2859518527984619,0.2911224365234375,60.30834443652344,3sat_31.cnf,local_reopen_guarded,+ Local Boundary Correction,1,False,True,runs/analysis/full400_seed_robustness/raw/local_reopen_guarded/seed1.csv
126,2.0,1470696.0,1672680.0,82582278.0,59.9617,INDETERMINATE,126,0,data/test/3sat/400/3sat_32.cnf,0.0051705837249755,0.093783,0.2859518527984619,0.2911224365234375,60.34660543652344,3sat_32.cnf,local_reopen_guarded,+ Local Boundary Correction,1,False,True,runs/analysis/full400_seed_robustness/raw/local_reopen_guarded/seed1.csv
127,2.0,1410082.0,1617769.0,80436927.0,59.9789,INDETERMINATE,127,0,data/test/3sat/400/3sat_33.cnf,0.0051705837249755,0.092414,0.2859518527984619,0.2911224365234375,60.36243643652344,3sat_33.cnf,local_reopen_guarded,+ Local Boundary Correction,1,False,True,runs/analysis/full400_seed_robustness/raw/local_reopen_guarded/seed1.csv
128,2.0,1579829.0,1814922.0,90414384.0,59.9918,INDETERMINATE,128,0,data/test/3sat/400/3sat_34.cnf,0.0051705837249755,0.0917159999999999,0.2859518527984619,0.2911224365234375,60.37463843652343,3sat_34.cnf,local_reopen_guarded,+ Local Boundary Correction,1,False,True,runs/analysis/full400_seed_robustness/raw/local_reopen_guarded/seed1.csv
129,2.0,1514087.0,1738725.0,83392279.0,59.9884,INDETERMINATE,129,0,data/test/3sat/400/3sat_35.cnf,0.0051705837249755,0.084784,0.2859518527984619,0.2911224365234375,60.36430643652344,3sat_35.cnf,local_reopen_guarded,+ Local Boundary Correction,1,False,True,runs/analysis/full400_seed_robustness/raw/local_reopen_guarded/seed1.csv
130,2.0,1467490.0,1679368.0,82419333.0,59.9757,INDETERMINATE,130,0,data/test/3sat/400/3sat_36.cnf,0.0047063827514648,0.088013,0.3111541271209717,0.3158605098724365,60.37957350987244,3sat_36.cnf,local_reopen_guarded,+ Local Boundary Correction,1,False,True,runs/analysis/full400_seed_robustness/raw/local_reopen_guarded/seed1.csv
131,2.0,1530165.0,1736930.0,86040890.0,59.9859,INDETERMINATE,131,0,data/test/3sat/400/3sat_37.cnf,0.0047063827514648,0.087177,0.3111541271209717,0.3158605098724365,60.388937509872434,3sat_37.cnf,local_reopen_guarded,+ Local Boundary Correction,1,False,True,runs/analysis/full400_seed_robustness/raw/local_reopen_guarded/seed1.csv
132,2.0,1493268.0,1704991.0,85247799.0,59.9784,INDETERMINATE,132,0,data/test/3sat/400/3sat_38.cnf,0.0047063827514648,0.081588,0.3111541271209717,0.3158605098724365,60.37584850987244,3sat_38.cnf,local_reopen_guarded,+ Local Boundary Correction,1,False,True,runs/analysis/full400_seed_robustness/raw/local_reopen_guarded/seed1.csv
133,2.0,1459717.0,1679502.0,81704810.0,59.9913,INDETERMINATE,133,0,data/test/3sat/400/3sat_39.cnf,0.0047063827514648,0.080105,0.3111541271209717,0.3158605098724365,60.38726550987244,3sat_39.cnf,local_reopen_guarded,+ Local Boundary Correction,1,False,True,runs/analysis/full400_seed_robustness/raw/local_reopen_guarded/seed1.csv
134,2.0,1527456.0,1743618.0,85858294.0,59.9964,INDETERMINATE,134,0,data/test/3sat/400/3sat_4.cnf,0.0047063827514648,0.099969,0.3111541271209717,0.3158605098724365,60.41222950987244,3sat_4.cnf,local_reopen_guarded,+ Local Boundary Correction,1,False,True,runs/analysis/full400_seed_robustness/raw/local_reopen_guarded/seed1.csv
135,2.0,1517773.0,1734406.0,86370372.0,59.977,INDETERMINATE,135,0,data/test/3sat/400/3sat_40.cnf,0.0047063827514648,0.092524,0.3111541271209717,0.3158605098724365,60.38538450987243,3sat_40.cnf,local_reopen_guarded,+ Local Boundary Correction,1,False,True,runs/analysis/full400_seed_robustness/raw/local_reopen_guarded/seed1.csv
136,2.0,1357770.0,1541751.0,75579339.0,59.9787,INDETERMINATE,136,0,data/test/3sat/400/3sat_41.cnf,0.0047063827514648,0.085764,0.3111541271209717,0.3158605098724365,60.38032450987244,3sat_41.cnf,local_reopen_guarded,+ Local Boundary Correction,1,False,True,runs/analysis/full400_seed_robustness/raw/local_reopen_guarded/seed1.csv
137,2.0,1560012.0,1772647.0,84730855.0,59.976,INDETERMINATE,137,0,data/test/3sat/400/3sat_42.cnf,0.0047063827514648,0.08901,0.3111541271209717,0.3158605098724365,60.38087050987244,3sat_42.cnf,local_reopen_guarded,+ Local Boundary Correction,1,False,True,runs/analysis/full400_seed_robustness/raw/local_reopen_guarded/seed1.csv
138,2.0,1436218.0,1633125.0,82001337.0,59.9904,INDETERMINATE,138,0,data/test/3sat/400/3sat_43.cnf,0.0047063827514648,0.098323,0.3111541271209717,0.3158605098724365,60.40458350987244,3sat_43.cnf,local_reopen_guarded,+ Local Boundary Correction,1,False,True,runs/analysis/full400_seed_robustness/raw/local_reopen_guarded/seed1.csv
139,2.0,1441294.0,1650702.0,83269550.0,59.973,INDETERMINATE,139,0,data/test/3sat/400/3sat_44.cnf,0.0047063827514648,0.092832,0.3111541271209717,0.3158605098724365,60.38169250987244,3sat_44.cnf,local_reopen_guarded,+ Local Boundary Correction,1,False,True,runs/analysis/full400_seed_robustness/raw/local_reopen_guarded/seed1.csv
140,2.0,1500775.0,1692056.0,83783183.0,59.9705,INDETERMINATE,140,0,data/test/3sat/400/3sat_45.cnf,0.0050280094146728,0.091307,0.3005940914154053,0.3056221008300781,60.36742910083008,3sat_45.cnf,local_reopen_guarded,+ Local Boundary Correction,1,False,True,runs/analysis/full400_seed_robustness/raw/local_reopen_guarded/seed1.csv
141,1.0,9772.0,11592.0,590576.0,0.210336,SATISFIABLE,141,0,data/test/3sat/400/3sat_46.cnf,0.0050280094146728,0.083551,0.3005940914154053,0.3056221008300781,0.5995091008300781,3sat_46.cnf,local_reopen_guarded,+ Local Boundary Correction,1,True,False,runs/analysis/full400_seed_robustness/raw/local_reopen_guarded/seed1.csv
142,1.0,63966.0,73444.0,4017900.0,2.48357,SATISFIABLE,142,0,data/test/3sat/400/3sat_47.cnf,0.0050280094146728,0.093817,0.3005940914154053,0.3056221008300781,2.883009100830078,3sat_47.cnf,local_reopen_guarded,+ Local Boundary Correction,1,True,False,runs/analysis/full400_seed_robustness/raw/local_reopen_guarded/seed1.csv
143,2.0,1449915.0,1658858.0,80937320.0,59.9829,INDETERMINATE,143,0,data/test/3sat/400/3sat_48.cnf,0.0050280094146728,0.097562,0.3005940914154053,0.3056221008300781,60.38608410083008,3sat_48.cnf,local_reopen_guarded,+ Local Boundary Correction,1,False,True,runs/analysis/full400_seed_robustness/raw/local_reopen_guarded/seed1.csv
144,2.0,1392614.0,1596555.0,80593965.0,59.9678,INDETERMINATE,144,0,data/test/3sat/400/3sat_49.cnf,0.0050280094146728,0.08976,0.3005940914154053,0.3056221008300781,60.36318210083007,3sat_49.cnf,local_reopen_guarded,+ Local Boundary Correction,1,False,True,runs/analysis/full400_seed_robustness/raw/local_reopen_guarded/seed1.csv
145,2.0,1380690.0,1581902.0,78135517.0,59.9694,INDETERMINATE,145,0,data/test/3sat/400/3sat_5.cnf,0.0050280094146728,0.087602,0.3005940914154053,0.3056221008300781,60.36262410083008,3sat_5.cnf,local_reopen_guarded,+ Local Boundary Correction,1,False,True,runs/analysis/full400_seed_robustness/raw/local_reopen_guarded/seed1.csv
146,2.0,1400747.0,1602615.0,80481368.0,59.9936,INDETERMINATE,146,0,data/test/3sat/400/3sat_50.cnf,0.0050280094146728,0.085032,0.3005940914154053,0.3056221008300781,60.38425410083008,3sat_50.cnf,local_reopen_guarded,+ Local Boundary Correction,1,False,True,runs/analysis/full400_seed_robustness/raw/local_reopen_guarded/seed1.csv
147,2.0,1447956.0,1656555.0,82352992.0,59.9784,INDETERMINATE,147,0,data/test/3sat/400/3sat_51.cnf,0.0050280094146728,0.096781,0.3005940914154053,0.3056221008300781,60.38080310083008,3sat_51.cnf,local_reopen_guarded,+ Local Boundary Correction,1,False,True,runs/analysis/full400_seed_robustness/raw/local_reopen_guarded/seed1.csv
148,2.0,1580023.0,1824103.0,88928340.0,59.9198,INDETERMINATE,148,0,data/test/3sat/400/3sat_52.cnf,0.0050280094146728,0.090329,0.3005940914154053,0.3056221008300781,60.31575110083008,3sat_52.cnf,local_reopen_guarded,+ Local Boundary Correction,1,False,True,runs/analysis/full400_seed_robustness/raw/local_reopen_guarded/seed1.csv
149,2.0,1409285.0,1607330.0,76577225.0,59.9783,INDETERMINATE,149,0,data/test/3sat/400/3sat_53.cnf,0.0050280094146728,0.085772,0.3005940914154053,0.3056221008300781,60.36969410083008,3sat_53.cnf,local_reopen_guarded,+ Local Boundary Correction,1,False,True,runs/analysis/full400_seed_robustness/raw/local_reopen_guarded/seed1.csv
150,2.0,612353.0,699215.0,35959808.0,22.0599,SATISFIABLE,150,0,data/test/3sat/400/3sat_54.cnf,0.0045595169067382,0.086368,0.3078992366790771,0.3124587535858154,22.45872675358581,3sat_54.cnf,local_reopen_guarded,+ Local Boundary Correction,1,True,False,runs/analysis/full400_seed_robustness/raw/local_reopen_guarded/seed1.csv
151,2.0,1521018.0,1735396.0,85788849.0,59.9782,INDETERMINATE,151,0,data/test/3sat/400/3sat_55.cnf,0.0045595169067382,0.089537,0.3078992366790771,0.3124587535858154,60.38019575358582,3sat_55.cnf,local_reopen_guarded,+ Local Boundary Correction,1,False,True,runs/analysis/full400_seed_robustness/raw/local_reopen_guarded/seed1.csv
152,2.0,1365067.0,1541577.0,78083579.0,59.9821,INDETERMINATE,152,0,data/test/3sat/400/3sat_56.cnf,0.0045595169067382,0.097175,0.3078992366790771,0.3124587535858154,60.39173375358582,3sat_56.cnf,local_reopen_guarded,+ Local Boundary Correction,1,False,True,runs/analysis/full400_seed_robustness/raw/local_reopen_guarded/seed1.csv
153,2.0,1466589.0,1667319.0,82061476.0,59.9834,INDETERMINATE,153,0,data/test/3sat/400/3sat_57.cnf,0.0045595169067382,0.09806,0.3078992366790771,0.3124587535858154,60.393918753585815,3sat_57.cnf,local_reopen_guarded,+ Local Boundary Correction,1,False,True,runs/analysis/full400_seed_robustness/raw/local_reopen_guarded/seed1.csv
154,2.0,1502420.0,1714182.0,89158536.0,59.9935,INDETERMINATE,154,0,data/test/3sat/400/3sat_58.cnf,0.0045595169067382,0.087278,0.3078992366790771,0.3124587535858154,60.39323675358581,3sat_58.cnf,local_reopen_guarded,+ Local Boundary Correction,1,False,True,runs/analysis/full400_seed_robustness/raw/local_reopen_guarded/seed1.csv
155,2.0,1466590.0,1680287.0,82608798.0,59.9727,INDETERMINATE,155,0,data/test/3sat/400/3sat_59.cnf,0.0045595169067382,0.097107,0.3078992366790771,0.3124587535858154,60.38226575358582,3sat_59.cnf,local_reopen_guarded,+ Local Boundary Correction,1,False,True,runs/analysis/full400_seed_robustness/raw/local_reopen_guarded/seed1.csv
156,2.0,1489681.0,1689214.0,83227024.0,59.9527,INDETERMINATE,156,0,data/test/3sat/400/3sat_6.cnf,0.0045595169067382,0.090756,0.3078992366790771,0.3124587535858154,60.35591475358581,3sat_6.cnf,local_reopen_guarded,+ Local Boundary Correction,1,False,True,runs/analysis/full400_seed_robustness/raw/local_reopen_guarded/seed1.csv
157,2.0,1393703.0,1586185.0,80156609.0,59.9787,INDETERMINATE,157,0,data/test/3sat/400/3sat_60.cnf,0.0045595169067382,0.083797,0.3078992366790771,0.3124587535858154,60.374955753585816,3sat_60.cnf,local_reopen_guarded,+ Local Boundary Correction,1,False,True,runs/analysis/full400_seed_robustness/raw/local_reopen_guarded/seed1.csv
158,2.0,1402697.0,1585381.0,78902445.0,59.9893,INDETERMINATE,158,0,data/test/3sat/400/3sat_61.cnf,0.0045595169067382,0.088395,0.3078992366790771,0.3124587535858154,60.39015375358581,3sat_61.cnf,local_reopen_guarded,+ Local Boundary Correction,1,False,True,runs/analysis/full400_seed_robustness/raw/local_reopen_guarded/seed1.csv
159,2.0,1513535.0,1716397.0,87253376.0,59.9742,INDETERMINATE,159,0,data/test/3sat/400/3sat_62.cnf,0.0045595169067382,0.075694,0.3078992366790771,0.3124587535858154,60.36235275358582,3sat_62.cnf,local_reopen_guarded,+ Local Boundary Correction,1,False,True,runs/analysis/full400_seed_robustness/raw/local_reopen_guarded/seed1.csv
160,2.0,138136.0,157894.0,8130882.0,5.27355,SATISFIABLE,160,0,data/test/3sat/400/3sat_63.cnf,0.0052416324615478,0.098027,0.2885353565216064,0.2937769889831543,5.665353988983155,3sat_63.cnf,local_reopen_guarded,+ Local Boundary Correction,1,True,False,runs/analysis/full400_seed_robustness/raw/local_reopen_guarded/seed1.csv
161,2.0,1430001.0,1618198.0,79860580.0,59.9876,INDETERMINATE,161,0,data/test/3sat/400/3sat_64.cnf,0.0052416324615478,0.08796,0.2885353565216064,0.2937769889831543,60.36933698898316,3sat_64.cnf,local_reopen_guarded,+ Local Boundary Correction,1,False,True,runs/analysis/full400_seed_robustness/raw/local_reopen_guarded/seed1.csv
162,1.0,224.0,339.0,14565.0,0.007755,SATISFIABLE,162,0,data/test/3sat/400/3sat_65.cnf,0.0052416324615478,0.045135,0.2885353565216064,0.2937769889831543,0.3466669889831543,3sat_65.cnf,local_reopen_guarded,+ Local Boundary Correction,1,True,False,runs/analysis/full400_seed_robustness/raw/local_reopen_guarded/seed1.csv
163,2.0,1385530.0,1589999.0,79226639.0,59.9695,INDETERMINATE,163,0,data/test/3sat/400/3sat_66.cnf,0.0052416324615478,0.089251,0.2885353565216064,0.2937769889831543,60.35252798898315,3sat_66.cnf,local_reopen_guarded,+ Local Boundary Correction,1,False,True,runs/analysis/full400_seed_robustness/raw/local_reopen_guarded/seed1.csv
164,2.0,1466557.0,1677010.0,84592505.0,59.9686,INDETERMINATE,164,0,data/test/3sat/400/3sat_67.cnf,0.0052416324615478,0.0883829999999999,0.2885353565216064,0.2937769889831543,60.35075998898316,3sat_67.cnf,local_reopen_guarded,+ Local Boundary Correction,1,False,True,runs/analysis/full400_seed_robustness/raw/local_reopen_guarded/seed1.csv
165,2.0,1376228.0,1574897.0,77416864.0,59.9835,INDETERMINATE,165,0,data/test/3sat/400/3sat_68.cnf,0.0052416324615478,0.080042,0.2885353565216064,0.2937769889831543,60.35731898898315,3sat_68.cnf,local_reopen_guarded,+ Local Boundary Correction,1,False,True,runs/analysis/full400_seed_robustness/raw/local_reopen_guarded/seed1.csv
166,2.0,1504274.0,1724177.0,89571851.0,59.9633,INDETERMINATE,166,0,data/test/3sat/400/3sat_69.cnf,0.0052416324615478,0.086734,0.2885353565216064,0.2937769889831543,60.34381098898315,3sat_69.cnf,local_reopen_guarded,+ Local Boundary Correction,1,False,True,runs/analysis/full400_seed_robustness/raw/local_reopen_guarded/seed1.csv
167,2.0,1526481.0,1722954.0,84470023.0,59.9815,INDETERMINATE,167,0,data/test/3sat/400/3sat_7.cnf,0.0052416324615478,0.089277,0.2885353565216064,0.2937769889831543,60.364553988983154,3sat_7.cnf,local_reopen_guarded,+ Local Boundary Correction,1,False,True,runs/analysis/full400_seed_robustness/raw/local_reopen_guarded/seed1.csv
168,1.0,2512.0,3124.0,152890.0,0.042408,SATISFIABLE,168,0,data/test/3sat/400/3sat_70.cnf,0.0052416324615478,0.090335,0.2885353565216064,0.2937769889831543,0.4265199889831543,3sat_70.cnf,local_reopen_guarded,+ Local Boundary Correction,1,True,False,runs/analysis/full400_seed_robustness/raw/local_reopen_guarded/seed1.csv
169,2.0,1455515.0,1666009.0,82961321.0,59.9796,INDETERMINATE,169,0,data/test/3sat/400/3sat_71.cnf,0.0052416324615478,0.097825,0.2885353565216064,0.2937769889831543,60.37120198898315,3sat_71.cnf,local_reopen_guarded,+ Local Boundary Correction,1,False,True,runs/analysis/full400_seed_robustness/raw/local_reopen_guarded/seed1.csv
170,2.0,1496771.0,1712778.0,84200609.0,59.9836,INDETERMINATE,170,0,data/test/3sat/400/3sat_72.cnf,0.0044987201690673,0.088614,0.297269344329834,0.3017680644989013,60.3739820644989,3sat_72.cnf,local_reopen_guarded,+ Local Boundary Correction,1,False,True,runs/analysis/full400_seed_robustness/raw/local_reopen_guarded/seed1.csv
171,2.0,1463681.0,1668320.0,83811984.0,59.9916,INDETERMINATE,171,0,data/test/3sat/400/3sat_73.cnf,0.0044987201690673,0.0970149999999999,0.297269344329834,0.3017680644989013,60.3903830644989,3sat_73.cnf,local_reopen_guarded,+ Local Boundary Correction,1,False,True,runs/analysis/full400_seed_robustness/raw/local_reopen_guarded/seed1.csv
172,2.0,1398733.0,1610586.0,78774024.0,59.9808,INDETERMINATE,172,0,data/test/3sat/400/3sat_74.cnf,0.0044987201690673,0.088911,0.297269344329834,0.3017680644989013,60.37147906449891,3sat_74.cnf,local_reopen_guarded,+ Local Boundary Correction,1,False,True,runs/analysis/full400_seed_robustness/raw/local_reopen_guarded/seed1.csv
173,2.0,1362168.0,1554337.0,74643967.0,59.9474,INDETERMINATE,173,0,data/test/3sat/400/3sat_75.cnf,0.0044987201690673,0.0834169999999999,0.297269344329834,0.3017680644989013,60.3325850644989,3sat_75.cnf,local_reopen_guarded,+ Local Boundary Correction,1,False,True,runs/analysis/full400_seed_robustness/raw/local_reopen_guarded/seed1.csv
174,2.0,1467014.0,1668797.0,85562849.0,59.9782,INDETERMINATE,174,0,data/test/3sat/400/3sat_76.cnf,0.0044987201690673,0.106852,0.297269344329834,0.3017680644989013,60.386820064498906,3sat_76.cnf,local_reopen_guarded,+ Local Boundary Correction,1,False,True,runs/analysis/full400_seed_robustness/raw/local_reopen_guarded/seed1.csv
175,2.0,1494893.0,1705165.0,83922727.0,59.9656,INDETERMINATE,175,0,data/test/3sat/400/3sat_77.cnf,0.0044987201690673,0.092444,0.297269344329834,0.3017680644989013,60.3598120644989,3sat_77.cnf,local_reopen_guarded,+ Local Boundary Correction,1,False,True,runs/analysis/full400_seed_robustness/raw/local_reopen_guarded/seed1.csv
176,2.0,1497041.0,1704934.0,82103533.0,59.9794,INDETERMINATE,176,0,data/test/3sat/400/3sat_78.cnf,0.0044987201690673,0.098469,0.297269344329834,0.3017680644989013,60.3796370644989,3sat_78.cnf,local_reopen_guarded,+ Local Boundary Correction,1,False,True,runs/analysis/full400_seed_robustness/raw/local_reopen_guarded/seed1.csv
177,2.0,1453689.0,1661946.0,79829673.0,59.9825,INDETERMINATE,177,0,data/test/3sat/400/3sat_79.cnf,0.0044987201690673,0.105054,0.297269344329834,0.3017680644989013,60.389322064498906,3sat_79.cnf,local_reopen_guarded,+ Local Boundary Correction,1,False,True,runs/analysis/full400_seed_robustness/raw/local_reopen_guarded/seed1.csv
178,2.0,1487302.0,1690102.0,85910237.0,59.9787,INDETERMINATE,178,0,data/test/3sat/400/3sat_8.cnf,0.0044987201690673,0.101379,0.297269344329834,0.3017680644989013,60.381847064498906,3sat_8.cnf,local_reopen_guarded,+ Local Boundary Correction,1,False,True,runs/analysis/full400_seed_robustness/raw/local_reopen_guarded/seed1.csv
179,2.0,1473008.0,1697961.0,85001211.0,59.9812,INDETERMINATE,179,0,data/test/3sat/400/3sat_80.cnf,0.0044987201690673,0.097914,0.297269344329834,0.3017680644989013,60.380882064498905,3sat_80.cnf,local_reopen_guarded,+ Local Boundary Correction,1,False,True,runs/analysis/full400_seed_robustness/raw/local_reopen_guarded/seed1.csv
180,2.0,1438505.0,1627134.0,80355512.0,59.976,INDETERMINATE,180,0,data/test/3sat/400/3sat_81.cnf,0.0046198368072509,0.087895,0.2932047843933105,0.2978246212005615,60.36171962120056,3sat_81.cnf,local_reopen_guarded,+ Local Boundary Correction,1,False,True,runs/analysis/full400_seed_robustness/raw/local_reopen_guarded/seed1.csv
181,2.0,723843.0,829611.0,42069078.0,25.4232,SATISFIABLE,181,0,data/test/3sat/400/3sat_82.cnf,0.0046198368072509,0.096812,0.2932047843933105,0.2978246212005615,25.817836621200563,3sat_82.cnf,local_reopen_guarded,+ Local Boundary Correction,1,True,False,runs/analysis/full400_seed_robustness/raw/local_reopen_guarded/seed1.csv
182,2.0,1477007.0,1684021.0,82614021.0,59.9675,INDETERMINATE,182,0,data/test/3sat/400/3sat_83.cnf,0.0046198368072509,0.099296,0.2932047843933105,0.2978246212005615,60.364620621200565,3sat_83.cnf,local_reopen_guarded,+ Local Boundary Correction,1,False,True,runs/analysis/full400_seed_robustness/raw/local_reopen_guarded/seed1.csv
183,2.0,1378647.0,1577756.0,78812738.0,59.984,INDETERMINATE,183,0,data/test/3sat/400/3sat_84.cnf,0.0046198368072509,0.0872329999999999,0.2932047843933105,0.2978246212005615,60.36905762120056,3sat_84.cnf,local_reopen_guarded,+ Local Boundary Correction,1,False,True,runs/analysis/full400_seed_robustness/raw/local_reopen_guarded/seed1.csv
184,1.0,27518.0,32278.0,1663386.0,0.795587,SATISFIABLE,184,0,data/test/3sat/400/3sat_85.cnf,0.0046198368072509,0.090039,0.2932047843933105,0.2978246212005615,1.1834506212005615,3sat_85.cnf,local_reopen_guarded,+ Local Boundary Correction,1,True,False,runs/analysis/full400_seed_robustness/raw/local_reopen_guarded/seed1.csv
185,1.0,91912.0,107188.0,5690281.0,3.7036,SATISFIABLE,185,0,data/test/3sat/400/3sat_86.cnf,0.0046198368072509,0.099666,0.2932047843933105,0.2978246212005615,4.101090621200561,3sat_86.cnf,local_reopen_guarded,+ Local Boundary Correction,1,True,False,runs/analysis/full400_seed_robustness/raw/local_reopen_guarded/seed1.csv
186,2.0,1396964.0,1595732.0,79618608.0,59.9768,INDETERMINATE,186,0,data/test/3sat/400/3sat_87.cnf,0.0046198368072509,0.095306,0.2932047843933105,0.2978246212005615,60.36993062120056,3sat_87.cnf,local_reopen_guarded,+ Local Boundary Correction,1,False,True,runs/analysis/full400_seed_robustness/raw/local_reopen_guarded/seed1.csv
187,1.0,10969.0,13071.0,671709.0,0.244673,SATISFIABLE,187,0,data/test/3sat/400/3sat_88.cnf,0.0046198368072509,0.093963,0.2932047843933105,0.2978246212005615,0.6364606212005615,3sat_88.cnf,local_reopen_guarded,+ Local Boundary Correction,1,True,False,runs/analysis/full400_seed_robustness/raw/local_reopen_guarded/seed1.csv
188,1.0,8641.0,10334.0,538222.0,0.176091,SATISFIABLE,188,0,data/test/3sat/400/3sat_89.cnf,0.0046198368072509,0.0949219999999999,0.2932047843933105,0.2978246212005615,0.5688376212005615,3sat_89.cnf,local_reopen_guarded,+ Local Boundary Correction,1,True,False,runs/analysis/full400_seed_robustness/raw/local_reopen_guarded/seed1.csv
189,2.0,1531303.0,1743974.0,88073152.0,59.985,INDETERMINATE,189,0,data/test/3sat/400/3sat_9.cnf,0.0046198368072509,0.105049,0.2932047843933105,0.2978246212005615,60.38787362120056,3sat_9.cnf,local_reopen_guarded,+ Local Boundary Correction,1,False,True,runs/analysis/full400_seed_robustness/raw/local_reopen_guarded/seed1.csv
190,2.0,1439214.0,1652165.0,84298444.0,59.9793,INDETERMINATE,190,0,data/test/3sat/400/3sat_90.cnf,0.0047357082366943,0.093227,0.2895729541778564,0.2943086624145508,60.36683566241455,3sat_90.cnf,local_reopen_guarded,+ Local Boundary Correction,1,False,True,runs/analysis/full400_seed_robustness/raw/local_reopen_guarded/seed1.csv
191,1.0,41.0,125.0,3065.0,0.001894,SATISFIABLE,191,0,data/test/3sat/400/3sat_91.cnf,0.0047357082366943,0.091972,0.2895729541778564,0.2943086624145508,0.3881746624145508,3sat_91.cnf,local_reopen_guarded,+ Local Boundary Correction,1,True,False,runs/analysis/full400_seed_robustness/raw/local_reopen_guarded/seed1.csv
192,1.0,84619.0,96791.0,5278901.0,3.40389,SATISFIABLE,192,0,data/test/3sat/400/3sat_92.cnf,0.0047357082366943,0.084547,0.2895729541778564,0.2943086624145508,3.782745662414551,3sat_92.cnf,local_reopen_guarded,+ Local Boundary Correction,1,True,False,runs/analysis/full400_seed_robustness/raw/local_reopen_guarded/seed1.csv
193,2.0,621792.0,720709.0,37565651.0,22.9451,SATISFIABLE,193,0,data/test/3sat/400/3sat_93.cnf,0.0047357082366943,0.095922,0.2895729541778564,0.2943086624145508,23.335330662414552,3sat_93.cnf,local_reopen_guarded,+ Local Boundary Correction,1,True,False,runs/analysis/full400_seed_robustness/raw/local_reopen_guarded/seed1.csv
194,1.0,53988.0,62131.0,3367378.0,1.68945,SATISFIABLE,194,0,data/test/3sat/400/3sat_94.cnf,0.0047357082366943,0.096607,0.2895729541778564,0.2943086624145508,2.080365662414551,3sat_94.cnf,local_reopen_guarded,+ Local Boundary Correction,1,True,False,runs/analysis/full400_seed_robustness/raw/local_reopen_guarded/seed1.csv
195,2.0,1469168.0,1672951.0,82236211.0,59.9684,INDETERMINATE,195,0,data/test/3sat/400/3sat_95.cnf,0.0047357082366943,0.1043009999999999,0.2895729541778564,0.2943086624145508,60.36700966241455,3sat_95.cnf,local_reopen_guarded,+ Local Boundary Correction,1,False,True,runs/analysis/full400_seed_robustness/raw/local_reopen_guarded/seed1.csv
196,1.0,3109.0,3849.0,199282.0,0.064289,SATISFIABLE,196,0,data/test/3sat/400/3sat_96.cnf,0.0047357082366943,0.098644,0.2895729541778564,0.2943086624145508,0.4572416624145508,3sat_96.cnf,local_reopen_guarded,+ Local Boundary Correction,1,True,False,runs/analysis/full400_seed_robustness/raw/local_reopen_guarded/seed1.csv
197,2.0,425291.0,491074.0,25526527.0,14.2456,SATISFIABLE,197,0,data/test/3sat/400/3sat_97.cnf,0.0047357082366943,0.108728,0.2895729541778564,0.2943086624145508,14.64863666241455,3sat_97.cnf,local_reopen_guarded,+ Local Boundary Correction,1,True,False,runs/analysis/full400_seed_robustness/raw/local_reopen_guarded/seed1.csv
198,2.0,1496670.0,1695952.0,84346142.0,59.9818,INDETERMINATE,198,0,data/test/3sat/400/3sat_98.cnf,0.0047357082366943,0.0989309999999999,0.2895729541778564,0.2943086624145508,60.37503966241455,3sat_98.cnf,local_reopen_guarded,+ Local Boundary Correction,1,False,True,runs/analysis/full400_seed_robustness/raw/local_reopen_guarded/seed1.csv
199,2.0,1490079.0,1700663.0,82226876.0,59.9717,INDETERMINATE,199,0,data/test/3sat/400/3sat_99.cnf,0.0047357082366943,0.097483,0.2895729541778564,0.2943086624145508,60.36349166241455,3sat_99.cnf,local_reopen_guarded,+ Local Boundary Correction,1,False,True,runs/analysis/full400_seed_robustness/raw/local_reopen_guarded/seed1.csv
0,2.0,1471420.0,1679297.0,82008245.0,59.9574,INDETERMINATE,0,0,data/test/3sat/400/3sat_0.cnf,0.3236424922943115,0.0,0.0,0.3236424922943115,60.28104249229431,3sat_0.cnf,one_shot,One-shot,2,False,True,runs/analysis/full400_seed_robustness/raw/one_shot/seed2.csv
1,1.0,73715.0,85712.0,4316774.0,2.78362,SATISFIABLE,1,0,data/test/3sat/400/3sat_1.cnf,0.3236424922943115,0.0,0.0,0.3236424922943115,3.1072624922943115,3sat_1.cnf,one_shot,One-shot,2,True,False,runs/analysis/full400_seed_robustness/raw/one_shot/seed2.csv
2,2.0,1510022.0,1724005.0,85197962.0,59.9706,INDETERMINATE,2,0,data/test/3sat/400/3sat_10.cnf,0.3236424922943115,0.0,0.0,0.3236424922943115,60.29424249229431,3sat_10.cnf,one_shot,One-shot,2,False,True,runs/analysis/full400_seed_robustness/raw/one_shot/seed2.csv
3,1.0,3392.0,4166.0,213902.0,0.06403,SATISFIABLE,3,0,data/test/3sat/400/3sat_100.cnf,0.3236424922943115,0.0,0.0,0.3236424922943115,0.3876724922943115,3sat_100.cnf,one_shot,One-shot,2,True,False,runs/analysis/full400_seed_robustness/raw/one_shot/seed2.csv
4,2.0,1429005.0,1633094.0,80275671.0,59.9702,INDETERMINATE,4,0,data/test/3sat/400/3sat_101.cnf,0.3236424922943115,0.0,0.0,0.3236424922943115,60.29384249229431,3sat_101.cnf,one_shot,One-shot,2,False,True,runs/analysis/full400_seed_robustness/raw/one_shot/seed2.csv
5,2.0,1480097.0,1712389.0,84644219.0,59.9721,INDETERMINATE,5,0,data/test/3sat/400/3sat_102.cnf,0.3236424922943115,0.0,0.0,0.3236424922943115,60.29574249229431,3sat_102.cnf,one_shot,One-shot,2,False,True,runs/analysis/full400_seed_robustness/raw/one_shot/seed2.csv
6,2.0,1530265.0,1758834.0,86899356.0,59.9728,INDETERMINATE,6,0,data/test/3sat/400/3sat_103.cnf,0.3236424922943115,0.0,0.0,0.3236424922943115,60.29644249229431,3sat_103.cnf,one_shot,One-shot,2,False,True,runs/analysis/full400_seed_robustness/raw/one_shot/seed2.csv
7,2.0,1472774.0,1682440.0,81856156.0,59.9913,INDETERMINATE,7,0,data/test/3sat/400/3sat_104.cnf,0.3236424922943115,0.0,0.0,0.3236424922943115,60.31494249229432,3sat_104.cnf,one_shot,One-shot,2,False,True,runs/analysis/full400_seed_robustness/raw/one_shot/seed2.csv
8,2.0,1554568.0,1768646.0,88930811.0,59.9935,INDETERMINATE,8,0,data/test/3sat/400/3sat_105.cnf,0.3236424922943115,0.0,0.0,0.3236424922943115,60.31714249229431,3sat_105.cnf,one_shot,One-shot,2,False,True,runs/analysis/full400_seed_robustness/raw/one_shot/seed2.csv
9,2.0,1436933.0,1643162.0,80056201.0,59.9668,INDETERMINATE,9,0,data/test/3sat/400/3sat_106.cnf,0.3236424922943115,0.0,0.0,0.3236424922943115,60.29044249229431,3sat_106.cnf,one_shot,One-shot,2,False,True,runs/analysis/full400_seed_robustness/raw/one_shot/seed2.csv
10,2.0,1379868.0,1585339.0,78703636.0,59.9691,INDETERMINATE,10,0,data/test/3sat/400/3sat_107.cnf,0.4311888217926025,0.0,0.0,0.4311888217926025,60.4002888217926,3sat_107.cnf,one_shot,One-shot,2,False,True,runs/analysis/full400_seed_robustness/raw/one_shot/seed2.csv
11,2.0,1499034.0,1726434.0,83934542.0,59.9884,INDETERMINATE,11,0,data/test/3sat/400/3sat_108.cnf,0.4311888217926025,0.0,0.0,0.4311888217926025,60.4195888217926,3sat_108.cnf,one_shot,One-shot,2,False,True,runs/analysis/full400_seed_robustness/raw/one_shot/seed2.csv
12,2.0,1560922.0,1788429.0,87377407.0,59.9874,INDETERMINATE,12,0,data/test/3sat/400/3sat_109.cnf,0.4311888217926025,0.0,0.0,0.4311888217926025,60.4185888217926,3sat_109.cnf,one_shot,One-shot,2,False,True,runs/analysis/full400_seed_robustness/raw/one_shot/seed2.csv
13,1.0,40661.0,47692.0,2496556.0,1.38306,SATISFIABLE,13,0,data/test/3sat/400/3sat_11.cnf,0.4311888217926025,0.0,0.0,0.4311888217926025,1.8142488217926025,3sat_11.cnf,one_shot,One-shot,2,True,False,runs/analysis/full400_seed_robustness/raw/one_shot/seed2.csv
14,2.0,1503413.0,1725085.0,86916524.0,59.9817,INDETERMINATE,14,0,data/test/3sat/400/3sat_110.cnf,0.4311888217926025,0.0,0.0,0.4311888217926025,60.4128888217926,3sat_110.cnf,one_shot,One-shot,2,False,True,runs/analysis/full400_seed_robustness/raw/one_shot/seed2.csv
15,2.0,1471245.0,1687645.0,85864879.0,59.9743,INDETERMINATE,15,0,data/test/3sat/400/3sat_111.cnf,0.4311888217926025,0.0,0.0,0.4311888217926025,60.4054888217926,3sat_111.cnf,one_shot,One-shot,2,False,True,runs/analysis/full400_seed_robustness/raw/one_shot/seed2.csv
16,2.0,1482001.0,1684674.0,85728464.0,59.9699,INDETERMINATE,16,0,data/test/3sat/400/3sat_112.cnf,0.4311888217926025,0.0,0.0,0.4311888217926025,60.401088821792605,3sat_112.cnf,one_shot,One-shot,2,False,True,runs/analysis/full400_seed_robustness/raw/one_shot/seed2.csv
17,2.0,1396739.0,1584874.0,80117257.0,59.9694,INDETERMINATE,17,0,data/test/3sat/400/3sat_113.cnf,0.4311888217926025,0.0,0.0,0.4311888217926025,60.4005888217926,3sat_113.cnf,one_shot,One-shot,2,False,True,runs/analysis/full400_seed_robustness/raw/one_shot/seed2.csv
18,2.0,1445243.0,1659678.0,81772880.0,59.9845,INDETERMINATE,18,0,data/test/3sat/400/3sat_114.cnf,0.4311888217926025,0.0,0.0,0.4311888217926025,60.4156888217926,3sat_114.cnf,one_shot,One-shot,2,False,True,runs/analysis/full400_seed_robustness/raw/one_shot/seed2.csv
19,2.0,1405593.0,1604841.0,79393431.0,59.9855,INDETERMINATE,19,0,data/test/3sat/400/3sat_115.cnf,0.4311888217926025,0.0,0.0,0.4311888217926025,60.41668882179261,3sat_115.cnf,one_shot,One-shot,2,False,True,runs/analysis/full400_seed_robustness/raw/one_shot/seed2.csv
20,2.0,1451555.0,1652692.0,81099129.0,59.9934,INDETERMINATE,20,0,data/test/3sat/400/3sat_116.cnf,0.3277125358581543,0.0,0.0,0.3277125358581543,60.32111253585816,3sat_116.cnf,one_shot,One-shot,2,False,True,runs/analysis/full400_seed_robustness/raw/one_shot/seed2.csv
21,2.0,1485881.0,1701012.0,82999094.0,59.993,INDETERMINATE,21,0,data/test/3sat/400/3sat_117.cnf,0.3277125358581543,0.0,0.0,0.3277125358581543,60.32071253585816,3sat_117.cnf,one_shot,One-shot,2,False,True,runs/analysis/full400_seed_robustness/raw/one_shot/seed2.csv
22,2.0,1477946.0,1689538.0,83143299.0,59.9683,INDETERMINATE,22,0,data/test/3sat/400/3sat_118.cnf,0.3277125358581543,0.0,0.0,0.3277125358581543,60.29601253585816,3sat_118.cnf,one_shot,One-shot,2,False,True,runs/analysis/full400_seed_robustness/raw/one_shot/seed2.csv
23,2.0,1527742.0,1746819.0,84483753.0,59.9951,INDETERMINATE,23,0,data/test/3sat/400/3sat_119.cnf,0.3277125358581543,0.0,0.0,0.3277125358581543,60.32281253585816,3sat_119.cnf,one_shot,One-shot,2,False,True,runs/analysis/full400_seed_robustness/raw/one_shot/seed2.csv
24,2.0,1478689.0,1690939.0,82990718.0,59.9889,INDETERMINATE,24,0,data/test/3sat/400/3sat_12.cnf,0.3277125358581543,0.0,0.0,0.3277125358581543,60.31661253585816,3sat_12.cnf,one_shot,One-shot,2,False,True,runs/analysis/full400_seed_robustness/raw/one_shot/seed2.csv
25,1.0,75813.0,87762.0,4687360.0,3.04776,SATISFIABLE,25,0,data/test/3sat/400/3sat_120.cnf,0.3277125358581543,0.0,0.0,0.3277125358581543,3.375472535858154,3sat_120.cnf,one_shot,One-shot,2,True,False,runs/analysis/full400_seed_robustness/raw/one_shot/seed2.csv
26,1.0,47329.0,54623.0,2823769.0,1.40023,SATISFIABLE,26,0,data/test/3sat/400/3sat_121.cnf,0.3277125358581543,0.0,0.0,0.3277125358581543,1.7279425358581544,3sat_121.cnf,one_shot,One-shot,2,True,False,runs/analysis/full400_seed_robustness/raw/one_shot/seed2.csv
27,2.0,1469933.0,1681550.0,84055921.0,59.9653,INDETERMINATE,27,0,data/test/3sat/400/3sat_122.cnf,0.3277125358581543,0.0,0.0,0.3277125358581543,60.29301253585815,3sat_122.cnf,one_shot,One-shot,2,False,True,runs/analysis/full400_seed_robustness/raw/one_shot/seed2.csv
28,2.0,1470722.0,1672903.0,83805863.0,59.978,INDETERMINATE,28,0,data/test/3sat/400/3sat_123.cnf,0.3277125358581543,0.0,0.0,0.3277125358581543,60.30571253585816,3sat_123.cnf,one_shot,One-shot,2,False,True,runs/analysis/full400_seed_robustness/raw/one_shot/seed2.csv
29,1.0,654.0,900.0,43163.0,0.012815,SATISFIABLE,29,0,data/test/3sat/400/3sat_124.cnf,0.3277125358581543,0.0,0.0,0.3277125358581543,0.3405275358581543,3sat_124.cnf,one_shot,One-shot,2,True,False,runs/analysis/full400_seed_robustness/raw/one_shot/seed2.csv
30,1.0,87018.0,101016.0,5296049.0,3.09883,SATISFIABLE,30,0,data/test/3sat/400/3sat_125.cnf,0.3390712738037109,0.0,0.0,0.3390712738037109,3.437901273803711,3sat_125.cnf,one_shot,One-shot,2,True,False,runs/analysis/full400_seed_robustness/raw/one_shot/seed2.csv
31,2.0,1489676.0,1703329.0,85388052.0,59.9683,INDETERMINATE,31,0,data/test/3sat/400/3sat_126.cnf,0.3390712738037109,0.0,0.0,0.3390712738037109,60.30737127380371,3sat_126.cnf,one_shot,One-shot,2,False,True,runs/analysis/full400_seed_robustness/raw/one_shot/seed2.csv
32,2.0,1424000.0,1648444.0,83409880.0,59.9809,INDETERMINATE,32,0,data/test/3sat/400/3sat_127.cnf,0.3390712738037109,0.0,0.0,0.3390712738037109,60.31997127380371,3sat_127.cnf,one_shot,One-shot,2,False,True,runs/analysis/full400_seed_robustness/raw/one_shot/seed2.csv
33,2.0,972401.0,1117185.0,56912346.0,34.4586,SATISFIABLE,33,0,data/test/3sat/400/3sat_128.cnf,0.3390712738037109,0.0,0.0,0.3390712738037109,34.79767127380371,3sat_128.cnf,one_shot,One-shot,2,True,False,runs/analysis/full400_seed_robustness/raw/one_shot/seed2.csv
34,1.0,28034.0,33114.0,1750425.0,0.783791,SATISFIABLE,34,0,data/test/3sat/400/3sat_129.cnf,0.3390712738037109,0.0,0.0,0.3390712738037109,1.1228622738037108,3sat_129.cnf,one_shot,One-shot,2,True,False,runs/analysis/full400_seed_robustness/raw/one_shot/seed2.csv
35,2.0,1459919.0,1678937.0,83837810.0,59.9932,INDETERMINATE,35,0,data/test/3sat/400/3sat_13.cnf,0.3390712738037109,0.0,0.0,0.3390712738037109,60.33227127380371,3sat_13.cnf,one_shot,One-shot,2,False,True,runs/analysis/full400_seed_robustness/raw/one_shot/seed2.csv
36,2.0,121568.0,139021.0,7304329.0,4.31258,SATISFIABLE,36,0,data/test/3sat/400/3sat_130.cnf,0.3390712738037109,0.0,0.0,0.3390712738037109,4.651651273803711,3sat_130.cnf,one_shot,One-shot,2,True,False,runs/analysis/full400_seed_robustness/raw/one_shot/seed2.csv
37,1.0,82086.0,96037.0,5035591.0,3.36131,SATISFIABLE,37,0,data/test/3sat/400/3sat_131.cnf,0.3390712738037109,0.0,0.0,0.3390712738037109,3.700381273803711,3sat_131.cnf,one_shot,One-shot,2,True,False,runs/analysis/full400_seed_robustness/raw/one_shot/seed2.csv
38,1.0,4890.0,5982.0,303741.0,0.096945,SATISFIABLE,38,0,data/test/3sat/400/3sat_132.cnf,0.3390712738037109,0.0,0.0,0.3390712738037109,0.4360162738037109,3sat_132.cnf,one_shot,One-shot,2,True,False,runs/analysis/full400_seed_robustness/raw/one_shot/seed2.csv
39,2.0,1413265.0,1634153.0,82328320.0,59.9886,INDETERMINATE,39,0,data/test/3sat/400/3sat_133.cnf,0.3390712738037109,0.0,0.0,0.3390712738037109,60.32767127380371,3sat_133.cnf,one_shot,One-shot,2,False,True,runs/analysis/full400_seed_robustness/raw/one_shot/seed2.csv
40,2.0,1417228.0,1622307.0,79266387.0,59.9828,INDETERMINATE,40,0,data/test/3sat/400/3sat_134.cnf,0.3277080059051513,0.0,0.0,0.3277080059051513,60.31050800590515,3sat_134.cnf,one_shot,One-shot,2,False,True,runs/analysis/full400_seed_robustness/raw/one_shot/seed2.csv
41,2.0,1588430.0,1807830.0,88645062.0,59.9848,INDETERMINATE,41,0,data/test/3sat/400/3sat_135.cnf,0.3277080059051513,0.0,0.0,0.3277080059051513,60.31250800590515,3sat_135.cnf,one_shot,One-shot,2,False,True,runs/analysis/full400_seed_robustness/raw/one_shot/seed2.csv
42,2.0,1431449.0,1641566.0,84056530.0,59.9449,INDETERMINATE,42,0,data/test/3sat/400/3sat_136.cnf,0.3277080059051513,0.0,0.0,0.3277080059051513,60.27260800590515,3sat_136.cnf,one_shot,One-shot,2,False,True,runs/analysis/full400_seed_robustness/raw/one_shot/seed2.csv
43,2.0,1487773.0,1686536.0,80295732.0,59.9841,INDETERMINATE,43,0,data/test/3sat/400/3sat_137.cnf,0.3277080059051513,0.0,0.0,0.3277080059051513,60.31180800590515,3sat_137.cnf,one_shot,One-shot,2,False,True,runs/analysis/full400_seed_robustness/raw/one_shot/seed2.csv
44,2.0,1529783.0,1740077.0,88430357.0,59.9821,INDETERMINATE,44,0,data/test/3sat/400/3sat_138.cnf,0.3277080059051513,0.0,0.0,0.3277080059051513,60.309808005905154,3sat_138.cnf,one_shot,One-shot,2,False,True,runs/analysis/full400_seed_robustness/raw/one_shot/seed2.csv
45,2.0,1515124.0,1741445.0,86546834.0,59.9923,INDETERMINATE,45,0,data/test/3sat/400/3sat_139.cnf,0.3277080059051513,0.0,0.0,0.3277080059051513,60.32000800590515,3sat_139.cnf,one_shot,One-shot,2,False,True,runs/analysis/full400_seed_robustness/raw/one_shot/seed2.csv
46,2.0,133587.0,154405.0,8365184.0,5.19327,SATISFIABLE,46,0,data/test/3sat/400/3sat_14.cnf,0.3277080059051513,0.0,0.0,0.3277080059051513,5.520978005905151,3sat_14.cnf,one_shot,One-shot,2,True,False,runs/analysis/full400_seed_robustness/raw/one_shot/seed2.csv
47,2.0,1244295.0,1419655.0,73705026.0,49.8016,SATISFIABLE,47,0,data/test/3sat/400/3sat_140.cnf,0.3277080059051513,0.0,0.0,0.3277080059051513,50.12930800590515,3sat_140.cnf,one_shot,One-shot,2,True,False,runs/analysis/full400_seed_robustness/raw/one_shot/seed2.csv
48,1.0,71109.0,82102.0,4299119.0,2.94507,SATISFIABLE,48,0,data/test/3sat/400/3sat_141.cnf,0.3277080059051513,0.0,0.0,0.3277080059051513,3.272778005905151,3sat_141.cnf,one_shot,One-shot,2,True,False,runs/analysis/full400_seed_robustness/raw/one_shot/seed2.csv
49,1.0,61037.0,70865.0,3765471.0,2.03106,SATISFIABLE,49,0,data/test/3sat/400/3sat_142.cnf,0.3277080059051513,0.0,0.0,0.3277080059051513,2.3587680059051515,3sat_142.cnf,one_shot,One-shot,2,True,False,runs/analysis/full400_seed_robustness/raw/one_shot/seed2.csv
50,2.0,1450721.0,1665864.0,83421662.0,59.9977,INDETERMINATE,50,0,data/test/3sat/400/3sat_143.cnf,0.3467087745666504,0.0,0.0,0.3467087745666504,60.34440877456665,3sat_143.cnf,one_shot,One-shot,2,False,True,runs/analysis/full400_seed_robustness/raw/one_shot/seed2.csv
51,2.0,1354255.0,1538273.0,75425339.0,59.9694,INDETERMINATE,51,0,data/test/3sat/400/3sat_144.cnf,0.3467087745666504,0.0,0.0,0.3467087745666504,60.31610877456665,3sat_144.cnf,one_shot,One-shot,2,False,True,runs/analysis/full400_seed_robustness/raw/one_shot/seed2.csv
52,2.0,1403895.0,1623543.0,80280465.0,59.9824,INDETERMINATE,52,0,data/test/3sat/400/3sat_145.cnf,0.3467087745666504,0.0,0.0,0.3467087745666504,60.32910877456665,3sat_145.cnf,one_shot,One-shot,2,False,True,runs/analysis/full400_seed_robustness/raw/one_shot/seed2.csv
53,2.0,1502591.0,1719818.0,84237428.0,59.9917,INDETERMINATE,53,0,data/test/3sat/400/3sat_146.cnf,0.3467087745666504,0.0,0.0,0.3467087745666504,60.33840877456665,3sat_146.cnf,one_shot,One-shot,2,False,True,runs/analysis/full400_seed_robustness/raw/one_shot/seed2.csv
54,2.0,392510.0,450448.0,23393708.0,12.9892,SATISFIABLE,54,0,data/test/3sat/400/3sat_147.cnf,0.3467087745666504,0.0,0.0,0.3467087745666504,13.33590877456665,3sat_147.cnf,one_shot,One-shot,2,True,False,runs/analysis/full400_seed_robustness/raw/one_shot/seed2.csv
55,2.0,1525164.0,1752216.0,89069776.0,59.9965,INDETERMINATE,55,0,data/test/3sat/400/3sat_148.cnf,0.3467087745666504,0.0,0.0,0.3467087745666504,60.34320877456665,3sat_148.cnf,one_shot,One-shot,2,False,True,runs/analysis/full400_seed_robustness/raw/one_shot/seed2.csv
56,1.0,97366.0,112279.0,5819460.0,3.79443,SATISFIABLE,56,0,data/test/3sat/400/3sat_149.cnf,0.3467087745666504,0.0,0.0,0.3467087745666504,4.141138774566651,3sat_149.cnf,one_shot,One-shot,2,True,False,runs/analysis/full400_seed_robustness/raw/one_shot/seed2.csv
57,2.0,1481508.0,1683747.0,84255877.0,59.961,INDETERMINATE,57,0,data/test/3sat/400/3sat_15.cnf,0.3467087745666504,0.0,0.0,0.3467087745666504,60.30770877456665,3sat_15.cnf,one_shot,One-shot,2,False,True,runs/analysis/full400_seed_robustness/raw/one_shot/seed2.csv
58,1.0,16970.0,19929.0,1057698.0,0.395919,SATISFIABLE,58,0,data/test/3sat/400/3sat_150.cnf,0.3467087745666504,0.0,0.0,0.3467087745666504,0.7426277745666504,3sat_150.cnf,one_shot,One-shot,2,True,False,runs/analysis/full400_seed_robustness/raw/one_shot/seed2.csv
59,2.0,1468946.0,1668649.0,84693542.0,59.9752,INDETERMINATE,59,0,data/test/3sat/400/3sat_151.cnf,0.3467087745666504,0.0,0.0,0.3467087745666504,60.32190877456665,3sat_151.cnf,one_shot,One-shot,2,False,True,runs/analysis/full400_seed_robustness/raw/one_shot/seed2.csv
60,2.0,1497453.0,1724161.0,83965844.0,59.9711,INDETERMINATE,60,0,data/test/3sat/400/3sat_152.cnf,0.3136153221130371,0.0,0.0,0.3136153221130371,60.28471532211304,3sat_152.cnf,one_shot,One-shot,2,False,True,runs/analysis/full400_seed_robustness/raw/one_shot/seed2.csv
61,2.0,1445911.0,1647819.0,81075179.0,59.9736,INDETERMINATE,61,0,data/test/3sat/400/3sat_153.cnf,0.3136153221130371,0.0,0.0,0.3136153221130371,60.28721532211304,3sat_153.cnf,one_shot,One-shot,2,False,True,runs/analysis/full400_seed_robustness/raw/one_shot/seed2.csv
62,1.0,42118.0,49122.0,2596236.0,1.39089,SATISFIABLE,62,0,data/test/3sat/400/3sat_154.cnf,0.3136153221130371,0.0,0.0,0.3136153221130371,1.704505322113037,3sat_154.cnf,one_shot,One-shot,2,True,False,runs/analysis/full400_seed_robustness/raw/one_shot/seed2.csv
63,2.0,1482356.0,1688818.0,82823700.0,59.9874,INDETERMINATE,63,0,data/test/3sat/400/3sat_155.cnf,0.3136153221130371,0.0,0.0,0.3136153221130371,60.30101532211304,3sat_155.cnf,one_shot,One-shot,2,False,True,runs/analysis/full400_seed_robustness/raw/one_shot/seed2.csv
64,2.0,1503008.0,1715767.0,85248782.0,59.9883,INDETERMINATE,64,0,data/test/3sat/400/3sat_156.cnf,0.3136153221130371,0.0,0.0,0.3136153221130371,60.30191532211304,3sat_156.cnf,one_shot,One-shot,2,False,True,runs/analysis/full400_seed_robustness/raw/one_shot/seed2.csv
65,1.0,75250.0,88905.0,4657000.0,2.90257,SATISFIABLE,65,0,data/test/3sat/400/3sat_157.cnf,0.3136153221130371,0.0,0.0,0.3136153221130371,3.216185322113037,3sat_157.cnf,one_shot,One-shot,2,True,False,runs/analysis/full400_seed_robustness/raw/one_shot/seed2.csv
66,2.0,1521523.0,1723434.0,84633073.0,59.9806,INDETERMINATE,66,0,data/test/3sat/400/3sat_158.cnf,0.3136153221130371,0.0,0.0,0.3136153221130371,60.29421532211304,3sat_158.cnf,one_shot,One-shot,2,False,True,runs/analysis/full400_seed_robustness/raw/one_shot/seed2.csv
67,2.0,1516538.0,1741408.0,87237730.0,59.9859,INDETERMINATE,67,0,data/test/3sat/400/3sat_159.cnf,0.3136153221130371,0.0,0.0,0.3136153221130371,60.29951532211304,3sat_159.cnf,one_shot,One-shot,2,False,True,runs/analysis/full400_seed_robustness/raw/one_shot/seed2.csv
68,2.0,1532073.0,1740465.0,87957014.0,59.9769,INDETERMINATE,68,0,data/test/3sat/400/3sat_16.cnf,0.3136153221130371,0.0,0.0,0.3136153221130371,60.29051532211304,3sat_16.cnf,one_shot,One-shot,2,False,True,runs/analysis/full400_seed_robustness/raw/one_shot/seed2.csv
69,2.0,1502289.0,1719951.0,83817153.0,59.9842,INDETERMINATE,69,0,data/test/3sat/400/3sat_160.cnf,0.3136153221130371,0.0,0.0,0.3136153221130371,60.29781532211304,3sat_160.cnf,one_shot,One-shot,2,False,True,runs/analysis/full400_seed_robustness/raw/one_shot/seed2.csv
70,2.0,1538379.0,1751750.0,89010807.0,59.9761,INDETERMINATE,70,0,data/test/3sat/400/3sat_161.cnf,0.3306155204772949,0.0,0.0,0.3306155204772949,60.3067155204773,3sat_161.cnf,one_shot,One-shot,2,False,True,runs/analysis/full400_seed_robustness/raw/one_shot/seed2.csv
71,2.0,1409510.0,1593383.0,79402802.0,59.9597,INDETERMINATE,71,0,data/test/3sat/400/3sat_162.cnf,0.3306155204772949,0.0,0.0,0.3306155204772949,60.29031552047729,3sat_162.cnf,one_shot,One-shot,2,False,True,runs/analysis/full400_seed_robustness/raw/one_shot/seed2.csv
72,2.0,1421292.0,1613996.0,80053831.0,59.9747,INDETERMINATE,72,0,data/test/3sat/400/3sat_163.cnf,0.3306155204772949,0.0,0.0,0.3306155204772949,60.30531552047729,3sat_163.cnf,one_shot,One-shot,2,False,True,runs/analysis/full400_seed_robustness/raw/one_shot/seed2.csv
73,2.0,1531252.0,1757196.0,88966249.0,59.9755,INDETERMINATE,73,0,data/test/3sat/400/3sat_164.cnf,0.3306155204772949,0.0,0.0,0.3306155204772949,60.30611552047729,3sat_164.cnf,one_shot,One-shot,2,False,True,runs/analysis/full400_seed_robustness/raw/one_shot/seed2.csv
74,1.0,7043.0,8408.0,453223.0,0.147636,SATISFIABLE,74,0,data/test/3sat/400/3sat_165.cnf,0.3306155204772949,0.0,0.0,0.3306155204772949,0.4782515204772949,3sat_165.cnf,one_shot,One-shot,2,True,False,runs/analysis/full400_seed_robustness/raw/one_shot/seed2.csv
75,2.0,1536298.0,1756480.0,86744936.0,59.982,INDETERMINATE,75,0,data/test/3sat/400/3sat_166.cnf,0.3306155204772949,0.0,0.0,0.3306155204772949,60.312615520477294,3sat_166.cnf,one_shot,One-shot,2,False,True,runs/analysis/full400_seed_robustness/raw/one_shot/seed2.csv
76,2.0,399529.0,460797.0,23951550.0,12.8347,SATISFIABLE,76,0,data/test/3sat/400/3sat_167.cnf,0.3306155204772949,0.0,0.0,0.3306155204772949,13.165315520477296,3sat_167.cnf,one_shot,One-shot,2,True,False,runs/analysis/full400_seed_robustness/raw/one_shot/seed2.csv
77,2.0,1378001.0,1558724.0,78987043.0,59.9821,INDETERMINATE,77,0,data/test/3sat/400/3sat_168.cnf,0.3306155204772949,0.0,0.0,0.3306155204772949,60.3127155204773,3sat_168.cnf,one_shot,One-shot,2,False,True,runs/analysis/full400_seed_robustness/raw/one_shot/seed2.csv
78,2.0,1425310.0,1636243.0,82340303.0,59.9861,INDETERMINATE,78,0,data/test/3sat/400/3sat_169.cnf,0.3306155204772949,0.0,0.0,0.3306155204772949,60.316715520477295,3sat_169.cnf,one_shot,One-shot,2,False,True,runs/analysis/full400_seed_robustness/raw/one_shot/seed2.csv
79,2.0,1396607.0,1599784.0,78505846.0,59.9964,INDETERMINATE,79,0,data/test/3sat/400/3sat_17.cnf,0.3306155204772949,0.0,0.0,0.3306155204772949,60.327015520477296,3sat_17.cnf,one_shot,One-shot,2,False,True,runs/analysis/full400_seed_robustness/raw/one_shot/seed2.csv
80,2.0,1381035.0,1576137.0,76897608.0,59.9885,INDETERMINATE,80,0,data/test/3sat/400/3sat_170.cnf,0.3160135746002197,0.0,0.0,0.3160135746002197,60.30451357460022,3sat_170.cnf,one_shot,One-shot,2,False,True,runs/analysis/full400_seed_robustness/raw/one_shot/seed2.csv
81,2.0,1417545.0,1614693.0,80495699.0,59.9809,INDETERMINATE,81,0,data/test/3sat/400/3sat_171.cnf,0.3160135746002197,0.0,0.0,0.3160135746002197,60.29691357460022,3sat_171.cnf,one_shot,One-shot,2,False,True,runs/analysis/full400_seed_robustness/raw/one_shot/seed2.csv
82,2.0,1400497.0,1617020.0,81467251.0,59.9729,INDETERMINATE,82,0,data/test/3sat/400/3sat_172.cnf,0.3160135746002197,0.0,0.0,0.3160135746002197,60.28891357460022,3sat_172.cnf,one_shot,One-shot,2,False,True,runs/analysis/full400_seed_robustness/raw/one_shot/seed2.csv
83,2.0,1401671.0,1602131.0,80508465.0,59.9442,INDETERMINATE,83,0,data/test/3sat/400/3sat_173.cnf,0.3160135746002197,0.0,0.0,0.3160135746002197,60.26021357460022,3sat_173.cnf,one_shot,One-shot,2,False,True,runs/analysis/full400_seed_robustness/raw/one_shot/seed2.csv
84,2.0,1474512.0,1673025.0,82793018.0,59.9823,INDETERMINATE,84,0,data/test/3sat/400/3sat_174.cnf,0.3160135746002197,0.0,0.0,0.3160135746002197,60.29831357460022,3sat_174.cnf,one_shot,One-shot,2,False,True,runs/analysis/full400_seed_robustness/raw/one_shot/seed2.csv
85,2.0,1553657.0,1762553.0,85891254.0,59.9816,INDETERMINATE,85,0,data/test/3sat/400/3sat_175.cnf,0.3160135746002197,0.0,0.0,0.3160135746002197,60.29761357460022,3sat_175.cnf,one_shot,One-shot,2,False,True,runs/analysis/full400_seed_robustness/raw/one_shot/seed2.csv
86,1.0,44850.0,52377.0,2659490.0,1.50566,SATISFIABLE,86,0,data/test/3sat/400/3sat_176.cnf,0.3160135746002197,0.0,0.0,0.3160135746002197,1.82167357460022,3sat_176.cnf,one_shot,One-shot,2,True,False,runs/analysis/full400_seed_robustness/raw/one_shot/seed2.csv
87,2.0,1488061.0,1686397.0,85519811.0,59.9761,INDETERMINATE,87,0,data/test/3sat/400/3sat_177.cnf,0.3160135746002197,0.0,0.0,0.3160135746002197,60.29211357460022,3sat_177.cnf,one_shot,One-shot,2,False,True,runs/analysis/full400_seed_robustness/raw/one_shot/seed2.csv
88,2.0,1505354.0,1741738.0,87247967.0,59.9825,INDETERMINATE,88,0,data/test/3sat/400/3sat_178.cnf,0.3160135746002197,0.0,0.0,0.3160135746002197,60.29851357460022,3sat_178.cnf,one_shot,One-shot,2,False,True,runs/analysis/full400_seed_robustness/raw/one_shot/seed2.csv
89,2.0,1532005.0,1743951.0,88052952.0,59.9642,INDETERMINATE,89,0,data/test/3sat/400/3sat_179.cnf,0.3160135746002197,0.0,0.0,0.3160135746002197,60.28021357460022,3sat_179.cnf,one_shot,One-shot,2,False,True,runs/analysis/full400_seed_robustness/raw/one_shot/seed2.csv
90,2.0,1458938.0,1667711.0,83867986.0,59.9805,INDETERMINATE,90,0,data/test/3sat/400/3sat_18.cnf,0.3084745407104492,0.0,0.0,0.3084745407104492,60.28897454071045,3sat_18.cnf,one_shot,One-shot,2,False,True,runs/analysis/full400_seed_robustness/raw/one_shot/seed2.csv
91,2.0,479866.0,551097.0,28918715.0,16.7845,SATISFIABLE,91,0,data/test/3sat/400/3sat_180.cnf,0.3084745407104492,0.0,0.0,0.3084745407104492,17.09297454071045,3sat_180.cnf,one_shot,One-shot,2,True,False,runs/analysis/full400_seed_robustness/raw/one_shot/seed2.csv
92,1.0,52050.0,59791.0,3130772.0,1.85415,SATISFIABLE,92,0,data/test/3sat/400/3sat_181.cnf,0.3084745407104492,0.0,0.0,0.3084745407104492,2.162624540710449,3sat_181.cnf,one_shot,One-shot,2,True,False,runs/analysis/full400_seed_robustness/raw/one_shot/seed2.csv
93,2.0,1484110.0,1700201.0,81959978.0,59.9791,INDETERMINATE,93,0,data/test/3sat/400/3sat_182.cnf,0.3084745407104492,0.0,0.0,0.3084745407104492,60.28757454071045,3sat_182.cnf,one_shot,One-shot,2,False,True,runs/analysis/full400_seed_robustness/raw/one_shot/seed2.csv
94,2.0,1470647.0,1679516.0,82495261.0,59.9787,INDETERMINATE,94,0,data/test/3sat/400/3sat_183.cnf,0.3084745407104492,0.0,0.0,0.3084745407104492,60.28717454071045,3sat_183.cnf,one_shot,One-shot,2,False,True,runs/analysis/full400_seed_robustness/raw/one_shot/seed2.csv
95,2.0,1458735.0,1661718.0,83598716.0,59.9899,INDETERMINATE,95,0,data/test/3sat/400/3sat_184.cnf,0.3084745407104492,0.0,0.0,0.3084745407104492,60.29837454071045,3sat_184.cnf,one_shot,One-shot,2,False,True,runs/analysis/full400_seed_robustness/raw/one_shot/seed2.csv
96,2.0,1573401.0,1779354.0,88334591.0,59.9772,INDETERMINATE,96,0,data/test/3sat/400/3sat_185.cnf,0.3084745407104492,0.0,0.0,0.3084745407104492,60.28567454071045,3sat_185.cnf,one_shot,One-shot,2,False,True,runs/analysis/full400_seed_robustness/raw/one_shot/seed2.csv
97,2.0,1396507.0,1595304.0,76251661.0,59.9951,INDETERMINATE,97,0,data/test/3sat/400/3sat_186.cnf,0.3084745407104492,0.0,0.0,0.3084745407104492,60.30357454071045,3sat_186.cnf,one_shot,One-shot,2,False,True,runs/analysis/full400_seed_robustness/raw/one_shot/seed2.csv
98,2.0,1369886.0,1578672.0,77226615.0,59.991,INDETERMINATE,98,0,data/test/3sat/400/3sat_187.cnf,0.3084745407104492,0.0,0.0,0.3084745407104492,60.29947454071045,3sat_187.cnf,one_shot,One-shot,2,False,True,runs/analysis/full400_seed_robustness/raw/one_shot/seed2.csv
99,2.0,1526965.0,1743984.0,87329971.0,59.9931,INDETERMINATE,99,0,data/test/3sat/400/3sat_188.cnf,0.3084745407104492,0.0,0.0,0.3084745407104492,60.30157454071045,3sat_188.cnf,one_shot,One-shot,2,False,True,runs/analysis/full400_seed_robustness/raw/one_shot/seed2.csv
100,2.0,1397777.0,1597877.0,80241753.0,59.9599,INDETERMINATE,100,0,data/test/3sat/400/3sat_189.cnf,0.333641767501831,0.0,0.0,0.333641767501831,60.29354176750183,3sat_189.cnf,one_shot,One-shot,2,False,True,runs/analysis/full400_seed_robustness/raw/one_shot/seed2.csv
101,1.0,89648.0,102340.0,5281405.0,3.5293,SATISFIABLE,101,0,data/test/3sat/400/3sat_19.cnf,0.333641767501831,0.0,0.0,0.333641767501831,3.862941767501831,3sat_19.cnf,one_shot,One-shot,2,True,False,runs/analysis/full400_seed_robustness/raw/one_shot/seed2.csv
102,1.0,1353.0,1762.0,87323.0,0.023103,SATISFIABLE,102,0,data/test/3sat/400/3sat_190.cnf,0.333641767501831,0.0,0.0,0.333641767501831,0.356744767501831,3sat_190.cnf,one_shot,One-shot,2,True,False,runs/analysis/full400_seed_robustness/raw/one_shot/seed2.csv
103,2.0,1454125.0,1651231.0,81992187.0,59.9834,INDETERMINATE,103,0,data/test/3sat/400/3sat_191.cnf,0.333641767501831,0.0,0.0,0.333641767501831,60.31704176750184,3sat_191.cnf,one_shot,One-shot,2,False,True,runs/analysis/full400_seed_robustness/raw/one_shot/seed2.csv
104,2.0,1439456.0,1660469.0,81223148.0,59.9875,INDETERMINATE,104,0,data/test/3sat/400/3sat_192.cnf,0.333641767501831,0.0,0.0,0.333641767501831,60.32114176750183,3sat_192.cnf,one_shot,One-shot,2,False,True,runs/analysis/full400_seed_robustness/raw/one_shot/seed2.csv
105,2.0,1378914.0,1573655.0,79854306.0,59.9926,INDETERMINATE,105,0,data/test/3sat/400/3sat_193.cnf,0.333641767501831,0.0,0.0,0.333641767501831,60.32624176750184,3sat_193.cnf,one_shot,One-shot,2,False,True,runs/analysis/full400_seed_robustness/raw/one_shot/seed2.csv
106,2.0,1362941.0,1547422.0,77684236.0,59.9803,INDETERMINATE,106,0,data/test/3sat/400/3sat_194.cnf,0.333641767501831,0.0,0.0,0.333641767501831,60.31394176750183,3sat_194.cnf,one_shot,One-shot,2,False,True,runs/analysis/full400_seed_robustness/raw/one_shot/seed2.csv
107,2.0,1507841.0,1720547.0,87975068.0,59.9903,INDETERMINATE,107,0,data/test/3sat/400/3sat_195.cnf,0.333641767501831,0.0,0.0,0.333641767501831,60.32394176750183,3sat_195.cnf,one_shot,One-shot,2,False,True,runs/analysis/full400_seed_robustness/raw/one_shot/seed2.csv
108,2.0,885139.0,1017689.0,51832819.0,30.3534,SATISFIABLE,108,0,data/test/3sat/400/3sat_196.cnf,0.333641767501831,0.0,0.0,0.333641767501831,30.68704176750183,3sat_196.cnf,one_shot,One-shot,2,True,False,runs/analysis/full400_seed_robustness/raw/one_shot/seed2.csv
109,2.0,1473334.0,1679919.0,82613362.0,59.9746,INDETERMINATE,109,0,data/test/3sat/400/3sat_197.cnf,0.333641767501831,0.0,0.0,0.333641767501831,60.30824176750183,3sat_197.cnf,one_shot,One-shot,2,False,True,runs/analysis/full400_seed_robustness/raw/one_shot/seed2.csv
110,2.0,1447116.0,1655610.0,83783503.0,59.9764,INDETERMINATE,110,0,data/test/3sat/400/3sat_198.cnf,0.3271169662475586,0.0,0.0,0.3271169662475586,60.30351696624756,3sat_198.cnf,one_shot,One-shot,2,False,True,runs/analysis/full400_seed_robustness/raw/one_shot/seed2.csv
111,2.0,1436595.0,1645844.0,80183904.0,59.9785,INDETERMINATE,111,0,data/test/3sat/400/3sat_199.cnf,0.3271169662475586,0.0,0.0,0.3271169662475586,60.30561696624756,3sat_199.cnf,one_shot,One-shot,2,False,True,runs/analysis/full400_seed_robustness/raw/one_shot/seed2.csv
112,2.0,1460882.0,1667548.0,84834448.0,59.9825,INDETERMINATE,112,0,data/test/3sat/400/3sat_2.cnf,0.3271169662475586,0.0,0.0,0.3271169662475586,60.30961696624756,3sat_2.cnf,one_shot,One-shot,2,False,True,runs/analysis/full400_seed_robustness/raw/one_shot/seed2.csv
113,2.0,361980.0,419239.0,21758927.0,12.4528,SATISFIABLE,113,0,data/test/3sat/400/3sat_20.cnf,0.3271169662475586,0.0,0.0,0.3271169662475586,12.779916966247558,3sat_20.cnf,one_shot,One-shot,2,True,False,runs/analysis/full400_seed_robustness/raw/one_shot/seed2.csv
114,2.0,1448354.0,1676481.0,84306411.0,59.9817,INDETERMINATE,114,0,data/test/3sat/400/3sat_21.cnf,0.3271169662475586,0.0,0.0,0.3271169662475586,60.30881696624756,3sat_21.cnf,one_shot,One-shot,2,False,True,runs/analysis/full400_seed_robustness/raw/one_shot/seed2.csv
115,1.0,41448.0,48376.0,2524622.0,1.33821,SATISFIABLE,115,0,data/test/3sat/400/3sat_22.cnf,0.3271169662475586,0.0,0.0,0.3271169662475586,1.6653269662475585,3sat_22.cnf,one_shot,One-shot,2,True,False,runs/analysis/full400_seed_robustness/raw/one_shot/seed2.csv
116,2.0,1360510.0,1556890.0,75538581.0,59.9842,INDETERMINATE,116,0,data/test/3sat/400/3sat_23.cnf,0.3271169662475586,0.0,0.0,0.3271169662475586,60.31131696624756,3sat_23.cnf,one_shot,One-shot,2,False,True,runs/analysis/full400_seed_robustness/raw/one_shot/seed2.csv
117,1.0,97677.0,112677.0,5872880.0,4.1209,SATISFIABLE,117,0,data/test/3sat/400/3sat_24.cnf,0.3271169662475586,0.0,0.0,0.3271169662475586,4.448016966247558,3sat_24.cnf,one_shot,One-shot,2,True,False,runs/analysis/full400_seed_robustness/raw/one_shot/seed2.csv
118,1.0,41249.0,47888.0,2486997.0,1.18141,SATISFIABLE,118,0,data/test/3sat/400/3sat_25.cnf,0.3271169662475586,0.0,0.0,0.3271169662475586,1.5085269662475589,3sat_25.cnf,one_shot,One-shot,2,True,False,runs/analysis/full400_seed_robustness/raw/one_shot/seed2.csv
119,2.0,1385243.0,1581439.0,79385862.0,59.9999,INDETERMINATE,119,0,data/test/3sat/400/3sat_26.cnf,0.3271169662475586,0.0,0.0,0.3271169662475586,60.32701696624756,3sat_26.cnf,one_shot,One-shot,2,False,True,runs/analysis/full400_seed_robustness/raw/one_shot/seed2.csv
120,1.0,9470.0,11447.0,605518.0,0.203045,SATISFIABLE,120,0,data/test/3sat/400/3sat_27.cnf,0.3188223838806152,0.0,0.0,0.3188223838806152,0.5218673838806153,3sat_27.cnf,one_shot,One-shot,2,True,False,runs/analysis/full400_seed_robustness/raw/one_shot/seed2.csv
121,2.0,1505390.0,1723010.0,85291631.0,59.9859,INDETERMINATE,121,0,data/test/3sat/400/3sat_28.cnf,0.3188223838806152,0.0,0.0,0.3188223838806152,60.304722383880616,3sat_28.cnf,one_shot,One-shot,2,False,True,runs/analysis/full400_seed_robustness/raw/one_shot/seed2.csv
122,2.0,1523765.0,1736226.0,87623813.0,59.9882,INDETERMINATE,122,0,data/test/3sat/400/3sat_29.cnf,0.3188223838806152,0.0,0.0,0.3188223838806152,60.30702238388061,3sat_29.cnf,one_shot,One-shot,2,False,True,runs/analysis/full400_seed_robustness/raw/one_shot/seed2.csv
123,2.0,1517503.0,1740025.0,89300631.0,59.9762,INDETERMINATE,123,0,data/test/3sat/400/3sat_3.cnf,0.3188223838806152,0.0,0.0,0.3188223838806152,60.29502238388061,3sat_3.cnf,one_shot,One-shot,2,False,True,runs/analysis/full400_seed_robustness/raw/one_shot/seed2.csv
124,2.0,1474297.0,1681895.0,85202398.0,59.9823,INDETERMINATE,124,0,data/test/3sat/400/3sat_30.cnf,0.3188223838806152,0.0,0.0,0.3188223838806152,60.30112238388062,3sat_30.cnf,one_shot,One-shot,2,False,True,runs/analysis/full400_seed_robustness/raw/one_shot/seed2.csv
125,2.0,1374437.0,1571446.0,76989449.0,59.9855,INDETERMINATE,125,0,data/test/3sat/400/3sat_31.cnf,0.3188223838806152,0.0,0.0,0.3188223838806152,60.30432238388062,3sat_31.cnf,one_shot,One-shot,2,False,True,runs/analysis/full400_seed_robustness/raw/one_shot/seed2.csv
126,2.0,1441305.0,1630449.0,81179030.0,59.9831,INDETERMINATE,126,0,data/test/3sat/400/3sat_32.cnf,0.3188223838806152,0.0,0.0,0.3188223838806152,60.301922383880616,3sat_32.cnf,one_shot,One-shot,2,False,True,runs/analysis/full400_seed_robustness/raw/one_shot/seed2.csv
127,2.0,1408829.0,1616346.0,80368496.0,59.9729,INDETERMINATE,127,0,data/test/3sat/400/3sat_33.cnf,0.3188223838806152,0.0,0.0,0.3188223838806152,60.29172238388062,3sat_33.cnf,one_shot,One-shot,2,False,True,runs/analysis/full400_seed_robustness/raw/one_shot/seed2.csv
128,2.0,1540285.0,1759016.0,89226773.0,59.9891,INDETERMINATE,128,0,data/test/3sat/400/3sat_34.cnf,0.3188223838806152,0.0,0.0,0.3188223838806152,60.307922383880616,3sat_34.cnf,one_shot,One-shot,2,False,True,runs/analysis/full400_seed_robustness/raw/one_shot/seed2.csv
129,2.0,1514799.0,1739568.0,83428201.0,59.9804,INDETERMINATE,129,0,data/test/3sat/400/3sat_35.cnf,0.3188223838806152,0.0,0.0,0.3188223838806152,60.29922238388062,3sat_35.cnf,one_shot,One-shot,2,False,True,runs/analysis/full400_seed_robustness/raw/one_shot/seed2.csv
130,2.0,1475278.0,1688334.0,82870688.0,59.9686,INDETERMINATE,130,0,data/test/3sat/400/3sat_36.cnf,0.3220245838165283,0.0,0.0,0.3220245838165283,60.29062458381653,3sat_36.cnf,one_shot,One-shot,2,False,True,runs/analysis/full400_seed_robustness/raw/one_shot/seed2.csv
131,2.0,1513005.0,1717509.0,85108709.0,59.9757,INDETERMINATE,131,0,data/test/3sat/400/3sat_37.cnf,0.3220245838165283,0.0,0.0,0.3220245838165283,60.29772458381653,3sat_37.cnf,one_shot,One-shot,2,False,True,runs/analysis/full400_seed_robustness/raw/one_shot/seed2.csv
132,2.0,1528157.0,1744322.0,87196044.0,59.9873,INDETERMINATE,132,0,data/test/3sat/400/3sat_38.cnf,0.3220245838165283,0.0,0.0,0.3220245838165283,60.309324583816526,3sat_38.cnf,one_shot,One-shot,2,False,True,runs/analysis/full400_seed_robustness/raw/one_shot/seed2.csv
133,2.0,1497727.0,1723143.0,83775000.0,59.995,INDETERMINATE,133,0,data/test/3sat/400/3sat_39.cnf,0.3220245838165283,0.0,0.0,0.3220245838165283,60.317024583816526,3sat_39.cnf,one_shot,One-shot,2,False,True,runs/analysis/full400_seed_robustness/raw/one_shot/seed2.csv
134,2.0,1519638.0,1734554.0,85413907.0,59.9761,INDETERMINATE,134,0,data/test/3sat/400/3sat_4.cnf,0.3220245838165283,0.0,0.0,0.3220245838165283,60.29812458381653,3sat_4.cnf,one_shot,One-shot,2,False,True,runs/analysis/full400_seed_robustness/raw/one_shot/seed2.csv
135,2.0,1510001.0,1725603.0,85953906.0,59.9681,INDETERMINATE,135,0,data/test/3sat/400/3sat_40.cnf,0.3220245838165283,0.0,0.0,0.3220245838165283,60.29012458381653,3sat_40.cnf,one_shot,One-shot,2,False,True,runs/analysis/full400_seed_robustness/raw/one_shot/seed2.csv
136,2.0,1352373.0,1535715.0,75294494.0,59.9735,INDETERMINATE,136,0,data/test/3sat/400/3sat_41.cnf,0.3220245838165283,0.0,0.0,0.3220245838165283,60.29552458381653,3sat_41.cnf,one_shot,One-shot,2,False,True,runs/analysis/full400_seed_robustness/raw/one_shot/seed2.csv
137,2.0,1554985.0,1766995.0,84473312.0,59.9861,INDETERMINATE,137,0,data/test/3sat/400/3sat_42.cnf,0.3220245838165283,0.0,0.0,0.3220245838165283,60.30812458381653,3sat_42.cnf,one_shot,One-shot,2,False,True,runs/analysis/full400_seed_robustness/raw/one_shot/seed2.csv
138,2.0,1427161.0,1622970.0,81499130.0,59.9838,INDETERMINATE,138,0,data/test/3sat/400/3sat_43.cnf,0.3220245838165283,0.0,0.0,0.3220245838165283,60.30582458381653,3sat_43.cnf,one_shot,One-shot,2,False,True,runs/analysis/full400_seed_robustness/raw/one_shot/seed2.csv
139,2.0,1432687.0,1640688.0,82775429.0,59.9894,INDETERMINATE,139,0,data/test/3sat/400/3sat_44.cnf,0.3220245838165283,0.0,0.0,0.3220245838165283,60.31142458381653,3sat_44.cnf,one_shot,One-shot,2,False,True,runs/analysis/full400_seed_robustness/raw/one_shot/seed2.csv
140,2.0,1560901.0,1759358.0,87114395.0,59.9787,INDETERMINATE,140,0,data/test/3sat/400/3sat_45.cnf,0.4336752891540527,0.0,0.0,0.4336752891540527,60.412375289154056,3sat_45.cnf,one_shot,One-shot,2,False,True,runs/analysis/full400_seed_robustness/raw/one_shot/seed2.csv
141,2.0,977212.0,1110702.0,56336677.0,35.4187,SATISFIABLE,141,0,data/test/3sat/400/3sat_46.cnf,0.4336752891540527,0.0,0.0,0.4336752891540527,35.852375289154054,3sat_46.cnf,one_shot,One-shot,2,True,False,runs/analysis/full400_seed_robustness/raw/one_shot/seed2.csv
142,1.0,63966.0,73444.0,4017900.0,2.46074,SATISFIABLE,142,0,data/test/3sat/400/3sat_47.cnf,0.4336752891540527,0.0,0.0,0.4336752891540527,2.8944152891540527,3sat_47.cnf,one_shot,One-shot,2,True,False,runs/analysis/full400_seed_robustness/raw/one_shot/seed2.csv
143,2.0,1459514.0,1669776.0,81468322.0,59.9815,INDETERMINATE,143,0,data/test/3sat/400/3sat_48.cnf,0.4336752891540527,0.0,0.0,0.4336752891540527,60.41517528915405,3sat_48.cnf,one_shot,One-shot,2,False,True,runs/analysis/full400_seed_robustness/raw/one_shot/seed2.csv
144,2.0,1409907.0,1616187.0,81524401.0,59.9599,INDETERMINATE,144,0,data/test/3sat/400/3sat_49.cnf,0.4336752891540527,0.0,0.0,0.4336752891540527,60.39357528915405,3sat_49.cnf,one_shot,One-shot,2,False,True,runs/analysis/full400_seed_robustness/raw/one_shot/seed2.csv
145,2.0,1454680.0,1665948.0,82230560.0,59.9941,INDETERMINATE,145,0,data/test/3sat/400/3sat_5.cnf,0.4336752891540527,0.0,0.0,0.4336752891540527,60.427775289154056,3sat_5.cnf,one_shot,One-shot,2,False,True,runs/analysis/full400_seed_robustness/raw/one_shot/seed2.csv
146,2.0,1374261.0,1571879.0,78968761.0,59.9947,INDETERMINATE,146,0,data/test/3sat/400/3sat_50.cnf,0.4336752891540527,0.0,0.0,0.4336752891540527,60.42837528915405,3sat_50.cnf,one_shot,One-shot,2,False,True,runs/analysis/full400_seed_robustness/raw/one_shot/seed2.csv
147,2.0,1467408.0,1678487.0,83474355.0,59.9797,INDETERMINATE,147,0,data/test/3sat/400/3sat_51.cnf,0.4336752891540527,0.0,0.0,0.4336752891540527,60.41337528915405,3sat_51.cnf,one_shot,One-shot,2,False,True,runs/analysis/full400_seed_robustness/raw/one_shot/seed2.csv
148,2.0,1575638.0,1819060.0,88687317.0,59.9829,INDETERMINATE,148,0,data/test/3sat/400/3sat_52.cnf,0.4336752891540527,0.0,0.0,0.4336752891540527,60.41657528915405,3sat_52.cnf,one_shot,One-shot,2,False,True,runs/analysis/full400_seed_robustness/raw/one_shot/seed2.csv
149,2.0,1423723.0,1623517.0,77328554.0,59.959,INDETERMINATE,149,0,data/test/3sat/400/3sat_53.cnf,0.4336752891540527,0.0,0.0,0.4336752891540527,60.392675289154056,3sat_53.cnf,one_shot,One-shot,2,False,True,runs/analysis/full400_seed_robustness/raw/one_shot/seed2.csv
150,2.0,612353.0,699215.0,35959808.0,20.8342,SATISFIABLE,150,0,data/test/3sat/400/3sat_54.cnf,0.3076589107513428,0.0,0.0,0.3076589107513428,21.141858910751345,3sat_54.cnf,one_shot,One-shot,2,True,False,runs/analysis/full400_seed_robustness/raw/one_shot/seed2.csv
151,2.0,1549027.0,1767193.0,87345319.0,59.9925,INDETERMINATE,151,0,data/test/3sat/400/3sat_55.cnf,0.3076589107513428,0.0,0.0,0.3076589107513428,60.30015891075134,3sat_55.cnf,one_shot,One-shot,2,False,True,runs/analysis/full400_seed_robustness/raw/one_shot/seed2.csv
152,2.0,1398402.0,1579239.0,79987672.0,59.9816,INDETERMINATE,152,0,data/test/3sat/400/3sat_56.cnf,0.3076589107513428,0.0,0.0,0.3076589107513428,60.28925891075134,3sat_56.cnf,one_shot,One-shot,2,False,True,runs/analysis/full400_seed_robustness/raw/one_shot/seed2.csv
153,2.0,1465025.0,1665545.0,81975099.0,59.9983,INDETERMINATE,153,0,data/test/3sat/400/3sat_57.cnf,0.3076589107513428,0.0,0.0,0.3076589107513428,60.30595891075134,3sat_57.cnf,one_shot,One-shot,2,False,True,runs/analysis/full400_seed_robustness/raw/one_shot/seed2.csv
154,2.0,1569304.0,1790311.0,93003216.0,59.9923,INDETERMINATE,154,0,data/test/3sat/400/3sat_58.cnf,0.3076589107513428,0.0,0.0,0.3076589107513428,60.29995891075134,3sat_58.cnf,one_shot,One-shot,2,False,True,runs/analysis/full400_seed_robustness/raw/one_shot/seed2.csv
155,2.0,1497728.0,1715197.0,84300812.0,59.9902,INDETERMINATE,155,0,data/test/3sat/400/3sat_59.cnf,0.3076589107513428,0.0,0.0,0.3076589107513428,60.297858910751344,3sat_59.cnf,one_shot,One-shot,2,False,True,runs/analysis/full400_seed_robustness/raw/one_shot/seed2.csv
156,2.0,1493113.0,1693098.0,83421382.0,59.987,INDETERMINATE,156,0,data/test/3sat/400/3sat_6.cnf,0.3076589107513428,0.0,0.0,0.3076589107513428,60.29465891075135,3sat_6.cnf,one_shot,One-shot,2,False,True,runs/analysis/full400_seed_robustness/raw/one_shot/seed2.csv
157,2.0,1397153.0,1590039.0,80346050.0,59.98,INDETERMINATE,157,0,data/test/3sat/400/3sat_60.cnf,0.3076589107513428,0.0,0.0,0.3076589107513428,60.28765891075134,3sat_60.cnf,one_shot,One-shot,2,False,True,runs/analysis/full400_seed_robustness/raw/one_shot/seed2.csv
158,2.0,1411173.0,1595171.0,79353016.0,59.9818,INDETERMINATE,158,0,data/test/3sat/400/3sat_61.cnf,0.3076589107513428,0.0,0.0,0.3076589107513428,60.28945891075134,3sat_61.cnf,one_shot,One-shot,2,False,True,runs/analysis/full400_seed_robustness/raw/one_shot/seed2.csv
159,2.0,1538619.0,1744642.0,88640457.0,59.9812,INDETERMINATE,159,0,data/test/3sat/400/3sat_62.cnf,0.3076589107513428,0.0,0.0,0.3076589107513428,60.288858910751344,3sat_62.cnf,one_shot,One-shot,2,False,True,runs/analysis/full400_seed_robustness/raw/one_shot/seed2.csv
160,2.0,138136.0,157894.0,8130882.0,5.02813,SATISFIABLE,160,0,data/test/3sat/400/3sat_63.cnf,0.2979640960693359,0.0,0.0,0.2979640960693359,5.326094096069336,3sat_63.cnf,one_shot,One-shot,2,True,False,runs/analysis/full400_seed_robustness/raw/one_shot/seed2.csv
161,2.0,1471728.0,1665559.0,82114215.0,59.9952,INDETERMINATE,161,0,data/test/3sat/400/3sat_64.cnf,0.2979640960693359,0.0,0.0,0.2979640960693359,60.29316409606933,3sat_64.cnf,one_shot,One-shot,2,False,True,runs/analysis/full400_seed_robustness/raw/one_shot/seed2.csv
162,1.0,224.0,339.0,14565.0,0.01332,SATISFIABLE,162,0,data/test/3sat/400/3sat_65.cnf,0.2979640960693359,0.0,0.0,0.2979640960693359,0.3112840960693359,3sat_65.cnf,one_shot,One-shot,2,True,False,runs/analysis/full400_seed_robustness/raw/one_shot/seed2.csv
163,2.0,1414469.0,1623053.0,81604911.0,59.9614,INDETERMINATE,163,0,data/test/3sat/400/3sat_66.cnf,0.2979640960693359,0.0,0.0,0.2979640960693359,60.25936409606933,3sat_66.cnf,one_shot,One-shot,2,False,True,runs/analysis/full400_seed_robustness/raw/one_shot/seed2.csv
164,2.0,1514951.0,1731689.0,87313424.0,59.9946,INDETERMINATE,164,0,data/test/3sat/400/3sat_67.cnf,0.2979640960693359,0.0,0.0,0.2979640960693359,60.29256409606933,3sat_67.cnf,one_shot,One-shot,2,False,True,runs/analysis/full400_seed_robustness/raw/one_shot/seed2.csv
165,2.0,1481552.0,1695263.0,83864343.0,59.9825,INDETERMINATE,165,0,data/test/3sat/400/3sat_68.cnf,0.2979640960693359,0.0,0.0,0.2979640960693359,60.28046409606934,3sat_68.cnf,one_shot,One-shot,2,False,True,runs/analysis/full400_seed_robustness/raw/one_shot/seed2.csv
166,2.0,1489519.0,1707314.0,88686188.0,59.9746,INDETERMINATE,166,0,data/test/3sat/400/3sat_69.cnf,0.2979640960693359,0.0,0.0,0.2979640960693359,60.27256409606934,3sat_69.cnf,one_shot,One-shot,2,False,True,runs/analysis/full400_seed_robustness/raw/one_shot/seed2.csv
167,2.0,1519462.0,1715062.0,84093347.0,59.99,INDETERMINATE,167,0,data/test/3sat/400/3sat_7.cnf,0.2979640960693359,0.0,0.0,0.2979640960693359,60.28796409606934,3sat_7.cnf,one_shot,One-shot,2,False,True,runs/analysis/full400_seed_robustness/raw/one_shot/seed2.csv
168,1.0,2512.0,3124.0,152890.0,0.040937,SATISFIABLE,168,0,data/test/3sat/400/3sat_70.cnf,0.2979640960693359,0.0,0.0,0.2979640960693359,0.3389010960693359,3sat_70.cnf,one_shot,One-shot,2,True,False,runs/analysis/full400_seed_robustness/raw/one_shot/seed2.csv
169,2.0,1475854.0,1689084.0,84084811.0,59.9933,INDETERMINATE,169,0,data/test/3sat/400/3sat_71.cnf,0.2979640960693359,0.0,0.0,0.2979640960693359,60.29126409606933,3sat_71.cnf,one_shot,One-shot,2,False,True,runs/analysis/full400_seed_robustness/raw/one_shot/seed2.csv
170,2.0,1501115.0,1717769.0,84453541.0,59.982,INDETERMINATE,170,0,data/test/3sat/400/3sat_72.cnf,0.3197584152221679,0.0,0.0,0.3197584152221679,60.30175841522217,3sat_72.cnf,one_shot,One-shot,2,False,True,runs/analysis/full400_seed_robustness/raw/one_shot/seed2.csv
171,2.0,1476003.0,1682261.0,84510285.0,59.9765,INDETERMINATE,171,0,data/test/3sat/400/3sat_73.cnf,0.3197584152221679,0.0,0.0,0.3197584152221679,60.29625841522217,3sat_73.cnf,one_shot,One-shot,2,False,True,runs/analysis/full400_seed_robustness/raw/one_shot/seed2.csv
172,2.0,1418256.0,1633047.0,79837823.0,59.9879,INDETERMINATE,172,0,data/test/3sat/400/3sat_74.cnf,0.3197584152221679,0.0,0.0,0.3197584152221679,60.30765841522217,3sat_74.cnf,one_shot,One-shot,2,False,True,runs/analysis/full400_seed_robustness/raw/one_shot/seed2.csv
173,2.0,1410739.0,1609552.0,77298068.0,59.9847,INDETERMINATE,173,0,data/test/3sat/400/3sat_75.cnf,0.3197584152221679,0.0,0.0,0.3197584152221679,60.304458415222165,3sat_75.cnf,one_shot,One-shot,2,False,True,runs/analysis/full400_seed_robustness/raw/one_shot/seed2.csv
174,2.0,1509697.0,1716367.0,88067275.0,59.9813,INDETERMINATE,174,0,data/test/3sat/400/3sat_76.cnf,0.3197584152221679,0.0,0.0,0.3197584152221679,60.301058415222165,3sat_76.cnf,one_shot,One-shot,2,False,True,runs/analysis/full400_seed_robustness/raw/one_shot/seed2.csv
175,2.0,1469090.0,1675957.0,82493178.0,59.9768,INDETERMINATE,175,0,data/test/3sat/400/3sat_77.cnf,0.3197584152221679,0.0,0.0,0.3197584152221679,60.296558415222165,3sat_77.cnf,one_shot,One-shot,2,False,True,runs/analysis/full400_seed_robustness/raw/one_shot/seed2.csv
176,2.0,1465575.0,1669588.0,80421037.0,59.9734,INDETERMINATE,176,0,data/test/3sat/400/3sat_78.cnf,0.3197584152221679,0.0,0.0,0.3197584152221679,60.293158415222166,3sat_78.cnf,one_shot,One-shot,2,False,True,runs/analysis/full400_seed_robustness/raw/one_shot/seed2.csv
177,2.0,1422120.0,1625890.0,78113200.0,59.9803,INDETERMINATE,177,0,data/test/3sat/400/3sat_79.cnf,0.3197584152221679,0.0,0.0,0.3197584152221679,60.30005841522217,3sat_79.cnf,one_shot,One-shot,2,False,True,runs/analysis/full400_seed_robustness/raw/one_shot/seed2.csv
178,2.0,1490257.0,1693460.0,86071391.0,59.9725,INDETERMINATE,178,0,data/test/3sat/400/3sat_8.cnf,0.3197584152221679,0.0,0.0,0.3197584152221679,60.292258415222165,3sat_8.cnf,one_shot,One-shot,2,False,True,runs/analysis/full400_seed_robustness/raw/one_shot/seed2.csv
179,2.0,1480753.0,1706772.0,85445386.0,59.9769,INDETERMINATE,179,0,data/test/3sat/400/3sat_80.cnf,0.3197584152221679,0.0,0.0,0.3197584152221679,60.29665841522217,3sat_80.cnf,one_shot,One-shot,2,False,True,runs/analysis/full400_seed_robustness/raw/one_shot/seed2.csv
180,2.0,1445082.0,1634538.0,80718909.0,59.9735,INDETERMINATE,180,0,data/test/3sat/400/3sat_81.cnf,0.3245925903320312,0.0,0.0,0.3245925903320312,60.29809259033203,3sat_81.cnf,one_shot,One-shot,2,False,True,runs/analysis/full400_seed_robustness/raw/one_shot/seed2.csv
181,2.0,723843.0,829611.0,42069078.0,24.573,SATISFIABLE,181,0,data/test/3sat/400/3sat_82.cnf,0.3245925903320312,0.0,0.0,0.3245925903320312,24.89759259033203,3sat_82.cnf,one_shot,One-shot,2,True,False,runs/analysis/full400_seed_robustness/raw/one_shot/seed2.csv
182,2.0,1486961.0,1695332.0,83152333.0,59.9819,INDETERMINATE,182,0,data/test/3sat/400/3sat_83.cnf,0.3245925903320312,0.0,0.0,0.3245925903320312,60.306492590332034,3sat_83.cnf,one_shot,One-shot,2,False,True,runs/analysis/full400_seed_robustness/raw/one_shot/seed2.csv
183,2.0,1327926.0,1519643.0,75990623.0,59.97,INDETERMINATE,183,0,data/test/3sat/400/3sat_84.cnf,0.3245925903320312,0.0,0.0,0.3245925903320312,60.29459259033203,3sat_84.cnf,one_shot,One-shot,2,False,True,runs/analysis/full400_seed_robustness/raw/one_shot/seed2.csv
184,2.0,1483656.0,1691819.0,83824301.0,59.9942,INDETERMINATE,184,0,data/test/3sat/400/3sat_85.cnf,0.3245925903320312,0.0,0.0,0.3245925903320312,60.31879259033203,3sat_85.cnf,one_shot,One-shot,2,False,True,runs/analysis/full400_seed_robustness/raw/one_shot/seed2.csv
185,1.0,84037.0,97892.0,5195664.0,3.20542,SATISFIABLE,185,0,data/test/3sat/400/3sat_86.cnf,0.3245925903320312,0.0,0.0,0.3245925903320312,3.5300125903320314,3sat_86.cnf,one_shot,One-shot,2,True,False,runs/analysis/full400_seed_robustness/raw/one_shot/seed2.csv
186,2.0,1355526.0,1548646.0,77312708.0,59.997,INDETERMINATE,186,0,data/test/3sat/400/3sat_87.cnf,0.3245925903320312,0.0,0.0,0.3245925903320312,60.32159259033203,3sat_87.cnf,one_shot,One-shot,2,False,True,runs/analysis/full400_seed_robustness/raw/one_shot/seed2.csv
187,1.0,10969.0,13071.0,671709.0,0.232092,SATISFIABLE,187,0,data/test/3sat/400/3sat_88.cnf,0.3245925903320312,0.0,0.0,0.3245925903320312,0.5566845903320312,3sat_88.cnf,one_shot,One-shot,2,True,False,runs/analysis/full400_seed_robustness/raw/one_shot/seed2.csv
188,2.0,1469968.0,1682452.0,86335924.0,59.9765,INDETERMINATE,188,0,data/test/3sat/400/3sat_89.cnf,0.3245925903320312,0.0,0.0,0.3245925903320312,60.30109259033203,3sat_89.cnf,one_shot,One-shot,2,False,True,runs/analysis/full400_seed_robustness/raw/one_shot/seed2.csv
189,2.0,1478452.0,1684099.0,84995108.0,59.9624,INDETERMINATE,189,0,data/test/3sat/400/3sat_9.cnf,0.3245925903320312,0.0,0.0,0.3245925903320312,60.286992590332034,3sat_9.cnf,one_shot,One-shot,2,False,True,runs/analysis/full400_seed_robustness/raw/one_shot/seed2.csv
190,2.0,1426455.0,1644341.0,83332619.0,59.9767,INDETERMINATE,190,0,data/test/3sat/400/3sat_90.cnf,0.3441991806030273,0.0,0.0,0.3441991806030273,60.32089918060303,3sat_90.cnf,one_shot,One-shot,2,False,True,runs/analysis/full400_seed_robustness/raw/one_shot/seed2.csv
191,1.0,10042.0,11941.0,654479.0,0.221359,SATISFIABLE,191,0,data/test/3sat/400/3sat_91.cnf,0.3441991806030273,0.0,0.0,0.3441991806030273,0.5655581806030273,3sat_91.cnf,one_shot,One-shot,2,True,False,runs/analysis/full400_seed_robustness/raw/one_shot/seed2.csv
192,2.0,253822.0,290337.0,15713394.0,8.69928,SATISFIABLE,192,0,data/test/3sat/400/3sat_92.cnf,0.3441991806030273,0.0,0.0,0.3441991806030273,9.043479180603027,3sat_92.cnf,one_shot,One-shot,2,True,False,runs/analysis/full400_seed_robustness/raw/one_shot/seed2.csv
193,2.0,621792.0,720709.0,37565651.0,22.9633,SATISFIABLE,193,0,data/test/3sat/400/3sat_93.cnf,0.3441991806030273,0.0,0.0,0.3441991806030273,23.307499180603028,3sat_93.cnf,one_shot,One-shot,2,True,False,runs/analysis/full400_seed_robustness/raw/one_shot/seed2.csv
194,1.0,53988.0,62131.0,3367378.0,1.65238,SATISFIABLE,194,0,data/test/3sat/400/3sat_94.cnf,0.3441991806030273,0.0,0.0,0.3441991806030273,1.9965791806030275,3sat_94.cnf,one_shot,One-shot,2,True,False,runs/analysis/full400_seed_robustness/raw/one_shot/seed2.csv
195,2.0,1442344.0,1642328.0,80765337.0,59.9693,INDETERMINATE,195,0,data/test/3sat/400/3sat_95.cnf,0.3441991806030273,0.0,0.0,0.3441991806030273,60.313499180603024,3sat_95.cnf,one_shot,One-shot,2,False,True,runs/analysis/full400_seed_robustness/raw/one_shot/seed2.csv
196,1.0,9083.0,10962.0,575264.0,0.207864,SATISFIABLE,196,0,data/test/3sat/400/3sat_96.cnf,0.3441991806030273,0.0,0.0,0.3441991806030273,0.5520631806030274,3sat_96.cnf,one_shot,One-shot,2,True,False,runs/analysis/full400_seed_robustness/raw/one_shot/seed2.csv
197,2.0,1462073.0,1682866.0,86332921.0,59.9487,INDETERMINATE,197,0,data/test/3sat/400/3sat_97.cnf,0.3441991806030273,0.0,0.0,0.3441991806030273,60.29289918060303,3sat_97.cnf,one_shot,One-shot,2,False,True,runs/analysis/full400_seed_robustness/raw/one_shot/seed2.csv
198,2.0,1538232.0,1742779.0,86645707.0,59.9837,INDETERMINATE,198,0,data/test/3sat/400/3sat_98.cnf,0.3441991806030273,0.0,0.0,0.3441991806030273,60.32789918060303,3sat_98.cnf,one_shot,One-shot,2,False,True,runs/analysis/full400_seed_robustness/raw/one_shot/seed2.csv
199,2.0,1495224.0,1706557.0,82502770.0,59.98,INDETERMINATE,199,0,data/test/3sat/400/3sat_99.cnf,0.3441991806030273,0.0,0.0,0.3441991806030273,60.324199180603024,3sat_99.cnf,one_shot,One-shot,2,False,True,runs/analysis/full400_seed_robustness/raw/one_shot/seed2.csv
0,2.0,1457309.0,1663158.0,81224453.0,59.9671,INDETERMINATE,0,0,data/test/3sat/400/3sat_0.cnf,0.0063147544860839,0.0784479999999999,0.4299519062042236,0.4362666606903076,60.48181466069031,3sat_0.cnf,online_consistent_boundary400,Online-Consistent Selector,2,False,True,runs/analysis/full400_seed_robustness/raw/online_consistent_boundary400/seed2.csv
1,1.0,73715.0,85712.0,4316774.0,2.75623,SATISFIABLE,1,0,data/test/3sat/400/3sat_1.cnf,0.0063147544860839,0.085958,0.4299519062042236,0.4362666606903076,3.278454660690308,3sat_1.cnf,online_consistent_boundary400,Online-Consistent Selector,2,True,False,runs/analysis/full400_seed_robustness/raw/online_consistent_boundary400/seed2.csv
2,2.0,1543221.0,1761821.0,87036298.0,59.9615,INDETERMINATE,2,0,data/test/3sat/400/3sat_10.cnf,0.0063147544860839,0.072126,0.4299519062042236,0.4362666606903076,60.46989266069031,3sat_10.cnf,online_consistent_boundary400,Online-Consistent Selector,2,False,True,runs/analysis/full400_seed_robustness/raw/online_consistent_boundary400/seed2.csv
3,1.0,3392.0,4166.0,213902.0,0.069742,SATISFIABLE,3,0,data/test/3sat/400/3sat_100.cnf,0.0063147544860839,0.086394,0.4299519062042236,0.4362666606903076,0.5924026606903077,3sat_100.cnf,online_consistent_boundary400,Online-Consistent Selector,2,True,False,runs/analysis/full400_seed_robustness/raw/online_consistent_boundary400/seed2.csv
4,2.0,1459179.0,1667516.0,81961679.0,59.955,INDETERMINATE,4,0,data/test/3sat/400/3sat_101.cnf,0.0063147544860839,0.078943,0.4299519062042236,0.4362666606903076,60.47020966069031,3sat_101.cnf,online_consistent_boundary400,Online-Consistent Selector,2,False,True,runs/analysis/full400_seed_robustness/raw/online_consistent_boundary400/seed2.csv
5,2.0,1499421.0,1734551.0,85746293.0,59.9745,INDETERMINATE,5,0,data/test/3sat/400/3sat_102.cnf,0.0063147544860839,0.074777,0.4299519062042236,0.4362666606903076,60.485543660690304,3sat_102.cnf,online_consistent_boundary400,Online-Consistent Selector,2,False,True,runs/analysis/full400_seed_robustness/raw/online_consistent_boundary400/seed2.csv
6,2.0,1493046.0,1722730.0,85974675.0,59.9659,INDETERMINATE,6,0,data/test/3sat/400/3sat_103.cnf,0.0063147544860839,0.0743689999999999,0.4299519062042236,0.4362666606903076,60.4765356606903,3sat_103.cnf,online_consistent_boundary400,Online-Consistent Selector,2,False,True,runs/analysis/full400_seed_robustness/raw/online_consistent_boundary400/seed2.csv
7,2.0,1464753.0,1673310.0,81423318.0,59.9739,INDETERMINATE,7,0,data/test/3sat/400/3sat_104.cnf,0.0063147544860839,0.073297,0.4299519062042236,0.4362666606903076,60.48346366069031,3sat_104.cnf,online_consistent_boundary400,Online-Consistent Selector,2,False,True,runs/analysis/full400_seed_robustness/raw/online_consistent_boundary400/seed2.csv
8,2.0,1515196.0,1723896.0,86716826.0,59.9762,INDETERMINATE,8,0,data/test/3sat/400/3sat_105.cnf,0.0063147544860839,0.080166,0.4299519062042236,0.4362666606903076,60.49263266069031,3sat_105.cnf,online_consistent_boundary400,Online-Consistent Selector,2,False,True,runs/analysis/full400_seed_robustness/raw/online_consistent_boundary400/seed2.csv
9,2.0,1434618.0,1640494.0,79933140.0,59.987,INDETERMINATE,9,0,data/test/3sat/400/3sat_106.cnf,0.0063147544860839,0.076935,0.4299519062042236,0.4362666606903076,60.50020166069031,3sat_106.cnf,online_consistent_boundary400,Online-Consistent Selector,2,False,True,runs/analysis/full400_seed_robustness/raw/online_consistent_boundary400/seed2.csv
10,2.0,1340985.0,1540395.0,76576647.0,59.9612,INDETERMINATE,10,0,data/test/3sat/400/3sat_107.cnf,0.0040688514709472,0.077738,0.3607962131500244,0.3648650646209717,60.403803064620966,3sat_107.cnf,online_consistent_boundary400,Online-Consistent Selector,2,False,True,runs/analysis/full400_seed_robustness/raw/online_consistent_boundary400/seed2.csv
11,2.0,1494405.0,1721141.0,83673355.0,59.9581,INDETERMINATE,11,0,data/test/3sat/400/3sat_108.cnf,0.0040688514709472,0.067473,0.3607962131500244,0.3648650646209717,60.39043806462097,3sat_108.cnf,online_consistent_boundary400,Online-Consistent Selector,2,False,True,runs/analysis/full400_seed_robustness/raw/online_consistent_boundary400/seed2.csv
12,2.0,1529120.0,1752117.0,85662777.0,59.9797,INDETERMINATE,12,0,data/test/3sat/400/3sat_109.cnf,0.0040688514709472,0.066741,0.3607962131500244,0.3648650646209717,60.41130606462097,3sat_109.cnf,online_consistent_boundary400,Online-Consistent Selector,2,False,True,runs/analysis/full400_seed_robustness/raw/online_consistent_boundary400/seed2.csv
13,1.0,40661.0,47692.0,2496556.0,1.37311,SATISFIABLE,13,0,data/test/3sat/400/3sat_11.cnf,0.0040688514709472,0.072307,0.3607962131500244,0.3648650646209717,1.810282064620972,3sat_11.cnf,online_consistent_boundary400,Online-Consistent Selector,2,True,False,runs/analysis/full400_seed_robustness/raw/online_consistent_boundary400/seed2.csv
14,2.0,1479115.0,1697576.0,85535519.0,59.9589,INDETERMINATE,14,0,data/test/3sat/400/3sat_110.cnf,0.0040688514709472,0.069187,0.3607962131500244,0.3648650646209717,60.39295206462097,3sat_110.cnf,online_consistent_boundary400,Online-Consistent Selector,2,False,True,runs/analysis/full400_seed_robustness/raw/online_consistent_boundary400/seed2.csv
15,2.0,1453546.0,1667500.0,84879331.0,59.9776,INDETERMINATE,15,0,data/test/3sat/400/3sat_111.cnf,0.0040688514709472,0.071939,0.3607962131500244,0.3648650646209717,60.414404064620975,3sat_111.cnf,online_consistent_boundary400,Online-Consistent Selector,2,False,True,runs/analysis/full400_seed_robustness/raw/online_consistent_boundary400/seed2.csv
16,2.0,1508229.0,1714214.0,87185470.0,59.9666,INDETERMINATE,16,0,data/test/3sat/400/3sat_112.cnf,0.0040688514709472,0.078153,0.3607962131500244,0.3648650646209717,60.40961806462097,3sat_112.cnf,online_consistent_boundary400,Online-Consistent Selector,2,False,True,runs/analysis/full400_seed_robustness/raw/online_consistent_boundary400/seed2.csv
17,2.0,1377954.0,1563609.0,79089095.0,59.9768,INDETERMINATE,17,0,data/test/3sat/400/3sat_113.cnf,0.0040688514709472,0.0642,0.3607962131500244,0.3648650646209717,60.40586506462097,3sat_113.cnf,online_consistent_boundary400,Online-Consistent Selector,2,False,True,runs/analysis/full400_seed_robustness/raw/online_consistent_boundary400/seed2.csv
18,2.0,1428334.0,1640484.0,80848636.0,59.9684,INDETERMINATE,18,0,data/test/3sat/400/3sat_114.cnf,0.0040688514709472,0.079079,0.3607962131500244,0.3648650646209717,60.412344064620974,3sat_114.cnf,online_consistent_boundary400,Online-Consistent Selector,2,False,True,runs/analysis/full400_seed_robustness/raw/online_consistent_boundary400/seed2.csv
19,2.0,1401063.0,1599753.0,79147529.0,59.9771,INDETERMINATE,19,0,data/test/3sat/400/3sat_115.cnf,0.0040688514709472,0.082817,0.3607962131500244,0.3648650646209717,60.42478206462097,3sat_115.cnf,online_consistent_boundary400,Online-Consistent Selector,2,False,True,runs/analysis/full400_seed_robustness/raw/online_consistent_boundary400/seed2.csv
20,2.0,1480405.0,1685045.0,82652876.0,59.9771,INDETERMINATE,20,0,data/test/3sat/400/3sat_116.cnf,0.0035793781280517,0.072739,0.3170597553253174,0.3206391334533691,60.37047813345337,3sat_116.cnf,online_consistent_boundary400,Online-Consistent Selector,2,False,True,runs/analysis/full400_seed_robustness/raw/online_consistent_boundary400/seed2.csv
21,2.0,1488580.0,1704213.0,83151575.0,59.9443,INDETERMINATE,21,0,data/test/3sat/400/3sat_117.cnf,0.0035793781280517,0.065872,0.3170597553253174,0.3206391334533691,60.330811133453366,3sat_117.cnf,online_consistent_boundary400,Online-Consistent Selector,2,False,True,runs/analysis/full400_seed_robustness/raw/online_consistent_boundary400/seed2.csv
22,2.0,1475636.0,1686918.0,83014283.0,59.9644,INDETERMINATE,22,0,data/test/3sat/400/3sat_118.cnf,0.0035793781280517,0.071748,0.3170597553253174,0.3206391334533691,60.356787133453366,3sat_118.cnf,online_consistent_boundary400,Online-Consistent Selector,2,False,True,runs/analysis/full400_seed_robustness/raw/online_consistent_boundary400/seed2.csv
23,2.0,1504868.0,1720896.0,83287152.0,59.9746,INDETERMINATE,23,0,data/test/3sat/400/3sat_119.cnf,0.0035793781280517,0.075111,0.3170597553253174,0.3206391334533691,60.37035013345337,3sat_119.cnf,online_consistent_boundary400,Online-Consistent Selector,2,False,True,runs/analysis/full400_seed_robustness/raw/online_consistent_boundary400/seed2.csv
24,2.0,1429095.0,1634386.0,80274386.0,59.9571,INDETERMINATE,24,0,data/test/3sat/400/3sat_12.cnf,0.0035793781280517,0.076669,0.3170597553253174,0.3206391334533691,60.35440813345337,3sat_12.cnf,online_consistent_boundary400,Online-Consistent Selector,2,False,True,runs/analysis/full400_seed_robustness/raw/online_consistent_boundary400/seed2.csv
25,1.0,23077.0,27394.0,1439359.0,0.683732,SATISFIABLE,25,0,data/test/3sat/400/3sat_120.cnf,0.0035793781280517,0.08615,0.3170597553253174,0.3206391334533691,1.090521133453369,3sat_120.cnf,online_consistent_boundary400,Online-Consistent Selector,2,True,False,runs/analysis/full400_seed_robustness/raw/online_consistent_boundary400/seed2.csv
26,1.0,47329.0,54623.0,2823769.0,1.40789,SATISFIABLE,26,0,data/test/3sat/400/3sat_121.cnf,0.0035793781280517,0.087248,0.3170597553253174,0.3206391334533691,1.8157771334533688,3sat_121.cnf,online_consistent_boundary400,Online-Consistent Selector,2,True,False,runs/analysis/full400_seed_robustness/raw/online_consistent_boundary400/seed2.csv
27,2.0,1504426.0,1721059.0,86008504.0,59.9574,INDETERMINATE,27,0,data/test/3sat/400/3sat_122.cnf,0.0035793781280517,0.066853,0.3170597553253174,0.3206391334533691,60.34489213345337,3sat_122.cnf,online_consistent_boundary400,Online-Consistent Selector,2,False,True,runs/analysis/full400_seed_robustness/raw/online_consistent_boundary400/seed2.csv
28,2.0,1491339.0,1696615.0,84959202.0,59.9544,INDETERMINATE,28,0,data/test/3sat/400/3sat_123.cnf,0.0035793781280517,0.072155,0.3170597553253174,0.3206391334533691,60.34719413345337,3sat_123.cnf,online_consistent_boundary400,Online-Consistent Selector,2,False,True,runs/analysis/full400_seed_robustness/raw/online_consistent_boundary400/seed2.csv
29,1.0,654.0,900.0,43163.0,0.012123,SATISFIABLE,29,0,data/test/3sat/400/3sat_124.cnf,0.0035793781280517,0.045323,0.3170597553253174,0.3206391334533691,0.3780851334533691,3sat_124.cnf,online_consistent_boundary400,Online-Consistent Selector,2,True,False,runs/analysis/full400_seed_robustness/raw/online_consistent_boundary400/seed2.csv
30,1.0,87018.0,101016.0,5296049.0,3.09279,SATISFIABLE,30,0,data/test/3sat/400/3sat_125.cnf,0.0039188861846923,0.0766159999999999,0.3370590209960937,0.3409779071807861,3.510383907180786,3sat_125.cnf,online_consistent_boundary400,Online-Consistent Selector,2,True,False,runs/analysis/full400_seed_robustness/raw/online_consistent_boundary400/seed2.csv
31,2.0,1479572.0,1691747.0,84843286.0,59.9709,INDETERMINATE,31,0,data/test/3sat/400/3sat_126.cnf,0.0039188861846923,0.078078,0.3370590209960937,0.3409779071807861,60.389955907180784,3sat_126.cnf,online_consistent_boundary400,Online-Consistent Selector,2,False,True,runs/analysis/full400_seed_robustness/raw/online_consistent_boundary400/seed2.csv
32,2.0,1423426.0,1647799.0,83376570.0,59.9684,INDETERMINATE,32,0,data/test/3sat/400/3sat_127.cnf,0.0039188861846923,0.078531,0.3370590209960937,0.3409779071807861,60.38790890718079,3sat_127.cnf,online_consistent_boundary400,Online-Consistent Selector,2,False,True,runs/analysis/full400_seed_robustness/raw/online_consistent_boundary400/seed2.csv
33,2.0,238642.0,275833.0,14368684.0,8.13205,SATISFIABLE,33,0,data/test/3sat/400/3sat_128.cnf,0.0039188861846923,0.074643,0.3370590209960937,0.3409779071807861,8.547670907180786,3sat_128.cnf,online_consistent_boundary400,Online-Consistent Selector,2,True,False,runs/analysis/full400_seed_robustness/raw/online_consistent_boundary400/seed2.csv
34,1.0,28034.0,33114.0,1750425.0,0.785912,SATISFIABLE,34,0,data/test/3sat/400/3sat_129.cnf,0.0039188861846923,0.088799,0.3370590209960937,0.3409779071807861,1.215688907180786,3sat_129.cnf,online_consistent_boundary400,Online-Consistent Selector,2,True,False,runs/analysis/full400_seed_robustness/raw/online_consistent_boundary400/seed2.csv
35,2.0,1472353.0,1684078.0,85865805.0,59.9846,INDETERMINATE,35,0,data/test/3sat/400/3sat_13.cnf,0.0039188861846923,0.082466,0.3370590209960937,0.3409779071807861,60.40804390718078,3sat_13.cnf,online_consistent_boundary400,Online-Consistent Selector,2,False,True,runs/analysis/full400_seed_robustness/raw/online_consistent_boundary400/seed2.csv
36,2.0,121568.0,139021.0,7304329.0,4.37314,SATISFIABLE,36,0,data/test/3sat/400/3sat_130.cnf,0.0039188861846923,0.0699849999999999,0.3370590209960937,0.3409779071807861,4.784102907180786,3sat_130.cnf,online_consistent_boundary400,Online-Consistent Selector,2,True,False,runs/analysis/full400_seed_robustness/raw/online_consistent_boundary400/seed2.csv
37,1.0,82086.0,96037.0,5035591.0,3.2342,SATISFIABLE,37,0,data/test/3sat/400/3sat_131.cnf,0.0039188861846923,0.0889,0.3370590209960937,0.3409779071807861,3.6640779071807854,3sat_131.cnf,online_consistent_boundary400,Online-Consistent Selector,2,True,False,runs/analysis/full400_seed_robustness/raw/online_consistent_boundary400/seed2.csv
38,1.0,2692.0,3354.0,172420.0,0.044491,SATISFIABLE,38,0,data/test/3sat/400/3sat_132.cnf,0.0039188861846923,0.0892729999999999,0.3370590209960937,0.3409779071807861,0.4747419071807861,3sat_132.cnf,online_consistent_boundary400,Online-Consistent Selector,2,True,False,runs/analysis/full400_seed_robustness/raw/online_consistent_boundary400/seed2.csv
39,2.0,1422669.0,1644924.0,82852184.0,59.9874,INDETERMINATE,39,0,data/test/3sat/400/3sat_133.cnf,0.0039188861846923,0.076163,0.3370590209960937,0.3409779071807861,60.40454090718079,3sat_133.cnf,online_consistent_boundary400,Online-Consistent Selector,2,False,True,runs/analysis/full400_seed_robustness/raw/online_consistent_boundary400/seed2.csv
40,2.0,1422832.0,1628653.0,79577980.0,59.9671,INDETERMINATE,40,0,data/test/3sat/400/3sat_134.cnf,0.0040433406829833,0.0747,0.3224952220916748,0.3265385627746582,60.36833856277466,3sat_134.cnf,online_consistent_boundary400,Online-Consistent Selector,2,False,True,runs/analysis/full400_seed_robustness/raw/online_consistent_boundary400/seed2.csv
41,2.0,1595502.0,1815861.0,89047919.0,59.9951,INDETERMINATE,41,0,data/test/3sat/400/3sat_135.cnf,0.0040433406829833,0.064012,0.3224952220916748,0.3265385627746582,60.38565056277466,3sat_135.cnf,online_consistent_boundary400,Online-Consistent Selector,2,False,True,runs/analysis/full400_seed_robustness/raw/online_consistent_boundary400/seed2.csv
42,2.0,1449411.0,1662205.0,85056386.0,59.9789,INDETERMINATE,42,0,data/test/3sat/400/3sat_136.cnf,0.0040433406829833,0.066816,0.3224952220916748,0.3265385627746582,60.37225456277466,3sat_136.cnf,online_consistent_boundary400,Online-Consistent Selector,2,False,True,runs/analysis/full400_seed_robustness/raw/online_consistent_boundary400/seed2.csv
43,2.0,1470745.0,1667202.0,79391085.0,59.9718,INDETERMINATE,43,0,data/test/3sat/400/3sat_137.cnf,0.0040433406829833,0.0786709999999999,0.3224952220916748,0.3265385627746582,60.37700956277466,3sat_137.cnf,online_consistent_boundary400,Online-Consistent Selector,2,False,True,runs/analysis/full400_seed_robustness/raw/online_consistent_boundary400/seed2.csv
44,2.0,1526842.0,1736668.0,88265147.0,59.9737,INDETERMINATE,44,0,data/test/3sat/400/3sat_138.cnf,0.0040433406829833,0.073058,0.3224952220916748,0.3265385627746582,60.37329656277466,3sat_138.cnf,online_consistent_boundary400,Online-Consistent Selector,2,False,True,runs/analysis/full400_seed_robustness/raw/online_consistent_boundary400/seed2.csv
45,2.0,1555756.0,1787372.0,88801136.0,59.9659,INDETERMINATE,45,0,data/test/3sat/400/3sat_139.cnf,0.0040433406829833,0.075269,0.3224952220916748,0.3265385627746582,60.367707562774655,3sat_139.cnf,online_consistent_boundary400,Online-Consistent Selector,2,False,True,runs/analysis/full400_seed_robustness/raw/online_consistent_boundary400/seed2.csv
46,2.0,133587.0,154405.0,8365184.0,5.15062,SATISFIABLE,46,0,data/test/3sat/400/3sat_14.cnf,0.0040433406829833,0.079967,0.3224952220916748,0.3265385627746582,5.557125562774658,3sat_14.cnf,online_consistent_boundary400,Online-Consistent Selector,2,True,False,runs/analysis/full400_seed_robustness/raw/online_consistent_boundary400/seed2.csv
47,2.0,135171.0,155254.0,8243385.0,4.86802,SATISFIABLE,47,0,data/test/3sat/400/3sat_140.cnf,0.0040433406829833,0.072695,0.3224952220916748,0.3265385627746582,5.267253562774658,3sat_140.cnf,online_consistent_boundary400,Online-Consistent Selector,2,True,False,runs/analysis/full400_seed_robustness/raw/online_consistent_boundary400/seed2.csv
48,1.0,71109.0,82102.0,4299119.0,2.9819,SATISFIABLE,48,0,data/test/3sat/400/3sat_141.cnf,0.0040433406829833,0.084436,0.3224952220916748,0.3265385627746582,3.3928745627746584,3sat_141.cnf,online_consistent_boundary400,Online-Consistent Selector,2,True,False,runs/analysis/full400_seed_robustness/raw/online_consistent_boundary400/seed2.csv
49,1.0,61037.0,70865.0,3765471.0,1.99323,SATISFIABLE,49,0,data/test/3sat/400/3sat_142.cnf,0.0040433406829833,0.078266,0.3224952220916748,0.3265385627746582,2.3980345627746584,3sat_142.cnf,online_consistent_boundary400,Online-Consistent Selector,2,True,False,runs/analysis/full400_seed_robustness/raw/online_consistent_boundary400/seed2.csv
50,2.0,1463926.0,1680684.0,84177530.0,59.9872,INDETERMINATE,50,0,data/test/3sat/400/3sat_143.cnf,0.0042922496795654,0.0718999999999999,0.3120250701904297,0.3163173198699951,60.37541731987,3sat_143.cnf,online_consistent_boundary400,Online-Consistent Selector,2,False,True,runs/analysis/full400_seed_robustness/raw/online_consistent_boundary400/seed2.csv
51,2.0,1371062.0,1557639.0,76392149.0,59.9855,INDETERMINATE,51,0,data/test/3sat/400/3sat_144.cnf,0.0042922496795654,0.060096,0.3120250701904297,0.3163173198699951,60.36191331987,3sat_144.cnf,online_consistent_boundary400,Online-Consistent Selector,2,False,True,runs/analysis/full400_seed_robustness/raw/online_consistent_boundary400/seed2.csv
52,2.0,1412212.0,1633121.0,80739627.0,59.9675,INDETERMINATE,52,0,data/test/3sat/400/3sat_145.cnf,0.0042922496795654,0.085791,0.3120250701904297,0.3163173198699951,60.36960831987,3sat_145.cnf,online_consistent_boundary400,Online-Consistent Selector,2,False,True,runs/analysis/full400_seed_robustness/raw/online_consistent_boundary400/seed2.csv
53,2.0,1486718.0,1701756.0,83380100.0,59.9868,INDETERMINATE,53,0,data/test/3sat/400/3sat_146.cnf,0.0042922496795654,0.072641,0.3120250701904297,0.3163173198699951,60.37575831987,3sat_146.cnf,online_consistent_boundary400,Online-Consistent Selector,2,False,True,runs/analysis/full400_seed_robustness/raw/online_consistent_boundary400/seed2.csv
54,2.0,392510.0,450448.0,23393708.0,13.1632,SATISFIABLE,54,0,data/test/3sat/400/3sat_147.cnf,0.0042922496795654,0.06641,0.3120250701904297,0.3163173198699951,13.545927319869994,3sat_147.cnf,online_consistent_boundary400,Online-Consistent Selector,2,True,False,runs/analysis/full400_seed_robustness/raw/online_consistent_boundary400/seed2.csv
55,2.0,1491854.0,1714301.0,87181064.0,59.993,INDETERMINATE,55,0,data/test/3sat/400/3sat_148.cnf,0.0042922496795654,0.077299,0.3120250701904297,0.3163173198699951,60.38661631987,3sat_148.cnf,online_consistent_boundary400,Online-Consistent Selector,2,False,True,runs/analysis/full400_seed_robustness/raw/online_consistent_boundary400/seed2.csv
56,1.0,97366.0,112279.0,5819460.0,3.68884,SATISFIABLE,56,0,data/test/3sat/400/3sat_149.cnf,0.0042922496795654,0.074826,0.3120250701904297,0.3163173198699951,4.079983319869995,3sat_149.cnf,online_consistent_boundary400,Online-Consistent Selector,2,True,False,runs/analysis/full400_seed_robustness/raw/online_consistent_boundary400/seed2.csv
57,2.0,1472293.0,1673201.0,83740173.0,59.9808,INDETERMINATE,57,0,data/test/3sat/400/3sat_15.cnf,0.0042922496795654,0.079766,0.3120250701904297,0.3163173198699951,60.37688331987,3sat_15.cnf,online_consistent_boundary400,Online-Consistent Selector,2,False,True,runs/analysis/full400_seed_robustness/raw/online_consistent_boundary400/seed2.csv
58,1.0,16970.0,19929.0,1057698.0,0.388302,SATISFIABLE,58,0,data/test/3sat/400/3sat_150.cnf,0.0042922496795654,0.074194,0.3120250701904297,0.3163173198699951,0.7788133198699951,3sat_150.cnf,online_consistent_boundary400,Online-Consistent Selector,2,True,False,runs/analysis/full400_seed_robustness/raw/online_consistent_boundary400/seed2.csv
59,2.0,1444220.0,1640529.0,83300189.0,59.9737,INDETERMINATE,59,0,data/test/3sat/400/3sat_151.cnf,0.0042922496795654,0.0829449999999999,0.3120250701904297,0.3163173198699951,60.37296231987,3sat_151.cnf,online_consistent_boundary400,Online-Consistent Selector,2,False,True,runs/analysis/full400_seed_robustness/raw/online_consistent_boundary400/seed2.csv
60,2.0,1501427.0,1728642.0,84180216.0,59.9721,INDETERMINATE,60,0,data/test/3sat/400/3sat_152.cnf,0.0039751529693603,0.087216,0.3244194984436035,0.3283946514129638,60.38771065141296,3sat_152.cnf,online_consistent_boundary400,Online-Consistent Selector,2,False,True,runs/analysis/full400_seed_robustness/raw/online_consistent_boundary400/seed2.csv
61,2.0,1451772.0,1654516.0,81390256.0,59.9781,INDETERMINATE,61,0,data/test/3sat/400/3sat_153.cnf,0.0039751529693603,0.073475,0.3244194984436035,0.3283946514129638,60.37996965141296,3sat_153.cnf,online_consistent_boundary400,Online-Consistent Selector,2,False,True,runs/analysis/full400_seed_robustness/raw/online_consistent_boundary400/seed2.csv
62,1.0,9781.0,11606.0,611335.0,0.212502,SATISFIABLE,62,0,data/test/3sat/400/3sat_154.cnf,0.0039751529693603,0.074762,0.3244194984436035,0.3283946514129638,0.6156586514129638,3sat_154.cnf,online_consistent_boundary400,Online-Consistent Selector,2,True,False,runs/analysis/full400_seed_robustness/raw/online_consistent_boundary400/seed2.csv
63,2.0,1485334.0,1692190.0,82981405.0,59.9807,INDETERMINATE,63,0,data/test/3sat/400/3sat_155.cnf,0.0039751529693603,0.0774239999999999,0.3244194984436035,0.3283946514129638,60.38651865141296,3sat_155.cnf,online_consistent_boundary400,Online-Consistent Selector,2,False,True,runs/analysis/full400_seed_robustness/raw/online_consistent_boundary400/seed2.csv
64,2.0,1433845.0,1635784.0,81361600.0,59.9812,INDETERMINATE,64,0,data/test/3sat/400/3sat_156.cnf,0.0039751529693603,0.075605,0.3244194984436035,0.3283946514129638,60.38519965141297,3sat_156.cnf,online_consistent_boundary400,Online-Consistent Selector,2,False,True,runs/analysis/full400_seed_robustness/raw/online_consistent_boundary400/seed2.csv
65,2.0,873297.0,1013956.0,52333641.0,32.3536,SATISFIABLE,65,0,data/test/3sat/400/3sat_157.cnf,0.0039751529693603,0.076689,0.3244194984436035,0.3283946514129638,32.758683651412966,3sat_157.cnf,online_consistent_boundary400,Online-Consistent Selector,2,True,False,runs/analysis/full400_seed_robustness/raw/online_consistent_boundary400/seed2.csv
66,2.0,1462464.0,1656646.0,81415431.0,59.9805,INDETERMINATE,66,0,data/test/3sat/400/3sat_158.cnf,0.0039751529693603,0.072767,0.3244194984436035,0.3283946514129638,60.38166165141296,3sat_158.cnf,online_consistent_boundary400,Online-Consistent Selector,2,False,True,runs/analysis/full400_seed_robustness/raw/online_consistent_boundary400/seed2.csv
67,2.0,1477129.0,1696394.0,84993693.0,59.9888,INDETERMINATE,67,0,data/test/3sat/400/3sat_159.cnf,0.0039751529693603,0.0876089999999999,0.3244194984436035,0.3283946514129638,60.40480365141296,3sat_159.cnf,online_consistent_boundary400,Online-Consistent Selector,2,False,True,runs/analysis/full400_seed_robustness/raw/online_consistent_boundary400/seed2.csv
68,2.0,1568369.0,1781120.0,89974576.0,59.9591,INDETERMINATE,68,0,data/test/3sat/400/3sat_16.cnf,0.0039751529693603,0.073774,0.3244194984436035,0.3283946514129638,60.36126865141296,3sat_16.cnf,online_consistent_boundary400,Online-Consistent Selector,2,False,True,runs/analysis/full400_seed_robustness/raw/online_consistent_boundary400/seed2.csv
69,2.0,1497888.0,1714954.0,83581411.0,59.9854,INDETERMINATE,69,0,data/test/3sat/400/3sat_160.cnf,0.0039751529693603,0.073962,0.3244194984436035,0.3283946514129638,60.38775665141296,3sat_160.cnf,online_consistent_boundary400,Online-Consistent Selector,2,False,True,runs/analysis/full400_seed_robustness/raw/online_consistent_boundary400/seed2.csv
70,2.0,1559713.0,1775747.0,90198312.0,59.9906,INDETERMINATE,70,0,data/test/3sat/400/3sat_161.cnf,0.0038695335388183,0.080635,0.268869400024414,0.2727389335632324,60.343973933563234,3sat_161.cnf,online_consistent_boundary400,Online-Consistent Selector,2,False,True,runs/analysis/full400_seed_robustness/raw/online_consistent_boundary400/seed2.csv
71,2.0,1407932.0,1591617.0,79309780.0,59.9861,INDETERMINATE,71,0,data/test/3sat/400/3sat_162.cnf,0.0038695335388183,0.084442,0.268869400024414,0.2727389335632324,60.34328093356324,3sat_162.cnf,online_consistent_boundary400,Online-Consistent Selector,2,False,True,runs/analysis/full400_seed_robustness/raw/online_consistent_boundary400/seed2.csv
72,2.0,915021.0,1050086.0,53803425.0,34.4165,SATISFIABLE,72,0,data/test/3sat/400/3sat_163.cnf,0.0038695335388183,0.072749,0.268869400024414,0.2727389335632324,34.76198793356323,3sat_163.cnf,online_consistent_boundary400,Online-Consistent Selector,2,True,False,runs/analysis/full400_seed_robustness/raw/online_consistent_boundary400/seed2.csv
73,2.0,1487114.0,1706609.0,86450144.0,59.9772,INDETERMINATE,73,0,data/test/3sat/400/3sat_164.cnf,0.0038695335388183,0.072445,0.268869400024414,0.2727389335632324,60.32238393356324,3sat_164.cnf,online_consistent_boundary400,Online-Consistent Selector,2,False,True,runs/analysis/full400_seed_robustness/raw/online_consistent_boundary400/seed2.csv
74,1.0,1169.0,1491.0,77588.0,0.021744,SATISFIABLE,74,0,data/test/3sat/400/3sat_165.cnf,0.0038695335388183,0.080773,0.268869400024414,0.2727389335632324,0.3752559335632324,3sat_165.cnf,online_consistent_boundary400,Online-Consistent Selector,2,True,False,runs/analysis/full400_seed_robustness/raw/online_consistent_boundary400/seed2.csv
75,2.0,1580684.0,1806543.0,89208648.0,59.981,INDETERMINATE,75,0,data/test/3sat/400/3sat_166.cnf,0.0038695335388183,0.080069,0.268869400024414,0.2727389335632324,60.33380793356324,3sat_166.cnf,online_consistent_boundary400,Online-Consistent Selector,2,False,True,runs/analysis/full400_seed_robustness/raw/online_consistent_boundary400/seed2.csv
76,2.0,399529.0,460797.0,23951550.0,12.7761,SATISFIABLE,76,0,data/test/3sat/400/3sat_167.cnf,0.0038695335388183,0.073827,0.268869400024414,0.2727389335632324,13.122665933563232,3sat_167.cnf,online_consistent_boundary400,Online-Consistent Selector,2,True,False,runs/analysis/full400_seed_robustness/raw/online_consistent_boundary400/seed2.csv
77,2.0,1418290.0,1603589.0,81184662.0,59.9801,INDETERMINATE,77,0,data/test/3sat/400/3sat_168.cnf,0.0038695335388183,0.074248,0.268869400024414,0.2727389335632324,60.32708693356323,3sat_168.cnf,online_consistent_boundary400,Online-Consistent Selector,2,False,True,runs/analysis/full400_seed_robustness/raw/online_consistent_boundary400/seed2.csv
78,2.0,1467791.0,1684815.0,84727234.0,59.9691,INDETERMINATE,78,0,data/test/3sat/400/3sat_169.cnf,0.0038695335388183,0.071977,0.268869400024414,0.2727389335632324,60.31381593356323,3sat_169.cnf,online_consistent_boundary400,Online-Consistent Selector,2,False,True,runs/analysis/full400_seed_robustness/raw/online_consistent_boundary400/seed2.csv
79,2.0,1382310.0,1583524.0,77716650.0,59.9775,INDETERMINATE,79,0,data/test/3sat/400/3sat_17.cnf,0.0038695335388183,0.07117,0.268869400024414,0.2727389335632324,60.321408933563234,3sat_17.cnf,online_consistent_boundary400,Online-Consistent Selector,2,False,True,runs/analysis/full400_seed_robustness/raw/online_consistent_boundary400/seed2.csv
80,2.0,1398563.0,1596047.0,77827223.0,59.9792,INDETERMINATE,80,0,data/test/3sat/400/3sat_170.cnf,0.0044424533843994,0.070831,0.2546451091766357,0.2590875625610351,60.30911856256103,3sat_170.cnf,online_consistent_boundary400,Online-Consistent Selector,2,False,True,runs/analysis/full400_seed_robustness/raw/online_consistent_boundary400/seed2.csv
81,2.0,1400002.0,1595018.0,79550454.0,59.9756,INDETERMINATE,81,0,data/test/3sat/400/3sat_171.cnf,0.0044424533843994,0.0757269999999999,0.2546451091766357,0.2590875625610351,60.31041456256104,3sat_171.cnf,online_consistent_boundary400,Online-Consistent Selector,2,False,True,runs/analysis/full400_seed_robustness/raw/online_consistent_boundary400/seed2.csv
82,2.0,1442928.0,1665538.0,83875722.0,59.9799,INDETERMINATE,82,0,data/test/3sat/400/3sat_172.cnf,0.0044424533843994,0.064081,0.2546451091766357,0.2590875625610351,60.30306856256104,3sat_172.cnf,online_consistent_boundary400,Online-Consistent Selector,2,False,True,runs/analysis/full400_seed_robustness/raw/online_consistent_boundary400/seed2.csv
83,2.0,1433703.0,1639178.0,82279410.0,59.9882,INDETERMINATE,83,0,data/test/3sat/400/3sat_173.cnf,0.0044424533843994,0.076875,0.2546451091766357,0.2590875625610351,60.32416256256104,3sat_173.cnf,online_consistent_boundary400,Online-Consistent Selector,2,False,True,runs/analysis/full400_seed_robustness/raw/online_consistent_boundary400/seed2.csv
84,2.0,1493931.0,1694637.0,83815143.0,59.9842,INDETERMINATE,84,0,data/test/3sat/400/3sat_174.cnf,0.0044424533843994,0.080712,0.2546451091766357,0.2590875625610351,60.32399956256104,3sat_174.cnf,online_consistent_boundary400,Online-Consistent Selector,2,False,True,runs/analysis/full400_seed_robustness/raw/online_consistent_boundary400/seed2.csv
85,2.0,1479871.0,1687381.0,82430108.0,59.9897,INDETERMINATE,85,0,data/test/3sat/400/3sat_175.cnf,0.0044424533843994,0.07337,0.2546451091766357,0.2590875625610351,60.32215756256103,3sat_175.cnf,online_consistent_boundary400,Online-Consistent Selector,2,False,True,runs/analysis/full400_seed_robustness/raw/online_consistent_boundary400/seed2.csv
86,1.0,44850.0,52377.0,2659490.0,1.48587,SATISFIABLE,86,0,data/test/3sat/400/3sat_176.cnf,0.0044424533843994,0.082745,0.2546451091766357,0.2590875625610351,1.8277025625610352,3sat_176.cnf,online_consistent_boundary400,Online-Consistent Selector,2,True,False,runs/analysis/full400_seed_robustness/raw/online_consistent_boundary400/seed2.csv
87,2.0,1476172.0,1672848.0,84854939.0,59.9741,INDETERMINATE,87,0,data/test/3sat/400/3sat_177.cnf,0.0044424533843994,0.0702359999999999,0.2546451091766357,0.2590875625610351,60.30342356256104,3sat_177.cnf,online_consistent_boundary400,Online-Consistent Selector,2,False,True,runs/analysis/full400_seed_robustness/raw/online_consistent_boundary400/seed2.csv
88,2.0,1587360.0,1835457.0,91906881.0,59.9905,INDETERMINATE,88,0,data/test/3sat/400/3sat_178.cnf,0.0044424533843994,0.078038,0.2546451091766357,0.2590875625610351,60.32762556256103,3sat_178.cnf,online_consistent_boundary400,Online-Consistent Selector,2,False,True,runs/analysis/full400_seed_robustness/raw/online_consistent_boundary400/seed2.csv
89,2.0,1551628.0,1765901.0,89157994.0,59.9786,INDETERMINATE,89,0,data/test/3sat/400/3sat_179.cnf,0.0044424533843994,0.083713,0.2546451091766357,0.2590875625610351,60.32140056256104,3sat_179.cnf,online_consistent_boundary400,Online-Consistent Selector,2,False,True,runs/analysis/full400_seed_robustness/raw/online_consistent_boundary400/seed2.csv
90,2.0,1412854.0,1615084.0,81252207.0,59.9714,INDETERMINATE,90,0,data/test/3sat/400/3sat_18.cnf,0.0045704841613769,0.084441,0.2994725704193115,0.3040430545806885,60.35988405458069,3sat_18.cnf,online_consistent_boundary400,Online-Consistent Selector,2,False,True,runs/analysis/full400_seed_robustness/raw/online_consistent_boundary400/seed2.csv
91,2.0,479866.0,551097.0,28918715.0,16.4918,SATISFIABLE,91,0,data/test/3sat/400/3sat_180.cnf,0.0045704841613769,0.074607,0.2994725704193115,0.3040430545806885,16.87045005458069,3sat_180.cnf,online_consistent_boundary400,Online-Consistent Selector,2,True,False,runs/analysis/full400_seed_robustness/raw/online_consistent_boundary400/seed2.csv
92,1.0,52050.0,59791.0,3130772.0,1.8687,SATISFIABLE,92,0,data/test/3sat/400/3sat_181.cnf,0.0045704841613769,0.077875,0.2994725704193115,0.3040430545806885,2.2506180545806886,3sat_181.cnf,online_consistent_boundary400,Online-Consistent Selector,2,True,False,runs/analysis/full400_seed_robustness/raw/online_consistent_boundary400/seed2.csv
93,2.0,1452017.0,1662106.0,79577063.0,59.9865,INDETERMINATE,93,0,data/test/3sat/400/3sat_182.cnf,0.0045704841613769,0.074901,0.2994725704193115,0.3040430545806885,60.365444054580685,3sat_182.cnf,online_consistent_boundary400,Online-Consistent Selector,2,False,True,runs/analysis/full400_seed_robustness/raw/online_consistent_boundary400/seed2.csv
94,2.0,1471783.0,1680838.0,82553925.0,59.9837,INDETERMINATE,94,0,data/test/3sat/400/3sat_183.cnf,0.0045704841613769,0.081783,0.2994725704193115,0.3040430545806885,60.36952605458069,3sat_183.cnf,online_consistent_boundary400,Online-Consistent Selector,2,False,True,runs/analysis/full400_seed_robustness/raw/online_consistent_boundary400/seed2.csv
95,2.0,1463157.0,1666734.0,83854924.0,59.9832,INDETERMINATE,95,0,data/test/3sat/400/3sat_184.cnf,0.0045704841613769,0.069026,0.2994725704193115,0.3040430545806885,60.356269054580686,3sat_184.cnf,online_consistent_boundary400,Online-Consistent Selector,2,False,True,runs/analysis/full400_seed_robustness/raw/online_consistent_boundary400/seed2.csv
96,2.0,1579813.0,1786673.0,88691412.0,59.9878,INDETERMINATE,96,0,data/test/3sat/400/3sat_185.cnf,0.0045704841613769,0.081834,0.2994725704193115,0.3040430545806885,60.37367705458069,3sat_185.cnf,online_consistent_boundary400,Online-Consistent Selector,2,False,True,runs/analysis/full400_seed_robustness/raw/online_consistent_boundary400/seed2.csv
97,2.0,1399081.0,1598221.0,76388238.0,59.9816,INDETERMINATE,97,0,data/test/3sat/400/3sat_186.cnf,0.0045704841613769,0.069002,0.2994725704193115,0.3040430545806885,60.354645054580686,3sat_186.cnf,online_consistent_boundary400,Online-Consistent Selector,2,False,True,runs/analysis/full400_seed_robustness/raw/online_consistent_boundary400/seed2.csv
98,2.0,1427663.0,1643311.0,80424015.0,59.9934,INDETERMINATE,98,0,data/test/3sat/400/3sat_187.cnf,0.0045704841613769,0.066773,0.2994725704193115,0.3040430545806885,60.36421605458069,3sat_187.cnf,online_consistent_boundary400,Online-Consistent Selector,2,False,True,runs/analysis/full400_seed_robustness/raw/online_consistent_boundary400/seed2.csv
99,2.0,1519172.0,1735125.0,86889291.0,59.9826,INDETERMINATE,99,0,data/test/3sat/400/3sat_188.cnf,0.0045704841613769,0.07219,0.2994725704193115,0.3040430545806885,60.358833054580685,3sat_188.cnf,online_consistent_boundary400,Online-Consistent Selector,2,False,True,runs/analysis/full400_seed_robustness/raw/online_consistent_boundary400/seed2.csv
100,2.0,486885.0,560599.0,28846336.0,16.4806,SATISFIABLE,100,0,data/test/3sat/400/3sat_189.cnf,0.0043156147003173,0.0745919999999999,0.272357702255249,0.2766733169555664,16.831865316955565,3sat_189.cnf,online_consistent_boundary400,Online-Consistent Selector,2,True,False,runs/analysis/full400_seed_robustness/raw/online_consistent_boundary400/seed2.csv
101,1.0,32619.0,37875.0,1910478.0,1.06241,SATISFIABLE,101,0,data/test/3sat/400/3sat_19.cnf,0.0043156147003173,0.080427,0.272357702255249,0.2766733169555664,1.4195103169555665,3sat_19.cnf,online_consistent_boundary400,Online-Consistent Selector,2,True,False,runs/analysis/full400_seed_robustness/raw/online_consistent_boundary400/seed2.csv
102,1.0,1353.0,1762.0,87323.0,0.025668,SATISFIABLE,102,0,data/test/3sat/400/3sat_190.cnf,0.0043156147003173,0.054993,0.272357702255249,0.2766733169555664,0.3573343169555664,3sat_190.cnf,online_consistent_boundary400,Online-Consistent Selector,2,True,False,runs/analysis/full400_seed_robustness/raw/online_consistent_boundary400/seed2.csv
103,2.0,1413536.0,1625693.0,78858276.0,59.978,INDETERMINATE,103,0,data/test/3sat/400/3sat_191.cnf,0.0043156147003173,0.073475,0.272357702255249,0.2766733169555664,60.32814831695557,3sat_191.cnf,online_consistent_boundary400,Online-Consistent Selector,2,False,True,runs/analysis/full400_seed_robustness/raw/online_consistent_boundary400/seed2.csv
104,2.0,1409205.0,1625690.0,79557582.0,59.9581,INDETERMINATE,104,0,data/test/3sat/400/3sat_192.cnf,0.0043156147003173,0.075164,0.272357702255249,0.2766733169555664,60.30993731695557,3sat_192.cnf,online_consistent_boundary400,Online-Consistent Selector,2,False,True,runs/analysis/full400_seed_robustness/raw/online_consistent_boundary400/seed2.csv
105,2.0,1426861.0,1627988.0,82491586.0,59.9701,INDETERMINATE,105,0,data/test/3sat/400/3sat_193.cnf,0.0043156147003173,0.080486,0.272357702255249,0.2766733169555664,60.32725931695557,3sat_193.cnf,online_consistent_boundary400,Online-Consistent Selector,2,False,True,runs/analysis/full400_seed_robustness/raw/online_consistent_boundary400/seed2.csv
106,2.0,1357756.0,1541553.0,77404664.0,59.9842,INDETERMINATE,106,0,data/test/3sat/400/3sat_194.cnf,0.0043156147003173,0.063815,0.272357702255249,0.2766733169555664,60.324688316955566,3sat_194.cnf,online_consistent_boundary400,Online-Consistent Selector,2,False,True,runs/analysis/full400_seed_robustness/raw/online_consistent_boundary400/seed2.csv
107,2.0,1490633.0,1700886.0,86997520.0,59.9847,INDETERMINATE,107,0,data/test/3sat/400/3sat_195.cnf,0.0043156147003173,0.075458,0.272357702255249,0.2766733169555664,60.33683131695556,3sat_195.cnf,online_consistent_boundary400,Online-Consistent Selector,2,False,True,runs/analysis/full400_seed_robustness/raw/online_consistent_boundary400/seed2.csv
108,2.0,885139.0,1017689.0,51832819.0,30.212,SATISFIABLE,108,0,data/test/3sat/400/3sat_196.cnf,0.0043156147003173,0.084817,0.272357702255249,0.2766733169555664,30.573490316955567,3sat_196.cnf,online_consistent_boundary400,Online-Consistent Selector,2,True,False,runs/analysis/full400_seed_robustness/raw/online_consistent_boundary400/seed2.csv
109,2.0,1524264.0,1737561.0,85427162.0,60.0018,INDETERMINATE,109,0,data/test/3sat/400/3sat_197.cnf,0.0043156147003173,0.072494,0.272357702255249,0.2766733169555664,60.35096731695557,3sat_197.cnf,online_consistent_boundary400,Online-Consistent Selector,2,False,True,runs/analysis/full400_seed_robustness/raw/online_consistent_boundary400/seed2.csv
110,2.0,1460118.0,1680160.0,83499328.0,59.986,INDETERMINATE,110,0,data/test/3sat/400/3sat_198.cnf,0.0045118331909179,0.079758,0.2882163524627685,0.2927281856536865,60.35848618565368,3sat_198.cnf,online_consistent_boundary400,Online-Consistent Selector,2,False,True,runs/analysis/full400_seed_robustness/raw/online_consistent_boundary400/seed2.csv
111,2.0,1389876.0,1592436.0,77603886.0,59.9811,INDETERMINATE,111,0,data/test/3sat/400/3sat_199.cnf,0.0045118331909179,0.070037,0.2882163524627685,0.2927281856536865,60.34386518565368,3sat_199.cnf,online_consistent_boundary400,Online-Consistent Selector,2,False,True,runs/analysis/full400_seed_robustness/raw/online_consistent_boundary400/seed2.csv
112,2.0,1415346.0,1615829.0,82194707.0,59.9498,INDETERMINATE,112,0,data/test/3sat/400/3sat_2.cnf,0.0045118331909179,0.0784,0.2882163524627685,0.2927281856536865,60.32092818565369,3sat_2.cnf,online_consistent_boundary400,Online-Consistent Selector,2,False,True,runs/analysis/full400_seed_robustness/raw/online_consistent_boundary400/seed2.csv
113,2.0,361980.0,419239.0,21758927.0,11.9816,SATISFIABLE,113,0,data/test/3sat/400/3sat_20.cnf,0.0045118331909179,0.083537,0.2882163524627685,0.2927281856536865,12.357865185653688,3sat_20.cnf,online_consistent_boundary400,Online-Consistent Selector,2,True,False,runs/analysis/full400_seed_robustness/raw/online_consistent_boundary400/seed2.csv
114,2.0,1467061.0,1698360.0,85392700.0,59.974,INDETERMINATE,114,0,data/test/3sat/400/3sat_21.cnf,0.0045118331909179,0.076469,0.2882163524627685,0.2927281856536865,60.343197185653686,3sat_21.cnf,online_consistent_boundary400,Online-Consistent Selector,2,False,True,runs/analysis/full400_seed_robustness/raw/online_consistent_boundary400/seed2.csv
115,1.0,43107.0,50298.0,2657822.0,1.39532,SATISFIABLE,115,0,data/test/3sat/400/3sat_22.cnf,0.0045118331909179,0.075858,0.2882163524627685,0.2927281856536865,1.7639061856536864,3sat_22.cnf,online_consistent_boundary400,Online-Consistent Selector,2,True,False,runs/analysis/full400_seed_robustness/raw/online_consistent_boundary400/seed2.csv
116,2.0,1414745.0,1618442.0,78531189.0,59.9864,INDETERMINATE,116,0,data/test/3sat/400/3sat_23.cnf,0.0045118331909179,0.080006,0.2882163524627685,0.2927281856536865,60.35913418565369,3sat_23.cnf,online_consistent_boundary400,Online-Consistent Selector,2,False,True,runs/analysis/full400_seed_robustness/raw/online_consistent_boundary400/seed2.csv
117,1.0,97677.0,112677.0,5872880.0,4.26216,SATISFIABLE,117,0,data/test/3sat/400/3sat_24.cnf,0.0045118331909179,0.083573,0.2882163524627685,0.2927281856536865,4.638461185653687,3sat_24.cnf,online_consistent_boundary400,Online-Consistent Selector,2,True,False,runs/analysis/full400_seed_robustness/raw/online_consistent_boundary400/seed2.csv
118,1.0,41249.0,47888.0,2486997.0,1.15579,SATISFIABLE,118,0,data/test/3sat/400/3sat_25.cnf,0.0045118331909179,0.078041,0.2882163524627685,0.2927281856536865,1.5265591856536866,3sat_25.cnf,online_consistent_boundary400,Online-Consistent Selector,2,True,False,runs/analysis/full400_seed_robustness/raw/online_consistent_boundary400/seed2.csv
119,2.0,1373626.0,1568110.0,78737681.0,59.9811,INDETERMINATE,119,0,data/test/3sat/400/3sat_26.cnf,0.0045118331909179,0.076066,0.2882163524627685,0.2927281856536865,60.34989418565368,3sat_26.cnf,online_consistent_boundary400,Online-Consistent Selector,2,False,True,runs/analysis/full400_seed_robustness/raw/online_consistent_boundary400/seed2.csv
120,1.0,9470.0,11447.0,605518.0,0.194717,SATISFIABLE,120,0,data/test/3sat/400/3sat_27.cnf,0.0040700435638427,0.080437,0.408494234085083,0.4125642776489258,0.6877182776489258,3sat_27.cnf,online_consistent_boundary400,Online-Consistent Selector,2,True,False,runs/analysis/full400_seed_robustness/raw/online_consistent_boundary400/seed2.csv
121,2.0,1512813.0,1731569.0,85718203.0,59.9786,INDETERMINATE,121,0,data/test/3sat/400/3sat_28.cnf,0.0040700435638427,0.0809459999999999,0.408494234085083,0.4125642776489258,60.47211027764892,3sat_28.cnf,online_consistent_boundary400,Online-Consistent Selector,2,False,True,runs/analysis/full400_seed_robustness/raw/online_consistent_boundary400/seed2.csv
122,2.0,1553307.0,1769847.0,89286495.0,59.9873,INDETERMINATE,122,0,data/test/3sat/400/3sat_29.cnf,0.0040700435638427,0.077529,0.408494234085083,0.4125642776489258,60.47739327764892,3sat_29.cnf,online_consistent_boundary400,Online-Consistent Selector,2,False,True,runs/analysis/full400_seed_robustness/raw/online_consistent_boundary400/seed2.csv
123,2.0,1493163.0,1711625.0,87900190.0,59.9826,INDETERMINATE,123,0,data/test/3sat/400/3sat_3.cnf,0.0040700435638427,0.078744,0.408494234085083,0.4125642776489258,60.47390827764893,3sat_3.cnf,online_consistent_boundary400,Online-Consistent Selector,2,False,True,runs/analysis/full400_seed_robustness/raw/online_consistent_boundary400/seed2.csv
124,2.0,1386020.0,1584889.0,78857770.0,59.9703,INDETERMINATE,124,0,data/test/3sat/400/3sat_30.cnf,0.0040700435638427,0.085636,0.408494234085083,0.4125642776489258,60.46850027764893,3sat_30.cnf,online_consistent_boundary400,Online-Consistent Selector,2,False,True,runs/analysis/full400_seed_robustness/raw/online_consistent_boundary400/seed2.csv
125,2.0,1379628.0,1589449.0,77772230.0,59.971,INDETERMINATE,125,0,data/test/3sat/400/3sat_31.cnf,0.0040700435638427,0.064121,0.408494234085083,0.4125642776489258,60.44768527764892,3sat_31.cnf,online_consistent_boundary400,Online-Consistent Selector,2,False,True,runs/analysis/full400_seed_robustness/raw/online_consistent_boundary400/seed2.csv
126,2.0,1461540.0,1662457.0,82078795.0,59.9784,INDETERMINATE,126,0,data/test/3sat/400/3sat_32.cnf,0.0040700435638427,0.077432,0.408494234085083,0.4125642776489258,60.46839627764893,3sat_32.cnf,online_consistent_boundary400,Online-Consistent Selector,2,False,True,runs/analysis/full400_seed_robustness/raw/online_consistent_boundary400/seed2.csv
127,2.0,1428269.0,1638864.0,81421115.0,59.987,INDETERMINATE,127,0,data/test/3sat/400/3sat_33.cnf,0.0040700435638427,0.07411,0.408494234085083,0.4125642776489258,60.473674277648925,3sat_33.cnf,online_consistent_boundary400,Online-Consistent Selector,2,False,True,runs/analysis/full400_seed_robustness/raw/online_consistent_boundary400/seed2.csv
128,2.0,1605668.0,1844304.0,91862267.0,59.9685,INDETERMINATE,128,0,data/test/3sat/400/3sat_34.cnf,0.0040700435638427,0.066974,0.408494234085083,0.4125642776489258,60.44803827764893,3sat_34.cnf,online_consistent_boundary400,Online-Consistent Selector,2,False,True,runs/analysis/full400_seed_robustness/raw/online_consistent_boundary400/seed2.csv
129,2.0,1526095.0,1752321.0,84026916.0,59.9776,INDETERMINATE,129,0,data/test/3sat/400/3sat_35.cnf,0.0040700435638427,0.079953,0.408494234085083,0.4125642776489258,60.47011727764893,3sat_35.cnf,online_consistent_boundary400,Online-Consistent Selector,2,False,True,runs/analysis/full400_seed_robustness/raw/online_consistent_boundary400/seed2.csv
130,2.0,1475158.0,1688202.0,82863630.0,59.9739,INDETERMINATE,130,0,data/test/3sat/400/3sat_36.cnf,0.0044715404510498,0.079829,0.3817012310028076,0.3861727714538574,60.439901771453854,3sat_36.cnf,online_consistent_boundary400,Online-Consistent Selector,2,False,True,runs/analysis/full400_seed_robustness/raw/online_consistent_boundary400/seed2.csv
131,2.0,1492291.0,1693785.0,83945384.0,59.9708,INDETERMINATE,131,0,data/test/3sat/400/3sat_37.cnf,0.0044715404510498,0.077153,0.3817012310028076,0.3861727714538574,60.43412577145386,3sat_37.cnf,online_consistent_boundary400,Online-Consistent Selector,2,False,True,runs/analysis/full400_seed_robustness/raw/online_consistent_boundary400/seed2.csv
132,2.0,1509045.0,1722716.0,86132873.0,59.9792,INDETERMINATE,132,0,data/test/3sat/400/3sat_38.cnf,0.0044715404510498,0.073089,0.3817012310028076,0.3861727714538574,60.43846177145386,3sat_38.cnf,online_consistent_boundary400,Online-Consistent Selector,2,False,True,runs/analysis/full400_seed_robustness/raw/online_consistent_boundary400/seed2.csv
133,2.0,1442579.0,1659839.0,80768100.0,59.9879,INDETERMINATE,133,0,data/test/3sat/400/3sat_39.cnf,0.0044715404510498,0.074802,0.3817012310028076,0.3861727714538574,60.44887477145386,3sat_39.cnf,online_consistent_boundary400,Online-Consistent Selector,2,False,True,runs/analysis/full400_seed_robustness/raw/online_consistent_boundary400/seed2.csv
134,2.0,1526591.0,1742618.0,85811303.0,59.9892,INDETERMINATE,134,0,data/test/3sat/400/3sat_4.cnf,0.0044715404510498,0.078374,0.3817012310028076,0.3861727714538574,60.45374677145385,3sat_4.cnf,online_consistent_boundary400,Online-Consistent Selector,2,False,True,runs/analysis/full400_seed_robustness/raw/online_consistent_boundary400/seed2.csv
135,2.0,1512939.0,1728957.0,86112246.0,59.9802,INDETERMINATE,135,0,data/test/3sat/400/3sat_40.cnf,0.0044715404510498,0.076088,0.3817012310028076,0.3861727714538574,60.44246077145386,3sat_40.cnf,online_consistent_boundary400,Online-Consistent Selector,2,False,True,runs/analysis/full400_seed_robustness/raw/online_consistent_boundary400/seed2.csv
136,2.0,1355625.0,1539315.0,75467487.0,60.0014,INDETERMINATE,136,0,data/test/3sat/400/3sat_41.cnf,0.0044715404510498,0.073613,0.3817012310028076,0.3861727714538574,60.461185771453856,3sat_41.cnf,online_consistent_boundary400,Online-Consistent Selector,2,False,True,runs/analysis/full400_seed_robustness/raw/online_consistent_boundary400/seed2.csv
137,2.0,1572945.0,1787231.0,85386760.0,59.971,INDETERMINATE,137,0,data/test/3sat/400/3sat_42.cnf,0.0044715404510498,0.072668,0.3817012310028076,0.3861727714538574,60.429840771453854,3sat_42.cnf,online_consistent_boundary400,Online-Consistent Selector,2,False,True,runs/analysis/full400_seed_robustness/raw/online_consistent_boundary400/seed2.csv
138,2.0,1450701.0,1649373.0,82794965.0,59.9781,INDETERMINATE,138,0,data/test/3sat/400/3sat_43.cnf,0.0044715404510498,0.078955,0.3817012310028076,0.3861727714538574,60.443227771453856,3sat_43.cnf,online_consistent_boundary400,Online-Consistent Selector,2,False,True,runs/analysis/full400_seed_robustness/raw/online_consistent_boundary400/seed2.csv
139,2.0,1436783.0,1645444.0,83012243.0,59.9628,INDETERMINATE,139,0,data/test/3sat/400/3sat_44.cnf,0.0044715404510498,0.074793,0.3817012310028076,0.3861727714538574,60.42376577145386,3sat_44.cnf,online_consistent_boundary400,Online-Consistent Selector,2,False,True,runs/analysis/full400_seed_robustness/raw/online_consistent_boundary400/seed2.csv
140,2.0,1526205.0,1720518.0,85194400.0,59.9865,INDETERMINATE,140,0,data/test/3sat/400/3sat_45.cnf,0.0044841766357421,0.082865,0.3098306655883789,0.3143148422241211,60.38367984222412,3sat_45.cnf,online_consistent_boundary400,Online-Consistent Selector,2,False,True,runs/analysis/full400_seed_robustness/raw/online_consistent_boundary400/seed2.csv
141,2.0,977212.0,1110702.0,56336677.0,37.0179,SATISFIABLE,141,0,data/test/3sat/400/3sat_46.cnf,0.0044841766357421,0.067611,0.3098306655883789,0.3143148422241211,37.39982584222412,3sat_46.cnf,online_consistent_boundary400,Online-Consistent Selector,2,True,False,runs/analysis/full400_seed_robustness/raw/online_consistent_boundary400/seed2.csv
142,1.0,63966.0,73444.0,4017900.0,2.42179,SATISFIABLE,142,0,data/test/3sat/400/3sat_47.cnf,0.0044841766357421,0.0705359999999999,0.3098306655883789,0.3143148422241211,2.8066408422241214,3sat_47.cnf,online_consistent_boundary400,Online-Consistent Selector,2,True,False,runs/analysis/full400_seed_robustness/raw/online_consistent_boundary400/seed2.csv
143,2.0,1479761.0,1692660.0,82570715.0,59.9737,INDETERMINATE,143,0,data/test/3sat/400/3sat_48.cnf,0.0044841766357421,0.077458,0.3098306655883789,0.3143148422241211,60.36547284222412,3sat_48.cnf,online_consistent_boundary400,Online-Consistent Selector,2,False,True,runs/analysis/full400_seed_robustness/raw/online_consistent_boundary400/seed2.csv
144,2.0,1408711.0,1614827.0,81461324.0,59.9495,INDETERMINATE,144,0,data/test/3sat/400/3sat_49.cnf,0.0044841766357421,0.0820569999999999,0.3098306655883789,0.3143148422241211,60.34587184222412,3sat_49.cnf,online_consistent_boundary400,Online-Consistent Selector,2,False,True,runs/analysis/full400_seed_robustness/raw/online_consistent_boundary400/seed2.csv
145,2.0,1407867.0,1612832.0,79635288.0,59.9599,INDETERMINATE,145,0,data/test/3sat/400/3sat_5.cnf,0.0044841766357421,0.079183,0.3098306655883789,0.3143148422241211,60.35339784222412,3sat_5.cnf,online_consistent_boundary400,Online-Consistent Selector,2,False,True,runs/analysis/full400_seed_robustness/raw/online_consistent_boundary400/seed2.csv
146,2.0,1380582.0,1579164.0,79336314.0,59.9735,INDETERMINATE,146,0,data/test/3sat/400/3sat_50.cnf,0.0044841766357421,0.070687,0.3098306655883789,0.3143148422241211,60.35850184222412,3sat_50.cnf,online_consistent_boundary400,Online-Consistent Selector,2,False,True,runs/analysis/full400_seed_robustness/raw/online_consistent_boundary400/seed2.csv
147,2.0,1480403.0,1693355.0,84223005.0,59.9781,INDETERMINATE,147,0,data/test/3sat/400/3sat_51.cnf,0.0044841766357421,0.080648,0.3098306655883789,0.3143148422241211,60.37306284222412,3sat_51.cnf,online_consistent_boundary400,Online-Consistent Selector,2,False,True,runs/analysis/full400_seed_robustness/raw/online_consistent_boundary400/seed2.csv
148,2.0,1579864.0,1823918.0,88919981.0,59.9952,INDETERMINATE,148,0,data/test/3sat/400/3sat_52.cnf,0.0044841766357421,0.080798,0.3098306655883789,0.3143148422241211,60.39031284222412,3sat_52.cnf,online_consistent_boundary400,Online-Consistent Selector,2,False,True,runs/analysis/full400_seed_robustness/raw/online_consistent_boundary400/seed2.csv
149,2.0,1448846.0,1651950.0,78675288.0,59.9817,INDETERMINATE,149,0,data/test/3sat/400/3sat_53.cnf,0.0044841766357421,0.067003,0.3098306655883789,0.3143148422241211,60.36301784222412,3sat_53.cnf,online_consistent_boundary400,Online-Consistent Selector,2,False,True,runs/analysis/full400_seed_robustness/raw/online_consistent_boundary400/seed2.csv
150,2.0,612353.0,699215.0,35959808.0,21.3481,SATISFIABLE,150,0,data/test/3sat/400/3sat_54.cnf,0.0046057701110839,0.079096,0.2959237098693847,0.3005294799804687,21.727725479980467,3sat_54.cnf,online_consistent_boundary400,Online-Consistent Selector,2,True,False,runs/analysis/full400_seed_robustness/raw/online_consistent_boundary400/seed2.csv
151,2.0,1510239.0,1723067.0,85187184.0,59.9765,INDETERMINATE,151,0,data/test/3sat/400/3sat_55.cnf,0.0046057701110839,0.077197,0.2959237098693847,0.3005294799804687,60.35422647998047,3sat_55.cnf,online_consistent_boundary400,Online-Consistent Selector,2,False,True,runs/analysis/full400_seed_robustness/raw/online_consistent_boundary400/seed2.csv
152,2.0,1413997.0,1596938.0,80873968.0,59.9764,INDETERMINATE,152,0,data/test/3sat/400/3sat_56.cnf,0.0046057701110839,0.083862,0.2959237098693847,0.3005294799804687,60.36079147998047,3sat_56.cnf,online_consistent_boundary400,Online-Consistent Selector,2,False,True,runs/analysis/full400_seed_robustness/raw/online_consistent_boundary400/seed2.csv
153,2.0,1481381.0,1684133.0,82861607.0,59.9678,INDETERMINATE,153,0,data/test/3sat/400/3sat_57.cnf,0.0046057701110839,0.079577,0.2959237098693847,0.3005294799804687,60.34790647998047,3sat_57.cnf,online_consistent_boundary400,Online-Consistent Selector,2,False,True,runs/analysis/full400_seed_robustness/raw/online_consistent_boundary400/seed2.csv
154,2.0,1553859.0,1772666.0,92086781.0,59.9762,INDETERMINATE,154,0,data/test/3sat/400/3sat_58.cnf,0.0046057701110839,0.079241,0.2959237098693847,0.3005294799804687,60.35597047998047,3sat_58.cnf,online_consistent_boundary400,Online-Consistent Selector,2,False,True,runs/analysis/full400_seed_robustness/raw/online_consistent_boundary400/seed2.csv
155,2.0,1510594.0,1729901.0,85001356.0,59.9595,INDETERMINATE,155,0,data/test/3sat/400/3sat_59.cnf,0.0046057701110839,0.08319,0.2959237098693847,0.3005294799804687,60.34321947998047,3sat_59.cnf,online_consistent_boundary400,Online-Consistent Selector,2,False,True,runs/analysis/full400_seed_robustness/raw/online_consistent_boundary400/seed2.csv
156,2.0,1493934.0,1694030.0,83467562.0,59.9825,INDETERMINATE,156,0,data/test/3sat/400/3sat_6.cnf,0.0046057701110839,0.07774,0.2959237098693847,0.3005294799804687,60.36076947998047,3sat_6.cnf,online_consistent_boundary400,Online-Consistent Selector,2,False,True,runs/analysis/full400_seed_robustness/raw/online_consistent_boundary400/seed2.csv
157,2.0,1397864.0,1590829.0,80384641.0,59.9624,INDETERMINATE,157,0,data/test/3sat/400/3sat_60.cnf,0.0046057701110839,0.075929,0.2959237098693847,0.3005294799804687,60.33885847998047,3sat_60.cnf,online_consistent_boundary400,Online-Consistent Selector,2,False,True,runs/analysis/full400_seed_robustness/raw/online_consistent_boundary400/seed2.csv
158,2.0,1424937.0,1610728.0,80083118.0,59.953,INDETERMINATE,158,0,data/test/3sat/400/3sat_61.cnf,0.0046057701110839,0.067071,0.2959237098693847,0.3005294799804687,60.32060047998047,3sat_61.cnf,online_consistent_boundary400,Online-Consistent Selector,2,False,True,runs/analysis/full400_seed_robustness/raw/online_consistent_boundary400/seed2.csv
159,2.0,1535317.0,1740938.0,88461508.0,59.9849,INDETERMINATE,159,0,data/test/3sat/400/3sat_62.cnf,0.0046057701110839,0.070197,0.2959237098693847,0.3005294799804687,60.35562647998047,3sat_62.cnf,online_consistent_boundary400,Online-Consistent Selector,2,False,True,runs/analysis/full400_seed_robustness/raw/online_consistent_boundary400/seed2.csv
160,2.0,138136.0,157894.0,8130882.0,4.92192,SATISFIABLE,160,0,data/test/3sat/400/3sat_63.cnf,0.0041751861572265,0.070968,0.3578994274139404,0.362074613571167,5.354962613571167,3sat_63.cnf,online_consistent_boundary400,Online-Consistent Selector,2,True,False,runs/analysis/full400_seed_robustness/raw/online_consistent_boundary400/seed2.csv
161,2.0,1450605.0,1641467.0,80983153.0,59.99,INDETERMINATE,161,0,data/test/3sat/400/3sat_64.cnf,0.0041751861572265,0.069275,0.3578994274139404,0.362074613571167,60.42134961357117,3sat_64.cnf,online_consistent_boundary400,Online-Consistent Selector,2,False,True,runs/analysis/full400_seed_robustness/raw/online_consistent_boundary400/seed2.csv
162,1.0,224.0,339.0,14565.0,0.00821,SATISFIABLE,162,0,data/test/3sat/400/3sat_65.cnf,0.0041751861572265,0.032121,0.3578994274139404,0.362074613571167,0.402405613571167,3sat_65.cnf,online_consistent_boundary400,Online-Consistent Selector,2,True,False,runs/analysis/full400_seed_robustness/raw/online_consistent_boundary400/seed2.csv
163,2.0,1416478.0,1625342.0,81712866.0,59.9516,INDETERMINATE,163,0,data/test/3sat/400/3sat_66.cnf,0.0041751861572265,0.081425,0.3578994274139404,0.362074613571167,60.39509961357117,3sat_66.cnf,online_consistent_boundary400,Online-Consistent Selector,2,False,True,runs/analysis/full400_seed_robustness/raw/online_consistent_boundary400/seed2.csv
164,2.0,1489987.0,1703400.0,85893149.0,59.9897,INDETERMINATE,164,0,data/test/3sat/400/3sat_67.cnf,0.0041751861572265,0.0763109999999999,0.3578994274139404,0.362074613571167,60.42808561357116,3sat_67.cnf,online_consistent_boundary400,Online-Consistent Selector,2,False,True,runs/analysis/full400_seed_robustness/raw/online_consistent_boundary400/seed2.csv
165,2.0,1392375.0,1593570.0,78318047.0,59.9768,INDETERMINATE,165,0,data/test/3sat/400/3sat_68.cnf,0.0041751861572265,0.0833209999999999,0.3578994274139404,0.362074613571167,60.42219561357116,3sat_68.cnf,online_consistent_boundary400,Online-Consistent Selector,2,False,True,runs/analysis/full400_seed_robustness/raw/online_consistent_boundary400/seed2.csv
166,2.0,1482100.0,1698951.0,88251070.0,59.9779,INDETERMINATE,166,0,data/test/3sat/400/3sat_69.cnf,0.0041751861572265,0.073095,0.3578994274139404,0.362074613571167,60.41306961357117,3sat_69.cnf,online_consistent_boundary400,Online-Consistent Selector,2,False,True,runs/analysis/full400_seed_robustness/raw/online_consistent_boundary400/seed2.csv
167,2.0,1503884.0,1697518.0,83255419.0,59.9817,INDETERMINATE,167,0,data/test/3sat/400/3sat_7.cnf,0.0041751861572265,0.0587,0.3578994274139404,0.362074613571167,60.402474613571165,3sat_7.cnf,online_consistent_boundary400,Online-Consistent Selector,2,False,True,runs/analysis/full400_seed_robustness/raw/online_consistent_boundary400/seed2.csv
168,1.0,2512.0,3124.0,152890.0,0.046285,SATISFIABLE,168,0,data/test/3sat/400/3sat_70.cnf,0.0041751861572265,0.08223,0.3578994274139404,0.362074613571167,0.490589613571167,3sat_70.cnf,online_consistent_boundary400,Online-Consistent Selector,2,True,False,runs/analysis/full400_seed_robustness/raw/online_consistent_boundary400/seed2.csv
169,2.0,1466870.0,1679014.0,83583183.0,59.9857,INDETERMINATE,169,0,data/test/3sat/400/3sat_71.cnf,0.0041751861572265,0.068356,0.3578994274139404,0.362074613571167,60.41613061357117,3sat_71.cnf,online_consistent_boundary400,Online-Consistent Selector,2,False,True,runs/analysis/full400_seed_robustness/raw/online_consistent_boundary400/seed2.csv
170,2.0,1478527.0,1691907.0,83176894.0,59.9764,INDETERMINATE,170,0,data/test/3sat/400/3sat_72.cnf,0.0047352313995361,0.072235,0.4048094749450683,0.4095447063446045,60.4581797063446,3sat_72.cnf,online_consistent_boundary400,Online-Consistent Selector,2,False,True,runs/analysis/full400_seed_robustness/raw/online_consistent_boundary400/seed2.csv
171,2.0,1466850.0,1671906.0,83990759.0,59.9778,INDETERMINATE,171,0,data/test/3sat/400/3sat_73.cnf,0.0047352313995361,0.0844729999999999,0.4048094749450683,0.4095447063446045,60.47181770634461,3sat_73.cnf,online_consistent_boundary400,Online-Consistent Selector,2,False,True,runs/analysis/full400_seed_robustness/raw/online_consistent_boundary400/seed2.csv
172,2.0,1438816.0,1656318.0,80954293.0,59.983,INDETERMINATE,172,0,data/test/3sat/400/3sat_74.cnf,0.0047352313995361,0.0716209999999999,0.4048094749450683,0.4095447063446045,60.4641657063446,3sat_74.cnf,online_consistent_boundary400,Online-Consistent Selector,2,False,True,runs/analysis/full400_seed_robustness/raw/online_consistent_boundary400/seed2.csv
173,2.0,1401774.0,1599374.0,76821455.0,59.9873,INDETERMINATE,173,0,data/test/3sat/400/3sat_75.cnf,0.0047352313995361,0.071305,0.4048094749450683,0.4095447063446045,60.468149706344605,3sat_75.cnf,online_consistent_boundary400,Online-Consistent Selector,2,False,True,runs/analysis/full400_seed_robustness/raw/online_consistent_boundary400/seed2.csv
174,2.0,1492070.0,1696858.0,87036032.0,59.9985,INDETERMINATE,174,0,data/test/3sat/400/3sat_76.cnf,0.0047352313995361,0.0777539999999999,0.4048094749450683,0.4095447063446045,60.4857987063446,3sat_76.cnf,online_consistent_boundary400,Online-Consistent Selector,2,False,True,runs/analysis/full400_seed_robustness/raw/online_consistent_boundary400/seed2.csv
175,2.0,1476502.0,1684354.0,82894290.0,59.9681,INDETERMINATE,175,0,data/test/3sat/400/3sat_77.cnf,0.0047352313995361,0.064482,0.4048094749450683,0.4095447063446045,60.4421267063446,3sat_77.cnf,online_consistent_boundary400,Online-Consistent Selector,2,False,True,runs/analysis/full400_seed_robustness/raw/online_consistent_boundary400/seed2.csv
176,2.0,1486545.0,1693116.0,81540049.0,59.9834,INDETERMINATE,176,0,data/test/3sat/400/3sat_78.cnf,0.0047352313995361,0.074627,0.4048094749450683,0.4095447063446045,60.46757170634461,3sat_78.cnf,online_consistent_boundary400,Online-Consistent Selector,2,False,True,runs/analysis/full400_seed_robustness/raw/online_consistent_boundary400/seed2.csv
177,2.0,1430616.0,1635636.0,78580569.0,59.9818,INDETERMINATE,177,0,data/test/3sat/400/3sat_79.cnf,0.0047352313995361,0.068994,0.4048094749450683,0.4095447063446045,60.4603387063446,3sat_79.cnf,online_consistent_boundary400,Online-Consistent Selector,2,False,True,runs/analysis/full400_seed_robustness/raw/online_consistent_boundary400/seed2.csv
178,2.0,1470214.0,1670744.0,84985212.0,59.9747,INDETERMINATE,178,0,data/test/3sat/400/3sat_8.cnf,0.0047352313995361,0.076488,0.4048094749450683,0.4095447063446045,60.4607327063446,3sat_8.cnf,online_consistent_boundary400,Online-Consistent Selector,2,False,True,runs/analysis/full400_seed_robustness/raw/online_consistent_boundary400/seed2.csv
179,2.0,1490574.0,1717849.0,86020635.0,59.9975,INDETERMINATE,179,0,data/test/3sat/400/3sat_80.cnf,0.0047352313995361,0.07052,0.4048094749450683,0.4095447063446045,60.47756470634461,3sat_80.cnf,online_consistent_boundary400,Online-Consistent Selector,2,False,True,runs/analysis/full400_seed_robustness/raw/online_consistent_boundary400/seed2.csv
180,2.0,1495748.0,1692438.0,83430439.0,59.9835,INDETERMINATE,180,0,data/test/3sat/400/3sat_81.cnf,0.00462007522583,0.0837239999999999,0.3300585746765136,0.3346786499023437,60.40190264990234,3sat_81.cnf,online_consistent_boundary400,Online-Consistent Selector,2,False,True,runs/analysis/full400_seed_robustness/raw/online_consistent_boundary400/seed2.csv
181,2.0,723843.0,829611.0,42069078.0,25.1645,SATISFIABLE,181,0,data/test/3sat/400/3sat_82.cnf,0.00462007522583,0.076706,0.3300585746765136,0.3346786499023437,25.575884649902346,3sat_82.cnf,online_consistent_boundary400,Online-Consistent Selector,2,True,False,runs/analysis/full400_seed_robustness/raw/online_consistent_boundary400/seed2.csv
182,2.0,1464081.0,1669461.0,81916811.0,59.9764,INDETERMINATE,182,0,data/test/3sat/400/3sat_83.cnf,0.00462007522583,0.085766,0.3300585746765136,0.3346786499023437,60.39684464990234,3sat_83.cnf,online_consistent_boundary400,Online-Consistent Selector,2,False,True,runs/analysis/full400_seed_robustness/raw/online_consistent_boundary400/seed2.csv
183,2.0,1354763.0,1550409.0,77472506.0,59.9794,INDETERMINATE,183,0,data/test/3sat/400/3sat_84.cnf,0.00462007522583,0.07181,0.3300585746765136,0.3346786499023437,60.38588864990234,3sat_84.cnf,online_consistent_boundary400,Online-Consistent Selector,2,False,True,runs/analysis/full400_seed_robustness/raw/online_consistent_boundary400/seed2.csv
184,1.0,27518.0,32278.0,1663386.0,0.816305,SATISFIABLE,184,0,data/test/3sat/400/3sat_85.cnf,0.00462007522583,0.075742,0.3300585746765136,0.3346786499023437,1.2267256499023436,3sat_85.cnf,online_consistent_boundary400,Online-Consistent Selector,2,True,False,runs/analysis/full400_seed_robustness/raw/online_consistent_boundary400/seed2.csv
185,1.0,91912.0,107188.0,5690281.0,3.89912,SATISFIABLE,185,0,data/test/3sat/400/3sat_86.cnf,0.00462007522583,0.085769,0.3300585746765136,0.3346786499023437,4.319567649902344,3sat_86.cnf,online_consistent_boundary400,Online-Consistent Selector,2,True,False,runs/analysis/full400_seed_robustness/raw/online_consistent_boundary400/seed2.csv
186,2.0,1386644.0,1584152.0,79032960.0,59.9841,INDETERMINATE,186,0,data/test/3sat/400/3sat_87.cnf,0.00462007522583,0.082314,0.3300585746765136,0.3346786499023437,60.40109264990234,3sat_87.cnf,online_consistent_boundary400,Online-Consistent Selector,2,False,True,runs/analysis/full400_seed_robustness/raw/online_consistent_boundary400/seed2.csv
187,1.0,10969.0,13071.0,671709.0,0.246861,SATISFIABLE,187,0,data/test/3sat/400/3sat_88.cnf,0.00462007522583,0.079655,0.3300585746765136,0.3346786499023437,0.6611946499023438,3sat_88.cnf,online_consistent_boundary400,Online-Consistent Selector,2,True,False,runs/analysis/full400_seed_robustness/raw/online_consistent_boundary400/seed2.csv
188,1.0,8641.0,10334.0,538222.0,0.174767,SATISFIABLE,188,0,data/test/3sat/400/3sat_89.cnf,0.00462007522583,0.0764,0.3300585746765136,0.3346786499023437,0.5858456499023438,3sat_89.cnf,online_consistent_boundary400,Online-Consistent Selector,2,True,False,runs/analysis/full400_seed_robustness/raw/online_consistent_boundary400/seed2.csv
189,2.0,1523181.0,1734720.0,87610638.0,59.9808,INDETERMINATE,189,0,data/test/3sat/400/3sat_9.cnf,0.00462007522583,0.08023,0.3300585746765136,0.3346786499023437,60.395708649902346,3sat_9.cnf,online_consistent_boundary400,Online-Consistent Selector,2,False,True,runs/analysis/full400_seed_robustness/raw/online_consistent_boundary400/seed2.csv
190,2.0,1466472.0,1683120.0,85876503.0,59.9843,INDETERMINATE,190,0,data/test/3sat/400/3sat_90.cnf,0.004695177078247,0.073279,0.3461408615112304,0.3508360385894775,60.408415038589474,3sat_90.cnf,online_consistent_boundary400,Online-Consistent Selector,2,False,True,runs/analysis/full400_seed_robustness/raw/online_consistent_boundary400/seed2.csv
191,1.0,41.0,125.0,3065.0,0.010164,SATISFIABLE,191,0,data/test/3sat/400/3sat_91.cnf,0.004695177078247,0.079371,0.3461408615112304,0.3508360385894775,0.4403710385894775,3sat_91.cnf,online_consistent_boundary400,Online-Consistent Selector,2,True,False,runs/analysis/full400_seed_robustness/raw/online_consistent_boundary400/seed2.csv
192,1.0,84619.0,96791.0,5278901.0,3.5767,SATISFIABLE,192,0,data/test/3sat/400/3sat_92.cnf,0.004695177078247,0.0752029999999999,0.3461408615112304,0.3508360385894775,4.002739038589478,3sat_92.cnf,online_consistent_boundary400,Online-Consistent Selector,2,True,False,runs/analysis/full400_seed_robustness/raw/online_consistent_boundary400/seed2.csv
193,2.0,621792.0,720709.0,37565651.0,22.8699,SATISFIABLE,193,0,data/test/3sat/400/3sat_93.cnf,0.004695177078247,0.080345,0.3461408615112304,0.3508360385894775,23.30108103858948,3sat_93.cnf,online_consistent_boundary400,Online-Consistent Selector,2,True,False,runs/analysis/full400_seed_robustness/raw/online_consistent_boundary400/seed2.csv
194,1.0,53988.0,62131.0,3367378.0,1.73333,SATISFIABLE,194,0,data/test/3sat/400/3sat_94.cnf,0.004695177078247,0.072561,0.3461408615112304,0.3508360385894775,2.156727038589477,3sat_94.cnf,online_consistent_boundary400,Online-Consistent Selector,2,True,False,runs/analysis/full400_seed_robustness/raw/online_consistent_boundary400/seed2.csv
195,2.0,1469685.0,1673545.0,82265044.0,59.9714,INDETERMINATE,195,0,data/test/3sat/400/3sat_95.cnf,0.004695177078247,0.071461,0.3461408615112304,0.3508360385894775,60.39369703858948,3sat_95.cnf,online_consistent_boundary400,Online-Consistent Selector,2,False,True,runs/analysis/full400_seed_robustness/raw/online_consistent_boundary400/seed2.csv
196,1.0,3109.0,3849.0,199282.0,0.064573,SATISFIABLE,196,0,data/test/3sat/400/3sat_96.cnf,0.004695177078247,0.072272,0.3461408615112304,0.3508360385894775,0.4876810385894775,3sat_96.cnf,online_consistent_boundary400,Online-Consistent Selector,2,True,False,runs/analysis/full400_seed_robustness/raw/online_consistent_boundary400/seed2.csv
197,2.0,425291.0,491074.0,25526527.0,14.2026,SATISFIABLE,197,0,data/test/3sat/400/3sat_97.cnf,0.004695177078247,0.0764799999999999,0.3461408615112304,0.3508360385894775,14.629916038589478,3sat_97.cnf,online_consistent_boundary400,Online-Consistent Selector,2,True,False,runs/analysis/full400_seed_robustness/raw/online_consistent_boundary400/seed2.csv
198,2.0,1539995.0,1744796.0,86741450.0,59.9719,INDETERMINATE,198,0,data/test/3sat/400/3sat_98.cnf,0.004695177078247,0.07632,0.3461408615112304,0.3508360385894775,60.39905603858948,3sat_98.cnf,online_consistent_boundary400,Online-Consistent Selector,2,False,True,runs/analysis/full400_seed_robustness/raw/online_consistent_boundary400/seed2.csv
199,2.0,1523915.0,1739027.0,84029692.0,59.9624,INDETERMINATE,199,0,data/test/3sat/400/3sat_99.cnf,0.004695177078247,0.087352,0.3461408615112304,0.3508360385894775,60.40058803858948,3sat_99.cnf,online_consistent_boundary400,Online-Consistent Selector,2,False,True,runs/analysis/full400_seed_robustness/raw/online_consistent_boundary400/seed2.csv
0,2.0,1430136.0,1632063.0,79745940.0,59.9551,INDETERMINATE,0,0,data/test/3sat/400/3sat_0.cnf,0.004244327545166,0.081965,0.3202035427093506,0.3244478702545166,60.36151287025452,3sat_0.cnf,old_compact,Old Compact,2,False,True,runs/analysis/full400_seed_robustness/raw/old_compact/seed2.csv
1,1.0,73715.0,85712.0,4316774.0,2.9259,SATISFIABLE,1,0,data/test/3sat/400/3sat_1.cnf,0.004244327545166,0.081792,0.3202035427093506,0.3244478702545166,3.3321398702545166,3sat_1.cnf,old_compact,Old Compact,2,True,False,runs/analysis/full400_seed_robustness/raw/old_compact/seed2.csv
2,2.0,1499866.0,1712574.0,84627555.0,59.9742,INDETERMINATE,2,0,data/test/3sat/400/3sat_10.cnf,0.004244327545166,0.083343,0.3202035427093506,0.3244478702545166,60.38199087025452,3sat_10.cnf,old_compact,Old Compact,2,False,True,runs/analysis/full400_seed_robustness/raw/old_compact/seed2.csv
3,1.0,3392.0,4166.0,213902.0,0.065128,SATISFIABLE,3,0,data/test/3sat/400/3sat_100.cnf,0.004244327545166,0.078542,0.3202035427093506,0.3244478702545166,0.4681178702545166,3sat_100.cnf,old_compact,Old Compact,2,True,False,runs/analysis/full400_seed_robustness/raw/old_compact/seed2.csv
4,2.0,1454773.0,1662440.0,81715061.0,59.9575,INDETERMINATE,4,0,data/test/3sat/400/3sat_101.cnf,0.004244327545166,0.082494,0.3202035427093506,0.3244478702545166,60.36444187025452,3sat_101.cnf,old_compact,Old Compact,2,False,True,runs/analysis/full400_seed_robustness/raw/old_compact/seed2.csv
5,2.0,1502127.0,1737732.0,85898948.0,59.9856,INDETERMINATE,5,0,data/test/3sat/400/3sat_102.cnf,0.004244327545166,0.072197,0.3202035427093506,0.3244478702545166,60.38224487025452,3sat_102.cnf,old_compact,Old Compact,2,False,True,runs/analysis/full400_seed_robustness/raw/old_compact/seed2.csv
6,2.0,1492652.0,1722268.0,85952713.0,59.9896,INDETERMINATE,6,0,data/test/3sat/400/3sat_103.cnf,0.004244327545166,0.084815,0.3202035427093506,0.3244478702545166,60.39886287025452,3sat_103.cnf,old_compact,Old Compact,2,False,True,runs/analysis/full400_seed_robustness/raw/old_compact/seed2.csv
7,2.0,1455589.0,1662930.0,80934923.0,59.9693,INDETERMINATE,7,0,data/test/3sat/400/3sat_104.cnf,0.004244327545166,0.089567,0.3202035427093506,0.3244478702545166,60.38331487025452,3sat_104.cnf,old_compact,Old Compact,2,False,True,runs/analysis/full400_seed_robustness/raw/old_compact/seed2.csv
8,2.0,1551074.0,1764603.0,88731762.0,59.9798,INDETERMINATE,8,0,data/test/3sat/400/3sat_105.cnf,0.004244327545166,0.070398,0.3202035427093506,0.3244478702545166,60.37464587025451,3sat_105.cnf,old_compact,Old Compact,2,False,True,runs/analysis/full400_seed_robustness/raw/old_compact/seed2.csv
9,2.0,1510407.0,1718716.0,85283024.0,59.9627,INDETERMINATE,9,0,data/test/3sat/400/3sat_106.cnf,0.004244327545166,0.0696229999999999,0.3202035427093506,0.3244478702545166,60.35677087025452,3sat_106.cnf,old_compact,Old Compact,2,False,True,runs/analysis/full400_seed_robustness/raw/old_compact/seed2.csv
10,2.0,1375463.0,1580284.0,78469881.0,59.974,INDETERMINATE,10,0,data/test/3sat/400/3sat_107.cnf,0.0043864250183105,0.069371,0.3499693870544433,0.3543558120727539,60.39772681207275,3sat_107.cnf,old_compact,Old Compact,2,False,True,runs/analysis/full400_seed_robustness/raw/old_compact/seed2.csv
11,2.0,1440731.0,1659398.0,80717478.0,59.9648,INDETERMINATE,11,0,data/test/3sat/400/3sat_108.cnf,0.0043864250183105,0.071053,0.3499693870544433,0.3543558120727539,60.39020881207275,3sat_108.cnf,old_compact,Old Compact,2,False,True,runs/analysis/full400_seed_robustness/raw/old_compact/seed2.csv
12,2.0,1491089.0,1708395.0,83520690.0,59.9715,INDETERMINATE,12,0,data/test/3sat/400/3sat_109.cnf,0.0043864250183105,0.06451,0.3499693870544433,0.3543558120727539,60.39036581207275,3sat_109.cnf,old_compact,Old Compact,2,False,True,runs/analysis/full400_seed_robustness/raw/old_compact/seed2.csv
13,1.0,40661.0,47692.0,2496556.0,1.38188,SATISFIABLE,13,0,data/test/3sat/400/3sat_11.cnf,0.0043864250183105,0.079092,0.3499693870544433,0.3543558120727539,1.8153278120727536,3sat_11.cnf,old_compact,Old Compact,2,True,False,runs/analysis/full400_seed_robustness/raw/old_compact/seed2.csv
14,2.0,1464572.0,1680891.0,84726533.0,59.9975,INDETERMINATE,14,0,data/test/3sat/400/3sat_110.cnf,0.0043864250183105,0.074849,0.3499693870544433,0.3543558120727539,60.42670481207276,3sat_110.cnf,old_compact,Old Compact,2,False,True,runs/analysis/full400_seed_robustness/raw/old_compact/seed2.csv
15,2.0,1424937.0,1634918.0,83279934.0,59.9708,INDETERMINATE,15,0,data/test/3sat/400/3sat_111.cnf,0.0043864250183105,0.075457,0.3499693870544433,0.3543558120727539,60.40061281207275,3sat_111.cnf,old_compact,Old Compact,2,False,True,runs/analysis/full400_seed_robustness/raw/old_compact/seed2.csv
16,2.0,1480155.0,1682481.0,85626792.0,59.9787,INDETERMINATE,16,0,data/test/3sat/400/3sat_112.cnf,0.0043864250183105,0.079601,0.3499693870544433,0.3543558120727539,60.412656812072754,3sat_112.cnf,old_compact,Old Compact,2,False,True,runs/analysis/full400_seed_robustness/raw/old_compact/seed2.csv
17,2.0,1367832.0,1552208.0,78548320.0,59.9753,INDETERMINATE,17,0,data/test/3sat/400/3sat_113.cnf,0.0043864250183105,0.073012,0.3499693870544433,0.3543558120727539,60.40266781207275,3sat_113.cnf,old_compact,Old Compact,2,False,True,runs/analysis/full400_seed_robustness/raw/old_compact/seed2.csv
18,2.0,1430990.0,1643525.0,80994860.0,59.9693,INDETERMINATE,18,0,data/test/3sat/400/3sat_114.cnf,0.0043864250183105,0.077824,0.3499693870544433,0.3543558120727539,60.40147981207275,3sat_114.cnf,old_compact,Old Compact,2,False,True,runs/analysis/full400_seed_robustness/raw/old_compact/seed2.csv
19,2.0,1379689.0,1565794.0,76506813.0,59.9814,INDETERMINATE,19,0,data/test/3sat/400/3sat_115.cnf,0.0043864250183105,0.076623,0.3499693870544433,0.3543558120727539,60.41237881207275,3sat_115.cnf,old_compact,Old Compact,2,False,True,runs/analysis/full400_seed_robustness/raw/old_compact/seed2.csv
20,2.0,1464372.0,1667196.0,81780176.0,59.9535,INDETERMINATE,20,0,data/test/3sat/400/3sat_116.cnf,0.0053281784057617,0.065366,0.4187245368957519,0.4240527153015136,60.44291871530151,3sat_116.cnf,old_compact,Old Compact,2,False,True,runs/analysis/full400_seed_robustness/raw/old_compact/seed2.csv
21,2.0,1478301.0,1690931.0,82465020.0,59.9813,INDETERMINATE,21,0,data/test/3sat/400/3sat_117.cnf,0.0053281784057617,0.076631,0.4187245368957519,0.4240527153015136,60.48198371530151,3sat_117.cnf,old_compact,Old Compact,2,False,True,runs/analysis/full400_seed_robustness/raw/old_compact/seed2.csv
22,2.0,1466182.0,1676201.0,82496657.0,59.9727,INDETERMINATE,22,0,data/test/3sat/400/3sat_118.cnf,0.0053281784057617,0.081094,0.4187245368957519,0.4240527153015136,60.47784671530152,3sat_118.cnf,old_compact,Old Compact,2,False,True,runs/analysis/full400_seed_robustness/raw/old_compact/seed2.csv
23,2.0,1489715.0,1703512.0,82457212.0,59.9872,INDETERMINATE,23,0,data/test/3sat/400/3sat_119.cnf,0.0053281784057617,0.081807,0.4187245368957519,0.4240527153015136,60.49305971530151,3sat_119.cnf,old_compact,Old Compact,2,False,True,runs/analysis/full400_seed_robustness/raw/old_compact/seed2.csv
24,2.0,1444827.0,1652313.0,81151078.0,59.9926,INDETERMINATE,24,0,data/test/3sat/400/3sat_12.cnf,0.0053281784057617,0.077438,0.4187245368957519,0.4240527153015136,60.49409071530152,3sat_12.cnf,old_compact,Old Compact,2,False,True,runs/analysis/full400_seed_robustness/raw/old_compact/seed2.csv
25,1.0,23077.0,27394.0,1439359.0,0.676992,SATISFIABLE,25,0,data/test/3sat/400/3sat_120.cnf,0.0053281784057617,0.080043,0.4187245368957519,0.4240527153015136,1.1810877153015138,3sat_120.cnf,old_compact,Old Compact,2,True,False,runs/analysis/full400_seed_robustness/raw/old_compact/seed2.csv
26,1.0,47329.0,54623.0,2823769.0,1.38771,SATISFIABLE,26,0,data/test/3sat/400/3sat_121.cnf,0.0053281784057617,0.070572,0.4187245368957519,0.4240527153015136,1.8823347153015135,3sat_121.cnf,old_compact,Old Compact,2,True,False,runs/analysis/full400_seed_robustness/raw/old_compact/seed2.csv
27,2.0,1461265.0,1671678.0,83565765.0,59.9747,INDETERMINATE,27,0,data/test/3sat/400/3sat_122.cnf,0.0053281784057617,0.073198,0.4187245368957519,0.4240527153015136,60.47195071530151,3sat_122.cnf,old_compact,Old Compact,2,False,True,runs/analysis/full400_seed_robustness/raw/old_compact/seed2.csv
28,2.0,1505784.0,1713060.0,85748673.0,59.9932,INDETERMINATE,28,0,data/test/3sat/400/3sat_123.cnf,0.0053281784057617,0.077631,0.4187245368957519,0.4240527153015136,60.49488371530151,3sat_123.cnf,old_compact,Old Compact,2,False,True,runs/analysis/full400_seed_robustness/raw/old_compact/seed2.csv
29,1.0,654.0,900.0,43163.0,0.01517,SATISFIABLE,29,0,data/test/3sat/400/3sat_124.cnf,0.0053281784057617,0.040813,0.4187245368957519,0.4240527153015136,0.4800357153015137,3sat_124.cnf,old_compact,Old Compact,2,True,False,runs/analysis/full400_seed_robustness/raw/old_compact/seed2.csv
30,1.0,87018.0,101016.0,5296049.0,3.20705,SATISFIABLE,30,0,data/test/3sat/400/3sat_125.cnf,0.0046620368957519,0.079882,0.3118040561676025,0.3164660930633545,3.6033980930633542,3sat_125.cnf,old_compact,Old Compact,2,True,False,runs/analysis/full400_seed_robustness/raw/old_compact/seed2.csv
31,2.0,1477509.0,1689448.0,84734399.0,59.97,INDETERMINATE,31,0,data/test/3sat/400/3sat_126.cnf,0.0046620368957519,0.066754,0.3118040561676025,0.3164660930633545,60.35322009306336,3sat_126.cnf,old_compact,Old Compact,2,False,True,runs/analysis/full400_seed_robustness/raw/old_compact/seed2.csv
32,2.0,1418713.0,1642375.0,83115217.0,59.959,INDETERMINATE,32,0,data/test/3sat/400/3sat_127.cnf,0.0046620368957519,0.0862759999999999,0.3118040561676025,0.3164660930633545,60.36174209306336,3sat_127.cnf,old_compact,Old Compact,2,False,True,runs/analysis/full400_seed_robustness/raw/old_compact/seed2.csv
33,2.0,238642.0,275833.0,14368684.0,8.3392,SATISFIABLE,33,0,data/test/3sat/400/3sat_128.cnf,0.0046620368957519,0.069882,0.3118040561676025,0.3164660930633545,8.725548093063354,3sat_128.cnf,old_compact,Old Compact,2,True,False,runs/analysis/full400_seed_robustness/raw/old_compact/seed2.csv
34,1.0,28034.0,33114.0,1750425.0,0.813097,SATISFIABLE,34,0,data/test/3sat/400/3sat_129.cnf,0.0046620368957519,0.0675159999999999,0.3118040561676025,0.3164660930633545,1.1970790930633544,3sat_129.cnf,old_compact,Old Compact,2,True,False,runs/analysis/full400_seed_robustness/raw/old_compact/seed2.csv
35,2.0,1467044.0,1687000.0,84249035.0,59.9615,INDETERMINATE,35,0,data/test/3sat/400/3sat_13.cnf,0.0046620368957519,0.0748979999999999,0.3118040561676025,0.3164660930633545,60.35286409306335,3sat_13.cnf,old_compact,Old Compact,2,False,True,runs/analysis/full400_seed_robustness/raw/old_compact/seed2.csv
36,2.0,121568.0,139021.0,7304329.0,4.57387,SATISFIABLE,36,0,data/test/3sat/400/3sat_130.cnf,0.0046620368957519,0.073362,0.3118040561676025,0.3164660930633545,4.963698093063355,3sat_130.cnf,old_compact,Old Compact,2,True,False,runs/analysis/full400_seed_robustness/raw/old_compact/seed2.csv
37,1.0,82086.0,96037.0,5035591.0,3.44871,SATISFIABLE,37,0,data/test/3sat/400/3sat_131.cnf,0.0046620368957519,0.065371,0.3118040561676025,0.3164660930633545,3.8305470930633545,3sat_131.cnf,old_compact,Old Compact,2,True,False,runs/analysis/full400_seed_robustness/raw/old_compact/seed2.csv
38,1.0,2692.0,3354.0,172420.0,0.046099,SATISFIABLE,38,0,data/test/3sat/400/3sat_132.cnf,0.0046620368957519,0.075616,0.3118040561676025,0.3164660930633545,0.4381810930633545,3sat_132.cnf,old_compact,Old Compact,2,True,False,runs/analysis/full400_seed_robustness/raw/old_compact/seed2.csv
39,2.0,1403632.0,1623253.0,81803594.0,59.9785,INDETERMINATE,39,0,data/test/3sat/400/3sat_133.cnf,0.0046620368957519,0.076776,0.3118040561676025,0.3164660930633545,60.37174209306336,3sat_133.cnf,old_compact,Old Compact,2,False,True,runs/analysis/full400_seed_robustness/raw/old_compact/seed2.csv
40,2.0,1434248.0,1641562.0,80202944.0,59.9677,INDETERMINATE,40,0,data/test/3sat/400/3sat_134.cnf,0.0041031837463378,0.084181,0.3189311027526855,0.3230342864990234,60.37491528649903,3sat_134.cnf,old_compact,Old Compact,2,False,True,runs/analysis/full400_seed_robustness/raw/old_compact/seed2.csv
41,2.0,1535973.0,1748371.0,85778295.0,59.9939,INDETERMINATE,41,0,data/test/3sat/400/3sat_135.cnf,0.0041031837463378,0.080723,0.3189311027526855,0.3230342864990234,60.39765728649902,3sat_135.cnf,old_compact,Old Compact,2,False,True,runs/analysis/full400_seed_robustness/raw/old_compact/seed2.csv
42,2.0,1419452.0,1627779.0,83399839.0,59.9719,INDETERMINATE,42,0,data/test/3sat/400/3sat_136.cnf,0.0041031837463378,0.085184,0.3189311027526855,0.3230342864990234,60.38011828649902,3sat_136.cnf,old_compact,Old Compact,2,False,True,runs/analysis/full400_seed_robustness/raw/old_compact/seed2.csv
43,2.0,1450579.0,1644391.0,78297681.0,59.9817,INDETERMINATE,43,0,data/test/3sat/400/3sat_137.cnf,0.0041031837463378,0.077513,0.3189311027526855,0.3230342864990234,60.38224728649902,3sat_137.cnf,old_compact,Old Compact,2,False,True,runs/analysis/full400_seed_robustness/raw/old_compact/seed2.csv
44,2.0,1526455.0,1736224.0,88244829.0,59.9754,INDETERMINATE,44,0,data/test/3sat/400/3sat_138.cnf,0.0041031837463378,0.071834,0.3189311027526855,0.3230342864990234,60.37026828649903,3sat_138.cnf,old_compact,Old Compact,2,False,True,runs/analysis/full400_seed_robustness/raw/old_compact/seed2.csv
45,2.0,1524977.0,1752486.0,87100410.0,59.9685,INDETERMINATE,45,0,data/test/3sat/400/3sat_139.cnf,0.0041031837463378,0.079426,0.3189311027526855,0.3230342864990234,60.37096028649902,3sat_139.cnf,old_compact,Old Compact,2,False,True,runs/analysis/full400_seed_robustness/raw/old_compact/seed2.csv
46,2.0,133587.0,154405.0,8365184.0,5.51635,SATISFIABLE,46,0,data/test/3sat/400/3sat_14.cnf,0.0041031837463378,0.063134,0.3189311027526855,0.3230342864990234,5.902518286499023,3sat_14.cnf,old_compact,Old Compact,2,True,False,runs/analysis/full400_seed_robustness/raw/old_compact/seed2.csv
47,2.0,1244295.0,1419655.0,73705026.0,48.1009,SATISFIABLE,47,0,data/test/3sat/400/3sat_140.cnf,0.0041031837463378,0.082486,0.3189311027526855,0.3230342864990234,48.50642028649903,3sat_140.cnf,old_compact,Old Compact,2,True,False,runs/analysis/full400_seed_robustness/raw/old_compact/seed2.csv
48,1.0,71109.0,82102.0,4299119.0,2.98889,SATISFIABLE,48,0,data/test/3sat/400/3sat_141.cnf,0.0041031837463378,0.0782559999999999,0.3189311027526855,0.3230342864990234,3.390180286499024,3sat_141.cnf,old_compact,Old Compact,2,True,False,runs/analysis/full400_seed_robustness/raw/old_compact/seed2.csv
49,1.0,61037.0,70865.0,3765471.0,2.09346,SATISFIABLE,49,0,data/test/3sat/400/3sat_142.cnf,0.0041031837463378,0.075774,0.3189311027526855,0.3230342864990234,2.4922682864990238,3sat_142.cnf,old_compact,Old Compact,2,True,False,runs/analysis/full400_seed_robustness/raw/old_compact/seed2.csv
50,2.0,1446594.0,1661215.0,83182743.0,59.9851,INDETERMINATE,50,0,data/test/3sat/400/3sat_143.cnf,0.0047378540039062,0.078182,0.3022277355194092,0.3069655895233154,60.37024758952332,3sat_143.cnf,old_compact,Old Compact,2,False,True,runs/analysis/full400_seed_robustness/raw/old_compact/seed2.csv
51,2.0,1393971.0,1595264.0,77329235.0,59.9665,INDETERMINATE,51,0,data/test/3sat/400/3sat_144.cnf,0.0047378540039062,0.08182,0.3022277355194092,0.3069655895233154,60.35528558952332,3sat_144.cnf,old_compact,Old Compact,2,False,True,runs/analysis/full400_seed_robustness/raw/old_compact/seed2.csv
52,2.0,1417082.0,1636076.0,80486479.0,59.9748,INDETERMINATE,52,0,data/test/3sat/400/3sat_145.cnf,0.0047378540039062,0.081908,0.3022277355194092,0.3069655895233154,60.36367358952332,3sat_145.cnf,old_compact,Old Compact,2,False,True,runs/analysis/full400_seed_robustness/raw/old_compact/seed2.csv
53,2.0,1435613.0,1643498.0,80590652.0,59.9768,INDETERMINATE,53,0,data/test/3sat/400/3sat_146.cnf,0.0047378540039062,0.080776,0.3022277355194092,0.3069655895233154,60.36454158952331,3sat_146.cnf,old_compact,Old Compact,2,False,True,runs/analysis/full400_seed_robustness/raw/old_compact/seed2.csv
54,2.0,392510.0,450448.0,23393708.0,13.3123,SATISFIABLE,54,0,data/test/3sat/400/3sat_147.cnf,0.0047378540039062,0.0713729999999999,0.3022277355194092,0.3069655895233154,13.690638589523315,3sat_147.cnf,old_compact,Old Compact,2,True,False,runs/analysis/full400_seed_robustness/raw/old_compact/seed2.csv
55,2.0,1497726.0,1721065.0,87521074.0,59.9788,INDETERMINATE,55,0,data/test/3sat/400/3sat_148.cnf,0.0047378540039062,0.0692369999999999,0.3022277355194092,0.3069655895233154,60.35500258952332,3sat_148.cnf,old_compact,Old Compact,2,False,True,runs/analysis/full400_seed_robustness/raw/old_compact/seed2.csv
56,1.0,97366.0,112279.0,5819460.0,3.87179,SATISFIABLE,56,0,data/test/3sat/400/3sat_149.cnf,0.0047378540039062,0.0811059999999999,0.3022277355194092,0.3069655895233154,4.259861589523315,3sat_149.cnf,old_compact,Old Compact,2,True,False,runs/analysis/full400_seed_robustness/raw/old_compact/seed2.csv
57,2.0,1497412.0,1701888.0,85149754.0,59.9824,INDETERMINATE,57,0,data/test/3sat/400/3sat_15.cnf,0.0047378540039062,0.075954,0.3022277355194092,0.3069655895233154,60.36531958952332,3sat_15.cnf,old_compact,Old Compact,2,False,True,runs/analysis/full400_seed_robustness/raw/old_compact/seed2.csv
58,1.0,16970.0,19929.0,1057698.0,0.386888,SATISFIABLE,58,0,data/test/3sat/400/3sat_150.cnf,0.0047378540039062,0.080109,0.3022277355194092,0.3069655895233154,0.7739625895233154,3sat_150.cnf,old_compact,Old Compact,2,True,False,runs/analysis/full400_seed_robustness/raw/old_compact/seed2.csv
59,2.0,1490203.0,1686042.0,86614762.0,59.983,INDETERMINATE,59,0,data/test/3sat/400/3sat_151.cnf,0.0047378540039062,0.075738,0.3022277355194092,0.3069655895233154,60.365703589523314,3sat_151.cnf,old_compact,Old Compact,2,False,True,runs/analysis/full400_seed_robustness/raw/old_compact/seed2.csv
60,2.0,1475435.0,1699075.0,82772665.0,59.971,INDETERMINATE,60,0,data/test/3sat/400/3sat_152.cnf,0.0046899318695068,0.0788909999999999,0.3361799716949463,0.3408699035644531,60.39076090356445,3sat_152.cnf,old_compact,Old Compact,2,False,True,runs/analysis/full400_seed_robustness/raw/old_compact/seed2.csv
61,2.0,1473744.0,1675423.0,82416131.0,59.9799,INDETERMINATE,61,0,data/test/3sat/400/3sat_153.cnf,0.0046899318695068,0.0820559999999999,0.3361799716949463,0.3408699035644531,60.402825903564455,3sat_153.cnf,old_compact,Old Compact,2,False,True,runs/analysis/full400_seed_robustness/raw/old_compact/seed2.csv
62,1.0,42118.0,49122.0,2596236.0,1.42982,SATISFIABLE,62,0,data/test/3sat/400/3sat_154.cnf,0.0046899318695068,0.08352,0.3361799716949463,0.3408699035644531,1.8542099035644533,3sat_154.cnf,old_compact,Old Compact,2,True,False,runs/analysis/full400_seed_robustness/raw/old_compact/seed2.csv
63,2.0,1476529.0,1682237.0,82513678.0,59.9847,INDETERMINATE,63,0,data/test/3sat/400/3sat_155.cnf,0.0046899318695068,0.063251,0.3361799716949463,0.3408699035644531,60.38882090356445,3sat_155.cnf,old_compact,Old Compact,2,False,True,runs/analysis/full400_seed_robustness/raw/old_compact/seed2.csv
64,2.0,1433709.0,1635618.0,81353834.0,59.9916,INDETERMINATE,64,0,data/test/3sat/400/3sat_156.cnf,0.0046899318695068,0.081764,0.3361799716949463,0.3408699035644531,60.41423390356445,3sat_156.cnf,old_compact,Old Compact,2,False,True,runs/analysis/full400_seed_robustness/raw/old_compact/seed2.csv
65,2.0,873297.0,1013956.0,52333641.0,33.4326,SATISFIABLE,65,0,data/test/3sat/400/3sat_157.cnf,0.0046899318695068,0.080345,0.3361799716949463,0.3408699035644531,33.853814903564455,3sat_157.cnf,old_compact,Old Compact,2,True,False,runs/analysis/full400_seed_robustness/raw/old_compact/seed2.csv
66,2.0,1462895.0,1657135.0,81438222.0,59.9925,INDETERMINATE,66,0,data/test/3sat/400/3sat_158.cnf,0.0046899318695068,0.072377,0.3361799716949463,0.3408699035644531,60.405746903564456,3sat_158.cnf,old_compact,Old Compact,2,False,True,runs/analysis/full400_seed_robustness/raw/old_compact/seed2.csv
67,2.0,1498976.0,1721440.0,86243059.0,59.9883,INDETERMINATE,67,0,data/test/3sat/400/3sat_159.cnf,0.0046899318695068,0.077107,0.3361799716949463,0.3408699035644531,60.40627690356445,3sat_159.cnf,old_compact,Old Compact,2,False,True,runs/analysis/full400_seed_robustness/raw/old_compact/seed2.csv
68,2.0,1555375.0,1766524.0,89240672.0,59.9824,INDETERMINATE,68,0,data/test/3sat/400/3sat_16.cnf,0.0046899318695068,0.075853,0.3361799716949463,0.3408699035644531,60.39912290356445,3sat_16.cnf,old_compact,Old Compact,2,False,True,runs/analysis/full400_seed_robustness/raw/old_compact/seed2.csv
69,2.0,1505027.0,1723066.0,83963975.0,59.9698,INDETERMINATE,69,0,data/test/3sat/400/3sat_160.cnf,0.0046899318695068,0.074306,0.3361799716949463,0.3408699035644531,60.38497590356445,3sat_160.cnf,old_compact,Old Compact,2,False,True,runs/analysis/full400_seed_robustness/raw/old_compact/seed2.csv
70,2.0,1564435.0,1781071.0,90464055.0,59.9675,INDETERMINATE,70,0,data/test/3sat/400/3sat_161.cnf,0.004791259765625,0.091621,0.2938759326934814,0.2986671924591064,60.35778819245911,3sat_161.cnf,old_compact,Old Compact,2,False,True,runs/analysis/full400_seed_robustness/raw/old_compact/seed2.csv
71,2.0,1399263.0,1582050.0,78829623.0,59.9945,INDETERMINATE,71,0,data/test/3sat/400/3sat_162.cnf,0.004791259765625,0.063014,0.2938759326934814,0.2986671924591064,60.35618119245911,3sat_162.cnf,old_compact,Old Compact,2,False,True,runs/analysis/full400_seed_robustness/raw/old_compact/seed2.csv
72,2.0,915021.0,1050086.0,53803425.0,34.8696,SATISFIABLE,72,0,data/test/3sat/400/3sat_163.cnf,0.004791259765625,0.080203,0.2938759326934814,0.2986671924591064,35.2484701924591,3sat_163.cnf,old_compact,Old Compact,2,True,False,runs/analysis/full400_seed_robustness/raw/old_compact/seed2.csv
73,2.0,1459377.0,1675160.0,83907051.0,59.9807,INDETERMINATE,73,0,data/test/3sat/400/3sat_164.cnf,0.004791259765625,0.07827,0.2938759326934814,0.2986671924591064,60.35763719245911,3sat_164.cnf,old_compact,Old Compact,2,False,True,runs/analysis/full400_seed_robustness/raw/old_compact/seed2.csv
74,1.0,7043.0,8408.0,453223.0,0.151188,SATISFIABLE,74,0,data/test/3sat/400/3sat_165.cnf,0.004791259765625,0.074112,0.2938759326934814,0.2986671924591064,0.5239671924591065,3sat_165.cnf,old_compact,Old Compact,2,True,False,runs/analysis/full400_seed_robustness/raw/old_compact/seed2.csv
75,2.0,1565208.0,1788803.0,88339698.0,59.9875,INDETERMINATE,75,0,data/test/3sat/400/3sat_166.cnf,0.004791259765625,0.07446,0.2938759326934814,0.2986671924591064,60.36062719245911,3sat_166.cnf,old_compact,Old Compact,2,False,True,runs/analysis/full400_seed_robustness/raw/old_compact/seed2.csv
76,2.0,399529.0,460797.0,23951550.0,12.9083,SATISFIABLE,76,0,data/test/3sat/400/3sat_167.cnf,0.004791259765625,0.068666,0.2938759326934814,0.2986671924591064,13.275633192459107,3sat_167.cnf,old_compact,Old Compact,2,True,False,runs/analysis/full400_seed_robustness/raw/old_compact/seed2.csv
77,2.0,1404981.0,1588708.0,80459310.0,59.9869,INDETERMINATE,77,0,data/test/3sat/400/3sat_168.cnf,0.004791259765625,0.081673,0.2938759326934814,0.2986671924591064,60.36724019245911,3sat_168.cnf,old_compact,Old Compact,2,False,True,runs/analysis/full400_seed_robustness/raw/old_compact/seed2.csv
78,2.0,1454263.0,1669224.0,83972117.0,59.9859,INDETERMINATE,78,0,data/test/3sat/400/3sat_169.cnf,0.004791259765625,0.072251,0.2938759326934814,0.2986671924591064,60.35681819245911,3sat_169.cnf,old_compact,Old Compact,2,False,True,runs/analysis/full400_seed_robustness/raw/old_compact/seed2.csv
79,2.0,1343373.0,1537526.0,75285744.0,59.9778,INDETERMINATE,79,0,data/test/3sat/400/3sat_17.cnf,0.004791259765625,0.077223,0.2938759326934814,0.2986671924591064,60.35369019245911,3sat_17.cnf,old_compact,Old Compact,2,False,True,runs/analysis/full400_seed_robustness/raw/old_compact/seed2.csv
80,2.0,1425450.0,1627242.0,79323056.0,59.9862,INDETERMINATE,80,0,data/test/3sat/400/3sat_170.cnf,0.004897117614746,0.07646,0.3144946098327636,0.3193917274475097,60.382051727447504,3sat_170.cnf,old_compact,Old Compact,2,False,True,runs/analysis/full400_seed_robustness/raw/old_compact/seed2.csv
81,2.0,1401154.0,1596299.0,79614346.0,59.9967,INDETERMINATE,81,0,data/test/3sat/400/3sat_171.cnf,0.004897117614746,0.082724,0.3144946098327636,0.3193917274475097,60.39881572744751,3sat_171.cnf,old_compact,Old Compact,2,False,True,runs/analysis/full400_seed_robustness/raw/old_compact/seed2.csv
82,2.0,1410383.0,1618583.0,81076078.0,59.9744,INDETERMINATE,82,0,data/test/3sat/400/3sat_172.cnf,0.004897117614746,0.070698,0.3144946098327636,0.3193917274475097,60.36448972744751,3sat_172.cnf,old_compact,Old Compact,2,False,True,runs/analysis/full400_seed_robustness/raw/old_compact/seed2.csv
83,2.0,1440475.0,1650702.0,82298266.0,59.9794,INDETERMINATE,83,0,data/test/3sat/400/3sat_173.cnf,0.004897117614746,0.069755,0.3144946098327636,0.3193917274475097,60.36854672744751,3sat_173.cnf,old_compact,Old Compact,2,False,True,runs/analysis/full400_seed_robustness/raw/old_compact/seed2.csv
84,2.0,1462588.0,1659633.0,82194839.0,59.9794,INDETERMINATE,84,0,data/test/3sat/400/3sat_174.cnf,0.004897117614746,0.079329,0.3144946098327636,0.3193917274475097,60.37812072744751,3sat_174.cnf,old_compact,Old Compact,2,False,True,runs/analysis/full400_seed_robustness/raw/old_compact/seed2.csv
85,2.0,1568156.0,1778966.0,86675164.0,59.9797,INDETERMINATE,85,0,data/test/3sat/400/3sat_175.cnf,0.004897117614746,0.083979,0.3144946098327636,0.3193917274475097,60.38307072744751,3sat_175.cnf,old_compact,Old Compact,2,False,True,runs/analysis/full400_seed_robustness/raw/old_compact/seed2.csv
86,1.0,44850.0,52377.0,2659490.0,1.50013,SATISFIABLE,86,0,data/test/3sat/400/3sat_176.cnf,0.004897117614746,0.079279,0.3144946098327636,0.3193917274475097,1.8988007274475096,3sat_176.cnf,old_compact,Old Compact,2,True,False,runs/analysis/full400_seed_robustness/raw/old_compact/seed2.csv
87,2.0,1466061.0,1661439.0,84282488.0,59.9787,INDETERMINATE,87,0,data/test/3sat/400/3sat_177.cnf,0.004897117614746,0.064779,0.3144946098327636,0.3193917274475097,60.36287072744752,3sat_177.cnf,old_compact,Old Compact,2,False,True,runs/analysis/full400_seed_robustness/raw/old_compact/seed2.csv
88,2.0,1528155.0,1767812.0,88565412.0,59.994,INDETERMINATE,88,0,data/test/3sat/400/3sat_178.cnf,0.004897117614746,0.081927,0.3144946098327636,0.3193917274475097,60.39531872744751,3sat_178.cnf,old_compact,Old Compact,2,False,True,runs/analysis/full400_seed_robustness/raw/old_compact/seed2.csv
89,2.0,1548477.0,1762346.0,88977665.0,59.988,INDETERMINATE,89,0,data/test/3sat/400/3sat_179.cnf,0.004897117614746,0.073321,0.3144946098327636,0.3193917274475097,60.38071272744751,3sat_179.cnf,old_compact,Old Compact,2,False,True,runs/analysis/full400_seed_robustness/raw/old_compact/seed2.csv
90,2.0,1454180.0,1662213.0,83596908.0,59.9901,INDETERMINATE,90,0,data/test/3sat/400/3sat_18.cnf,0.0049834251403808,0.078386,0.3095366954803467,0.3145201206207275,60.38300612062073,3sat_18.cnf,old_compact,Old Compact,2,False,True,runs/analysis/full400_seed_robustness/raw/old_compact/seed2.csv
91,2.0,479866.0,551097.0,28918715.0,16.569,SATISFIABLE,91,0,data/test/3sat/400/3sat_180.cnf,0.0049834251403808,0.07774,0.3095366954803467,0.3145201206207275,16.961260120620725,3sat_180.cnf,old_compact,Old Compact,2,True,False,runs/analysis/full400_seed_robustness/raw/old_compact/seed2.csv
92,1.0,52050.0,59791.0,3130772.0,1.83219,SATISFIABLE,92,0,data/test/3sat/400/3sat_181.cnf,0.0049834251403808,0.091983,0.3095366954803467,0.3145201206207275,2.2386931206207272,3sat_181.cnf,old_compact,Old Compact,2,True,False,runs/analysis/full400_seed_robustness/raw/old_compact/seed2.csv
93,2.0,1494849.0,1712617.0,82539951.0,59.9867,INDETERMINATE,93,0,data/test/3sat/400/3sat_182.cnf,0.0049834251403808,0.05627,0.3095366954803467,0.3145201206207275,60.35749012062072,3sat_182.cnf,old_compact,Old Compact,2,False,True,runs/analysis/full400_seed_robustness/raw/old_compact/seed2.csv
94,2.0,1437383.0,1647225.0,81564578.0,59.9807,INDETERMINATE,94,0,data/test/3sat/400/3sat_183.cnf,0.0049834251403808,0.0819169999999999,0.3095366954803467,0.3145201206207275,60.37713712062072,3sat_183.cnf,old_compact,Old Compact,2,False,True,runs/analysis/full400_seed_robustness/raw/old_compact/seed2.csv
95,2.0,1486310.0,1693067.0,85177571.0,59.9823,INDETERMINATE,95,0,data/test/3sat/400/3sat_184.cnf,0.0049834251403808,0.079674,0.3095366954803467,0.3145201206207275,60.37649412062073,3sat_184.cnf,old_compact,Old Compact,2,False,True,runs/analysis/full400_seed_robustness/raw/old_compact/seed2.csv
96,2.0,1594170.0,1802843.0,89477332.0,59.9838,INDETERMINATE,96,0,data/test/3sat/400/3sat_185.cnf,0.0049834251403808,0.073121,0.3095366954803467,0.3145201206207275,60.37144112062073,3sat_185.cnf,old_compact,Old Compact,2,False,True,runs/analysis/full400_seed_robustness/raw/old_compact/seed2.csv
97,2.0,1392401.0,1590549.0,76034625.0,59.9796,INDETERMINATE,97,0,data/test/3sat/400/3sat_186.cnf,0.0049834251403808,0.074167,0.3095366954803467,0.3145201206207275,60.36828712062073,3sat_186.cnf,old_compact,Old Compact,2,False,True,runs/analysis/full400_seed_robustness/raw/old_compact/seed2.csv
98,2.0,1395599.0,1606474.0,78679894.0,59.9774,INDETERMINATE,98,0,data/test/3sat/400/3sat_187.cnf,0.0049834251403808,0.076324,0.3095366954803467,0.3145201206207275,60.36824412062073,3sat_187.cnf,old_compact,Old Compact,2,False,True,runs/analysis/full400_seed_robustness/raw/old_compact/seed2.csv
99,2.0,892642.0,1020150.0,51846480.0,30.7615,SATISFIABLE,99,0,data/test/3sat/400/3sat_188.cnf,0.0049834251403808,0.076268,0.3095366954803467,0.3145201206207275,31.152288120620728,3sat_188.cnf,old_compact,Old Compact,2,True,False,runs/analysis/full400_seed_robustness/raw/old_compact/seed2.csv
100,2.0,486885.0,560599.0,28846336.0,16.7576,SATISFIABLE,100,0,data/test/3sat/400/3sat_189.cnf,0.0058035850524902,0.082812,0.3666801452636719,0.3724837303161621,17.212895730316163,3sat_189.cnf,old_compact,Old Compact,2,True,False,runs/analysis/full400_seed_robustness/raw/old_compact/seed2.csv
101,1.0,89648.0,102340.0,5281405.0,3.56229,SATISFIABLE,101,0,data/test/3sat/400/3sat_19.cnf,0.0058035850524902,0.0780869999999999,0.3666801452636719,0.3724837303161621,4.012860730316162,3sat_19.cnf,old_compact,Old Compact,2,True,False,runs/analysis/full400_seed_robustness/raw/old_compact/seed2.csv
102,1.0,1353.0,1762.0,87323.0,0.020691,SATISFIABLE,102,0,data/test/3sat/400/3sat_190.cnf,0.0058035850524902,0.077628,0.3666801452636719,0.3724837303161621,0.4708027303161621,3sat_190.cnf,old_compact,Old Compact,2,True,False,runs/analysis/full400_seed_robustness/raw/old_compact/seed2.csv
103,2.0,1441854.0,1658060.0,80380155.0,59.9744,INDETERMINATE,103,0,data/test/3sat/400/3sat_191.cnf,0.0058035850524902,0.077836,0.3666801452636719,0.3724837303161621,60.42471973031616,3sat_191.cnf,old_compact,Old Compact,2,False,True,runs/analysis/full400_seed_robustness/raw/old_compact/seed2.csv
104,2.0,1424005.0,1642583.0,80384253.0,59.9834,INDETERMINATE,104,0,data/test/3sat/400/3sat_192.cnf,0.0058035850524902,0.080751,0.3666801452636719,0.3724837303161621,60.436634730316165,3sat_192.cnf,old_compact,Old Compact,2,False,True,runs/analysis/full400_seed_robustness/raw/old_compact/seed2.csv
105,2.0,1412146.0,1611373.0,81668295.0,59.9718,INDETERMINATE,105,0,data/test/3sat/400/3sat_193.cnf,0.0058035850524902,0.079162,0.3666801452636719,0.3724837303161621,60.42344573031616,3sat_193.cnf,old_compact,Old Compact,2,False,True,runs/analysis/full400_seed_robustness/raw/old_compact/seed2.csv
106,2.0,1389627.0,1577772.0,79147441.0,59.9792,INDETERMINATE,106,0,data/test/3sat/400/3sat_194.cnf,0.0058035850524902,0.077869,0.3666801452636719,0.3724837303161621,60.42955273031616,3sat_194.cnf,old_compact,Old Compact,2,False,True,runs/analysis/full400_seed_robustness/raw/old_compact/seed2.csv
107,2.0,1496990.0,1708259.0,87366504.0,59.9881,INDETERMINATE,107,0,data/test/3sat/400/3sat_195.cnf,0.0058035850524902,0.077148,0.3666801452636719,0.3724837303161621,60.437731730316166,3sat_195.cnf,old_compact,Old Compact,2,False,True,runs/analysis/full400_seed_robustness/raw/old_compact/seed2.csv
108,2.0,339864.0,392433.0,20520894.0,11.7649,SATISFIABLE,108,0,data/test/3sat/400/3sat_196.cnf,0.0058035850524902,0.076323,0.3666801452636719,0.3724837303161621,12.213706730316163,3sat_196.cnf,old_compact,Old Compact,2,True,False,runs/analysis/full400_seed_robustness/raw/old_compact/seed2.csv
109,2.0,1446620.0,1655957.0,82128734.0,59.9889,INDETERMINATE,109,0,data/test/3sat/400/3sat_197.cnf,0.0058035850524902,0.063309,0.3666801452636719,0.3724837303161621,60.42469273031616,3sat_197.cnf,old_compact,Old Compact,2,False,True,runs/analysis/full400_seed_robustness/raw/old_compact/seed2.csv
110,2.0,1429291.0,1635178.0,82776598.0,59.9968,INDETERMINATE,110,0,data/test/3sat/400/3sat_198.cnf,0.0042057037353515,0.071022,0.3433942794799804,0.347599983215332,60.41542198321533,3sat_198.cnf,old_compact,Old Compact,2,False,True,runs/analysis/full400_seed_robustness/raw/old_compact/seed2.csv
111,2.0,1442356.0,1652417.0,80505334.0,59.9696,INDETERMINATE,111,0,data/test/3sat/400/3sat_199.cnf,0.0042057037353515,0.075656,0.3433942794799804,0.347599983215332,60.39285598321533,3sat_199.cnf,old_compact,Old Compact,2,False,True,runs/analysis/full400_seed_robustness/raw/old_compact/seed2.csv
112,2.0,1445748.0,1650392.0,83971565.0,59.9636,INDETERMINATE,112,0,data/test/3sat/400/3sat_2.cnf,0.0042057037353515,0.0850549999999999,0.3433942794799804,0.347599983215332,60.39625498321533,3sat_2.cnf,old_compact,Old Compact,2,False,True,runs/analysis/full400_seed_robustness/raw/old_compact/seed2.csv
113,2.0,361980.0,419239.0,21758927.0,11.9386,SATISFIABLE,113,0,data/test/3sat/400/3sat_20.cnf,0.0042057037353515,0.07549,0.3433942794799804,0.347599983215332,12.361689983215332,3sat_20.cnf,old_compact,Old Compact,2,True,False,runs/analysis/full400_seed_robustness/raw/old_compact/seed2.csv
114,2.0,1457516.0,1687202.0,84832659.0,59.9786,INDETERMINATE,114,0,data/test/3sat/400/3sat_21.cnf,0.0042057037353515,0.078706,0.3433942794799804,0.347599983215332,60.40490598321533,3sat_21.cnf,old_compact,Old Compact,2,False,True,runs/analysis/full400_seed_robustness/raw/old_compact/seed2.csv
115,1.0,43107.0,50298.0,2657822.0,1.35451,SATISFIABLE,115,0,data/test/3sat/400/3sat_22.cnf,0.0042057037353515,0.079929,0.3433942794799804,0.347599983215332,1.782038983215332,3sat_22.cnf,old_compact,Old Compact,2,True,False,runs/analysis/full400_seed_robustness/raw/old_compact/seed2.csv
116,2.0,1414473.0,1607041.0,79162838.0,59.9956,INDETERMINATE,116,0,data/test/3sat/400/3sat_23.cnf,0.0042057037353515,0.073653,0.3433942794799804,0.347599983215332,60.416852983215335,3sat_23.cnf,old_compact,Old Compact,2,False,True,runs/analysis/full400_seed_robustness/raw/old_compact/seed2.csv
117,1.0,97677.0,112677.0,5872880.0,3.93537,SATISFIABLE,117,0,data/test/3sat/400/3sat_24.cnf,0.0042057037353515,0.07133,0.3433942794799804,0.347599983215332,4.354299983215332,3sat_24.cnf,old_compact,Old Compact,2,True,False,runs/analysis/full400_seed_robustness/raw/old_compact/seed2.csv
118,1.0,41249.0,47888.0,2486997.0,1.11094,SATISFIABLE,118,0,data/test/3sat/400/3sat_25.cnf,0.0042057037353515,0.06318,0.3433942794799804,0.347599983215332,1.521719983215332,3sat_25.cnf,old_compact,Old Compact,2,True,False,runs/analysis/full400_seed_robustness/raw/old_compact/seed2.csv
119,2.0,1393808.0,1591194.0,79862676.0,59.9784,INDETERMINATE,119,0,data/test/3sat/400/3sat_26.cnf,0.0042057037353515,0.068423,0.3433942794799804,0.347599983215332,60.394422983215335,3sat_26.cnf,old_compact,Old Compact,2,False,True,runs/analysis/full400_seed_robustness/raw/old_compact/seed2.csv
120,1.0,9470.0,11447.0,605518.0,0.196557,SATISFIABLE,120,0,data/test/3sat/400/3sat_27.cnf,0.0035014152526855,0.075023,0.3235146999359131,0.3270161151885986,0.5985961151885987,3sat_27.cnf,old_compact,Old Compact,2,True,False,runs/analysis/full400_seed_robustness/raw/old_compact/seed2.csv
121,2.0,1555154.0,1780368.0,88078266.0,59.9819,INDETERMINATE,121,0,data/test/3sat/400/3sat_28.cnf,0.0035014152526855,0.073271,0.3235146999359131,0.3270161151885986,60.3821871151886,3sat_28.cnf,old_compact,Old Compact,2,False,True,runs/analysis/full400_seed_robustness/raw/old_compact/seed2.csv
122,2.0,1532729.0,1746327.0,88120892.0,59.9752,INDETERMINATE,122,0,data/test/3sat/400/3sat_29.cnf,0.0035014152526855,0.076551,0.3235146999359131,0.3270161151885986,60.3787671151886,3sat_29.cnf,old_compact,Old Compact,2,False,True,runs/analysis/full400_seed_robustness/raw/old_compact/seed2.csv
123,2.0,1522770.0,1746088.0,89606630.0,59.9828,INDETERMINATE,123,0,data/test/3sat/400/3sat_3.cnf,0.0035014152526855,0.0755029999999999,0.3235146999359131,0.3270161151885986,60.385319115188594,3sat_3.cnf,old_compact,Old Compact,2,False,True,runs/analysis/full400_seed_robustness/raw/old_compact/seed2.csv
124,2.0,1465395.0,1671733.0,84699436.0,59.9982,INDETERMINATE,124,0,data/test/3sat/400/3sat_30.cnf,0.0035014152526855,0.085986,0.3235146999359131,0.3270161151885986,60.411202115188594,3sat_30.cnf,old_compact,Old Compact,2,False,True,runs/analysis/full400_seed_robustness/raw/old_compact/seed2.csv
125,2.0,1381350.0,1591440.0,77865971.0,59.9947,INDETERMINATE,125,0,data/test/3sat/400/3sat_31.cnf,0.0035014152526855,0.079993,0.3235146999359131,0.3270161151885986,60.4017091151886,3sat_31.cnf,old_compact,Old Compact,2,False,True,runs/analysis/full400_seed_robustness/raw/old_compact/seed2.csv
126,2.0,1424583.0,1611371.0,80248727.0,59.9829,INDETERMINATE,126,0,data/test/3sat/400/3sat_32.cnf,0.0035014152526855,0.0745899999999999,0.3235146999359131,0.3270161151885986,60.3845061151886,3sat_32.cnf,old_compact,Old Compact,2,False,True,runs/analysis/full400_seed_robustness/raw/old_compact/seed2.csv
127,2.0,1399453.0,1605589.0,79859089.0,59.9789,INDETERMINATE,127,0,data/test/3sat/400/3sat_33.cnf,0.0035014152526855,0.067758,0.3235146999359131,0.3270161151885986,60.3736741151886,3sat_33.cnf,old_compact,Old Compact,2,False,True,runs/analysis/full400_seed_robustness/raw/old_compact/seed2.csv
128,2.0,1608728.0,1847808.0,92029038.0,59.9858,INDETERMINATE,128,0,data/test/3sat/400/3sat_34.cnf,0.0035014152526855,0.0690419999999999,0.3235146999359131,0.3270161151885986,60.3818581151886,3sat_34.cnf,old_compact,Old Compact,2,False,True,runs/analysis/full400_seed_robustness/raw/old_compact/seed2.csv
129,2.0,1522261.0,1748015.0,83823472.0,59.9777,INDETERMINATE,129,0,data/test/3sat/400/3sat_35.cnf,0.0035014152526855,0.073462,0.3235146999359131,0.3270161151885986,60.3781781151886,3sat_35.cnf,old_compact,Old Compact,2,False,True,runs/analysis/full400_seed_robustness/raw/old_compact/seed2.csv
130,2.0,1457772.0,1668218.0,81848020.0,59.9749,INDETERMINATE,130,0,data/test/3sat/400/3sat_36.cnf,0.0043387413024902,0.0763389999999999,0.3088464736938476,0.3131852149963379,60.36442421499633,3sat_36.cnf,old_compact,Old Compact,2,False,True,runs/analysis/full400_seed_robustness/raw/old_compact/seed2.csv
131,2.0,1446967.0,1658560.0,80912436.0,59.9868,INDETERMINATE,131,0,data/test/3sat/400/3sat_37.cnf,0.0043387413024902,0.064796,0.3088464736938476,0.3131852149963379,60.36478121499634,3sat_37.cnf,old_compact,Old Compact,2,False,True,runs/analysis/full400_seed_robustness/raw/old_compact/seed2.csv
132,2.0,1464731.0,1672763.0,83631535.0,59.9741,INDETERMINATE,132,0,data/test/3sat/400/3sat_38.cnf,0.0043387413024902,0.077647,0.3088464736938476,0.3131852149963379,60.36493221499634,3sat_38.cnf,old_compact,Old Compact,2,False,True,runs/analysis/full400_seed_robustness/raw/old_compact/seed2.csv
133,2.0,1434175.0,1650222.0,80304511.0,59.9666,INDETERMINATE,133,0,data/test/3sat/400/3sat_39.cnf,0.0043387413024902,0.085958,0.3088464736938476,0.3131852149963379,60.365743214996336,3sat_39.cnf,old_compact,Old Compact,2,False,True,runs/analysis/full400_seed_robustness/raw/old_compact/seed2.csv
134,2.0,1477777.0,1686569.0,83019305.0,59.9786,INDETERMINATE,134,0,data/test/3sat/400/3sat_4.cnf,0.0043387413024902,0.071691,0.3088464736938476,0.3131852149963379,60.36347621499634,3sat_4.cnf,old_compact,Old Compact,2,False,True,runs/analysis/full400_seed_robustness/raw/old_compact/seed2.csv
135,2.0,1499040.0,1713150.0,85364825.0,59.9973,INDETERMINATE,135,0,data/test/3sat/400/3sat_40.cnf,0.0043387413024902,0.077514,0.3088464736938476,0.3131852149963379,60.38799921499634,3sat_40.cnf,old_compact,Old Compact,2,False,True,runs/analysis/full400_seed_robustness/raw/old_compact/seed2.csv
136,2.0,1328933.0,1509139.0,73994821.0,59.9846,INDETERMINATE,136,0,data/test/3sat/400/3sat_41.cnf,0.0043387413024902,0.076745,0.3088464736938476,0.3131852149963379,60.37453021499634,3sat_41.cnf,old_compact,Old Compact,2,False,True,runs/analysis/full400_seed_robustness/raw/old_compact/seed2.csv
137,2.0,1570571.0,1784587.0,85263183.0,59.9593,INDETERMINATE,137,0,data/test/3sat/400/3sat_42.cnf,0.0043387413024902,0.073379,0.3088464736938476,0.3131852149963379,60.34586421499634,3sat_42.cnf,old_compact,Old Compact,2,False,True,runs/analysis/full400_seed_robustness/raw/old_compact/seed2.csv
138,2.0,1401850.0,1594603.0,80089033.0,59.9626,INDETERMINATE,138,0,data/test/3sat/400/3sat_43.cnf,0.0043387413024902,0.076704,0.3088464736938476,0.3131852149963379,60.35248921499634,3sat_43.cnf,old_compact,Old Compact,2,False,True,runs/analysis/full400_seed_robustness/raw/old_compact/seed2.csv
139,2.0,1456058.0,1667559.0,84111762.0,59.9863,INDETERMINATE,139,0,data/test/3sat/400/3sat_44.cnf,0.0043387413024902,0.090533,0.3088464736938476,0.3131852149963379,60.39001821499634,3sat_44.cnf,old_compact,Old Compact,2,False,True,runs/analysis/full400_seed_robustness/raw/old_compact/seed2.csv
140,2.0,1484842.0,1674081.0,82916555.0,59.9853,INDETERMINATE,140,0,data/test/3sat/400/3sat_45.cnf,0.0045194625854492,0.082467,0.2891135215759277,0.2936329841613769,60.36139998416138,3sat_45.cnf,old_compact,Old Compact,2,False,True,runs/analysis/full400_seed_robustness/raw/old_compact/seed2.csv
141,1.0,9772.0,11592.0,590576.0,0.211061,SATISFIABLE,141,0,data/test/3sat/400/3sat_46.cnf,0.0045194625854492,0.07779,0.2891135215759277,0.2936329841613769,0.5824839841613769,3sat_46.cnf,old_compact,Old Compact,2,True,False,runs/analysis/full400_seed_robustness/raw/old_compact/seed2.csv
142,1.0,63966.0,73444.0,4017900.0,2.57568,SATISFIABLE,142,0,data/test/3sat/400/3sat_47.cnf,0.0045194625854492,0.069779,0.2891135215759277,0.2936329841613769,2.939091984161377,3sat_47.cnf,old_compact,Old Compact,2,True,False,runs/analysis/full400_seed_robustness/raw/old_compact/seed2.csv
143,2.0,1434344.0,1641194.0,80097105.0,59.9846,INDETERMINATE,143,0,data/test/3sat/400/3sat_48.cnf,0.0045194625854492,0.068636,0.2891135215759277,0.2936329841613769,60.346868984161375,3sat_48.cnf,old_compact,Old Compact,2,False,True,runs/analysis/full400_seed_robustness/raw/old_compact/seed2.csv
144,2.0,1369830.0,1572931.0,78887045.0,59.9673,INDETERMINATE,144,0,data/test/3sat/400/3sat_49.cnf,0.0045194625854492,0.07941,0.2891135215759277,0.2936329841613769,60.34034298416138,3sat_49.cnf,old_compact,Old Compact,2,False,True,runs/analysis/full400_seed_robustness/raw/old_compact/seed2.csv
145,2.0,1371412.0,1571406.0,77619790.0,59.9664,INDETERMINATE,145,0,data/test/3sat/400/3sat_5.cnf,0.0045194625854492,0.074668,0.2891135215759277,0.2936329841613769,60.33470098416138,3sat_5.cnf,old_compact,Old Compact,2,False,True,runs/analysis/full400_seed_robustness/raw/old_compact/seed2.csv
146,2.0,1373897.0,1571472.0,78945856.0,59.9892,INDETERMINATE,146,0,data/test/3sat/400/3sat_50.cnf,0.0045194625854492,0.072715,0.2891135215759277,0.2936329841613769,60.355547984161376,3sat_50.cnf,old_compact,Old Compact,2,False,True,runs/analysis/full400_seed_robustness/raw/old_compact/seed2.csv
147,2.0,1446993.0,1655409.0,82297722.0,59.9568,INDETERMINATE,147,0,data/test/3sat/400/3sat_51.cnf,0.0045194625854492,0.085224,0.2891135215759277,0.2936329841613769,60.335656984161375,3sat_51.cnf,old_compact,Old Compact,2,False,True,runs/analysis/full400_seed_robustness/raw/old_compact/seed2.csv
148,2.0,1580428.0,1824562.0,88951109.0,59.9948,INDETERMINATE,148,0,data/test/3sat/400/3sat_52.cnf,0.0045194625854492,0.069554,0.2891135215759277,0.2936329841613769,60.35798698416137,3sat_52.cnf,old_compact,Old Compact,2,False,True,runs/analysis/full400_seed_robustness/raw/old_compact/seed2.csv
149,2.0,1431154.0,1630642.0,80433542.0,59.985,INDETERMINATE,149,0,data/test/3sat/400/3sat_53.cnf,0.0045194625854492,0.076402,0.2891135215759277,0.2936329841613769,60.35503498416138,3sat_53.cnf,old_compact,Old Compact,2,False,True,runs/analysis/full400_seed_robustness/raw/old_compact/seed2.csv
150,2.0,612353.0,699215.0,35959808.0,21.867,SATISFIABLE,150,0,data/test/3sat/400/3sat_54.cnf,0.0049843788146972,0.079015,0.2906239032745361,0.2956082820892334,22.241623282089236,3sat_54.cnf,old_compact,Old Compact,2,True,False,runs/analysis/full400_seed_robustness/raw/old_compact/seed2.csv
151,2.0,1499260.0,1710404.0,84577016.0,59.9932,INDETERMINATE,151,0,data/test/3sat/400/3sat_55.cnf,0.0049843788146972,0.0685679999999999,0.2906239032745361,0.2956082820892334,60.357376282089234,3sat_55.cnf,old_compact,Old Compact,2,False,True,runs/analysis/full400_seed_robustness/raw/old_compact/seed2.csv
152,2.0,1396930.0,1577563.0,79904276.0,59.9926,INDETERMINATE,152,0,data/test/3sat/400/3sat_56.cnf,0.0049843788146972,0.078331,0.2906239032745361,0.2956082820892334,60.36653928208924,3sat_56.cnf,old_compact,Old Compact,2,False,True,runs/analysis/full400_seed_robustness/raw/old_compact/seed2.csv
153,2.0,1455389.0,1654453.0,81467106.0,59.9573,INDETERMINATE,153,0,data/test/3sat/400/3sat_57.cnf,0.0049843788146972,0.071309,0.2906239032745361,0.2956082820892334,60.32421728208923,3sat_57.cnf,old_compact,Old Compact,2,False,True,runs/analysis/full400_seed_robustness/raw/old_compact/seed2.csv
154,2.0,1542684.0,1759905.0,91462057.0,59.9848,INDETERMINATE,154,0,data/test/3sat/400/3sat_58.cnf,0.0049843788146972,0.061279,0.2906239032745361,0.2956082820892334,60.34168728208923,3sat_58.cnf,old_compact,Old Compact,2,False,True,runs/analysis/full400_seed_robustness/raw/old_compact/seed2.csv
155,2.0,1495985.0,1713249.0,84206288.0,59.9747,INDETERMINATE,155,0,data/test/3sat/400/3sat_59.cnf,0.0049843788146972,0.070773,0.2906239032745361,0.2956082820892334,60.34108128208924,3sat_59.cnf,old_compact,Old Compact,2,False,True,runs/analysis/full400_seed_robustness/raw/old_compact/seed2.csv
156,2.0,1461847.0,1658106.0,81751338.0,59.9726,INDETERMINATE,156,0,data/test/3sat/400/3sat_6.cnf,0.0049843788146972,0.082727,0.2906239032745361,0.2956082820892334,60.35093528208923,3sat_6.cnf,old_compact,Old Compact,2,False,True,runs/analysis/full400_seed_robustness/raw/old_compact/seed2.csv
157,2.0,1369324.0,1558787.0,78778702.0,59.9751,INDETERMINATE,157,0,data/test/3sat/400/3sat_60.cnf,0.0049843788146972,0.07189,0.2906239032745361,0.2956082820892334,60.342598282089234,3sat_60.cnf,old_compact,Old Compact,2,False,True,runs/analysis/full400_seed_robustness/raw/old_compact/seed2.csv
158,2.0,1426550.0,1612557.0,80168810.0,59.9877,INDETERMINATE,158,0,data/test/3sat/400/3sat_61.cnf,0.0049843788146972,0.070626,0.2906239032745361,0.2956082820892334,60.35393428208923,3sat_61.cnf,old_compact,Old Compact,2,False,True,runs/analysis/full400_seed_robustness/raw/old_compact/seed2.csv
159,2.0,1481853.0,1680718.0,85483617.0,59.9822,INDETERMINATE,159,0,data/test/3sat/400/3sat_62.cnf,0.0049843788146972,0.071428,0.2906239032745361,0.2956082820892334,60.34923628208923,3sat_62.cnf,old_compact,Old Compact,2,False,True,runs/analysis/full400_seed_robustness/raw/old_compact/seed2.csv
160,2.0,138136.0,157894.0,8130882.0,4.93127,SATISFIABLE,160,0,data/test/3sat/400/3sat_63.cnf,0.0043532848358154,0.0823329999999999,0.2651026248931885,0.2694559097290039,5.283058909729004,3sat_63.cnf,old_compact,Old Compact,2,True,False,runs/analysis/full400_seed_robustness/raw/old_compact/seed2.csv
161,2.0,1457974.0,1649861.0,81375380.0,59.9711,INDETERMINATE,161,0,data/test/3sat/400/3sat_64.cnf,0.0043532848358154,0.074929,0.2651026248931885,0.2694559097290039,60.315484909729,3sat_64.cnf,old_compact,Old Compact,2,False,True,runs/analysis/full400_seed_robustness/raw/old_compact/seed2.csv
162,1.0,224.0,339.0,14565.0,0.005119,SATISFIABLE,162,0,data/test/3sat/400/3sat_65.cnf,0.0043532848358154,0.031434,0.2651026248931885,0.2694559097290039,0.3060089097290039,3sat_65.cnf,old_compact,Old Compact,2,True,False,runs/analysis/full400_seed_robustness/raw/old_compact/seed2.csv
163,2.0,1400448.0,1607088.0,80077686.0,59.9896,INDETERMINATE,163,0,data/test/3sat/400/3sat_66.cnf,0.0043532848358154,0.081135,0.2651026248931885,0.2694559097290039,60.34019090972901,3sat_66.cnf,old_compact,Old Compact,2,False,True,runs/analysis/full400_seed_robustness/raw/old_compact/seed2.csv
164,2.0,1478068.0,1690026.0,85249066.0,59.976,INDETERMINATE,164,0,data/test/3sat/400/3sat_67.cnf,0.0043532848358154,0.084101,0.2651026248931885,0.2694559097290039,60.329556909729,3sat_67.cnf,old_compact,Old Compact,2,False,True,runs/analysis/full400_seed_robustness/raw/old_compact/seed2.csv
165,2.0,1395427.0,1597158.0,78497233.0,59.9772,INDETERMINATE,165,0,data/test/3sat/400/3sat_68.cnf,0.0043532848358154,0.082679,0.2651026248931885,0.2694559097290039,60.329334909729006,3sat_68.cnf,old_compact,Old Compact,2,False,True,runs/analysis/full400_seed_robustness/raw/old_compact/seed2.csv
166,2.0,1462540.0,1675463.0,86012260.0,59.9813,INDETERMINATE,166,0,data/test/3sat/400/3sat_69.cnf,0.0043532848358154,0.071292,0.2651026248931885,0.2694559097290039,60.322047909729,3sat_69.cnf,old_compact,Old Compact,2,False,True,runs/analysis/full400_seed_robustness/raw/old_compact/seed2.csv
167,2.0,1479789.0,1670143.0,81938500.0,59.9697,INDETERMINATE,167,0,data/test/3sat/400/3sat_7.cnf,0.0043532848358154,0.063196,0.2651026248931885,0.2694559097290039,60.302351909729005,3sat_7.cnf,old_compact,Old Compact,2,False,True,runs/analysis/full400_seed_robustness/raw/old_compact/seed2.csv
168,1.0,2512.0,3124.0,152890.0,0.051346,SATISFIABLE,168,0,data/test/3sat/400/3sat_70.cnf,0.0043532848358154,0.083505,0.2651026248931885,0.2694559097290039,0.4043069097290039,3sat_70.cnf,old_compact,Old Compact,2,True,False,runs/analysis/full400_seed_robustness/raw/old_compact/seed2.csv
169,2.0,1434930.0,1644892.0,81493589.0,59.9914,INDETERMINATE,169,0,data/test/3sat/400/3sat_71.cnf,0.0043532848358154,0.068038,0.2651026248931885,0.2694559097290039,60.32889390972901,3sat_71.cnf,old_compact,Old Compact,2,False,True,runs/analysis/full400_seed_robustness/raw/old_compact/seed2.csv
170,2.0,1447112.0,1655884.0,81432880.0,59.985,INDETERMINATE,170,0,data/test/3sat/400/3sat_72.cnf,0.0044481754302978,0.075884,0.3125243186950683,0.3169724941253662,60.37785649412537,3sat_72.cnf,old_compact,Old Compact,2,False,True,runs/analysis/full400_seed_robustness/raw/old_compact/seed2.csv
171,2.0,1484928.0,1692438.0,85015187.0,59.9817,INDETERMINATE,171,0,data/test/3sat/400/3sat_73.cnf,0.0044481754302978,0.0737579999999999,0.3125243186950683,0.3169724941253662,60.37243049412536,3sat_73.cnf,old_compact,Old Compact,2,False,True,runs/analysis/full400_seed_robustness/raw/old_compact/seed2.csv
172,2.0,1420418.0,1635519.0,79957148.0,59.9726,INDETERMINATE,172,0,data/test/3sat/400/3sat_74.cnf,0.0044481754302978,0.075432,0.3125243186950683,0.3169724941253662,60.365004494125365,3sat_74.cnf,old_compact,Old Compact,2,False,True,runs/analysis/full400_seed_robustness/raw/old_compact/seed2.csv
173,2.0,1342102.0,1538299.0,72928366.0,59.972,INDETERMINATE,173,0,data/test/3sat/400/3sat_75.cnf,0.0044481754302978,0.076712,0.3125243186950683,0.3169724941253662,60.36568449412537,3sat_75.cnf,old_compact,Old Compact,2,False,True,runs/analysis/full400_seed_robustness/raw/old_compact/seed2.csv
174,2.0,1480076.0,1683482.0,86334420.0,59.9865,INDETERMINATE,174,0,data/test/3sat/400/3sat_76.cnf,0.0044481754302978,0.070283,0.3125243186950683,0.3169724941253662,60.37375549412537,3sat_76.cnf,old_compact,Old Compact,2,False,True,runs/analysis/full400_seed_robustness/raw/old_compact/seed2.csv
175,2.0,1491880.0,1701771.0,83750091.0,59.9818,INDETERMINATE,175,0,data/test/3sat/400/3sat_77.cnf,0.0044481754302978,0.074472,0.3125243186950683,0.3169724941253662,60.373244494125366,3sat_77.cnf,old_compact,Old Compact,2,False,True,runs/analysis/full400_seed_robustness/raw/old_compact/seed2.csv
176,2.0,1457058.0,1660045.0,79970734.0,59.9752,INDETERMINATE,176,0,data/test/3sat/400/3sat_78.cnf,0.0044481754302978,0.0735889999999999,0.3125243186950683,0.3169724941253662,60.365761494125366,3sat_78.cnf,old_compact,Old Compact,2,False,True,runs/analysis/full400_seed_robustness/raw/old_compact/seed2.csv
177,2.0,1440528.0,1646942.0,79123441.0,59.9739,INDETERMINATE,177,0,data/test/3sat/400/3sat_79.cnf,0.0044481754302978,0.07474,0.3125243186950683,0.3169724941253662,60.365612494125365,3sat_79.cnf,old_compact,Old Compact,2,False,True,runs/analysis/full400_seed_robustness/raw/old_compact/seed2.csv
178,2.0,1455745.0,1654405.0,84195079.0,59.9799,INDETERMINATE,178,0,data/test/3sat/400/3sat_8.cnf,0.0044481754302978,0.086503,0.3125243186950683,0.3169724941253662,60.38337549412537,3sat_8.cnf,old_compact,Old Compact,2,False,True,runs/analysis/full400_seed_robustness/raw/old_compact/seed2.csv
179,2.0,1509224.0,1738880.0,87096925.0,59.9791,INDETERMINATE,179,0,data/test/3sat/400/3sat_80.cnf,0.0044481754302978,0.082706,0.3125243186950683,0.3169724941253662,60.37877849412537,3sat_80.cnf,old_compact,Old Compact,2,False,True,runs/analysis/full400_seed_robustness/raw/old_compact/seed2.csv
180,2.0,1479326.0,1673693.0,82555723.0,59.9811,INDETERMINATE,180,0,data/test/3sat/400/3sat_81.cnf,0.0044834613800048,0.069077,0.3080904483795166,0.3125739097595215,60.36275090975952,3sat_81.cnf,old_compact,Old Compact,2,False,True,runs/analysis/full400_seed_robustness/raw/old_compact/seed2.csv
181,2.0,1090841.0,1251869.0,62339209.0,43.6981,SATISFIABLE,181,0,data/test/3sat/400/3sat_82.cnf,0.0044834613800048,0.088676,0.3080904483795166,0.3125739097595215,44.09934990975952,3sat_82.cnf,old_compact,Old Compact,2,True,False,runs/analysis/full400_seed_robustness/raw/old_compact/seed2.csv
182,2.0,1468856.0,1674845.0,82168636.0,59.9689,INDETERMINATE,182,0,data/test/3sat/400/3sat_83.cnf,0.0044834613800048,0.0667,0.3080904483795166,0.3125739097595215,60.34817390975952,3sat_83.cnf,old_compact,Old Compact,2,False,True,runs/analysis/full400_seed_robustness/raw/old_compact/seed2.csv
183,2.0,1364559.0,1561558.0,78005357.0,59.9681,INDETERMINATE,183,0,data/test/3sat/400/3sat_84.cnf,0.0044834613800048,0.073319,0.3080904483795166,0.3125739097595215,60.35399290975952,3sat_84.cnf,old_compact,Old Compact,2,False,True,runs/analysis/full400_seed_robustness/raw/old_compact/seed2.csv
184,1.0,27518.0,32278.0,1663386.0,0.805311,SATISFIABLE,184,0,data/test/3sat/400/3sat_85.cnf,0.0044834613800048,0.076495,0.3080904483795166,0.3125739097595215,1.1943799097595216,3sat_85.cnf,old_compact,Old Compact,2,True,False,runs/analysis/full400_seed_robustness/raw/old_compact/seed2.csv
185,1.0,84037.0,97892.0,5195664.0,3.22877,SATISFIABLE,185,0,data/test/3sat/400/3sat_86.cnf,0.0044834613800048,0.0840279999999999,0.3080904483795166,0.3125739097595215,3.6253719097595214,3sat_86.cnf,old_compact,Old Compact,2,True,False,runs/analysis/full400_seed_robustness/raw/old_compact/seed2.csv
186,2.0,1402211.0,1601647.0,79922966.0,59.9796,INDETERMINATE,186,0,data/test/3sat/400/3sat_87.cnf,0.0044834613800048,0.078713,0.3080904483795166,0.3125739097595215,60.37088690975952,3sat_87.cnf,old_compact,Old Compact,2,False,True,runs/analysis/full400_seed_robustness/raw/old_compact/seed2.csv
187,1.0,10969.0,13071.0,671709.0,0.251681,SATISFIABLE,187,0,data/test/3sat/400/3sat_88.cnf,0.0044834613800048,0.0731779999999999,0.3080904483795166,0.3125739097595215,0.6374329097595215,3sat_88.cnf,old_compact,Old Compact,2,True,False,runs/analysis/full400_seed_robustness/raw/old_compact/seed2.csv
188,1.0,8641.0,10334.0,538222.0,0.176473,SATISFIABLE,188,0,data/test/3sat/400/3sat_89.cnf,0.0044834613800048,0.0737,0.3080904483795166,0.3125739097595215,0.5627469097595215,3sat_89.cnf,old_compact,Old Compact,2,True,False,runs/analysis/full400_seed_robustness/raw/old_compact/seed2.csv
189,2.0,1500067.0,1708467.0,86272722.0,59.976,INDETERMINATE,189,0,data/test/3sat/400/3sat_9.cnf,0.0044834613800048,0.080272,0.3080904483795166,0.3125739097595215,60.36884590975952,3sat_9.cnf,old_compact,Old Compact,2,False,True,runs/analysis/full400_seed_robustness/raw/old_compact/seed2.csv
190,2.0,1427122.0,1645137.0,83369015.0,59.9845,INDETERMINATE,190,0,data/test/3sat/400/3sat_90.cnf,0.0043115615844726,0.075628,0.3164014816284179,0.3207130432128906,60.38084104321289,3sat_90.cnf,old_compact,Old Compact,2,False,True,runs/analysis/full400_seed_robustness/raw/old_compact/seed2.csv
191,1.0,10042.0,11941.0,654479.0,0.228619,SATISFIABLE,191,0,data/test/3sat/400/3sat_91.cnf,0.0043115615844726,0.082215,0.3164014816284179,0.3207130432128906,0.6315470432128907,3sat_91.cnf,old_compact,Old Compact,2,True,False,runs/analysis/full400_seed_robustness/raw/old_compact/seed2.csv
192,2.0,253822.0,290337.0,15713394.0,8.71837,SATISFIABLE,192,0,data/test/3sat/400/3sat_92.cnf,0.0043115615844726,0.077413,0.3164014816284179,0.3207130432128906,9.11649604321289,3sat_92.cnf,old_compact,Old Compact,2,True,False,runs/analysis/full400_seed_robustness/raw/old_compact/seed2.csv
193,2.0,677111.0,783227.0,41044151.0,25.0347,SATISFIABLE,193,0,data/test/3sat/400/3sat_93.cnf,0.0043115615844726,0.078539,0.3164014816284179,0.3207130432128906,25.43395204321289,3sat_93.cnf,old_compact,Old Compact,2,True,False,runs/analysis/full400_seed_robustness/raw/old_compact/seed2.csv
194,1.0,53988.0,62131.0,3367378.0,1.68991,SATISFIABLE,194,0,data/test/3sat/400/3sat_94.cnf,0.0043115615844726,0.075748,0.3164014816284179,0.3207130432128906,2.086371043212891,3sat_94.cnf,old_compact,Old Compact,2,True,False,runs/analysis/full400_seed_robustness/raw/old_compact/seed2.csv
195,2.0,1441528.0,1641385.0,80720694.0,59.9646,INDETERMINATE,195,0,data/test/3sat/400/3sat_95.cnf,0.0043115615844726,0.076133,0.3164014816284179,0.3207130432128906,60.36144604321289,3sat_95.cnf,old_compact,Old Compact,2,False,True,runs/analysis/full400_seed_robustness/raw/old_compact/seed2.csv
196,1.0,3109.0,3849.0,199282.0,0.064717,SATISFIABLE,196,0,data/test/3sat/400/3sat_96.cnf,0.0043115615844726,0.078016,0.3164014816284179,0.3207130432128906,0.4634460432128906,3sat_96.cnf,old_compact,Old Compact,2,True,False,runs/analysis/full400_seed_robustness/raw/old_compact/seed2.csv
197,2.0,425291.0,491074.0,25526527.0,14.4693,SATISFIABLE,197,0,data/test/3sat/400/3sat_97.cnf,0.0043115615844726,0.0896299999999999,0.3164014816284179,0.3207130432128906,14.87964304321289,3sat_97.cnf,old_compact,Old Compact,2,True,False,runs/analysis/full400_seed_robustness/raw/old_compact/seed2.csv
198,2.0,1527555.0,1730818.0,86039996.0,59.9901,INDETERMINATE,198,0,data/test/3sat/400/3sat_98.cnf,0.0043115615844726,0.079984,0.3164014816284179,0.3207130432128906,60.39079704321289,3sat_98.cnf,old_compact,Old Compact,2,False,True,runs/analysis/full400_seed_robustness/raw/old_compact/seed2.csv
199,2.0,1518611.0,1732976.0,83746204.0,59.9878,INDETERMINATE,199,0,data/test/3sat/400/3sat_99.cnf,0.0043115615844726,0.091108,0.3164014816284179,0.3207130432128906,60.39962104321289,3sat_99.cnf,old_compact,Old Compact,2,False,True,runs/analysis/full400_seed_robustness/raw/old_compact/seed2.csv
0,2.0,1441965.0,1645565.0,80396889.0,59.9795,INDETERMINATE,0,0,data/test/3sat/400/3sat_0.cnf,0.0065178871154785,0.099754,0.2949976921081543,0.3015155792236328,60.38076957922363,3sat_0.cnf,local_reopen_guarded,+ Local Boundary Correction,2,False,True,runs/analysis/full400_seed_robustness/raw/local_reopen_guarded/seed2.csv
1,1.0,73715.0,85712.0,4316774.0,2.90344,SATISFIABLE,1,0,data/test/3sat/400/3sat_1.cnf,0.0065178871154785,0.097462,0.2949976921081543,0.3015155792236328,3.3024175792236328,3sat_1.cnf,local_reopen_guarded,+ Local Boundary Correction,2,True,False,runs/analysis/full400_seed_robustness/raw/local_reopen_guarded/seed2.csv
2,2.0,1518481.0,1733694.0,85672686.0,59.972,INDETERMINATE,2,0,data/test/3sat/400/3sat_10.cnf,0.0065178871154785,0.089063,0.2949976921081543,0.3015155792236328,60.36257857922364,3sat_10.cnf,local_reopen_guarded,+ Local Boundary Correction,2,False,True,runs/analysis/full400_seed_robustness/raw/local_reopen_guarded/seed2.csv
3,1.0,3392.0,4166.0,213902.0,0.067634,SATISFIABLE,3,0,data/test/3sat/400/3sat_100.cnf,0.0065178871154785,0.096741,0.2949976921081543,0.3015155792236328,0.4658905792236328,3sat_100.cnf,local_reopen_guarded,+ Local Boundary Correction,2,True,False,runs/analysis/full400_seed_robustness/raw/local_reopen_guarded/seed2.csv
4,2.0,1466564.0,1675988.0,82371082.0,59.9838,INDETERMINATE,4,0,data/test/3sat/400/3sat_101.cnf,0.0065178871154785,0.090275,0.2949976921081543,0.3015155792236328,60.37559057922363,3sat_101.cnf,local_reopen_guarded,+ Local Boundary Correction,2,False,True,runs/analysis/full400_seed_robustness/raw/local_reopen_guarded/seed2.csv
5,2.0,1515046.0,1752570.0,86616997.0,59.9897,INDETERMINATE,5,0,data/test/3sat/400/3sat_102.cnf,0.0065178871154785,0.089898,0.2949976921081543,0.3015155792236328,60.38111357922363,3sat_102.cnf,local_reopen_guarded,+ Local Boundary Correction,2,False,True,runs/analysis/full400_seed_robustness/raw/local_reopen_guarded/seed2.csv
6,2.0,1471390.0,1697829.0,84772145.0,59.9827,INDETERMINATE,6,0,data/test/3sat/400/3sat_103.cnf,0.0065178871154785,0.101903,0.2949976921081543,0.3015155792236328,60.386118579223634,3sat_103.cnf,local_reopen_guarded,+ Local Boundary Correction,2,False,True,runs/analysis/full400_seed_robustness/raw/local_reopen_guarded/seed2.csv
7,2.0,1473336.0,1683079.0,81886064.0,59.9671,INDETERMINATE,7,0,data/test/3sat/400/3sat_104.cnf,0.0065178871154785,0.1014019999999999,0.2949976921081543,0.3015155792236328,60.37001757922364,3sat_104.cnf,local_reopen_guarded,+ Local Boundary Correction,2,False,True,runs/analysis/full400_seed_robustness/raw/local_reopen_guarded/seed2.csv
8,2.0,1541219.0,1753392.0,88175616.0,59.9755,INDETERMINATE,8,0,data/test/3sat/400/3sat_105.cnf,0.0065178871154785,0.08826,0.2949976921081543,0.3015155792236328,60.36527557922363,3sat_105.cnf,local_reopen_guarded,+ Local Boundary Correction,2,False,True,runs/analysis/full400_seed_robustness/raw/local_reopen_guarded/seed2.csv
9,2.0,1443174.0,1650249.0,80394242.0,59.9881,INDETERMINATE,9,0,data/test/3sat/400/3sat_106.cnf,0.0065178871154785,0.098393,0.2949976921081543,0.3015155792236328,60.38800857922364,3sat_106.cnf,local_reopen_guarded,+ Local Boundary Correction,2,False,True,runs/analysis/full400_seed_robustness/raw/local_reopen_guarded/seed2.csv
10,2.0,1364569.0,1567656.0,77875486.0,59.9684,INDETERMINATE,10,0,data/test/3sat/400/3sat_107.cnf,0.005033254623413,0.092697,0.3781938552856445,0.3832271099090576,60.44432410990906,3sat_107.cnf,local_reopen_guarded,+ Local Boundary Correction,2,False,True,runs/analysis/full400_seed_robustness/raw/local_reopen_guarded/seed2.csv
11,2.0,1471146.0,1694564.0,82394569.0,59.9835,INDETERMINATE,11,0,data/test/3sat/400/3sat_108.cnf,0.005033254623413,0.084651,0.3781938552856445,0.3832271099090576,60.45137810990906,3sat_108.cnf,local_reopen_guarded,+ Local Boundary Correction,2,False,True,runs/analysis/full400_seed_robustness/raw/local_reopen_guarded/seed2.csv
12,2.0,1530068.0,1753196.0,85714449.0,59.9717,INDETERMINATE,12,0,data/test/3sat/400/3sat_109.cnf,0.005033254623413,0.087949,0.3781938552856445,0.3832271099090576,60.44287610990906,3sat_109.cnf,local_reopen_guarded,+ Local Boundary Correction,2,False,True,runs/analysis/full400_seed_robustness/raw/local_reopen_guarded/seed2.csv
13,1.0,40661.0,47692.0,2496556.0,1.35531,SATISFIABLE,13,0,data/test/3sat/400/3sat_11.cnf,0.005033254623413,0.079901,0.3781938552856445,0.3832271099090576,1.8184381099090576,3sat_11.cnf,local_reopen_guarded,+ Local Boundary Correction,2,True,False,runs/analysis/full400_seed_robustness/raw/local_reopen_guarded/seed2.csv
14,2.0,1479884.0,1698471.0,85577106.0,59.9987,INDETERMINATE,14,0,data/test/3sat/400/3sat_110.cnf,0.005033254623413,0.094224,0.3781938552856445,0.3832271099090576,60.476151109909054,3sat_110.cnf,local_reopen_guarded,+ Local Boundary Correction,2,False,True,runs/analysis/full400_seed_robustness/raw/local_reopen_guarded/seed2.csv
15,2.0,1467883.0,1683829.0,85686865.0,59.9744,INDETERMINATE,15,0,data/test/3sat/400/3sat_111.cnf,0.005033254623413,0.098521,0.3781938552856445,0.3832271099090576,60.45614810990906,3sat_111.cnf,local_reopen_guarded,+ Local Boundary Correction,2,False,True,runs/analysis/full400_seed_robustness/raw/local_reopen_guarded/seed2.csv
16,2.0,1500409.0,1705453.0,86743164.0,59.9877,INDETERMINATE,16,0,data/test/3sat/400/3sat_112.cnf,0.005033254623413,0.094153,0.3781938552856445,0.3832271099090576,60.46508010990905,3sat_112.cnf,local_reopen_guarded,+ Local Boundary Correction,2,False,True,runs/analysis/full400_seed_robustness/raw/local_reopen_guarded/seed2.csv
17,2.0,1404878.0,1594089.0,80558069.0,59.9883,INDETERMINATE,17,0,data/test/3sat/400/3sat_113.cnf,0.005033254623413,0.096058,0.3781938552856445,0.3832271099090576,60.46758510990906,3sat_113.cnf,local_reopen_guarded,+ Local Boundary Correction,2,False,True,runs/analysis/full400_seed_robustness/raw/local_reopen_guarded/seed2.csv
18,2.0,1455637.0,1671649.0,82353696.0,59.9889,INDETERMINATE,18,0,data/test/3sat/400/3sat_114.cnf,0.005033254623413,0.096564,0.3781938552856445,0.3832271099090576,60.46869110990906,3sat_114.cnf,local_reopen_guarded,+ Local Boundary Correction,2,False,True,runs/analysis/full400_seed_robustness/raw/local_reopen_guarded/seed2.csv
19,2.0,1357648.0,1550488.0,76710332.0,59.9436,INDETERMINATE,19,0,data/test/3sat/400/3sat_115.cnf,0.005033254623413,0.088987,0.3781938552856445,0.3832271099090576,60.41581410990906,3sat_115.cnf,local_reopen_guarded,+ Local Boundary Correction,2,False,True,runs/analysis/full400_seed_robustness/raw/local_reopen_guarded/seed2.csv
20,2.0,1453458.0,1654870.0,81199027.0,59.9665,INDETERMINATE,20,0,data/test/3sat/400/3sat_116.cnf,0.0051202774047851,0.101427,0.3474023342132568,0.352522611618042,60.42044961161805,3sat_116.cnf,local_reopen_guarded,+ Local Boundary Correction,2,False,True,runs/analysis/full400_seed_robustness/raw/local_reopen_guarded/seed2.csv
21,2.0,1453879.0,1664163.0,81228696.0,59.9817,INDETERMINATE,21,0,data/test/3sat/400/3sat_117.cnf,0.0051202774047851,0.077786,0.3474023342132568,0.352522611618042,60.41200861161804,3sat_117.cnf,local_reopen_guarded,+ Local Boundary Correction,2,False,True,runs/analysis/full400_seed_robustness/raw/local_reopen_guarded/seed2.csv
22,2.0,1482676.0,1695046.0,83409329.0,59.9521,INDETERMINATE,22,0,data/test/3sat/400/3sat_118.cnf,0.0051202774047851,0.0965729999999999,0.3474023342132568,0.352522611618042,60.40119561161804,3sat_118.cnf,local_reopen_guarded,+ Local Boundary Correction,2,False,True,runs/analysis/full400_seed_robustness/raw/local_reopen_guarded/seed2.csv
23,2.0,1496466.0,1711263.0,82825826.0,59.9928,INDETERMINATE,23,0,data/test/3sat/400/3sat_119.cnf,0.0051202774047851,0.087667,0.3474023342132568,0.352522611618042,60.43298961161805,3sat_119.cnf,local_reopen_guarded,+ Local Boundary Correction,2,False,True,runs/analysis/full400_seed_robustness/raw/local_reopen_guarded/seed2.csv
24,2.0,1421261.0,1625530.0,79835039.0,59.9678,INDETERMINATE,24,0,data/test/3sat/400/3sat_12.cnf,0.0051202774047851,0.083772,0.3474023342132568,0.352522611618042,60.40409461161804,3sat_12.cnf,local_reopen_guarded,+ Local Boundary Correction,2,False,True,runs/analysis/full400_seed_robustness/raw/local_reopen_guarded/seed2.csv
25,1.0,23077.0,27394.0,1439359.0,0.682785,SATISFIABLE,25,0,data/test/3sat/400/3sat_120.cnf,0.0051202774047851,0.09786,0.3474023342132568,0.352522611618042,1.133167611618042,3sat_120.cnf,local_reopen_guarded,+ Local Boundary Correction,2,True,False,runs/analysis/full400_seed_robustness/raw/local_reopen_guarded/seed2.csv
26,1.0,47329.0,54623.0,2823769.0,1.39889,SATISFIABLE,26,0,data/test/3sat/400/3sat_121.cnf,0.0051202774047851,0.096838,0.3474023342132568,0.352522611618042,1.848250611618042,3sat_121.cnf,local_reopen_guarded,+ Local Boundary Correction,2,True,False,runs/analysis/full400_seed_robustness/raw/local_reopen_guarded/seed2.csv
27,2.0,1472415.0,1684378.0,84192080.0,59.9568,INDETERMINATE,27,0,data/test/3sat/400/3sat_122.cnf,0.0051202774047851,0.095558,0.3474023342132568,0.352522611618042,60.40488061161804,3sat_122.cnf,local_reopen_guarded,+ Local Boundary Correction,2,False,True,runs/analysis/full400_seed_robustness/raw/local_reopen_guarded/seed2.csv
28,2.0,1478260.0,1681655.0,84221717.0,59.9626,INDETERMINATE,28,0,data/test/3sat/400/3sat_123.cnf,0.0051202774047851,0.089685,0.3474023342132568,0.352522611618042,60.40480761161805,3sat_123.cnf,local_reopen_guarded,+ Local Boundary Correction,2,False,True,runs/analysis/full400_seed_robustness/raw/local_reopen_guarded/seed2.csv
29,1.0,654.0,900.0,43163.0,0.013226,SATISFIABLE,29,0,data/test/3sat/400/3sat_124.cnf,0.0051202774047851,0.0591329999999999,0.3474023342132568,0.352522611618042,0.424881611618042,3sat_124.cnf,local_reopen_guarded,+ Local Boundary Correction,2,True,False,runs/analysis/full400_seed_robustness/raw/local_reopen_guarded/seed2.csv
30,1.0,87018.0,101016.0,5296049.0,3.16757,SATISFIABLE,30,0,data/test/3sat/400/3sat_125.cnf,0.0057625770568847,0.079259,0.2888834476470947,0.2946460247039795,3.5414750247039795,3sat_125.cnf,local_reopen_guarded,+ Local Boundary Correction,2,True,False,runs/analysis/full400_seed_robustness/raw/local_reopen_guarded/seed2.csv
31,2.0,1468646.0,1679457.0,84233572.0,59.9677,INDETERMINATE,31,0,data/test/3sat/400/3sat_126.cnf,0.0057625770568847,0.095169,0.2888834476470947,0.2946460247039795,60.35751502470398,3sat_126.cnf,local_reopen_guarded,+ Local Boundary Correction,2,False,True,runs/analysis/full400_seed_robustness/raw/local_reopen_guarded/seed2.csv
32,2.0,1392040.0,1611656.0,81613794.0,59.972,INDETERMINATE,32,0,data/test/3sat/400/3sat_127.cnf,0.0057625770568847,0.0799339999999999,0.2888834476470947,0.2946460247039795,60.34658002470398,3sat_127.cnf,local_reopen_guarded,+ Local Boundary Correction,2,False,True,runs/analysis/full400_seed_robustness/raw/local_reopen_guarded/seed2.csv
33,2.0,238642.0,275833.0,14368684.0,8.30326,SATISFIABLE,33,0,data/test/3sat/400/3sat_128.cnf,0.0057625770568847,0.088395,0.2888834476470947,0.2946460247039795,8.68630102470398,3sat_128.cnf,local_reopen_guarded,+ Local Boundary Correction,2,True,False,runs/analysis/full400_seed_robustness/raw/local_reopen_guarded/seed2.csv
34,1.0,28034.0,33114.0,1750425.0,0.827227,SATISFIABLE,34,0,data/test/3sat/400/3sat_129.cnf,0.0057625770568847,0.097768,0.2888834476470947,0.2946460247039795,1.2196410247039795,3sat_129.cnf,local_reopen_guarded,+ Local Boundary Correction,2,True,False,runs/analysis/full400_seed_robustness/raw/local_reopen_guarded/seed2.csv
35,2.0,1436122.0,1642716.0,83824295.0,59.9769,INDETERMINATE,35,0,data/test/3sat/400/3sat_13.cnf,0.0057625770568847,0.090166,0.2888834476470947,0.2946460247039795,60.361712024703984,3sat_13.cnf,local_reopen_guarded,+ Local Boundary Correction,2,False,True,runs/analysis/full400_seed_robustness/raw/local_reopen_guarded/seed2.csv
36,2.0,121568.0,139021.0,7304329.0,4.75287,SATISFIABLE,36,0,data/test/3sat/400/3sat_130.cnf,0.0057625770568847,0.100104,0.2888834476470947,0.2946460247039795,5.147620024703979,3sat_130.cnf,local_reopen_guarded,+ Local Boundary Correction,2,True,False,runs/analysis/full400_seed_robustness/raw/local_reopen_guarded/seed2.csv
37,1.0,82086.0,96037.0,5035591.0,3.31648,SATISFIABLE,37,0,data/test/3sat/400/3sat_131.cnf,0.0057625770568847,0.095107,0.2888834476470947,0.2946460247039795,3.7062330247039794,3sat_131.cnf,local_reopen_guarded,+ Local Boundary Correction,2,True,False,runs/analysis/full400_seed_robustness/raw/local_reopen_guarded/seed2.csv
38,1.0,2692.0,3354.0,172420.0,0.048272,SATISFIABLE,38,0,data/test/3sat/400/3sat_132.cnf,0.0057625770568847,0.097973,0.2888834476470947,0.2946460247039795,0.4408910247039795,3sat_132.cnf,local_reopen_guarded,+ Local Boundary Correction,2,True,False,runs/analysis/full400_seed_robustness/raw/local_reopen_guarded/seed2.csv
39,2.0,1390374.0,1607832.0,81051758.0,59.9905,INDETERMINATE,39,0,data/test/3sat/400/3sat_133.cnf,0.0057625770568847,0.118654,0.2888834476470947,0.2946460247039795,60.403800024703976,3sat_133.cnf,local_reopen_guarded,+ Local Boundary Correction,2,False,True,runs/analysis/full400_seed_robustness/raw/local_reopen_guarded/seed2.csv
40,2.0,1388578.0,1589625.0,77696729.0,59.9794,INDETERMINATE,40,0,data/test/3sat/400/3sat_134.cnf,0.0059952735900878,0.101244,0.2833039760589599,0.2892992496490478,60.36994324964905,3sat_134.cnf,local_reopen_guarded,+ Local Boundary Correction,2,False,True,runs/analysis/full400_seed_robustness/raw/local_reopen_guarded/seed2.csv
41,2.0,1520521.0,1731107.0,84951337.0,59.9682,INDETERMINATE,41,0,data/test/3sat/400/3sat_135.cnf,0.0059952735900878,0.096026,0.2833039760589599,0.2892992496490478,60.35352524964905,3sat_135.cnf,local_reopen_guarded,+ Local Boundary Correction,2,False,True,runs/analysis/full400_seed_robustness/raw/local_reopen_guarded/seed2.csv
42,2.0,1462446.0,1676989.0,85801020.0,59.9746,INDETERMINATE,42,0,data/test/3sat/400/3sat_136.cnf,0.0059952735900878,0.100744,0.2833039760589599,0.2892992496490478,60.36464324964905,3sat_136.cnf,local_reopen_guarded,+ Local Boundary Correction,2,False,True,runs/analysis/full400_seed_robustness/raw/local_reopen_guarded/seed2.csv
43,2.0,1449018.0,1642631.0,78212231.0,59.9672,INDETERMINATE,43,0,data/test/3sat/400/3sat_137.cnf,0.0059952735900878,0.086835,0.2833039760589599,0.2892992496490478,60.34333424964905,3sat_137.cnf,local_reopen_guarded,+ Local Boundary Correction,2,False,True,runs/analysis/full400_seed_robustness/raw/local_reopen_guarded/seed2.csv
44,2.0,1507143.0,1714184.0,87156193.0,59.9581,INDETERMINATE,44,0,data/test/3sat/400/3sat_138.cnf,0.0059952735900878,0.099277,0.2833039760589599,0.2892992496490478,60.34667624964905,3sat_138.cnf,local_reopen_guarded,+ Local Boundary Correction,2,False,True,runs/analysis/full400_seed_robustness/raw/local_reopen_guarded/seed2.csv
45,2.0,1532096.0,1760626.0,87504649.0,59.9783,INDETERMINATE,45,0,data/test/3sat/400/3sat_139.cnf,0.0059952735900878,0.0921299999999999,0.2833039760589599,0.2892992496490478,60.35972924964904,3sat_139.cnf,local_reopen_guarded,+ Local Boundary Correction,2,False,True,runs/analysis/full400_seed_robustness/raw/local_reopen_guarded/seed2.csv
46,2.0,133587.0,154405.0,8365184.0,5.57459,SATISFIABLE,46,0,data/test/3sat/400/3sat_14.cnf,0.0059952735900878,0.087049,0.2833039760589599,0.2892992496490478,5.950938249649048,3sat_14.cnf,local_reopen_guarded,+ Local Boundary Correction,2,True,False,runs/analysis/full400_seed_robustness/raw/local_reopen_guarded/seed2.csv
47,2.0,135171.0,155254.0,8243385.0,5.21623,SATISFIABLE,47,0,data/test/3sat/400/3sat_140.cnf,0.0059952735900878,0.0837489999999999,0.2833039760589599,0.2892992496490478,5.589278249649048,3sat_140.cnf,local_reopen_guarded,+ Local Boundary Correction,2,True,False,runs/analysis/full400_seed_robustness/raw/local_reopen_guarded/seed2.csv
48,1.0,71109.0,82102.0,4299119.0,2.99917,SATISFIABLE,48,0,data/test/3sat/400/3sat_141.cnf,0.0059952735900878,0.0907149999999999,0.2833039760589599,0.2892992496490478,3.379184249649048,3sat_141.cnf,local_reopen_guarded,+ Local Boundary Correction,2,True,False,runs/analysis/full400_seed_robustness/raw/local_reopen_guarded/seed2.csv
49,1.0,61037.0,70865.0,3765471.0,2.1668,SATISFIABLE,49,0,data/test/3sat/400/3sat_142.cnf,0.0059952735900878,0.106357,0.2833039760589599,0.2892992496490478,2.562456249649048,3sat_142.cnf,local_reopen_guarded,+ Local Boundary Correction,2,True,False,runs/analysis/full400_seed_robustness/raw/local_reopen_guarded/seed2.csv
50,2.0,1447118.0,1661795.0,83212724.0,59.9879,INDETERMINATE,50,0,data/test/3sat/400/3sat_143.cnf,0.0047817230224609,0.094317,0.2858777046203613,0.2906594276428222,60.37287642764282,3sat_143.cnf,local_reopen_guarded,+ Local Boundary Correction,2,False,True,runs/analysis/full400_seed_robustness/raw/local_reopen_guarded/seed2.csv
51,2.0,1349946.0,1533375.0,75181692.0,59.9948,INDETERMINATE,51,0,data/test/3sat/400/3sat_144.cnf,0.0047817230224609,0.103114,0.2858777046203613,0.2906594276428222,60.38857342764282,3sat_144.cnf,local_reopen_guarded,+ Local Boundary Correction,2,False,True,runs/analysis/full400_seed_robustness/raw/local_reopen_guarded/seed2.csv
52,2.0,1402525.0,1621937.0,80206086.0,59.9887,INDETERMINATE,52,0,data/test/3sat/400/3sat_145.cnf,0.0047817230224609,0.089275,0.2858777046203613,0.2906594276428222,60.36863442764282,3sat_145.cnf,local_reopen_guarded,+ Local Boundary Correction,2,False,True,runs/analysis/full400_seed_robustness/raw/local_reopen_guarded/seed2.csv
53,2.0,1471026.0,1683849.0,82536205.0,59.9735,INDETERMINATE,53,0,data/test/3sat/400/3sat_146.cnf,0.0047817230224609,0.090567,0.2858777046203613,0.2906594276428222,60.35472642764282,3sat_146.cnf,local_reopen_guarded,+ Local Boundary Correction,2,False,True,runs/analysis/full400_seed_robustness/raw/local_reopen_guarded/seed2.csv
54,2.0,392510.0,450448.0,23393708.0,13.4926,SATISFIABLE,54,0,data/test/3sat/400/3sat_147.cnf,0.0047817230224609,0.089603,0.2858777046203613,0.2906594276428222,13.872862427642822,3sat_147.cnf,local_reopen_guarded,+ Local Boundary Correction,2,True,False,runs/analysis/full400_seed_robustness/raw/local_reopen_guarded/seed2.csv
55,2.0,1496192.0,1719347.0,87431972.0,59.9714,INDETERMINATE,55,0,data/test/3sat/400/3sat_148.cnf,0.0047817230224609,0.09867,0.2858777046203613,0.2906594276428222,60.36072942764282,3sat_148.cnf,local_reopen_guarded,+ Local Boundary Correction,2,False,True,runs/analysis/full400_seed_robustness/raw/local_reopen_guarded/seed2.csv
56,1.0,97366.0,112279.0,5819460.0,3.91729,SATISFIABLE,56,0,data/test/3sat/400/3sat_149.cnf,0.0047817230224609,0.093087,0.2858777046203613,0.2906594276428222,4.301036427642822,3sat_149.cnf,local_reopen_guarded,+ Local Boundary Correction,2,True,False,runs/analysis/full400_seed_robustness/raw/local_reopen_guarded/seed2.csv
57,2.0,1456373.0,1654895.0,82884388.0,59.9654,INDETERMINATE,57,0,data/test/3sat/400/3sat_15.cnf,0.0047817230224609,0.089488,0.2858777046203613,0.2906594276428222,60.34554742764283,3sat_15.cnf,local_reopen_guarded,+ Local Boundary Correction,2,False,True,runs/analysis/full400_seed_robustness/raw/local_reopen_guarded/seed2.csv
58,1.0,16970.0,19929.0,1057698.0,0.404288,SATISFIABLE,58,0,data/test/3sat/400/3sat_150.cnf,0.0047817230224609,0.08531,0.2858777046203613,0.2906594276428222,0.7802574276428222,3sat_150.cnf,local_reopen_guarded,+ Local Boundary Correction,2,True,False,runs/analysis/full400_seed_robustness/raw/local_reopen_guarded/seed2.csv
59,2.0,1438001.0,1633452.0,82943224.0,59.9753,INDETERMINATE,59,0,data/test/3sat/400/3sat_151.cnf,0.0047817230224609,0.0950189999999999,0.2858777046203613,0.2906594276428222,60.36097842764282,3sat_151.cnf,local_reopen_guarded,+ Local Boundary Correction,2,False,True,runs/analysis/full400_seed_robustness/raw/local_reopen_guarded/seed2.csv
60,2.0,1495908.0,1722401.0,83880948.0,59.9694,INDETERMINATE,60,0,data/test/3sat/400/3sat_152.cnf,0.0049967765808105,0.101751,0.2801399230957031,0.2851366996765136,60.356287699676514,3sat_152.cnf,local_reopen_guarded,+ Local Boundary Correction,2,False,True,runs/analysis/full400_seed_robustness/raw/local_reopen_guarded/seed2.csv
61,2.0,1409540.0,1606791.0,79108403.0,59.9757,INDETERMINATE,61,0,data/test/3sat/400/3sat_153.cnf,0.0049967765808105,0.0933819999999999,0.2801399230957031,0.2851366996765136,60.35421869967652,3sat_153.cnf,local_reopen_guarded,+ Local Boundary Correction,2,False,True,runs/analysis/full400_seed_robustness/raw/local_reopen_guarded/seed2.csv
62,1.0,9781.0,11606.0,611335.0,0.210576,SATISFIABLE,62,0,data/test/3sat/400/3sat_154.cnf,0.0049967765808105,0.08641,0.2801399230957031,0.2851366996765136,0.5821226996765136,3sat_154.cnf,local_reopen_guarded,+ Local Boundary Correction,2,True,False,runs/analysis/full400_seed_robustness/raw/local_reopen_guarded/seed2.csv
63,2.0,1493287.0,1701262.0,83404358.0,59.9776,INDETERMINATE,63,0,data/test/3sat/400/3sat_155.cnf,0.0049967765808105,0.096149,0.2801399230957031,0.2851366996765136,60.35888569967651,3sat_155.cnf,local_reopen_guarded,+ Local Boundary Correction,2,False,True,runs/analysis/full400_seed_robustness/raw/local_reopen_guarded/seed2.csv
64,2.0,1423000.0,1623518.0,80767945.0,59.9552,INDETERMINATE,64,0,data/test/3sat/400/3sat_156.cnf,0.0049967765808105,0.086253,0.2801399230957031,0.2851366996765136,60.32658969967651,3sat_156.cnf,local_reopen_guarded,+ Local Boundary Correction,2,False,True,runs/analysis/full400_seed_robustness/raw/local_reopen_guarded/seed2.csv
65,2.0,873297.0,1013956.0,52333641.0,34.2139,SATISFIABLE,65,0,data/test/3sat/400/3sat_157.cnf,0.0049967765808105,0.094998,0.2801399230957031,0.2851366996765136,34.59403469967651,3sat_157.cnf,local_reopen_guarded,+ Local Boundary Correction,2,True,False,runs/analysis/full400_seed_robustness/raw/local_reopen_guarded/seed2.csv
66,2.0,1466994.0,1661751.0,81657538.0,59.9821,INDETERMINATE,66,0,data/test/3sat/400/3sat_158.cnf,0.0049967765808105,0.093,0.2801399230957031,0.2851366996765136,60.36023669967652,3sat_158.cnf,local_reopen_guarded,+ Local Boundary Correction,2,False,True,runs/analysis/full400_seed_robustness/raw/local_reopen_guarded/seed2.csv
67,2.0,1505377.0,1728649.0,86610518.0,59.9865,INDETERMINATE,67,0,data/test/3sat/400/3sat_159.cnf,0.0049967765808105,0.091636,0.2801399230957031,0.2851366996765136,60.363272699676514,3sat_159.cnf,local_reopen_guarded,+ Local Boundary Correction,2,False,True,runs/analysis/full400_seed_robustness/raw/local_reopen_guarded/seed2.csv
68,2.0,1544887.0,1754830.0,88675902.0,59.996,INDETERMINATE,68,0,data/test/3sat/400/3sat_16.cnf,0.0049967765808105,0.088649,0.2801399230957031,0.2851366996765136,60.36978569967651,3sat_16.cnf,local_reopen_guarded,+ Local Boundary Correction,2,False,True,runs/analysis/full400_seed_robustness/raw/local_reopen_guarded/seed2.csv
69,2.0,1491313.0,1707527.0,83229009.0,59.983,INDETERMINATE,69,0,data/test/3sat/400/3sat_160.cnf,0.0049967765808105,0.104039,0.2801399230957031,0.2851366996765136,60.37217569967651,3sat_160.cnf,local_reopen_guarded,+ Local Boundary Correction,2,False,True,runs/analysis/full400_seed_robustness/raw/local_reopen_guarded/seed2.csv
70,2.0,1546971.0,1761365.0,89485349.0,59.9878,INDETERMINATE,70,0,data/test/3sat/400/3sat_161.cnf,0.0049967765808105,0.095294,0.2918534278869629,0.2968502044677734,60.379944204467776,3sat_161.cnf,local_reopen_guarded,+ Local Boundary Correction,2,False,True,runs/analysis/full400_seed_robustness/raw/local_reopen_guarded/seed2.csv
71,2.0,1379063.0,1559544.0,77710907.0,59.9781,INDETERMINATE,71,0,data/test/3sat/400/3sat_162.cnf,0.0049967765808105,0.084817,0.2918534278869629,0.2968502044677734,60.35976720446777,3sat_162.cnf,local_reopen_guarded,+ Local Boundary Correction,2,False,True,runs/analysis/full400_seed_robustness/raw/local_reopen_guarded/seed2.csv
72,2.0,915021.0,1050086.0,53803425.0,34.2381,SATISFIABLE,72,0,data/test/3sat/400/3sat_163.cnf,0.0049967765808105,0.10033,0.2918534278869629,0.2968502044677734,34.635280204467776,3sat_163.cnf,local_reopen_guarded,+ Local Boundary Correction,2,True,False,runs/analysis/full400_seed_robustness/raw/local_reopen_guarded/seed2.csv
73,2.0,1493515.0,1713907.0,86811451.0,59.9795,INDETERMINATE,73,0,data/test/3sat/400/3sat_164.cnf,0.0049967765808105,0.092989,0.2918534278869629,0.2968502044677734,60.36933920446778,3sat_164.cnf,local_reopen_guarded,+ Local Boundary Correction,2,False,True,runs/analysis/full400_seed_robustness/raw/local_reopen_guarded/seed2.csv
74,1.0,1169.0,1491.0,77588.0,0.018993,SATISFIABLE,74,0,data/test/3sat/400/3sat_165.cnf,0.0049967765808105,0.099018,0.2918534278869629,0.2968502044677734,0.4148612044677734,3sat_165.cnf,local_reopen_guarded,+ Local Boundary Correction,2,True,False,runs/analysis/full400_seed_robustness/raw/local_reopen_guarded/seed2.csv
75,2.0,1550003.0,1771736.0,87503913.0,59.9833,INDETERMINATE,75,0,data/test/3sat/400/3sat_166.cnf,0.0049967765808105,0.107151,0.2918534278869629,0.2968502044677734,60.387301204467775,3sat_166.cnf,local_reopen_guarded,+ Local Boundary Correction,2,False,True,runs/analysis/full400_seed_robustness/raw/local_reopen_guarded/seed2.csv
76,2.0,399529.0,460797.0,23951550.0,12.5708,SATISFIABLE,76,0,data/test/3sat/400/3sat_167.cnf,0.0049967765808105,0.0837239999999999,0.2918534278869629,0.2968502044677734,12.951374204467774,3sat_167.cnf,local_reopen_guarded,+ Local Boundary Correction,2,True,False,runs/analysis/full400_seed_robustness/raw/local_reopen_guarded/seed2.csv
77,2.0,1418520.0,1603829.0,81196698.0,59.9928,INDETERMINATE,77,0,data/test/3sat/400/3sat_168.cnf,0.0049967765808105,0.092545,0.2918534278869629,0.2968502044677734,60.38219520446778,3sat_168.cnf,local_reopen_guarded,+ Local Boundary Correction,2,False,True,runs/analysis/full400_seed_robustness/raw/local_reopen_guarded/seed2.csv
78,2.0,1457812.0,1673390.0,84168336.0,59.9775,INDETERMINATE,78,0,data/test/3sat/400/3sat_169.cnf,0.0049967765808105,0.0954629999999999,0.2918534278869629,0.2968502044677734,60.369813204467775,3sat_169.cnf,local_reopen_guarded,+ Local Boundary Correction,2,False,True,runs/analysis/full400_seed_robustness/raw/local_reopen_guarded/seed2.csv
79,2.0,1363483.0,1561964.0,76675494.0,59.9947,INDETERMINATE,79,0,data/test/3sat/400/3sat_17.cnf,0.0049967765808105,0.090943,0.2918534278869629,0.2968502044677734,60.38249320446778,3sat_17.cnf,local_reopen_guarded,+ Local Boundary Correction,2,False,True,runs/analysis/full400_seed_robustness/raw/local_reopen_guarded/seed2.csv
80,2.0,1400427.0,1598239.0,77928977.0,59.9895,INDETERMINATE,80,0,data/test/3sat/400/3sat_170.cnf,0.0048551559448242,0.0897719999999999,0.3079566955566406,0.3128118515014648,60.39208385150147,3sat_170.cnf,local_reopen_guarded,+ Local Boundary Correction,2,False,True,runs/analysis/full400_seed_robustness/raw/local_reopen_guarded/seed2.csv
81,2.0,1398260.0,1593044.0,79454916.0,59.9826,INDETERMINATE,81,0,data/test/3sat/400/3sat_171.cnf,0.0048551559448242,0.08371,0.3079566955566406,0.3128118515014648,60.379121851501466,3sat_171.cnf,local_reopen_guarded,+ Local Boundary Correction,2,False,True,runs/analysis/full400_seed_robustness/raw/local_reopen_guarded/seed2.csv
82,2.0,1436776.0,1658559.0,83522518.0,59.9705,INDETERMINATE,82,0,data/test/3sat/400/3sat_172.cnf,0.0048551559448242,0.1107779999999999,0.3079566955566406,0.3128118515014648,60.39408985150147,3sat_172.cnf,local_reopen_guarded,+ Local Boundary Correction,2,False,True,runs/analysis/full400_seed_robustness/raw/local_reopen_guarded/seed2.csv
83,2.0,1433615.0,1639078.0,82274836.0,59.9757,INDETERMINATE,83,0,data/test/3sat/400/3sat_173.cnf,0.0048551559448242,0.099561,0.3079566955566406,0.3128118515014648,60.38807285150147,3sat_173.cnf,local_reopen_guarded,+ Local Boundary Correction,2,False,True,runs/analysis/full400_seed_robustness/raw/local_reopen_guarded/seed2.csv
84,2.0,1454791.0,1650972.0,81780621.0,59.9744,INDETERMINATE,84,0,data/test/3sat/400/3sat_174.cnf,0.0048551559448242,0.1019489999999999,0.3079566955566406,0.3128118515014648,60.389160851501465,3sat_174.cnf,local_reopen_guarded,+ Local Boundary Correction,2,False,True,runs/analysis/full400_seed_robustness/raw/local_reopen_guarded/seed2.csv
85,2.0,1488938.0,1697745.0,82952194.0,59.9804,INDETERMINATE,85,0,data/test/3sat/400/3sat_175.cnf,0.0048551559448242,0.100063,0.3079566955566406,0.3128118515014648,60.39327485150147,3sat_175.cnf,local_reopen_guarded,+ Local Boundary Correction,2,False,True,runs/analysis/full400_seed_robustness/raw/local_reopen_guarded/seed2.csv
86,1.0,44850.0,52377.0,2659490.0,1.46149,SATISFIABLE,86,0,data/test/3sat/400/3sat_176.cnf,0.0048551559448242,0.107407,0.3079566955566406,0.3128118515014648,1.8817088515014648,3sat_176.cnf,local_reopen_guarded,+ Local Boundary Correction,2,True,False,runs/analysis/full400_seed_robustness/raw/local_reopen_guarded/seed2.csv
87,2.0,1470004.0,1665818.0,84505205.0,59.9972,INDETERMINATE,87,0,data/test/3sat/400/3sat_177.cnf,0.0048551559448242,0.094945,0.3079566955566406,0.3128118515014648,60.40495685150147,3sat_177.cnf,local_reopen_guarded,+ Local Boundary Correction,2,False,True,runs/analysis/full400_seed_robustness/raw/local_reopen_guarded/seed2.csv
88,2.0,1540250.0,1781603.0,89261057.0,59.9872,INDETERMINATE,88,0,data/test/3sat/400/3sat_178.cnf,0.0048551559448242,0.097949,0.3079566955566406,0.3128118515014648,60.397960851501466,3sat_178.cnf,local_reopen_guarded,+ Local Boundary Correction,2,False,True,runs/analysis/full400_seed_robustness/raw/local_reopen_guarded/seed2.csv
89,2.0,1530958.0,1742759.0,87993122.0,59.9798,INDETERMINATE,89,0,data/test/3sat/400/3sat_179.cnf,0.0048551559448242,0.094261,0.3079566955566406,0.3128118515014648,60.386872851501465,3sat_179.cnf,local_reopen_guarded,+ Local Boundary Correction,2,False,True,runs/analysis/full400_seed_robustness/raw/local_reopen_guarded/seed2.csv
90,2.0,1434666.0,1639886.0,82481957.0,59.9907,INDETERMINATE,90,0,data/test/3sat/400/3sat_18.cnf,0.0044360160827636,0.096776,0.2449440956115722,0.2493801116943359,60.33685611169433,3sat_18.cnf,local_reopen_guarded,+ Local Boundary Correction,2,False,True,runs/analysis/full400_seed_robustness/raw/local_reopen_guarded/seed2.csv
91,2.0,479866.0,551097.0,28918715.0,16.57,SATISFIABLE,91,0,data/test/3sat/400/3sat_180.cnf,0.0044360160827636,0.107342,0.2449440956115722,0.2493801116943359,16.926722111694335,3sat_180.cnf,local_reopen_guarded,+ Local Boundary Correction,2,True,False,runs/analysis/full400_seed_robustness/raw/local_reopen_guarded/seed2.csv
92,1.0,52050.0,59791.0,3130772.0,1.88136,SATISFIABLE,92,0,data/test/3sat/400/3sat_181.cnf,0.0044360160827636,0.098216,0.2449440956115722,0.2493801116943359,2.228956111694336,3sat_181.cnf,local_reopen_guarded,+ Local Boundary Correction,2,True,False,runs/analysis/full400_seed_robustness/raw/local_reopen_guarded/seed2.csv
93,2.0,1504652.0,1722016.0,82344511.0,59.9895,INDETERMINATE,93,0,data/test/3sat/400/3sat_182.cnf,0.0044360160827636,0.085986,0.2449440956115722,0.2493801116943359,60.324866111694334,3sat_182.cnf,local_reopen_guarded,+ Local Boundary Correction,2,False,True,runs/analysis/full400_seed_robustness/raw/local_reopen_guarded/seed2.csv
94,2.0,1484792.0,1695757.0,83266574.0,59.9791,INDETERMINATE,94,0,data/test/3sat/400/3sat_183.cnf,0.0044360160827636,0.095151,0.2449440956115722,0.2493801116943359,60.32363111169434,3sat_183.cnf,local_reopen_guarded,+ Local Boundary Correction,2,False,True,runs/analysis/full400_seed_robustness/raw/local_reopen_guarded/seed2.csv
95,2.0,1490448.0,1697888.0,85409685.0,59.9853,INDETERMINATE,95,0,data/test/3sat/400/3sat_184.cnf,0.0044360160827636,0.085636,0.2449440956115722,0.2493801116943359,60.32031611169434,3sat_184.cnf,local_reopen_guarded,+ Local Boundary Correction,2,False,True,runs/analysis/full400_seed_robustness/raw/local_reopen_guarded/seed2.csv
96,2.0,1589018.0,1797006.0,89195752.0,59.9847,INDETERMINATE,96,0,data/test/3sat/400/3sat_185.cnf,0.0044360160827636,0.095553,0.2449440956115722,0.2493801116943359,60.329633111694335,3sat_185.cnf,local_reopen_guarded,+ Local Boundary Correction,2,False,True,runs/analysis/full400_seed_robustness/raw/local_reopen_guarded/seed2.csv
97,2.0,1383774.0,1580685.0,75573645.0,59.9714,INDETERMINATE,97,0,data/test/3sat/400/3sat_186.cnf,0.0044360160827636,0.0909529999999999,0.2449440956115722,0.2493801116943359,60.31173311169434,3sat_186.cnf,local_reopen_guarded,+ Local Boundary Correction,2,False,True,runs/analysis/full400_seed_robustness/raw/local_reopen_guarded/seed2.csv
98,2.0,1394092.0,1604742.0,78601830.0,59.9857,INDETERMINATE,98,0,data/test/3sat/400/3sat_187.cnf,0.0044360160827636,0.101592,0.2449440956115722,0.2493801116943359,60.336672111694334,3sat_187.cnf,local_reopen_guarded,+ Local Boundary Correction,2,False,True,runs/analysis/full400_seed_robustness/raw/local_reopen_guarded/seed2.csv
99,2.0,892642.0,1020150.0,51846480.0,31.5305,SATISFIABLE,99,0,data/test/3sat/400/3sat_188.cnf,0.0044360160827636,0.082458,0.2449440956115722,0.2493801116943359,31.86233811169433,3sat_188.cnf,local_reopen_guarded,+ Local Boundary Correction,2,True,False,runs/analysis/full400_seed_robustness/raw/local_reopen_guarded/seed2.csv
100,2.0,486885.0,560599.0,28846336.0,17.08,SATISFIABLE,100,0,data/test/3sat/400/3sat_189.cnf,0.0052604675292968,0.0963209999999999,0.2729125022888183,0.2781729698181152,17.454493969818113,3sat_189.cnf,local_reopen_guarded,+ Local Boundary Correction,2,True,False,runs/analysis/full400_seed_robustness/raw/local_reopen_guarded/seed2.csv
101,1.0,32619.0,37875.0,1910478.0,1.01211,SATISFIABLE,101,0,data/test/3sat/400/3sat_19.cnf,0.0052604675292968,0.098152,0.2729125022888183,0.2781729698181152,1.388434969818115,3sat_19.cnf,local_reopen_guarded,+ Local Boundary Correction,2,True,False,runs/analysis/full400_seed_robustness/raw/local_reopen_guarded/seed2.csv
102,1.0,1353.0,1762.0,87323.0,0.029819,SATISFIABLE,102,0,data/test/3sat/400/3sat_190.cnf,0.0052604675292968,0.08531,0.2729125022888183,0.2781729698181152,0.3933019698181152,3sat_190.cnf,local_reopen_guarded,+ Local Boundary Correction,2,True,False,runs/analysis/full400_seed_robustness/raw/local_reopen_guarded/seed2.csv
103,2.0,1444274.0,1660847.0,80511729.0,59.9924,INDETERMINATE,103,0,data/test/3sat/400/3sat_191.cnf,0.0052604675292968,0.089147,0.2729125022888183,0.2781729698181152,60.35971996981812,3sat_191.cnf,local_reopen_guarded,+ Local Boundary Correction,2,False,True,runs/analysis/full400_seed_robustness/raw/local_reopen_guarded/seed2.csv
104,2.0,1474262.0,1700468.0,83139069.0,59.9878,INDETERMINATE,104,0,data/test/3sat/400/3sat_192.cnf,0.0052604675292968,0.099916,0.2729125022888183,0.2781729698181152,60.36588896981812,3sat_192.cnf,local_reopen_guarded,+ Local Boundary Correction,2,False,True,runs/analysis/full400_seed_robustness/raw/local_reopen_guarded/seed2.csv
105,2.0,1416528.0,1616357.0,81912759.0,59.9654,INDETERMINATE,105,0,data/test/3sat/400/3sat_193.cnf,0.0052604675292968,0.101011,0.2729125022888183,0.2781729698181152,60.34458396981812,3sat_193.cnf,local_reopen_guarded,+ Local Boundary Correction,2,False,True,runs/analysis/full400_seed_robustness/raw/local_reopen_guarded/seed2.csv
106,2.0,1389956.0,1578160.0,79165328.0,59.9833,INDETERMINATE,106,0,data/test/3sat/400/3sat_194.cnf,0.0052604675292968,0.096332,0.2729125022888183,0.2781729698181152,60.35780496981811,3sat_194.cnf,local_reopen_guarded,+ Local Boundary Correction,2,False,True,runs/analysis/full400_seed_robustness/raw/local_reopen_guarded/seed2.csv
107,2.0,1512965.0,1726348.0,88262403.0,59.9695,INDETERMINATE,107,0,data/test/3sat/400/3sat_195.cnf,0.0052604675292968,0.090264,0.2729125022888183,0.2781729698181152,60.33793696981811,3sat_195.cnf,local_reopen_guarded,+ Local Boundary Correction,2,False,True,runs/analysis/full400_seed_robustness/raw/local_reopen_guarded/seed2.csv
108,2.0,339864.0,392433.0,20520894.0,11.4996,SATISFIABLE,108,0,data/test/3sat/400/3sat_196.cnf,0.0052604675292968,0.08602,0.2729125022888183,0.2781729698181152,11.863792969818114,3sat_196.cnf,local_reopen_guarded,+ Local Boundary Correction,2,True,False,runs/analysis/full400_seed_robustness/raw/local_reopen_guarded/seed2.csv
109,2.0,1477838.0,1685004.0,82871008.0,59.9824,INDETERMINATE,109,0,data/test/3sat/400/3sat_197.cnf,0.0052604675292968,0.098858,0.2729125022888183,0.2781729698181152,60.35943096981811,3sat_197.cnf,local_reopen_guarded,+ Local Boundary Correction,2,False,True,runs/analysis/full400_seed_robustness/raw/local_reopen_guarded/seed2.csv
110,2.0,1480660.0,1703871.0,84662853.0,59.9862,INDETERMINATE,110,0,data/test/3sat/400/3sat_198.cnf,0.0051913261413574,0.081185,0.2988154888153076,0.304006814956665,60.37139181495666,3sat_198.cnf,local_reopen_guarded,+ Local Boundary Correction,2,False,True,runs/analysis/full400_seed_robustness/raw/local_reopen_guarded/seed2.csv
111,2.0,1409700.0,1614926.0,78692132.0,59.9739,INDETERMINATE,111,0,data/test/3sat/400/3sat_199.cnf,0.0051913261413574,0.091784,0.2988154888153076,0.304006814956665,60.36969081495666,3sat_199.cnf,local_reopen_guarded,+ Local Boundary Correction,2,False,True,runs/analysis/full400_seed_robustness/raw/local_reopen_guarded/seed2.csv
112,2.0,1437353.0,1640887.0,83485763.0,59.9892,INDETERMINATE,112,0,data/test/3sat/400/3sat_2.cnf,0.0051913261413574,0.102059,0.2988154888153076,0.304006814956665,60.39526581495666,3sat_2.cnf,local_reopen_guarded,+ Local Boundary Correction,2,False,True,runs/analysis/full400_seed_robustness/raw/local_reopen_guarded/seed2.csv
113,2.0,361980.0,419239.0,21758927.0,11.8056,SATISFIABLE,113,0,data/test/3sat/400/3sat_20.cnf,0.0051913261413574,0.0962379999999999,0.2988154888153076,0.304006814956665,12.205844814956665,3sat_20.cnf,local_reopen_guarded,+ Local Boundary Correction,2,True,False,runs/analysis/full400_seed_robustness/raw/local_reopen_guarded/seed2.csv
114,2.0,1461106.0,1691360.0,85043111.0,59.9676,INDETERMINATE,114,0,data/test/3sat/400/3sat_21.cnf,0.0051913261413574,0.102579,0.2988154888153076,0.304006814956665,60.37418581495666,3sat_21.cnf,local_reopen_guarded,+ Local Boundary Correction,2,False,True,runs/analysis/full400_seed_robustness/raw/local_reopen_guarded/seed2.csv
115,1.0,43107.0,50298.0,2657822.0,1.35797,SATISFIABLE,115,0,data/test/3sat/400/3sat_22.cnf,0.0051913261413574,0.101925,0.2988154888153076,0.304006814956665,1.763901814956665,3sat_22.cnf,local_reopen_guarded,+ Local Boundary Correction,2,True,False,runs/analysis/full400_seed_robustness/raw/local_reopen_guarded/seed2.csv
116,2.0,1394365.0,1595323.0,77417436.0,59.985,INDETERMINATE,116,0,data/test/3sat/400/3sat_23.cnf,0.0051913261413574,0.081388,0.2988154888153076,0.304006814956665,60.37039481495666,3sat_23.cnf,local_reopen_guarded,+ Local Boundary Correction,2,False,True,runs/analysis/full400_seed_robustness/raw/local_reopen_guarded/seed2.csv
117,1.0,97677.0,112677.0,5872880.0,3.92806,SATISFIABLE,117,0,data/test/3sat/400/3sat_24.cnf,0.0051913261413574,0.091738,0.2988154888153076,0.304006814956665,4.323804814956665,3sat_24.cnf,local_reopen_guarded,+ Local Boundary Correction,2,True,False,runs/analysis/full400_seed_robustness/raw/local_reopen_guarded/seed2.csv
118,1.0,41249.0,47888.0,2486997.0,1.11712,SATISFIABLE,118,0,data/test/3sat/400/3sat_25.cnf,0.0051913261413574,0.100001,0.2988154888153076,0.304006814956665,1.521127814956665,3sat_25.cnf,local_reopen_guarded,+ Local Boundary Correction,2,True,False,runs/analysis/full400_seed_robustness/raw/local_reopen_guarded/seed2.csv
119,2.0,1413122.0,1613221.0,80926701.0,59.9927,INDETERMINATE,119,0,data/test/3sat/400/3sat_26.cnf,0.0051913261413574,0.106662,0.2988154888153076,0.304006814956665,60.40336881495666,3sat_26.cnf,local_reopen_guarded,+ Local Boundary Correction,2,False,True,runs/analysis/full400_seed_robustness/raw/local_reopen_guarded/seed2.csv
120,1.0,9470.0,11447.0,605518.0,0.194343,SATISFIABLE,120,0,data/test/3sat/400/3sat_27.cnf,0.0047876834869384,0.088687,0.3755116462707519,0.3802993297576904,0.6633293297576904,3sat_27.cnf,local_reopen_guarded,+ Local Boundary Correction,2,True,False,runs/analysis/full400_seed_robustness/raw/local_reopen_guarded/seed2.csv
121,2.0,1513339.0,1732205.0,85747800.0,59.9995,INDETERMINATE,121,0,data/test/3sat/400/3sat_28.cnf,0.0047876834869384,0.0934639999999999,0.3755116462707519,0.3802993297576904,60.473263329757685,3sat_28.cnf,local_reopen_guarded,+ Local Boundary Correction,2,False,True,runs/analysis/full400_seed_robustness/raw/local_reopen_guarded/seed2.csv
122,2.0,1526385.0,1739160.0,87769038.0,59.9926,INDETERMINATE,122,0,data/test/3sat/400/3sat_29.cnf,0.0047876834869384,0.104222,0.3755116462707519,0.3802993297576904,60.47712132975769,3sat_29.cnf,local_reopen_guarded,+ Local Boundary Correction,2,False,True,runs/analysis/full400_seed_robustness/raw/local_reopen_guarded/seed2.csv
123,2.0,1519659.0,1742519.0,89427317.0,59.9896,INDETERMINATE,123,0,data/test/3sat/400/3sat_3.cnf,0.0047876834869384,0.097055,0.3755116462707519,0.3802993297576904,60.46695432975769,3sat_3.cnf,local_reopen_guarded,+ Local Boundary Correction,2,False,True,runs/analysis/full400_seed_robustness/raw/local_reopen_guarded/seed2.csv
124,2.0,1409421.0,1611335.0,80175883.0,59.976,INDETERMINATE,124,0,data/test/3sat/400/3sat_30.cnf,0.0047876834869384,0.079022,0.3755116462707519,0.3802993297576904,60.43532132975769,3sat_30.cnf,local_reopen_guarded,+ Local Boundary Correction,2,False,True,runs/analysis/full400_seed_robustness/raw/local_reopen_guarded/seed2.csv
125,2.0,1392297.0,1603932.0,78466283.0,59.9855,INDETERMINATE,125,0,data/test/3sat/400/3sat_31.cnf,0.0047876834869384,0.093045,0.3755116462707519,0.3802993297576904,60.45884432975769,3sat_31.cnf,local_reopen_guarded,+ Local Boundary Correction,2,False,True,runs/analysis/full400_seed_robustness/raw/local_reopen_guarded/seed2.csv
126,2.0,1459502.0,1660178.0,81964946.0,59.977,INDETERMINATE,126,0,data/test/3sat/400/3sat_32.cnf,0.0047876834869384,0.098189,0.3755116462707519,0.3802993297576904,60.455488329757685,3sat_32.cnf,local_reopen_guarded,+ Local Boundary Correction,2,False,True,runs/analysis/full400_seed_robustness/raw/local_reopen_guarded/seed2.csv
127,2.0,1414908.0,1623264.0,80697317.0,59.977,INDETERMINATE,127,0,data/test/3sat/400/3sat_33.cnf,0.0047876834869384,0.089685,0.3755116462707519,0.3802993297576904,60.44698432975769,3sat_33.cnf,local_reopen_guarded,+ Local Boundary Correction,2,False,True,runs/analysis/full400_seed_robustness/raw/local_reopen_guarded/seed2.csv
128,2.0,1632944.0,1875557.0,93385612.0,59.9901,INDETERMINATE,128,0,data/test/3sat/400/3sat_34.cnf,0.0047876834869384,0.103173,0.3755116462707519,0.3802993297576904,60.47357232975769,3sat_34.cnf,local_reopen_guarded,+ Local Boundary Correction,2,False,True,runs/analysis/full400_seed_robustness/raw/local_reopen_guarded/seed2.csv
129,2.0,1515982.0,1740915.0,83492147.0,59.9893,INDETERMINATE,129,0,data/test/3sat/400/3sat_35.cnf,0.0047876834869384,0.088209,0.3755116462707519,0.3802993297576904,60.45780832975769,3sat_35.cnf,local_reopen_guarded,+ Local Boundary Correction,2,False,True,runs/analysis/full400_seed_robustness/raw/local_reopen_guarded/seed2.csv
130,2.0,1470881.0,1683222.0,82616659.0,59.9897,INDETERMINATE,130,0,data/test/3sat/400/3sat_36.cnf,0.0051188468933105,0.087099,0.2763891220092773,0.2815079689025879,60.35830696890259,3sat_36.cnf,local_reopen_guarded,+ Local Boundary Correction,2,False,True,runs/analysis/full400_seed_robustness/raw/local_reopen_guarded/seed2.csv
131,2.0,1521565.0,1727329.0,85569314.0,59.9936,INDETERMINATE,131,0,data/test/3sat/400/3sat_37.cnf,0.0051188468933105,0.100037,0.2763891220092773,0.2815079689025879,60.37514496890259,3sat_37.cnf,local_reopen_guarded,+ Local Boundary Correction,2,False,True,runs/analysis/full400_seed_robustness/raw/local_reopen_guarded/seed2.csv
132,2.0,1514752.0,1729147.0,86451098.0,59.9875,INDETERMINATE,132,0,data/test/3sat/400/3sat_38.cnf,0.0051188468933105,0.088518,0.2763891220092773,0.2815079689025879,60.357525968902586,3sat_38.cnf,local_reopen_guarded,+ Local Boundary Correction,2,False,True,runs/analysis/full400_seed_robustness/raw/local_reopen_guarded/seed2.csv
133,2.0,1486102.0,1709791.0,83148843.0,59.9753,INDETERMINATE,133,0,data/test/3sat/400/3sat_39.cnf,0.0051188468933105,0.093581,0.2763891220092773,0.2815079689025879,60.350388968902585,3sat_39.cnf,local_reopen_guarded,+ Local Boundary Correction,2,False,True,runs/analysis/full400_seed_robustness/raw/local_reopen_guarded/seed2.csv
134,2.0,1541066.0,1759262.0,86617926.0,59.9897,INDETERMINATE,134,0,data/test/3sat/400/3sat_4.cnf,0.0051188468933105,0.102129,0.2763891220092773,0.2815079689025879,60.373336968902585,3sat_4.cnf,local_reopen_guarded,+ Local Boundary Correction,2,False,True,runs/analysis/full400_seed_robustness/raw/local_reopen_guarded/seed2.csv
135,2.0,1530309.0,1748605.0,87079426.0,59.9915,INDETERMINATE,135,0,data/test/3sat/400/3sat_40.cnf,0.0051188468933105,0.086446,0.2763891220092773,0.2815079689025879,60.35945396890259,3sat_40.cnf,local_reopen_guarded,+ Local Boundary Correction,2,False,True,runs/analysis/full400_seed_robustness/raw/local_reopen_guarded/seed2.csv
136,2.0,1382500.0,1569739.0,76900427.0,59.9948,INDETERMINATE,136,0,data/test/3sat/400/3sat_41.cnf,0.0051188468933105,0.098933,0.2763891220092773,0.2815079689025879,60.37524096890259,3sat_41.cnf,local_reopen_guarded,+ Local Boundary Correction,2,False,True,runs/analysis/full400_seed_robustness/raw/local_reopen_guarded/seed2.csv
137,2.0,1578565.0,1793580.0,85687582.0,59.984,INDETERMINATE,137,0,data/test/3sat/400/3sat_42.cnf,0.0051188468933105,0.0873859999999999,0.2763891220092773,0.2815079689025879,60.35289396890259,3sat_42.cnf,local_reopen_guarded,+ Local Boundary Correction,2,False,True,runs/analysis/full400_seed_robustness/raw/local_reopen_guarded/seed2.csv
138,2.0,1446596.0,1644789.0,82577448.0,59.9851,INDETERMINATE,138,0,data/test/3sat/400/3sat_43.cnf,0.0051188468933105,0.078468,0.2763891220092773,0.2815079689025879,60.34507596890259,3sat_43.cnf,local_reopen_guarded,+ Local Boundary Correction,2,False,True,runs/analysis/full400_seed_robustness/raw/local_reopen_guarded/seed2.csv
139,2.0,1454895.0,1666215.0,84048399.0,59.9857,INDETERMINATE,139,0,data/test/3sat/400/3sat_44.cnf,0.0051188468933105,0.0944059999999999,0.2763891220092773,0.2815079689025879,60.36161396890259,3sat_44.cnf,local_reopen_guarded,+ Local Boundary Correction,2,False,True,runs/analysis/full400_seed_robustness/raw/local_reopen_guarded/seed2.csv
140,2.0,1514275.0,1707161.0,84528159.0,59.9864,INDETERMINATE,140,0,data/test/3sat/400/3sat_45.cnf,0.0047321319580078,0.096518,0.3079214096069336,0.3126535415649414,60.39557154156495,3sat_45.cnf,local_reopen_guarded,+ Local Boundary Correction,2,False,True,runs/analysis/full400_seed_robustness/raw/local_reopen_guarded/seed2.csv
141,1.0,9772.0,11592.0,590576.0,0.209753,SATISFIABLE,141,0,data/test/3sat/400/3sat_46.cnf,0.0047321319580078,0.0910209999999999,0.3079214096069336,0.3126535415649414,0.6134275415649414,3sat_46.cnf,local_reopen_guarded,+ Local Boundary Correction,2,True,False,runs/analysis/full400_seed_robustness/raw/local_reopen_guarded/seed2.csv
142,1.0,63966.0,73444.0,4017900.0,2.41096,SATISFIABLE,142,0,data/test/3sat/400/3sat_47.cnf,0.0047321319580078,0.103559,0.3079214096069336,0.3126535415649414,2.827172541564942,3sat_47.cnf,local_reopen_guarded,+ Local Boundary Correction,2,True,False,runs/analysis/full400_seed_robustness/raw/local_reopen_guarded/seed2.csv
143,2.0,1458032.0,1668037.0,81385796.0,59.991,INDETERMINATE,143,0,data/test/3sat/400/3sat_48.cnf,0.0047321319580078,0.093191,0.3079214096069336,0.3126535415649414,60.39684454156494,3sat_48.cnf,local_reopen_guarded,+ Local Boundary Correction,2,False,True,runs/analysis/full400_seed_robustness/raw/local_reopen_guarded/seed2.csv
144,2.0,1397031.0,1601512.0,80835286.0,59.9845,INDETERMINATE,144,0,data/test/3sat/400/3sat_49.cnf,0.0047321319580078,0.085894,0.3079214096069336,0.3126535415649414,60.38304754156494,3sat_49.cnf,local_reopen_guarded,+ Local Boundary Correction,2,False,True,runs/analysis/full400_seed_robustness/raw/local_reopen_guarded/seed2.csv
145,2.0,1389426.0,1591756.0,78626726.0,59.9469,INDETERMINATE,145,0,data/test/3sat/400/3sat_5.cnf,0.0047321319580078,0.107248,0.3079214096069336,0.3126535415649414,60.36680154156494,3sat_5.cnf,local_reopen_guarded,+ Local Boundary Correction,2,False,True,runs/analysis/full400_seed_robustness/raw/local_reopen_guarded/seed2.csv
146,2.0,1401981.0,1604023.0,80550566.0,59.9778,INDETERMINATE,146,0,data/test/3sat/400/3sat_50.cnf,0.0047321319580078,0.105705,0.3079214096069336,0.3126535415649414,60.396158541564944,3sat_50.cnf,local_reopen_guarded,+ Local Boundary Correction,2,False,True,runs/analysis/full400_seed_robustness/raw/local_reopen_guarded/seed2.csv
147,2.0,1449381.0,1658121.0,82440394.0,59.9859,INDETERMINATE,147,0,data/test/3sat/400/3sat_51.cnf,0.0047321319580078,0.092346,0.3079214096069336,0.3126535415649414,60.39089954156494,3sat_51.cnf,local_reopen_guarded,+ Local Boundary Correction,2,False,True,runs/analysis/full400_seed_robustness/raw/local_reopen_guarded/seed2.csv
148,2.0,1545352.0,1784229.0,87066175.0,59.9876,INDETERMINATE,148,0,data/test/3sat/400/3sat_52.cnf,0.0047321319580078,0.092055,0.3079214096069336,0.3126535415649414,60.392308541564944,3sat_52.cnf,local_reopen_guarded,+ Local Boundary Correction,2,False,True,runs/analysis/full400_seed_robustness/raw/local_reopen_guarded/seed2.csv
149,2.0,1390139.0,1585833.0,75570911.0,59.9764,INDETERMINATE,149,0,data/test/3sat/400/3sat_53.cnf,0.0047321319580078,0.0895789999999999,0.3079214096069336,0.3126535415649414,60.37863254156494,3sat_53.cnf,local_reopen_guarded,+ Local Boundary Correction,2,False,True,runs/analysis/full400_seed_robustness/raw/local_reopen_guarded/seed2.csv
150,2.0,612353.0,699215.0,35959808.0,22.17,SATISFIABLE,150,0,data/test/3sat/400/3sat_54.cnf,0.0055644512176513,0.080657,0.2609052658081054,0.2664697170257568,22.51712671702576,3sat_54.cnf,local_reopen_guarded,+ Local Boundary Correction,2,True,False,runs/analysis/full400_seed_robustness/raw/local_reopen_guarded/seed2.csv
151,2.0,1492933.0,1703072.0,84223992.0,59.9718,INDETERMINATE,151,0,data/test/3sat/400/3sat_55.cnf,0.0055644512176513,0.093725,0.2609052658081054,0.2664697170257568,60.33199471702576,3sat_55.cnf,local_reopen_guarded,+ Local Boundary Correction,2,False,True,runs/analysis/full400_seed_robustness/raw/local_reopen_guarded/seed2.csv
152,2.0,1373572.0,1551171.0,78561544.0,59.9768,INDETERMINATE,152,0,data/test/3sat/400/3sat_56.cnf,0.0055644512176513,0.099188,0.2609052658081054,0.2664697170257568,60.34245771702575,3sat_56.cnf,local_reopen_guarded,+ Local Boundary Correction,2,False,True,runs/analysis/full400_seed_robustness/raw/local_reopen_guarded/seed2.csv
153,2.0,1430126.0,1625755.0,80107346.0,59.979,INDETERMINATE,153,0,data/test/3sat/400/3sat_57.cnf,0.0055644512176513,0.1013459999999999,0.2609052658081054,0.2664697170257568,60.34681571702576,3sat_57.cnf,local_reopen_guarded,+ Local Boundary Correction,2,False,True,runs/analysis/full400_seed_robustness/raw/local_reopen_guarded/seed2.csv
154,2.0,1500704.0,1712214.0,89059951.0,59.984,INDETERMINATE,154,0,data/test/3sat/400/3sat_58.cnf,0.0055644512176513,0.1070869999999999,0.2609052658081054,0.2664697170257568,60.35755671702576,3sat_58.cnf,local_reopen_guarded,+ Local Boundary Correction,2,False,True,runs/analysis/full400_seed_robustness/raw/local_reopen_guarded/seed2.csv
155,2.0,1465332.0,1678833.0,82538994.0,59.9886,INDETERMINATE,155,0,data/test/3sat/400/3sat_59.cnf,0.0055644512176513,0.097029,0.2609052658081054,0.2664697170257568,60.35209871702576,3sat_59.cnf,local_reopen_guarded,+ Local Boundary Correction,2,False,True,runs/analysis/full400_seed_robustness/raw/local_reopen_guarded/seed2.csv
156,2.0,1454212.0,1649656.0,81355925.0,59.9878,INDETERMINATE,156,0,data/test/3sat/400/3sat_6.cnf,0.0055644512176513,0.096031,0.2609052658081054,0.2664697170257568,60.35030071702576,3sat_6.cnf,local_reopen_guarded,+ Local Boundary Correction,2,False,True,runs/analysis/full400_seed_robustness/raw/local_reopen_guarded/seed2.csv
157,2.0,1375159.0,1565445.0,79109900.0,59.9836,INDETERMINATE,157,0,data/test/3sat/400/3sat_60.cnf,0.0055644512176513,0.0985299999999999,0.2609052658081054,0.2664697170257568,60.34859971702576,3sat_60.cnf,local_reopen_guarded,+ Local Boundary Correction,2,False,True,runs/analysis/full400_seed_robustness/raw/local_reopen_guarded/seed2.csv
158,2.0,1377463.0,1557103.0,77522300.0,59.9746,INDETERMINATE,158,0,data/test/3sat/400/3sat_61.cnf,0.0055644512176513,0.095162,0.2609052658081054,0.2664697170257568,60.33623171702576,3sat_61.cnf,local_reopen_guarded,+ Local Boundary Correction,2,False,True,runs/analysis/full400_seed_robustness/raw/local_reopen_guarded/seed2.csv
159,2.0,1484924.0,1684151.0,85652262.0,59.9751,INDETERMINATE,159,0,data/test/3sat/400/3sat_62.cnf,0.0055644512176513,0.084954,0.2609052658081054,0.2664697170257568,60.32652371702576,3sat_62.cnf,local_reopen_guarded,+ Local Boundary Correction,2,False,True,runs/analysis/full400_seed_robustness/raw/local_reopen_guarded/seed2.csv
160,2.0,138136.0,157894.0,8130882.0,5.1783,SATISFIABLE,160,0,data/test/3sat/400/3sat_63.cnf,0.0048820972442626,0.090049,0.2642314434051513,0.269113540649414,5.537462540649414,3sat_63.cnf,local_reopen_guarded,+ Local Boundary Correction,2,True,False,runs/analysis/full400_seed_robustness/raw/local_reopen_guarded/seed2.csv
161,2.0,1461911.0,1654356.0,81584376.0,59.9654,INDETERMINATE,161,0,data/test/3sat/400/3sat_64.cnf,0.0048820972442626,0.0934749999999999,0.2642314434051513,0.269113540649414,60.327988540649415,3sat_64.cnf,local_reopen_guarded,+ Local Boundary Correction,2,False,True,runs/analysis/full400_seed_robustness/raw/local_reopen_guarded/seed2.csv
162,1.0,224.0,339.0,14565.0,0.006298,SATISFIABLE,162,0,data/test/3sat/400/3sat_65.cnf,0.0048820972442626,0.046548,0.2642314434051513,0.269113540649414,0.321959540649414,3sat_65.cnf,local_reopen_guarded,+ Local Boundary Correction,2,True,False,runs/analysis/full400_seed_robustness/raw/local_reopen_guarded/seed2.csv
163,2.0,1371936.0,1574615.0,78468646.0,59.9736,INDETERMINATE,163,0,data/test/3sat/400/3sat_66.cnf,0.0048820972442626,0.093012,0.2642314434051513,0.269113540649414,60.33572554064941,3sat_66.cnf,local_reopen_guarded,+ Local Boundary Correction,2,False,True,runs/analysis/full400_seed_robustness/raw/local_reopen_guarded/seed2.csv
164,2.0,1459476.0,1668998.0,84197088.0,59.9763,INDETERMINATE,164,0,data/test/3sat/400/3sat_67.cnf,0.0048820972442626,0.104289,0.2642314434051513,0.269113540649414,60.34970254064942,3sat_67.cnf,local_reopen_guarded,+ Local Boundary Correction,2,False,True,runs/analysis/full400_seed_robustness/raw/local_reopen_guarded/seed2.csv
165,2.0,1369595.0,1567247.0,77043876.0,59.9829,INDETERMINATE,165,0,data/test/3sat/400/3sat_68.cnf,0.0048820972442626,0.090535,0.2642314434051513,0.269113540649414,60.34254854064942,3sat_68.cnf,local_reopen_guarded,+ Local Boundary Correction,2,False,True,runs/analysis/full400_seed_robustness/raw/local_reopen_guarded/seed2.csv
166,2.0,1457662.0,1671083.0,86832461.0,59.9789,INDETERMINATE,166,0,data/test/3sat/400/3sat_69.cnf,0.0048820972442626,0.104674,0.2642314434051513,0.269113540649414,60.35268754064942,3sat_69.cnf,local_reopen_guarded,+ Local Boundary Correction,2,False,True,runs/analysis/full400_seed_robustness/raw/local_reopen_guarded/seed2.csv
167,2.0,1494697.0,1687168.0,82764154.0,59.9749,INDETERMINATE,167,0,data/test/3sat/400/3sat_7.cnf,0.0048820972442626,0.081064,0.2642314434051513,0.269113540649414,60.32507754064941,3sat_7.cnf,local_reopen_guarded,+ Local Boundary Correction,2,False,True,runs/analysis/full400_seed_robustness/raw/local_reopen_guarded/seed2.csv
168,1.0,2512.0,3124.0,152890.0,0.042009,SATISFIABLE,168,0,data/test/3sat/400/3sat_70.cnf,0.0048820972442626,0.086128,0.2642314434051513,0.269113540649414,0.397250540649414,3sat_70.cnf,local_reopen_guarded,+ Local Boundary Correction,2,True,False,runs/analysis/full400_seed_robustness/raw/local_reopen_guarded/seed2.csv
169,2.0,1446583.0,1655836.0,82473632.0,59.9777,INDETERMINATE,169,0,data/test/3sat/400/3sat_71.cnf,0.0048820972442626,0.092675,0.2642314434051513,0.269113540649414,60.33948854064941,3sat_71.cnf,local_reopen_guarded,+ Local Boundary Correction,2,False,True,runs/analysis/full400_seed_robustness/raw/local_reopen_guarded/seed2.csv
170,2.0,1452201.0,1661786.0,81717451.0,59.9816,INDETERMINATE,170,0,data/test/3sat/400/3sat_72.cnf,0.0048766136169433,0.0814749999999999,0.2487049102783203,0.2535815238952636,60.31665652389526,3sat_72.cnf,local_reopen_guarded,+ Local Boundary Correction,2,False,True,runs/analysis/full400_seed_robustness/raw/local_reopen_guarded/seed2.csv
171,2.0,1469257.0,1674620.0,84124651.0,59.9652,INDETERMINATE,171,0,data/test/3sat/400/3sat_73.cnf,0.0048766136169433,0.102636,0.2487049102783203,0.2535815238952636,60.32141752389526,3sat_73.cnf,local_reopen_guarded,+ Local Boundary Correction,2,False,True,runs/analysis/full400_seed_robustness/raw/local_reopen_guarded/seed2.csv
172,2.0,1428807.0,1645076.0,80408277.0,59.9831,INDETERMINATE,172,0,data/test/3sat/400/3sat_74.cnf,0.0048766136169433,0.093109,0.2487049102783203,0.2535815238952636,60.32979052389526,3sat_74.cnf,local_reopen_guarded,+ Local Boundary Correction,2,False,True,runs/analysis/full400_seed_robustness/raw/local_reopen_guarded/seed2.csv
173,2.0,1357168.0,1548661.0,74374535.0,59.9892,INDETERMINATE,173,0,data/test/3sat/400/3sat_75.cnf,0.0048766136169433,0.0919619999999999,0.2487049102783203,0.2535815238952636,60.33474352389526,3sat_75.cnf,local_reopen_guarded,+ Local Boundary Correction,2,False,True,runs/analysis/full400_seed_robustness/raw/local_reopen_guarded/seed2.csv
174,2.0,1446507.0,1645723.0,84351693.0,59.9898,INDETERMINATE,174,0,data/test/3sat/400/3sat_76.cnf,0.0048766136169433,0.1039259999999999,0.2487049102783203,0.2535815238952636,60.34730752389527,3sat_76.cnf,local_reopen_guarded,+ Local Boundary Correction,2,False,True,runs/analysis/full400_seed_robustness/raw/local_reopen_guarded/seed2.csv
175,2.0,1454013.0,1658677.0,81672988.0,59.9867,INDETERMINATE,175,0,data/test/3sat/400/3sat_77.cnf,0.0048766136169433,0.076239,0.2487049102783203,0.2535815238952636,60.316520523895264,3sat_77.cnf,local_reopen_guarded,+ Local Boundary Correction,2,False,True,runs/analysis/full400_seed_robustness/raw/local_reopen_guarded/seed2.csv
176,2.0,1470298.0,1674817.0,80670378.0,59.9793,INDETERMINATE,176,0,data/test/3sat/400/3sat_78.cnf,0.0048766136169433,0.091836,0.2487049102783203,0.2535815238952636,60.32471752389527,3sat_78.cnf,local_reopen_guarded,+ Local Boundary Correction,2,False,True,runs/analysis/full400_seed_robustness/raw/local_reopen_guarded/seed2.csv
177,2.0,1426668.0,1631111.0,78362669.0,59.9873,INDETERMINATE,177,0,data/test/3sat/400/3sat_79.cnf,0.0048766136169433,0.097156,0.2487049102783203,0.2535815238952636,60.33803752389526,3sat_79.cnf,local_reopen_guarded,+ Local Boundary Correction,2,False,True,runs/analysis/full400_seed_robustness/raw/local_reopen_guarded/seed2.csv
178,2.0,1454453.0,1652949.0,84121472.0,59.9702,INDETERMINATE,178,0,data/test/3sat/400/3sat_8.cnf,0.0048766136169433,0.093915,0.2487049102783203,0.2535815238952636,60.31769652389527,3sat_8.cnf,local_reopen_guarded,+ Local Boundary Correction,2,False,True,runs/analysis/full400_seed_robustness/raw/local_reopen_guarded/seed2.csv
179,2.0,1461391.0,1684745.0,84333748.0,59.9777,INDETERMINATE,179,0,data/test/3sat/400/3sat_80.cnf,0.0048766136169433,0.089448,0.2487049102783203,0.2535815238952636,60.32072952389526,3sat_80.cnf,local_reopen_guarded,+ Local Boundary Correction,2,False,True,runs/analysis/full400_seed_robustness/raw/local_reopen_guarded/seed2.csv
180,2.0,1429180.0,1616667.0,79836377.0,59.9657,INDETERMINATE,180,0,data/test/3sat/400/3sat_81.cnf,0.0042116641998291,0.106865,0.2626876831054687,0.2668993473052978,60.339464347305295,3sat_81.cnf,local_reopen_guarded,+ Local Boundary Correction,2,False,True,runs/analysis/full400_seed_robustness/raw/local_reopen_guarded/seed2.csv
181,2.0,723843.0,829611.0,42069078.0,25.3335,SATISFIABLE,181,0,data/test/3sat/400/3sat_82.cnf,0.0042116641998291,0.099119,0.2626876831054687,0.2668993473052978,25.6995183473053,3sat_82.cnf,local_reopen_guarded,+ Local Boundary Correction,2,True,False,runs/analysis/full400_seed_robustness/raw/local_reopen_guarded/seed2.csv
182,2.0,1450744.0,1654595.0,81191524.0,60.0003,INDETERMINATE,182,0,data/test/3sat/400/3sat_83.cnf,0.0042116641998291,0.086703,0.2626876831054687,0.2668993473052978,60.3539023473053,3sat_83.cnf,local_reopen_guarded,+ Local Boundary Correction,2,False,True,runs/analysis/full400_seed_robustness/raw/local_reopen_guarded/seed2.csv
183,2.0,1322196.0,1513074.0,75674579.0,59.9826,INDETERMINATE,183,0,data/test/3sat/400/3sat_84.cnf,0.0042116641998291,0.088021,0.2626876831054687,0.2668993473052978,60.33752034730529,3sat_84.cnf,local_reopen_guarded,+ Local Boundary Correction,2,False,True,runs/analysis/full400_seed_robustness/raw/local_reopen_guarded/seed2.csv
184,1.0,27518.0,32278.0,1663386.0,0.791805,SATISFIABLE,184,0,data/test/3sat/400/3sat_85.cnf,0.0042116641998291,0.110507,0.2626876831054687,0.2668993473052978,1.169211347305298,3sat_85.cnf,local_reopen_guarded,+ Local Boundary Correction,2,True,False,runs/analysis/full400_seed_robustness/raw/local_reopen_guarded/seed2.csv
185,1.0,91912.0,107188.0,5690281.0,3.77638,SATISFIABLE,185,0,data/test/3sat/400/3sat_86.cnf,0.0042116641998291,0.088379,0.2626876831054687,0.2668993473052978,4.131658347305298,3sat_86.cnf,local_reopen_guarded,+ Local Boundary Correction,2,True,False,runs/analysis/full400_seed_robustness/raw/local_reopen_guarded/seed2.csv
186,2.0,1366601.0,1561300.0,77930710.0,59.9648,INDETERMINATE,186,0,data/test/3sat/400/3sat_87.cnf,0.0042116641998291,0.099685,0.2626876831054687,0.2668993473052978,60.331384347305296,3sat_87.cnf,local_reopen_guarded,+ Local Boundary Correction,2,False,True,runs/analysis/full400_seed_robustness/raw/local_reopen_guarded/seed2.csv
187,1.0,10969.0,13071.0,671709.0,0.240358,SATISFIABLE,187,0,data/test/3sat/400/3sat_88.cnf,0.0042116641998291,0.088682,0.2626876831054687,0.2668993473052978,0.5959393473052979,3sat_88.cnf,local_reopen_guarded,+ Local Boundary Correction,2,True,False,runs/analysis/full400_seed_robustness/raw/local_reopen_guarded/seed2.csv
188,1.0,8641.0,10334.0,538222.0,0.178924,SATISFIABLE,188,0,data/test/3sat/400/3sat_89.cnf,0.0042116641998291,0.0964349999999999,0.2626876831054687,0.2668993473052978,0.5422583473052979,3sat_89.cnf,local_reopen_guarded,+ Local Boundary Correction,2,True,False,runs/analysis/full400_seed_robustness/raw/local_reopen_guarded/seed2.csv
189,2.0,1503690.0,1712457.0,86487893.0,59.9988,INDETERMINATE,189,0,data/test/3sat/400/3sat_9.cnf,0.0042116641998291,0.094203,0.2626876831054687,0.2668993473052978,60.3599023473053,3sat_9.cnf,local_reopen_guarded,+ Local Boundary Correction,2,False,True,runs/analysis/full400_seed_robustness/raw/local_reopen_guarded/seed2.csv
190,2.0,1422614.0,1633390.0,83319232.0,59.9619,INDETERMINATE,190,0,data/test/3sat/400/3sat_90.cnf,0.0048425197601318,0.098977,0.2416925430297851,0.246535062789917,60.30741206278992,3sat_90.cnf,local_reopen_guarded,+ Local Boundary Correction,2,False,True,runs/analysis/full400_seed_robustness/raw/local_reopen_guarded/seed2.csv
191,1.0,41.0,125.0,3065.0,0.002216,SATISFIABLE,191,0,data/test/3sat/400/3sat_91.cnf,0.0048425197601318,0.09745,0.2416925430297851,0.246535062789917,0.346201062789917,3sat_91.cnf,local_reopen_guarded,+ Local Boundary Correction,2,True,False,runs/analysis/full400_seed_robustness/raw/local_reopen_guarded/seed2.csv
192,1.0,84619.0,96791.0,5278901.0,3.53287,SATISFIABLE,192,0,data/test/3sat/400/3sat_92.cnf,0.0048425197601318,0.091801,0.2416925430297851,0.246535062789917,3.8712060627899167,3sat_92.cnf,local_reopen_guarded,+ Local Boundary Correction,2,True,False,runs/analysis/full400_seed_robustness/raw/local_reopen_guarded/seed2.csv
193,2.0,621792.0,720709.0,37565651.0,23.0786,SATISFIABLE,193,0,data/test/3sat/400/3sat_93.cnf,0.0048425197601318,0.102028,0.2416925430297851,0.246535062789917,23.42716306278992,3sat_93.cnf,local_reopen_guarded,+ Local Boundary Correction,2,True,False,runs/analysis/full400_seed_robustness/raw/local_reopen_guarded/seed2.csv
194,1.0,53988.0,62131.0,3367378.0,1.8033,SATISFIABLE,194,0,data/test/3sat/400/3sat_94.cnf,0.0048425197601318,0.09986,0.2416925430297851,0.246535062789917,2.1496950627899167,3sat_94.cnf,local_reopen_guarded,+ Local Boundary Correction,2,True,False,runs/analysis/full400_seed_robustness/raw/local_reopen_guarded/seed2.csv
195,2.0,1418484.0,1615318.0,79466904.0,59.9925,INDETERMINATE,195,0,data/test/3sat/400/3sat_95.cnf,0.0048425197601318,0.104046,0.2416925430297851,0.246535062789917,60.34308106278991,3sat_95.cnf,local_reopen_guarded,+ Local Boundary Correction,2,False,True,runs/analysis/full400_seed_robustness/raw/local_reopen_guarded/seed2.csv
196,1.0,3109.0,3849.0,199282.0,0.063569,SATISFIABLE,196,0,data/test/3sat/400/3sat_96.cnf,0.0048425197601318,0.1089089999999999,0.2416925430297851,0.246535062789917,0.419013062789917,3sat_96.cnf,local_reopen_guarded,+ Local Boundary Correction,2,True,False,runs/analysis/full400_seed_robustness/raw/local_reopen_guarded/seed2.csv
197,2.0,425291.0,491074.0,25526527.0,14.1658,SATISFIABLE,197,0,data/test/3sat/400/3sat_97.cnf,0.0048425197601318,0.103393,0.2416925430297851,0.246535062789917,14.515728062789918,3sat_97.cnf,local_reopen_guarded,+ Local Boundary Correction,2,True,False,runs/analysis/full400_seed_robustness/raw/local_reopen_guarded/seed2.csv
198,2.0,1511903.0,1713143.0,85173069.0,59.9687,INDETERMINATE,198,0,data/test/3sat/400/3sat_98.cnf,0.0048425197601318,0.104237,0.2416925430297851,0.246535062789917,60.31947206278991,3sat_98.cnf,local_reopen_guarded,+ Local Boundary Correction,2,False,True,runs/analysis/full400_seed_robustness/raw/local_reopen_guarded/seed2.csv
199,2.0,1475669.0,1684273.0,81452982.0,59.9906,INDETERMINATE,199,0,data/test/3sat/400/3sat_99.cnf,0.0048425197601318,0.0956569999999999,0.2416925430297851,0.246535062789917,60.33279206278992,3sat_99.cnf,local_reopen_guarded,+ Local Boundary Correction,2,False,True,runs/analysis/full400_seed_robustness/raw/local_reopen_guarded/seed2.csv
0,2.0,1455329.0,1660864.0,81116165.0,59.9815,INDETERMINATE,0,0,data/test/3sat/400/3sat_0.cnf,0.3171875476837158,0.0,0.0,0.3171875476837158,60.29868754768371,3sat_0.cnf,one_shot,One-shot,3,False,True,runs/analysis/full400_seed_robustness/raw/one_shot/seed3.csv
1,1.0,73715.0,85712.0,4316774.0,2.85384,SATISFIABLE,1,0,data/test/3sat/400/3sat_1.cnf,0.3171875476837158,0.0,0.0,0.3171875476837158,3.171027547683716,3sat_1.cnf,one_shot,One-shot,3,True,False,runs/analysis/full400_seed_robustness/raw/one_shot/seed3.csv
2,2.0,1521246.0,1736836.0,85828493.0,59.9742,INDETERMINATE,2,0,data/test/3sat/400/3sat_10.cnf,0.3171875476837158,0.0,0.0,0.3171875476837158,60.29138754768372,3sat_10.cnf,one_shot,One-shot,3,False,True,runs/analysis/full400_seed_robustness/raw/one_shot/seed3.csv
3,1.0,3392.0,4166.0,213902.0,0.063538,SATISFIABLE,3,0,data/test/3sat/400/3sat_100.cnf,0.3171875476837158,0.0,0.0,0.3171875476837158,0.3807255476837158,3sat_100.cnf,one_shot,One-shot,3,True,False,runs/analysis/full400_seed_robustness/raw/one_shot/seed3.csv
4,2.0,1456000.0,1663873.0,81784486.0,59.9655,INDETERMINATE,4,0,data/test/3sat/400/3sat_101.cnf,0.3171875476837158,0.0,0.0,0.3171875476837158,60.28268754768372,3sat_101.cnf,one_shot,One-shot,3,False,True,runs/analysis/full400_seed_robustness/raw/one_shot/seed3.csv
5,2.0,1492001.0,1726008.0,85315676.0,59.9617,INDETERMINATE,5,0,data/test/3sat/400/3sat_102.cnf,0.3171875476837158,0.0,0.0,0.3171875476837158,60.27888754768372,3sat_102.cnf,one_shot,One-shot,3,False,True,runs/analysis/full400_seed_robustness/raw/one_shot/seed3.csv
6,2.0,1503918.0,1728846.0,85453333.0,59.9804,INDETERMINATE,6,0,data/test/3sat/400/3sat_103.cnf,0.3171875476837158,0.0,0.0,0.3171875476837158,60.29758754768372,3sat_103.cnf,one_shot,One-shot,3,False,True,runs/analysis/full400_seed_robustness/raw/one_shot/seed3.csv
7,2.0,1462874.0,1671227.0,81322625.0,59.9795,INDETERMINATE,7,0,data/test/3sat/400/3sat_104.cnf,0.3171875476837158,0.0,0.0,0.3171875476837158,60.29668754768372,3sat_104.cnf,one_shot,One-shot,3,False,True,runs/analysis/full400_seed_robustness/raw/one_shot/seed3.csv
8,2.0,1529186.0,1739748.0,87500942.0,59.981,INDETERMINATE,8,0,data/test/3sat/400/3sat_105.cnf,0.3171875476837158,0.0,0.0,0.3171875476837158,60.29818754768372,3sat_105.cnf,one_shot,One-shot,3,False,True,runs/analysis/full400_seed_robustness/raw/one_shot/seed3.csv
9,2.0,1429648.0,1634844.0,79662130.0,59.9603,INDETERMINATE,9,0,data/test/3sat/400/3sat_106.cnf,0.3171875476837158,0.0,0.0,0.3171875476837158,60.27748754768371,3sat_106.cnf,one_shot,One-shot,3,False,True,runs/analysis/full400_seed_robustness/raw/one_shot/seed3.csv
10,2.0,1384155.0,1590380.0,78943774.0,59.9817,INDETERMINATE,10,0,data/test/3sat/400/3sat_107.cnf,0.3535244464874267,0.0,0.0,0.3535244464874267,60.33522444648742,3sat_107.cnf,one_shot,One-shot,3,False,True,runs/analysis/full400_seed_robustness/raw/one_shot/seed3.csv
11,2.0,1474405.0,1698348.0,82567742.0,59.9873,INDETERMINATE,11,0,data/test/3sat/400/3sat_108.cnf,0.3535244464874267,0.0,0.0,0.3535244464874267,60.340824446487424,3sat_108.cnf,one_shot,One-shot,3,False,True,runs/analysis/full400_seed_robustness/raw/one_shot/seed3.csv
12,2.0,1528910.0,1751879.0,85650189.0,59.9873,INDETERMINATE,12,0,data/test/3sat/400/3sat_109.cnf,0.3535244464874267,0.0,0.0,0.3535244464874267,60.340824446487424,3sat_109.cnf,one_shot,One-shot,3,False,True,runs/analysis/full400_seed_robustness/raw/one_shot/seed3.csv
13,1.0,40661.0,47692.0,2496556.0,1.37723,SATISFIABLE,13,0,data/test/3sat/400/3sat_11.cnf,0.3535244464874267,0.0,0.0,0.3535244464874267,1.7307544464874267,3sat_11.cnf,one_shot,One-shot,3,True,False,runs/analysis/full400_seed_robustness/raw/one_shot/seed3.csv
14,2.0,1478325.0,1696679.0,85490518.0,59.9577,INDETERMINATE,14,0,data/test/3sat/400/3sat_110.cnf,0.3535244464874267,0.0,0.0,0.3535244464874267,60.31122444648743,3sat_110.cnf,one_shot,One-shot,3,False,True,runs/analysis/full400_seed_robustness/raw/one_shot/seed3.csv
15,2.0,1460000.0,1674860.0,85241793.0,59.9793,INDETERMINATE,15,0,data/test/3sat/400/3sat_111.cnf,0.3535244464874267,0.0,0.0,0.3535244464874267,60.33282444648743,3sat_111.cnf,one_shot,One-shot,3,False,True,runs/analysis/full400_seed_robustness/raw/one_shot/seed3.csv
16,2.0,1500570.0,1705637.0,86751475.0,59.9739,INDETERMINATE,16,0,data/test/3sat/400/3sat_112.cnf,0.3535244464874267,0.0,0.0,0.3535244464874267,60.32742444648743,3sat_112.cnf,one_shot,One-shot,3,False,True,runs/analysis/full400_seed_robustness/raw/one_shot/seed3.csv
17,2.0,1399205.0,1587695.0,80256455.0,59.9807,INDETERMINATE,17,0,data/test/3sat/400/3sat_113.cnf,0.3535244464874267,0.0,0.0,0.3535244464874267,60.33422444648743,3sat_113.cnf,one_shot,One-shot,3,False,True,runs/analysis/full400_seed_robustness/raw/one_shot/seed3.csv
18,2.0,1450881.0,1666113.0,82087415.0,59.9764,INDETERMINATE,18,0,data/test/3sat/400/3sat_114.cnf,0.3535244464874267,0.0,0.0,0.3535244464874267,60.32992444648743,3sat_114.cnf,one_shot,One-shot,3,False,True,runs/analysis/full400_seed_robustness/raw/one_shot/seed3.csv
19,2.0,1389123.0,1586142.0,78488939.0,59.9907,INDETERMINATE,19,0,data/test/3sat/400/3sat_115.cnf,0.3535244464874267,0.0,0.0,0.3535244464874267,60.344224446487424,3sat_115.cnf,one_shot,One-shot,3,False,True,runs/analysis/full400_seed_robustness/raw/one_shot/seed3.csv
20,2.0,1480529.0,1685179.0,82659555.0,59.9749,INDETERMINATE,20,0,data/test/3sat/400/3sat_116.cnf,0.3739271163940429,0.0,0.0,0.3739271163940429,60.34882711639404,3sat_116.cnf,one_shot,One-shot,3,False,True,runs/analysis/full400_seed_robustness/raw/one_shot/seed3.csv
21,2.0,1469021.0,1681607.0,82055340.0,59.9879,INDETERMINATE,21,0,data/test/3sat/400/3sat_117.cnf,0.3739271163940429,0.0,0.0,0.3739271163940429,60.361827116394046,3sat_117.cnf,one_shot,One-shot,3,False,True,runs/analysis/full400_seed_robustness/raw/one_shot/seed3.csv
22,2.0,1453635.0,1661781.0,81812875.0,59.961,INDETERMINATE,22,0,data/test/3sat/400/3sat_118.cnf,0.3739271163940429,0.0,0.0,0.3739271163940429,60.33492711639404,3sat_118.cnf,one_shot,One-shot,3,False,True,runs/analysis/full400_seed_robustness/raw/one_shot/seed3.csv
23,2.0,1507626.0,1724027.0,83438219.0,59.9857,INDETERMINATE,23,0,data/test/3sat/400/3sat_119.cnf,0.3739271163940429,0.0,0.0,0.3739271163940429,60.35962711639405,3sat_119.cnf,one_shot,One-shot,3,False,True,runs/analysis/full400_seed_robustness/raw/one_shot/seed3.csv
24,2.0,1439394.0,1646155.0,80849442.0,59.9676,INDETERMINATE,24,0,data/test/3sat/400/3sat_12.cnf,0.3739271163940429,0.0,0.0,0.3739271163940429,60.34152711639404,3sat_12.cnf,one_shot,One-shot,3,False,True,runs/analysis/full400_seed_robustness/raw/one_shot/seed3.csv
25,1.0,75813.0,87762.0,4687360.0,3.09677,SATISFIABLE,25,0,data/test/3sat/400/3sat_120.cnf,0.3739271163940429,0.0,0.0,0.3739271163940429,3.4706971163940428,3sat_120.cnf,one_shot,One-shot,3,True,False,runs/analysis/full400_seed_robustness/raw/one_shot/seed3.csv
26,1.0,47329.0,54623.0,2823769.0,1.39819,SATISFIABLE,26,0,data/test/3sat/400/3sat_121.cnf,0.3739271163940429,0.0,0.0,0.3739271163940429,1.772117116394043,3sat_121.cnf,one_shot,One-shot,3,True,False,runs/analysis/full400_seed_robustness/raw/one_shot/seed3.csv
27,2.0,1514729.0,1732825.0,86586049.0,59.9887,INDETERMINATE,27,0,data/test/3sat/400/3sat_122.cnf,0.3739271163940429,0.0,0.0,0.3739271163940429,60.36262711639405,3sat_122.cnf,one_shot,One-shot,3,False,True,runs/analysis/full400_seed_robustness/raw/one_shot/seed3.csv
28,2.0,1486524.0,1691169.0,84692276.0,59.9779,INDETERMINATE,28,0,data/test/3sat/400/3sat_123.cnf,0.3739271163940429,0.0,0.0,0.3739271163940429,60.35182711639404,3sat_123.cnf,one_shot,One-shot,3,False,True,runs/analysis/full400_seed_robustness/raw/one_shot/seed3.csv
29,1.0,654.0,900.0,43163.0,0.01593,SATISFIABLE,29,0,data/test/3sat/400/3sat_124.cnf,0.3739271163940429,0.0,0.0,0.3739271163940429,0.3898571163940429,3sat_124.cnf,one_shot,One-shot,3,True,False,runs/analysis/full400_seed_robustness/raw/one_shot/seed3.csv
30,1.0,87018.0,101016.0,5296049.0,3.10003,SATISFIABLE,30,0,data/test/3sat/400/3sat_125.cnf,0.3416781425476074,0.0,0.0,0.3416781425476074,3.4417081425476077,3sat_125.cnf,one_shot,One-shot,3,True,False,runs/analysis/full400_seed_robustness/raw/one_shot/seed3.csv
31,2.0,1485117.0,1698137.0,85139931.0,59.9791,INDETERMINATE,31,0,data/test/3sat/400/3sat_126.cnf,0.3416781425476074,0.0,0.0,0.3416781425476074,60.32077814254761,3sat_126.cnf,one_shot,One-shot,3,False,True,runs/analysis/full400_seed_robustness/raw/one_shot/seed3.csv
32,2.0,1421667.0,1645784.0,83279608.0,59.9823,INDETERMINATE,32,0,data/test/3sat/400/3sat_127.cnf,0.3416781425476074,0.0,0.0,0.3416781425476074,60.32397814254761,3sat_127.cnf,one_shot,One-shot,3,False,True,runs/analysis/full400_seed_robustness/raw/one_shot/seed3.csv
33,2.0,972401.0,1117185.0,56912346.0,34.8454,SATISFIABLE,33,0,data/test/3sat/400/3sat_128.cnf,0.3416781425476074,0.0,0.0,0.3416781425476074,35.187078142547605,3sat_128.cnf,one_shot,One-shot,3,True,False,runs/analysis/full400_seed_robustness/raw/one_shot/seed3.csv
34,1.0,28034.0,33114.0,1750425.0,0.802398,SATISFIABLE,34,0,data/test/3sat/400/3sat_129.cnf,0.3416781425476074,0.0,0.0,0.3416781425476074,1.1440761425476074,3sat_129.cnf,one_shot,One-shot,3,True,False,runs/analysis/full400_seed_robustness/raw/one_shot/seed3.csv
35,2.0,1476414.0,1697717.0,84789171.0,59.9911,INDETERMINATE,35,0,data/test/3sat/400/3sat_13.cnf,0.3416781425476074,0.0,0.0,0.3416781425476074,60.33277814254761,3sat_13.cnf,one_shot,One-shot,3,False,True,runs/analysis/full400_seed_robustness/raw/one_shot/seed3.csv
36,2.0,121568.0,139021.0,7304329.0,4.53361,SATISFIABLE,36,0,data/test/3sat/400/3sat_130.cnf,0.3416781425476074,0.0,0.0,0.3416781425476074,4.875288142547608,3sat_130.cnf,one_shot,One-shot,3,True,False,runs/analysis/full400_seed_robustness/raw/one_shot/seed3.csv
37,1.0,82086.0,96037.0,5035591.0,3.30567,SATISFIABLE,37,0,data/test/3sat/400/3sat_131.cnf,0.3416781425476074,0.0,0.0,0.3416781425476074,3.647348142547608,3sat_131.cnf,one_shot,One-shot,3,True,False,runs/analysis/full400_seed_robustness/raw/one_shot/seed3.csv
38,1.0,4890.0,5982.0,303741.0,0.103007,SATISFIABLE,38,0,data/test/3sat/400/3sat_132.cnf,0.3416781425476074,0.0,0.0,0.3416781425476074,0.4446851425476074,3sat_132.cnf,one_shot,One-shot,3,True,False,runs/analysis/full400_seed_robustness/raw/one_shot/seed3.csv
39,2.0,1443652.0,1668868.0,84025910.0,59.9725,INDETERMINATE,39,0,data/test/3sat/400/3sat_133.cnf,0.3416781425476074,0.0,0.0,0.3416781425476074,60.3141781425476,3sat_133.cnf,one_shot,One-shot,3,False,True,runs/analysis/full400_seed_robustness/raw/one_shot/seed3.csv
40,2.0,1436127.0,1643733.0,80302967.0,59.9855,INDETERMINATE,40,0,data/test/3sat/400/3sat_134.cnf,0.3286159038543701,0.0,0.0,0.3286159038543701,60.31411590385437,3sat_134.cnf,one_shot,One-shot,3,False,True,runs/analysis/full400_seed_robustness/raw/one_shot/seed3.csv
41,2.0,1543177.0,1756593.0,86155837.0,59.9824,INDETERMINATE,41,0,data/test/3sat/400/3sat_135.cnf,0.3286159038543701,0.0,0.0,0.3286159038543701,60.31101590385437,3sat_135.cnf,one_shot,One-shot,3,False,True,runs/analysis/full400_seed_robustness/raw/one_shot/seed3.csv
42,2.0,1430774.0,1640766.0,84018644.0,59.9883,INDETERMINATE,42,0,data/test/3sat/400/3sat_136.cnf,0.3286159038543701,0.0,0.0,0.3286159038543701,60.31691590385437,3sat_136.cnf,one_shot,One-shot,3,False,True,runs/analysis/full400_seed_robustness/raw/one_shot/seed3.csv
43,2.0,1458789.0,1653676.0,78742032.0,59.9795,INDETERMINATE,43,0,data/test/3sat/400/3sat_137.cnf,0.3286159038543701,0.0,0.0,0.3286159038543701,60.30811590385437,3sat_137.cnf,one_shot,One-shot,3,False,True,runs/analysis/full400_seed_robustness/raw/one_shot/seed3.csv
44,2.0,1556171.0,1770424.0,89910086.0,59.994,INDETERMINATE,44,0,data/test/3sat/400/3sat_138.cnf,0.3286159038543701,0.0,0.0,0.3286159038543701,60.32261590385437,3sat_138.cnf,one_shot,One-shot,3,False,True,runs/analysis/full400_seed_robustness/raw/one_shot/seed3.csv
45,2.0,1541823.0,1771652.0,88032295.0,59.9916,INDETERMINATE,45,0,data/test/3sat/400/3sat_139.cnf,0.3286159038543701,0.0,0.0,0.3286159038543701,60.32021590385437,3sat_139.cnf,one_shot,One-shot,3,False,True,runs/analysis/full400_seed_robustness/raw/one_shot/seed3.csv
46,2.0,133587.0,154405.0,8365184.0,5.25882,SATISFIABLE,46,0,data/test/3sat/400/3sat_14.cnf,0.3286159038543701,0.0,0.0,0.3286159038543701,5.58743590385437,3sat_14.cnf,one_shot,One-shot,3,True,False,runs/analysis/full400_seed_robustness/raw/one_shot/seed3.csv
47,2.0,1244295.0,1419655.0,73705026.0,49.3209,SATISFIABLE,47,0,data/test/3sat/400/3sat_140.cnf,0.3286159038543701,0.0,0.0,0.3286159038543701,49.64951590385437,3sat_140.cnf,one_shot,One-shot,3,True,False,runs/analysis/full400_seed_robustness/raw/one_shot/seed3.csv
48,1.0,71109.0,82102.0,4299119.0,2.89969,SATISFIABLE,48,0,data/test/3sat/400/3sat_141.cnf,0.3286159038543701,0.0,0.0,0.3286159038543701,3.22830590385437,3sat_141.cnf,one_shot,One-shot,3,True,False,runs/analysis/full400_seed_robustness/raw/one_shot/seed3.csv
49,1.0,61037.0,70865.0,3765471.0,2.08493,SATISFIABLE,49,0,data/test/3sat/400/3sat_142.cnf,0.3286159038543701,0.0,0.0,0.3286159038543701,2.41354590385437,3sat_142.cnf,one_shot,One-shot,3,True,False,runs/analysis/full400_seed_robustness/raw/one_shot/seed3.csv
50,2.0,1442018.0,1655969.0,82919834.0,59.9699,INDETERMINATE,50,0,data/test/3sat/400/3sat_143.cnf,0.3236894607543945,0.0,0.0,0.3236894607543945,60.2935894607544,3sat_143.cnf,one_shot,One-shot,3,False,True,runs/analysis/full400_seed_robustness/raw/one_shot/seed3.csv
51,2.0,1356852.0,1541255.0,75574985.0,60.0001,INDETERMINATE,51,0,data/test/3sat/400/3sat_144.cnf,0.3236894607543945,0.0,0.0,0.3236894607543945,60.3237894607544,3sat_144.cnf,one_shot,One-shot,3,False,True,runs/analysis/full400_seed_robustness/raw/one_shot/seed3.csv
52,2.0,1409864.0,1630382.0,80606840.0,59.9954,INDETERMINATE,52,0,data/test/3sat/400/3sat_145.cnf,0.3236894607543945,0.0,0.0,0.3236894607543945,60.31908946075439,3sat_145.cnf,one_shot,One-shot,3,False,True,runs/analysis/full400_seed_robustness/raw/one_shot/seed3.csv
53,2.0,1462969.0,1674611.0,82095687.0,59.983,INDETERMINATE,53,0,data/test/3sat/400/3sat_146.cnf,0.3236894607543945,0.0,0.0,0.3236894607543945,60.30668946075439,3sat_146.cnf,one_shot,One-shot,3,False,True,runs/analysis/full400_seed_robustness/raw/one_shot/seed3.csv
54,2.0,392510.0,450448.0,23393708.0,13.2297,SATISFIABLE,54,0,data/test/3sat/400/3sat_147.cnf,0.3236894607543945,0.0,0.0,0.3236894607543945,13.553389460754394,3sat_147.cnf,one_shot,One-shot,3,True,False,runs/analysis/full400_seed_robustness/raw/one_shot/seed3.csv
55,2.0,1482671.0,1703879.0,86640268.0,59.9727,INDETERMINATE,55,0,data/test/3sat/400/3sat_148.cnf,0.3236894607543945,0.0,0.0,0.3236894607543945,60.2963894607544,3sat_148.cnf,one_shot,One-shot,3,False,True,runs/analysis/full400_seed_robustness/raw/one_shot/seed3.csv
56,1.0,97366.0,112279.0,5819460.0,3.86708,SATISFIABLE,56,0,data/test/3sat/400/3sat_149.cnf,0.3236894607543945,0.0,0.0,0.3236894607543945,4.190769460754394,3sat_149.cnf,one_shot,One-shot,3,True,False,runs/analysis/full400_seed_robustness/raw/one_shot/seed3.csv
57,2.0,1463507.0,1663083.0,83260056.0,59.9771,INDETERMINATE,57,0,data/test/3sat/400/3sat_15.cnf,0.3236894607543945,0.0,0.0,0.3236894607543945,60.3007894607544,3sat_15.cnf,one_shot,One-shot,3,False,True,runs/analysis/full400_seed_robustness/raw/one_shot/seed3.csv
58,1.0,16970.0,19929.0,1057698.0,0.401526,SATISFIABLE,58,0,data/test/3sat/400/3sat_150.cnf,0.3236894607543945,0.0,0.0,0.3236894607543945,0.7252154607543946,3sat_150.cnf,one_shot,One-shot,3,True,False,runs/analysis/full400_seed_robustness/raw/one_shot/seed3.csv
59,2.0,1456939.0,1654925.0,84010057.0,59.9811,INDETERMINATE,59,0,data/test/3sat/400/3sat_151.cnf,0.3236894607543945,0.0,0.0,0.3236894607543945,60.30478946075439,3sat_151.cnf,one_shot,One-shot,3,False,True,runs/analysis/full400_seed_robustness/raw/one_shot/seed3.csv
60,2.0,1489621.0,1715222.0,83539853.0,59.9657,INDETERMINATE,60,0,data/test/3sat/400/3sat_152.cnf,0.3320841789245605,0.0,0.0,0.3320841789245605,60.29778417892456,3sat_152.cnf,one_shot,One-shot,3,False,True,runs/analysis/full400_seed_robustness/raw/one_shot/seed3.csv
61,2.0,1411817.0,1609374.0,79227476.0,59.978,INDETERMINATE,61,0,data/test/3sat/400/3sat_153.cnf,0.3320841789245605,0.0,0.0,0.3320841789245605,60.31008417892456,3sat_153.cnf,one_shot,One-shot,3,False,True,runs/analysis/full400_seed_robustness/raw/one_shot/seed3.csv
62,1.0,42118.0,49122.0,2596236.0,1.42878,SATISFIABLE,62,0,data/test/3sat/400/3sat_154.cnf,0.3320841789245605,0.0,0.0,0.3320841789245605,1.7608641789245605,3sat_154.cnf,one_shot,One-shot,3,True,False,runs/analysis/full400_seed_robustness/raw/one_shot/seed3.csv
63,2.0,1463140.0,1667067.0,81799179.0,59.9937,INDETERMINATE,63,0,data/test/3sat/400/3sat_155.cnf,0.3320841789245605,0.0,0.0,0.3320841789245605,60.32578417892456,3sat_155.cnf,one_shot,One-shot,3,False,True,runs/analysis/full400_seed_robustness/raw/one_shot/seed3.csv
64,2.0,1426372.0,1627308.0,80951408.0,59.967,INDETERMINATE,64,0,data/test/3sat/400/3sat_156.cnf,0.3320841789245605,0.0,0.0,0.3320841789245605,60.29908417892456,3sat_156.cnf,one_shot,One-shot,3,False,True,runs/analysis/full400_seed_robustness/raw/one_shot/seed3.csv
65,1.0,75250.0,88905.0,4657000.0,2.99803,SATISFIABLE,65,0,data/test/3sat/400/3sat_157.cnf,0.3320841789245605,0.0,0.0,0.3320841789245605,3.3301141789245605,3sat_157.cnf,one_shot,One-shot,3,True,False,runs/analysis/full400_seed_robustness/raw/one_shot/seed3.csv
66,2.0,1444641.0,1636714.0,80438696.0,59.9744,INDETERMINATE,66,0,data/test/3sat/400/3sat_158.cnf,0.3320841789245605,0.0,0.0,0.3320841789245605,60.30648417892456,3sat_158.cnf,one_shot,One-shot,3,False,True,runs/analysis/full400_seed_robustness/raw/one_shot/seed3.csv
67,2.0,1449744.0,1665340.0,83450453.0,59.9633,INDETERMINATE,67,0,data/test/3sat/400/3sat_159.cnf,0.3320841789245605,0.0,0.0,0.3320841789245605,60.29538417892456,3sat_159.cnf,one_shot,One-shot,3,False,True,runs/analysis/full400_seed_robustness/raw/one_shot/seed3.csv
68,2.0,1519433.0,1726059.0,87252725.0,59.9584,INDETERMINATE,68,0,data/test/3sat/400/3sat_16.cnf,0.3320841789245605,0.0,0.0,0.3320841789245605,60.29048417892456,3sat_16.cnf,one_shot,One-shot,3,False,True,runs/analysis/full400_seed_robustness/raw/one_shot/seed3.csv
69,2.0,1477658.0,1692128.0,82482269.0,59.9842,INDETERMINATE,69,0,data/test/3sat/400/3sat_160.cnf,0.3320841789245605,0.0,0.0,0.3320841789245605,60.31628417892456,3sat_160.cnf,one_shot,One-shot,3,False,True,runs/analysis/full400_seed_robustness/raw/one_shot/seed3.csv
70,2.0,1518333.0,1729278.0,87873282.0,59.969,INDETERMINATE,70,0,data/test/3sat/400/3sat_161.cnf,0.3134553432464599,0.0,0.0,0.3134553432464599,60.28245534324646,3sat_161.cnf,one_shot,One-shot,3,False,True,runs/analysis/full400_seed_robustness/raw/one_shot/seed3.csv
71,2.0,1356093.0,1533756.0,76463153.0,59.9788,INDETERMINATE,71,0,data/test/3sat/400/3sat_162.cnf,0.3134553432464599,0.0,0.0,0.3134553432464599,60.29225534324646,3sat_162.cnf,one_shot,One-shot,3,False,True,runs/analysis/full400_seed_robustness/raw/one_shot/seed3.csv
72,2.0,1414302.0,1606131.0,79680624.0,59.9877,INDETERMINATE,72,0,data/test/3sat/400/3sat_163.cnf,0.3134553432464599,0.0,0.0,0.3134553432464599,60.30115534324646,3sat_163.cnf,one_shot,One-shot,3,False,True,runs/analysis/full400_seed_robustness/raw/one_shot/seed3.csv
73,2.0,1462654.0,1678548.0,85075030.0,59.9639,INDETERMINATE,73,0,data/test/3sat/400/3sat_164.cnf,0.3134553432464599,0.0,0.0,0.3134553432464599,60.27735534324646,3sat_164.cnf,one_shot,One-shot,3,False,True,runs/analysis/full400_seed_robustness/raw/one_shot/seed3.csv
74,1.0,7043.0,8408.0,453223.0,0.1432,SATISFIABLE,74,0,data/test/3sat/400/3sat_165.cnf,0.3134553432464599,0.0,0.0,0.3134553432464599,0.4566553432464599,3sat_165.cnf,one_shot,One-shot,3,True,False,runs/analysis/full400_seed_robustness/raw/one_shot/seed3.csv
75,2.0,1539604.0,1760121.0,86928100.0,59.9755,INDETERMINATE,75,0,data/test/3sat/400/3sat_166.cnf,0.3134553432464599,0.0,0.0,0.3134553432464599,60.28895534324646,3sat_166.cnf,one_shot,One-shot,3,False,True,runs/analysis/full400_seed_robustness/raw/one_shot/seed3.csv
76,2.0,399529.0,460797.0,23951550.0,13.2756,SATISFIABLE,76,0,data/test/3sat/400/3sat_167.cnf,0.3134553432464599,0.0,0.0,0.3134553432464599,13.58905534324646,3sat_167.cnf,one_shot,One-shot,3,True,False,runs/analysis/full400_seed_robustness/raw/one_shot/seed3.csv
77,2.0,1406177.0,1590030.0,80526134.0,59.9547,INDETERMINATE,77,0,data/test/3sat/400/3sat_168.cnf,0.3134553432464599,0.0,0.0,0.3134553432464599,60.26815534324646,3sat_168.cnf,one_shot,One-shot,3,False,True,runs/analysis/full400_seed_robustness/raw/one_shot/seed3.csv
78,2.0,1430453.0,1642031.0,82627578.0,59.9867,INDETERMINATE,78,0,data/test/3sat/400/3sat_169.cnf,0.3134553432464599,0.0,0.0,0.3134553432464599,60.30015534324646,3sat_169.cnf,one_shot,One-shot,3,False,True,runs/analysis/full400_seed_robustness/raw/one_shot/seed3.csv
79,2.0,1352004.0,1549057.0,76038394.0,59.966,INDETERMINATE,79,0,data/test/3sat/400/3sat_17.cnf,0.3134553432464599,0.0,0.0,0.3134553432464599,60.27945534324646,3sat_17.cnf,one_shot,One-shot,3,False,True,runs/analysis/full400_seed_robustness/raw/one_shot/seed3.csv
80,2.0,1384061.0,1579477.0,77056910.0,59.9826,INDETERMINATE,80,0,data/test/3sat/400/3sat_170.cnf,0.3113737106323242,0.0,0.0,0.3113737106323242,60.29397371063232,3sat_170.cnf,one_shot,One-shot,3,False,True,runs/analysis/full400_seed_robustness/raw/one_shot/seed3.csv
81,2.0,1382286.0,1574989.0,78578006.0,59.9821,INDETERMINATE,81,0,data/test/3sat/400/3sat_171.cnf,0.3113737106323242,0.0,0.0,0.3113737106323242,60.29347371063233,3sat_171.cnf,one_shot,One-shot,3,False,True,runs/analysis/full400_seed_robustness/raw/one_shot/seed3.csv
82,2.0,1427188.0,1647612.0,82971037.0,59.9884,INDETERMINATE,82,0,data/test/3sat/400/3sat_172.cnf,0.3113737106323242,0.0,0.0,0.3113737106323242,60.29977371063232,3sat_172.cnf,one_shot,One-shot,3,False,True,runs/analysis/full400_seed_robustness/raw/one_shot/seed3.csv
83,2.0,1412490.0,1614738.0,81120905.0,59.9728,INDETERMINATE,83,0,data/test/3sat/400/3sat_173.cnf,0.3113737106323242,0.0,0.0,0.3113737106323242,60.28417371063232,3sat_173.cnf,one_shot,One-shot,3,False,True,runs/analysis/full400_seed_robustness/raw/one_shot/seed3.csv
84,2.0,1429114.0,1622372.0,80423150.0,59.9691,INDETERMINATE,84,0,data/test/3sat/400/3sat_174.cnf,0.3113737106323242,0.0,0.0,0.3113737106323242,60.28047371063232,3sat_174.cnf,one_shot,One-shot,3,False,True,runs/analysis/full400_seed_robustness/raw/one_shot/seed3.csv
85,2.0,1547911.0,1755972.0,85585961.0,59.9734,INDETERMINATE,85,0,data/test/3sat/400/3sat_175.cnf,0.3113737106323242,0.0,0.0,0.3113737106323242,60.28477371063232,3sat_175.cnf,one_shot,One-shot,3,False,True,runs/analysis/full400_seed_robustness/raw/one_shot/seed3.csv
86,1.0,44850.0,52377.0,2659490.0,1.5127,SATISFIABLE,86,0,data/test/3sat/400/3sat_176.cnf,0.3113737106323242,0.0,0.0,0.3113737106323242,1.824073710632324,3sat_176.cnf,one_shot,One-shot,3,True,False,runs/analysis/full400_seed_robustness/raw/one_shot/seed3.csv
87,2.0,1432642.0,1623278.0,82383054.0,59.9731,INDETERMINATE,87,0,data/test/3sat/400/3sat_177.cnf,0.3113737106323242,0.0,0.0,0.3113737106323242,60.28447371063233,3sat_177.cnf,one_shot,One-shot,3,False,True,runs/analysis/full400_seed_robustness/raw/one_shot/seed3.csv
88,2.0,1505911.0,1742378.0,87279880.0,59.9635,INDETERMINATE,88,0,data/test/3sat/400/3sat_178.cnf,0.3113737106323242,0.0,0.0,0.3113737106323242,60.27487371063233,3sat_178.cnf,one_shot,One-shot,3,False,True,runs/analysis/full400_seed_robustness/raw/one_shot/seed3.csv
89,2.0,1515054.0,1724902.0,87080710.0,59.9716,INDETERMINATE,89,0,data/test/3sat/400/3sat_179.cnf,0.3113737106323242,0.0,0.0,0.3113737106323242,60.28297371063233,3sat_179.cnf,one_shot,One-shot,3,False,True,runs/analysis/full400_seed_robustness/raw/one_shot/seed3.csv
90,2.0,1411436.0,1613490.0,81175625.0,59.9619,INDETERMINATE,90,0,data/test/3sat/400/3sat_18.cnf,0.30816650390625,0.0,0.0,0.30816650390625,60.27006650390625,3sat_18.cnf,one_shot,One-shot,3,False,True,runs/analysis/full400_seed_robustness/raw/one_shot/seed3.csv
91,2.0,479866.0,551097.0,28918715.0,16.9212,SATISFIABLE,91,0,data/test/3sat/400/3sat_180.cnf,0.30816650390625,0.0,0.0,0.30816650390625,17.22936650390625,3sat_180.cnf,one_shot,One-shot,3,True,False,runs/analysis/full400_seed_robustness/raw/one_shot/seed3.csv
92,1.0,52050.0,59791.0,3130772.0,1.92294,SATISFIABLE,92,0,data/test/3sat/400/3sat_181.cnf,0.30816650390625,0.0,0.0,0.30816650390625,2.23110650390625,3sat_181.cnf,one_shot,One-shot,3,True,False,runs/analysis/full400_seed_robustness/raw/one_shot/seed3.csv
93,2.0,1475476.0,1690307.0,81500862.0,59.9725,INDETERMINATE,93,0,data/test/3sat/400/3sat_182.cnf,0.30816650390625,0.0,0.0,0.30816650390625,60.28066650390625,3sat_182.cnf,one_shot,One-shot,3,False,True,runs/analysis/full400_seed_robustness/raw/one_shot/seed3.csv
94,2.0,1469525.0,1678258.0,82434242.0,59.9773,INDETERMINATE,94,0,data/test/3sat/400/3sat_183.cnf,0.30816650390625,0.0,0.0,0.30816650390625,60.28546650390625,3sat_183.cnf,one_shot,One-shot,3,False,True,runs/analysis/full400_seed_robustness/raw/one_shot/seed3.csv
95,2.0,1466882.0,1670996.0,84065074.0,59.9692,INDETERMINATE,95,0,data/test/3sat/400/3sat_184.cnf,0.30816650390625,0.0,0.0,0.30816650390625,60.27736650390625,3sat_184.cnf,one_shot,One-shot,3,False,True,runs/analysis/full400_seed_robustness/raw/one_shot/seed3.csv
96,2.0,1578302.0,1784942.0,88608416.0,59.9882,INDETERMINATE,96,0,data/test/3sat/400/3sat_185.cnf,0.30816650390625,0.0,0.0,0.30816650390625,60.29636650390625,3sat_185.cnf,one_shot,One-shot,3,False,True,runs/analysis/full400_seed_robustness/raw/one_shot/seed3.csv
97,2.0,1360027.0,1553911.0,74265357.0,59.9776,INDETERMINATE,97,0,data/test/3sat/400/3sat_186.cnf,0.30816650390625,0.0,0.0,0.30816650390625,60.28576650390625,3sat_186.cnf,one_shot,One-shot,3,False,True,runs/analysis/full400_seed_robustness/raw/one_shot/seed3.csv
98,2.0,1348149.0,1553646.0,76050379.0,59.9732,INDETERMINATE,98,0,data/test/3sat/400/3sat_187.cnf,0.30816650390625,0.0,0.0,0.30816650390625,60.28136650390625,3sat_187.cnf,one_shot,One-shot,3,False,True,runs/analysis/full400_seed_robustness/raw/one_shot/seed3.csv
99,2.0,1541104.0,1760086.0,88115812.0,59.9785,INDETERMINATE,99,0,data/test/3sat/400/3sat_188.cnf,0.30816650390625,0.0,0.0,0.30816650390625,60.28666650390625,3sat_188.cnf,one_shot,One-shot,3,False,True,runs/analysis/full400_seed_robustness/raw/one_shot/seed3.csv
100,2.0,1379286.0,1576809.0,79213508.0,59.9842,INDETERMINATE,100,0,data/test/3sat/400/3sat_189.cnf,0.3495712280273437,0.0,0.0,0.3495712280273437,60.33377122802735,3sat_189.cnf,one_shot,One-shot,3,False,True,runs/analysis/full400_seed_robustness/raw/one_shot/seed3.csv
101,1.0,89648.0,102340.0,5281405.0,3.7725,SATISFIABLE,101,0,data/test/3sat/400/3sat_19.cnf,0.3495712280273437,0.0,0.0,0.3495712280273437,4.122071228027344,3sat_19.cnf,one_shot,One-shot,3,True,False,runs/analysis/full400_seed_robustness/raw/one_shot/seed3.csv
102,1.0,1353.0,1762.0,87323.0,0.022714,SATISFIABLE,102,0,data/test/3sat/400/3sat_190.cnf,0.3495712280273437,0.0,0.0,0.3495712280273437,0.3722852280273437,3sat_190.cnf,one_shot,One-shot,3,True,False,runs/analysis/full400_seed_robustness/raw/one_shot/seed3.csv
103,2.0,1443189.0,1638890.0,81398431.0,59.975,INDETERMINATE,103,0,data/test/3sat/400/3sat_191.cnf,0.3495712280273437,0.0,0.0,0.3495712280273437,60.32457122802735,3sat_191.cnf,one_shot,One-shot,3,False,True,runs/analysis/full400_seed_robustness/raw/one_shot/seed3.csv
104,2.0,1401973.0,1617487.0,79144417.0,59.9523,INDETERMINATE,104,0,data/test/3sat/400/3sat_192.cnf,0.3495712280273437,0.0,0.0,0.3495712280273437,60.30187122802735,3sat_192.cnf,one_shot,One-shot,3,False,True,runs/analysis/full400_seed_robustness/raw/one_shot/seed3.csv
105,2.0,1388201.0,1584409.0,80363715.0,59.961,INDETERMINATE,105,0,data/test/3sat/400/3sat_193.cnf,0.3495712280273437,0.0,0.0,0.3495712280273437,60.31057122802734,3sat_193.cnf,one_shot,One-shot,3,False,True,runs/analysis/full400_seed_robustness/raw/one_shot/seed3.csv
106,2.0,1376446.0,1562835.0,78433144.0,59.9888,INDETERMINATE,106,0,data/test/3sat/400/3sat_194.cnf,0.3495712280273437,0.0,0.0,0.3495712280273437,60.33837122802734,3sat_194.cnf,one_shot,One-shot,3,False,True,runs/analysis/full400_seed_robustness/raw/one_shot/seed3.csv
107,2.0,1495851.0,1706960.0,87300292.0,59.9829,INDETERMINATE,107,0,data/test/3sat/400/3sat_195.cnf,0.3495712280273437,0.0,0.0,0.3495712280273437,60.33247122802735,3sat_195.cnf,one_shot,One-shot,3,False,True,runs/analysis/full400_seed_robustness/raw/one_shot/seed3.csv
108,2.0,885139.0,1017689.0,51832819.0,30.9734,SATISFIABLE,108,0,data/test/3sat/400/3sat_196.cnf,0.3495712280273437,0.0,0.0,0.3495712280273437,31.322971228027345,3sat_196.cnf,one_shot,One-shot,3,True,False,runs/analysis/full400_seed_robustness/raw/one_shot/seed3.csv
109,2.0,1478246.0,1685453.0,82894575.0,59.9762,INDETERMINATE,109,0,data/test/3sat/400/3sat_197.cnf,0.3495712280273437,0.0,0.0,0.3495712280273437,60.32577122802734,3sat_197.cnf,one_shot,One-shot,3,False,True,runs/analysis/full400_seed_robustness/raw/one_shot/seed3.csv
110,2.0,1429055.0,1634927.0,82761984.0,59.9852,INDETERMINATE,110,0,data/test/3sat/400/3sat_198.cnf,0.4176971912384033,0.0,0.0,0.4176971912384033,60.4028971912384,3sat_198.cnf,one_shot,One-shot,3,False,True,runs/analysis/full400_seed_robustness/raw/one_shot/seed3.csv
111,2.0,1414770.0,1620769.0,78974641.0,59.963,INDETERMINATE,111,0,data/test/3sat/400/3sat_199.cnf,0.4176971912384033,0.0,0.0,0.4176971912384033,60.3806971912384,3sat_199.cnf,one_shot,One-shot,3,False,True,runs/analysis/full400_seed_robustness/raw/one_shot/seed3.csv
112,2.0,1447518.0,1652406.0,84072379.0,59.9693,INDETERMINATE,112,0,data/test/3sat/400/3sat_2.cnf,0.4176971912384033,0.0,0.0,0.4176971912384033,60.3869971912384,3sat_2.cnf,one_shot,One-shot,3,False,True,runs/analysis/full400_seed_robustness/raw/one_shot/seed3.csv
113,2.0,361980.0,419239.0,21758927.0,12.3471,SATISFIABLE,113,0,data/test/3sat/400/3sat_20.cnf,0.4176971912384033,0.0,0.0,0.4176971912384033,12.764797191238404,3sat_20.cnf,one_shot,One-shot,3,True,False,runs/analysis/full400_seed_robustness/raw/one_shot/seed3.csv
114,2.0,1449625.0,1677978.0,84377045.0,59.9583,INDETERMINATE,114,0,data/test/3sat/400/3sat_21.cnf,0.4176971912384033,0.0,0.0,0.4176971912384033,60.375997191238405,3sat_21.cnf,one_shot,One-shot,3,False,True,runs/analysis/full400_seed_robustness/raw/one_shot/seed3.csv
115,1.0,41448.0,48376.0,2524622.0,1.34187,SATISFIABLE,115,0,data/test/3sat/400/3sat_22.cnf,0.4176971912384033,0.0,0.0,0.4176971912384033,1.7595671912384032,3sat_22.cnf,one_shot,One-shot,3,True,False,runs/analysis/full400_seed_robustness/raw/one_shot/seed3.csv
116,2.0,1391556.0,1592153.0,77260880.0,59.9707,INDETERMINATE,116,0,data/test/3sat/400/3sat_23.cnf,0.4176971912384033,0.0,0.0,0.4176971912384033,60.3883971912384,3sat_23.cnf,one_shot,One-shot,3,False,True,runs/analysis/full400_seed_robustness/raw/one_shot/seed3.csv
117,1.0,97677.0,112677.0,5872880.0,4.09343,SATISFIABLE,117,0,data/test/3sat/400/3sat_24.cnf,0.4176971912384033,0.0,0.0,0.4176971912384033,4.511127191238403,3sat_24.cnf,one_shot,One-shot,3,True,False,runs/analysis/full400_seed_robustness/raw/one_shot/seed3.csv
118,1.0,41249.0,47888.0,2486997.0,1.17217,SATISFIABLE,118,0,data/test/3sat/400/3sat_25.cnf,0.4176971912384033,0.0,0.0,0.4176971912384033,1.5898671912384033,3sat_25.cnf,one_shot,One-shot,3,True,False,runs/analysis/full400_seed_robustness/raw/one_shot/seed3.csv
119,2.0,1386068.0,1582370.0,79433331.0,59.975,INDETERMINATE,119,0,data/test/3sat/400/3sat_26.cnf,0.4176971912384033,0.0,0.0,0.4176971912384033,60.392697191238405,3sat_26.cnf,one_shot,One-shot,3,False,True,runs/analysis/full400_seed_robustness/raw/one_shot/seed3.csv
120,1.0,9470.0,11447.0,605518.0,0.188583,SATISFIABLE,120,0,data/test/3sat/400/3sat_27.cnf,0.3241932392120361,0.0,0.0,0.3241932392120361,0.5127762392120361,3sat_27.cnf,one_shot,One-shot,3,True,False,runs/analysis/full400_seed_robustness/raw/one_shot/seed3.csv
121,2.0,1511551.0,1730113.0,85649051.0,59.9726,INDETERMINATE,121,0,data/test/3sat/400/3sat_28.cnf,0.3241932392120361,0.0,0.0,0.3241932392120361,60.29679323921204,3sat_28.cnf,one_shot,One-shot,3,False,True,runs/analysis/full400_seed_robustness/raw/one_shot/seed3.csv
122,2.0,1515190.0,1726487.0,87140940.0,59.9806,INDETERMINATE,122,0,data/test/3sat/400/3sat_29.cnf,0.3241932392120361,0.0,0.0,0.3241932392120361,60.30479323921204,3sat_29.cnf,one_shot,One-shot,3,False,True,runs/analysis/full400_seed_robustness/raw/one_shot/seed3.csv
123,2.0,1517115.0,1739589.0,89277348.0,59.9801,INDETERMINATE,123,0,data/test/3sat/400/3sat_3.cnf,0.3241932392120361,0.0,0.0,0.3241932392120361,60.30429323921204,3sat_3.cnf,one_shot,One-shot,3,False,True,runs/analysis/full400_seed_robustness/raw/one_shot/seed3.csv
124,2.0,1448847.0,1652657.0,83775297.0,59.9745,INDETERMINATE,124,0,data/test/3sat/400/3sat_30.cnf,0.3241932392120361,0.0,0.0,0.3241932392120361,60.29869323921204,3sat_30.cnf,one_shot,One-shot,3,False,True,runs/analysis/full400_seed_robustness/raw/one_shot/seed3.csv
125,2.0,1338970.0,1530913.0,75099722.0,59.9854,INDETERMINATE,125,0,data/test/3sat/400/3sat_31.cnf,0.3241932392120361,0.0,0.0,0.3241932392120361,60.30959323921204,3sat_31.cnf,one_shot,One-shot,3,False,True,runs/analysis/full400_seed_robustness/raw/one_shot/seed3.csv
126,2.0,1420042.0,1606142.0,79992315.0,59.9596,INDETERMINATE,126,0,data/test/3sat/400/3sat_32.cnf,0.3241932392120361,0.0,0.0,0.3241932392120361,60.28379323921204,3sat_32.cnf,one_shot,One-shot,3,False,True,runs/analysis/full400_seed_robustness/raw/one_shot/seed3.csv
127,2.0,1419581.0,1628684.0,80944240.0,59.9744,INDETERMINATE,127,0,data/test/3sat/400/3sat_33.cnf,0.3241932392120361,0.0,0.0,0.3241932392120361,60.29859323921204,3sat_33.cnf,one_shot,One-shot,3,False,True,runs/analysis/full400_seed_robustness/raw/one_shot/seed3.csv
128,2.0,1533179.0,1750965.0,88825114.0,59.9631,INDETERMINATE,128,0,data/test/3sat/400/3sat_34.cnf,0.3241932392120361,0.0,0.0,0.3241932392120361,60.28729323921203,3sat_34.cnf,one_shot,One-shot,3,False,True,runs/analysis/full400_seed_robustness/raw/one_shot/seed3.csv
129,2.0,1506269.0,1729729.0,82975914.0,59.9882,INDETERMINATE,129,0,data/test/3sat/400/3sat_35.cnf,0.3241932392120361,0.0,0.0,0.3241932392120361,60.31239323921204,3sat_35.cnf,one_shot,One-shot,3,False,True,runs/analysis/full400_seed_robustness/raw/one_shot/seed3.csv
130,2.0,1457752.0,1668196.0,81846800.0,59.9776,INDETERMINATE,130,0,data/test/3sat/400/3sat_36.cnf,0.3246304988861084,0.0,0.0,0.3246304988861084,60.30223049888611,3sat_36.cnf,one_shot,One-shot,3,False,True,runs/analysis/full400_seed_robustness/raw/one_shot/seed3.csv
131,2.0,1466569.0,1664508.0,82551432.0,59.9568,INDETERMINATE,131,0,data/test/3sat/400/3sat_37.cnf,0.3246304988861084,0.0,0.0,0.3246304988861084,60.28143049888611,3sat_37.cnf,one_shot,One-shot,3,False,True,runs/analysis/full400_seed_robustness/raw/one_shot/seed3.csv
132,2.0,1481158.0,1691473.0,84573874.0,59.9896,INDETERMINATE,132,0,data/test/3sat/400/3sat_38.cnf,0.3246304988861084,0.0,0.0,0.3246304988861084,60.31423049888611,3sat_38.cnf,one_shot,One-shot,3,False,True,runs/analysis/full400_seed_robustness/raw/one_shot/seed3.csv
133,2.0,1450436.0,1668800.0,81197501.0,59.965,INDETERMINATE,133,0,data/test/3sat/400/3sat_39.cnf,0.3246304988861084,0.0,0.0,0.3246304988861084,60.28963049888611,3sat_39.cnf,one_shot,One-shot,3,False,True,runs/analysis/full400_seed_robustness/raw/one_shot/seed3.csv
134,2.0,1494908.0,1706275.0,83990846.0,59.9585,INDETERMINATE,134,0,data/test/3sat/400/3sat_4.cnf,0.3246304988861084,0.0,0.0,0.3246304988861084,60.28313049888611,3sat_4.cnf,one_shot,One-shot,3,False,True,runs/analysis/full400_seed_robustness/raw/one_shot/seed3.csv
135,2.0,1525917.0,1743620.0,86833449.0,59.9768,INDETERMINATE,135,0,data/test/3sat/400/3sat_40.cnf,0.3246304988861084,0.0,0.0,0.3246304988861084,60.301430498886106,3sat_40.cnf,one_shot,One-shot,3,False,True,runs/analysis/full400_seed_robustness/raw/one_shot/seed3.csv
136,2.0,1354640.0,1538204.0,75415402.0,59.969,INDETERMINATE,136,0,data/test/3sat/400/3sat_41.cnf,0.3246304988861084,0.0,0.0,0.3246304988861084,60.29363049888611,3sat_41.cnf,one_shot,One-shot,3,False,True,runs/analysis/full400_seed_robustness/raw/one_shot/seed3.csv
137,2.0,1557782.0,1770144.0,84615553.0,59.9771,INDETERMINATE,137,0,data/test/3sat/400/3sat_42.cnf,0.3246304988861084,0.0,0.0,0.3246304988861084,60.30173049888611,3sat_42.cnf,one_shot,One-shot,3,False,True,runs/analysis/full400_seed_robustness/raw/one_shot/seed3.csv
138,2.0,1435781.0,1632654.0,81977374.0,59.971,INDETERMINATE,138,0,data/test/3sat/400/3sat_43.cnf,0.3246304988861084,0.0,0.0,0.3246304988861084,60.295630498886105,3sat_43.cnf,one_shot,One-shot,3,False,True,runs/analysis/full400_seed_robustness/raw/one_shot/seed3.csv
139,2.0,1439094.0,1648121.0,83141392.0,59.9748,INDETERMINATE,139,0,data/test/3sat/400/3sat_44.cnf,0.3246304988861084,0.0,0.0,0.3246304988861084,60.29943049888611,3sat_44.cnf,one_shot,One-shot,3,False,True,runs/analysis/full400_seed_robustness/raw/one_shot/seed3.csv
140,2.0,1508384.0,1700589.0,84202012.0,59.9807,INDETERMINATE,140,0,data/test/3sat/400/3sat_45.cnf,0.3225421905517578,0.0,0.0,0.3225421905517578,60.30324219055176,3sat_45.cnf,one_shot,One-shot,3,False,True,runs/analysis/full400_seed_robustness/raw/one_shot/seed3.csv
141,2.0,977212.0,1110702.0,56336677.0,37.0045,SATISFIABLE,141,0,data/test/3sat/400/3sat_46.cnf,0.3225421905517578,0.0,0.0,0.3225421905517578,37.32704219055176,3sat_46.cnf,one_shot,One-shot,3,True,False,runs/analysis/full400_seed_robustness/raw/one_shot/seed3.csv
142,1.0,63966.0,73444.0,4017900.0,2.55969,SATISFIABLE,142,0,data/test/3sat/400/3sat_47.cnf,0.3225421905517578,0.0,0.0,0.3225421905517578,2.8822321905517576,3sat_47.cnf,one_shot,One-shot,3,True,False,runs/analysis/full400_seed_robustness/raw/one_shot/seed3.csv
143,2.0,1457108.0,1666985.0,81333592.0,59.9696,INDETERMINATE,143,0,data/test/3sat/400/3sat_48.cnf,0.3225421905517578,0.0,0.0,0.3225421905517578,60.29214219055176,3sat_48.cnf,one_shot,One-shot,3,False,True,runs/analysis/full400_seed_robustness/raw/one_shot/seed3.csv
144,2.0,1411529.0,1618027.0,81612800.0,59.9792,INDETERMINATE,144,0,data/test/3sat/400/3sat_49.cnf,0.3225421905517578,0.0,0.0,0.3225421905517578,60.30174219055176,3sat_49.cnf,one_shot,One-shot,3,False,True,runs/analysis/full400_seed_robustness/raw/one_shot/seed3.csv
145,2.0,1425622.0,1632954.0,80630099.0,59.9858,INDETERMINATE,145,0,data/test/3sat/400/3sat_5.cnf,0.3225421905517578,0.0,0.0,0.3225421905517578,60.30834219055176,3sat_5.cnf,one_shot,One-shot,3,False,True,runs/analysis/full400_seed_robustness/raw/one_shot/seed3.csv
146,2.0,1387068.0,1586640.0,79710143.0,59.9967,INDETERMINATE,146,0,data/test/3sat/400/3sat_50.cnf,0.3225421905517578,0.0,0.0,0.3225421905517578,60.31924219055176,3sat_50.cnf,one_shot,One-shot,3,False,True,runs/analysis/full400_seed_robustness/raw/one_shot/seed3.csv
147,2.0,1460330.0,1670367.0,83072576.0,59.99,INDETERMINATE,147,0,data/test/3sat/400/3sat_51.cnf,0.3225421905517578,0.0,0.0,0.3225421905517578,60.31254219055176,3sat_51.cnf,one_shot,One-shot,3,False,True,runs/analysis/full400_seed_robustness/raw/one_shot/seed3.csv
148,2.0,1562715.0,1804292.0,87993010.0,59.9848,INDETERMINATE,148,0,data/test/3sat/400/3sat_52.cnf,0.3225421905517578,0.0,0.0,0.3225421905517578,60.30734219055176,3sat_52.cnf,one_shot,One-shot,3,False,True,runs/analysis/full400_seed_robustness/raw/one_shot/seed3.csv
149,2.0,1446271.0,1649063.0,78536442.0,59.963,INDETERMINATE,149,0,data/test/3sat/400/3sat_53.cnf,0.3225421905517578,0.0,0.0,0.3225421905517578,60.28554219055176,3sat_53.cnf,one_shot,One-shot,3,False,True,runs/analysis/full400_seed_robustness/raw/one_shot/seed3.csv
150,2.0,612353.0,699215.0,35959808.0,21.7856,SATISFIABLE,150,0,data/test/3sat/400/3sat_54.cnf,0.3172457218170166,0.0,0.0,0.3172457218170166,22.102845721817012,3sat_54.cnf,one_shot,One-shot,3,True,False,runs/analysis/full400_seed_robustness/raw/one_shot/seed3.csv
151,2.0,1543752.0,1761212.0,87045601.0,59.9624,INDETERMINATE,151,0,data/test/3sat/400/3sat_55.cnf,0.3172457218170166,0.0,0.0,0.3172457218170166,60.27964572181702,3sat_55.cnf,one_shot,One-shot,3,False,True,runs/analysis/full400_seed_robustness/raw/one_shot/seed3.csv
152,2.0,1399819.0,1580824.0,80070883.0,59.9856,INDETERMINATE,152,0,data/test/3sat/400/3sat_56.cnf,0.3172457218170166,0.0,0.0,0.3172457218170166,60.302845721817015,3sat_56.cnf,one_shot,One-shot,3,False,True,runs/analysis/full400_seed_robustness/raw/one_shot/seed3.csv
153,2.0,1462951.0,1663087.0,81865298.0,59.9747,INDETERMINATE,153,0,data/test/3sat/400/3sat_57.cnf,0.3172457218170166,0.0,0.0,0.3172457218170166,60.291945721817015,3sat_57.cnf,one_shot,One-shot,3,False,True,runs/analysis/full400_seed_robustness/raw/one_shot/seed3.csv
154,2.0,1574051.0,1795632.0,93278722.0,59.9875,INDETERMINATE,154,0,data/test/3sat/400/3sat_58.cnf,0.3172457218170166,0.0,0.0,0.3172457218170166,60.30474572181701,3sat_58.cnf,one_shot,One-shot,3,False,True,runs/analysis/full400_seed_robustness/raw/one_shot/seed3.csv
155,2.0,1494181.0,1711234.0,84106099.0,59.9904,INDETERMINATE,155,0,data/test/3sat/400/3sat_59.cnf,0.3172457218170166,0.0,0.0,0.3172457218170166,60.30764572181702,3sat_59.cnf,one_shot,One-shot,3,False,True,runs/analysis/full400_seed_robustness/raw/one_shot/seed3.csv
156,2.0,1487877.0,1687185.0,83125413.0,59.9615,INDETERMINATE,156,0,data/test/3sat/400/3sat_6.cnf,0.3172457218170166,0.0,0.0,0.3172457218170166,60.27874572181702,3sat_6.cnf,one_shot,One-shot,3,False,True,runs/analysis/full400_seed_robustness/raw/one_shot/seed3.csv
157,2.0,1398936.0,1592002.0,80445098.0,59.9802,INDETERMINATE,157,0,data/test/3sat/400/3sat_60.cnf,0.3172457218170166,0.0,0.0,0.3172457218170166,60.29744572181702,3sat_60.cnf,one_shot,One-shot,3,False,True,runs/analysis/full400_seed_robustness/raw/one_shot/seed3.csv
158,2.0,1448597.0,1637078.0,81346576.0,59.9779,INDETERMINATE,158,0,data/test/3sat/400/3sat_61.cnf,0.3172457218170166,0.0,0.0,0.3172457218170166,60.295145721817015,3sat_61.cnf,one_shot,One-shot,3,False,True,runs/analysis/full400_seed_robustness/raw/one_shot/seed3.csv
159,2.0,1522887.0,1726940.0,87769517.0,59.9807,INDETERMINATE,159,0,data/test/3sat/400/3sat_62.cnf,0.3172457218170166,0.0,0.0,0.3172457218170166,60.297945721817015,3sat_62.cnf,one_shot,One-shot,3,False,True,runs/analysis/full400_seed_robustness/raw/one_shot/seed3.csv
160,2.0,138136.0,157894.0,8130882.0,5.01237,SATISFIABLE,160,0,data/test/3sat/400/3sat_63.cnf,0.3337230682373047,0.0,0.0,0.3337230682373047,5.3460930682373045,3sat_63.cnf,one_shot,One-shot,3,True,False,runs/analysis/full400_seed_robustness/raw/one_shot/seed3.csv
161,2.0,1438182.0,1627443.0,80314441.0,59.9776,INDETERMINATE,161,0,data/test/3sat/400/3sat_64.cnf,0.3337230682373047,0.0,0.0,0.3337230682373047,60.31132306823731,3sat_64.cnf,one_shot,One-shot,3,False,True,runs/analysis/full400_seed_robustness/raw/one_shot/seed3.csv
162,1.0,224.0,339.0,14565.0,0.004391,SATISFIABLE,162,0,data/test/3sat/400/3sat_65.cnf,0.3337230682373047,0.0,0.0,0.3337230682373047,0.3381140682373046,3sat_65.cnf,one_shot,One-shot,3,True,False,runs/analysis/full400_seed_robustness/raw/one_shot/seed3.csv
163,2.0,1390205.0,1595503.0,80214908.0,59.9801,INDETERMINATE,163,0,data/test/3sat/400/3sat_66.cnf,0.3337230682373047,0.0,0.0,0.3337230682373047,60.313823068237305,3sat_66.cnf,one_shot,One-shot,3,False,True,runs/analysis/full400_seed_robustness/raw/one_shot/seed3.csv
164,2.0,1487836.0,1701026.0,85776591.0,59.9994,INDETERMINATE,164,0,data/test/3sat/400/3sat_67.cnf,0.3337230682373047,0.0,0.0,0.3337230682373047,60.333123068237306,3sat_67.cnf,one_shot,One-shot,3,False,True,runs/analysis/full400_seed_robustness/raw/one_shot/seed3.csv
165,2.0,1447434.0,1656290.0,81967103.0,59.9906,INDETERMINATE,165,0,data/test/3sat/400/3sat_68.cnf,0.3337230682373047,0.0,0.0,0.3337230682373047,60.324323068237305,3sat_68.cnf,one_shot,One-shot,3,False,True,runs/analysis/full400_seed_robustness/raw/one_shot/seed3.csv
166,2.0,1460185.0,1673994.0,86978548.0,59.9799,INDETERMINATE,166,0,data/test/3sat/400/3sat_69.cnf,0.3337230682373047,0.0,0.0,0.3337230682373047,60.313623068237305,3sat_69.cnf,one_shot,One-shot,3,False,True,runs/analysis/full400_seed_robustness/raw/one_shot/seed3.csv
167,2.0,1513785.0,1708657.0,83788768.0,59.9794,INDETERMINATE,167,0,data/test/3sat/400/3sat_7.cnf,0.3337230682373047,0.0,0.0,0.3337230682373047,60.3131230682373,3sat_7.cnf,one_shot,One-shot,3,False,True,runs/analysis/full400_seed_robustness/raw/one_shot/seed3.csv
168,1.0,2512.0,3124.0,152890.0,0.047542,SATISFIABLE,168,0,data/test/3sat/400/3sat_70.cnf,0.3337230682373047,0.0,0.0,0.3337230682373047,0.3812650682373046,3sat_70.cnf,one_shot,One-shot,3,True,False,runs/analysis/full400_seed_robustness/raw/one_shot/seed3.csv
169,2.0,1452664.0,1662800.0,82803295.0,59.9589,INDETERMINATE,169,0,data/test/3sat/400/3sat_71.cnf,0.3337230682373047,0.0,0.0,0.3337230682373047,60.292623068237305,3sat_71.cnf,one_shot,One-shot,3,False,True,runs/analysis/full400_seed_robustness/raw/one_shot/seed3.csv
170,2.0,1459222.0,1669817.0,82106163.0,59.9799,INDETERMINATE,170,0,data/test/3sat/400/3sat_72.cnf,0.4211368560791015,0.0,0.0,0.4211368560791015,60.4010368560791,3sat_72.cnf,one_shot,One-shot,3,False,True,runs/analysis/full400_seed_robustness/raw/one_shot/seed3.csv
171,2.0,1458248.0,1662147.0,83513716.0,59.9793,INDETERMINATE,171,0,data/test/3sat/400/3sat_73.cnf,0.4211368560791015,0.0,0.0,0.4211368560791015,60.400436856079104,3sat_73.cnf,one_shot,One-shot,3,False,True,runs/analysis/full400_seed_robustness/raw/one_shot/seed3.csv
172,2.0,1387760.0,1598096.0,78162461.0,59.959,INDETERMINATE,172,0,data/test/3sat/400/3sat_74.cnf,0.4211368560791015,0.0,0.0,0.4211368560791015,60.38013685607911,3sat_74.cnf,one_shot,One-shot,3,False,True,runs/analysis/full400_seed_robustness/raw/one_shot/seed3.csv
173,2.0,1358036.0,1549631.0,74420982.0,59.9547,INDETERMINATE,173,0,data/test/3sat/400/3sat_75.cnf,0.4211368560791015,0.0,0.0,0.4211368560791015,60.375836856079104,3sat_75.cnf,one_shot,One-shot,3,False,True,runs/analysis/full400_seed_robustness/raw/one_shot/seed3.csv
174,2.0,1433411.0,1631034.0,83581554.0,59.9839,INDETERMINATE,174,0,data/test/3sat/400/3sat_76.cnf,0.4211368560791015,0.0,0.0,0.4211368560791015,60.4050368560791,3sat_76.cnf,one_shot,One-shot,3,False,True,runs/analysis/full400_seed_robustness/raw/one_shot/seed3.csv
175,2.0,1433384.0,1635185.0,80547948.0,59.9589,INDETERMINATE,175,0,data/test/3sat/400/3sat_77.cnf,0.4211368560791015,0.0,0.0,0.4211368560791015,60.3800368560791,3sat_77.cnf,one_shot,One-shot,3,False,True,runs/analysis/full400_seed_robustness/raw/one_shot/seed3.csv
176,2.0,1452084.0,1654412.0,79696303.0,59.9499,INDETERMINATE,176,0,data/test/3sat/400/3sat_78.cnf,0.4211368560791015,0.0,0.0,0.4211368560791015,60.3710368560791,3sat_78.cnf,one_shot,One-shot,3,False,True,runs/analysis/full400_seed_robustness/raw/one_shot/seed3.csv
177,2.0,1395223.0,1594984.0,76615824.0,59.9781,INDETERMINATE,177,0,data/test/3sat/400/3sat_79.cnf,0.4211368560791015,0.0,0.0,0.4211368560791015,60.3992368560791,3sat_79.cnf,one_shot,One-shot,3,False,True,runs/analysis/full400_seed_robustness/raw/one_shot/seed3.csv
178,2.0,1434517.0,1630399.0,83019497.0,59.9735,INDETERMINATE,178,0,data/test/3sat/400/3sat_8.cnf,0.4211368560791015,0.0,0.0,0.4211368560791015,60.3946368560791,3sat_8.cnf,one_shot,One-shot,3,False,True,runs/analysis/full400_seed_robustness/raw/one_shot/seed3.csv
179,2.0,1510694.0,1740535.0,87179203.0,59.9624,INDETERMINATE,179,0,data/test/3sat/400/3sat_80.cnf,0.4211368560791015,0.0,0.0,0.4211368560791015,60.383536856079104,3sat_80.cnf,one_shot,One-shot,3,False,True,runs/analysis/full400_seed_robustness/raw/one_shot/seed3.csv
180,2.0,1421750.0,1608310.0,79440679.0,59.9456,INDETERMINATE,180,0,data/test/3sat/400/3sat_81.cnf,0.3139302730560303,0.0,0.0,0.3139302730560303,60.25953027305603,3sat_81.cnf,one_shot,One-shot,3,False,True,runs/analysis/full400_seed_robustness/raw/one_shot/seed3.csv
181,2.0,723843.0,829611.0,42069078.0,25.9322,SATISFIABLE,181,0,data/test/3sat/400/3sat_82.cnf,0.3139302730560303,0.0,0.0,0.3139302730560303,26.246130273056032,3sat_82.cnf,one_shot,One-shot,3,True,False,runs/analysis/full400_seed_robustness/raw/one_shot/seed3.csv
182,2.0,1432286.0,1633915.0,80169026.0,59.9752,INDETERMINATE,182,0,data/test/3sat/400/3sat_83.cnf,0.3139302730560303,0.0,0.0,0.3139302730560303,60.28913027305603,3sat_83.cnf,one_shot,One-shot,3,False,True,runs/analysis/full400_seed_robustness/raw/one_shot/seed3.csv
183,2.0,1333438.0,1525913.0,76287525.0,59.983,INDETERMINATE,183,0,data/test/3sat/400/3sat_84.cnf,0.3139302730560303,0.0,0.0,0.3139302730560303,60.29693027305603,3sat_84.cnf,one_shot,One-shot,3,False,True,runs/analysis/full400_seed_robustness/raw/one_shot/seed3.csv
184,2.0,1440903.0,1643348.0,81437557.0,59.9854,INDETERMINATE,184,0,data/test/3sat/400/3sat_85.cnf,0.3139302730560303,0.0,0.0,0.3139302730560303,60.29933027305603,3sat_85.cnf,one_shot,One-shot,3,False,True,runs/analysis/full400_seed_robustness/raw/one_shot/seed3.csv
185,1.0,84037.0,97892.0,5195664.0,3.26442,SATISFIABLE,185,0,data/test/3sat/400/3sat_86.cnf,0.3139302730560303,0.0,0.0,0.3139302730560303,3.57835027305603,3sat_86.cnf,one_shot,One-shot,3,True,False,runs/analysis/full400_seed_robustness/raw/one_shot/seed3.csv
186,2.0,1370784.0,1566086.0,78153908.0,59.9739,INDETERMINATE,186,0,data/test/3sat/400/3sat_87.cnf,0.3139302730560303,0.0,0.0,0.3139302730560303,60.28783027305603,3sat_87.cnf,one_shot,One-shot,3,False,True,runs/analysis/full400_seed_robustness/raw/one_shot/seed3.csv
187,1.0,10969.0,13071.0,671709.0,0.266779,SATISFIABLE,187,0,data/test/3sat/400/3sat_88.cnf,0.3139302730560303,0.0,0.0,0.3139302730560303,0.5807092730560303,3sat_88.cnf,one_shot,One-shot,3,True,False,runs/analysis/full400_seed_robustness/raw/one_shot/seed3.csv
188,2.0,1423594.0,1629467.0,83658436.0,59.9709,INDETERMINATE,188,0,data/test/3sat/400/3sat_89.cnf,0.3139302730560303,0.0,0.0,0.3139302730560303,60.28483027305603,3sat_89.cnf,one_shot,One-shot,3,False,True,runs/analysis/full400_seed_robustness/raw/one_shot/seed3.csv
189,2.0,1510925.0,1720735.0,86901957.0,59.9894,INDETERMINATE,189,0,data/test/3sat/400/3sat_9.cnf,0.3139302730560303,0.0,0.0,0.3139302730560303,60.303330273056034,3sat_9.cnf,one_shot,One-shot,3,False,True,runs/analysis/full400_seed_robustness/raw/one_shot/seed3.csv
190,2.0,1433096.0,1652022.0,83701967.0,59.9789,INDETERMINATE,190,0,data/test/3sat/400/3sat_90.cnf,0.3081574440002441,0.0,0.0,0.3081574440002441,60.28705744400025,3sat_90.cnf,one_shot,One-shot,3,False,True,runs/analysis/full400_seed_robustness/raw/one_shot/seed3.csv
191,1.0,10042.0,11941.0,654479.0,0.227344,SATISFIABLE,191,0,data/test/3sat/400/3sat_91.cnf,0.3081574440002441,0.0,0.0,0.3081574440002441,0.5355014440002441,3sat_91.cnf,one_shot,One-shot,3,True,False,runs/analysis/full400_seed_robustness/raw/one_shot/seed3.csv
192,2.0,253822.0,290337.0,15713394.0,8.84114,SATISFIABLE,192,0,data/test/3sat/400/3sat_92.cnf,0.3081574440002441,0.0,0.0,0.3081574440002441,9.149297444000243,3sat_92.cnf,one_shot,One-shot,3,True,False,runs/analysis/full400_seed_robustness/raw/one_shot/seed3.csv
193,2.0,621792.0,720709.0,37565651.0,23.0929,SATISFIABLE,193,0,data/test/3sat/400/3sat_93.cnf,0.3081574440002441,0.0,0.0,0.3081574440002441,23.401057444000244,3sat_93.cnf,one_shot,One-shot,3,True,False,runs/analysis/full400_seed_robustness/raw/one_shot/seed3.csv
194,1.0,53988.0,62131.0,3367378.0,1.73628,SATISFIABLE,194,0,data/test/3sat/400/3sat_94.cnf,0.3081574440002441,0.0,0.0,0.3081574440002441,2.044437444000244,3sat_94.cnf,one_shot,One-shot,3,True,False,runs/analysis/full400_seed_robustness/raw/one_shot/seed3.csv
195,2.0,1427968.0,1626174.0,79984797.0,59.972,INDETERMINATE,195,0,data/test/3sat/400/3sat_95.cnf,0.3081574440002441,0.0,0.0,0.3081574440002441,60.280157444000245,3sat_95.cnf,one_shot,One-shot,3,False,True,runs/analysis/full400_seed_robustness/raw/one_shot/seed3.csv
196,1.0,9083.0,10962.0,575264.0,0.214811,SATISFIABLE,196,0,data/test/3sat/400/3sat_96.cnf,0.3081574440002441,0.0,0.0,0.3081574440002441,0.5229684440002441,3sat_96.cnf,one_shot,One-shot,3,True,False,runs/analysis/full400_seed_robustness/raw/one_shot/seed3.csv
197,2.0,1464505.0,1685588.0,86476548.0,59.9682,INDETERMINATE,197,0,data/test/3sat/400/3sat_97.cnf,0.3081574440002441,0.0,0.0,0.3081574440002441,60.27635744400025,3sat_97.cnf,one_shot,One-shot,3,False,True,runs/analysis/full400_seed_robustness/raw/one_shot/seed3.csv
198,2.0,1480675.0,1678227.0,83470272.0,59.9898,INDETERMINATE,198,0,data/test/3sat/400/3sat_98.cnf,0.3081574440002441,0.0,0.0,0.3081574440002441,60.29795744400025,3sat_98.cnf,one_shot,One-shot,3,False,True,runs/analysis/full400_seed_robustness/raw/one_shot/seed3.csv
199,2.0,1486503.0,1696652.0,82040880.0,59.9647,INDETERMINATE,199,0,data/test/3sat/400/3sat_99.cnf,0.3081574440002441,0.0,0.0,0.3081574440002441,60.272857444000245,3sat_99.cnf,one_shot,One-shot,3,False,True,runs/analysis/full400_seed_robustness/raw/one_shot/seed3.csv
0,2.0,1420851.0,1621340.0,79232561.0,59.9634,INDETERMINATE,0,0,data/test/3sat/400/3sat_0.cnf,0.0045936107635498,0.087123,0.4059681892395019,0.4105618000030517,60.46108480000305,3sat_0.cnf,online_consistent_boundary400,Online-Consistent Selector,3,False,True,runs/analysis/full400_seed_robustness/raw/online_consistent_boundary400/seed3.csv
1,1.0,73715.0,85712.0,4316774.0,2.86635,SATISFIABLE,1,0,data/test/3sat/400/3sat_1.cnf,0.0045936107635498,0.082818,0.4059681892395019,0.4105618000030517,3.359729800003052,3sat_1.cnf,online_consistent_boundary400,Online-Consistent Selector,3,True,False,runs/analysis/full400_seed_robustness/raw/online_consistent_boundary400/seed3.csv
2,2.0,1496849.0,1709161.0,84460546.0,59.9649,INDETERMINATE,2,0,data/test/3sat/400/3sat_10.cnf,0.0045936107635498,0.075722,0.4059681892395019,0.4105618000030517,60.45118380000305,3sat_10.cnf,online_consistent_boundary400,Online-Consistent Selector,3,False,True,runs/analysis/full400_seed_robustness/raw/online_consistent_boundary400/seed3.csv
3,1.0,3392.0,4166.0,213902.0,0.062094,SATISFIABLE,3,0,data/test/3sat/400/3sat_100.cnf,0.0045936107635498,0.089581,0.4059681892395019,0.4105618000030517,0.5622368000030518,3sat_100.cnf,online_consistent_boundary400,Online-Consistent Selector,3,True,False,runs/analysis/full400_seed_robustness/raw/online_consistent_boundary400/seed3.csv
4,2.0,1423810.0,1627134.0,79982720.0,59.9634,INDETERMINATE,4,0,data/test/3sat/400/3sat_101.cnf,0.0045936107635498,0.0833879999999999,0.4059681892395019,0.4105618000030517,60.45734980000305,3sat_101.cnf,online_consistent_boundary400,Online-Consistent Selector,3,False,True,runs/analysis/full400_seed_robustness/raw/online_consistent_boundary400/seed3.csv
5,2.0,1464329.0,1694235.0,83766783.0,59.9628,INDETERMINATE,5,0,data/test/3sat/400/3sat_102.cnf,0.0045936107635498,0.084148,0.4059681892395019,0.4105618000030517,60.45750980000305,3sat_102.cnf,online_consistent_boundary400,Online-Consistent Selector,3,False,True,runs/analysis/full400_seed_robustness/raw/online_consistent_boundary400/seed3.csv
6,2.0,1494916.0,1724846.0,86077255.0,59.9845,INDETERMINATE,6,0,data/test/3sat/400/3sat_103.cnf,0.0045936107635498,0.078246,0.4059681892395019,0.4105618000030517,60.47330780000305,3sat_103.cnf,online_consistent_boundary400,Online-Consistent Selector,3,False,True,runs/analysis/full400_seed_robustness/raw/online_consistent_boundary400/seed3.csv
7,2.0,1425522.0,1628591.0,79312944.0,59.98,INDETERMINATE,7,0,data/test/3sat/400/3sat_104.cnf,0.0045936107635498,0.0898219999999999,0.4059681892395019,0.4105618000030517,60.48038380000305,3sat_104.cnf,online_consistent_boundary400,Online-Consistent Selector,3,False,True,runs/analysis/full400_seed_robustness/raw/online_consistent_boundary400/seed3.csv
8,2.0,1559678.0,1774488.0,89220984.0,59.986,INDETERMINATE,8,0,data/test/3sat/400/3sat_105.cnf,0.0045936107635498,0.074411,0.4059681892395019,0.4105618000030517,60.47097280000305,3sat_105.cnf,online_consistent_boundary400,Online-Consistent Selector,3,False,True,runs/analysis/full400_seed_robustness/raw/online_consistent_boundary400/seed3.csv
9,2.0,1444780.0,1652008.0,80480249.0,59.972,INDETERMINATE,9,0,data/test/3sat/400/3sat_106.cnf,0.0045936107635498,0.071116,0.4059681892395019,0.4105618000030517,60.45367780000306,3sat_106.cnf,online_consistent_boundary400,Online-Consistent Selector,3,False,True,runs/analysis/full400_seed_robustness/raw/online_consistent_boundary400/seed3.csv
10,2.0,1379640.0,1585074.0,78691224.0,59.9728,INDETERMINATE,10,0,data/test/3sat/400/3sat_107.cnf,0.0036172866821289,0.074291,0.2999172210693359,0.3035345077514648,60.35062550775147,3sat_107.cnf,online_consistent_boundary400,Online-Consistent Selector,3,False,True,runs/analysis/full400_seed_robustness/raw/online_consistent_boundary400/seed3.csv
11,2.0,1471774.0,1695303.0,82427268.0,59.9794,INDETERMINATE,11,0,data/test/3sat/400/3sat_108.cnf,0.0036172866821289,0.080536,0.2999172210693359,0.3035345077514648,60.363470507751465,3sat_108.cnf,online_consistent_boundary400,Online-Consistent Selector,3,False,True,runs/analysis/full400_seed_robustness/raw/online_consistent_boundary400/seed3.csv
12,2.0,1544381.0,1769589.0,86486102.0,59.9783,INDETERMINATE,12,0,data/test/3sat/400/3sat_109.cnf,0.0036172866821289,0.080481,0.2999172210693359,0.3035345077514648,60.36231550775146,3sat_109.cnf,online_consistent_boundary400,Online-Consistent Selector,3,False,True,runs/analysis/full400_seed_robustness/raw/online_consistent_boundary400/seed3.csv
13,1.0,40661.0,47692.0,2496556.0,1.39662,SATISFIABLE,13,0,data/test/3sat/400/3sat_11.cnf,0.0036172866821289,0.086216,0.2999172210693359,0.3035345077514648,1.7863705077514649,3sat_11.cnf,online_consistent_boundary400,Online-Consistent Selector,3,True,False,runs/analysis/full400_seed_robustness/raw/online_consistent_boundary400/seed3.csv
14,2.0,1490337.0,1710298.0,86178266.0,59.9826,INDETERMINATE,14,0,data/test/3sat/400/3sat_110.cnf,0.0036172866821289,0.075256,0.2999172210693359,0.3035345077514648,60.361390507751466,3sat_110.cnf,online_consistent_boundary400,Online-Consistent Selector,3,False,True,runs/analysis/full400_seed_robustness/raw/online_consistent_boundary400/seed3.csv
15,2.0,1449813.0,1663232.0,84674026.0,59.9654,INDETERMINATE,15,0,data/test/3sat/400/3sat_111.cnf,0.0036172866821289,0.067406,0.2999172210693359,0.3035345077514648,60.336340507751466,3sat_111.cnf,online_consistent_boundary400,Online-Consistent Selector,3,False,True,runs/analysis/full400_seed_robustness/raw/online_consistent_boundary400/seed3.csv
16,2.0,1494914.0,1699290.0,86438931.0,59.9764,INDETERMINATE,16,0,data/test/3sat/400/3sat_112.cnf,0.0036172866821289,0.072792,0.2999172210693359,0.3035345077514648,60.35272650775146,3sat_112.cnf,online_consistent_boundary400,Online-Consistent Selector,3,False,True,runs/analysis/full400_seed_robustness/raw/online_consistent_boundary400/seed3.csv
17,2.0,1403387.0,1592430.0,80479387.0,59.9744,INDETERMINATE,17,0,data/test/3sat/400/3sat_113.cnf,0.0036172866821289,0.084758,0.2999172210693359,0.3035345077514648,60.36269250775147,3sat_113.cnf,online_consistent_boundary400,Online-Consistent Selector,3,False,True,runs/analysis/full400_seed_robustness/raw/online_consistent_boundary400/seed3.csv
18,2.0,1469099.0,1687007.0,83116632.0,59.9856,INDETERMINATE,18,0,data/test/3sat/400/3sat_114.cnf,0.0036172866821289,0.083287,0.2999172210693359,0.3035345077514648,60.37242150775146,3sat_114.cnf,online_consistent_boundary400,Online-Consistent Selector,3,False,True,runs/analysis/full400_seed_robustness/raw/online_consistent_boundary400/seed3.csv
19,2.0,1395640.0,1593619.0,78845207.0,59.9846,INDETERMINATE,19,0,data/test/3sat/400/3sat_115.cnf,0.0036172866821289,0.06688,0.2999172210693359,0.3035345077514648,60.35501450775146,3sat_115.cnf,online_consistent_boundary400,Online-Consistent Selector,3,False,True,runs/analysis/full400_seed_robustness/raw/online_consistent_boundary400/seed3.csv
20,2.0,1474447.0,1678395.0,82329784.0,59.9846,INDETERMINATE,20,0,data/test/3sat/400/3sat_116.cnf,0.0053150653839111,0.071725,0.3205492496490478,0.325864315032959,60.38218931503296,3sat_116.cnf,online_consistent_boundary400,Online-Consistent Selector,3,False,True,runs/analysis/full400_seed_robustness/raw/online_consistent_boundary400/seed3.csv
21,2.0,1478244.0,1692171.0,82567876.0,59.9885,INDETERMINATE,21,0,data/test/3sat/400/3sat_117.cnf,0.0053150653839111,0.077207,0.3205492496490478,0.325864315032959,60.39157131503296,3sat_117.cnf,online_consistent_boundary400,Online-Consistent Selector,3,False,True,runs/analysis/full400_seed_robustness/raw/online_consistent_boundary400/seed3.csv
22,2.0,1470137.0,1680689.0,82708632.0,59.9797,INDETERMINATE,22,0,data/test/3sat/400/3sat_118.cnf,0.0053150653839111,0.085487,0.3205492496490478,0.325864315032959,60.39105131503296,3sat_118.cnf,online_consistent_boundary400,Online-Consistent Selector,3,False,True,runs/analysis/full400_seed_robustness/raw/online_consistent_boundary400/seed3.csv
23,2.0,1531590.0,1751173.0,84692759.0,59.9784,INDETERMINATE,23,0,data/test/3sat/400/3sat_119.cnf,0.0053150653839111,0.073617,0.3205492496490478,0.325864315032959,60.37788131503296,3sat_119.cnf,online_consistent_boundary400,Online-Consistent Selector,3,False,True,runs/analysis/full400_seed_robustness/raw/online_consistent_boundary400/seed3.csv
24,2.0,1443999.0,1651398.0,81106097.0,59.9869,INDETERMINATE,24,0,data/test/3sat/400/3sat_12.cnf,0.0053150653839111,0.072851,0.3205492496490478,0.325864315032959,60.38561531503296,3sat_12.cnf,online_consistent_boundary400,Online-Consistent Selector,3,False,True,runs/analysis/full400_seed_robustness/raw/online_consistent_boundary400/seed3.csv
25,1.0,23077.0,27394.0,1439359.0,0.657416,SATISFIABLE,25,0,data/test/3sat/400/3sat_120.cnf,0.0053150653839111,0.075122,0.3205492496490478,0.325864315032959,1.058402315032959,3sat_120.cnf,online_consistent_boundary400,Online-Consistent Selector,3,True,False,runs/analysis/full400_seed_robustness/raw/online_consistent_boundary400/seed3.csv
26,1.0,47329.0,54623.0,2823769.0,1.36706,SATISFIABLE,26,0,data/test/3sat/400/3sat_121.cnf,0.0053150653839111,0.081231,0.3205492496490478,0.325864315032959,1.774155315032959,3sat_121.cnf,online_consistent_boundary400,Online-Consistent Selector,3,True,False,runs/analysis/full400_seed_robustness/raw/online_consistent_boundary400/seed3.csv
27,2.0,1503819.0,1720386.0,85973168.0,59.9922,INDETERMINATE,27,0,data/test/3sat/400/3sat_122.cnf,0.0053150653839111,0.072643,0.3205492496490478,0.325864315032959,60.39070731503296,3sat_122.cnf,online_consistent_boundary400,Online-Consistent Selector,3,False,True,runs/analysis/full400_seed_robustness/raw/online_consistent_boundary400/seed3.csv
28,2.0,1506971.0,1714433.0,85813938.0,59.9794,INDETERMINATE,28,0,data/test/3sat/400/3sat_123.cnf,0.0053150653839111,0.085534,0.3205492496490478,0.325864315032959,60.39079831503296,3sat_123.cnf,online_consistent_boundary400,Online-Consistent Selector,3,False,True,runs/analysis/full400_seed_robustness/raw/online_consistent_boundary400/seed3.csv
29,1.0,654.0,900.0,43163.0,0.014033,SATISFIABLE,29,0,data/test/3sat/400/3sat_124.cnf,0.0053150653839111,0.043242,0.3205492496490478,0.325864315032959,0.383139315032959,3sat_124.cnf,online_consistent_boundary400,Online-Consistent Selector,3,True,False,runs/analysis/full400_seed_robustness/raw/online_consistent_boundary400/seed3.csv
30,1.0,87018.0,101016.0,5296049.0,3.13666,SATISFIABLE,30,0,data/test/3sat/400/3sat_125.cnf,0.0045905113220214,0.08975,0.3221058845520019,0.3266963958740234,3.5531063958740234,3sat_125.cnf,online_consistent_boundary400,Online-Consistent Selector,3,True,False,runs/analysis/full400_seed_robustness/raw/online_consistent_boundary400/seed3.csv
31,2.0,1487826.0,1701201.0,85285236.0,59.9894,INDETERMINATE,31,0,data/test/3sat/400/3sat_126.cnf,0.0045905113220214,0.085009,0.3221058845520019,0.3266963958740234,60.401105395874026,3sat_126.cnf,online_consistent_boundary400,Online-Consistent Selector,3,False,True,runs/analysis/full400_seed_robustness/raw/online_consistent_boundary400/seed3.csv
32,2.0,1439781.0,1666641.0,84258271.0,59.9826,INDETERMINATE,32,0,data/test/3sat/400/3sat_127.cnf,0.0045905113220214,0.065912,0.3221058845520019,0.3266963958740234,60.37520839587402,3sat_127.cnf,online_consistent_boundary400,Online-Consistent Selector,3,False,True,runs/analysis/full400_seed_robustness/raw/online_consistent_boundary400/seed3.csv
33,2.0,238642.0,275833.0,14368684.0,7.98781,SATISFIABLE,33,0,data/test/3sat/400/3sat_128.cnf,0.0045905113220214,0.073115,0.3221058845520019,0.3266963958740234,8.387621395874023,3sat_128.cnf,online_consistent_boundary400,Online-Consistent Selector,3,True,False,runs/analysis/full400_seed_robustness/raw/online_consistent_boundary400/seed3.csv
34,1.0,28034.0,33114.0,1750425.0,0.800474,SATISFIABLE,34,0,data/test/3sat/400/3sat_129.cnf,0.0045905113220214,0.089878,0.3221058845520019,0.3266963958740234,1.2170483958740237,3sat_129.cnf,online_consistent_boundary400,Online-Consistent Selector,3,True,False,runs/analysis/full400_seed_robustness/raw/online_consistent_boundary400/seed3.csv
35,2.0,1468969.0,1680209.0,85679899.0,59.984,INDETERMINATE,35,0,data/test/3sat/400/3sat_13.cnf,0.0045905113220214,0.078481,0.3221058845520019,0.3266963958740234,60.38917739587402,3sat_13.cnf,online_consistent_boundary400,Online-Consistent Selector,3,False,True,runs/analysis/full400_seed_robustness/raw/online_consistent_boundary400/seed3.csv
36,2.0,121568.0,139021.0,7304329.0,4.40393,SATISFIABLE,36,0,data/test/3sat/400/3sat_130.cnf,0.0045905113220214,0.071069,0.3221058845520019,0.3266963958740234,4.801695395874023,3sat_130.cnf,online_consistent_boundary400,Online-Consistent Selector,3,True,False,runs/analysis/full400_seed_robustness/raw/online_consistent_boundary400/seed3.csv
37,1.0,82086.0,96037.0,5035591.0,3.22823,SATISFIABLE,37,0,data/test/3sat/400/3sat_131.cnf,0.0045905113220214,0.08065,0.3221058845520019,0.3266963958740234,3.6355763958740233,3sat_131.cnf,online_consistent_boundary400,Online-Consistent Selector,3,True,False,runs/analysis/full400_seed_robustness/raw/online_consistent_boundary400/seed3.csv
38,1.0,2692.0,3354.0,172420.0,0.045193,SATISFIABLE,38,0,data/test/3sat/400/3sat_132.cnf,0.0045905113220214,0.067657,0.3221058845520019,0.3266963958740234,0.4395463958740234,3sat_132.cnf,online_consistent_boundary400,Online-Consistent Selector,3,True,False,runs/analysis/full400_seed_robustness/raw/online_consistent_boundary400/seed3.csv
39,2.0,1418006.0,1639627.0,82591185.0,59.9891,INDETERMINATE,39,0,data/test/3sat/400/3sat_133.cnf,0.0045905113220214,0.076435,0.3221058845520019,0.3266963958740234,60.39223139587402,3sat_133.cnf,online_consistent_boundary400,Online-Consistent Selector,3,False,True,runs/analysis/full400_seed_robustness/raw/online_consistent_boundary400/seed3.csv
40,2.0,1433328.0,1640528.0,80152616.0,59.985,INDETERMINATE,40,0,data/test/3sat/400/3sat_134.cnf,0.0052187442779541,0.067413,0.335655927658081,0.3408746719360351,60.39328767193604,3sat_134.cnf,online_consistent_boundary400,Online-Consistent Selector,3,False,True,runs/analysis/full400_seed_robustness/raw/online_consistent_boundary400/seed3.csv
41,2.0,1550058.0,1764266.0,86517115.0,59.9809,INDETERMINATE,41,0,data/test/3sat/400/3sat_135.cnf,0.0052187442779541,0.0756749999999999,0.335655927658081,0.3408746719360351,60.39744967193603,3sat_135.cnf,online_consistent_boundary400,Online-Consistent Selector,3,False,True,runs/analysis/full400_seed_robustness/raw/online_consistent_boundary400/seed3.csv
42,2.0,1449964.0,1662848.0,85086122.0,59.9796,INDETERMINATE,42,0,data/test/3sat/400/3sat_136.cnf,0.0052187442779541,0.080234,0.335655927658081,0.3408746719360351,60.40070867193603,3sat_136.cnf,online_consistent_boundary400,Online-Consistent Selector,3,False,True,runs/analysis/full400_seed_robustness/raw/online_consistent_boundary400/seed3.csv
43,2.0,1483297.0,1681461.0,80055373.0,59.9855,INDETERMINATE,43,0,data/test/3sat/400/3sat_137.cnf,0.0052187442779541,0.067703,0.335655927658081,0.3408746719360351,60.39407767193604,3sat_137.cnf,online_consistent_boundary400,Online-Consistent Selector,3,False,True,runs/analysis/full400_seed_robustness/raw/online_consistent_boundary400/seed3.csv
44,2.0,1528654.0,1738773.0,88364288.0,59.9809,INDETERMINATE,44,0,data/test/3sat/400/3sat_138.cnf,0.0052187442779541,0.068796,0.335655927658081,0.3408746719360351,60.39057067193603,3sat_138.cnf,online_consistent_boundary400,Online-Consistent Selector,3,False,True,runs/analysis/full400_seed_robustness/raw/online_consistent_boundary400/seed3.csv
45,2.0,1520820.0,1747833.0,86861680.0,59.9785,INDETERMINATE,45,0,data/test/3sat/400/3sat_139.cnf,0.0052187442779541,0.0729829999999999,0.335655927658081,0.3408746719360351,60.39235767193603,3sat_139.cnf,online_consistent_boundary400,Online-Consistent Selector,3,False,True,runs/analysis/full400_seed_robustness/raw/online_consistent_boundary400/seed3.csv
46,2.0,133587.0,154405.0,8365184.0,5.18889,SATISFIABLE,46,0,data/test/3sat/400/3sat_14.cnf,0.0052187442779541,0.0870789999999999,0.335655927658081,0.3408746719360351,5.616843671936035,3sat_14.cnf,online_consistent_boundary400,Online-Consistent Selector,3,True,False,runs/analysis/full400_seed_robustness/raw/online_consistent_boundary400/seed3.csv
47,2.0,135171.0,155254.0,8243385.0,4.97455,SATISFIABLE,47,0,data/test/3sat/400/3sat_140.cnf,0.0052187442779541,0.058834,0.335655927658081,0.3408746719360351,5.374258671936035,3sat_140.cnf,online_consistent_boundary400,Online-Consistent Selector,3,True,False,runs/analysis/full400_seed_robustness/raw/online_consistent_boundary400/seed3.csv
48,1.0,71109.0,82102.0,4299119.0,2.92029,SATISFIABLE,48,0,data/test/3sat/400/3sat_141.cnf,0.0052187442779541,0.078361,0.335655927658081,0.3408746719360351,3.3395256719360358,3sat_141.cnf,online_consistent_boundary400,Online-Consistent Selector,3,True,False,runs/analysis/full400_seed_robustness/raw/online_consistent_boundary400/seed3.csv
49,1.0,61037.0,70865.0,3765471.0,2.10397,SATISFIABLE,49,0,data/test/3sat/400/3sat_142.cnf,0.0052187442779541,0.079526,0.335655927658081,0.3408746719360351,2.524370671936035,3sat_142.cnf,online_consistent_boundary400,Online-Consistent Selector,3,True,False,runs/analysis/full400_seed_robustness/raw/online_consistent_boundary400/seed3.csv
50,2.0,1467874.0,1685114.0,84403903.0,59.9723,INDETERMINATE,50,0,data/test/3sat/400/3sat_143.cnf,0.0039951801300048,0.067817,0.3272538185119629,0.3312489986419678,60.37136599864196,3sat_143.cnf,online_consistent_boundary400,Online-Consistent Selector,3,False,True,runs/analysis/full400_seed_robustness/raw/online_consistent_boundary400/seed3.csv
51,2.0,1384941.0,1573417.0,77173491.0,59.9917,INDETERMINATE,51,0,data/test/3sat/400/3sat_144.cnf,0.0039951801300048,0.0724559999999999,0.3272538185119629,0.3312489986419678,60.39540499864197,3sat_144.cnf,online_consistent_boundary400,Online-Consistent Selector,3,False,True,runs/analysis/full400_seed_robustness/raw/online_consistent_boundary400/seed3.csv
52,2.0,1430900.0,1654854.0,81777411.0,59.9735,INDETERMINATE,52,0,data/test/3sat/400/3sat_145.cnf,0.0039951801300048,0.0732579999999999,0.3272538185119629,0.3312489986419678,60.37800699864197,3sat_145.cnf,online_consistent_boundary400,Online-Consistent Selector,3,False,True,runs/analysis/full400_seed_robustness/raw/online_consistent_boundary400/seed3.csv
53,2.0,1452159.0,1662259.0,81501911.0,59.9777,INDETERMINATE,53,0,data/test/3sat/400/3sat_146.cnf,0.0039951801300048,0.0743429999999999,0.3272538185119629,0.3312489986419678,60.383291998641965,3sat_146.cnf,online_consistent_boundary400,Online-Consistent Selector,3,False,True,runs/analysis/full400_seed_robustness/raw/online_consistent_boundary400/seed3.csv
54,2.0,392510.0,450448.0,23393708.0,13.1071,SATISFIABLE,54,0,data/test/3sat/400/3sat_147.cnf,0.0039951801300048,0.068777,0.3272538185119629,0.3312489986419678,13.50712599864197,3sat_147.cnf,online_consistent_boundary400,Online-Consistent Selector,3,True,False,runs/analysis/full400_seed_robustness/raw/online_consistent_boundary400/seed3.csv
55,2.0,1490324.0,1712571.0,87091902.0,59.9761,INDETERMINATE,55,0,data/test/3sat/400/3sat_148.cnf,0.0039951801300048,0.076279,0.3272538185119629,0.3312489986419678,60.38362799864197,3sat_148.cnf,online_consistent_boundary400,Online-Consistent Selector,3,False,True,runs/analysis/full400_seed_robustness/raw/online_consistent_boundary400/seed3.csv
56,1.0,97366.0,112279.0,5819460.0,3.72685,SATISFIABLE,56,0,data/test/3sat/400/3sat_149.cnf,0.0039951801300048,0.066907,0.3272538185119629,0.3312489986419678,4.125005998641968,3sat_149.cnf,online_consistent_boundary400,Online-Consistent Selector,3,True,False,runs/analysis/full400_seed_robustness/raw/online_consistent_boundary400/seed3.csv
57,2.0,1494655.0,1698752.0,84993618.0,59.9962,INDETERMINATE,57,0,data/test/3sat/400/3sat_15.cnf,0.0039951801300048,0.0894409999999999,0.3272538185119629,0.3312489986419678,60.41688999864197,3sat_15.cnf,online_consistent_boundary400,Online-Consistent Selector,3,False,True,runs/analysis/full400_seed_robustness/raw/online_consistent_boundary400/seed3.csv
58,1.0,16970.0,19929.0,1057698.0,0.382517,SATISFIABLE,58,0,data/test/3sat/400/3sat_150.cnf,0.0039951801300048,0.0784469999999999,0.3272538185119629,0.3312489986419678,0.7922129986419677,3sat_150.cnf,online_consistent_boundary400,Online-Consistent Selector,3,True,False,runs/analysis/full400_seed_robustness/raw/online_consistent_boundary400/seed3.csv
59,2.0,1464811.0,1663910.0,84453480.0,59.9746,INDETERMINATE,59,0,data/test/3sat/400/3sat_151.cnf,0.0039951801300048,0.077288,0.3272538185119629,0.3312489986419678,60.38313699864197,3sat_151.cnf,online_consistent_boundary400,Online-Consistent Selector,3,False,True,runs/analysis/full400_seed_robustness/raw/online_consistent_boundary400/seed3.csv
60,2.0,1489180.0,1714730.0,83516658.0,59.9911,INDETERMINATE,60,0,data/test/3sat/400/3sat_152.cnf,0.0044548511505126,0.076093,0.3296201229095459,0.3340749740600586,60.40126797406006,3sat_152.cnf,online_consistent_boundary400,Online-Consistent Selector,3,False,True,runs/analysis/full400_seed_robustness/raw/online_consistent_boundary400/seed3.csv
61,2.0,1437040.0,1637815.0,80589340.0,59.9873,INDETERMINATE,61,0,data/test/3sat/400/3sat_153.cnf,0.0044548511505126,0.067716,0.3296201229095459,0.3340749740600586,60.38909097406005,3sat_153.cnf,online_consistent_boundary400,Online-Consistent Selector,3,False,True,runs/analysis/full400_seed_robustness/raw/online_consistent_boundary400/seed3.csv
62,1.0,9781.0,11606.0,611335.0,0.206734,SATISFIABLE,62,0,data/test/3sat/400/3sat_154.cnf,0.0044548511505126,0.0710939999999999,0.3296201229095459,0.3340749740600586,0.6119029740600586,3sat_154.cnf,online_consistent_boundary400,Online-Consistent Selector,3,True,False,runs/analysis/full400_seed_robustness/raw/online_consistent_boundary400/seed3.csv
63,2.0,1499343.0,1708150.0,83730694.0,59.9674,INDETERMINATE,63,0,data/test/3sat/400/3sat_155.cnf,0.0044548511505126,0.068182,0.3296201229095459,0.3340749740600586,60.36965697406006,3sat_155.cnf,online_consistent_boundary400,Online-Consistent Selector,3,False,True,runs/analysis/full400_seed_robustness/raw/online_consistent_boundary400/seed3.csv
64,2.0,1458707.0,1664357.0,82768770.0,59.987,INDETERMINATE,64,0,data/test/3sat/400/3sat_156.cnf,0.0044548511505126,0.065218,0.3296201229095459,0.3340749740600586,60.38629297406006,3sat_156.cnf,online_consistent_boundary400,Online-Consistent Selector,3,False,True,runs/analysis/full400_seed_robustness/raw/online_consistent_boundary400/seed3.csv
65,2.0,873297.0,1013956.0,52333641.0,33.3912,SATISFIABLE,65,0,data/test/3sat/400/3sat_157.cnf,0.0044548511505126,0.085355,0.3296201229095459,0.3340749740600586,33.810629974060056,3sat_157.cnf,online_consistent_boundary400,Online-Consistent Selector,3,True,False,runs/analysis/full400_seed_robustness/raw/online_consistent_boundary400/seed3.csv
66,2.0,1463555.0,1657875.0,81474918.0,59.997,INDETERMINATE,66,0,data/test/3sat/400/3sat_158.cnf,0.0044548511505126,0.0755349999999999,0.3296201229095459,0.3340749740600586,60.40660997406006,3sat_158.cnf,online_consistent_boundary400,Online-Consistent Selector,3,False,True,runs/analysis/full400_seed_robustness/raw/online_consistent_boundary400/seed3.csv
67,2.0,1494416.0,1716158.0,85984678.0,59.9786,INDETERMINATE,67,0,data/test/3sat/400/3sat_159.cnf,0.0044548511505126,0.071865,0.3296201229095459,0.3340749740600586,60.38453997406006,3sat_159.cnf,online_consistent_boundary400,Online-Consistent Selector,3,False,True,runs/analysis/full400_seed_robustness/raw/online_consistent_boundary400/seed3.csv
68,2.0,1561877.0,1773814.0,89604740.0,59.9789,INDETERMINATE,68,0,data/test/3sat/400/3sat_16.cnf,0.0044548511505126,0.068774,0.3296201229095459,0.3340749740600586,60.38174897406006,3sat_16.cnf,online_consistent_boundary400,Online-Consistent Selector,3,False,True,runs/analysis/full400_seed_robustness/raw/online_consistent_boundary400/seed3.csv
69,2.0,1529299.0,1750396.0,85273857.0,59.9923,INDETERMINATE,69,0,data/test/3sat/400/3sat_160.cnf,0.0044548511505126,0.072407,0.3296201229095459,0.3340749740600586,60.39878197406006,3sat_160.cnf,online_consistent_boundary400,Online-Consistent Selector,3,False,True,runs/analysis/full400_seed_robustness/raw/online_consistent_boundary400/seed3.csv
70,2.0,1550386.0,1765194.0,89670929.0,59.9958,INDETERMINATE,70,0,data/test/3sat/400/3sat_161.cnf,0.0050394535064697,0.080155,0.3351504802703857,0.3401899337768554,60.416144933776856,3sat_161.cnf,online_consistent_boundary400,Online-Consistent Selector,3,False,True,runs/analysis/full400_seed_robustness/raw/online_consistent_boundary400/seed3.csv
71,2.0,1391773.0,1573784.0,78413049.0,59.9744,INDETERMINATE,71,0,data/test/3sat/400/3sat_162.cnf,0.0050394535064697,0.076564,0.3351504802703857,0.3401899337768554,60.391153933776856,3sat_162.cnf,online_consistent_boundary400,Online-Consistent Selector,3,False,True,runs/analysis/full400_seed_robustness/raw/online_consistent_boundary400/seed3.csv
72,2.0,915021.0,1050086.0,53803425.0,34.0171,SATISFIABLE,72,0,data/test/3sat/400/3sat_163.cnf,0.0050394535064697,0.078289,0.3351504802703857,0.3401899337768554,34.43557893377685,3sat_163.cnf,online_consistent_boundary400,Online-Consistent Selector,3,True,False,runs/analysis/full400_seed_robustness/raw/online_consistent_boundary400/seed3.csv
73,2.0,1519120.0,1743297.0,88278316.0,59.9796,INDETERMINATE,73,0,data/test/3sat/400/3sat_164.cnf,0.0050394535064697,0.076944,0.3351504802703857,0.3401899337768554,60.39673393377685,3sat_164.cnf,online_consistent_boundary400,Online-Consistent Selector,3,False,True,runs/analysis/full400_seed_robustness/raw/online_consistent_boundary400/seed3.csv
74,1.0,1169.0,1491.0,77588.0,0.016755,SATISFIABLE,74,0,data/test/3sat/400/3sat_165.cnf,0.0050394535064697,0.078998,0.3351504802703857,0.3401899337768554,0.4359429337768554,3sat_165.cnf,online_consistent_boundary400,Online-Consistent Selector,3,True,False,runs/analysis/full400_seed_robustness/raw/online_consistent_boundary400/seed3.csv
75,2.0,1569748.0,1794019.0,88589858.0,59.9687,INDETERMINATE,75,0,data/test/3sat/400/3sat_166.cnf,0.0050394535064697,0.088617,0.3351504802703857,0.3401899337768554,60.39750693377685,3sat_166.cnf,online_consistent_boundary400,Online-Consistent Selector,3,False,True,runs/analysis/full400_seed_robustness/raw/online_consistent_boundary400/seed3.csv
76,2.0,399529.0,460797.0,23951550.0,12.5825,SATISFIABLE,76,0,data/test/3sat/400/3sat_167.cnf,0.0050394535064697,0.076418,0.3351504802703857,0.3401899337768554,12.999107933776855,3sat_167.cnf,online_consistent_boundary400,Online-Consistent Selector,3,True,False,runs/analysis/full400_seed_robustness/raw/online_consistent_boundary400/seed3.csv
77,2.0,1423833.0,1609774.0,81489951.0,59.9885,INDETERMINATE,77,0,data/test/3sat/400/3sat_168.cnf,0.0050394535064697,0.07464,0.3351504802703857,0.3401899337768554,60.40332993377686,3sat_168.cnf,online_consistent_boundary400,Online-Consistent Selector,3,False,True,runs/analysis/full400_seed_robustness/raw/online_consistent_boundary400/seed3.csv
78,2.0,1443994.0,1657508.0,83393539.0,59.9691,INDETERMINATE,78,0,data/test/3sat/400/3sat_169.cnf,0.0050394535064697,0.065855,0.3351504802703857,0.3401899337768554,60.37514493377685,3sat_169.cnf,online_consistent_boundary400,Online-Consistent Selector,3,False,True,runs/analysis/full400_seed_robustness/raw/online_consistent_boundary400/seed3.csv
79,2.0,1364018.0,1562562.0,76705847.0,59.993,INDETERMINATE,79,0,data/test/3sat/400/3sat_17.cnf,0.0050394535064697,0.080852,0.3351504802703857,0.3401899337768554,60.41404193377686,3sat_17.cnf,online_consistent_boundary400,Online-Consistent Selector,3,False,True,runs/analysis/full400_seed_robustness/raw/online_consistent_boundary400/seed3.csv
80,2.0,1423764.0,1625311.0,79228757.0,59.9944,INDETERMINATE,80,0,data/test/3sat/400/3sat_170.cnf,0.0045812129974365,0.079749,0.3917617797851562,0.3963429927825928,60.47049199278259,3sat_170.cnf,online_consistent_boundary400,Online-Consistent Selector,3,False,True,runs/analysis/full400_seed_robustness/raw/online_consistent_boundary400/seed3.csv
81,2.0,1376001.0,1567869.0,78235981.0,59.9981,INDETERMINATE,81,0,data/test/3sat/400/3sat_171.cnf,0.0045812129974365,0.062839,0.3917617797851562,0.3963429927825928,60.45728199278259,3sat_171.cnf,online_consistent_boundary400,Online-Consistent Selector,3,False,True,runs/analysis/full400_seed_robustness/raw/online_consistent_boundary400/seed3.csv
82,2.0,1423990.0,1643939.0,82790844.0,59.9918,INDETERMINATE,82,0,data/test/3sat/400/3sat_172.cnf,0.0045812129974365,0.072963,0.3917617797851562,0.3963429927825928,60.46110599278259,3sat_172.cnf,online_consistent_boundary400,Online-Consistent Selector,3,False,True,runs/analysis/full400_seed_robustness/raw/online_consistent_boundary400/seed3.csv
83,2.0,1416839.0,1619762.0,81357158.0,59.9824,INDETERMINATE,83,0,data/test/3sat/400/3sat_173.cnf,0.0045812129974365,0.085613,0.3917617797851562,0.3963429927825928,60.46435599278259,3sat_173.cnf,online_consistent_boundary400,Online-Consistent Selector,3,False,True,runs/analysis/full400_seed_robustness/raw/online_consistent_boundary400/seed3.csv
84,2.0,1436117.0,1630171.0,80801934.0,59.9835,INDETERMINATE,84,0,data/test/3sat/400/3sat_174.cnf,0.0045812129974365,0.083532,0.3917617797851562,0.3963429927825928,60.46337499278259,3sat_174.cnf,online_consistent_boundary400,Online-Consistent Selector,3,False,True,runs/analysis/full400_seed_robustness/raw/online_consistent_boundary400/seed3.csv
85,2.0,1447065.0,1650019.0,80616420.0,59.9556,INDETERMINATE,85,0,data/test/3sat/400/3sat_175.cnf,0.0045812129974365,0.069074,0.3917617797851562,0.3963429927825928,60.42101699278259,3sat_175.cnf,online_consistent_boundary400,Online-Consistent Selector,3,False,True,runs/analysis/full400_seed_robustness/raw/online_consistent_boundary400/seed3.csv
86,1.0,44850.0,52377.0,2659490.0,1.4833,SATISFIABLE,86,0,data/test/3sat/400/3sat_176.cnf,0.0045812129974365,0.085475,0.3917617797851562,0.3963429927825928,1.9651179927825928,3sat_176.cnf,online_consistent_boundary400,Online-Consistent Selector,3,True,False,runs/analysis/full400_seed_robustness/raw/online_consistent_boundary400/seed3.csv
87,2.0,1431165.0,1621592.0,82299832.0,59.9761,INDETERMINATE,87,0,data/test/3sat/400/3sat_177.cnf,0.0045812129974365,0.071286,0.3917617797851562,0.3963429927825928,60.4437289927826,3sat_177.cnf,online_consistent_boundary400,Online-Consistent Selector,3,False,True,runs/analysis/full400_seed_robustness/raw/online_consistent_boundary400/seed3.csv
88,2.0,1512604.0,1749989.0,87671804.0,59.9818,INDETERMINATE,88,0,data/test/3sat/400/3sat_178.cnf,0.0045812129974365,0.077935,0.3917617797851562,0.3963429927825928,60.45607799278259,3sat_178.cnf,online_consistent_boundary400,Online-Consistent Selector,3,False,True,runs/analysis/full400_seed_robustness/raw/online_consistent_boundary400/seed3.csv
89,2.0,1507732.0,1716714.0,86657315.0,59.9792,INDETERMINATE,89,0,data/test/3sat/400/3sat_179.cnf,0.0045812129974365,0.076415,0.3917617797851562,0.3963429927825928,60.45195799278259,3sat_179.cnf,online_consistent_boundary400,Online-Consistent Selector,3,False,True,runs/analysis/full400_seed_robustness/raw/online_consistent_boundary400/seed3.csv
90,2.0,1393544.0,1592964.0,80176971.0,59.998,INDETERMINATE,90,0,data/test/3sat/400/3sat_18.cnf,0.004451036453247,0.086952,0.3542366027832031,0.3586876392364502,60.44363963923645,3sat_18.cnf,online_consistent_boundary400,Online-Consistent Selector,3,False,True,runs/analysis/full400_seed_robustness/raw/online_consistent_boundary400/seed3.csv
91,2.0,479866.0,551097.0,28918715.0,16.6593,SATISFIABLE,91,0,data/test/3sat/400/3sat_180.cnf,0.004451036453247,0.074157,0.3542366027832031,0.3586876392364502,17.09214463923645,3sat_180.cnf,online_consistent_boundary400,Online-Consistent Selector,3,True,False,runs/analysis/full400_seed_robustness/raw/online_consistent_boundary400/seed3.csv
92,1.0,52050.0,59791.0,3130772.0,1.90668,SATISFIABLE,92,0,data/test/3sat/400/3sat_181.cnf,0.004451036453247,0.07469,0.3542366027832031,0.3586876392364502,2.3400576392364503,3sat_181.cnf,online_consistent_boundary400,Online-Consistent Selector,3,True,False,runs/analysis/full400_seed_robustness/raw/online_consistent_boundary400/seed3.csv
93,2.0,1432885.0,1640337.0,78586583.0,59.9871,INDETERMINATE,93,0,data/test/3sat/400/3sat_182.cnf,0.004451036453247,0.069577,0.3542366027832031,0.3586876392364502,60.41536463923645,3sat_182.cnf,online_consistent_boundary400,Online-Consistent Selector,3,False,True,runs/analysis/full400_seed_robustness/raw/online_consistent_boundary400/seed3.csv
94,2.0,1466835.0,1675257.0,82286136.0,59.9838,INDETERMINATE,94,0,data/test/3sat/400/3sat_183.cnf,0.004451036453247,0.067767,0.3542366027832031,0.3586876392364502,60.410254639236456,3sat_183.cnf,online_consistent_boundary400,Online-Consistent Selector,3,False,True,runs/analysis/full400_seed_robustness/raw/online_consistent_boundary400/seed3.csv
95,2.0,1450564.0,1652430.0,83126964.0,59.9707,INDETERMINATE,95,0,data/test/3sat/400/3sat_184.cnf,0.004451036453247,0.074681,0.3542366027832031,0.3586876392364502,60.40406863923645,3sat_184.cnf,online_consistent_boundary400,Online-Consistent Selector,3,False,True,runs/analysis/full400_seed_robustness/raw/online_consistent_boundary400/seed3.csv
96,2.0,1571489.0,1777145.0,88232283.0,59.9734,INDETERMINATE,96,0,data/test/3sat/400/3sat_185.cnf,0.004451036453247,0.069134,0.3542366027832031,0.3586876392364502,60.40122163923645,3sat_185.cnf,online_consistent_boundary400,Online-Consistent Selector,3,False,True,runs/analysis/full400_seed_robustness/raw/online_consistent_boundary400/seed3.csv
97,2.0,1355464.0,1548709.0,74019505.0,59.9819,INDETERMINATE,97,0,data/test/3sat/400/3sat_186.cnf,0.004451036453247,0.068689,0.3542366027832031,0.3586876392364502,60.40927663923645,3sat_186.cnf,online_consistent_boundary400,Online-Consistent Selector,3,False,True,runs/analysis/full400_seed_robustness/raw/online_consistent_boundary400/seed3.csv
98,2.0,1386665.0,1596170.0,78196779.0,59.9852,INDETERMINATE,98,0,data/test/3sat/400/3sat_187.cnf,0.004451036453247,0.084613,0.3542366027832031,0.3586876392364502,60.42850063923645,3sat_187.cnf,online_consistent_boundary400,Online-Consistent Selector,3,False,True,runs/analysis/full400_seed_robustness/raw/online_consistent_boundary400/seed3.csv
99,2.0,1536169.0,1754541.0,87843282.0,59.987,INDETERMINATE,99,0,data/test/3sat/400/3sat_188.cnf,0.004451036453247,0.075712,0.3542366027832031,0.3586876392364502,60.421399639236455,3sat_188.cnf,online_consistent_boundary400,Online-Consistent Selector,3,False,True,runs/analysis/full400_seed_robustness/raw/online_consistent_boundary400/seed3.csv
100,2.0,486885.0,560599.0,28846336.0,17.2582,SATISFIABLE,100,0,data/test/3sat/400/3sat_189.cnf,0.0038583278656005,0.066135,0.2638430595397949,0.2677013874053955,17.592036387405393,3sat_189.cnf,online_consistent_boundary400,Online-Consistent Selector,3,True,False,runs/analysis/full400_seed_robustness/raw/online_consistent_boundary400/seed3.csv
101,1.0,32619.0,37875.0,1910478.0,1.08988,SATISFIABLE,101,0,data/test/3sat/400/3sat_19.cnf,0.0038583278656005,0.077274,0.2638430595397949,0.2677013874053955,1.4348553874053955,3sat_19.cnf,online_consistent_boundary400,Online-Consistent Selector,3,True,False,runs/analysis/full400_seed_robustness/raw/online_consistent_boundary400/seed3.csv
102,1.0,1353.0,1762.0,87323.0,0.025194,SATISFIABLE,102,0,data/test/3sat/400/3sat_190.cnf,0.0038583278656005,0.066574,0.2638430595397949,0.2677013874053955,0.3594693874053954,3sat_190.cnf,online_consistent_boundary400,Online-Consistent Selector,3,True,False,runs/analysis/full400_seed_robustness/raw/online_consistent_boundary400/seed3.csv
103,2.0,1433849.0,1648971.0,79945558.0,59.9747,INDETERMINATE,103,0,data/test/3sat/400/3sat_191.cnf,0.0038583278656005,0.078149,0.2638430595397949,0.2677013874053955,60.3205503874054,3sat_191.cnf,online_consistent_boundary400,Online-Consistent Selector,3,False,True,runs/analysis/full400_seed_robustness/raw/online_consistent_boundary400/seed3.csv
104,2.0,1403200.0,1618852.0,79213030.0,59.9783,INDETERMINATE,104,0,data/test/3sat/400/3sat_192.cnf,0.0038583278656005,0.080894,0.2638430595397949,0.2677013874053955,60.32689538740539,3sat_192.cnf,online_consistent_boundary400,Online-Consistent Selector,3,False,True,runs/analysis/full400_seed_robustness/raw/online_consistent_boundary400/seed3.csv
105,2.0,1393992.0,1590942.0,80674052.0,59.9726,INDETERMINATE,105,0,data/test/3sat/400/3sat_193.cnf,0.0038583278656005,0.076072,0.2638430595397949,0.2677013874053955,60.3163733874054,3sat_193.cnf,online_consistent_boundary400,Online-Consistent Selector,3,False,True,runs/analysis/full400_seed_robustness/raw/online_consistent_boundary400/seed3.csv
106,2.0,1362002.0,1546344.0,77632895.0,59.9925,INDETERMINATE,106,0,data/test/3sat/400/3sat_194.cnf,0.0038583278656005,0.072891,0.2638430595397949,0.2677013874053955,60.333092387405394,3sat_194.cnf,online_consistent_boundary400,Online-Consistent Selector,3,False,True,runs/analysis/full400_seed_robustness/raw/online_consistent_boundary400/seed3.csv
107,2.0,1482203.0,1691236.0,86522513.0,59.9818,INDETERMINATE,107,0,data/test/3sat/400/3sat_195.cnf,0.0038583278656005,0.073044,0.2638430595397949,0.2677013874053955,60.3225453874054,3sat_195.cnf,online_consistent_boundary400,Online-Consistent Selector,3,False,True,runs/analysis/full400_seed_robustness/raw/online_consistent_boundary400/seed3.csv
108,2.0,885139.0,1017689.0,51832819.0,31.6856,SATISFIABLE,108,0,data/test/3sat/400/3sat_196.cnf,0.0038583278656005,0.080711,0.2638430595397949,0.2677013874053955,32.0340123874054,3sat_196.cnf,online_consistent_boundary400,Online-Consistent Selector,3,True,False,runs/analysis/full400_seed_robustness/raw/online_consistent_boundary400/seed3.csv
109,2.0,1458324.0,1663007.0,81794265.0,59.9741,INDETERMINATE,109,0,data/test/3sat/400/3sat_197.cnf,0.0038583278656005,0.063994,0.2638430595397949,0.2677013874053955,60.3057953874054,3sat_197.cnf,online_consistent_boundary400,Online-Consistent Selector,3,False,True,runs/analysis/full400_seed_robustness/raw/online_consistent_boundary400/seed3.csv
110,2.0,1461606.0,1681885.0,83584676.0,59.9622,INDETERMINATE,110,0,data/test/3sat/400/3sat_198.cnf,0.005730390548706,0.0779229999999999,0.2951014041900635,0.3008317947387695,60.34095479473877,3sat_198.cnf,online_consistent_boundary400,Online-Consistent Selector,3,False,True,runs/analysis/full400_seed_robustness/raw/online_consistent_boundary400/seed3.csv
111,2.0,1406192.0,1610951.0,78500929.0,59.9669,INDETERMINATE,111,0,data/test/3sat/400/3sat_199.cnf,0.005730390548706,0.069452,0.2951014041900635,0.3008317947387695,60.33718379473877,3sat_199.cnf,online_consistent_boundary400,Online-Consistent Selector,3,False,True,runs/analysis/full400_seed_robustness/raw/online_consistent_boundary400/seed3.csv
112,2.0,1431704.0,1634488.0,83157960.0,59.9872,INDETERMINATE,112,0,data/test/3sat/400/3sat_2.cnf,0.005730390548706,0.079992,0.2951014041900635,0.3008317947387695,60.36802379473877,3sat_2.cnf,online_consistent_boundary400,Online-Consistent Selector,3,False,True,runs/analysis/full400_seed_robustness/raw/online_consistent_boundary400/seed3.csv
113,2.0,361980.0,419239.0,21758927.0,12.1826,SATISFIABLE,113,0,data/test/3sat/400/3sat_20.cnf,0.005730390548706,0.087919,0.2951014041900635,0.3008317947387695,12.57135079473877,3sat_20.cnf,online_consistent_boundary400,Online-Consistent Selector,3,True,False,runs/analysis/full400_seed_robustness/raw/online_consistent_boundary400/seed3.csv
114,2.0,1429285.0,1654487.0,83206597.0,59.9583,INDETERMINATE,114,0,data/test/3sat/400/3sat_21.cnf,0.005730390548706,0.07438,0.2951014041900635,0.3008317947387695,60.33351179473877,3sat_21.cnf,online_consistent_boundary400,Online-Consistent Selector,3,False,True,runs/analysis/full400_seed_robustness/raw/online_consistent_boundary400/seed3.csv
115,1.0,43107.0,50298.0,2657822.0,1.40596,SATISFIABLE,115,0,data/test/3sat/400/3sat_22.cnf,0.005730390548706,0.077719,0.2951014041900635,0.3008317947387695,1.7845107947387695,3sat_22.cnf,online_consistent_boundary400,Online-Consistent Selector,3,True,False,runs/analysis/full400_seed_robustness/raw/online_consistent_boundary400/seed3.csv
116,2.0,1370127.0,1567789.0,76078187.0,59.9736,INDETERMINATE,116,0,data/test/3sat/400/3sat_23.cnf,0.005730390548706,0.07989,0.2951014041900635,0.3008317947387695,60.354321794738766,3sat_23.cnf,online_consistent_boundary400,Online-Consistent Selector,3,False,True,runs/analysis/full400_seed_robustness/raw/online_consistent_boundary400/seed3.csv
117,1.0,97677.0,112677.0,5872880.0,4.16857,SATISFIABLE,117,0,data/test/3sat/400/3sat_24.cnf,0.005730390548706,0.069549,0.2951014041900635,0.3008317947387695,4.53895079473877,3sat_24.cnf,online_consistent_boundary400,Online-Consistent Selector,3,True,False,runs/analysis/full400_seed_robustness/raw/online_consistent_boundary400/seed3.csv
118,1.0,41249.0,47888.0,2486997.0,1.18969,SATISFIABLE,118,0,data/test/3sat/400/3sat_25.cnf,0.005730390548706,0.072247,0.2951014041900635,0.3008317947387695,1.5627687947387694,3sat_25.cnf,online_consistent_boundary400,Online-Consistent Selector,3,True,False,runs/analysis/full400_seed_robustness/raw/online_consistent_boundary400/seed3.csv
119,2.0,1363838.0,1556999.0,78185850.0,59.982,INDETERMINATE,119,0,data/test/3sat/400/3sat_26.cnf,0.005730390548706,0.080164,0.2951014041900635,0.3008317947387695,60.36299579473877,3sat_26.cnf,online_consistent_boundary400,Online-Consistent Selector,3,False,True,runs/analysis/full400_seed_robustness/raw/online_consistent_boundary400/seed3.csv
120,1.0,9470.0,11447.0,605518.0,0.197301,SATISFIABLE,120,0,data/test/3sat/400/3sat_27.cnf,0.0040256977081298,0.080311,0.3207101821899414,0.3247358798980713,0.6023478798980713,3sat_27.cnf,online_consistent_boundary400,Online-Consistent Selector,3,True,False,runs/analysis/full400_seed_robustness/raw/online_consistent_boundary400/seed3.csv
121,2.0,1498518.0,1715163.0,84893167.0,60.0141,INDETERMINATE,121,0,data/test/3sat/400/3sat_28.cnf,0.0040256977081298,0.05896,0.3207101821899414,0.3247358798980713,60.39779587989807,3sat_28.cnf,online_consistent_boundary400,Online-Consistent Selector,3,False,True,runs/analysis/full400_seed_robustness/raw/online_consistent_boundary400/seed3.csv
122,2.0,1529050.0,1742218.0,87918867.0,59.9863,INDETERMINATE,122,0,data/test/3sat/400/3sat_29.cnf,0.0040256977081298,0.077569,0.3207101821899414,0.3247358798980713,60.38860487989807,3sat_29.cnf,online_consistent_boundary400,Online-Consistent Selector,3,False,True,runs/analysis/full400_seed_robustness/raw/online_consistent_boundary400/seed3.csv
123,2.0,1518863.0,1741594.0,89381495.0,59.9837,INDETERMINATE,123,0,data/test/3sat/400/3sat_3.cnf,0.0040256977081298,0.07796,0.3207101821899414,0.3247358798980713,60.38639587989807,3sat_3.cnf,online_consistent_boundary400,Online-Consistent Selector,3,False,True,runs/analysis/full400_seed_robustness/raw/online_consistent_boundary400/seed3.csv
124,2.0,1397706.0,1598131.0,79518848.0,59.977,INDETERMINATE,124,0,data/test/3sat/400/3sat_30.cnf,0.0040256977081298,0.077215,0.3207101821899414,0.3247358798980713,60.37895087989807,3sat_30.cnf,online_consistent_boundary400,Online-Consistent Selector,3,False,True,runs/analysis/full400_seed_robustness/raw/online_consistent_boundary400/seed3.csv
125,2.0,1357061.0,1563321.0,76521501.0,59.9733,INDETERMINATE,125,0,data/test/3sat/400/3sat_31.cnf,0.0040256977081298,0.079767,0.3207101821899414,0.3247358798980713,60.37780287989807,3sat_31.cnf,online_consistent_boundary400,Online-Consistent Selector,3,False,True,runs/analysis/full400_seed_robustness/raw/online_consistent_boundary400/seed3.csv
126,2.0,1437891.0,1635783.0,80780790.0,59.9881,INDETERMINATE,126,0,data/test/3sat/400/3sat_32.cnf,0.0040256977081298,0.079398,0.3207101821899414,0.3247358798980713,60.39223387989807,3sat_32.cnf,online_consistent_boundary400,Online-Consistent Selector,3,False,True,runs/analysis/full400_seed_robustness/raw/online_consistent_boundary400/seed3.csv
127,2.0,1387430.0,1591888.0,79220592.0,59.9574,INDETERMINATE,127,0,data/test/3sat/400/3sat_33.cnf,0.0040256977081298,0.077667,0.3207101821899414,0.3247358798980713,60.35980287989807,3sat_33.cnf,online_consistent_boundary400,Online-Consistent Selector,3,False,True,runs/analysis/full400_seed_robustness/raw/online_consistent_boundary400/seed3.csv
128,2.0,1568782.0,1802197.0,89779901.0,59.9702,INDETERMINATE,128,0,data/test/3sat/400/3sat_34.cnf,0.0040256977081298,0.070857,0.3207101821899414,0.3247358798980713,60.36579287989807,3sat_34.cnf,online_consistent_boundary400,Online-Consistent Selector,3,False,True,runs/analysis/full400_seed_robustness/raw/online_consistent_boundary400/seed3.csv
129,2.0,1489711.0,1710744.0,82093902.0,59.9819,INDETERMINATE,129,0,data/test/3sat/400/3sat_35.cnf,0.0040256977081298,0.0712339999999999,0.3207101821899414,0.3247358798980713,60.37786987989807,3sat_35.cnf,online_consistent_boundary400,Online-Consistent Selector,3,False,True,runs/analysis/full400_seed_robustness/raw/online_consistent_boundary400/seed3.csv
130,2.0,1463347.0,1674651.0,82173885.0,59.9835,INDETERMINATE,130,0,data/test/3sat/400/3sat_36.cnf,0.0045704841613769,0.076792,0.2955570220947265,0.3001275062561035,60.3604195062561,3sat_36.cnf,online_consistent_boundary400,Online-Consistent Selector,3,False,True,runs/analysis/full400_seed_robustness/raw/online_consistent_boundary400/seed3.csv
131,2.0,1490059.0,1691247.0,83820292.0,59.9753,INDETERMINATE,131,0,data/test/3sat/400/3sat_37.cnf,0.0045704841613769,0.071732,0.2955570220947265,0.3001275062561035,60.3471595062561,3sat_37.cnf,online_consistent_boundary400,Online-Consistent Selector,3,False,True,runs/analysis/full400_seed_robustness/raw/online_consistent_boundary400/seed3.csv
132,2.0,1477870.0,1687763.0,84386828.0,59.9928,INDETERMINATE,132,0,data/test/3sat/400/3sat_38.cnf,0.0045704841613769,0.0613439999999999,0.2955570220947265,0.3001275062561035,60.3542715062561,3sat_38.cnf,online_consistent_boundary400,Online-Consistent Selector,3,False,True,runs/analysis/full400_seed_robustness/raw/online_consistent_boundary400/seed3.csv
133,2.0,1439903.0,1656760.0,80620540.0,59.9733,INDETERMINATE,133,0,data/test/3sat/400/3sat_39.cnf,0.0045704841613769,0.07478,0.2955570220947265,0.3001275062561035,60.3482075062561,3sat_39.cnf,online_consistent_boundary400,Online-Consistent Selector,3,False,True,runs/analysis/full400_seed_robustness/raw/online_consistent_boundary400/seed3.csv
134,2.0,1518642.0,1733447.0,85355837.0,59.9787,INDETERMINATE,134,0,data/test/3sat/400/3sat_4.cnf,0.0045704841613769,0.078035,0.2955570220947265,0.3001275062561035,60.35686250625611,3sat_4.cnf,online_consistent_boundary400,Online-Consistent Selector,3,False,True,runs/analysis/full400_seed_robustness/raw/online_consistent_boundary400/seed3.csv
135,2.0,1514703.0,1730927.0,86206271.0,59.9659,INDETERMINATE,135,0,data/test/3sat/400/3sat_40.cnf,0.0045704841613769,0.068191,0.2955570220947265,0.3001275062561035,60.3342185062561,3sat_40.cnf,online_consistent_boundary400,Online-Consistent Selector,3,False,True,runs/analysis/full400_seed_robustness/raw/online_consistent_boundary400/seed3.csv
136,2.0,1346278.0,1528792.0,74958069.0,59.9736,INDETERMINATE,136,0,data/test/3sat/400/3sat_41.cnf,0.0045704841613769,0.073474,0.2955570220947265,0.3001275062561035,60.3472015062561,3sat_41.cnf,online_consistent_boundary400,Online-Consistent Selector,3,False,True,runs/analysis/full400_seed_robustness/raw/online_consistent_boundary400/seed3.csv
137,2.0,1549442.0,1760624.0,84189205.0,59.9802,INDETERMINATE,137,0,data/test/3sat/400/3sat_42.cnf,0.0045704841613769,0.062461,0.2955570220947265,0.3001275062561035,60.342788506256106,3sat_42.cnf,online_consistent_boundary400,Online-Consistent Selector,3,False,True,runs/analysis/full400_seed_robustness/raw/online_consistent_boundary400/seed3.csv
138,2.0,1441038.0,1638525.0,82271765.0,59.983,INDETERMINATE,138,0,data/test/3sat/400/3sat_43.cnf,0.0045704841613769,0.0829159999999999,0.2955570220947265,0.3001275062561035,60.3660435062561,3sat_43.cnf,online_consistent_boundary400,Online-Consistent Selector,3,False,True,runs/analysis/full400_seed_robustness/raw/online_consistent_boundary400/seed3.csv
139,2.0,1429866.0,1637396.0,82613039.0,59.9516,INDETERMINATE,139,0,data/test/3sat/400/3sat_44.cnf,0.0045704841613769,0.06493,0.2955570220947265,0.3001275062561035,60.3166575062561,3sat_44.cnf,online_consistent_boundary400,Online-Consistent Selector,3,False,True,runs/analysis/full400_seed_robustness/raw/online_consistent_boundary400/seed3.csv
140,2.0,1503615.0,1695252.0,83938266.0,59.9815,INDETERMINATE,140,0,data/test/3sat/400/3sat_45.cnf,0.003873586654663,0.084736,0.3177125453948974,0.3215861320495605,60.38782213204956,3sat_45.cnf,online_consistent_boundary400,Online-Consistent Selector,3,False,True,runs/analysis/full400_seed_robustness/raw/online_consistent_boundary400/seed3.csv
141,2.0,977212.0,1110702.0,56336677.0,37.0601,SATISFIABLE,141,0,data/test/3sat/400/3sat_46.cnf,0.003873586654663,0.07531,0.3177125453948974,0.3215861320495605,37.45699613204956,3sat_46.cnf,online_consistent_boundary400,Online-Consistent Selector,3,True,False,runs/analysis/full400_seed_robustness/raw/online_consistent_boundary400/seed3.csv
142,1.0,63966.0,73444.0,4017900.0,2.56553,SATISFIABLE,142,0,data/test/3sat/400/3sat_47.cnf,0.003873586654663,0.076857,0.3177125453948974,0.3215861320495605,2.9639731320495604,3sat_47.cnf,online_consistent_boundary400,Online-Consistent Selector,3,True,False,runs/analysis/full400_seed_robustness/raw/online_consistent_boundary400/seed3.csv
143,2.0,1487066.0,1701003.0,82967988.0,59.9676,INDETERMINATE,143,0,data/test/3sat/400/3sat_48.cnf,0.003873586654663,0.075625,0.3177125453948974,0.3215861320495605,60.36481113204956,3sat_48.cnf,online_consistent_boundary400,Online-Consistent Selector,3,False,True,runs/analysis/full400_seed_robustness/raw/online_consistent_boundary400/seed3.csv
144,2.0,1436586.0,1646381.0,82959737.0,59.9825,INDETERMINATE,144,0,data/test/3sat/400/3sat_49.cnf,0.003873586654663,0.076197,0.3177125453948974,0.3215861320495605,60.38028313204956,3sat_49.cnf,online_consistent_boundary400,Online-Consistent Selector,3,False,True,runs/analysis/full400_seed_robustness/raw/online_consistent_boundary400/seed3.csv
145,2.0,1399087.0,1602827.0,79159080.0,59.9928,INDETERMINATE,145,0,data/test/3sat/400/3sat_5.cnf,0.003873586654663,0.083063,0.3177125453948974,0.3215861320495605,60.397449132049566,3sat_5.cnf,online_consistent_boundary400,Online-Consistent Selector,3,False,True,runs/analysis/full400_seed_robustness/raw/online_consistent_boundary400/seed3.csv
146,2.0,1377912.0,1576085.0,79181053.0,59.9858,INDETERMINATE,146,0,data/test/3sat/400/3sat_50.cnf,0.003873586654663,0.082569,0.3177125453948974,0.3215861320495605,60.38995513204956,3sat_50.cnf,online_consistent_boundary400,Online-Consistent Selector,3,False,True,runs/analysis/full400_seed_robustness/raw/online_consistent_boundary400/seed3.csv
147,2.0,1485121.0,1698702.0,84488500.0,59.9453,INDETERMINATE,147,0,data/test/3sat/400/3sat_51.cnf,0.003873586654663,0.088848,0.3177125453948974,0.3215861320495605,60.35573413204956,3sat_51.cnf,online_consistent_boundary400,Online-Consistent Selector,3,False,True,runs/analysis/full400_seed_robustness/raw/online_consistent_boundary400/seed3.csv
148,2.0,1543854.0,1782437.0,86983409.0,59.9491,INDETERMINATE,148,0,data/test/3sat/400/3sat_52.cnf,0.003873586654663,0.0810309999999999,0.3177125453948974,0.3215861320495605,60.351717132049565,3sat_52.cnf,online_consistent_boundary400,Online-Consistent Selector,3,False,True,runs/analysis/full400_seed_robustness/raw/online_consistent_boundary400/seed3.csv
149,2.0,1420942.0,1620385.0,77182570.0,59.974,INDETERMINATE,149,0,data/test/3sat/400/3sat_53.cnf,0.003873586654663,0.0700389999999999,0.3177125453948974,0.3215861320495605,60.36562513204956,3sat_53.cnf,online_consistent_boundary400,Online-Consistent Selector,3,False,True,runs/analysis/full400_seed_robustness/raw/online_consistent_boundary400/seed3.csv
150,2.0,612353.0,699215.0,35959808.0,22.2861,SATISFIABLE,150,0,data/test/3sat/400/3sat_54.cnf,0.0047738552093505,0.079728,0.3172359466552734,0.322009801864624,22.687837801864625,3sat_54.cnf,online_consistent_boundary400,Online-Consistent Selector,3,True,False,runs/analysis/full400_seed_robustness/raw/online_consistent_boundary400/seed3.csv
151,2.0,1519696.0,1733892.0,85719309.0,59.9809,INDETERMINATE,151,0,data/test/3sat/400/3sat_55.cnf,0.0047738552093505,0.068222,0.3172359466552734,0.322009801864624,60.37113180186462,3sat_55.cnf,online_consistent_boundary400,Online-Consistent Selector,3,False,True,runs/analysis/full400_seed_robustness/raw/online_consistent_boundary400/seed3.csv
152,2.0,1403999.0,1585548.0,80308735.0,59.9647,INDETERMINATE,152,0,data/test/3sat/400/3sat_56.cnf,0.0047738552093505,0.081593,0.3172359466552734,0.322009801864624,60.36830280186462,3sat_56.cnf,online_consistent_boundary400,Online-Consistent Selector,3,False,True,runs/analysis/full400_seed_robustness/raw/online_consistent_boundary400/seed3.csv
153,2.0,1458203.0,1657642.0,81612156.0,59.9816,INDETERMINATE,153,0,data/test/3sat/400/3sat_57.cnf,0.0047738552093505,0.075732,0.3172359466552734,0.322009801864624,60.37934180186463,3sat_57.cnf,online_consistent_boundary400,Online-Consistent Selector,3,False,True,runs/analysis/full400_seed_robustness/raw/online_consistent_boundary400/seed3.csv
154,2.0,1528180.0,1743394.0,90632675.0,59.9821,INDETERMINATE,154,0,data/test/3sat/400/3sat_58.cnf,0.0047738552093505,0.078403,0.3172359466552734,0.322009801864624,60.38251280186463,3sat_58.cnf,online_consistent_boundary400,Online-Consistent Selector,3,False,True,runs/analysis/full400_seed_robustness/raw/online_consistent_boundary400/seed3.csv
155,2.0,1498357.0,1715918.0,84335783.0,60.0008,INDETERMINATE,155,0,data/test/3sat/400/3sat_59.cnf,0.0047738552093505,0.081092,0.3172359466552734,0.322009801864624,60.40390180186462,3sat_59.cnf,online_consistent_boundary400,Online-Consistent Selector,3,False,True,runs/analysis/full400_seed_robustness/raw/online_consistent_boundary400/seed3.csv
156,2.0,1499838.0,1700639.0,83786936.0,59.9746,INDETERMINATE,156,0,data/test/3sat/400/3sat_6.cnf,0.0047738552093505,0.06222,0.3172359466552734,0.322009801864624,60.35882980186463,3sat_6.cnf,online_consistent_boundary400,Online-Consistent Selector,3,False,True,runs/analysis/full400_seed_robustness/raw/online_consistent_boundary400/seed3.csv
157,2.0,1395605.0,1588272.0,80261019.0,59.9814,INDETERMINATE,157,0,data/test/3sat/400/3sat_60.cnf,0.0047738552093505,0.074377,0.3172359466552734,0.322009801864624,60.37778680186462,3sat_60.cnf,online_consistent_boundary400,Online-Consistent Selector,3,False,True,runs/analysis/full400_seed_robustness/raw/online_consistent_boundary400/seed3.csv
158,2.0,1432377.0,1619100.0,80478862.0,59.9802,INDETERMINATE,158,0,data/test/3sat/400/3sat_61.cnf,0.0047738552093505,0.0641269999999999,0.3172359466552734,0.322009801864624,60.36633680186463,3sat_61.cnf,online_consistent_boundary400,Online-Consistent Selector,3,False,True,runs/analysis/full400_seed_robustness/raw/online_consistent_boundary400/seed3.csv
159,2.0,1521936.0,1725866.0,87714759.0,59.9733,INDETERMINATE,159,0,data/test/3sat/400/3sat_62.cnf,0.0047738552093505,0.064534,0.3172359466552734,0.322009801864624,60.35984380186463,3sat_62.cnf,online_consistent_boundary400,Online-Consistent Selector,3,False,True,runs/analysis/full400_seed_robustness/raw/online_consistent_boundary400/seed3.csv
160,2.0,138136.0,157894.0,8130882.0,5.14219,SATISFIABLE,160,0,data/test/3sat/400/3sat_63.cnf,0.0043392181396484,0.076384,0.3323192596435547,0.3366584777832031,5.555232477783203,3sat_63.cnf,online_consistent_boundary400,Online-Consistent Selector,3,True,False,runs/analysis/full400_seed_robustness/raw/online_consistent_boundary400/seed3.csv
161,2.0,1437695.0,1626877.0,80287571.0,59.9708,INDETERMINATE,161,0,data/test/3sat/400/3sat_64.cnf,0.0043392181396484,0.076444,0.3323192596435547,0.3366584777832031,60.3839024777832,3sat_64.cnf,online_consistent_boundary400,Online-Consistent Selector,3,False,True,runs/analysis/full400_seed_robustness/raw/online_consistent_boundary400/seed3.csv
162,1.0,224.0,339.0,14565.0,0.013109,SATISFIABLE,162,0,data/test/3sat/400/3sat_65.cnf,0.0043392181396484,0.036104,0.3323192596435547,0.3366584777832031,0.3858714777832031,3sat_65.cnf,online_consistent_boundary400,Online-Consistent Selector,3,True,False,runs/analysis/full400_seed_robustness/raw/online_consistent_boundary400/seed3.csv
163,2.0,1405207.0,1612568.0,81084744.0,59.9835,INDETERMINATE,163,0,data/test/3sat/400/3sat_66.cnf,0.0043392181396484,0.074407,0.3323192596435547,0.3366584777832031,60.3945654777832,3sat_66.cnf,online_consistent_boundary400,Online-Consistent Selector,3,False,True,runs/analysis/full400_seed_robustness/raw/online_consistent_boundary400/seed3.csv
164,2.0,1473774.0,1685173.0,85004008.0,59.9915,INDETERMINATE,164,0,data/test/3sat/400/3sat_67.cnf,0.0043392181396484,0.072801,0.3323192596435547,0.3366584777832031,60.4009594777832,3sat_67.cnf,online_consistent_boundary400,Online-Consistent Selector,3,False,True,runs/analysis/full400_seed_robustness/raw/online_consistent_boundary400/seed3.csv
165,2.0,1383273.0,1583105.0,77807618.0,59.9778,INDETERMINATE,165,0,data/test/3sat/400/3sat_68.cnf,0.0043392181396484,0.07768,0.3323192596435547,0.3366584777832031,60.392138477783206,3sat_68.cnf,online_consistent_boundary400,Online-Consistent Selector,3,False,True,runs/analysis/full400_seed_robustness/raw/online_consistent_boundary400/seed3.csv
166,2.0,1461674.0,1675682.0,87065297.0,59.9618,INDETERMINATE,166,0,data/test/3sat/400/3sat_69.cnf,0.0043392181396484,0.075677,0.3323192596435547,0.3366584777832031,60.3741354777832,3sat_69.cnf,online_consistent_boundary400,Online-Consistent Selector,3,False,True,runs/analysis/full400_seed_robustness/raw/online_consistent_boundary400/seed3.csv
167,2.0,1506546.0,1700560.0,83397444.0,59.9489,INDETERMINATE,167,0,data/test/3sat/400/3sat_7.cnf,0.0043392181396484,0.074811,0.3323192596435547,0.3366584777832031,60.3603694777832,3sat_7.cnf,online_consistent_boundary400,Online-Consistent Selector,3,False,True,runs/analysis/full400_seed_robustness/raw/online_consistent_boundary400/seed3.csv
168,1.0,2512.0,3124.0,152890.0,0.043276,SATISFIABLE,168,0,data/test/3sat/400/3sat_70.cnf,0.0043392181396484,0.086164,0.3323192596435547,0.3366584777832031,0.4660984777832031,3sat_70.cnf,online_consistent_boundary400,Online-Consistent Selector,3,True,False,runs/analysis/full400_seed_robustness/raw/online_consistent_boundary400/seed3.csv
169,2.0,1461226.0,1672584.0,83273727.0,59.9846,INDETERMINATE,169,0,data/test/3sat/400/3sat_71.cnf,0.0043392181396484,0.079042,0.3323192596435547,0.3366584777832031,60.400300477783205,3sat_71.cnf,online_consistent_boundary400,Online-Consistent Selector,3,False,True,runs/analysis/full400_seed_robustness/raw/online_consistent_boundary400/seed3.csv
170,2.0,1476740.0,1689884.0,83075188.0,59.9826,INDETERMINATE,170,0,data/test/3sat/400/3sat_72.cnf,0.0043623447418212,0.079429,0.2759580612182617,0.280320405960083,60.34234940596008,3sat_72.cnf,online_consistent_boundary400,Online-Consistent Selector,3,False,True,runs/analysis/full400_seed_robustness/raw/online_consistent_boundary400/seed3.csv
171,2.0,1475135.0,1681267.0,84461314.0,59.9919,INDETERMINATE,171,0,data/test/3sat/400/3sat_73.cnf,0.0043623447418212,0.091032,0.2759580612182617,0.280320405960083,60.36325240596008,3sat_73.cnf,online_consistent_boundary400,Online-Consistent Selector,3,False,True,runs/analysis/full400_seed_robustness/raw/online_consistent_boundary400/seed3.csv
172,2.0,1408201.0,1621541.0,79296479.0,59.9832,INDETERMINATE,172,0,data/test/3sat/400/3sat_74.cnf,0.0043623447418212,0.089068,0.2759580612182617,0.280320405960083,60.35258840596008,3sat_74.cnf,online_consistent_boundary400,Online-Consistent Selector,3,False,True,runs/analysis/full400_seed_robustness/raw/online_consistent_boundary400/seed3.csv
173,2.0,1376824.0,1571205.0,75452203.0,59.9782,INDETERMINATE,173,0,data/test/3sat/400/3sat_75.cnf,0.0043623447418212,0.077439,0.2759580612182617,0.280320405960083,60.33595940596008,3sat_75.cnf,online_consistent_boundary400,Online-Consistent Selector,3,False,True,runs/analysis/full400_seed_robustness/raw/online_consistent_boundary400/seed3.csv
174,2.0,1463417.0,1664734.0,85351989.0,59.9864,INDETERMINATE,174,0,data/test/3sat/400/3sat_76.cnf,0.0043623447418212,0.0815029999999999,0.2759580612182617,0.280320405960083,60.34822340596008,3sat_76.cnf,online_consistent_boundary400,Online-Consistent Selector,3,False,True,runs/analysis/full400_seed_robustness/raw/online_consistent_boundary400/seed3.csv
175,2.0,1477826.0,1685825.0,82964977.0,59.9955,INDETERMINATE,175,0,data/test/3sat/400/3sat_77.cnf,0.0043623447418212,0.082356,0.2759580612182617,0.280320405960083,60.35817640596008,3sat_77.cnf,online_consistent_boundary400,Online-Consistent Selector,3,False,True,runs/analysis/full400_seed_robustness/raw/online_consistent_boundary400/seed3.csv
176,2.0,1486495.0,1693060.0,81537168.0,59.9792,INDETERMINATE,176,0,data/test/3sat/400/3sat_78.cnf,0.0043623447418212,0.073736,0.2759580612182617,0.280320405960083,60.33325640596008,3sat_78.cnf,online_consistent_boundary400,Online-Consistent Selector,3,False,True,runs/analysis/full400_seed_robustness/raw/online_consistent_boundary400/seed3.csv
177,2.0,1450628.0,1658475.0,79663540.0,59.9951,INDETERMINATE,177,0,data/test/3sat/400/3sat_79.cnf,0.0043623447418212,0.077815,0.2759580612182617,0.280320405960083,60.353235405960085,3sat_79.cnf,online_consistent_boundary400,Online-Consistent Selector,3,False,True,runs/analysis/full400_seed_robustness/raw/online_consistent_boundary400/seed3.csv
178,2.0,1486182.0,1688829.0,85849819.0,59.9758,INDETERMINATE,178,0,data/test/3sat/400/3sat_8.cnf,0.0043623447418212,0.077793,0.2759580612182617,0.280320405960083,60.33391340596008,3sat_8.cnf,online_consistent_boundary400,Online-Consistent Selector,3,False,True,runs/analysis/full400_seed_robustness/raw/online_consistent_boundary400/seed3.csv
179,2.0,1499108.0,1727527.0,86506890.0,59.99,INDETERMINATE,179,0,data/test/3sat/400/3sat_80.cnf,0.0043623447418212,0.068444,0.2759580612182617,0.280320405960083,60.338764405960085,3sat_80.cnf,online_consistent_boundary400,Online-Consistent Selector,3,False,True,runs/analysis/full400_seed_robustness/raw/online_consistent_boundary400/seed3.csv
180,2.0,1465293.0,1657703.0,81800788.0,59.9998,INDETERMINATE,180,0,data/test/3sat/400/3sat_81.cnf,0.0042519569396972,0.07649,0.4005894660949707,0.4048414230346679,60.48113142303467,3sat_81.cnf,online_consistent_boundary400,Online-Consistent Selector,3,False,True,runs/analysis/full400_seed_robustness/raw/online_consistent_boundary400/seed3.csv
181,2.0,723843.0,829611.0,42069078.0,25.4587,SATISFIABLE,181,0,data/test/3sat/400/3sat_82.cnf,0.0042519569396972,0.081481,0.4005894660949707,0.4048414230346679,25.94502242303467,3sat_82.cnf,online_consistent_boundary400,Online-Consistent Selector,3,True,False,runs/analysis/full400_seed_robustness/raw/online_consistent_boundary400/seed3.csv
182,2.0,1469051.0,1675063.0,82178796.0,59.9804,INDETERMINATE,182,0,data/test/3sat/400/3sat_83.cnf,0.0042519569396972,0.069965,0.4005894660949707,0.4048414230346679,60.455206423034674,3sat_83.cnf,online_consistent_boundary400,Online-Consistent Selector,3,False,True,runs/analysis/full400_seed_robustness/raw/online_consistent_boundary400/seed3.csv
183,2.0,1368139.0,1565605.0,78206644.0,59.9824,INDETERMINATE,183,0,data/test/3sat/400/3sat_84.cnf,0.0042519569396972,0.08124,0.4005894660949707,0.4048414230346679,60.46848142303467,3sat_84.cnf,online_consistent_boundary400,Online-Consistent Selector,3,False,True,runs/analysis/full400_seed_robustness/raw/online_consistent_boundary400/seed3.csv
184,1.0,27518.0,32278.0,1663386.0,0.772448,SATISFIABLE,184,0,data/test/3sat/400/3sat_85.cnf,0.0042519569396972,0.075237,0.4005894660949707,0.4048414230346679,1.252526423034668,3sat_85.cnf,online_consistent_boundary400,Online-Consistent Selector,3,True,False,runs/analysis/full400_seed_robustness/raw/online_consistent_boundary400/seed3.csv
185,1.0,91912.0,107188.0,5690281.0,3.75559,SATISFIABLE,185,0,data/test/3sat/400/3sat_86.cnf,0.0042519569396972,0.078742,0.4005894660949707,0.4048414230346679,4.239173423034668,3sat_86.cnf,online_consistent_boundary400,Online-Consistent Selector,3,True,False,runs/analysis/full400_seed_robustness/raw/online_consistent_boundary400/seed3.csv
186,2.0,1385727.0,1583123.0,78983456.0,59.9806,INDETERMINATE,186,0,data/test/3sat/400/3sat_87.cnf,0.0042519569396972,0.066492,0.4005894660949707,0.4048414230346679,60.45193342303467,3sat_87.cnf,online_consistent_boundary400,Online-Consistent Selector,3,False,True,runs/analysis/full400_seed_robustness/raw/online_consistent_boundary400/seed3.csv
187,1.0,10969.0,13071.0,671709.0,0.248874,SATISFIABLE,187,0,data/test/3sat/400/3sat_88.cnf,0.0042519569396972,0.079681,0.4005894660949707,0.4048414230346679,0.733396423034668,3sat_88.cnf,online_consistent_boundary400,Online-Consistent Selector,3,True,False,runs/analysis/full400_seed_robustness/raw/online_consistent_boundary400/seed3.csv
188,1.0,8641.0,10334.0,538222.0,0.173609,SATISFIABLE,188,0,data/test/3sat/400/3sat_89.cnf,0.0042519569396972,0.082619,0.4005894660949707,0.4048414230346679,0.661069423034668,3sat_89.cnf,online_consistent_boundary400,Online-Consistent Selector,3,True,False,runs/analysis/full400_seed_robustness/raw/online_consistent_boundary400/seed3.csv
189,2.0,1504587.0,1713458.0,86538652.0,59.9731,INDETERMINATE,189,0,data/test/3sat/400/3sat_9.cnf,0.0042519569396972,0.07602,0.4005894660949707,0.4048414230346679,60.45396142303467,3sat_9.cnf,online_consistent_boundary400,Online-Consistent Selector,3,False,True,runs/analysis/full400_seed_robustness/raw/online_consistent_boundary400/seed3.csv
190,2.0,1469520.0,1686585.0,86053295.0,59.9835,INDETERMINATE,190,0,data/test/3sat/400/3sat_90.cnf,0.0058777332305908,0.082952,0.3087301254272461,0.3146078586578369,60.38105985865784,3sat_90.cnf,online_consistent_boundary400,Online-Consistent Selector,3,False,True,runs/analysis/full400_seed_robustness/raw/online_consistent_boundary400/seed3.csv
191,1.0,41.0,125.0,3065.0,0.002014,SATISFIABLE,191,0,data/test/3sat/400/3sat_91.cnf,0.0058777332305908,0.085405,0.3087301254272461,0.3146078586578369,0.4020268586578369,3sat_91.cnf,online_consistent_boundary400,Online-Consistent Selector,3,True,False,runs/analysis/full400_seed_robustness/raw/online_consistent_boundary400/seed3.csv
192,1.0,84619.0,96791.0,5278901.0,3.40611,SATISFIABLE,192,0,data/test/3sat/400/3sat_92.cnf,0.0058777332305908,0.070332,0.3087301254272461,0.3146078586578369,3.791049858657837,3sat_92.cnf,online_consistent_boundary400,Online-Consistent Selector,3,True,False,runs/analysis/full400_seed_robustness/raw/online_consistent_boundary400/seed3.csv
193,2.0,621792.0,720709.0,37565651.0,22.6954,SATISFIABLE,193,0,data/test/3sat/400/3sat_93.cnf,0.0058777332305908,0.0793349999999999,0.3087301254272461,0.3146078586578369,23.08934285865784,3sat_93.cnf,online_consistent_boundary400,Online-Consistent Selector,3,True,False,runs/analysis/full400_seed_robustness/raw/online_consistent_boundary400/seed3.csv
194,1.0,53988.0,62131.0,3367378.0,1.66377,SATISFIABLE,194,0,data/test/3sat/400/3sat_94.cnf,0.0058777332305908,0.0723429999999999,0.3087301254272461,0.3146078586578369,2.050720858657837,3sat_94.cnf,online_consistent_boundary400,Online-Consistent Selector,3,True,False,runs/analysis/full400_seed_robustness/raw/online_consistent_boundary400/seed3.csv
195,2.0,1427472.0,1625618.0,79957592.0,59.9711,INDETERMINATE,195,0,data/test/3sat/400/3sat_95.cnf,0.0058777332305908,0.06253,0.3087301254272461,0.3146078586578369,60.34823785865784,3sat_95.cnf,online_consistent_boundary400,Online-Consistent Selector,3,False,True,runs/analysis/full400_seed_robustness/raw/online_consistent_boundary400/seed3.csv
196,1.0,3109.0,3849.0,199282.0,0.049278,SATISFIABLE,196,0,data/test/3sat/400/3sat_96.cnf,0.0058777332305908,0.068992,0.3087301254272461,0.3146078586578369,0.4328778586578369,3sat_96.cnf,online_consistent_boundary400,Online-Consistent Selector,3,True,False,runs/analysis/full400_seed_robustness/raw/online_consistent_boundary400/seed3.csv
197,2.0,425291.0,491074.0,25526527.0,14.3797,SATISFIABLE,197,0,data/test/3sat/400/3sat_97.cnf,0.0058777332305908,0.077691,0.3087301254272461,0.3146078586578369,14.771998858657836,3sat_97.cnf,online_consistent_boundary400,Online-Consistent Selector,3,True,False,runs/analysis/full400_seed_robustness/raw/online_consistent_boundary400/seed3.csv
198,2.0,1489068.0,1687482.0,83929033.0,59.9849,INDETERMINATE,198,0,data/test/3sat/400/3sat_98.cnf,0.0058777332305908,0.061464,0.3087301254272461,0.3146078586578369,60.36097185865784,3sat_98.cnf,online_consistent_boundary400,Online-Consistent Selector,3,False,True,runs/analysis/full400_seed_robustness/raw/online_consistent_boundary400/seed3.csv
199,2.0,1475830.0,1684457.0,81462474.0,59.9852,INDETERMINATE,199,0,data/test/3sat/400/3sat_99.cnf,0.0058777332305908,0.080663,0.3087301254272461,0.3146078586578369,60.38047085865784,3sat_99.cnf,online_consistent_boundary400,Online-Consistent Selector,3,False,True,runs/analysis/full400_seed_robustness/raw/online_consistent_boundary400/seed3.csv
0,2.0,1455823.0,1661446.0,81143362.0,59.972,INDETERMINATE,0,0,data/test/3sat/400/3sat_0.cnf,0.0055384635925292,0.067012,0.3792719841003418,0.3848104476928711,60.42382244769287,3sat_0.cnf,old_compact,Old Compact,3,False,True,runs/analysis/full400_seed_robustness/raw/old_compact/seed3.csv
1,1.0,73715.0,85712.0,4316774.0,2.73506,SATISFIABLE,1,0,data/test/3sat/400/3sat_1.cnf,0.0055384635925292,0.085845,0.3792719841003418,0.3848104476928711,3.205715447692871,3sat_1.cnf,old_compact,Old Compact,3,True,False,runs/analysis/full400_seed_robustness/raw/old_compact/seed3.csv
2,2.0,1489158.0,1700338.0,84043241.0,59.9433,INDETERMINATE,2,0,data/test/3sat/400/3sat_10.cnf,0.0055384635925292,0.084371,0.3792719841003418,0.3848104476928711,60.41248144769287,3sat_10.cnf,old_compact,Old Compact,3,False,True,runs/analysis/full400_seed_robustness/raw/old_compact/seed3.csv
3,1.0,3392.0,4166.0,213902.0,0.068681,SATISFIABLE,3,0,data/test/3sat/400/3sat_100.cnf,0.0055384635925292,0.081482,0.3792719841003418,0.3848104476928711,0.5349734476928711,3sat_100.cnf,old_compact,Old Compact,3,True,False,runs/analysis/full400_seed_robustness/raw/old_compact/seed3.csv
4,2.0,1451629.0,1658882.0,81542664.0,59.9787,INDETERMINATE,4,0,data/test/3sat/400/3sat_101.cnf,0.0055384635925292,0.072772,0.3792719841003418,0.3848104476928711,60.43628244769288,3sat_101.cnf,old_compact,Old Compact,3,False,True,runs/analysis/full400_seed_robustness/raw/old_compact/seed3.csv
5,2.0,1493921.0,1728254.0,85426496.0,59.9826,INDETERMINATE,5,0,data/test/3sat/400/3sat_102.cnf,0.0055384635925292,0.078083,0.3792719841003418,0.3848104476928711,60.44549344769287,3sat_102.cnf,old_compact,Old Compact,3,False,True,runs/analysis/full400_seed_robustness/raw/old_compact/seed3.csv
6,2.0,1482836.0,1711007.0,85414318.0,59.9768,INDETERMINATE,6,0,data/test/3sat/400/3sat_103.cnf,0.0055384635925292,0.078355,0.3792719841003418,0.3848104476928711,60.43996544769287,3sat_103.cnf,old_compact,Old Compact,3,False,True,runs/analysis/full400_seed_robustness/raw/old_compact/seed3.csv
7,2.0,1448479.0,1654786.0,80542228.0,59.9914,INDETERMINATE,7,0,data/test/3sat/400/3sat_104.cnf,0.0055384635925292,0.075713,0.3792719841003418,0.3848104476928711,60.45192344769287,3sat_104.cnf,old_compact,Old Compact,3,False,True,runs/analysis/full400_seed_robustness/raw/old_compact/seed3.csv
8,2.0,1502706.0,1710013.0,86027731.0,59.9802,INDETERMINATE,8,0,data/test/3sat/400/3sat_105.cnf,0.0055384635925292,0.08115,0.3792719841003418,0.3848104476928711,60.44616044769288,3sat_105.cnf,old_compact,Old Compact,3,False,True,runs/analysis/full400_seed_robustness/raw/old_compact/seed3.csv
9,2.0,1516579.0,1725764.0,85630784.0,59.9857,INDETERMINATE,9,0,data/test/3sat/400/3sat_106.cnf,0.0055384635925292,0.082707,0.3792719841003418,0.3848104476928711,60.45321744769287,3sat_106.cnf,old_compact,Old Compact,3,False,True,runs/analysis/full400_seed_robustness/raw/old_compact/seed3.csv
10,2.0,1353343.0,1554722.0,77258171.0,59.9729,INDETERMINATE,10,0,data/test/3sat/400/3sat_107.cnf,0.0049579143524169,0.071091,0.3662919998168945,0.3712499141693115,60.41524091416932,3sat_107.cnf,old_compact,Old Compact,3,False,True,runs/analysis/full400_seed_robustness/raw/old_compact/seed3.csv
11,2.0,1462894.0,1685026.0,81941892.0,59.9653,INDETERMINATE,11,0,data/test/3sat/400/3sat_108.cnf,0.0049579143524169,0.072139,0.3662919998168945,0.3712499141693115,60.40868891416931,3sat_108.cnf,old_compact,Old Compact,3,False,True,runs/analysis/full400_seed_robustness/raw/old_compact/seed3.csv
12,2.0,1508993.0,1729046.0,84535162.0,59.9763,INDETERMINATE,12,0,data/test/3sat/400/3sat_109.cnf,0.0049579143524169,0.0637379999999999,0.3662919998168945,0.3712499141693115,60.411287914169314,3sat_109.cnf,old_compact,Old Compact,3,False,True,runs/analysis/full400_seed_robustness/raw/old_compact/seed3.csv
13,1.0,40661.0,47692.0,2496556.0,1.36963,SATISFIABLE,13,0,data/test/3sat/400/3sat_11.cnf,0.0049579143524169,0.07407,0.3662919998168945,0.3712499141693115,1.8149499141693115,3sat_11.cnf,old_compact,Old Compact,3,True,False,runs/analysis/full400_seed_robustness/raw/old_compact/seed3.csv
14,2.0,1494665.0,1715181.0,86421602.0,59.9795,INDETERMINATE,14,0,data/test/3sat/400/3sat_110.cnf,0.0049579143524169,0.0793089999999999,0.3662919998168945,0.3712499141693115,60.43005891416932,3sat_110.cnf,old_compact,Old Compact,3,False,True,runs/analysis/full400_seed_robustness/raw/old_compact/seed3.csv
15,2.0,1435148.0,1646534.0,83837691.0,59.9644,INDETERMINATE,15,0,data/test/3sat/400/3sat_111.cnf,0.0049579143524169,0.082369,0.3662919998168945,0.3712499141693115,60.41801891416931,3sat_111.cnf,old_compact,Old Compact,3,False,True,runs/analysis/full400_seed_robustness/raw/old_compact/seed3.csv
16,2.0,1505747.0,1711384.0,87041087.0,59.9753,INDETERMINATE,16,0,data/test/3sat/400/3sat_112.cnf,0.0049579143524169,0.072734,0.3662919998168945,0.3712499141693115,60.419283914169306,3sat_112.cnf,old_compact,Old Compact,3,False,True,runs/analysis/full400_seed_robustness/raw/old_compact/seed3.csv
17,2.0,1377279.0,1562843.0,79051956.0,59.9802,INDETERMINATE,17,0,data/test/3sat/400/3sat_113.cnf,0.0049579143524169,0.082677,0.3662919998168945,0.3712499141693115,60.43412691416931,3sat_113.cnf,old_compact,Old Compact,3,False,True,runs/analysis/full400_seed_robustness/raw/old_compact/seed3.csv
18,2.0,1432644.0,1645407.0,81085897.0,59.9497,INDETERMINATE,18,0,data/test/3sat/400/3sat_114.cnf,0.0049579143524169,0.070255,0.3662919998168945,0.3712499141693115,60.39120491416932,3sat_114.cnf,old_compact,Old Compact,3,False,True,runs/analysis/full400_seed_robustness/raw/old_compact/seed3.csv
19,2.0,1361520.0,1545161.0,75493911.0,59.9736,INDETERMINATE,19,0,data/test/3sat/400/3sat_115.cnf,0.0049579143524169,0.07144,0.3662919998168945,0.3712499141693115,60.41628991416931,3sat_115.cnf,old_compact,Old Compact,3,False,True,runs/analysis/full400_seed_robustness/raw/old_compact/seed3.csv
20,2.0,1431941.0,1630661.0,80026411.0,59.9786,INDETERMINATE,20,0,data/test/3sat/400/3sat_116.cnf,0.0055375099182128,0.0759249999999999,0.3391482830047607,0.3446857929229736,60.39921079292297,3sat_116.cnf,old_compact,Old Compact,3,False,True,runs/analysis/full400_seed_robustness/raw/old_compact/seed3.csv
21,2.0,1489639.0,1703995.0,83110786.0,59.9862,INDETERMINATE,21,0,data/test/3sat/400/3sat_117.cnf,0.0055375099182128,0.072811,0.3391482830047607,0.3446857929229736,60.40369679292297,3sat_117.cnf,old_compact,Old Compact,3,False,True,runs/analysis/full400_seed_robustness/raw/old_compact/seed3.csv
22,2.0,1426285.0,1630856.0,80320465.0,59.9405,INDETERMINATE,22,0,data/test/3sat/400/3sat_118.cnf,0.0055375099182128,0.079236,0.3391482830047607,0.3446857929229736,60.364421792922975,3sat_118.cnf,old_compact,Old Compact,3,False,True,runs/analysis/full400_seed_robustness/raw/old_compact/seed3.csv
23,2.0,1496445.0,1711244.0,82824617.0,59.9857,INDETERMINATE,23,0,data/test/3sat/400/3sat_119.cnf,0.0055375099182128,0.085925,0.3391482830047607,0.3446857929229736,60.41631079292298,3sat_119.cnf,old_compact,Old Compact,3,False,True,runs/analysis/full400_seed_robustness/raw/old_compact/seed3.csv
24,2.0,1410801.0,1613754.0,79248641.0,59.9928,INDETERMINATE,24,0,data/test/3sat/400/3sat_12.cnf,0.0055375099182128,0.077675,0.3391482830047607,0.3446857929229736,60.415160792922975,3sat_12.cnf,old_compact,Old Compact,3,False,True,runs/analysis/full400_seed_robustness/raw/old_compact/seed3.csv
25,1.0,23077.0,27394.0,1439359.0,0.67498,SATISFIABLE,25,0,data/test/3sat/400/3sat_120.cnf,0.0055375099182128,0.082814,0.3391482830047607,0.3446857929229736,1.1024797929229735,3sat_120.cnf,old_compact,Old Compact,3,True,False,runs/analysis/full400_seed_robustness/raw/old_compact/seed3.csv
26,1.0,47329.0,54623.0,2823769.0,1.40693,SATISFIABLE,26,0,data/test/3sat/400/3sat_121.cnf,0.0055375099182128,0.08088,0.3391482830047607,0.3446857929229736,1.8324957929229737,3sat_121.cnf,old_compact,Old Compact,3,True,False,runs/analysis/full400_seed_robustness/raw/old_compact/seed3.csv
27,2.0,1469913.0,1681523.0,84054670.0,59.9423,INDETERMINATE,27,0,data/test/3sat/400/3sat_122.cnf,0.0055375099182128,0.083769,0.3391482830047607,0.3446857929229736,60.37075479292297,3sat_122.cnf,old_compact,Old Compact,3,False,True,runs/analysis/full400_seed_robustness/raw/old_compact/seed3.csv
28,2.0,1453570.0,1653316.0,82854350.0,59.9678,INDETERMINATE,28,0,data/test/3sat/400/3sat_123.cnf,0.0055375099182128,0.09161,0.3391482830047607,0.3446857929229736,60.40409579292297,3sat_123.cnf,old_compact,Old Compact,3,False,True,runs/analysis/full400_seed_robustness/raw/old_compact/seed3.csv
29,1.0,654.0,900.0,43163.0,0.026118,SATISFIABLE,29,0,data/test/3sat/400/3sat_124.cnf,0.0055375099182128,0.044268,0.3391482830047607,0.3446857929229736,0.4150717929229736,3sat_124.cnf,old_compact,Old Compact,3,True,False,runs/analysis/full400_seed_robustness/raw/old_compact/seed3.csv
30,1.0,87018.0,101016.0,5296049.0,3.2643,SATISFIABLE,30,0,data/test/3sat/400/3sat_125.cnf,0.006138801574707,0.07355,0.361210823059082,0.367349624633789,3.705199624633789,3sat_125.cnf,old_compact,Old Compact,3,True,False,runs/analysis/full400_seed_robustness/raw/old_compact/seed3.csv
31,2.0,1486853.0,1700081.0,85232418.0,59.9603,INDETERMINATE,31,0,data/test/3sat/400/3sat_126.cnf,0.006138801574707,0.080603,0.361210823059082,0.367349624633789,60.40825262463379,3sat_126.cnf,old_compact,Old Compact,3,False,True,runs/analysis/full400_seed_robustness/raw/old_compact/seed3.csv
32,2.0,1420751.0,1644735.0,83229999.0,59.972,INDETERMINATE,32,0,data/test/3sat/400/3sat_127.cnf,0.006138801574707,0.076676,0.361210823059082,0.367349624633789,60.41602562463379,3sat_127.cnf,old_compact,Old Compact,3,False,True,runs/analysis/full400_seed_robustness/raw/old_compact/seed3.csv
33,2.0,238642.0,275833.0,14368684.0,8.22404,SATISFIABLE,33,0,data/test/3sat/400/3sat_128.cnf,0.006138801574707,0.071474,0.361210823059082,0.367349624633789,8.66286362463379,3sat_128.cnf,old_compact,Old Compact,3,True,False,runs/analysis/full400_seed_robustness/raw/old_compact/seed3.csv
34,1.0,28034.0,33114.0,1750425.0,0.813245,SATISFIABLE,34,0,data/test/3sat/400/3sat_129.cnf,0.006138801574707,0.083494,0.361210823059082,0.367349624633789,1.264088624633789,3sat_129.cnf,old_compact,Old Compact,3,True,False,runs/analysis/full400_seed_robustness/raw/old_compact/seed3.csv
35,2.0,1441166.0,1657593.0,82789745.0,59.9851,INDETERMINATE,35,0,data/test/3sat/400/3sat_13.cnf,0.006138801574707,0.075288,0.361210823059082,0.367349624633789,60.42773762463379,3sat_13.cnf,old_compact,Old Compact,3,False,True,runs/analysis/full400_seed_robustness/raw/old_compact/seed3.csv
36,2.0,121568.0,139021.0,7304329.0,4.50454,SATISFIABLE,36,0,data/test/3sat/400/3sat_130.cnf,0.006138801574707,0.07833,0.361210823059082,0.367349624633789,4.95021962463379,3sat_130.cnf,old_compact,Old Compact,3,True,False,runs/analysis/full400_seed_robustness/raw/old_compact/seed3.csv
37,1.0,82086.0,96037.0,5035591.0,3.25572,SATISFIABLE,37,0,data/test/3sat/400/3sat_131.cnf,0.006138801574707,0.070782,0.361210823059082,0.367349624633789,3.693851624633789,3sat_131.cnf,old_compact,Old Compact,3,True,False,runs/analysis/full400_seed_robustness/raw/old_compact/seed3.csv
38,1.0,2692.0,3354.0,172420.0,0.054282,SATISFIABLE,38,0,data/test/3sat/400/3sat_132.cnf,0.006138801574707,0.076775,0.361210823059082,0.367349624633789,0.498406624633789,3sat_132.cnf,old_compact,Old Compact,3,True,False,runs/analysis/full400_seed_robustness/raw/old_compact/seed3.csv
39,2.0,1397967.0,1616572.0,81481277.0,59.9727,INDETERMINATE,39,0,data/test/3sat/400/3sat_133.cnf,0.006138801574707,0.0693739999999999,0.361210823059082,0.367349624633789,60.4094236246338,3sat_133.cnf,old_compact,Old Compact,3,False,True,runs/analysis/full400_seed_robustness/raw/old_compact/seed3.csv
40,2.0,1399601.0,1602227.0,78300639.0,59.9615,INDETERMINATE,40,0,data/test/3sat/400/3sat_134.cnf,0.0060486793518066,0.071477,0.3273320198059082,0.3333806991577148,60.36635769915772,3sat_134.cnf,old_compact,Old Compact,3,False,True,runs/analysis/full400_seed_robustness/raw/old_compact/seed3.csv
41,2.0,1523598.0,1734613.0,85118112.0,59.9709,INDETERMINATE,41,0,data/test/3sat/400/3sat_135.cnf,0.0060486793518066,0.066492,0.3273320198059082,0.3333806991577148,60.37077269915771,3sat_135.cnf,old_compact,Old Compact,3,False,True,runs/analysis/full400_seed_robustness/raw/old_compact/seed3.csv
42,2.0,1430226.0,1640158.0,83989307.0,59.9532,INDETERMINATE,42,0,data/test/3sat/400/3sat_136.cnf,0.0060486793518066,0.078344,0.3273320198059082,0.3333806991577148,60.36492469915772,3sat_136.cnf,old_compact,Old Compact,3,False,True,runs/analysis/full400_seed_robustness/raw/old_compact/seed3.csv
43,2.0,1460128.0,1655202.0,78817915.0,59.9793,INDETERMINATE,43,0,data/test/3sat/400/3sat_137.cnf,0.0060486793518066,0.066936,0.3273320198059082,0.3333806991577148,60.37961669915772,3sat_137.cnf,old_compact,Old Compact,3,False,True,runs/analysis/full400_seed_robustness/raw/old_compact/seed3.csv
44,2.0,1540113.0,1752077.0,89003175.0,59.986,INDETERMINATE,44,0,data/test/3sat/400/3sat_138.cnf,0.0060486793518066,0.074793,0.3273320198059082,0.3333806991577148,60.39417369915771,3sat_138.cnf,old_compact,Old Compact,3,False,True,runs/analysis/full400_seed_robustness/raw/old_compact/seed3.csv
45,2.0,1504001.0,1728676.0,85947057.0,59.9816,INDETERMINATE,45,0,data/test/3sat/400/3sat_139.cnf,0.0060486793518066,0.067991,0.3273320198059082,0.3333806991577148,60.382971699157714,3sat_139.cnf,old_compact,Old Compact,3,False,True,runs/analysis/full400_seed_robustness/raw/old_compact/seed3.csv
46,2.0,133587.0,154405.0,8365184.0,5.35452,SATISFIABLE,46,0,data/test/3sat/400/3sat_14.cnf,0.0060486793518066,0.084077,0.3273320198059082,0.3333806991577148,5.7719776991577145,3sat_14.cnf,old_compact,Old Compact,3,True,False,runs/analysis/full400_seed_robustness/raw/old_compact/seed3.csv
47,2.0,1244295.0,1419655.0,73705026.0,49.5295,SATISFIABLE,47,0,data/test/3sat/400/3sat_140.cnf,0.0060486793518066,0.075906,0.3273320198059082,0.3333806991577148,49.93878669915772,3sat_140.cnf,old_compact,Old Compact,3,True,False,runs/analysis/full400_seed_robustness/raw/old_compact/seed3.csv
48,1.0,71109.0,82102.0,4299119.0,3.01077,SATISFIABLE,48,0,data/test/3sat/400/3sat_141.cnf,0.0060486793518066,0.08462,0.3273320198059082,0.3333806991577148,3.428770699157715,3sat_141.cnf,old_compact,Old Compact,3,True,False,runs/analysis/full400_seed_robustness/raw/old_compact/seed3.csv
49,1.0,61037.0,70865.0,3765471.0,2.04408,SATISFIABLE,49,0,data/test/3sat/400/3sat_142.cnf,0.0060486793518066,0.085132,0.3273320198059082,0.3333806991577148,2.462592699157715,3sat_142.cnf,old_compact,Old Compact,3,True,False,runs/analysis/full400_seed_robustness/raw/old_compact/seed3.csv
50,2.0,1442175.0,1656159.0,82929352.0,59.9866,INDETERMINATE,50,0,data/test/3sat/400/3sat_143.cnf,0.0049798488616943,0.079551,0.2839157581329345,0.2888956069946289,60.35504660699464,3sat_143.cnf,old_compact,Old Compact,3,False,True,runs/analysis/full400_seed_robustness/raw/old_compact/seed3.csv
51,2.0,1408889.0,1612189.0,78136295.0,59.9664,INDETERMINATE,51,0,data/test/3sat/400/3sat_144.cnf,0.0049798488616943,0.0761149999999999,0.2839157581329345,0.2888956069946289,60.33141060699463,3sat_144.cnf,old_compact,Old Compact,3,False,True,runs/analysis/full400_seed_robustness/raw/old_compact/seed3.csv
52,2.0,1425931.0,1646323.0,80972825.0,59.9845,INDETERMINATE,52,0,data/test/3sat/400/3sat_145.cnf,0.0049798488616943,0.077551,0.2839157581329345,0.2888956069946289,60.35094660699463,3sat_145.cnf,old_compact,Old Compact,3,False,True,runs/analysis/full400_seed_robustness/raw/old_compact/seed3.csv
53,2.0,1448837.0,1658449.0,81319754.0,59.9878,INDETERMINATE,53,0,data/test/3sat/400/3sat_146.cnf,0.0049798488616943,0.069555,0.2839157581329345,0.2888956069946289,60.34625060699463,3sat_146.cnf,old_compact,Old Compact,3,False,True,runs/analysis/full400_seed_robustness/raw/old_compact/seed3.csv
54,2.0,392510.0,450448.0,23393708.0,13.0799,SATISFIABLE,54,0,data/test/3sat/400/3sat_147.cnf,0.0049798488616943,0.079432,0.2839157581329345,0.2888956069946289,13.44822760699463,3sat_147.cnf,old_compact,Old Compact,3,True,False,runs/analysis/full400_seed_robustness/raw/old_compact/seed3.csv
55,2.0,1468452.0,1687679.0,85794840.0,59.9436,INDETERMINATE,55,0,data/test/3sat/400/3sat_148.cnf,0.0049798488616943,0.076385,0.2839157581329345,0.2888956069946289,60.30888060699464,3sat_148.cnf,old_compact,Old Compact,3,False,True,runs/analysis/full400_seed_robustness/raw/old_compact/seed3.csv
56,1.0,97366.0,112279.0,5819460.0,3.81295,SATISFIABLE,56,0,data/test/3sat/400/3sat_149.cnf,0.0049798488616943,0.0797519999999999,0.2839157581329345,0.2888956069946289,4.181597606994629,3sat_149.cnf,old_compact,Old Compact,3,True,False,runs/analysis/full400_seed_robustness/raw/old_compact/seed3.csv
57,2.0,1467912.0,1668203.0,83497096.0,59.982,INDETERMINATE,57,0,data/test/3sat/400/3sat_15.cnf,0.0049798488616943,0.076318,0.2839157581329345,0.2888956069946289,60.34721360699463,3sat_15.cnf,old_compact,Old Compact,3,False,True,runs/analysis/full400_seed_robustness/raw/old_compact/seed3.csv
58,1.0,16970.0,19929.0,1057698.0,0.39234,SATISFIABLE,58,0,data/test/3sat/400/3sat_150.cnf,0.0049798488616943,0.081985,0.2839157581329345,0.2888956069946289,0.7632206069946289,3sat_150.cnf,old_compact,Old Compact,3,True,False,runs/analysis/full400_seed_robustness/raw/old_compact/seed3.csv
59,2.0,1471284.0,1664694.0,85524586.0,59.9819,INDETERMINATE,59,0,data/test/3sat/400/3sat_151.cnf,0.0049798488616943,0.070607,0.2839157581329345,0.2888956069946289,60.34140260699464,3sat_151.cnf,old_compact,Old Compact,3,False,True,runs/analysis/full400_seed_robustness/raw/old_compact/seed3.csv
60,2.0,1488114.0,1713516.0,83457043.0,59.9726,INDETERMINATE,60,0,data/test/3sat/400/3sat_152.cnf,0.0051550865173339,0.077237,0.3490443229675293,0.3541994094848633,60.40403640948486,3sat_152.cnf,old_compact,Old Compact,3,False,True,runs/analysis/full400_seed_robustness/raw/old_compact/seed3.csv
61,2.0,1466059.0,1666563.0,82007272.0,59.9753,INDETERMINATE,61,0,data/test/3sat/400/3sat_153.cnf,0.0051550865173339,0.080412,0.3490443229675293,0.3541994094848633,60.40991140948486,3sat_153.cnf,old_compact,Old Compact,3,False,True,runs/analysis/full400_seed_robustness/raw/old_compact/seed3.csv
62,1.0,42118.0,49122.0,2596236.0,1.45488,SATISFIABLE,62,0,data/test/3sat/400/3sat_154.cnf,0.0051550865173339,0.082867,0.3490443229675293,0.3541994094848633,1.8919464094848637,3sat_154.cnf,old_compact,Old Compact,3,True,False,runs/analysis/full400_seed_robustness/raw/old_compact/seed3.csv
63,2.0,1477148.0,1682950.0,82545473.0,59.9803,INDETERMINATE,63,0,data/test/3sat/400/3sat_155.cnf,0.0051550865173339,0.074545,0.3490443229675293,0.3541994094848633,60.40904440948486,3sat_155.cnf,old_compact,Old Compact,3,False,True,runs/analysis/full400_seed_robustness/raw/old_compact/seed3.csv
64,2.0,1440629.0,1643525.0,81743273.0,59.9848,INDETERMINATE,64,0,data/test/3sat/400/3sat_156.cnf,0.0051550865173339,0.064981,0.3490443229675293,0.3541994094848633,60.40398040948487,3sat_156.cnf,old_compact,Old Compact,3,False,True,runs/analysis/full400_seed_robustness/raw/old_compact/seed3.csv
65,2.0,873297.0,1013956.0,52333641.0,33.7004,SATISFIABLE,65,0,data/test/3sat/400/3sat_157.cnf,0.0051550865173339,0.075843,0.3490443229675293,0.3541994094848633,34.130442409484864,3sat_157.cnf,old_compact,Old Compact,3,True,False,runs/analysis/full400_seed_robustness/raw/old_compact/seed3.csv
66,2.0,1466001.0,1660622.0,81605111.0,59.9895,INDETERMINATE,66,0,data/test/3sat/400/3sat_158.cnf,0.0051550865173339,0.06914,0.3490443229675293,0.3541994094848633,60.41283940948486,3sat_158.cnf,old_compact,Old Compact,3,False,True,runs/analysis/full400_seed_robustness/raw/old_compact/seed3.csv
67,2.0,1490464.0,1711683.0,85760361.0,59.976,INDETERMINATE,67,0,data/test/3sat/400/3sat_159.cnf,0.0051550865173339,0.087447,0.3490443229675293,0.3541994094848633,60.41764640948486,3sat_159.cnf,old_compact,Old Compact,3,False,True,runs/analysis/full400_seed_robustness/raw/old_compact/seed3.csv
68,2.0,1590051.0,1805475.0,91214110.0,59.9778,INDETERMINATE,68,0,data/test/3sat/400/3sat_16.cnf,0.0051550865173339,0.082273,0.3490443229675293,0.3541994094848633,60.41427240948487,3sat_16.cnf,old_compact,Old Compact,3,False,True,runs/analysis/full400_seed_robustness/raw/old_compact/seed3.csv
69,2.0,1505777.0,1723911.0,84003357.0,59.9839,INDETERMINATE,69,0,data/test/3sat/400/3sat_160.cnf,0.0051550865173339,0.089647,0.3490443229675293,0.3541994094848633,60.42774640948486,3sat_160.cnf,old_compact,Old Compact,3,False,True,runs/analysis/full400_seed_robustness/raw/old_compact/seed3.csv
70,2.0,1548919.0,1763546.0,89590898.0,59.9811,INDETERMINATE,70,0,data/test/3sat/400/3sat_161.cnf,0.0052235126495361,0.076188,0.3537678718566894,0.3589913845062256,60.41627938450623,3sat_161.cnf,old_compact,Old Compact,3,False,True,runs/analysis/full400_seed_robustness/raw/old_compact/seed3.csv
71,2.0,1395545.0,1577933.0,78621931.0,59.9814,INDETERMINATE,71,0,data/test/3sat/400/3sat_162.cnf,0.0052235126495361,0.079998,0.3537678718566894,0.3589913845062256,60.42038938450623,3sat_162.cnf,old_compact,Old Compact,3,False,True,runs/analysis/full400_seed_robustness/raw/old_compact/seed3.csv
72,2.0,915021.0,1050086.0,53803425.0,34.8842,SATISFIABLE,72,0,data/test/3sat/400/3sat_163.cnf,0.0052235126495361,0.068227,0.3537678718566894,0.3589913845062256,35.311418384506226,3sat_163.cnf,old_compact,Old Compact,3,True,False,runs/analysis/full400_seed_robustness/raw/old_compact/seed3.csv
73,2.0,1460845.0,1676807.0,83987904.0,59.9848,INDETERMINATE,73,0,data/test/3sat/400/3sat_164.cnf,0.0052235126495361,0.076029,0.3537678718566894,0.3589913845062256,60.419820384506224,3sat_164.cnf,old_compact,Old Compact,3,False,True,runs/analysis/full400_seed_robustness/raw/old_compact/seed3.csv
74,1.0,7043.0,8408.0,453223.0,0.143768,SATISFIABLE,74,0,data/test/3sat/400/3sat_165.cnf,0.0052235126495361,0.075215,0.3537678718566894,0.3589913845062256,0.5779743845062256,3sat_165.cnf,old_compact,Old Compact,3,True,False,runs/analysis/full400_seed_robustness/raw/old_compact/seed3.csv
75,2.0,1554918.0,1777256.0,87768158.0,59.984,INDETERMINATE,75,0,data/test/3sat/400/3sat_166.cnf,0.0052235126495361,0.068254,0.3537678718566894,0.3589913845062256,60.41124538450623,3sat_166.cnf,old_compact,Old Compact,3,False,True,runs/analysis/full400_seed_robustness/raw/old_compact/seed3.csv
76,2.0,399529.0,460797.0,23951550.0,12.8563,SATISFIABLE,76,0,data/test/3sat/400/3sat_167.cnf,0.0052235126495361,0.07149,0.3537678718566894,0.3589913845062256,13.286781384506224,3sat_167.cnf,old_compact,Old Compact,3,True,False,runs/analysis/full400_seed_robustness/raw/old_compact/seed3.csv
77,2.0,1421675.0,1607395.0,81371637.0,59.976,INDETERMINATE,77,0,data/test/3sat/400/3sat_168.cnf,0.0052235126495361,0.0751189999999999,0.3537678718566894,0.3589913845062256,60.41011038450623,3sat_168.cnf,old_compact,Old Compact,3,False,True,runs/analysis/full400_seed_robustness/raw/old_compact/seed3.csv
78,2.0,1452861.0,1667599.0,83891503.0,59.9767,INDETERMINATE,78,0,data/test/3sat/400/3sat_169.cnf,0.0052235126495361,0.07738,0.3537678718566894,0.3589913845062256,60.41307138450623,3sat_169.cnf,old_compact,Old Compact,3,False,True,runs/analysis/full400_seed_robustness/raw/old_compact/seed3.csv
79,2.0,1368980.0,1566496.0,76673960.0,59.9977,INDETERMINATE,79,0,data/test/3sat/400/3sat_17.cnf,0.0052235126495361,0.07504,0.3537678718566894,0.3589913845062256,60.43173138450623,3sat_17.cnf,old_compact,Old Compact,3,False,True,runs/analysis/full400_seed_robustness/raw/old_compact/seed3.csv
80,2.0,1412593.0,1612365.0,78611774.0,59.9753,INDETERMINATE,80,0,data/test/3sat/400/3sat_170.cnf,0.0051071643829345,0.0711749999999999,0.3036234378814697,0.3087306022644043,60.3552056022644,3sat_170.cnf,old_compact,Old Compact,3,False,True,runs/analysis/full400_seed_robustness/raw/old_compact/seed3.csv
81,2.0,1400002.0,1595018.0,79550454.0,59.9635,INDETERMINATE,81,0,data/test/3sat/400/3sat_171.cnf,0.0051071643829345,0.076909,0.3036234378814697,0.3087306022644043,60.34913960226441,3sat_171.cnf,old_compact,Old Compact,3,False,True,runs/analysis/full400_seed_robustness/raw/old_compact/seed3.csv
82,2.0,1416218.0,1625251.0,81405805.0,59.9861,INDETERMINATE,82,0,data/test/3sat/400/3sat_172.cnf,0.0051071643829345,0.076011,0.3036234378814697,0.3087306022644043,60.370841602264406,3sat_172.cnf,old_compact,Old Compact,3,False,True,runs/analysis/full400_seed_robustness/raw/old_compact/seed3.csv
83,2.0,1458649.0,1671403.0,83315941.0,59.9822,INDETERMINATE,83,0,data/test/3sat/400/3sat_173.cnf,0.0051071643829345,0.069811,0.3036234378814697,0.3087306022644043,60.360741602264405,3sat_173.cnf,old_compact,Old Compact,3,False,True,runs/analysis/full400_seed_robustness/raw/old_compact/seed3.csv
84,2.0,1459951.0,1656677.0,82055652.0,59.9987,INDETERMINATE,84,0,data/test/3sat/400/3sat_174.cnf,0.0051071643829345,0.070981,0.3036234378814697,0.3087306022644043,60.37841160226441,3sat_174.cnf,old_compact,Old Compact,3,False,True,runs/analysis/full400_seed_robustness/raw/old_compact/seed3.csv
85,2.0,1584375.0,1797481.0,87565524.0,59.9809,INDETERMINATE,85,0,data/test/3sat/400/3sat_175.cnf,0.0051071643829345,0.071659,0.3036234378814697,0.3087306022644043,60.3612896022644,3sat_175.cnf,old_compact,Old Compact,3,False,True,runs/analysis/full400_seed_robustness/raw/old_compact/seed3.csv
86,1.0,44850.0,52377.0,2659490.0,1.47244,SATISFIABLE,86,0,data/test/3sat/400/3sat_176.cnf,0.0051071643829345,0.0742009999999999,0.3036234378814697,0.3087306022644043,1.855371602264404,3sat_176.cnf,old_compact,Old Compact,3,True,False,runs/analysis/full400_seed_robustness/raw/old_compact/seed3.csv
87,2.0,1495566.0,1694841.0,85934603.0,59.9924,INDETERMINATE,87,0,data/test/3sat/400/3sat_177.cnf,0.0051071643829345,0.07832,0.3036234378814697,0.3087306022644043,60.379450602264406,3sat_177.cnf,old_compact,Old Compact,3,False,True,runs/analysis/full400_seed_robustness/raw/old_compact/seed3.csv
88,2.0,1543361.0,1785172.0,89434244.0,59.9693,INDETERMINATE,88,0,data/test/3sat/400/3sat_178.cnf,0.0051071643829345,0.092006,0.3036234378814697,0.3087306022644043,60.3700366022644,3sat_178.cnf,old_compact,Old Compact,3,False,True,runs/analysis/full400_seed_robustness/raw/old_compact/seed3.csv
89,2.0,1522309.0,1733007.0,87499015.0,59.9949,INDETERMINATE,89,0,data/test/3sat/400/3sat_179.cnf,0.0051071643829345,0.080524,0.3036234378814697,0.3087306022644043,60.3841546022644,3sat_179.cnf,old_compact,Old Compact,3,False,True,runs/analysis/full400_seed_robustness/raw/old_compact/seed3.csv
90,2.0,1430453.0,1635152.0,82242993.0,59.9926,INDETERMINATE,90,0,data/test/3sat/400/3sat_18.cnf,0.0052790641784667,0.077123,0.4469428062438965,0.4522218704223633,60.52194487042237,3sat_18.cnf,old_compact,Old Compact,3,False,True,runs/analysis/full400_seed_robustness/raw/old_compact/seed3.csv
91,2.0,479866.0,551097.0,28918715.0,16.3811,SATISFIABLE,91,0,data/test/3sat/400/3sat_180.cnf,0.0052790641784667,0.071019,0.4469428062438965,0.4522218704223633,16.904340870422363,3sat_180.cnf,old_compact,Old Compact,3,True,False,runs/analysis/full400_seed_robustness/raw/old_compact/seed3.csv
92,1.0,52050.0,59791.0,3130772.0,1.84696,SATISFIABLE,92,0,data/test/3sat/400/3sat_181.cnf,0.0052790641784667,0.070493,0.4469428062438965,0.4522218704223633,2.369674870422364,3sat_181.cnf,old_compact,Old Compact,3,True,False,runs/analysis/full400_seed_robustness/raw/old_compact/seed3.csv
93,2.0,1529813.0,1752787.0,84405009.0,59.993,INDETERMINATE,93,0,data/test/3sat/400/3sat_182.cnf,0.0052790641784667,0.073475,0.4469428062438965,0.4522218704223633,60.51869687042237,3sat_182.cnf,old_compact,Old Compact,3,False,True,runs/analysis/full400_seed_robustness/raw/old_compact/seed3.csv
94,2.0,1418629.0,1625961.0,80556735.0,59.9926,INDETERMINATE,94,0,data/test/3sat/400/3sat_183.cnf,0.0052790641784667,0.080011,0.4469428062438965,0.4522218704223633,60.524832870422365,3sat_183.cnf,old_compact,Old Compact,3,False,True,runs/analysis/full400_seed_robustness/raw/old_compact/seed3.csv
95,2.0,1479494.0,1685270.0,84783173.0,59.9772,INDETERMINATE,95,0,data/test/3sat/400/3sat_184.cnf,0.0052790641784667,0.076128,0.4469428062438965,0.4522218704223633,60.50554987042237,3sat_184.cnf,old_compact,Old Compact,3,False,True,runs/analysis/full400_seed_robustness/raw/old_compact/seed3.csv
96,2.0,1545443.0,1763217.0,86042947.0,59.985,INDETERMINATE,96,0,data/test/3sat/400/3sat_185.cnf,0.0052790641784667,0.081855,0.4469428062438965,0.4522218704223633,60.51907687042236,3sat_185.cnf,old_compact,Old Compact,3,False,True,runs/analysis/full400_seed_robustness/raw/old_compact/seed3.csv
97,2.0,1390646.0,1588492.0,75938638.0,59.9941,INDETERMINATE,97,0,data/test/3sat/400/3sat_186.cnf,0.0052790641784667,0.069433,0.4469428062438965,0.4522218704223633,60.51575487042236,3sat_186.cnf,old_compact,Old Compact,3,False,True,runs/analysis/full400_seed_robustness/raw/old_compact/seed3.csv
98,2.0,1412791.0,1626257.0,79618587.0,59.9784,INDETERMINATE,98,0,data/test/3sat/400/3sat_187.cnf,0.0052790641784667,0.0796699999999999,0.4469428062438965,0.4522218704223633,60.51029187042237,3sat_187.cnf,old_compact,Old Compact,3,False,True,runs/analysis/full400_seed_robustness/raw/old_compact/seed3.csv
99,2.0,892642.0,1020150.0,51846480.0,31.3878,SATISFIABLE,99,0,data/test/3sat/400/3sat_188.cnf,0.0052790641784667,0.084285,0.4469428062438965,0.4522218704223633,31.924306870422363,3sat_188.cnf,old_compact,Old Compact,3,True,False,runs/analysis/full400_seed_robustness/raw/old_compact/seed3.csv
100,2.0,486885.0,560599.0,28846336.0,16.9406,SATISFIABLE,100,0,data/test/3sat/400/3sat_189.cnf,0.0054438114166259,0.068114,0.3822753429412842,0.3877191543579101,17.39643315435791,3sat_189.cnf,old_compact,Old Compact,3,True,False,runs/analysis/full400_seed_robustness/raw/old_compact/seed3.csv
101,1.0,89648.0,102340.0,5281405.0,3.5291,SATISFIABLE,101,0,data/test/3sat/400/3sat_19.cnf,0.0054438114166259,0.084298,0.3822753429412842,0.3877191543579101,4.00111715435791,3sat_19.cnf,old_compact,Old Compact,3,True,False,runs/analysis/full400_seed_robustness/raw/old_compact/seed3.csv
102,1.0,1353.0,1762.0,87323.0,0.023813,SATISFIABLE,102,0,data/test/3sat/400/3sat_190.cnf,0.0054438114166259,0.057717,0.3822753429412842,0.3877191543579101,0.4692491543579101,3sat_190.cnf,old_compact,Old Compact,3,True,False,runs/analysis/full400_seed_robustness/raw/old_compact/seed3.csv
103,2.0,1458728.0,1677473.0,81282383.0,59.9946,INDETERMINATE,103,0,data/test/3sat/400/3sat_191.cnf,0.0054438114166259,0.077215,0.3822753429412842,0.3877191543579101,60.45953415435791,3sat_191.cnf,old_compact,Old Compact,3,False,True,runs/analysis/full400_seed_robustness/raw/old_compact/seed3.csv
104,2.0,1408390.0,1624772.0,79511520.0,59.9904,INDETERMINATE,104,0,data/test/3sat/400/3sat_192.cnf,0.0054438114166259,0.083913,0.3822753429412842,0.3877191543579101,60.46203215435792,3sat_192.cnf,old_compact,Old Compact,3,False,True,runs/analysis/full400_seed_robustness/raw/old_compact/seed3.csv
105,2.0,1393835.0,1590770.0,80665279.0,59.9882,INDETERMINATE,105,0,data/test/3sat/400/3sat_193.cnf,0.0054438114166259,0.079027,0.3822753429412842,0.3877191543579101,60.45494615435791,3sat_193.cnf,old_compact,Old Compact,3,False,True,runs/analysis/full400_seed_robustness/raw/old_compact/seed3.csv
106,2.0,1393470.0,1582105.0,79361834.0,59.9814,INDETERMINATE,106,0,data/test/3sat/400/3sat_194.cnf,0.0054438114166259,0.0701799999999999,0.3822753429412842,0.3877191543579101,60.43929915435791,3sat_194.cnf,old_compact,Old Compact,3,False,True,runs/analysis/full400_seed_robustness/raw/old_compact/seed3.csv
107,2.0,1485005.0,1694473.0,86682273.0,59.9711,INDETERMINATE,107,0,data/test/3sat/400/3sat_195.cnf,0.0054438114166259,0.076706,0.3822753429412842,0.3877191543579101,60.43552515435791,3sat_195.cnf,old_compact,Old Compact,3,False,True,runs/analysis/full400_seed_robustness/raw/old_compact/seed3.csv
108,2.0,339864.0,392433.0,20520894.0,11.6305,SATISFIABLE,108,0,data/test/3sat/400/3sat_196.cnf,0.0054438114166259,0.077748,0.3822753429412842,0.3877191543579101,12.09596715435791,3sat_196.cnf,old_compact,Old Compact,3,True,False,runs/analysis/full400_seed_robustness/raw/old_compact/seed3.csv
109,2.0,1424522.0,1631107.0,80916719.0,59.9817,INDETERMINATE,109,0,data/test/3sat/400/3sat_197.cnf,0.0054438114166259,0.079619,0.3822753429412842,0.3877191543579101,60.44903815435791,3sat_197.cnf,old_compact,Old Compact,3,False,True,runs/analysis/full400_seed_robustness/raw/old_compact/seed3.csv
110,2.0,1418001.0,1622350.0,82121063.0,59.9782,INDETERMINATE,110,0,data/test/3sat/400/3sat_198.cnf,0.0055460929870605,0.077135,0.3696918487548828,0.3752379417419433,60.43057294174194,3sat_198.cnf,old_compact,Old Compact,3,False,True,runs/analysis/full400_seed_robustness/raw/old_compact/seed3.csv
111,2.0,1388001.0,1590305.0,77499968.0,59.9708,INDETERMINATE,111,0,data/test/3sat/400/3sat_199.cnf,0.0055460929870605,0.071967,0.3696918487548828,0.3752379417419433,60.41800494174194,3sat_199.cnf,old_compact,Old Compact,3,False,True,runs/analysis/full400_seed_robustness/raw/old_compact/seed3.csv
112,2.0,1429856.0,1632368.0,83052304.0,59.9689,INDETERMINATE,112,0,data/test/3sat/400/3sat_2.cnf,0.0055460929870605,0.084329,0.3696918487548828,0.3752379417419433,60.42846694174194,3sat_2.cnf,old_compact,Old Compact,3,False,True,runs/analysis/full400_seed_robustness/raw/old_compact/seed3.csv
113,2.0,361980.0,419239.0,21758927.0,12.4485,SATISFIABLE,113,0,data/test/3sat/400/3sat_20.cnf,0.0055460929870605,0.0738979999999999,0.3696918487548828,0.3752379417419433,12.897635941741942,3sat_20.cnf,old_compact,Old Compact,3,True,False,runs/analysis/full400_seed_robustness/raw/old_compact/seed3.csv
114,2.0,1440406.0,1667348.0,83844616.0,59.9862,INDETERMINATE,114,0,data/test/3sat/400/3sat_21.cnf,0.0055460929870605,0.080571,0.3696918487548828,0.3752379417419433,60.44200894174194,3sat_21.cnf,old_compact,Old Compact,3,False,True,runs/analysis/full400_seed_robustness/raw/old_compact/seed3.csv
115,1.0,43107.0,50298.0,2657822.0,1.45643,SATISFIABLE,115,0,data/test/3sat/400/3sat_22.cnf,0.0055460929870605,0.0732599999999999,0.3696918487548828,0.3752379417419433,1.9049279417419436,3sat_22.cnf,old_compact,Old Compact,3,True,False,runs/analysis/full400_seed_robustness/raw/old_compact/seed3.csv
116,2.0,1380602.0,1568330.0,77235734.0,59.9587,INDETERMINATE,116,0,data/test/3sat/400/3sat_23.cnf,0.0055460929870605,0.079866,0.3696918487548828,0.3752379417419433,60.413803941741946,3sat_23.cnf,old_compact,Old Compact,3,False,True,runs/analysis/full400_seed_robustness/raw/old_compact/seed3.csv
117,1.0,97677.0,112677.0,5872880.0,4.1854,SATISFIABLE,117,0,data/test/3sat/400/3sat_24.cnf,0.0055460929870605,0.080821,0.3696918487548828,0.3752379417419433,4.641458941741943,3sat_24.cnf,old_compact,Old Compact,3,True,False,runs/analysis/full400_seed_robustness/raw/old_compact/seed3.csv
118,1.0,41249.0,47888.0,2486997.0,1.16954,SATISFIABLE,118,0,data/test/3sat/400/3sat_25.cnf,0.0055460929870605,0.080607,0.3696918487548828,0.3752379417419433,1.6253849417419437,3sat_25.cnf,old_compact,Old Compact,3,True,False,runs/analysis/full400_seed_robustness/raw/old_compact/seed3.csv
119,2.0,1363169.0,1556264.0,78148125.0,59.9802,INDETERMINATE,119,0,data/test/3sat/400/3sat_26.cnf,0.0055460929870605,0.08692,0.3696918487548828,0.3752379417419433,60.442357941741946,3sat_26.cnf,old_compact,Old Compact,3,False,True,runs/analysis/full400_seed_robustness/raw/old_compact/seed3.csv
120,1.0,9470.0,11447.0,605518.0,0.201809,SATISFIABLE,120,0,data/test/3sat/400/3sat_27.cnf,0.0056459903717041,0.078907,0.3338227272033691,0.3394687175750732,0.6201847175750732,3sat_27.cnf,old_compact,Old Compact,3,True,False,runs/analysis/full400_seed_robustness/raw/old_compact/seed3.csv
121,2.0,1499684.0,1716502.0,84956777.0,59.9817,INDETERMINATE,121,0,data/test/3sat/400/3sat_28.cnf,0.0056459903717041,0.0735109999999999,0.3338227272033691,0.3394687175750732,60.39467971757507,3sat_28.cnf,old_compact,Old Compact,3,False,True,runs/analysis/full400_seed_robustness/raw/old_compact/seed3.csv
122,2.0,1512314.0,1723288.0,86982109.0,59.9735,INDETERMINATE,122,0,data/test/3sat/400/3sat_29.cnf,0.0056459903717041,0.072125,0.3338227272033691,0.3394687175750732,60.385093717575074,3sat_29.cnf,old_compact,Old Compact,3,False,True,runs/analysis/full400_seed_robustness/raw/old_compact/seed3.csv
123,2.0,1522262.0,1745493.0,89577872.0,59.9762,INDETERMINATE,123,0,data/test/3sat/400/3sat_3.cnf,0.0056459903717041,0.085907,0.3338227272033691,0.3394687175750732,60.40157571757507,3sat_3.cnf,old_compact,Old Compact,3,False,True,runs/analysis/full400_seed_robustness/raw/old_compact/seed3.csv
124,2.0,1427571.0,1628395.0,82569176.0,59.9779,INDETERMINATE,124,0,data/test/3sat/400/3sat_30.cnf,0.0056459903717041,0.083231,0.3338227272033691,0.3394687175750732,60.40059971757507,3sat_30.cnf,old_compact,Old Compact,3,False,True,runs/analysis/full400_seed_robustness/raw/old_compact/seed3.csv
125,2.0,1380305.0,1590202.0,77809346.0,59.9638,INDETERMINATE,125,0,data/test/3sat/400/3sat_31.cnf,0.0056459903717041,0.077377,0.3338227272033691,0.3394687175750732,60.38064571757507,3sat_31.cnf,old_compact,Old Compact,3,False,True,runs/analysis/full400_seed_robustness/raw/old_compact/seed3.csv
126,2.0,1434757.0,1622951.0,80817092.0,59.9798,INDETERMINATE,126,0,data/test/3sat/400/3sat_32.cnf,0.0056459903717041,0.087694,0.3338227272033691,0.3394687175750732,60.40696271757507,3sat_32.cnf,old_compact,Old Compact,3,False,True,runs/analysis/full400_seed_robustness/raw/old_compact/seed3.csv
127,2.0,1390844.0,1595756.0,79399514.0,59.9842,INDETERMINATE,127,0,data/test/3sat/400/3sat_33.cnf,0.0056459903717041,0.071045,0.3338227272033691,0.3394687175750732,60.39471371757507,3sat_33.cnf,old_compact,Old Compact,3,False,True,runs/analysis/full400_seed_robustness/raw/old_compact/seed3.csv
128,2.0,1579867.0,1814962.0,90416688.0,59.9832,INDETERMINATE,128,0,data/test/3sat/400/3sat_34.cnf,0.0056459903717041,0.068473,0.3338227272033691,0.3394687175750732,60.39114171757507,3sat_34.cnf,old_compact,Old Compact,3,False,True,runs/analysis/full400_seed_robustness/raw/old_compact/seed3.csv
129,2.0,1488564.0,1709436.0,82032370.0,59.9791,INDETERMINATE,129,0,data/test/3sat/400/3sat_35.cnf,0.0056459903717041,0.074617,0.3338227272033691,0.3394687175750732,60.39318571757508,3sat_35.cnf,old_compact,Old Compact,3,False,True,runs/analysis/full400_seed_robustness/raw/old_compact/seed3.csv
130,2.0,1446972.0,1655725.0,81223489.0,59.9936,INDETERMINATE,130,0,data/test/3sat/400/3sat_36.cnf,0.0056142807006835,0.08504,0.309300422668457,0.3149147033691406,60.39355470336914,3sat_36.cnf,old_compact,Old Compact,3,False,True,runs/analysis/full400_seed_robustness/raw/old_compact/seed3.csv
131,2.0,1407877.0,1613709.0,78803953.0,59.9785,INDETERMINATE,131,0,data/test/3sat/400/3sat_37.cnf,0.0056142807006835,0.07593,0.309300422668457,0.3149147033691406,60.36934470336914,3sat_37.cnf,old_compact,Old Compact,3,False,True,runs/analysis/full400_seed_robustness/raw/old_compact/seed3.csv
132,2.0,1492974.0,1704671.0,85230548.0,59.9893,INDETERMINATE,132,0,data/test/3sat/400/3sat_38.cnf,0.0056142807006835,0.067406,0.309300422668457,0.3149147033691406,60.37162070336914,3sat_38.cnf,old_compact,Old Compact,3,False,True,runs/analysis/full400_seed_robustness/raw/old_compact/seed3.csv
133,2.0,1461024.0,1680979.0,81774700.0,59.983,INDETERMINATE,133,0,data/test/3sat/400/3sat_39.cnf,0.0056142807006835,0.066157,0.309300422668457,0.3149147033691406,60.364071703369135,3sat_39.cnf,old_compact,Old Compact,3,False,True,runs/analysis/full400_seed_robustness/raw/old_compact/seed3.csv
134,2.0,1508412.0,1721692.0,84749068.0,59.9752,INDETERMINATE,134,0,data/test/3sat/400/3sat_4.cnf,0.0056142807006835,0.082053,0.309300422668457,0.3149147033691406,60.37216770336914,3sat_4.cnf,old_compact,Old Compact,3,False,True,runs/analysis/full400_seed_robustness/raw/old_compact/seed3.csv
135,2.0,1487868.0,1700510.0,84722997.0,59.9806,INDETERMINATE,135,0,data/test/3sat/400/3sat_40.cnf,0.0056142807006835,0.0756749999999999,0.309300422668457,0.3149147033691406,60.37118970336914,3sat_40.cnf,old_compact,Old Compact,3,False,True,runs/analysis/full400_seed_robustness/raw/old_compact/seed3.csv
136,2.0,1325268.0,1504989.0,73799204.0,59.9848,INDETERMINATE,136,0,data/test/3sat/400/3sat_41.cnf,0.0056142807006835,0.079263,0.309300422668457,0.3149147033691406,60.37897770336914,3sat_41.cnf,old_compact,Old Compact,3,False,True,runs/analysis/full400_seed_robustness/raw/old_compact/seed3.csv
137,2.0,1527387.0,1735684.0,83029927.0,59.9709,INDETERMINATE,137,0,data/test/3sat/400/3sat_42.cnf,0.0056142807006835,0.069811,0.309300422668457,0.3149147033691406,60.35562570336914,3sat_42.cnf,old_compact,Old Compact,3,False,True,runs/analysis/full400_seed_robustness/raw/old_compact/seed3.csv
138,2.0,1400668.0,1593262.0,80021641.0,59.9934,INDETERMINATE,138,0,data/test/3sat/400/3sat_43.cnf,0.0056142807006835,0.065789,0.309300422668457,0.3149147033691406,60.37410370336914,3sat_43.cnf,old_compact,Old Compact,3,False,True,runs/analysis/full400_seed_robustness/raw/old_compact/seed3.csv
139,2.0,1428950.0,1636364.0,82556554.0,59.9887,INDETERMINATE,139,0,data/test/3sat/400/3sat_44.cnf,0.0056142807006835,0.0797819999999999,0.309300422668457,0.3149147033691406,60.38339670336914,3sat_44.cnf,old_compact,Old Compact,3,False,True,runs/analysis/full400_seed_robustness/raw/old_compact/seed3.csv
140,2.0,1482713.0,1671681.0,82803003.0,59.97,INDETERMINATE,140,0,data/test/3sat/400/3sat_45.cnf,0.0054447650909423,0.066852,0.4087347984313965,0.4141795635223388,60.451031563522335,3sat_45.cnf,old_compact,Old Compact,3,False,True,runs/analysis/full400_seed_robustness/raw/old_compact/seed3.csv
141,1.0,9772.0,11592.0,590576.0,0.22008,SATISFIABLE,141,0,data/test/3sat/400/3sat_46.cnf,0.0054447650909423,0.0836119999999999,0.4087347984313965,0.4141795635223388,0.7178715635223388,3sat_46.cnf,old_compact,Old Compact,3,True,False,runs/analysis/full400_seed_robustness/raw/old_compact/seed3.csv
142,1.0,63966.0,73444.0,4017900.0,2.56921,SATISFIABLE,142,0,data/test/3sat/400/3sat_47.cnf,0.0054447650909423,0.087138,0.4087347984313965,0.4141795635223388,3.070527563522339,3sat_47.cnf,old_compact,Old Compact,3,True,False,runs/analysis/full400_seed_robustness/raw/old_compact/seed3.csv
143,2.0,1443882.0,1651976.0,80609056.0,59.9738,INDETERMINATE,143,0,data/test/3sat/400/3sat_48.cnf,0.0054447650909423,0.081135,0.4087347984313965,0.4141795635223388,60.46911456352234,3sat_48.cnf,old_compact,Old Compact,3,False,True,runs/analysis/full400_seed_robustness/raw/old_compact/seed3.csv
144,2.0,1425556.0,1636422.0,82004239.0,59.9915,INDETERMINATE,144,0,data/test/3sat/400/3sat_49.cnf,0.0054447650909423,0.083967,0.4087347984313965,0.4141795635223388,60.48964656352234,3sat_49.cnf,old_compact,Old Compact,3,False,True,runs/analysis/full400_seed_robustness/raw/old_compact/seed3.csv
145,2.0,1396269.0,1599601.0,79003434.0,59.9474,INDETERMINATE,145,0,data/test/3sat/400/3sat_5.cnf,0.0054447650909423,0.080156,0.4087347984313965,0.4141795635223388,60.44173556352234,3sat_5.cnf,old_compact,Old Compact,3,False,True,runs/analysis/full400_seed_robustness/raw/old_compact/seed3.csv
146,2.0,1378373.0,1576631.0,79207217.0,59.9886,INDETERMINATE,146,0,data/test/3sat/400/3sat_50.cnf,0.0054447650909423,0.078854,0.4087347984313965,0.4141795635223388,60.48163356352234,3sat_50.cnf,old_compact,Old Compact,3,False,True,runs/analysis/full400_seed_robustness/raw/old_compact/seed3.csv
147,2.0,1459480.0,1669438.0,83020408.0,59.9817,INDETERMINATE,147,0,data/test/3sat/400/3sat_51.cnf,0.0054447650909423,0.090316,0.4087347984313965,0.4141795635223388,60.48619556352234,3sat_51.cnf,old_compact,Old Compact,3,False,True,runs/analysis/full400_seed_robustness/raw/old_compact/seed3.csv
148,2.0,1562242.0,1803744.0,87967282.0,59.982,INDETERMINATE,148,0,data/test/3sat/400/3sat_52.cnf,0.0054447650909423,0.083902,0.4087347984313965,0.4141795635223388,60.48008156352234,3sat_52.cnf,old_compact,Old Compact,3,False,True,runs/analysis/full400_seed_robustness/raw/old_compact/seed3.csv
149,2.0,1443239.0,1644184.0,81084411.0,59.9916,INDETERMINATE,149,0,data/test/3sat/400/3sat_53.cnf,0.0054447650909423,0.074696,0.4087347984313965,0.4141795635223388,60.48047556352234,3sat_53.cnf,old_compact,Old Compact,3,False,True,runs/analysis/full400_seed_robustness/raw/old_compact/seed3.csv
150,2.0,612353.0,699215.0,35959808.0,21.5501,SATISFIABLE,150,0,data/test/3sat/400/3sat_54.cnf,0.005397081375122,0.072132,0.3556492328643799,0.3610463142395019,21.983278314239502,3sat_54.cnf,old_compact,Old Compact,3,True,False,runs/analysis/full400_seed_robustness/raw/old_compact/seed3.csv
151,2.0,1517888.0,1731784.0,85620152.0,59.9951,INDETERMINATE,151,0,data/test/3sat/400/3sat_55.cnf,0.005397081375122,0.076311,0.3556492328643799,0.3610463142395019,60.4324573142395,3sat_55.cnf,old_compact,Old Compact,3,False,True,runs/analysis/full400_seed_robustness/raw/old_compact/seed3.csv
152,2.0,1412626.0,1595419.0,80795814.0,59.9727,INDETERMINATE,152,0,data/test/3sat/400/3sat_56.cnf,0.005397081375122,0.07835,0.3556492328643799,0.3610463142395019,60.41209631423951,3sat_56.cnf,old_compact,Old Compact,3,False,True,runs/analysis/full400_seed_robustness/raw/old_compact/seed3.csv
153,2.0,1484794.0,1688077.0,83044361.0,59.9788,INDETERMINATE,153,0,data/test/3sat/400/3sat_57.cnf,0.005397081375122,0.088692,0.3556492328643799,0.3610463142395019,60.4285383142395,3sat_57.cnf,old_compact,Old Compact,3,False,True,runs/analysis/full400_seed_robustness/raw/old_compact/seed3.csv
154,2.0,1549382.0,1767502.0,91836159.0,59.9629,INDETERMINATE,154,0,data/test/3sat/400/3sat_58.cnf,0.005397081375122,0.080893,0.3556492328643799,0.3610463142395019,60.4048393142395,3sat_58.cnf,old_compact,Old Compact,3,False,True,runs/analysis/full400_seed_robustness/raw/old_compact/seed3.csv
155,2.0,1490221.0,1706842.0,83893310.0,59.9907,INDETERMINATE,155,0,data/test/3sat/400/3sat_59.cnf,0.005397081375122,0.07497,0.3556492328643799,0.3610463142395019,60.4267163142395,3sat_59.cnf,old_compact,Old Compact,3,False,True,runs/analysis/full400_seed_robustness/raw/old_compact/seed3.csv
156,2.0,1490020.0,1689594.0,83246155.0,59.9793,INDETERMINATE,156,0,data/test/3sat/400/3sat_6.cnf,0.005397081375122,0.064016,0.3556492328643799,0.3610463142395019,60.40436231423951,3sat_6.cnf,old_compact,Old Compact,3,False,True,runs/analysis/full400_seed_robustness/raw/old_compact/seed3.csv
157,2.0,1396644.0,1589452.0,80318483.0,59.9688,INDETERMINATE,157,0,data/test/3sat/400/3sat_60.cnf,0.005397081375122,0.074323,0.3556492328643799,0.3610463142395019,60.4041693142395,3sat_60.cnf,old_compact,Old Compact,3,False,True,runs/analysis/full400_seed_robustness/raw/old_compact/seed3.csv
158,2.0,1430682.0,1617201.0,80386278.0,59.9738,INDETERMINATE,158,0,data/test/3sat/400/3sat_61.cnf,0.005397081375122,0.0640989999999999,0.3556492328643799,0.3610463142395019,60.3989453142395,3sat_61.cnf,old_compact,Old Compact,3,False,True,runs/analysis/full400_seed_robustness/raw/old_compact/seed3.csv
159,2.0,1508549.0,1710734.0,86980888.0,59.9809,INDETERMINATE,159,0,data/test/3sat/400/3sat_62.cnf,0.005397081375122,0.074059,0.3556492328643799,0.3610463142395019,60.4160053142395,3sat_62.cnf,old_compact,Old Compact,3,False,True,runs/analysis/full400_seed_robustness/raw/old_compact/seed3.csv
160,2.0,138136.0,157894.0,8130882.0,4.9436,SATISFIABLE,160,0,data/test/3sat/400/3sat_63.cnf,0.0061442852020263,0.079767,0.3276293277740478,0.3337736129760742,5.357140612976075,3sat_63.cnf,old_compact,Old Compact,3,True,False,runs/analysis/full400_seed_robustness/raw/old_compact/seed3.csv
161,2.0,1467493.0,1660718.0,81888030.0,59.9915,INDETERMINATE,161,0,data/test/3sat/400/3sat_64.cnf,0.0061442852020263,0.078421,0.3276293277740478,0.3337736129760742,60.40369461297608,3sat_64.cnf,old_compact,Old Compact,3,False,True,runs/analysis/full400_seed_robustness/raw/old_compact/seed3.csv
162,1.0,224.0,339.0,14565.0,0.013885,SATISFIABLE,162,0,data/test/3sat/400/3sat_65.cnf,0.0061442852020263,0.030933,0.3276293277740478,0.3337736129760742,0.3785916129760742,3sat_65.cnf,old_compact,Old Compact,3,True,False,runs/analysis/full400_seed_robustness/raw/old_compact/seed3.csv
163,2.0,1409293.0,1617115.0,80600744.0,59.9684,INDETERMINATE,163,0,data/test/3sat/400/3sat_66.cnf,0.0061442852020263,0.076407,0.3276293277740478,0.3337736129760742,60.37858061297608,3sat_66.cnf,old_compact,Old Compact,3,False,True,runs/analysis/full400_seed_robustness/raw/old_compact/seed3.csv
164,2.0,1486452.0,1699470.0,85702295.0,59.9772,INDETERMINATE,164,0,data/test/3sat/400/3sat_67.cnf,0.0061442852020263,0.082646,0.3276293277740478,0.3337736129760742,60.39361961297608,3sat_67.cnf,old_compact,Old Compact,3,False,True,runs/analysis/full400_seed_robustness/raw/old_compact/seed3.csv
165,2.0,1392370.0,1593566.0,78317803.0,59.9787,INDETERMINATE,165,0,data/test/3sat/400/3sat_68.cnf,0.0061442852020263,0.079512,0.3276293277740478,0.3337736129760742,60.39198561297608,3sat_68.cnf,old_compact,Old Compact,3,False,True,runs/analysis/full400_seed_robustness/raw/old_compact/seed3.csv
166,2.0,1467025.0,1680605.0,86277776.0,59.9854,INDETERMINATE,166,0,data/test/3sat/400/3sat_69.cnf,0.0061442852020263,0.085077,0.3276293277740478,0.3337736129760742,60.40425061297607,3sat_69.cnf,old_compact,Old Compact,3,False,True,runs/analysis/full400_seed_robustness/raw/old_compact/seed3.csv
167,2.0,1504996.0,1698788.0,83314644.0,59.9645,INDETERMINATE,167,0,data/test/3sat/400/3sat_7.cnf,0.0061442852020263,0.068039,0.3276293277740478,0.3337736129760742,60.36631261297608,3sat_7.cnf,old_compact,Old Compact,3,False,True,runs/analysis/full400_seed_robustness/raw/old_compact/seed3.csv
168,1.0,2512.0,3124.0,152890.0,0.046981,SATISFIABLE,168,0,data/test/3sat/400/3sat_70.cnf,0.0061442852020263,0.081628,0.3276293277740478,0.3337736129760742,0.4623826129760742,3sat_70.cnf,old_compact,Old Compact,3,True,False,runs/analysis/full400_seed_robustness/raw/old_compact/seed3.csv
169,2.0,1432636.0,1642180.0,81368933.0,59.9598,INDETERMINATE,169,0,data/test/3sat/400/3sat_71.cnf,0.0061442852020263,0.078278,0.3276293277740478,0.3337736129760742,60.37185161297607,3sat_71.cnf,old_compact,Old Compact,3,False,True,runs/analysis/full400_seed_robustness/raw/old_compact/seed3.csv
170,2.0,1479200.0,1692693.0,83214014.0,59.9664,INDETERMINATE,170,0,data/test/3sat/400/3sat_72.cnf,0.0050973892211914,0.077916,0.3348143100738525,0.3399116992950439,60.384227699295046,3sat_72.cnf,old_compact,Old Compact,3,False,True,runs/analysis/full400_seed_robustness/raw/old_compact/seed3.csv
171,2.0,1477388.0,1683850.0,84588853.0,59.9642,INDETERMINATE,171,0,data/test/3sat/400/3sat_73.cnf,0.0050973892211914,0.088817,0.3348143100738525,0.3399116992950439,60.39292869929504,3sat_73.cnf,old_compact,Old Compact,3,False,True,runs/analysis/full400_seed_robustness/raw/old_compact/seed3.csv
172,2.0,1408409.0,1621779.0,79307715.0,59.9728,INDETERMINATE,172,0,data/test/3sat/400/3sat_74.cnf,0.0050973892211914,0.083059,0.3348143100738525,0.3399116992950439,60.39577069929504,3sat_74.cnf,old_compact,Old Compact,3,False,True,runs/analysis/full400_seed_robustness/raw/old_compact/seed3.csv
173,2.0,1350273.0,1547698.0,73362234.0,59.9784,INDETERMINATE,173,0,data/test/3sat/400/3sat_75.cnf,0.0050973892211914,0.070058,0.3348143100738525,0.3399116992950439,60.38836969929505,3sat_75.cnf,old_compact,Old Compact,3,False,True,runs/analysis/full400_seed_robustness/raw/old_compact/seed3.csv
174,2.0,1477951.0,1681112.0,86208529.0,59.9888,INDETERMINATE,174,0,data/test/3sat/400/3sat_76.cnf,0.0050973892211914,0.085266,0.3348143100738525,0.3399116992950439,60.41397769929504,3sat_76.cnf,old_compact,Old Compact,3,False,True,runs/analysis/full400_seed_robustness/raw/old_compact/seed3.csv
175,2.0,1482608.0,1691381.0,83227349.0,59.9829,INDETERMINATE,175,0,data/test/3sat/400/3sat_77.cnf,0.0050973892211914,0.0828619999999999,0.3348143100738525,0.3399116992950439,60.40567369929504,3sat_77.cnf,old_compact,Old Compact,3,False,True,runs/analysis/full400_seed_robustness/raw/old_compact/seed3.csv
176,2.0,1479352.0,1684920.0,81147951.0,59.9802,INDETERMINATE,176,0,data/test/3sat/400/3sat_78.cnf,0.0050973892211914,0.073585,0.3348143100738525,0.3399116992950439,60.39369669929505,3sat_78.cnf,old_compact,Old Compact,3,False,True,runs/analysis/full400_seed_robustness/raw/old_compact/seed3.csv
177,2.0,1429575.0,1634427.0,78526643.0,59.9653,INDETERMINATE,177,0,data/test/3sat/400/3sat_79.cnf,0.0050973892211914,0.074493,0.3348143100738525,0.3399116992950439,60.37970469929504,3sat_79.cnf,old_compact,Old Compact,3,False,True,runs/analysis/full400_seed_robustness/raw/old_compact/seed3.csv
178,2.0,1467530.0,1667751.0,84839720.0,59.9764,INDETERMINATE,178,0,data/test/3sat/400/3sat_8.cnf,0.0050973892211914,0.0828879999999999,0.3348143100738525,0.3399116992950439,60.39919969929504,3sat_8.cnf,old_compact,Old Compact,3,False,True,runs/analysis/full400_seed_robustness/raw/old_compact/seed3.csv
179,2.0,1499199.0,1727624.0,86511567.0,59.9872,INDETERMINATE,179,0,data/test/3sat/400/3sat_80.cnf,0.0050973892211914,0.072949,0.3348143100738525,0.3399116992950439,60.40006069929505,3sat_80.cnf,old_compact,Old Compact,3,False,True,runs/analysis/full400_seed_robustness/raw/old_compact/seed3.csv
180,2.0,1455971.0,1647056.0,81301280.0,59.977,INDETERMINATE,180,0,data/test/3sat/400/3sat_81.cnf,0.0061826705932617,0.072891,0.3497078418731689,0.3558905124664306,60.405781512466426,3sat_81.cnf,old_compact,Old Compact,3,False,True,runs/analysis/full400_seed_robustness/raw/old_compact/seed3.csv
181,2.0,1090841.0,1251869.0,62339209.0,43.4958,SATISFIABLE,181,0,data/test/3sat/400/3sat_82.cnf,0.0061826705932617,0.0778389999999999,0.3497078418731689,0.3558905124664306,43.92952951246643,3sat_82.cnf,old_compact,Old Compact,3,True,False,runs/analysis/full400_seed_robustness/raw/old_compact/seed3.csv
182,2.0,1460000.0,1664868.0,81695751.0,59.9787,INDETERMINATE,182,0,data/test/3sat/400/3sat_83.cnf,0.0061826705932617,0.082541,0.3497078418731689,0.3558905124664306,60.41713151246643,3sat_83.cnf,old_compact,Old Compact,3,False,True,runs/analysis/full400_seed_robustness/raw/old_compact/seed3.csv
183,2.0,1358614.0,1554864.0,77685756.0,59.9696,INDETERMINATE,183,0,data/test/3sat/400/3sat_84.cnf,0.0061826705932617,0.067169,0.3497078418731689,0.3558905124664306,60.39265951246643,3sat_84.cnf,old_compact,Old Compact,3,False,True,runs/analysis/full400_seed_robustness/raw/old_compact/seed3.csv
184,1.0,27518.0,32278.0,1663386.0,0.796236,SATISFIABLE,184,0,data/test/3sat/400/3sat_85.cnf,0.0061826705932617,0.071126,0.3497078418731689,0.3558905124664306,1.2232525124664306,3sat_85.cnf,old_compact,Old Compact,3,True,False,runs/analysis/full400_seed_robustness/raw/old_compact/seed3.csv
185,1.0,84037.0,97892.0,5195664.0,3.1847,SATISFIABLE,185,0,data/test/3sat/400/3sat_86.cnf,0.0061826705932617,0.081395,0.3497078418731689,0.3558905124664306,3.621985512466431,3sat_86.cnf,old_compact,Old Compact,3,True,False,runs/analysis/full400_seed_robustness/raw/old_compact/seed3.csv
186,2.0,1376271.0,1572279.0,78464948.0,59.9681,INDETERMINATE,186,0,data/test/3sat/400/3sat_87.cnf,0.0061826705932617,0.074925,0.3497078418731689,0.3558905124664306,60.39891551246643,3sat_87.cnf,old_compact,Old Compact,3,False,True,runs/analysis/full400_seed_robustness/raw/old_compact/seed3.csv
187,1.0,10969.0,13071.0,671709.0,0.232637,SATISFIABLE,187,0,data/test/3sat/400/3sat_88.cnf,0.0061826705932617,0.072557,0.3497078418731689,0.3558905124664306,0.6610845124664306,3sat_88.cnf,old_compact,Old Compact,3,True,False,runs/analysis/full400_seed_robustness/raw/old_compact/seed3.csv
188,1.0,8641.0,10334.0,538222.0,0.174055,SATISFIABLE,188,0,data/test/3sat/400/3sat_89.cnf,0.0061826705932617,0.08231,0.3497078418731689,0.3558905124664306,0.6122555124664306,3sat_89.cnf,old_compact,Old Compact,3,True,False,runs/analysis/full400_seed_robustness/raw/old_compact/seed3.csv
189,2.0,1513350.0,1723531.0,87039966.0,59.9759,INDETERMINATE,189,0,data/test/3sat/400/3sat_9.cnf,0.0061826705932617,0.09181,0.3497078418731689,0.3558905124664306,60.42360051246644,3sat_9.cnf,old_compact,Old Compact,3,False,True,runs/analysis/full400_seed_robustness/raw/old_compact/seed3.csv
190,2.0,1456178.0,1678661.0,85008999.0,59.9624,INDETERMINATE,190,0,data/test/3sat/400/3sat_90.cnf,0.0063753128051757,0.08043,0.3779933452606201,0.3843686580657959,60.4271986580658,3sat_90.cnf,old_compact,Old Compact,3,False,True,runs/analysis/full400_seed_robustness/raw/old_compact/seed3.csv
191,1.0,10042.0,11941.0,654479.0,0.221165,SATISFIABLE,191,0,data/test/3sat/400/3sat_91.cnf,0.0063753128051757,0.073607,0.3779933452606201,0.3843686580657959,0.6791406580657959,3sat_91.cnf,old_compact,Old Compact,3,True,False,runs/analysis/full400_seed_robustness/raw/old_compact/seed3.csv
192,2.0,253822.0,290337.0,15713394.0,8.62682,SATISFIABLE,192,0,data/test/3sat/400/3sat_92.cnf,0.0063753128051757,0.06948,0.3779933452606201,0.3843686580657959,9.080668658065797,3sat_92.cnf,old_compact,Old Compact,3,True,False,runs/analysis/full400_seed_robustness/raw/old_compact/seed3.csv
193,2.0,677111.0,783227.0,41044151.0,25.2579,SATISFIABLE,193,0,data/test/3sat/400/3sat_93.cnf,0.0063753128051757,0.084378,0.3779933452606201,0.3843686580657959,25.7266466580658,3sat_93.cnf,old_compact,Old Compact,3,True,False,runs/analysis/full400_seed_robustness/raw/old_compact/seed3.csv
194,1.0,53988.0,62131.0,3367378.0,1.71171,SATISFIABLE,194,0,data/test/3sat/400/3sat_94.cnf,0.0063753128051757,0.077411,0.3779933452606201,0.3843686580657959,2.173489658065796,3sat_94.cnf,old_compact,Old Compact,3,True,False,runs/analysis/full400_seed_robustness/raw/old_compact/seed3.csv
195,2.0,1477623.0,1682598.0,82700895.0,59.974,INDETERMINATE,195,0,data/test/3sat/400/3sat_95.cnf,0.0063753128051757,0.074414,0.3779933452606201,0.3843686580657959,60.43278265806579,3sat_95.cnf,old_compact,Old Compact,3,False,True,runs/analysis/full400_seed_robustness/raw/old_compact/seed3.csv
196,1.0,3109.0,3849.0,199282.0,0.058518,SATISFIABLE,196,0,data/test/3sat/400/3sat_96.cnf,0.0063753128051757,0.075013,0.3779933452606201,0.3843686580657959,0.517899658065796,3sat_96.cnf,old_compact,Old Compact,3,True,False,runs/analysis/full400_seed_robustness/raw/old_compact/seed3.csv
197,2.0,425291.0,491074.0,25526527.0,14.2476,SATISFIABLE,197,0,data/test/3sat/400/3sat_97.cnf,0.0063753128051757,0.0745589999999999,0.3779933452606201,0.3843686580657959,14.706527658065797,3sat_97.cnf,old_compact,Old Compact,3,True,False,runs/analysis/full400_seed_robustness/raw/old_compact/seed3.csv
198,2.0,1504759.0,1705082.0,84789791.0,59.9776,INDETERMINATE,198,0,data/test/3sat/400/3sat_98.cnf,0.0063753128051757,0.072222,0.3779933452606201,0.3843686580657959,60.4341906580658,3sat_98.cnf,old_compact,Old Compact,3,False,True,runs/analysis/full400_seed_robustness/raw/old_compact/seed3.csv
199,2.0,1490099.0,1700682.0,82227896.0,59.9716,INDETERMINATE,199,0,data/test/3sat/400/3sat_99.cnf,0.0063753128051757,0.077279,0.3779933452606201,0.3843686580657959,60.4332476580658,3sat_99.cnf,old_compact,Old Compact,3,False,True,runs/analysis/full400_seed_robustness/raw/old_compact/seed3.csv
0,2.0,1465235.0,1672149.0,81669477.0,59.9863,INDETERMINATE,0,0,data/test/3sat/400/3sat_0.cnf,0.0065264701843261,0.09374,0.4118552207946777,0.4183816909790039,60.498421690979,3sat_0.cnf,local_reopen_guarded,+ Local Boundary Correction,3,False,True,runs/analysis/full400_seed_robustness/raw/local_reopen_guarded/seed3.csv
1,1.0,73715.0,85712.0,4316774.0,2.77805,SATISFIABLE,1,0,data/test/3sat/400/3sat_1.cnf,0.0065264701843261,0.099725,0.4118552207946777,0.4183816909790039,3.296156690979004,3sat_1.cnf,local_reopen_guarded,+ Local Boundary Correction,3,True,False,runs/analysis/full400_seed_robustness/raw/local_reopen_guarded/seed3.csv
2,2.0,1519049.0,1734355.0,85703602.0,59.9565,INDETERMINATE,2,0,data/test/3sat/400/3sat_10.cnf,0.0065264701843261,0.091787,0.4118552207946777,0.4183816909790039,60.466668690979,3sat_10.cnf,local_reopen_guarded,+ Local Boundary Correction,3,False,True,runs/analysis/full400_seed_robustness/raw/local_reopen_guarded/seed3.csv
3,1.0,3392.0,4166.0,213902.0,0.064028,SATISFIABLE,3,0,data/test/3sat/400/3sat_100.cnf,0.0065264701843261,0.0896,0.4118552207946777,0.4183816909790039,0.5720096909790039,3sat_100.cnf,local_reopen_guarded,+ Local Boundary Correction,3,True,False,runs/analysis/full400_seed_robustness/raw/local_reopen_guarded/seed3.csv
4,2.0,1432709.0,1637362.0,80485591.0,59.9732,INDETERMINATE,4,0,data/test/3sat/400/3sat_101.cnf,0.0065264701843261,0.091989,0.4118552207946777,0.4183816909790039,60.483570690979,3sat_101.cnf,local_reopen_guarded,+ Local Boundary Correction,3,False,True,runs/analysis/full400_seed_robustness/raw/local_reopen_guarded/seed3.csv
5,2.0,1495553.0,1730086.0,85519980.0,59.9712,INDETERMINATE,5,0,data/test/3sat/400/3sat_102.cnf,0.0065264701843261,0.096738,0.4118552207946777,0.4183816909790039,60.48631969097901,3sat_102.cnf,local_reopen_guarded,+ Local Boundary Correction,3,False,True,runs/analysis/full400_seed_robustness/raw/local_reopen_guarded/seed3.csv
6,2.0,1482291.0,1710376.0,85384681.0,59.9669,INDETERMINATE,6,0,data/test/3sat/400/3sat_103.cnf,0.0065264701843261,0.10286,0.4118552207946777,0.4183816909790039,60.488141690979006,3sat_103.cnf,local_reopen_guarded,+ Local Boundary Correction,3,False,True,runs/analysis/full400_seed_robustness/raw/local_reopen_guarded/seed3.csv
7,2.0,1439995.0,1645069.0,80087450.0,59.98,INDETERMINATE,7,0,data/test/3sat/400/3sat_104.cnf,0.0065264701843261,0.113384,0.4118552207946777,0.4183816909790039,60.51176569097901,3sat_104.cnf,local_reopen_guarded,+ Local Boundary Correction,3,False,True,runs/analysis/full400_seed_robustness/raw/local_reopen_guarded/seed3.csv
8,2.0,1523448.0,1733302.0,87187750.0,59.9892,INDETERMINATE,8,0,data/test/3sat/400/3sat_105.cnf,0.0065264701843261,0.102414,0.4118552207946777,0.4183816909790039,60.50999569097901,3sat_105.cnf,local_reopen_guarded,+ Local Boundary Correction,3,False,True,runs/analysis/full400_seed_robustness/raw/local_reopen_guarded/seed3.csv
9,2.0,1404247.0,1605901.0,78257250.0,59.9725,INDETERMINATE,9,0,data/test/3sat/400/3sat_106.cnf,0.0065264701843261,0.086641,0.4118552207946777,0.4183816909790039,60.477522690979,3sat_106.cnf,local_reopen_guarded,+ Local Boundary Correction,3,False,True,runs/analysis/full400_seed_robustness/raw/local_reopen_guarded/seed3.csv
10,2.0,1347241.0,1547582.0,76920710.0,59.9855,INDETERMINATE,10,0,data/test/3sat/400/3sat_107.cnf,0.0050890445709228,0.0971259999999999,0.3394596576690674,0.3445487022399902,60.42717470224,3sat_107.cnf,local_reopen_guarded,+ Local Boundary Correction,3,False,True,runs/analysis/full400_seed_robustness/raw/local_reopen_guarded/seed3.csv
11,2.0,1451168.0,1671478.0,81297850.0,59.9613,INDETERMINATE,11,0,data/test/3sat/400/3sat_108.cnf,0.0050890445709228,0.09446,0.3394596576690674,0.3445487022399902,60.40030870223999,3sat_108.cnf,local_reopen_guarded,+ Local Boundary Correction,3,False,True,runs/analysis/full400_seed_robustness/raw/local_reopen_guarded/seed3.csv
12,2.0,1513641.0,1734453.0,84795974.0,59.9711,INDETERMINATE,12,0,data/test/3sat/400/3sat_109.cnf,0.0050890445709228,0.096446,0.3394596576690674,0.3445487022399902,60.41209470223999,3sat_109.cnf,local_reopen_guarded,+ Local Boundary Correction,3,False,True,runs/analysis/full400_seed_robustness/raw/local_reopen_guarded/seed3.csv
13,1.0,40661.0,47692.0,2496556.0,1.4022,SATISFIABLE,13,0,data/test/3sat/400/3sat_11.cnf,0.0050890445709228,0.090857,0.3394596576690674,0.3445487022399902,1.83760570223999,3sat_11.cnf,local_reopen_guarded,+ Local Boundary Correction,3,True,False,runs/analysis/full400_seed_robustness/raw/local_reopen_guarded/seed3.csv
14,2.0,1469487.0,1686530.0,84996563.0,59.9662,INDETERMINATE,14,0,data/test/3sat/400/3sat_110.cnf,0.0050890445709228,0.09461,0.3394596576690674,0.3445487022399902,60.40535870224,3sat_110.cnf,local_reopen_guarded,+ Local Boundary Correction,3,False,True,runs/analysis/full400_seed_robustness/raw/local_reopen_guarded/seed3.csv
15,2.0,1431371.0,1642173.0,83628852.0,59.9648,INDETERMINATE,15,0,data/test/3sat/400/3sat_111.cnf,0.0050890445709228,0.097392,0.3394596576690674,0.3445487022399902,60.40674070223999,3sat_111.cnf,local_reopen_guarded,+ Local Boundary Correction,3,False,True,runs/analysis/full400_seed_robustness/raw/local_reopen_guarded/seed3.csv
16,2.0,1472763.0,1674069.0,85209221.0,59.9664,INDETERMINATE,16,0,data/test/3sat/400/3sat_112.cnf,0.0050890445709228,0.092845,0.3394596576690674,0.3445487022399902,60.40379370223999,3sat_112.cnf,local_reopen_guarded,+ Local Boundary Correction,3,False,True,runs/analysis/full400_seed_robustness/raw/local_reopen_guarded/seed3.csv
17,2.0,1363730.0,1547570.0,78322111.0,59.9587,INDETERMINATE,17,0,data/test/3sat/400/3sat_113.cnf,0.0050890445709228,0.103981,0.3394596576690674,0.3445487022399902,60.40722970223999,3sat_113.cnf,local_reopen_guarded,+ Local Boundary Correction,3,False,True,runs/analysis/full400_seed_robustness/raw/local_reopen_guarded/seed3.csv
18,2.0,1425614.0,1637343.0,80701366.0,59.9553,INDETERMINATE,18,0,data/test/3sat/400/3sat_114.cnf,0.0050890445709228,0.0988459999999999,0.3394596576690674,0.3445487022399902,60.39869470223999,3sat_114.cnf,local_reopen_guarded,+ Local Boundary Correction,3,False,True,runs/analysis/full400_seed_robustness/raw/local_reopen_guarded/seed3.csv
19,2.0,1378053.0,1573621.0,77864166.0,59.9702,INDETERMINATE,19,0,data/test/3sat/400/3sat_115.cnf,0.0050890445709228,0.102586,0.3394596576690674,0.3445487022399902,60.41733470223999,3sat_115.cnf,local_reopen_guarded,+ Local Boundary Correction,3,False,True,runs/analysis/full400_seed_robustness/raw/local_reopen_guarded/seed3.csv
20,2.0,1455733.0,1657475.0,81320390.0,59.9625,INDETERMINATE,20,0,data/test/3sat/400/3sat_116.cnf,0.0048112869262695,0.094201,0.3197767734527588,0.3245880603790283,60.38128906037903,3sat_116.cnf,local_reopen_guarded,+ Local Boundary Correction,3,False,True,runs/analysis/full400_seed_robustness/raw/local_reopen_guarded/seed3.csv
21,2.0,1458854.0,1669919.0,81500688.0,59.9859,INDETERMINATE,21,0,data/test/3sat/400/3sat_117.cnf,0.0048112869262695,0.087569,0.3197767734527588,0.3245880603790283,60.39805706037903,3sat_117.cnf,local_reopen_guarded,+ Local Boundary Correction,3,False,True,runs/analysis/full400_seed_robustness/raw/local_reopen_guarded/seed3.csv
22,2.0,1469933.0,1680459.0,82697276.0,59.9588,INDETERMINATE,22,0,data/test/3sat/400/3sat_118.cnf,0.0048112869262695,0.1017029999999999,0.3197767734527588,0.3245880603790283,60.38509106037903,3sat_118.cnf,local_reopen_guarded,+ Local Boundary Correction,3,False,True,runs/analysis/full400_seed_robustness/raw/local_reopen_guarded/seed3.csv
23,2.0,1504660.0,1720662.0,83275071.0,59.9743,INDETERMINATE,23,0,data/test/3sat/400/3sat_119.cnf,0.0048112869262695,0.093212,0.3197767734527588,0.3245880603790283,60.39210006037903,3sat_119.cnf,local_reopen_guarded,+ Local Boundary Correction,3,False,True,runs/analysis/full400_seed_robustness/raw/local_reopen_guarded/seed3.csv
24,2.0,1423301.0,1627846.0,79946176.0,59.964,INDETERMINATE,24,0,data/test/3sat/400/3sat_12.cnf,0.0048112869262695,0.086687,0.3197767734527588,0.3245880603790283,60.37527506037903,3sat_12.cnf,local_reopen_guarded,+ Local Boundary Correction,3,False,True,runs/analysis/full400_seed_robustness/raw/local_reopen_guarded/seed3.csv
25,1.0,23077.0,27394.0,1439359.0,0.68498,SATISFIABLE,25,0,data/test/3sat/400/3sat_120.cnf,0.0048112869262695,0.089633,0.3197767734527588,0.3245880603790283,1.0992010603790283,3sat_120.cnf,local_reopen_guarded,+ Local Boundary Correction,3,True,False,runs/analysis/full400_seed_robustness/raw/local_reopen_guarded/seed3.csv
26,1.0,47329.0,54623.0,2823769.0,1.41982,SATISFIABLE,26,0,data/test/3sat/400/3sat_121.cnf,0.0048112869262695,0.106136,0.3197767734527588,0.3245880603790283,1.8505440603790284,3sat_121.cnf,local_reopen_guarded,+ Local Boundary Correction,3,True,False,runs/analysis/full400_seed_robustness/raw/local_reopen_guarded/seed3.csv
27,2.0,1478602.0,1691465.0,84538451.0,59.9695,INDETERMINATE,27,0,data/test/3sat/400/3sat_122.cnf,0.0048112869262695,0.098301,0.3197767734527588,0.3245880603790283,60.392389060379024,3sat_122.cnf,local_reopen_guarded,+ Local Boundary Correction,3,False,True,runs/analysis/full400_seed_robustness/raw/local_reopen_guarded/seed3.csv
28,2.0,1475077.0,1677962.0,84048886.0,59.973,INDETERMINATE,28,0,data/test/3sat/400/3sat_123.cnf,0.0048112869262695,0.085834,0.3197767734527588,0.3245880603790283,60.38342206037903,3sat_123.cnf,local_reopen_guarded,+ Local Boundary Correction,3,False,True,runs/analysis/full400_seed_robustness/raw/local_reopen_guarded/seed3.csv
29,1.0,654.0,900.0,43163.0,0.014561,SATISFIABLE,29,0,data/test/3sat/400/3sat_124.cnf,0.0048112869262695,0.052402,0.3197767734527588,0.3245880603790283,0.3915510603790283,3sat_124.cnf,local_reopen_guarded,+ Local Boundary Correction,3,True,False,runs/analysis/full400_seed_robustness/raw/local_reopen_guarded/seed3.csv
30,1.0,87018.0,101016.0,5296049.0,3.2576,SATISFIABLE,30,0,data/test/3sat/400/3sat_125.cnf,0.0059833526611328,0.089804,0.3456015586853027,0.3515849113464355,3.698988911346436,3sat_125.cnf,local_reopen_guarded,+ Local Boundary Correction,3,True,False,runs/analysis/full400_seed_robustness/raw/local_reopen_guarded/seed3.csv
31,2.0,1472944.0,1684258.0,84478671.0,59.9912,INDETERMINATE,31,0,data/test/3sat/400/3sat_126.cnf,0.0059833526611328,0.095179,0.3456015586853027,0.3515849113464355,60.43796391134644,3sat_126.cnf,local_reopen_guarded,+ Local Boundary Correction,3,False,True,runs/analysis/full400_seed_robustness/raw/local_reopen_guarded/seed3.csv
32,2.0,1419225.0,1642940.0,83145064.0,59.9836,INDETERMINATE,32,0,data/test/3sat/400/3sat_127.cnf,0.0059833526611328,0.087021,0.3456015586853027,0.3515849113464355,60.42220591134644,3sat_127.cnf,local_reopen_guarded,+ Local Boundary Correction,3,False,True,runs/analysis/full400_seed_robustness/raw/local_reopen_guarded/seed3.csv
33,2.0,238642.0,275833.0,14368684.0,8.26138,SATISFIABLE,33,0,data/test/3sat/400/3sat_128.cnf,0.0059833526611328,0.092055,0.3456015586853027,0.3515849113464355,8.705019911346437,3sat_128.cnf,local_reopen_guarded,+ Local Boundary Correction,3,True,False,runs/analysis/full400_seed_robustness/raw/local_reopen_guarded/seed3.csv
34,1.0,28034.0,33114.0,1750425.0,0.798527,SATISFIABLE,34,0,data/test/3sat/400/3sat_129.cnf,0.0059833526611328,0.100896,0.3456015586853027,0.3515849113464355,1.2510079113464356,3sat_129.cnf,local_reopen_guarded,+ Local Boundary Correction,3,True,False,runs/analysis/full400_seed_robustness/raw/local_reopen_guarded/seed3.csv
35,2.0,1461884.0,1672195.0,85285945.0,59.9497,INDETERMINATE,35,0,data/test/3sat/400/3sat_13.cnf,0.0059833526611328,0.084972,0.3456015586853027,0.3515849113464355,60.38625691134644,3sat_13.cnf,local_reopen_guarded,+ Local Boundary Correction,3,False,True,runs/analysis/full400_seed_robustness/raw/local_reopen_guarded/seed3.csv
36,2.0,121568.0,139021.0,7304329.0,4.56017,SATISFIABLE,36,0,data/test/3sat/400/3sat_130.cnf,0.0059833526611328,0.098002,0.3456015586853027,0.3515849113464355,5.009756911346436,3sat_130.cnf,local_reopen_guarded,+ Local Boundary Correction,3,True,False,runs/analysis/full400_seed_robustness/raw/local_reopen_guarded/seed3.csv
37,1.0,82086.0,96037.0,5035591.0,3.38323,SATISFIABLE,37,0,data/test/3sat/400/3sat_131.cnf,0.0059833526611328,0.0945,0.3456015586853027,0.3515849113464355,3.829314911346436,3sat_131.cnf,local_reopen_guarded,+ Local Boundary Correction,3,True,False,runs/analysis/full400_seed_robustness/raw/local_reopen_guarded/seed3.csv
38,1.0,2692.0,3354.0,172420.0,0.049566,SATISFIABLE,38,0,data/test/3sat/400/3sat_132.cnf,0.0059833526611328,0.105518,0.3456015586853027,0.3515849113464355,0.5066689113464355,3sat_132.cnf,local_reopen_guarded,+ Local Boundary Correction,3,True,False,runs/analysis/full400_seed_robustness/raw/local_reopen_guarded/seed3.csv
39,2.0,1402144.0,1621514.0,81717405.0,59.9827,INDETERMINATE,39,0,data/test/3sat/400/3sat_133.cnf,0.0059833526611328,0.098745,0.3456015586853027,0.3515849113464355,60.43302991134644,3sat_133.cnf,local_reopen_guarded,+ Local Boundary Correction,3,False,True,runs/analysis/full400_seed_robustness/raw/local_reopen_guarded/seed3.csv
40,2.0,1406094.0,1609698.0,78669433.0,59.9876,INDETERMINATE,40,0,data/test/3sat/400/3sat_134.cnf,0.0061304569244384,0.089429,0.3287794589996338,0.3349099159240722,60.41193891592408,3sat_134.cnf,local_reopen_guarded,+ Local Boundary Correction,3,False,True,runs/analysis/full400_seed_robustness/raw/local_reopen_guarded/seed3.csv
41,2.0,1552716.0,1767368.0,86663503.0,59.9653,INDETERMINATE,41,0,data/test/3sat/400/3sat_135.cnf,0.0061304569244384,0.089738,0.3287794589996338,0.3349099159240722,60.38994791592407,3sat_135.cnf,local_reopen_guarded,+ Local Boundary Correction,3,False,True,runs/analysis/full400_seed_robustness/raw/local_reopen_guarded/seed3.csv
42,2.0,1417915.0,1625990.0,83312650.0,59.9827,INDETERMINATE,42,0,data/test/3sat/400/3sat_136.cnf,0.0061304569244384,0.082323,0.3287794589996338,0.3349099159240722,60.39993291592408,3sat_136.cnf,local_reopen_guarded,+ Local Boundary Correction,3,False,True,runs/analysis/full400_seed_robustness/raw/local_reopen_guarded/seed3.csv
43,2.0,1466001.0,1661908.0,79135075.0,59.992,INDETERMINATE,43,0,data/test/3sat/400/3sat_137.cnf,0.0061304569244384,0.095386,0.3287794589996338,0.3349099159240722,60.42229591592407,3sat_137.cnf,local_reopen_guarded,+ Local Boundary Correction,3,False,True,runs/analysis/full400_seed_robustness/raw/local_reopen_guarded/seed3.csv
44,2.0,1518914.0,1727556.0,87819264.0,59.981,INDETERMINATE,44,0,data/test/3sat/400/3sat_138.cnf,0.0061304569244384,0.102088,0.3287794589996338,0.3349099159240722,60.41799791592408,3sat_138.cnf,local_reopen_guarded,+ Local Boundary Correction,3,False,True,runs/analysis/full400_seed_robustness/raw/local_reopen_guarded/seed3.csv
45,2.0,1505849.0,1730824.0,86044177.0,59.9924,INDETERMINATE,45,0,data/test/3sat/400/3sat_139.cnf,0.0061304569244384,0.10071,0.3287794589996338,0.3349099159240722,60.42801991592408,3sat_139.cnf,local_reopen_guarded,+ Local Boundary Correction,3,False,True,runs/analysis/full400_seed_robustness/raw/local_reopen_guarded/seed3.csv
46,2.0,133587.0,154405.0,8365184.0,5.4303,SATISFIABLE,46,0,data/test/3sat/400/3sat_14.cnf,0.0061304569244384,0.08013,0.3287794589996338,0.3349099159240722,5.845339915924072,3sat_14.cnf,local_reopen_guarded,+ Local Boundary Correction,3,True,False,runs/analysis/full400_seed_robustness/raw/local_reopen_guarded/seed3.csv
47,2.0,135171.0,155254.0,8243385.0,5.08216,SATISFIABLE,47,0,data/test/3sat/400/3sat_140.cnf,0.0061304569244384,0.089731,0.3287794589996338,0.3349099159240722,5.506800915924073,3sat_140.cnf,local_reopen_guarded,+ Local Boundary Correction,3,True,False,runs/analysis/full400_seed_robustness/raw/local_reopen_guarded/seed3.csv
48,1.0,71109.0,82102.0,4299119.0,3.02225,SATISFIABLE,48,0,data/test/3sat/400/3sat_141.cnf,0.0061304569244384,0.101442,0.3287794589996338,0.3349099159240722,3.4586019159240724,3sat_141.cnf,local_reopen_guarded,+ Local Boundary Correction,3,True,False,runs/analysis/full400_seed_robustness/raw/local_reopen_guarded/seed3.csv
49,1.0,61037.0,70865.0,3765471.0,2.0621,SATISFIABLE,49,0,data/test/3sat/400/3sat_142.cnf,0.0061304569244384,0.090883,0.3287794589996338,0.3349099159240722,2.487892915924072,3sat_142.cnf,local_reopen_guarded,+ Local Boundary Correction,3,True,False,runs/analysis/full400_seed_robustness/raw/local_reopen_guarded/seed3.csv
50,2.0,1453706.0,1669199.0,83594849.0,59.9804,INDETERMINATE,50,0,data/test/3sat/400/3sat_143.cnf,0.0060818195343017,0.097084,0.3027112483978271,0.3087930679321289,60.38627706793213,3sat_143.cnf,local_reopen_guarded,+ Local Boundary Correction,3,False,True,runs/analysis/full400_seed_robustness/raw/local_reopen_guarded/seed3.csv
51,2.0,1370338.0,1556796.0,76348931.0,59.9824,INDETERMINATE,51,0,data/test/3sat/400/3sat_144.cnf,0.0060818195343017,0.089172,0.3027112483978271,0.3087930679321289,60.380365067932125,3sat_144.cnf,local_reopen_guarded,+ Local Boundary Correction,3,False,True,runs/analysis/full400_seed_robustness/raw/local_reopen_guarded/seed3.csv
52,2.0,1411366.0,1632129.0,80692893.0,59.9732,INDETERMINATE,52,0,data/test/3sat/400/3sat_145.cnf,0.0060818195343017,0.088388,0.3027112483978271,0.3087930679321289,60.37038106793213,3sat_145.cnf,local_reopen_guarded,+ Local Boundary Correction,3,False,True,runs/analysis/full400_seed_robustness/raw/local_reopen_guarded/seed3.csv
53,2.0,1443980.0,1652986.0,81049714.0,59.9814,INDETERMINATE,53,0,data/test/3sat/400/3sat_146.cnf,0.0060818195343017,0.09838,0.3027112483978271,0.3087930679321289,60.38857306793213,3sat_146.cnf,local_reopen_guarded,+ Local Boundary Correction,3,False,True,runs/analysis/full400_seed_robustness/raw/local_reopen_guarded/seed3.csv
54,2.0,392510.0,450448.0,23393708.0,13.1513,SATISFIABLE,54,0,data/test/3sat/400/3sat_147.cnf,0.0060818195343017,0.0828899999999999,0.3027112483978271,0.3087930679321289,13.54298306793213,3sat_147.cnf,local_reopen_guarded,+ Local Boundary Correction,3,True,False,runs/analysis/full400_seed_robustness/raw/local_reopen_guarded/seed3.csv
55,2.0,1474246.0,1694355.0,86137296.0,59.9665,INDETERMINATE,55,0,data/test/3sat/400/3sat_148.cnf,0.0060818195343017,0.0829419999999999,0.3027112483978271,0.3087930679321289,60.358235067932135,3sat_148.cnf,local_reopen_guarded,+ Local Boundary Correction,3,False,True,runs/analysis/full400_seed_robustness/raw/local_reopen_guarded/seed3.csv
56,1.0,97366.0,112279.0,5819460.0,3.88925,SATISFIABLE,56,0,data/test/3sat/400/3sat_149.cnf,0.0060818195343017,0.095358,0.3027112483978271,0.3087930679321289,4.293401067932129,3sat_149.cnf,local_reopen_guarded,+ Local Boundary Correction,3,True,False,runs/analysis/full400_seed_robustness/raw/local_reopen_guarded/seed3.csv
57,2.0,1472889.0,1673877.0,83770860.0,59.9828,INDETERMINATE,57,0,data/test/3sat/400/3sat_15.cnf,0.0060818195343017,0.095606,0.3027112483978271,0.3087930679321289,60.38719906793212,3sat_15.cnf,local_reopen_guarded,+ Local Boundary Correction,3,False,True,runs/analysis/full400_seed_robustness/raw/local_reopen_guarded/seed3.csv
58,1.0,16970.0,19929.0,1057698.0,0.413974,SATISFIABLE,58,0,data/test/3sat/400/3sat_150.cnf,0.0060818195343017,0.1007589999999999,0.3027112483978271,0.3087930679321289,0.8235260679321289,3sat_150.cnf,local_reopen_guarded,+ Local Boundary Correction,3,True,False,runs/analysis/full400_seed_robustness/raw/local_reopen_guarded/seed3.csv
59,2.0,1446304.0,1642906.0,83415566.0,59.9789,INDETERMINATE,59,0,data/test/3sat/400/3sat_151.cnf,0.0060818195343017,0.102802,0.3027112483978271,0.3087930679321289,60.39049506793213,3sat_151.cnf,local_reopen_guarded,+ Local Boundary Correction,3,False,True,runs/analysis/full400_seed_robustness/raw/local_reopen_guarded/seed3.csv
60,2.0,1476887.0,1700689.0,82852993.0,59.9744,INDETERMINATE,60,0,data/test/3sat/400/3sat_152.cnf,0.0056157112121582,0.079361,0.3336431980133056,0.3392589092254638,60.393019909225465,3sat_152.cnf,local_reopen_guarded,+ Local Boundary Correction,3,False,True,runs/analysis/full400_seed_robustness/raw/local_reopen_guarded/seed3.csv
61,2.0,1445200.0,1647024.0,81039496.0,59.9432,INDETERMINATE,61,0,data/test/3sat/400/3sat_153.cnf,0.0056157112121582,0.087095,0.3336431980133056,0.3392589092254638,60.36955390922546,3sat_153.cnf,local_reopen_guarded,+ Local Boundary Correction,3,False,True,runs/analysis/full400_seed_robustness/raw/local_reopen_guarded/seed3.csv
62,1.0,9781.0,11606.0,611335.0,0.203189,SATISFIABLE,62,0,data/test/3sat/400/3sat_154.cnf,0.0056157112121582,0.0870499999999999,0.3336431980133056,0.3392589092254638,0.6294979092254639,3sat_154.cnf,local_reopen_guarded,+ Local Boundary Correction,3,True,False,runs/analysis/full400_seed_robustness/raw/local_reopen_guarded/seed3.csv
63,2.0,1502601.0,1711861.0,83909810.0,59.9848,INDETERMINATE,63,0,data/test/3sat/400/3sat_155.cnf,0.0056157112121582,0.095835,0.3336431980133056,0.3392589092254638,60.419893909225465,3sat_155.cnf,local_reopen_guarded,+ Local Boundary Correction,3,False,True,runs/analysis/full400_seed_robustness/raw/local_reopen_guarded/seed3.csv
64,2.0,1435601.0,1637789.0,81458840.0,59.9903,INDETERMINATE,64,0,data/test/3sat/400/3sat_156.cnf,0.0056157112121582,0.1005909999999999,0.3336431980133056,0.3392589092254638,60.43014990922546,3sat_156.cnf,local_reopen_guarded,+ Local Boundary Correction,3,False,True,runs/analysis/full400_seed_robustness/raw/local_reopen_guarded/seed3.csv
65,2.0,873297.0,1013956.0,52333641.0,33.8467,SATISFIABLE,65,0,data/test/3sat/400/3sat_157.cnf,0.0056157112121582,0.094245,0.3336431980133056,0.3392589092254638,34.28020390922546,3sat_157.cnf,local_reopen_guarded,+ Local Boundary Correction,3,True,False,runs/analysis/full400_seed_robustness/raw/local_reopen_guarded/seed3.csv
66,2.0,1455223.0,1648527.0,81022375.0,59.9852,INDETERMINATE,66,0,data/test/3sat/400/3sat_158.cnf,0.0056157112121582,0.077037,0.3336431980133056,0.3392589092254638,60.40149590922546,3sat_158.cnf,local_reopen_guarded,+ Local Boundary Correction,3,False,True,runs/analysis/full400_seed_robustness/raw/local_reopen_guarded/seed3.csv
67,2.0,1500961.0,1723679.0,86357781.0,59.9632,INDETERMINATE,67,0,data/test/3sat/400/3sat_159.cnf,0.0056157112121582,0.097787,0.3336431980133056,0.3392589092254638,60.40024590922546,3sat_159.cnf,local_reopen_guarded,+ Local Boundary Correction,3,False,True,runs/analysis/full400_seed_robustness/raw/local_reopen_guarded/seed3.csv
68,2.0,1567664.0,1780314.0,89935209.0,59.9588,INDETERMINATE,68,0,data/test/3sat/400/3sat_16.cnf,0.0056157112121582,0.079805,0.3336431980133056,0.3392589092254638,60.37786390922546,3sat_16.cnf,local_reopen_guarded,+ Local Boundary Correction,3,False,True,runs/analysis/full400_seed_robustness/raw/local_reopen_guarded/seed3.csv
69,2.0,1492792.0,1709209.0,83307617.0,59.9607,INDETERMINATE,69,0,data/test/3sat/400/3sat_160.cnf,0.0056157112121582,0.0871,0.3336431980133056,0.3392589092254638,60.387058909225466,3sat_160.cnf,local_reopen_guarded,+ Local Boundary Correction,3,False,True,runs/analysis/full400_seed_robustness/raw/local_reopen_guarded/seed3.csv
70,2.0,1532887.0,1745651.0,88701072.0,60.0001,INDETERMINATE,70,0,data/test/3sat/400/3sat_161.cnf,0.0060429573059082,0.104059,0.3038640022277832,0.3099069595336914,60.414065959533694,3sat_161.cnf,local_reopen_guarded,+ Local Boundary Correction,3,False,True,runs/analysis/full400_seed_robustness/raw/local_reopen_guarded/seed3.csv
71,2.0,1376997.0,1557310.0,77597243.0,59.9771,INDETERMINATE,71,0,data/test/3sat/400/3sat_162.cnf,0.0060429573059082,0.079045,0.3038640022277832,0.3099069595336914,60.36605195953369,3sat_162.cnf,local_reopen_guarded,+ Local Boundary Correction,3,False,True,runs/analysis/full400_seed_robustness/raw/local_reopen_guarded/seed3.csv
72,2.0,915021.0,1050086.0,53803425.0,35.668,SATISFIABLE,72,0,data/test/3sat/400/3sat_163.cnf,0.0060429573059082,0.098844,0.3038640022277832,0.3099069595336914,36.07675095953369,3sat_163.cnf,local_reopen_guarded,+ Local Boundary Correction,3,True,False,runs/analysis/full400_seed_robustness/raw/local_reopen_guarded/seed3.csv
73,2.0,1484338.0,1703447.0,86295658.0,59.978,INDETERMINATE,73,0,data/test/3sat/400/3sat_164.cnf,0.0060429573059082,0.089455,0.3038640022277832,0.3099069595336914,60.377361959533694,3sat_164.cnf,local_reopen_guarded,+ Local Boundary Correction,3,False,True,runs/analysis/full400_seed_robustness/raw/local_reopen_guarded/seed3.csv
74,1.0,1169.0,1491.0,77588.0,0.024448,SATISFIABLE,74,0,data/test/3sat/400/3sat_165.cnf,0.0060429573059082,0.096023,0.3038640022277832,0.3099069595336914,0.4303779595336914,3sat_165.cnf,local_reopen_guarded,+ Local Boundary Correction,3,True,False,runs/analysis/full400_seed_robustness/raw/local_reopen_guarded/seed3.csv
75,2.0,1560806.0,1783866.0,88088274.0,59.9815,INDETERMINATE,75,0,data/test/3sat/400/3sat_166.cnf,0.0060429573059082,0.100284,0.3038640022277832,0.3099069595336914,60.39169095953369,3sat_166.cnf,local_reopen_guarded,+ Local Boundary Correction,3,False,True,runs/analysis/full400_seed_robustness/raw/local_reopen_guarded/seed3.csv
76,2.0,399529.0,460797.0,23951550.0,13.2247,SATISFIABLE,76,0,data/test/3sat/400/3sat_167.cnf,0.0060429573059082,0.08458,0.3038640022277832,0.3099069595336914,13.619186959533693,3sat_167.cnf,local_reopen_guarded,+ Local Boundary Correction,3,True,False,runs/analysis/full400_seed_robustness/raw/local_reopen_guarded/seed3.csv
77,2.0,1417725.0,1602958.0,81154220.0,59.9872,INDETERMINATE,77,0,data/test/3sat/400/3sat_168.cnf,0.0060429573059082,0.100805,0.3038640022277832,0.3099069595336914,60.397911959533694,3sat_168.cnf,local_reopen_guarded,+ Local Boundary Correction,3,False,True,runs/analysis/full400_seed_robustness/raw/local_reopen_guarded/seed3.csv
78,2.0,1461675.0,1677833.0,84381749.0,59.9736,INDETERMINATE,78,0,data/test/3sat/400/3sat_169.cnf,0.0060429573059082,0.090156,0.3038640022277832,0.3099069595336914,60.37366295953369,3sat_169.cnf,local_reopen_guarded,+ Local Boundary Correction,3,False,True,runs/analysis/full400_seed_robustness/raw/local_reopen_guarded/seed3.csv
79,2.0,1364825.0,1563476.0,76752280.0,59.9768,INDETERMINATE,79,0,data/test/3sat/400/3sat_17.cnf,0.0060429573059082,0.0829459999999999,0.3038640022277832,0.3099069595336914,60.36965295953369,3sat_17.cnf,local_reopen_guarded,+ Local Boundary Correction,3,False,True,runs/analysis/full400_seed_robustness/raw/local_reopen_guarded/seed3.csv
80,2.0,1403521.0,1601931.0,78103574.0,59.9853,INDETERMINATE,80,0,data/test/3sat/400/3sat_170.cnf,0.0058364868164062,0.087566,0.3554937839508056,0.3613302707672119,60.43419627076722,3sat_170.cnf,local_reopen_guarded,+ Local Boundary Correction,3,False,True,runs/analysis/full400_seed_robustness/raw/local_reopen_guarded/seed3.csv
81,2.0,1378200.0,1570375.0,78354947.0,59.9775,INDETERMINATE,81,0,data/test/3sat/400/3sat_171.cnf,0.0058364868164062,0.098076,0.3554937839508056,0.3613302707672119,60.43690627076721,3sat_171.cnf,local_reopen_guarded,+ Local Boundary Correction,3,False,True,runs/analysis/full400_seed_robustness/raw/local_reopen_guarded/seed3.csv
82,2.0,1427283.0,1647716.0,82976806.0,59.9772,INDETERMINATE,82,0,data/test/3sat/400/3sat_172.cnf,0.0058364868164062,0.088299,0.3554937839508056,0.3613302707672119,60.426829270767215,3sat_172.cnf,local_reopen_guarded,+ Local Boundary Correction,3,False,True,runs/analysis/full400_seed_robustness/raw/local_reopen_guarded/seed3.csv
83,2.0,1422955.0,1626732.0,81694307.0,59.976,INDETERMINATE,83,0,data/test/3sat/400/3sat_173.cnf,0.0058364868164062,0.101861,0.3554937839508056,0.3613302707672119,60.43919127076721,3sat_173.cnf,local_reopen_guarded,+ Local Boundary Correction,3,False,True,runs/analysis/full400_seed_robustness/raw/local_reopen_guarded/seed3.csv
84,2.0,1448277.0,1643594.0,81445916.0,59.9791,INDETERMINATE,84,0,data/test/3sat/400/3sat_174.cnf,0.0058364868164062,0.100296,0.3554937839508056,0.3613302707672119,60.440726270767215,3sat_174.cnf,local_reopen_guarded,+ Local Boundary Correction,3,False,True,runs/analysis/full400_seed_robustness/raw/local_reopen_guarded/seed3.csv
85,2.0,1488479.0,1697215.0,82927825.0,59.981,INDETERMINATE,85,0,data/test/3sat/400/3sat_175.cnf,0.0058364868164062,0.076343,0.3554937839508056,0.3613302707672119,60.418673270767215,3sat_175.cnf,local_reopen_guarded,+ Local Boundary Correction,3,False,True,runs/analysis/full400_seed_robustness/raw/local_reopen_guarded/seed3.csv
86,1.0,44850.0,52377.0,2659490.0,1.44751,SATISFIABLE,86,0,data/test/3sat/400/3sat_176.cnf,0.0058364868164062,0.079658,0.3554937839508056,0.3613302707672119,1.888498270767212,3sat_176.cnf,local_reopen_guarded,+ Local Boundary Correction,3,True,False,runs/analysis/full400_seed_robustness/raw/local_reopen_guarded/seed3.csv
87,2.0,1463541.0,1658581.0,84137665.0,59.9669,INDETERMINATE,87,0,data/test/3sat/400/3sat_177.cnf,0.0058364868164062,0.09323,0.3554937839508056,0.3613302707672119,60.42146027076721,3sat_177.cnf,local_reopen_guarded,+ Local Boundary Correction,3,False,True,runs/analysis/full400_seed_robustness/raw/local_reopen_guarded/seed3.csv
88,2.0,1527355.0,1766872.0,88519289.0,59.9769,INDETERMINATE,88,0,data/test/3sat/400/3sat_178.cnf,0.0058364868164062,0.0963409999999999,0.3554937839508056,0.3613302707672119,60.434571270767215,3sat_178.cnf,local_reopen_guarded,+ Local Boundary Correction,3,False,True,runs/analysis/full400_seed_robustness/raw/local_reopen_guarded/seed3.csv
89,2.0,1523549.0,1734459.0,87568092.0,59.9851,INDETERMINATE,89,0,data/test/3sat/400/3sat_179.cnf,0.0058364868164062,0.097066,0.3554937839508056,0.3613302707672119,60.44349627076721,3sat_179.cnf,local_reopen_guarded,+ Local Boundary Correction,3,False,True,runs/analysis/full400_seed_robustness/raw/local_reopen_guarded/seed3.csv
90,2.0,1436642.0,1641908.0,82464856.0,59.9914,INDETERMINATE,90,0,data/test/3sat/400/3sat_18.cnf,0.0060327053070068,0.085326,0.3531279563903808,0.3591606616973877,60.43588666169739,3sat_18.cnf,local_reopen_guarded,+ Local Boundary Correction,3,False,True,runs/analysis/full400_seed_robustness/raw/local_reopen_guarded/seed3.csv
91,2.0,479866.0,551097.0,28918715.0,16.5871,SATISFIABLE,91,0,data/test/3sat/400/3sat_180.cnf,0.0060327053070068,0.085596,0.3531279563903808,0.3591606616973877,17.031856661697386,3sat_180.cnf,local_reopen_guarded,+ Local Boundary Correction,3,True,False,runs/analysis/full400_seed_robustness/raw/local_reopen_guarded/seed3.csv
92,1.0,52050.0,59791.0,3130772.0,1.85746,SATISFIABLE,92,0,data/test/3sat/400/3sat_181.cnf,0.0060327053070068,0.087172,0.3531279563903808,0.3591606616973877,2.303792661697388,3sat_181.cnf,local_reopen_guarded,+ Local Boundary Correction,3,True,False,runs/analysis/full400_seed_robustness/raw/local_reopen_guarded/seed3.csv
93,2.0,1464665.0,1676583.0,80236844.0,59.9944,INDETERMINATE,93,0,data/test/3sat/400/3sat_182.cnf,0.0060327053070068,0.101661,0.3531279563903808,0.3591606616973877,60.45522166169739,3sat_182.cnf,local_reopen_guarded,+ Local Boundary Correction,3,False,True,runs/analysis/full400_seed_robustness/raw/local_reopen_guarded/seed3.csv
94,2.0,1489429.0,1701011.0,83527676.0,59.9828,INDETERMINATE,94,0,data/test/3sat/400/3sat_183.cnf,0.0060327053070068,0.081631,0.3531279563903808,0.3591606616973877,60.42359166169739,3sat_183.cnf,local_reopen_guarded,+ Local Boundary Correction,3,False,True,runs/analysis/full400_seed_robustness/raw/local_reopen_guarded/seed3.csv
95,2.0,1496839.0,1705266.0,85765890.0,60.0008,INDETERMINATE,95,0,data/test/3sat/400/3sat_184.cnf,0.0060327053070068,0.100737,0.3531279563903808,0.3591606616973877,60.46069766169739,3sat_184.cnf,local_reopen_guarded,+ Local Boundary Correction,3,False,True,runs/analysis/full400_seed_robustness/raw/local_reopen_guarded/seed3.csv
96,2.0,1608989.0,1819590.0,90278929.0,59.9755,INDETERMINATE,96,0,data/test/3sat/400/3sat_185.cnf,0.0060327053070068,0.080744,0.3531279563903808,0.3591606616973877,60.41540466169739,3sat_185.cnf,local_reopen_guarded,+ Local Boundary Correction,3,False,True,runs/analysis/full400_seed_robustness/raw/local_reopen_guarded/seed3.csv
97,2.0,1373393.0,1568888.0,75000823.0,59.9786,INDETERMINATE,97,0,data/test/3sat/400/3sat_186.cnf,0.0060327053070068,0.076037,0.3531279563903808,0.3591606616973877,60.41379766169739,3sat_186.cnf,local_reopen_guarded,+ Local Boundary Correction,3,False,True,runs/analysis/full400_seed_robustness/raw/local_reopen_guarded/seed3.csv
98,2.0,1398064.0,1609356.0,78811712.0,59.9791,INDETERMINATE,98,0,data/test/3sat/400/3sat_187.cnf,0.0060327053070068,0.091713,0.3531279563903808,0.3591606616973877,60.42997366169739,3sat_187.cnf,local_reopen_guarded,+ Local Boundary Correction,3,False,True,runs/analysis/full400_seed_robustness/raw/local_reopen_guarded/seed3.csv
99,2.0,892642.0,1020150.0,51846480.0,31.1947,SATISFIABLE,99,0,data/test/3sat/400/3sat_188.cnf,0.0060327053070068,0.090821,0.3531279563903808,0.3591606616973877,31.644681661697387,3sat_188.cnf,local_reopen_guarded,+ Local Boundary Correction,3,True,False,runs/analysis/full400_seed_robustness/raw/local_reopen_guarded/seed3.csv
100,2.0,486885.0,560599.0,28846336.0,16.8676,SATISFIABLE,100,0,data/test/3sat/400/3sat_189.cnf,0.0051233768463134,0.1082249999999999,0.2874016761779785,0.292525053024292,17.268350053024292,3sat_189.cnf,local_reopen_guarded,+ Local Boundary Correction,3,True,False,runs/analysis/full400_seed_robustness/raw/local_reopen_guarded/seed3.csv
101,1.0,32619.0,37875.0,1910478.0,1.06092,SATISFIABLE,101,0,data/test/3sat/400/3sat_19.cnf,0.0051233768463134,0.082184,0.2874016761779785,0.292525053024292,1.435629053024292,3sat_19.cnf,local_reopen_guarded,+ Local Boundary Correction,3,True,False,runs/analysis/full400_seed_robustness/raw/local_reopen_guarded/seed3.csv
102,1.0,1353.0,1762.0,87323.0,0.020664,SATISFIABLE,102,0,data/test/3sat/400/3sat_190.cnf,0.0051233768463134,0.080374,0.2874016761779785,0.292525053024292,0.393563053024292,3sat_190.cnf,local_reopen_guarded,+ Local Boundary Correction,3,True,False,runs/analysis/full400_seed_robustness/raw/local_reopen_guarded/seed3.csv
103,2.0,1443332.0,1659801.0,80460287.0,59.9865,INDETERMINATE,103,0,data/test/3sat/400/3sat_191.cnf,0.0051233768463134,0.091241,0.2874016761779785,0.292525053024292,60.37026605302429,3sat_191.cnf,local_reopen_guarded,+ Local Boundary Correction,3,False,True,runs/analysis/full400_seed_robustness/raw/local_reopen_guarded/seed3.csv
104,2.0,1425123.0,1643897.0,80446948.0,59.998,INDETERMINATE,104,0,data/test/3sat/400/3sat_192.cnf,0.0051233768463134,0.098582,0.2874016761779785,0.292525053024292,60.38910705302429,3sat_192.cnf,local_reopen_guarded,+ Local Boundary Correction,3,False,True,runs/analysis/full400_seed_robustness/raw/local_reopen_guarded/seed3.csv
105,2.0,1405755.0,1604148.0,81321408.0,59.9748,INDETERMINATE,105,0,data/test/3sat/400/3sat_193.cnf,0.0051233768463134,0.099865,0.2874016761779785,0.292525053024292,60.367190053024295,3sat_193.cnf,local_reopen_guarded,+ Local Boundary Correction,3,False,True,runs/analysis/full400_seed_robustness/raw/local_reopen_guarded/seed3.csv
106,2.0,1400407.0,1590058.0,79734371.0,59.9712,INDETERMINATE,106,0,data/test/3sat/400/3sat_194.cnf,0.0051233768463134,0.096301,0.2874016761779785,0.292525053024292,60.36002605302429,3sat_194.cnf,local_reopen_guarded,+ Local Boundary Correction,3,False,True,runs/analysis/full400_seed_robustness/raw/local_reopen_guarded/seed3.csv
107,2.0,1503292.0,1715371.0,87722210.0,59.9785,INDETERMINATE,107,0,data/test/3sat/400/3sat_195.cnf,0.0051233768463134,0.1013139999999999,0.2874016761779785,0.292525053024292,60.37233905302429,3sat_195.cnf,local_reopen_guarded,+ Local Boundary Correction,3,False,True,runs/analysis/full400_seed_robustness/raw/local_reopen_guarded/seed3.csv
108,2.0,339864.0,392433.0,20520894.0,11.1641,SATISFIABLE,108,0,data/test/3sat/400/3sat_196.cnf,0.0051233768463134,0.089506,0.2874016761779785,0.292525053024292,11.546131053024292,3sat_196.cnf,local_reopen_guarded,+ Local Boundary Correction,3,True,False,runs/analysis/full400_seed_robustness/raw/local_reopen_guarded/seed3.csv
109,2.0,1465268.0,1670798.0,82164364.0,59.9829,INDETERMINATE,109,0,data/test/3sat/400/3sat_197.cnf,0.0051233768463134,0.0946529999999999,0.2874016761779785,0.292525053024292,60.37007805302429,3sat_197.cnf,local_reopen_guarded,+ Local Boundary Correction,3,False,True,runs/analysis/full400_seed_robustness/raw/local_reopen_guarded/seed3.csv
110,2.0,1497115.0,1722762.0,85593534.0,59.9742,INDETERMINATE,110,0,data/test/3sat/400/3sat_198.cnf,0.0053951740264892,0.082767,0.3195536136627197,0.324948787689209,60.38191578768921,3sat_198.cnf,local_reopen_guarded,+ Local Boundary Correction,3,False,True,runs/analysis/full400_seed_robustness/raw/local_reopen_guarded/seed3.csv
111,2.0,1421832.0,1628903.0,79364204.0,59.9883,INDETERMINATE,111,0,data/test/3sat/400/3sat_199.cnf,0.0053951740264892,0.087354,0.3195536136627197,0.324948787689209,60.40060278768921,3sat_199.cnf,local_reopen_guarded,+ Local Boundary Correction,3,False,True,runs/analysis/full400_seed_robustness/raw/local_reopen_guarded/seed3.csv
112,2.0,1431604.0,1634370.0,83152196.0,60.0015,INDETERMINATE,112,0,data/test/3sat/400/3sat_2.cnf,0.0053951740264892,0.109708,0.3195536136627197,0.324948787689209,60.43615678768921,3sat_2.cnf,local_reopen_guarded,+ Local Boundary Correction,3,False,True,runs/analysis/full400_seed_robustness/raw/local_reopen_guarded/seed3.csv
113,2.0,361980.0,419239.0,21758927.0,12.1418,SATISFIABLE,113,0,data/test/3sat/400/3sat_20.cnf,0.0053951740264892,0.0939339999999999,0.3195536136627197,0.324948787689209,12.56068278768921,3sat_20.cnf,local_reopen_guarded,+ Local Boundary Correction,3,True,False,runs/analysis/full400_seed_robustness/raw/local_reopen_guarded/seed3.csv
114,2.0,1439001.0,1665705.0,83761568.0,59.9938,INDETERMINATE,114,0,data/test/3sat/400/3sat_21.cnf,0.0053951740264892,0.102703,0.3195536136627197,0.324948787689209,60.42145178768921,3sat_21.cnf,local_reopen_guarded,+ Local Boundary Correction,3,False,True,runs/analysis/full400_seed_robustness/raw/local_reopen_guarded/seed3.csv
115,1.0,43107.0,50298.0,2657822.0,1.39051,SATISFIABLE,115,0,data/test/3sat/400/3sat_22.cnf,0.0053951740264892,0.0886639999999999,0.3195536136627197,0.324948787689209,1.804122787689209,3sat_22.cnf,local_reopen_guarded,+ Local Boundary Correction,3,True,False,runs/analysis/full400_seed_robustness/raw/local_reopen_guarded/seed3.csv
116,2.0,1380981.0,1580169.0,76678295.0,59.975,INDETERMINATE,116,0,data/test/3sat/400/3sat_23.cnf,0.0053951740264892,0.09242,0.3195536136627197,0.324948787689209,60.39236878768921,3sat_23.cnf,local_reopen_guarded,+ Local Boundary Correction,3,False,True,runs/analysis/full400_seed_robustness/raw/local_reopen_guarded/seed3.csv
117,1.0,97677.0,112677.0,5872880.0,4.14795,SATISFIABLE,117,0,data/test/3sat/400/3sat_24.cnf,0.0053951740264892,0.082244,0.3195536136627197,0.324948787689209,4.555142787689209,3sat_24.cnf,local_reopen_guarded,+ Local Boundary Correction,3,True,False,runs/analysis/full400_seed_robustness/raw/local_reopen_guarded/seed3.csv
118,1.0,41249.0,47888.0,2486997.0,1.1266,SATISFIABLE,118,0,data/test/3sat/400/3sat_25.cnf,0.0053951740264892,0.0964329999999999,0.3195536136627197,0.324948787689209,1.547981787689209,3sat_25.cnf,local_reopen_guarded,+ Local Boundary Correction,3,True,False,runs/analysis/full400_seed_robustness/raw/local_reopen_guarded/seed3.csv
119,2.0,1382883.0,1578718.0,79253816.0,59.9651,INDETERMINATE,119,0,data/test/3sat/400/3sat_26.cnf,0.0053951740264892,0.085907,0.3195536136627197,0.324948787689209,60.37595578768921,3sat_26.cnf,local_reopen_guarded,+ Local Boundary Correction,3,False,True,runs/analysis/full400_seed_robustness/raw/local_reopen_guarded/seed3.csv
120,1.0,9470.0,11447.0,605518.0,0.200034,SATISFIABLE,120,0,data/test/3sat/400/3sat_27.cnf,0.0057296752929687,0.081096,0.2985241413116455,0.3042538166046142,0.5853838166046142,3sat_27.cnf,local_reopen_guarded,+ Local Boundary Correction,3,True,False,runs/analysis/full400_seed_robustness/raw/local_reopen_guarded/seed3.csv
121,2.0,1502293.0,1719509.0,85108771.0,59.9757,INDETERMINATE,121,0,data/test/3sat/400/3sat_28.cnf,0.0057296752929687,0.104066,0.2985241413116455,0.3042538166046142,60.38401981660462,3sat_28.cnf,local_reopen_guarded,+ Local Boundary Correction,3,False,True,runs/analysis/full400_seed_robustness/raw/local_reopen_guarded/seed3.csv
122,2.0,1515275.0,1726583.0,87145598.0,59.9677,INDETERMINATE,122,0,data/test/3sat/400/3sat_29.cnf,0.0057296752929687,0.092564,0.2985241413116455,0.3042538166046142,60.36451781660462,3sat_29.cnf,local_reopen_guarded,+ Local Boundary Correction,3,False,True,runs/analysis/full400_seed_robustness/raw/local_reopen_guarded/seed3.csv
123,2.0,1502774.0,1722830.0,88462433.0,59.9721,INDETERMINATE,123,0,data/test/3sat/400/3sat_3.cnf,0.0057296752929687,0.1030949999999999,0.2985241413116455,0.3042538166046142,60.379448816604615,3sat_3.cnf,local_reopen_guarded,+ Local Boundary Correction,3,False,True,runs/analysis/full400_seed_robustness/raw/local_reopen_guarded/seed3.csv
124,2.0,1394937.0,1594951.0,79368013.0,59.9945,INDETERMINATE,124,0,data/test/3sat/400/3sat_30.cnf,0.0057296752929687,0.099533,0.2985241413116455,0.3042538166046142,60.39828681660462,3sat_30.cnf,local_reopen_guarded,+ Local Boundary Correction,3,False,True,runs/analysis/full400_seed_robustness/raw/local_reopen_guarded/seed3.csv
125,2.0,1364323.0,1571820.0,76928018.0,59.9803,INDETERMINATE,125,0,data/test/3sat/400/3sat_31.cnf,0.0057296752929687,0.081717,0.2985241413116455,0.3042538166046142,60.36627081660461,3sat_31.cnf,local_reopen_guarded,+ Local Boundary Correction,3,False,True,runs/analysis/full400_seed_robustness/raw/local_reopen_guarded/seed3.csv
126,2.0,1420537.0,1616083.0,79835848.0,59.9723,INDETERMINATE,126,0,data/test/3sat/400/3sat_32.cnf,0.0057296752929687,0.091197,0.2985241413116455,0.3042538166046142,60.36775081660461,3sat_32.cnf,local_reopen_guarded,+ Local Boundary Correction,3,False,True,runs/analysis/full400_seed_robustness/raw/local_reopen_guarded/seed3.csv
127,2.0,1389414.0,1594147.0,79326614.0,59.975,INDETERMINATE,127,0,data/test/3sat/400/3sat_33.cnf,0.0057296752929687,0.0910469999999999,0.2985241413116455,0.3042538166046142,60.37030081660462,3sat_33.cnf,local_reopen_guarded,+ Local Boundary Correction,3,False,True,runs/analysis/full400_seed_robustness/raw/local_reopen_guarded/seed3.csv
128,2.0,1614264.0,1854188.0,92336129.0,59.9848,INDETERMINATE,128,0,data/test/3sat/400/3sat_34.cnf,0.0057296752929687,0.1102229999999999,0.2985241413116455,0.3042538166046142,60.39927681660461,3sat_34.cnf,local_reopen_guarded,+ Local Boundary Correction,3,False,True,runs/analysis/full400_seed_robustness/raw/local_reopen_guarded/seed3.csv
129,2.0,1489083.0,1710035.0,82059988.0,59.9889,INDETERMINATE,129,0,data/test/3sat/400/3sat_35.cnf,0.0057296752929687,0.0995129999999999,0.2985241413116455,0.3042538166046142,60.39266681660462,3sat_35.cnf,local_reopen_guarded,+ Local Boundary Correction,3,False,True,runs/analysis/full400_seed_robustness/raw/local_reopen_guarded/seed3.csv
130,2.0,1434017.0,1641024.0,80475557.0,59.9778,INDETERMINATE,130,0,data/test/3sat/400/3sat_36.cnf,0.0063347816467285,0.105855,0.333289623260498,0.3396244049072265,60.42327940490723,3sat_36.cnf,local_reopen_guarded,+ Local Boundary Correction,3,False,True,runs/analysis/full400_seed_robustness/raw/local_reopen_guarded/seed3.csv
131,2.0,1456211.0,1652861.0,81980644.0,59.9811,INDETERMINATE,131,0,data/test/3sat/400/3sat_37.cnf,0.0063347816467285,0.09875,0.333289623260498,0.3396244049072265,60.41947440490723,3sat_37.cnf,local_reopen_guarded,+ Local Boundary Correction,3,False,True,runs/analysis/full400_seed_robustness/raw/local_reopen_guarded/seed3.csv
132,2.0,1468092.0,1676589.0,83822348.0,59.9918,INDETERMINATE,132,0,data/test/3sat/400/3sat_38.cnf,0.0063347816467285,0.079701,0.333289623260498,0.3396244049072265,60.41112540490722,3sat_38.cnf,local_reopen_guarded,+ Local Boundary Correction,3,False,True,runs/analysis/full400_seed_robustness/raw/local_reopen_guarded/seed3.csv
133,2.0,1441760.0,1658894.0,80722729.0,59.9649,INDETERMINATE,133,0,data/test/3sat/400/3sat_39.cnf,0.0063347816467285,0.08705,0.333289623260498,0.3396244049072265,60.391574404907225,3sat_39.cnf,local_reopen_guarded,+ Local Boundary Correction,3,False,True,runs/analysis/full400_seed_robustness/raw/local_reopen_guarded/seed3.csv
134,2.0,1479149.0,1688167.0,83094648.0,59.9618,INDETERMINATE,134,0,data/test/3sat/400/3sat_4.cnf,0.0063347816467285,0.092147,0.333289623260498,0.3396244049072265,60.39357140490722,3sat_4.cnf,local_reopen_guarded,+ Local Boundary Correction,3,False,True,runs/analysis/full400_seed_robustness/raw/local_reopen_guarded/seed3.csv
135,2.0,1491193.0,1704269.0,84913005.0,59.9837,INDETERMINATE,135,0,data/test/3sat/400/3sat_40.cnf,0.0063347816467285,0.090333,0.333289623260498,0.3396244049072265,60.41365740490723,3sat_40.cnf,local_reopen_guarded,+ Local Boundary Correction,3,False,True,runs/analysis/full400_seed_robustness/raw/local_reopen_guarded/seed3.csv
136,2.0,1362625.0,1547153.0,75837056.0,59.9836,INDETERMINATE,136,0,data/test/3sat/400/3sat_41.cnf,0.0063347816467285,0.102866,0.333289623260498,0.3396244049072265,60.42609040490723,3sat_41.cnf,local_reopen_guarded,+ Local Boundary Correction,3,False,True,runs/analysis/full400_seed_robustness/raw/local_reopen_guarded/seed3.csv
137,2.0,1539372.0,1749218.0,83658917.0,59.9762,INDETERMINATE,137,0,data/test/3sat/400/3sat_42.cnf,0.0063347816467285,0.097443,0.333289623260498,0.3396244049072265,60.41326740490722,3sat_42.cnf,local_reopen_guarded,+ Local Boundary Correction,3,False,True,runs/analysis/full400_seed_robustness/raw/local_reopen_guarded/seed3.csv
138,2.0,1401603.0,1594326.0,80075054.0,59.9683,INDETERMINATE,138,0,data/test/3sat/400/3sat_43.cnf,0.0063347816467285,0.080548,0.333289623260498,0.3396244049072265,60.388472404907226,3sat_43.cnf,local_reopen_guarded,+ Local Boundary Correction,3,False,True,runs/analysis/full400_seed_robustness/raw/local_reopen_guarded/seed3.csv
139,2.0,1413498.0,1618568.0,81648868.0,59.9815,INDETERMINATE,139,0,data/test/3sat/400/3sat_44.cnf,0.0063347816467285,0.0915179999999999,0.333289623260498,0.3396244049072265,60.41264240490722,3sat_44.cnf,local_reopen_guarded,+ Local Boundary Correction,3,False,True,runs/analysis/full400_seed_robustness/raw/local_reopen_guarded/seed3.csv
140,2.0,1477798.0,1666129.0,82538213.0,59.984,INDETERMINATE,140,0,data/test/3sat/400/3sat_45.cnf,0.0078334808349609,0.088831,0.2988133430480957,0.3066468238830566,60.37947782388306,3sat_45.cnf,local_reopen_guarded,+ Local Boundary Correction,3,False,True,runs/analysis/full400_seed_robustness/raw/local_reopen_guarded/seed3.csv
141,1.0,9772.0,11592.0,590576.0,0.208895,SATISFIABLE,141,0,data/test/3sat/400/3sat_46.cnf,0.0078334808349609,0.092419,0.2988133430480957,0.3066468238830566,0.6079608238830566,3sat_46.cnf,local_reopen_guarded,+ Local Boundary Correction,3,True,False,runs/analysis/full400_seed_robustness/raw/local_reopen_guarded/seed3.csv
142,1.0,63966.0,73444.0,4017900.0,2.50751,SATISFIABLE,142,0,data/test/3sat/400/3sat_47.cnf,0.0078334808349609,0.094182,0.2988133430480957,0.3066468238830566,2.9083388238830565,3sat_47.cnf,local_reopen_guarded,+ Local Boundary Correction,3,True,False,runs/analysis/full400_seed_robustness/raw/local_reopen_guarded/seed3.csv
143,2.0,1463063.0,1673866.0,81659759.0,59.9883,INDETERMINATE,143,0,data/test/3sat/400/3sat_48.cnf,0.0078334808349609,0.090358,0.2988133430480957,0.3066468238830566,60.38530482388306,3sat_48.cnf,local_reopen_guarded,+ Local Boundary Correction,3,False,True,runs/analysis/full400_seed_robustness/raw/local_reopen_guarded/seed3.csv
144,2.0,1397847.0,1602439.0,80881433.0,59.9716,INDETERMINATE,144,0,data/test/3sat/400/3sat_49.cnf,0.0078334808349609,0.107641,0.2988133430480957,0.3066468238830566,60.38588782388306,3sat_49.cnf,local_reopen_guarded,+ Local Boundary Correction,3,False,True,runs/analysis/full400_seed_robustness/raw/local_reopen_guarded/seed3.csv
145,2.0,1387347.0,1589406.0,78511026.0,59.9862,INDETERMINATE,145,0,data/test/3sat/400/3sat_5.cnf,0.0078334808349609,0.0963499999999999,0.2988133430480957,0.3066468238830566,60.389196823883054,3sat_5.cnf,local_reopen_guarded,+ Local Boundary Correction,3,False,True,runs/analysis/full400_seed_robustness/raw/local_reopen_guarded/seed3.csv
146,2.0,1360557.0,1556276.0,78183161.0,59.9554,INDETERMINATE,146,0,data/test/3sat/400/3sat_50.cnf,0.0078334808349609,0.094004,0.2988133430480957,0.3066468238830566,60.35605082388305,3sat_50.cnf,local_reopen_guarded,+ Local Boundary Correction,3,False,True,runs/analysis/full400_seed_robustness/raw/local_reopen_guarded/seed3.csv
147,2.0,1451937.0,1660968.0,82587759.0,59.9818,INDETERMINATE,147,0,data/test/3sat/400/3sat_51.cnf,0.0078334808349609,0.106745,0.2988133430480957,0.3066468238830566,60.39519182388305,3sat_51.cnf,local_reopen_guarded,+ Local Boundary Correction,3,False,True,runs/analysis/full400_seed_robustness/raw/local_reopen_guarded/seed3.csv
148,2.0,1554908.0,1795300.0,87580243.0,59.9686,INDETERMINATE,148,0,data/test/3sat/400/3sat_52.cnf,0.0078334808349609,0.100298,0.2988133430480957,0.3066468238830566,60.37554482388306,3sat_52.cnf,local_reopen_guarded,+ Local Boundary Correction,3,False,True,runs/analysis/full400_seed_robustness/raw/local_reopen_guarded/seed3.csv
149,2.0,1410457.0,1608686.0,76640731.0,59.9759,INDETERMINATE,149,0,data/test/3sat/400/3sat_53.cnf,0.0078334808349609,0.09038,0.2988133430480957,0.3066468238830566,60.37292682388306,3sat_53.cnf,local_reopen_guarded,+ Local Boundary Correction,3,False,True,runs/analysis/full400_seed_robustness/raw/local_reopen_guarded/seed3.csv
150,2.0,612353.0,699215.0,35959808.0,22.1297,SATISFIABLE,150,0,data/test/3sat/400/3sat_54.cnf,0.0055747032165527,0.083478,0.2726812362670898,0.2782559394836426,22.49143393948364,3sat_54.cnf,local_reopen_guarded,+ Local Boundary Correction,3,True,False,runs/analysis/full400_seed_robustness/raw/local_reopen_guarded/seed3.csv
151,2.0,1503089.0,1714838.0,84791533.0,59.9523,INDETERMINATE,151,0,data/test/3sat/400/3sat_55.cnf,0.0055747032165527,0.095169,0.2726812362670898,0.2782559394836426,60.32572493948364,3sat_55.cnf,local_reopen_guarded,+ Local Boundary Correction,3,False,True,runs/analysis/full400_seed_robustness/raw/local_reopen_guarded/seed3.csv
152,2.0,1393357.0,1573567.0,79702442.0,59.9735,INDETERMINATE,152,0,data/test/3sat/400/3sat_56.cnf,0.0055747032165527,0.081734,0.2726812362670898,0.2782559394836426,60.33348993948364,3sat_56.cnf,local_reopen_guarded,+ Local Boundary Correction,3,False,True,runs/analysis/full400_seed_robustness/raw/local_reopen_guarded/seed3.csv
153,2.0,1459283.0,1658864.0,81668531.0,59.9746,INDETERMINATE,153,0,data/test/3sat/400/3sat_57.cnf,0.0055747032165527,0.084156,0.2726812362670898,0.2782559394836426,60.337011939483645,3sat_57.cnf,local_reopen_guarded,+ Local Boundary Correction,3,False,True,runs/analysis/full400_seed_robustness/raw/local_reopen_guarded/seed3.csv
154,2.0,1520770.0,1735008.0,90201775.0,59.9674,INDETERMINATE,154,0,data/test/3sat/400/3sat_58.cnf,0.0055747032165527,0.097887,0.2726812362670898,0.2782559394836426,60.34354293948364,3sat_58.cnf,local_reopen_guarded,+ Local Boundary Correction,3,False,True,runs/analysis/full400_seed_robustness/raw/local_reopen_guarded/seed3.csv
155,2.0,1483525.0,1699281.0,83537092.0,59.9729,INDETERMINATE,155,0,data/test/3sat/400/3sat_59.cnf,0.0055747032165527,0.106125,0.2726812362670898,0.2782559394836426,60.35728093948365,3sat_59.cnf,local_reopen_guarded,+ Local Boundary Correction,3,False,True,runs/analysis/full400_seed_robustness/raw/local_reopen_guarded/seed3.csv
156,2.0,1477442.0,1675415.0,82563458.0,59.9654,INDETERMINATE,156,0,data/test/3sat/400/3sat_6.cnf,0.0055747032165527,0.0903559999999999,0.2726812362670898,0.2782559394836426,60.334011939483645,3sat_6.cnf,local_reopen_guarded,+ Local Boundary Correction,3,False,True,runs/analysis/full400_seed_robustness/raw/local_reopen_guarded/seed3.csv
157,2.0,1388762.0,1580660.0,79876892.0,59.9879,INDETERMINATE,157,0,data/test/3sat/400/3sat_60.cnf,0.0055747032165527,0.084987,0.2726812362670898,0.2782559394836426,60.35114293948365,3sat_60.cnf,local_reopen_guarded,+ Local Boundary Correction,3,False,True,runs/analysis/full400_seed_robustness/raw/local_reopen_guarded/seed3.csv
158,2.0,1398862.0,1581158.0,78698709.0,59.9783,INDETERMINATE,158,0,data/test/3sat/400/3sat_61.cnf,0.0055747032165527,0.090136,0.2726812362670898,0.2782559394836426,60.34669193948364,3sat_61.cnf,local_reopen_guarded,+ Local Boundary Correction,3,False,True,runs/analysis/full400_seed_robustness/raw/local_reopen_guarded/seed3.csv
159,2.0,1511433.0,1713999.0,87138618.0,59.9827,INDETERMINATE,159,0,data/test/3sat/400/3sat_62.cnf,0.0055747032165527,0.108082,0.2726812362670898,0.2782559394836426,60.36903793948365,3sat_62.cnf,local_reopen_guarded,+ Local Boundary Correction,3,False,True,runs/analysis/full400_seed_robustness/raw/local_reopen_guarded/seed3.csv
160,2.0,138136.0,157894.0,8130882.0,5.1587,SATISFIABLE,160,0,data/test/3sat/400/3sat_63.cnf,0.004528522491455,0.093633,0.3987314701080322,0.4032599925994873,5.655592992599487,3sat_63.cnf,local_reopen_guarded,+ Local Boundary Correction,3,True,False,runs/analysis/full400_seed_robustness/raw/local_reopen_guarded/seed3.csv
161,2.0,1432993.0,1621582.0,80024544.0,59.973,INDETERMINATE,161,0,data/test/3sat/400/3sat_64.cnf,0.004528522491455,0.094275,0.3987314701080322,0.4032599925994873,60.47053499259949,3sat_64.cnf,local_reopen_guarded,+ Local Boundary Correction,3,False,True,runs/analysis/full400_seed_robustness/raw/local_reopen_guarded/seed3.csv
162,1.0,224.0,339.0,14565.0,0.004551,SATISFIABLE,162,0,data/test/3sat/400/3sat_65.cnf,0.004528522491455,0.038659,0.3987314701080322,0.4032599925994873,0.4464699925994873,3sat_65.cnf,local_reopen_guarded,+ Local Boundary Correction,3,True,False,runs/analysis/full400_seed_robustness/raw/local_reopen_guarded/seed3.csv
163,2.0,1368844.0,1571083.0,78297104.0,59.9564,INDETERMINATE,163,0,data/test/3sat/400/3sat_66.cnf,0.004528522491455,0.100748,0.3987314701080322,0.4032599925994873,60.46040799259949,3sat_66.cnf,local_reopen_guarded,+ Local Boundary Correction,3,False,True,runs/analysis/full400_seed_robustness/raw/local_reopen_guarded/seed3.csv
164,2.0,1470400.0,1681311.0,84810333.0,59.9645,INDETERMINATE,164,0,data/test/3sat/400/3sat_67.cnf,0.004528522491455,0.0996819999999999,0.3987314701080322,0.4032599925994873,60.46744199259949,3sat_67.cnf,local_reopen_guarded,+ Local Boundary Correction,3,False,True,runs/analysis/full400_seed_robustness/raw/local_reopen_guarded/seed3.csv
165,2.0,1398187.0,1600314.0,78652423.0,59.9654,INDETERMINATE,165,0,data/test/3sat/400/3sat_68.cnf,0.004528522491455,0.100344,0.3987314701080322,0.4032599925994873,60.46900399259949,3sat_68.cnf,local_reopen_guarded,+ Local Boundary Correction,3,False,True,runs/analysis/full400_seed_robustness/raw/local_reopen_guarded/seed3.csv
166,2.0,1467660.0,1682395.0,87416953.0,59.9912,INDETERMINATE,166,0,data/test/3sat/400/3sat_69.cnf,0.004528522491455,0.101305,0.3987314701080322,0.4032599925994873,60.49576499259949,3sat_69.cnf,local_reopen_guarded,+ Local Boundary Correction,3,False,True,runs/analysis/full400_seed_robustness/raw/local_reopen_guarded/seed3.csv
167,2.0,1496792.0,1689607.0,82878273.0,59.9833,INDETERMINATE,167,0,data/test/3sat/400/3sat_7.cnf,0.004528522491455,0.082436,0.3987314701080322,0.4032599925994873,60.46899599259949,3sat_7.cnf,local_reopen_guarded,+ Local Boundary Correction,3,False,True,runs/analysis/full400_seed_robustness/raw/local_reopen_guarded/seed3.csv
168,1.0,2512.0,3124.0,152890.0,0.054106,SATISFIABLE,168,0,data/test/3sat/400/3sat_70.cnf,0.004528522491455,0.098702,0.3987314701080322,0.4032599925994873,0.5560679925994874,3sat_70.cnf,local_reopen_guarded,+ Local Boundary Correction,3,True,False,runs/analysis/full400_seed_robustness/raw/local_reopen_guarded/seed3.csv
169,2.0,1445166.0,1654195.0,82392475.0,59.9608,INDETERMINATE,169,0,data/test/3sat/400/3sat_71.cnf,0.004528522491455,0.091111,0.3987314701080322,0.4032599925994873,60.45517099259949,3sat_71.cnf,local_reopen_guarded,+ Local Boundary Correction,3,False,True,runs/analysis/full400_seed_robustness/raw/local_reopen_guarded/seed3.csv
170,2.0,1490265.0,1705334.0,83835049.0,59.987,INDETERMINATE,170,0,data/test/3sat/400/3sat_72.cnf,0.0051813125610351,0.090332,0.3050079345703125,0.3101892471313476,60.38752124713135,3sat_72.cnf,local_reopen_guarded,+ Local Boundary Correction,3,False,True,runs/analysis/full400_seed_robustness/raw/local_reopen_guarded/seed3.csv
171,2.0,1478000.0,1684559.0,84624166.0,59.9806,INDETERMINATE,171,0,data/test/3sat/400/3sat_73.cnf,0.0051813125610351,0.081296,0.3050079345703125,0.3101892471313476,60.37208524713135,3sat_73.cnf,local_reopen_guarded,+ Local Boundary Correction,3,False,True,runs/analysis/full400_seed_robustness/raw/local_reopen_guarded/seed3.csv
172,2.0,1418001.0,1632760.0,79823744.0,59.9896,INDETERMINATE,172,0,data/test/3sat/400/3sat_74.cnf,0.0051813125610351,0.0920209999999999,0.3050079345703125,0.3101892471313476,60.39181024713135,3sat_74.cnf,local_reopen_guarded,+ Local Boundary Correction,3,False,True,runs/analysis/full400_seed_robustness/raw/local_reopen_guarded/seed3.csv
173,2.0,1386768.0,1582398.0,75994309.0,59.9717,INDETERMINATE,173,0,data/test/3sat/400/3sat_75.cnf,0.0051813125610351,0.10191,0.3050079345703125,0.3101892471313476,60.38379924713134,3sat_75.cnf,local_reopen_guarded,+ Local Boundary Correction,3,False,True,runs/analysis/full400_seed_robustness/raw/local_reopen_guarded/seed3.csv
174,2.0,1481159.0,1684696.0,86401610.0,59.9641,INDETERMINATE,174,0,data/test/3sat/400/3sat_76.cnf,0.0051813125610351,0.101821,0.3050079345703125,0.3101892471313476,60.37611024713135,3sat_76.cnf,local_reopen_guarded,+ Local Boundary Correction,3,False,True,runs/analysis/full400_seed_robustness/raw/local_reopen_guarded/seed3.csv
175,2.0,1483479.0,1692377.0,83275356.0,59.9875,INDETERMINATE,175,0,data/test/3sat/400/3sat_77.cnf,0.0051813125610351,0.095325,0.3050079345703125,0.3101892471313476,60.39301424713135,3sat_77.cnf,local_reopen_guarded,+ Local Boundary Correction,3,False,True,runs/analysis/full400_seed_robustness/raw/local_reopen_guarded/seed3.csv
176,2.0,1481992.0,1687848.0,81293260.0,59.9764,INDETERMINATE,176,0,data/test/3sat/400/3sat_78.cnf,0.0051813125610351,0.091585,0.3050079345703125,0.3101892471313476,60.37817424713135,3sat_78.cnf,local_reopen_guarded,+ Local Boundary Correction,3,False,True,runs/analysis/full400_seed_robustness/raw/local_reopen_guarded/seed3.csv
177,2.0,1440082.0,1646444.0,79098662.0,59.9825,INDETERMINATE,177,0,data/test/3sat/400/3sat_79.cnf,0.0051813125610351,0.094404,0.3050079345703125,0.3101892471313476,60.38709324713135,3sat_79.cnf,local_reopen_guarded,+ Local Boundary Correction,3,False,True,runs/analysis/full400_seed_robustness/raw/local_reopen_guarded/seed3.csv
178,2.0,1458613.0,1657612.0,84354611.0,59.9606,INDETERMINATE,178,0,data/test/3sat/400/3sat_8.cnf,0.0051813125610351,0.090758,0.3050079345703125,0.3101892471313476,60.36154724713135,3sat_8.cnf,local_reopen_guarded,+ Local Boundary Correction,3,False,True,runs/analysis/full400_seed_robustness/raw/local_reopen_guarded/seed3.csv
179,2.0,1484911.0,1711473.0,85687470.0,59.9853,INDETERMINATE,179,0,data/test/3sat/400/3sat_80.cnf,0.0051813125610351,0.082279,0.3050079345703125,0.3101892471313476,60.37776824713135,3sat_80.cnf,local_reopen_guarded,+ Local Boundary Correction,3,False,True,runs/analysis/full400_seed_robustness/raw/local_reopen_guarded/seed3.csv
180,2.0,1458976.0,1650455.0,81462059.0,59.9843,INDETERMINATE,180,0,data/test/3sat/400/3sat_81.cnf,0.0048060417175292,0.076197,0.3118553161621094,0.3166613578796386,60.37715835787964,3sat_81.cnf,local_reopen_guarded,+ Local Boundary Correction,3,False,True,runs/analysis/full400_seed_robustness/raw/local_reopen_guarded/seed3.csv
181,2.0,723843.0,829611.0,42069078.0,25.5339,SATISFIABLE,181,0,data/test/3sat/400/3sat_82.cnf,0.0048060417175292,0.104802,0.3118553161621094,0.3166613578796386,25.95536335787964,3sat_82.cnf,local_reopen_guarded,+ Local Boundary Correction,3,True,False,runs/analysis/full400_seed_robustness/raw/local_reopen_guarded/seed3.csv
182,2.0,1467241.0,1673016.0,82086077.0,59.9711,INDETERMINATE,182,0,data/test/3sat/400/3sat_83.cnf,0.0048060417175292,0.102305,0.3118553161621094,0.3166613578796386,60.39006635787964,3sat_83.cnf,local_reopen_guarded,+ Local Boundary Correction,3,False,True,runs/analysis/full400_seed_robustness/raw/local_reopen_guarded/seed3.csv
183,2.0,1353939.0,1549470.0,77428743.0,59.9702,INDETERMINATE,183,0,data/test/3sat/400/3sat_84.cnf,0.0048060417175292,0.0955719999999999,0.3118553161621094,0.3166613578796386,60.382433357879634,3sat_84.cnf,local_reopen_guarded,+ Local Boundary Correction,3,False,True,runs/analysis/full400_seed_robustness/raw/local_reopen_guarded/seed3.csv
184,1.0,27518.0,32278.0,1663386.0,0.793511,SATISFIABLE,184,0,data/test/3sat/400/3sat_85.cnf,0.0048060417175292,0.0921029999999999,0.3118553161621094,0.3166613578796386,1.2022753578796386,3sat_85.cnf,local_reopen_guarded,+ Local Boundary Correction,3,True,False,runs/analysis/full400_seed_robustness/raw/local_reopen_guarded/seed3.csv
185,1.0,91912.0,107188.0,5690281.0,3.82527,SATISFIABLE,185,0,data/test/3sat/400/3sat_86.cnf,0.0048060417175292,0.093653,0.3118553161621094,0.3166613578796386,4.235584357879639,3sat_86.cnf,local_reopen_guarded,+ Local Boundary Correction,3,True,False,runs/analysis/full400_seed_robustness/raw/local_reopen_guarded/seed3.csv
186,2.0,1378996.0,1575452.0,78611302.0,59.9745,INDETERMINATE,186,0,data/test/3sat/400/3sat_87.cnf,0.0048060417175292,0.1067309999999999,0.3118553161621094,0.3166613578796386,60.39789235787964,3sat_87.cnf,local_reopen_guarded,+ Local Boundary Correction,3,False,True,runs/analysis/full400_seed_robustness/raw/local_reopen_guarded/seed3.csv
187,1.0,10969.0,13071.0,671709.0,0.240396,SATISFIABLE,187,0,data/test/3sat/400/3sat_88.cnf,0.0048060417175292,0.090281,0.3118553161621094,0.3166613578796386,0.6473383578796387,3sat_88.cnf,local_reopen_guarded,+ Local Boundary Correction,3,True,False,runs/analysis/full400_seed_robustness/raw/local_reopen_guarded/seed3.csv
188,1.0,8641.0,10334.0,538222.0,0.178705,SATISFIABLE,188,0,data/test/3sat/400/3sat_89.cnf,0.0048060417175292,0.087293,0.3118553161621094,0.3166613578796386,0.5826593578796386,3sat_89.cnf,local_reopen_guarded,+ Local Boundary Correction,3,True,False,runs/analysis/full400_seed_robustness/raw/local_reopen_guarded/seed3.csv
189,2.0,1511483.0,1721362.0,86932557.0,59.9652,INDETERMINATE,189,0,data/test/3sat/400/3sat_9.cnf,0.0048060417175292,0.093399,0.3118553161621094,0.3166613578796386,60.37526035787964,3sat_9.cnf,local_reopen_guarded,+ Local Boundary Correction,3,False,True,runs/analysis/full400_seed_robustness/raw/local_reopen_guarded/seed3.csv
190,2.0,1461281.0,1677107.0,85584446.0,59.9832,INDETERMINATE,190,0,data/test/3sat/400/3sat_90.cnf,0.0045197010040283,0.093962,0.2592074871063232,0.2637271881103515,60.340889188110346,3sat_90.cnf,local_reopen_guarded,+ Local Boundary Correction,3,False,True,runs/analysis/full400_seed_robustness/raw/local_reopen_guarded/seed3.csv
191,1.0,41.0,125.0,3065.0,0.002238,SATISFIABLE,191,0,data/test/3sat/400/3sat_91.cnf,0.0045197010040283,0.095123,0.2592074871063232,0.2637271881103515,0.3610881881103516,3sat_91.cnf,local_reopen_guarded,+ Local Boundary Correction,3,True,False,runs/analysis/full400_seed_robustness/raw/local_reopen_guarded/seed3.csv
192,1.0,84619.0,96791.0,5278901.0,3.67358,SATISFIABLE,192,0,data/test/3sat/400/3sat_92.cnf,0.0045197010040283,0.102028,0.2592074871063232,0.2637271881103515,4.039335188110352,3sat_92.cnf,local_reopen_guarded,+ Local Boundary Correction,3,True,False,runs/analysis/full400_seed_robustness/raw/local_reopen_guarded/seed3.csv
193,2.0,621792.0,720709.0,37565651.0,23.0289,SATISFIABLE,193,0,data/test/3sat/400/3sat_93.cnf,0.0045197010040283,0.101471,0.2592074871063232,0.2637271881103515,23.394098188110352,3sat_93.cnf,local_reopen_guarded,+ Local Boundary Correction,3,True,False,runs/analysis/full400_seed_robustness/raw/local_reopen_guarded/seed3.csv
194,1.0,53988.0,62131.0,3367378.0,1.74428,SATISFIABLE,194,0,data/test/3sat/400/3sat_94.cnf,0.0045197010040283,0.114848,0.2592074871063232,0.2637271881103515,2.122855188110352,3sat_94.cnf,local_reopen_guarded,+ Local Boundary Correction,3,True,False,runs/analysis/full400_seed_robustness/raw/local_reopen_guarded/seed3.csv
195,2.0,1441437.0,1641275.0,80716547.0,59.9612,INDETERMINATE,195,0,data/test/3sat/400/3sat_95.cnf,0.0045197010040283,0.082624,0.2592074871063232,0.2637271881103515,60.30755118811035,3sat_95.cnf,local_reopen_guarded,+ Local Boundary Correction,3,False,True,runs/analysis/full400_seed_robustness/raw/local_reopen_guarded/seed3.csv
196,1.0,3109.0,3849.0,199282.0,0.059277,SATISFIABLE,196,0,data/test/3sat/400/3sat_96.cnf,0.0045197010040283,0.101021,0.2592074871063232,0.2637271881103515,0.4240251881103515,3sat_96.cnf,local_reopen_guarded,+ Local Boundary Correction,3,True,False,runs/analysis/full400_seed_robustness/raw/local_reopen_guarded/seed3.csv
197,2.0,425291.0,491074.0,25526527.0,14.531,SATISFIABLE,197,0,data/test/3sat/400/3sat_97.cnf,0.0045197010040283,0.099266,0.2592074871063232,0.2637271881103515,14.893993188110352,3sat_97.cnf,local_reopen_guarded,+ Local Boundary Correction,3,True,False,runs/analysis/full400_seed_robustness/raw/local_reopen_guarded/seed3.csv
198,2.0,1507646.0,1708294.0,84947285.0,59.9568,INDETERMINATE,198,0,data/test/3sat/400/3sat_98.cnf,0.0045197010040283,0.096216,0.2592074871063232,0.2637271881103515,60.31674318811035,3sat_98.cnf,local_reopen_guarded,+ Local Boundary Correction,3,False,True,runs/analysis/full400_seed_robustness/raw/local_reopen_guarded/seed3.csv
199,2.0,1513612.0,1727329.0,83488728.0,59.9739,INDETERMINATE,199,0,data/test/3sat/400/3sat_99.cnf,0.0045197010040283,0.0874389999999999,0.2592074871063232,0.2637271881103515,60.32506618811036,3sat_99.cnf,local_reopen_guarded,+ Local Boundary Correction,3,False,True,runs/analysis/full400_seed_robustness/raw/local_reopen_guarded/seed3.csv
