file_key,method,paper_name,seeds,solved_seeds,timeout_seeds,stable_across_seeds,time_mean,time_std,time_min,time_max,result_values
3sat_0.cnf,local_reopen_guarded,+ Local Boundary Correction,3,0,3,True,60.42343984547424,0.053188554317304695,60.38076957922363,60.498421690979,INDETERMINATE
3sat_0.cnf,old_compact,Old Compact,3,0,3,True,60.38791285391236,0.02631153579263184,60.36151287025452,60.42382244769287,INDETERMINATE
3sat_0.cnf,one_shot,One-shot,3,0,3,True,60.28425401535034,0.010717186014039547,60.273032006073,60.29868754768371,INDETERMINATE
3sat_0.cnf,online_consistent_boundary400,Online-Consistent Selector,3,0,3,True,60.44960028707377,0.032037751638097044,60.40590140052795,60.48181466069031,INDETERMINATE
3sat_1.cnf,local_reopen_guarded,+ Local Boundary Correction,3,3,0,True,3.2754621788075764,0.033790386281693265,3.2278122662200928,3.3024175792236328,SATISFIABLE
3sat_1.cnf,old_compact,Old Compact,3,3,0,True,3.26375352057902,0.05212867911487943,3.205715447692871,3.3321398702545166,SATISFIABLE
3sat_1.cnf,one_shot,One-shot,3,3,0,True,3.051657348683675,0.12643515719792603,2.876682006072998,3.171027547683716,SATISFIABLE
3sat_1.cnf,online_consistent_boundary400,Online-Consistent Selector,3,3,0,True,3.2917032870737715,0.05100244901568485,3.236925400527954,3.359729800003052,SATISFIABLE
3sat_10.cnf,local_reopen_guarded,+ Local Boundary Correction,3,0,3,True,60.40621217880758,0.04412818926910933,60.36257857922364,60.466668690979,INDETERMINATE
3sat_10.cnf,old_compact,Old Compact,3,0,3,True,60.39509718724569,0.012810007241492874,60.38199087025452,60.41248144769287,INDETERMINATE
3sat_10.cnf,one_shot,One-shot,3,0,3,True,60.28458734868368,0.011693913017987376,60.268132006073,60.29424249229431,INDETERMINATE
3sat_10.cnf,online_consistent_boundary400,Online-Consistent Selector,3,0,3,True,60.44868028707378,0.018427114497288285,60.42496440052796,60.46989266069031,INDETERMINATE
3sat_100.cnf,local_reopen_guarded,+ Local Boundary Correction,3,3,0,True,0.5082198454742431,0.04590376757507664,0.4658905792236328,0.5720096909790039,SATISFIABLE
3sat_100.cnf,old_compact,Old Compact,3,3,0,True,0.49881785391235356,0.027564951417962832,0.4681178702545166,0.5349734476928711,SATISFIABLE
3sat_100.cnf,one_shot,One-shot,3,3,0,True,0.3787433486836751,0.00822022132838099,0.367832006072998,0.3876724922943115,SATISFIABLE
3sat_100.cnf,online_consistent_boundary400,Online-Consistent Selector,3,3,0,True,0.5560572870737711,0.03249378678610925,0.5135324005279541,0.5924026606903077,SATISFIABLE
3sat_101.cnf,local_reopen_guarded,+ Local Boundary Correction,3,0,3,True,60.41664851214091,0.0477259227008053,60.37559057922363,60.483570690979,INDETERMINATE
3sat_101.cnf,old_compact,Old Compact,3,0,3,True,60.39612152057902,0.029935666393702234,60.36444187025452,60.43628244769288,INDETERMINATE
3sat_101.cnf,one_shot,One-shot,3,0,3,True,60.288787348683684,0.00461350763968313,60.28268754768372,60.29384249229431,INDETERMINATE
3sat_101.cnf,online_consistent_boundary400,Online-Consistent Selector,3,0,3,True,60.4466856204071,0.02473822666916892,60.412497400527954,60.47020966069031,INDETERMINATE
3sat_102.cnf,local_reopen_guarded,+ Local Boundary Correction,3,0,3,True,60.41138817880758,0.05330891963549816,60.36673126622009,60.48631969097901,INDETERMINATE
3sat_102.cnf,old_compact,Old Compact,3,0,3,True,60.403762853912355,0.029512797709606974,60.38224487025452,60.44549344769287,INDETERMINATE
3sat_102.cnf,one_shot,One-shot,3,0,3,True,60.28662068201701,0.006950712439003663,60.27888754768372,60.29574249229431,INDETERMINATE
3sat_102.cnf,online_consistent_boundary400,Online-Consistent Selector,3,0,3,True,60.456811287073776,0.02375018804715249,60.42738040052795,60.485543660690304,INDETERMINATE
3sat_103.cnf,local_reopen_guarded,+ Local Boundary Correction,3,0,3,True,60.42698351214091,0.04405330638793811,60.386118579223634,60.488141690979006,INDETERMINATE
3sat_103.cnf,old_compact,Old Compact,3,0,3,True,60.41140618724569,0.02024414815213757,60.39539024378968,60.43996544769287,INDETERMINATE
3sat_103.cnf,one_shot,One-shot,3,0,3,True,60.29068734868368,0.008960880180221778,60.278032006073,60.29758754768372,INDETERMINATE
3sat_103.cnf,online_consistent_boundary400,Online-Consistent Selector,3,0,3,True,60.46130395374044,0.019303476202422922,60.43406840052796,60.4765356606903,INDETERMINATE
3sat_104.cnf,local_reopen_guarded,+ Local Boundary Correction,3,0,3,True,60.41900984547425,0.06562301399358883,60.37001757922364,60.51176569097901,INDETERMINATE
3sat_104.cnf,old_compact,Old Compact,3,0,3,True,60.40918652057903,0.030442430864549397,60.38331487025452,60.45192344769287,INDETERMINATE
3sat_104.cnf,one_shot,One-shot,3,0,3,True,60.29535401535035,0.016565196544464207,60.274432006073,60.31494249229432,INDETERMINATE
3sat_104.cnf,online_consistent_boundary400,Online-Consistent Selector,3,0,3,True,60.46698628707377,0.0211621205625731,60.437111400527954,60.48346366069031,INDETERMINATE
3sat_105.cnf,local_reopen_guarded,+ Local Boundary Correction,3,0,3,True,60.4280805121409,0.06060736374945615,60.36527557922363,60.50999569097901,INDETERMINATE
3sat_105.cnf,old_compact,Old Compact,3,0,3,True,60.40227318724569,0.03137804983786993,60.37464587025451,60.44616044769288,INDETERMINATE
3sat_105.cnf,one_shot,One-shot,3,0,3,True,60.291820682017004,0.023705858890591264,60.260132006073,60.31714249229431,INDETERMINATE
3sat_105.cnf,online_consistent_boundary400,Online-Consistent Selector,3,0,3,True,60.45620162040711,0.037269629115962544,60.40499940052796,60.49263266069031,INDETERMINATE
3sat_106.cnf,local_reopen_guarded,+ Local Boundary Correction,3,0,3,True,60.42287884547424,0.03912748290931427,60.38800857922364,60.477522690979,INDETERMINATE
3sat_106.cnf,old_compact,Old Compact,3,0,3,True,60.39317585391236,0.04277462315019251,60.35677087025452,60.45321744769287,INDETERMINATE
3sat_106.cnf,one_shot,One-shot,3,0,3,True,60.28305401535034,0.005443493720088234,60.27748754768371,60.29044249229431,INDETERMINATE
3sat_106.cnf,online_consistent_boundary400,Online-Consistent Selector,3,0,3,True,60.4597326204071,0.030869308390150847,60.42531840052796,60.50020166069031,INDETERMINATE
3sat_107.cnf,local_reopen_guarded,+ Local Boundary Correction,3,0,3,True,60.41776832716878,0.026375280620229292,60.3818061693573,60.44432410990906,INDETERMINATE
3sat_107.cnf,old_compact,Old Compact,3,0,3,True,60.40625553219096,0.007157390031901795,60.39772681207275,60.41524091416932,INDETERMINATE
3sat_107.cnf,one_shot,One-shot,3,0,3,True,60.330470517349234,0.059042960345092314,60.2558982837677,60.4002888217926,INDETERMINATE
3sat_107.cnf,online_consistent_boundary400,Online-Consistent Selector,3,0,3,True,60.39018169209289,0.02841858530959287,60.35062550775147,60.41611650390625,INDETERMINATE
3sat_108.cnf,local_reopen_guarded,+ Local Boundary Correction,3,0,3,True,60.413624660502116,0.027079073470204513,60.3891871693573,60.45137810990906,INDETERMINATE
3sat_108.cnf,old_compact,Old Compact,3,0,3,True,60.39592086552429,0.009045029740237248,60.388864870330806,60.40868891416931,INDETERMINATE
3sat_108.cnf,one_shot,One-shot,3,0,3,True,60.34300385068258,0.061660889793809806,60.2685982837677,60.4195888217926,INDETERMINATE
3sat_108.cnf,online_consistent_boundary400,Online-Consistent Selector,3,0,3,True,60.38857802542623,0.0197846105620304,60.363470507751465,60.41182550390625,INDETERMINATE
3sat_109.cnf,local_reopen_guarded,+ Local Boundary Correction,3,0,3,True,60.417004327168776,0.019432495286803162,60.3960421693573,60.44287610990906,INDETERMINATE
3sat_109.cnf,old_compact,Old Compact,3,0,3,True,60.40019353219096,0.008588244416476692,60.39036581207275,60.411287914169314,INDETERMINATE
3sat_109.cnf,one_shot,One-shot,3,0,3,True,60.33633718401591,0.06906302497889157,60.2495982837677,60.4185888217926,INDETERMINATE
3sat_109.cnf,online_consistent_boundary400,Online-Consistent Selector,3,0,3,True,60.396344692092896,0.0241205963318807,60.36231550775146,60.415412503906246,INDETERMINATE
3sat_11.cnf,local_reopen_guarded,+ Local Boundary Correction,3,3,0,True,1.827014660502116,0.007953732032641938,1.8184381099090576,1.83760570223999,SATISFIABLE
3sat_11.cnf,old_compact,Old Compact,3,3,0,True,1.8321761988576253,0.024094925173993167,1.8149499141693115,1.8662508703308107,SATISFIABLE
3sat_11.cnf,one_shot,One-shot,3,3,0,True,1.7300538506825764,0.06903270064855296,1.6451582837677,1.8142488217926025,SATISFIABLE
3sat_11.cnf,online_consistent_boundary400,Online-Consistent Selector,3,3,0,True,1.8023386920928957,0.011291260380215391,1.7863705077514649,1.81036350390625,SATISFIABLE
3sat_110.cnf,local_reopen_guarded,+ Local Boundary Correction,3,0,3,True,60.42402299383545,0.0373520361553325,60.390559169357296,60.476151109909054,INDETERMINATE
3sat_110.cnf,old_compact,Old Compact,3,0,3,True,60.42716219885764,0.002202308329134251,60.42472287033081,60.43005891416932,INDETERMINATE
3sat_110.cnf,one_shot,One-shot,3,0,3,True,60.32933718401591,0.0621589282984555,60.2638982837677,60.4128888217926,INDETERMINATE
3sat_110.cnf,online_consistent_boundary400,Online-Consistent Selector,3,0,3,True,60.388516025426235,0.020577370957407748,60.361390507751466,60.411205503906245,INDETERMINATE
3sat_111.cnf,local_reopen_guarded,+ Local Boundary Correction,3,0,3,True,60.42047099383546,0.025449562034873707,60.3985241693573,60.45614810990906,INDETERMINATE
3sat_111.cnf,old_compact,Old Compact,3,0,3,True,60.40654353219096,0.008115850906568689,60.40061281207275,60.41801891416931,INDETERMINATE
3sat_111.cnf,one_shot,One-shot,3,0,3,True,60.34090385068257,0.04976402434759119,60.2843982837677,60.4054888217926,INDETERMINATE
3sat_111.cnf,online_consistent_boundary400,Online-Consistent Selector,3,0,3,True,60.39098769209289,0.03877286364345221,60.336340507751466,60.42221850390625,INDETERMINATE
3sat_112.cnf,local_reopen_guarded,+ Local Boundary Correction,3,0,3,True,60.418189660502115,0.033969838654459884,60.3856951693573,60.46508010990905,INDETERMINATE
3sat_112.cnf,old_compact,Old Compact,3,0,3,True,60.408218532190965,0.011291656768157016,60.39271487033081,60.419283914169306,INDETERMINATE
3sat_112.cnf,one_shot,One-shot,3,0,3,True,60.33037051734925,0.05657689033960164,60.2625982837677,60.401088821792605,INDETERMINATE
3sat_112.cnf,online_consistent_boundary400,Online-Consistent Selector,3,0,3,True,60.388801358759565,0.025609510677965738,60.35272650775146,60.40961806462097,INDETERMINATE
3sat_113.cnf,local_reopen_guarded,+ Local Boundary Correction,3,0,3,True,60.42196766050211,0.03292264710648418,60.391088169357296,60.46758510990906,INDETERMINATE
3sat_113.cnf,old_compact,Old Compact,3,0,3,True,60.40941519885763,0.018063897710534908,60.39145087033081,60.43412691416931,INDETERMINATE
3sat_113.cnf,one_shot,One-shot,3,0,3,True,60.334270517349246,0.05412987028327537,60.2679982837677,60.4005888217926,INDETERMINATE
3sat_113.cnf,online_consistent_boundary400,Online-Consistent Selector,3,0,3,True,60.392649692092895,0.021231793985402703,60.36269250775147,60.40939150390625,INDETERMINATE
3sat_114.cnf,local_reopen_guarded,+ Local Boundary Correction,3,0,3,True,60.412501327168776,0.04140952644982799,60.3701181693573,60.46869110990906,INDETERMINATE
3sat_114.cnf,old_compact,Old Compact,3,0,3,True,60.39207753219096,0.007346642331381406,60.38354787033081,60.40147981207275,INDETERMINATE
3sat_114.cnf,one_shot,One-shot,3,0,3,True,60.33703718401591,0.06152095959597346,60.2654982837677,60.4156888217926,INDETERMINATE
3sat_114.cnf,online_consistent_boundary400,Online-Consistent Selector,3,0,3,True,60.40221169209289,0.0214207813538916,60.37242150775146,60.42186950390625,INDETERMINATE
3sat_115.cnf,local_reopen_guarded,+ Local Boundary Correction,3,0,3,True,60.39914532716878,0.024656255795328392,60.3642871693573,60.41733470223999,INDETERMINATE
3sat_115.cnf,old_compact,Old Compact,3,0,3,True,60.40247853219096,0.016842532688203942,60.378766870330814,60.41628991416931,INDETERMINATE
3sat_115.cnf,one_shot,One-shot,3,0,3,True,60.34620385068258,0.056759909242584,60.2776982837677,60.41668882179261,INDETERMINATE
3sat_115.cnf,online_consistent_boundary400,Online-Consistent Selector,3,0,3,True,60.38999735875956,0.028482830430622105,60.35501450775146,60.42478206462097,INDETERMINATE
3sat_116.cnf,local_reopen_guarded,+ Local Boundary Correction,3,0,3,True,60.407644747706094,0.018638773292193114,60.38128906037903,60.42119557112122,INDETERMINATE
3sat_116.cnf,old_compact,Old Compact,3,0,3,True,60.415727459406526,0.0193744808788742,60.39921079292297,60.44291871530151,INDETERMINATE
3sat_116.cnf,one_shot,One-shot,3,0,3,True,60.30708381601969,0.041027739985962416,60.251311795806885,60.34882711639404,INDETERMINATE
3sat_116.cnf,online_consistent_boundary400,Online-Consistent Selector,3,0,3,True,60.391369354614255,0.021794471553829464,60.37047813345337,60.421440615356445,INDETERMINATE
3sat_117.cnf,local_reopen_guarded,+ Local Boundary Correction,3,0,3,True,60.4007837477061,0.008279520897755684,60.392285571121214,60.41200861161804,INDETERMINATE
3sat_117.cnf,old_compact,Old Compact,3,0,3,True,60.42069479273987,0.04474725266845307,60.37640386999512,60.48198371530151,INDETERMINATE
3sat_117.cnf,one_shot,One-shot,3,0,3,True,60.31235048268636,0.044208501883067255,60.25451179580688,60.361827116394046,INDETERMINATE
3sat_117.cnf,online_consistent_boundary400,Online-Consistent Selector,3,0,3,True,60.382946687947594,0.039520884937632596,60.330811133453366,60.42645761535645,INDETERMINATE
3sat_118.cnf,local_reopen_guarded,+ Local Boundary Correction,3,0,3,True,60.407033747706095,0.02071504694449545,60.38509106037903,60.434814571121215,INDETERMINATE
3sat_118.cnf,old_compact,Old Compact,3,0,3,True,60.40633479273987,0.05081584677297532,60.364421792922975,60.47784671530152,INDETERMINATE
3sat_118.cnf,one_shot,One-shot,3,0,3,True,60.295383816019694,0.03254667981586543,60.255211795806886,60.33492711639404,INDETERMINATE
3sat_118.cnf,online_consistent_boundary400,Online-Consistent Selector,3,0,3,True,60.3805326879476,0.01682700689049725,60.356787133453366,60.39375961535645,INDETERMINATE
3sat_119.cnf,local_reopen_guarded,+ Local Boundary Correction,3,0,3,True,60.41252074770609,0.016693124150771076,60.39210006037903,60.43298961161805,INDETERMINATE
3sat_119.cnf,old_compact,Old Compact,3,0,3,True,60.43150045940654,0.04535198186190604,60.38513086999512,60.49305971530151,INDETERMINATE
3sat_119.cnf,one_shot,One-shot,3,0,3,True,60.31735048268637,0.036951003628598766,60.26961179580689,60.35962711639405,INDETERMINATE
3sat_119.cnf,online_consistent_boundary400,Online-Consistent Selector,3,0,3,True,60.39233335461426,0.02594642997934179,60.37035013345337,60.42876861535644,INDETERMINATE
3sat_12.cnf,local_reopen_guarded,+ Local Boundary Correction,3,0,3,True,60.39626041437276,0.014996806910610491,60.37527506037903,60.40941157112121,INDETERMINATE
3sat_12.cnf,old_compact,Old Compact,3,0,3,True,60.438800459406536,0.03923266512519182,60.40714986999512,60.49409071530152,INDETERMINATE
3sat_12.cnf,one_shot,One-shot,3,0,3,True,60.30581714935303,0.03442135976549523,60.25931179580689,60.34152711639404,INDETERMINATE
3sat_12.cnf,online_consistent_boundary400,Online-Consistent Selector,3,0,3,True,60.38650835461426,0.026581804382407488,60.35440813345337,60.419501615356445,INDETERMINATE
3sat_120.cnf,local_reopen_guarded,+ Local Boundary Correction,3,3,0,True,1.114239414372762,0.01413694477033694,1.0992010603790283,1.133167611618042,SATISFIABLE
3sat_120.cnf,old_compact,Old Compact,3,3,0,True,1.1219761260732015,0.04259755666519539,1.0823608699951173,1.1810877153015138,SATISFIABLE
3sat_120.cnf,one_shot,One-shot,3,3,0,True,3.354207149353027,0.10487876574892231,3.216451795806885,3.4706971163940428,SATISFIABLE
3sat_120.cnf,online_consistent_boundary400,Online-Consistent Selector,3,3,0,True,1.0769530212809244,0.013577537994100965,1.058402315032959,1.090521133453369,SATISFIABLE
3sat_121.cnf,local_reopen_guarded,+ Local Boundary Correction,3,3,0,True,1.8379404143727622,0.016229564303499523,1.815026571121216,1.8505440603790284,SATISFIABLE
3sat_121.cnf,old_compact,Old Compact,3,3,0,True,1.8318191260732017,0.041524810717904155,1.780626869995117,1.8823347153015135,SATISFIABLE
3sat_121.cnf,one_shot,One-shot,3,3,0,True,1.7281071493530273,0.03586697331408664,1.6842617958068848,1.772117116394043,SATISFIABLE
3sat_121.cnf,online_consistent_boundary400,Online-Consistent Selector,3,3,0,True,1.8167563546142578,0.03519018127189436,1.774155315032959,1.8603366153564451,SATISFIABLE
3sat_122.cnf,local_reopen_guarded,+ Local Boundary Correction,3,0,3,True,60.397408747706095,0.00538637729782558,60.392389060379024,60.40488061161804,INDETERMINATE
3sat_122.cnf,old_compact,Old Compact,3,0,3,True,60.4058511260732,0.046769328211930764,60.37075479292297,60.47195071530151,INDETERMINATE
3sat_122.cnf,one_shot,One-shot,3,0,3,True,60.304950482686365,0.043054756329522624,60.25921179580688,60.36262711639405,INDETERMINATE
3sat_122.cnf,online_consistent_boundary400,Online-Consistent Selector,3,0,3,True,60.383530021280926,0.029064118204197836,60.34489213345337,60.41499061535645,INDETERMINATE
3sat_123.cnf,local_reopen_guarded,+ Local Boundary Correction,3,0,3,True,60.402067414372766,0.014237648655206218,60.38342206037903,60.41797257112121,INDETERMINATE
3sat_123.cnf,old_compact,Old Compact,3,0,3,True,60.4341771260732,0.04292661524694565,60.40355186999512,60.49488371530151,INDETERMINATE
3sat_123.cnf,one_shot,One-shot,3,0,3,True,60.3068838160197,0.03622734648147308,60.263111795806886,60.35182711639404,INDETERMINATE
3sat_123.cnf,online_consistent_boundary400,Online-Consistent Selector,3,0,3,True,60.38971168794759,0.03428043632817001,60.34719413345337,60.43114261535644,INDETERMINATE
3sat_124.cnf,local_reopen_guarded,+ Local Boundary Correction,3,3,0,True,0.41244608103942876,0.014863907983367402,0.3915510603790283,0.424881611618042,SATISFIABLE
3sat_124.cnf,old_compact,Old Compact,3,3,0,True,0.4342897927398681,0.032484620120551935,0.4077618699951172,0.4800357153015137,SATISFIABLE
3sat_124.cnf,one_shot,One-shot,3,3,0,True,0.3394604826863607,0.04159114632854159,0.2879967958068847,0.3898571163940429,SATISFIABLE
3sat_124.cnf,online_consistent_boundary400,Online-Consistent Selector,3,3,0,True,0.3969976879475911,0.023264227908775283,0.3780851334533691,0.4297686153564453,SATISFIABLE
3sat_125.cnf,local_reopen_guarded,+ Local Boundary Correction,3,3,0,True,3.592960065002442,0.0749841147833,3.538416258956909,3.698988911346436,SATISFIABLE
3sat_125.cnf,old_compact,Old Compact,3,3,0,True,3.5836226125793456,0.10824750441356279,3.4422701200408934,3.705199624633789,SATISFIABLE
3sat_125.cnf,one_shot,One-shot,3,3,0,True,3.4685107801310218,0.04062625393943947,3.437901273803711,3.525922924041748,SATISFIABLE
3sat_125.cnf,online_consistent_boundary400,Online-Consistent Selector,3,3,0,True,3.524796702331543,0.02001908420679893,3.510383907180786,3.5531063958740234,SATISFIABLE
3sat_126.cnf,local_reopen_guarded,+ Local Boundary Correction,3,0,3,True,60.39043939833578,0.03442749766213852,60.35751502470398,60.43796391134644,INDETERMINATE
3sat_126.cnf,old_compact,Old Compact,3,0,3,True,60.378955612579354,0.02260763963189692,60.35322009306336,60.40825262463379,INDETERMINATE
3sat_126.cnf,one_shot,One-shot,3,0,3,True,60.29700744679769,0.024749549022299856,60.26287292404175,60.32077814254761,INDETERMINATE
3sat_126.cnf,online_consistent_boundary400,Online-Consistent Selector,3,0,3,True,60.39812270233154,0.005844311002669441,60.389955907180784,60.40330680393982,INDETERMINATE
3sat_127.cnf,local_reopen_guarded,+ Local Boundary Correction,3,0,3,True,60.38464439833577,0.03087618644648996,60.34658002470398,60.42220591134644,INDETERMINATE
3sat_127.cnf,old_compact,Old Compact,3,0,3,True,60.39043227924602,0.022269085703743346,60.36174209306336,60.41602562463379,INDETERMINATE
3sat_127.cnf,one_shot,One-shot,3,0,3,True,60.30690744679769,0.02137102158810486,60.27677292404175,60.32397814254761,INDETERMINATE
3sat_127.cnf,online_consistent_boundary400,Online-Consistent Selector,3,0,3,True,60.38603770233154,0.008185818435217653,60.37520839587402,60.39499580393982,INDETERMINATE
3sat_128.cnf,local_reopen_guarded,+ Local Boundary Correction,3,3,0,True,8.684183731669108,0.017939632315919045,8.661230258956909,8.705019911346437,SATISFIABLE
3sat_128.cnf,old_compact,Old Compact,3,3,0,True,8.65705094591268,0.0584454064998296,8.582741120040895,8.725548093063354,SATISFIABLE
3sat_128.cnf,one_shot,One-shot,3,3,0,True,34.91937411346435,0.1895550717528531,34.773372924041745,35.187078142547605,SATISFIABLE
3sat_128.cnf,online_consistent_boundary400,Online-Consistent Selector,3,3,0,True,8.55309936899821,0.13738199456435712,8.387621395874023,8.72400580393982,SATISFIABLE
3sat_129.cnf,local_reopen_guarded,+ Local Boundary Correction,3,3,0,True,1.2142197316691081,0.03247768551268773,1.1720102589569092,1.2510079113464356,SATISFIABLE
3sat_129.cnf,old_compact,Old Compact,3,3,0,True,1.2165036125793458,0.03383616738864328,1.1883431200408936,1.264088624633789,SATISFIABLE
3sat_129.cnf,one_shot,One-shot,3,3,0,True,1.1236087801310222,0.01641526079478503,1.103887924041748,1.1440761425476074,SATISFIABLE
3sat_129.cnf,online_consistent_boundary400,Online-Consistent Selector,3,3,0,True,1.2127713689982096,0.005117510928913148,1.2055768039398194,1.2170483958740237,SATISFIABLE
3sat_13.cnf,local_reopen_guarded,+ Local Boundary Correction,3,0,3,True,60.384322398335776,0.017724395135727346,60.361712024703984,60.40499825895691,INDETERMINATE
3sat_13.cnf,old_compact,Old Compact,3,0,3,True,60.38924927924601,0.03060314680376242,60.35286409306335,60.42773762463379,INDETERMINATE
3sat_13.cnf,one_shot,One-shot,3,0,3,True,60.31410744679769,0.026046762805567152,60.27727292404175,60.33277814254761,INDETERMINATE
3sat_13.cnf,online_consistent_boundary400,Online-Consistent Selector,3,0,3,True,60.39630003566487,0.008366725732110374,60.38917739587402,60.40804390718078,INDETERMINATE
3sat_130.cnf,local_reopen_guarded,+ Local Boundary Correction,3,3,0,True,4.9628693983357755,0.17319301413420365,4.731231258956909,5.147620024703979,SATISFIABLE
3sat_130.cnf,old_compact,Old Compact,3,3,0,True,4.876885612579346,0.11337428156943484,4.716739120040893,4.963698093063355,SATISFIABLE
3sat_130.cnf,one_shot,One-shot,3,3,0,True,4.830630780131021,0.13174518593095821,4.651651273803711,4.964952924041748,SATISFIABLE
3sat_130.cnf,online_consistent_boundary400,Online-Consistent Selector,3,3,0,True,4.83760636899821,0.0636321710905783,4.784102907180786,4.927020803939819,SATISFIABLE
3sat_131.cnf,local_reopen_guarded,+ Local Boundary Correction,3,3,0,True,3.7195673983357747,0.08469123444817309,3.623154258956909,3.829314911346436,SATISFIABLE
3sat_131.cnf,old_compact,Old Compact,3,3,0,True,3.7379602792460123,0.06549306178129206,3.6894821200408936,3.8305470930633545,SATISFIABLE
3sat_131.cnf,one_shot,One-shot,3,3,0,True,3.679090780131022,0.02287740860841616,3.647348142547608,3.700381273803711,SATISFIABLE
3sat_131.cnf,online_consistent_boundary400,Online-Consistent Selector,3,3,0,True,3.6520753689982093,0.012062268500865843,3.6355763958740233,3.6640779071807854,SATISFIABLE
3sat_132.cnf,local_reopen_guarded,+ Local Boundary Correction,3,3,0,True,0.47117073166910806,0.027106050196378947,0.4408910247039795,0.5066689113464355,SATISFIABLE
3sat_132.cnf,old_compact,Old Compact,3,3,0,True,0.47015127924601235,0.024726890825359005,0.4381810930633545,0.498406624633789,SATISFIABLE
3sat_132.cnf,one_shot,One-shot,3,3,0,True,0.4205734467976887,0.028192286464709972,0.381018924041748,0.4446851425476074,SATISFIABLE
3sat_132.cnf,online_consistent_boundary400,Online-Consistent Selector,3,3,0,True,0.4599003689982096,0.014887829666660073,0.4395463958740234,0.4747419071807861,SATISFIABLE
3sat_133.cnf,local_reopen_guarded,+ Local Boundary Correction,3,0,3,True,60.40795439833577,0.019006439662478693,60.38703325895691,60.43302991134644,INDETERMINATE
3sat_133.cnf,old_compact,Old Compact,3,0,3,True,60.39742361257935,0.018172546880550543,60.37174209306336,60.411105120040894,INDETERMINATE
3sat_133.cnf,one_shot,One-shot,3,0,3,True,60.30394078013102,0.024642478003771333,60.26997292404175,60.32767127380371,INDETERMINATE
3sat_133.cnf,online_consistent_boundary400,Online-Consistent Selector,3,0,3,True,60.39900970233155,0.005102121386827521,60.39223139587402,60.40454090718079,INDETERMINATE
3sat_134.cnf,local_reopen_guarded,+ Local Boundary Correction,3,0,3,True,60.39642854092407,0.01881923815149108,60.36994324964905,60.41193891592408,INDETERMINATE
3sat_134.cnf,old_compact,Old Compact,3,0,3,True,60.37687598004151,0.009490404885098306,60.36635769915772,60.38935495446778,INDETERMINATE
3sat_134.cnf,one_shot,One-shot,3,0,3,True,60.298044548924764,0.020230848556218563,60.26950973701477,60.31411590385437,INDETERMINATE
3sat_134.cnf,online_consistent_boundary400,Online-Consistent Selector,3,0,3,True,60.384169630523694,0.011237231388981013,60.36833856277466,60.39328767193604,INDETERMINATE
3sat_135.cnf,local_reopen_guarded,+ Local Boundary Correction,3,0,3,True,60.390920874257404,0.030938258649126246,60.35352524964905,60.4292894571991,INDETERMINATE
3sat_135.cnf,old_compact,Old Compact,3,0,3,True,60.38278964670817,0.011159154502475281,60.37077269915771,60.39765728649902,INDETERMINATE
3sat_135.cnf,one_shot,One-shot,3,0,3,True,60.2906778822581,0.02982360303606466,60.24850973701477,60.31250800590515,INDETERMINATE
3sat_135.cnf,online_consistent_boundary400,Online-Consistent Selector,3,0,3,True,60.39300663052368,0.005238895308435735,60.38565056277466,60.39744967193603,INDETERMINATE
3sat_136.cnf,local_reopen_guarded,+ Local Boundary Correction,3,0,3,True,60.38873920759074,0.01705268639966421,60.36464324964905,60.40164145719909,INDETERMINATE
3sat_136.cnf,old_compact,Old Compact,3,0,3,True,60.38313364670817,0.016239144147814827,60.36492469915772,60.40435795446778,INDETERMINATE
3sat_136.cnf,one_shot,One-shot,3,0,3,True,60.28654454892476,0.02149999592336947,60.27010973701477,60.31691590385437,INDETERMINATE
3sat_136.cnf,online_consistent_boundary400,Online-Consistent Selector,3,0,3,True,60.389162297190346,0.012219307541078868,60.37225456277466,60.40070867193603,INDETERMINATE
3sat_137.cnf,local_reopen_guarded,+ Local Boundary Correction,3,0,3,True,60.38904887425739,0.033419721258939314,60.34333424964905,60.42229591592407,INDETERMINATE
3sat_137.cnf,old_compact,Old Compact,3,0,3,True,60.38181631337485,0.0016484469310556094,60.37961669915772,60.38358495446777,INDETERMINATE
3sat_137.cnf,one_shot,One-shot,3,0,3,True,60.29344454892476,0.023407719564777288,60.26040973701477,60.31180800590515,INDETERMINATE
3sat_137.cnf,online_consistent_boundary400,Online-Consistent Selector,3,0,3,True,60.386003963857014,0.006998373348665961,60.37700956277466,60.39407767193604,INDETERMINATE
3sat_138.cnf,local_reopen_guarded,+ Local Boundary Correction,3,0,3,True,60.38606687425741,0.029590866308257403,60.34667624964905,60.41799791592408,INDETERMINATE
3sat_138.cnf,old_compact,Old Compact,3,0,3,True,60.390394313374834,0.015127826344442848,60.37026828649903,60.40674095446777,INDETERMINATE
3sat_138.cnf,one_shot,One-shot,3,0,3,True,60.3032778822581,0.01902421730701473,60.27740973701477,60.32261590385437,INDETERMINATE
3sat_138.cnf,online_consistent_boundary400,Online-Consistent Selector,3,0,3,True,60.383169630523675,0.007265530376906271,60.37329656277466,60.39057067193603,INDETERMINATE
3sat_139.cnf,local_reopen_guarded,+ Local Boundary Correction,3,0,3,True,60.39680387425741,0.028185646709341015,60.35972924964904,60.42801991592408,INDETERMINATE
3sat_139.cnf,old_compact,Old Compact,3,0,3,True,60.3835329800415,0.010502205218804902,60.37096028649902,60.396666954467776,INDETERMINATE
3sat_139.cnf,one_shot,One-shot,3,0,3,True,60.300177882258104,0.028191163618487204,60.26030973701477,60.32021590385437,INDETERMINATE
3sat_139.cnf,online_consistent_boundary400,Online-Consistent Selector,3,0,3,True,60.387019630523675,0.014103475445446101,60.367707562774655,60.40099365686035,INDETERMINATE
3sat_14.cnf,local_reopen_guarded,+ Local Boundary Correction,3,3,0,True,5.835136207590739,0.09898093712156025,5.709130457199097,5.950938249649048,SATISFIABLE
3sat_14.cnf,old_compact,Old Compact,3,3,0,True,5.724080980041504,0.16868220531552017,5.4977469544677735,5.902518286499023,SATISFIABLE
3sat_14.cnf,one_shot,One-shot,3,3,0,True,5.5692245489247645,0.03445526029175353,5.520978005905151,5.59925973701477,SATISFIABLE
3sat_14.cnf,online_consistent_boundary400,Online-Consistent Selector,3,3,0,True,5.584629963857015,0.024606182417489412,5.557125562774658,5.616843671936035,SATISFIABLE
3sat_140.cnf,local_reopen_guarded,+ Local Boundary Correction,3,3,0,True,5.46549120759074,0.12149987760489152,5.300394457199097,5.589278249649048,SATISFIABLE
3sat_140.cnf,old_compact,Old Compact,3,3,0,True,49.178798980041506,0.5880333840010922,48.50642028649903,49.93878669915772,SATISFIABLE
3sat_140.cnf,one_shot,One-shot,3,3,0,True,49.64791121559143,0.3937155796832773,49.16490973701477,50.12930800590515,SATISFIABLE
3sat_140.cnf,online_consistent_boundary400,Online-Consistent Selector,3,3,0,True,5.359984297190349,0.07061196133876685,5.267253562774658,5.438440656860352,SATISFIABLE
3sat_141.cnf,local_reopen_guarded,+ Local Boundary Correction,3,3,0,True,3.4039882075907393,0.03867175836836484,3.374178457199097,3.4586019159240724,SATISFIABLE
3sat_141.cnf,old_compact,Old Compact,3,3,0,True,3.377927980041504,0.04731484387521758,3.3148329544677733,3.428770699157715,SATISFIABLE
3sat_141.cnf,one_shot,One-shot,3,3,0,True,3.2589745489247637,0.02172199948112885,3.22830590385437,3.2758397370147705,SATISFIABLE
3sat_141.cnf,online_consistent_boundary400,Online-Consistent Selector,3,3,0,True,3.3374272971903487,0.046153017807938665,3.2798816568603515,3.3928745627746584,SATISFIABLE
3sat_142.cnf,local_reopen_guarded,+ Local Boundary Correction,3,3,0,True,2.4986805409240724,0.048275082921933214,2.445692457199097,2.562456249649048,SATISFIABLE
3sat_142.cnf,old_compact,Old Compact,3,3,0,True,2.489755313374838,0.021226771233842586,2.462592699157715,2.5144049544677736,SATISFIABLE
3sat_142.cnf,one_shot,One-shot,3,3,0,True,2.375231215591431,0.02718173238191945,2.3533797370147704,2.41354590385437,SATISFIABLE
3sat_142.cnf,online_consistent_boundary400,Online-Consistent Selector,3,3,0,True,2.479585630523682,0.05775816616981744,2.3980345627746584,2.524370671936035,SATISFIABLE
3sat_143.cnf,local_reopen_guarded,+ Local Boundary Correction,3,0,3,True,60.40826031393433,0.04093193692577225,60.37287642764282,60.46562744622803,INDETERMINATE
3sat_143.cnf,old_compact,Old Compact,3,0,3,True,60.364700596364344,0.006851667965565103,60.35504660699464,60.37024758952332,INDETERMINATE
3sat_143.cnf,one_shot,One-shot,3,0,3,True,60.306278824615475,0.027459888680795828,60.28083823852539,60.34440877456665,INDETERMINATE
3sat_143.cnf,online_consistent_boundary400,Online-Consistent Selector,3,0,3,True,60.428241775970456,0.07758740968180607,60.37136599864196,60.537942009399416,INDETERMINATE
3sat_144.cnf,local_reopen_guarded,+ Local Boundary Correction,3,0,3,True,60.400342313934324,0.0226966514269083,60.380365067932125,60.43208844622802,INDETERMINATE
3sat_144.cnf,old_compact,Old Compact,3,0,3,True,60.348772929697674,0.012404033916464057,60.33141060699463,60.35962259257507,INDETERMINATE
3sat_144.cnf,one_shot,One-shot,3,0,3,True,60.30637882461548,0.019445767235466357,60.27923823852539,60.3237894607544,INDETERMINATE
3sat_144.cnf,online_consistent_boundary400,Online-Consistent Selector,3,0,3,True,60.43450577597046,0.08015383930127679,60.36191331987,60.546199009399416,INDETERMINATE
3sat_145.cnf,local_reopen_guarded,+ Local Boundary Correction,3,0,3,True,60.402986980600986,0.047352154315086235,60.36863442764282,60.46994544622802,INDETERMINATE
3sat_145.cnf,old_compact,Old Compact,3,0,3,True,60.36296326303101,0.009534807702677665,60.35094660699463,60.37426959257507,INDETERMINATE
3sat_145.cnf,one_shot,One-shot,3,0,3,True,60.30807882461548,0.023022395329539275,60.27603823852539,60.32910877456665,INDETERMINATE
3sat_145.cnf,online_consistent_boundary400,Online-Consistent Selector,3,0,3,True,60.439759442637126,0.09333290825405094,60.36960831987,60.571663009399416,INDETERMINATE
3sat_146.cnf,local_reopen_guarded,+ Local Boundary Correction,3,0,3,True,60.40785831393433,0.05303822239323464,60.35472642764282,60.48027544622803,INDETERMINATE
3sat_146.cnf,old_compact,Old Compact,3,0,3,True,60.358666596364344,0.008783639490091248,60.34625060699463,60.36520759257508,INDETERMINATE
3sat_146.cnf,one_shot,One-shot,3,0,3,True,60.298378824615476,0.03655259147064669,60.25003823852539,60.33840877456665,INDETERMINATE
3sat_146.cnf,online_consistent_boundary400,Online-Consistent Selector,3,0,3,True,60.440587775970464,0.08641033332889674,60.37575831987,60.56271300939941,INDETERMINATE
3sat_147.cnf,local_reopen_guarded,+ Local Boundary Correction,3,3,0,True,13.594362647267658,0.20959132819369566,13.367242446228028,13.872862427642822,SATISFIABLE
3sat_147.cnf,old_compact,Old Compact,3,3,0,True,13.608089263031005,0.11305947796706657,13.44822760699463,13.690638589523315,SATISFIABLE
3sat_147.cnf,one_shot,One-shot,3,3,0,True,13.459145491282145,0.09112225034061276,13.33590877456665,13.553389460754394,SATISFIABLE
3sat_147.cnf,online_consistent_boundary400,Online-Consistent Selector,3,3,0,True,13.60245877597046,0.10854628714203951,13.50712599864197,13.754323009399414,SATISFIABLE
3sat_148.cnf,local_reopen_guarded,+ Local Boundary Correction,3,0,3,True,60.39607031393433,0.05175335873602939,60.358235067932135,60.46924644622803,INDETERMINATE
3sat_148.cnf,old_compact,Old Compact,3,0,3,True,60.339938929697674,0.021964839304595737,60.30888060699464,60.35593359257507,INDETERMINATE
3sat_148.cnf,one_shot,One-shot,3,0,3,True,60.296212157948816,0.03844516477432879,60.249038238525394,60.34320877456665,INDETERMINATE
3sat_148.cnf,online_consistent_boundary400,Online-Consistent Selector,3,0,3,True,60.442106775970466,0.08059765150518775,60.38362799864197,60.55607600939941,INDETERMINATE
3sat_149.cnf,local_reopen_guarded,+ Local Boundary Correction,3,3,0,True,4.28076564726766,0.023476061986960884,4.247859446228027,4.301036427642822,SATISFIABLE
3sat_149.cnf,old_compact,Old Compact,3,3,0,True,4.213124596364339,0.033712716708137996,4.181597606994629,4.259861589523315,SATISFIABLE
3sat_149.cnf,one_shot,One-shot,3,3,0,True,4.138948824615478,0.043233157107422815,4.084938238525391,4.190769460754394,SATISFIABLE
3sat_149.cnf,online_consistent_boundary400,Online-Consistent Selector,3,3,0,True,4.169432775970459,0.09643268743461815,4.079983319869995,4.303309009399414,SATISFIABLE
3sat_15.cnf,local_reopen_guarded,+ Local Boundary Correction,3,0,3,True,60.40033231393432,0.05094683048954525,60.34554742764283,60.468250446228026,INDETERMINATE
3sat_15.cnf,old_compact,Old Compact,3,0,3,True,60.35284426303101,0.008835299884363957,60.34599959257508,60.36531958952332,INDETERMINATE
3sat_15.cnf,one_shot,One-shot,3,0,3,True,60.28451215794882,0.02805485058349488,60.24503823852539,60.30770877456665,INDETERMINATE
3sat_15.cnf,online_consistent_boundary400,Online-Consistent Selector,3,0,3,True,60.45895010930379,0.0892776533521561,60.37688331987,60.58307700939941,INDETERMINATE
3sat_150.cnf,local_reopen_guarded,+ Local Boundary Correction,3,3,0,True,0.8217769806009928,0.033209549432502136,0.7802574276428222,0.8615474462280274,SATISFIABLE
3sat_150.cnf,old_compact,Old Compact,3,3,0,True,0.7714505963643391,0.005964850244620774,0.7632206069946289,0.7771685925750733,SATISFIABLE
3sat_150.cnf,one_shot,One-shot,3,3,0,True,0.7180564912821451,0.023535843205343493,0.6863262385253905,0.7426277745666504,SATISFIABLE
3sat_150.cnf,online_consistent_boundary400,Online-Consistent Selector,3,3,0,True,0.8432997759704589,0.08190550271182767,0.7788133198699951,0.958873009399414,SATISFIABLE
3sat_151.cnf,local_reopen_guarded,+ Local Boundary Correction,3,0,3,True,60.411970313934326,0.052639794583229337,60.36097842764282,60.48443744622803,INDETERMINATE
3sat_151.cnf,old_compact,Old Compact,3,0,3,True,60.355735263031015,0.010389737476363722,60.34140260699464,60.365703589523314,INDETERMINATE
3sat_151.cnf,one_shot,One-shot,3,0,3,True,60.299745491282145,0.02046857230451985,60.27253823852539,60.32190877456665,INDETERMINATE
3sat_151.cnf,online_consistent_boundary400,Online-Consistent Selector,3,0,3,True,60.44373677597046,0.0929884327172326,60.37296231987,60.57511100939941,INDETERMINATE
3sat_152.cnf,local_reopen_guarded,+ Local Boundary Correction,3,0,3,True,60.38102393755086,0.017493800648940048,60.356287699676514,60.39376420375061,INDETERMINATE
3sat_152.cnf,old_compact,Old Compact,3,0,3,True,60.38812424816894,0.01419163404747535,60.36957543145752,60.40403640948486,INDETERMINATE
3sat_152.cnf,one_shot,One-shot,3,0,3,True,60.2885935643514,0.006525066000057155,60.2832811920166,60.29778417892456,INDETERMINATE
3sat_152.cnf,online_consistent_boundary400,Online-Consistent Selector,3,0,3,True,60.39915705271403,0.00861446995206607,60.38771065141296,60.408492532669065,INDETERMINATE
3sat_153.cnf,local_reopen_guarded,+ Local Boundary Correction,3,0,3,True,60.372472604217535,0.016227577170124914,60.35421869967652,60.39364520375061,INDETERMINATE
3sat_153.cnf,old_compact,Old Compact,3,0,3,True,60.393066581502275,0.019033071187454582,60.36646243145752,60.40991140948486,INDETERMINATE
3sat_153.cnf,one_shot,One-shot,3,0,3,True,60.29346023101807,0.011875450613539418,60.2830811920166,60.31008417892456,INDETERMINATE
3sat_153.cnf,online_consistent_boundary400,Online-Consistent Selector,3,0,3,True,60.39878305271403,0.02049750264964912,60.37996965141296,60.42728853266907,INDETERMINATE
3sat_154.cnf,local_reopen_guarded,+ Local Boundary Correction,3,3,0,True,0.6164282708841959,0.02448572718247485,0.5821226996765136,0.6376642037506104,SATISFIABLE
3sat_154.cnf,old_compact,Old Compact,3,3,0,True,1.8600185815022792,0.024050896990421036,1.83389943145752,1.8919464094848637,SATISFIABLE
3sat_154.cnf,one_shot,One-shot,3,3,0,True,1.7204268976847332,0.02880792776974523,1.6959111920166017,1.7608641789245605,SATISFIABLE
3sat_154.cnf,online_consistent_boundary400,Online-Consistent Selector,3,3,0,True,0.6237017193806965,0.014113809880697398,0.6119029740600586,0.6435435326690674,SATISFIABLE
3sat_155.cnf,local_reopen_guarded,+ Local Boundary Correction,3,0,3,True,60.39620560421753,0.02670662573800676,60.35888569967651,60.419893909225465,INDETERMINATE
3sat_155.cnf,old_compact,Old Compact,3,0,3,True,60.39305458150228,0.011716166774571355,60.38129843145752,60.40904440948486,INDETERMINATE
3sat_155.cnf,one_shot,One-shot,3,0,3,True,60.3073935643514,0.013205980558564487,60.2953811920166,60.32578417892456,INDETERMINATE
3sat_155.cnf,online_consistent_boundary400,Online-Consistent Selector,3,0,3,True,60.3856037193807,0.012663480270462003,60.36965697406006,60.40063553266906,INDETERMINATE
3sat_156.cnf,local_reopen_guarded,+ Local Boundary Correction,3,0,3,True,60.390911270884196,0.04584789629009877,60.32658969967651,60.43014990922546,INDETERMINATE
3sat_156.cnf,old_compact,Old Compact,3,0,3,True,60.38637924816894,0.032413546446789364,60.34092343145752,60.41423390356445,INDETERMINATE
3sat_156.cnf,one_shot,One-shot,3,0,3,True,60.293793564351404,0.009554148895424589,60.2803811920166,60.30191532211304,INDETERMINATE
3sat_156.cnf,online_consistent_boundary400,Online-Consistent Selector,3,0,3,True,60.39388105271403,0.01151291512774404,60.38519965141297,60.41015053266906,INDETERMINATE
3sat_157.cnf,local_reopen_guarded,+ Local Boundary Correction,3,3,0,True,34.450387937550865,0.1294877372103884,34.28020390922546,34.59403469967651,SATISFIABLE
3sat_157.cnf,old_compact,Old Compact,3,3,0,True,33.94459624816895,0.13142471556045363,33.84953143145752,34.130442409484864,SATISFIABLE
3sat_157.cnf,one_shot,One-shot,3,3,0,True,3.2543535643514,0.05357136017757824,3.216185322113037,3.3301141789245605,SATISFIABLE
3sat_157.cnf,online_consistent_boundary400,Online-Consistent Selector,3,3,0,True,33.50290871938069,0.5288663666712986,32.758683651412966,33.93941253266907,SATISFIABLE
3sat_158.cnf,local_reopen_guarded,+ Local Boundary Correction,3,0,3,True,60.39255493755087,0.023600183959468616,60.36023669967652,60.41593220375061,INDETERMINATE
3sat_158.cnf,old_compact,Old Compact,3,0,3,True,60.400768581502284,0.012398415167384364,60.38371943145752,60.41283940948486,INDETERMINATE
3sat_158.cnf,one_shot,One-shot,3,0,3,True,60.3013935643514,0.0052217400558821495,60.29421532211304,60.30648417892456,INDETERMINATE
3sat_158.cnf,online_consistent_boundary400,Online-Consistent Selector,3,0,3,True,60.39874438604736,0.01209191312711239,60.38166165141296,60.40796153266907,INDETERMINATE
3sat_159.cnf,local_reopen_guarded,+ Local Boundary Correction,3,0,3,True,60.385860270884194,0.016170102723780975,60.363272699676514,60.40024590922546,INDETERMINATE
3sat_159.cnf,old_compact,Old Compact,3,0,3,True,60.394666914835604,0.024894988605352147,60.36007743145752,60.41764640948486,INDETERMINATE
3sat_159.cnf,one_shot,One-shot,3,0,3,True,60.29456023101807,0.0044207506788080594,60.2887811920166,60.29951532211304,INDETERMINATE
3sat_159.cnf,online_consistent_boundary400,Online-Consistent Selector,3,0,3,True,60.400623052714025,0.011801297295230797,60.38453997406006,60.412525532669065,INDETERMINATE
3sat_16.cnf,local_reopen_guarded,+ Local Boundary Correction,3,0,3,True,60.38495993755086,0.016089083977133628,60.36978569967651,60.40723020375061,INDETERMINATE
3sat_16.cnf,old_compact,Old Compact,3,0,3,True,60.391265581502275,0.02268367549431979,60.36040143145752,60.41427240948487,INDETERMINATE
3sat_16.cnf,one_shot,One-shot,3,0,3,True,60.29506023101806,0.006449505904958373,60.29048417892456,60.3041811920166,INDETERMINATE
3sat_16.cnf,online_consistent_boundary400,Online-Consistent Selector,3,0,3,True,60.39095571938069,0.028744940865194007,60.36126865141296,60.42984953266907,INDETERMINATE
3sat_160.cnf,local_reopen_guarded,+ Local Boundary Correction,3,0,3,True,60.3848122708842,0.00953381736577549,60.37217569967651,60.39520220375061,INDETERMINATE
3sat_160.cnf,old_compact,Old Compact,3,0,3,True,60.38755924816894,0.031810525696395975,60.34995543145752,60.42774640948486,INDETERMINATE
3sat_160.cnf,one_shot,One-shot,3,0,3,True,60.306160231018076,0.007644100243878501,60.29781532211304,60.31628417892456,INDETERMINATE
3sat_160.cnf,online_consistent_boundary400,Online-Consistent Selector,3,0,3,True,60.396399719380696,0.006313360021524188,60.38775665141296,60.40266053266907,INDETERMINATE
3sat_161.cnf,local_reopen_guarded,+ Local Boundary Correction,3,0,3,True,60.38616282889303,0.020716127365724896,60.36447832267761,60.414065959533694,INDETERMINATE
3sat_161.cnf,old_compact,Old Compact,3,0,3,True,60.3919794728597,0.024882179280829336,60.35778819245911,60.41627938450623,INDETERMINATE
3sat_161.cnf,one_shot,One-shot,3,0,3,True,60.317221690368655,0.033509597106645764,60.28245534324646,60.362494207382206,INDETERMINATE
3sat_161.cnf,online_consistent_boundary400,Online-Consistent Selector,3,0,3,True,60.39442193288167,0.035786472945056234,60.343973933563234,60.423146931304935,INDETERMINATE
3sat_162.cnf,local_reopen_guarded,+ Local Boundary Correction,3,0,3,True,60.35957882889303,0.00536384721092014,60.35291732267761,60.36605195953369,INDETERMINATE
3sat_162.cnf,old_compact,Old Compact,3,0,3,True,60.3856054728597,0.02648543268552479,60.35618119245911,60.42038938450623,INDETERMINATE
3sat_162.cnf,one_shot,One-shot,3,0,3,True,60.313055023701985,0.03079703573125924,60.29031552047729,60.3565942073822,INDETERMINATE
3sat_162.cnf,online_consistent_boundary400,Online-Consistent Selector,3,0,3,True,60.383032599548336,0.029702013990491487,60.34328093356324,60.41466293130493,INDETERMINATE
3sat_163.cnf,local_reopen_guarded,+ Local Boundary Correction,3,3,0,True,35.27130982889302,0.6005467943223114,34.635280204467776,36.07675095953369,SATISFIABLE
3sat_163.cnf,old_compact,Old Compact,3,3,0,True,35.068156139526366,0.3006141256777598,34.64457984161377,35.311418384506226,SATISFIABLE
3sat_163.cnf,one_shot,One-shot,3,0,3,True,60.333221690368646,0.04244096972151229,60.30115534324646,60.3931942073822,INDETERMINATE
3sat_163.cnf,online_consistent_boundary400,Online-Consistent Selector,3,3,0,True,34.42751326621501,0.27644905445743584,34.08497293130493,34.76198793356323,SATISFIABLE
3sat_164.cnf,local_reopen_guarded,+ Local Boundary Correction,3,0,3,True,60.3659494955597,0.01096720539411989,60.35114732267761,60.377361959533694,INDETERMINATE
3sat_164.cnf,old_compact,Old Compact,3,0,3,True,60.393777806193036,0.02637126065512621,60.35763719245911,60.419820384506224,INDETERMINATE
3sat_164.cnf,one_shot,One-shot,3,0,3,True,60.32135502370198,0.043502855162322676,60.27735534324646,60.3805942073822,INDETERMINATE
3sat_164.cnf,online_consistent_boundary400,Online-Consistent Selector,3,0,3,True,60.37585459954834,0.03811060055673063,60.32238393356324,60.408445931304925,INDETERMINATE
3sat_165.cnf,local_reopen_guarded,+ Local Boundary Correction,3,3,0,True,0.4196154955596924,0.0076274079467686644,0.4136073226776123,0.4303779595336914,SATISFIABLE
3sat_165.cnf,old_compact,Old Compact,3,3,0,True,0.5539778061930338,0.022454704996726166,0.5239671924591065,0.5779743845062256,SATISFIABLE
3sat_165.cnf,one_shot,One-shot,3,3,0,True,0.4920106903686523,0.03583085777977893,0.4566553432464599,0.5411252073822022,SATISFIABLE
3sat_165.cnf,online_consistent_boundary400,Online-Consistent Selector,3,3,0,True,0.42619126621500647,0.03823435367494707,0.3752559335632324,0.4673749313049316,SATISFIABLE
3sat_166.cnf,local_reopen_guarded,+ Local Boundary Correction,3,0,3,True,60.38139316222635,0.011598546288065021,60.365187322677606,60.39169095953369,INDETERMINATE
3sat_166.cnf,old_compact,Old Compact,3,0,3,True,60.39099913952637,0.02187003617740855,60.36062719245911,60.41124538450623,INDETERMINATE
3sat_166.cnf,one_shot,One-shot,3,0,3,True,60.326621690368654,0.03779318948819512,60.28895534324646,60.37829420738221,INDETERMINATE
3sat_166.cnf,online_consistent_boundary400,Online-Consistent Selector,3,0,3,True,60.383876932881684,0.0366082059254546,60.33380793356324,60.42031593130493,INDETERMINATE
3sat_167.cnf,local_reopen_guarded,+ Local Boundary Correction,3,3,0,True,13.27350116222636,0.27314188394537847,12.951374204467774,13.619186959533693,SATISFIABLE
3sat_167.cnf,old_compact,Old Compact,3,3,0,True,13.193027806193035,0.12478764318388436,13.016668841613768,13.286781384506224,SATISFIABLE
3sat_167.cnf,one_shot,One-shot,3,3,0,True,13.264121690368654,0.23556894004579915,13.0379942073822,13.58905534324646,SATISFIABLE
3sat_167.cnf,online_consistent_boundary400,Online-Consistent Selector,3,3,0,True,13.104997266215006,0.08022389145171177,12.999107933776855,13.19321793130493,SATISFIABLE
3sat_168.cnf,local_reopen_guarded,+ Local Boundary Correction,3,0,3,True,60.37868382889303,0.017312191362180332,60.355944322677615,60.397911959533694,INDETERMINATE
3sat_168.cnf,old_compact,Old Compact,3,0,3,True,60.39325413952637,0.01866120703814076,60.36724019245911,60.41011038450623,INDETERMINATE
3sat_168.cnf,one_shot,One-shot,3,0,3,True,60.31672169036866,0.041386829689054244,60.26815534324646,60.36929420738221,INDETERMINATE
3sat_168.cnf,online_consistent_boundary400,Online-Consistent Selector,3,0,3,True,60.382785266215,0.039833686726478267,60.32708693356323,60.41793893130493,INDETERMINATE
3sat_169.cnf,local_reopen_guarded,+ Local Boundary Correction,3,0,3,True,60.370911162226356,0.0019590035658692663,60.36925732267761,60.37366295953369,INDETERMINATE
3sat_169.cnf,old_compact,Old Compact,3,0,3,True,60.393462806193035,0.025932929915650122,60.35681819245911,60.41307138450623,INDETERMINATE
3sat_169.cnf,one_shot,One-shot,3,0,3,True,60.33065502370198,0.03214229458830748,60.30015534324646,60.375094207382205,INDETERMINATE
3sat_169.cnf,online_consistent_boundary400,Online-Consistent Selector,3,0,3,True,60.37043459954833,0.04443097827803842,60.31381593356323,60.42234293130493,INDETERMINATE
3sat_17.cnf,local_reopen_guarded,+ Local Boundary Correction,3,0,3,True,60.36302849555969,0.019178141702557976,60.336939322677615,60.38249320446778,INDETERMINATE
3sat_17.cnf,old_compact,Old Compact,3,0,3,True,60.401721139526366,0.034313905750932926,60.35369019245911,60.43173138450623,INDETERMINATE
3sat_17.cnf,one_shot,One-shot,3,0,3,True,60.323288357035324,0.03436909501855713,60.27945534324646,60.3633942073822,INDETERMINATE
3sat_17.cnf,online_consistent_boundary400,Online-Consistent Selector,3,0,3,True,60.387097266215015,0.046697764904361325,60.321408933563234,60.42584093130493,INDETERMINATE
3sat_170.cnf,local_reopen_guarded,+ Local Boundary Correction,3,0,3,True,60.40269423980205,0.02266729676608087,60.38180259713745,60.43419627076722,INDETERMINATE
3sat_170.cnf,old_compact,Old Compact,3,0,3,True,60.37220956551615,0.012073308244537033,60.3552056022644,60.382051727447504,INDETERMINATE
3sat_170.cnf,one_shot,One-shot,3,0,3,True,60.299179863103234,0.004303826715401669,60.29397371063232,60.30451357460022,INDETERMINATE
3sat_170.cnf,online_consistent_boundary400,Online-Consistent Selector,3,0,3,True,60.389351908569346,0.06588354688892277,60.30911856256103,60.47049199278259,INDETERMINATE
3sat_171.cnf,local_reopen_guarded,+ Local Boundary Correction,3,0,3,True,60.39776923980204,0.027684277967368363,60.37727959713745,60.43690627076721,INDETERMINATE
3sat_171.cnf,old_compact,Old Compact,3,0,3,True,60.3675998988495,0.02219545075012297,60.34913960226441,60.39881572744751,INDETERMINATE
3sat_171.cnf,one_shot,One-shot,3,0,3,True,60.29537986310323,0.0014287990851733104,60.29347371063233,60.29691357460022,INDETERMINATE
3sat_171.cnf,online_consistent_boundary400,Online-Consistent Selector,3,0,3,True,60.38318524190267,0.05996570889135327,60.31041456256104,60.45728199278259,INDETERMINATE
3sat_172.cnf,local_reopen_guarded,+ Local Boundary Correction,3,0,3,True,60.404518573135384,0.015787197527872675,60.39263659713745,60.426829270767215,INDETERMINATE
3sat_172.cnf,old_compact,Old Compact,3,0,3,True,60.37553489884949,0.0114269012818341,60.36448972744751,60.39127336683655,INDETERMINATE
3sat_172.cnf,one_shot,One-shot,3,0,3,True,60.29677986310323,0.005614929470745962,60.28891357460022,60.30165230407715,INDETERMINATE
3sat_172.cnf,online_consistent_boundary400,Online-Consistent Selector,3,0,3,True,60.38320557523601,0.06453789122721845,60.30306856256104,60.46110599278259,INDETERMINATE
3sat_173.cnf,local_reopen_guarded,+ Local Boundary Correction,3,0,3,True,60.40367157313538,0.02517812755269282,60.38375059713745,60.43919127076721,INDETERMINATE
3sat_173.cnf,old_compact,Old Compact,3,0,3,True,60.36534989884948,0.0033390793331751897,60.360741602264405,60.36854672744751,INDETERMINATE
3sat_173.cnf,one_shot,One-shot,3,0,3,True,60.272679863103235,0.009805823465503755,60.26021357460022,60.28417371063232,INDETERMINATE
3sat_173.cnf,online_consistent_boundary400,Online-Consistent Selector,3,0,3,True,60.38891790856934,0.05773006230718925,60.32416256256104,60.46435599278259,INDETERMINATE
3sat_174.cnf,local_reopen_guarded,+ Local Boundary Correction,3,0,3,True,60.40747557313538,0.023552220705927912,60.389160851501465,60.440726270767215,INDETERMINATE
3sat_174.cnf,old_compact,Old Compact,3,0,3,True,60.372853898849485,0.00765502109790726,60.36202936683655,60.37841160226441,INDETERMINATE
3sat_174.cnf,one_shot,One-shot,3,0,3,True,60.2905465297699,0.007463360858902055,60.28047371063232,60.29831357460022,INDETERMINATE
3sat_174.cnf,online_consistent_boundary400,Online-Consistent Selector,3,0,3,True,60.390864908569334,0.05703960576892914,60.32399956256104,60.46337499278259,INDETERMINATE
3sat_175.cnf,local_reopen_guarded,+ Local Boundary Correction,3,0,3,True,60.39777023980204,0.015560162352548345,60.381362597137446,60.418673270767215,INDETERMINATE
3sat_175.cnf,old_compact,Old Compact,3,0,3,True,60.372799898849486,0.008935194988687544,60.3612896022644,60.38307072744751,INDETERMINATE
3sat_175.cnf,one_shot,One-shot,3,0,3,True,60.29181319643656,0.005314575397730838,60.28477371063232,60.29761357460022,INDETERMINATE
3sat_175.cnf,online_consistent_boundary400,Online-Consistent Selector,3,0,3,True,60.370772908569336,0.04037562240624925,60.32215756256103,60.42101699278259,INDETERMINATE
3sat_176.cnf,local_reopen_guarded,+ Local Boundary Correction,3,3,0,True,1.8739895731353762,0.015960080225670744,1.851761597137451,1.888498270767212,SATISFIABLE
3sat_176.cnf,old_compact,Old Compact,3,3,0,True,1.8881588988494873,0.02365500007492307,1.855371602264404,1.910304366836548,SATISFIABLE
3sat_176.cnf,one_shot,One-shot,3,3,0,True,1.8117065297698973,0.015823050511076995,1.7893723040771483,1.824073710632324,SATISFIABLE
3sat_176.cnf,online_consistent_boundary400,Online-Consistent Selector,3,3,0,True,1.8990035752360026,0.0562193661325183,1.8277025625610352,1.9651179927825928,SATISFIABLE
3sat_177.cnf,local_reopen_guarded,+ Local Boundary Correction,3,0,3,True,60.41022557313537,0.0079492290641337,60.404259597137454,60.42146027076721,INDETERMINATE
3sat_177.cnf,old_compact,Old Compact,3,0,3,True,60.36842656551616,0.007795253249494784,60.36287072744752,60.379450602264406,INDETERMINATE
3sat_177.cnf,one_shot,One-shot,3,0,3,True,60.28701319643657,0.003606522574389987,60.28445230407715,60.29211357460022,INDETERMINATE
3sat_177.cnf,online_consistent_boundary400,Online-Consistent Selector,3,0,3,True,60.37456890856934,0.05729665136061818,60.30342356256104,60.4437289927826,INDETERMINATE
3sat_178.cnf,local_reopen_guarded,+ Local Boundary Correction,3,0,3,True,60.411294906468704,0.016517018210163194,60.397960851501466,60.434571270767215,INDETERMINATE
3sat_178.cnf,old_compact,Old Compact,3,0,3,True,60.37821423218282,0.012098571737369777,60.36928736683655,60.39531872744751,INDETERMINATE
3sat_178.cnf,one_shot,One-shot,3,0,3,True,60.291679863103234,0.011952628060775104,60.27487371063233,60.30165230407715,INDETERMINATE
3sat_178.cnf,online_consistent_boundary400,Online-Consistent Selector,3,0,3,True,60.38871424190267,0.05262787030692632,60.32762556256103,60.45607799278259,INDETERMINATE
3sat_179.cnf,local_reopen_guarded,+ Local Boundary Correction,3,0,3,True,60.41037790646871,0.024095154278541232,60.386872851501465,60.44349627076721,INDETERMINATE
3sat_179.cnf,old_compact,Old Compact,3,0,3,True,60.38355456551616,0.002118313863098226,60.38071272744751,60.38579636683655,INDETERMINATE
3sat_179.cnf,one_shot,One-shot,3,0,3,True,60.291546529769896,0.014120540022897534,60.28021357460022,60.31145230407715,INDETERMINATE
3sat_179.cnf,online_consistent_boundary400,Online-Consistent Selector,3,0,3,True,60.38600024190267,0.053308497854413946,60.32140056256104,60.45195799278259,INDETERMINATE
3sat_18.cnf,local_reopen_guarded,+ Local Boundary Correction,3,0,3,True,60.37757800723775,0.04229840836532624,60.33685611169433,60.43588666169739,INDETERMINATE
3sat_18.cnf,old_compact,Old Compact,3,0,3,True,60.43153031091308,0.06399008425247367,60.38300612062073,60.52194487042237,INDETERMINATE
3sat_18.cnf,one_shot,One-shot,3,0,3,True,60.280211248397826,0.007780735678125565,60.27006650390625,60.28897454071045,INDETERMINATE
3sat_18.cnf,online_consistent_boundary400,Online-Consistent Selector,3,0,3,True,60.395676605504356,0.03525941934764777,60.35988405458069,60.44363963923645,INDETERMINATE
3sat_180.cnf,local_reopen_guarded,+ Local Boundary Correction,3,3,0,True,17.07397167390442,0.14061181774473355,16.926722111694335,17.263336248321533,SATISFIABLE
3sat_180.cnf,old_compact,Old Compact,3,3,0,True,17.136593310913085,0.28914181650350285,16.904340870422363,17.544178941696167,SATISFIABLE
3sat_180.cnf,one_shot,One-shot,3,3,0,True,17.005244581731162,0.22743407651558284,16.693392700576783,17.22936650390625,SATISFIABLE
3sat_180.cnf,online_consistent_boundary400,Online-Consistent Selector,3,3,0,True,16.946111605504356,0.10328353018403821,16.87045005458069,17.09214463923645,SATISFIABLE
3sat_181.cnf,local_reopen_guarded,+ Local Boundary Correction,3,3,0,True,2.257087340571086,0.033255325200244115,2.228956111694336,2.303792661697388,SATISFIABLE
3sat_181.cnf,old_compact,Old Compact,3,3,0,True,2.3040119775797527,0.053473628801441464,2.2386931206207272,2.369674870422364,SATISFIABLE
3sat_181.cnf,one_shot,One-shot,3,3,0,True,2.1833245817311604,0.03388722508490642,2.156242700576782,2.23110650390625,SATISFIABLE
3sat_181.cnf,online_consistent_boundary400,Online-Consistent Selector,3,3,0,True,2.281155605504354,0.04165947462935749,2.2506180545806886,2.3400576392364503,SATISFIABLE
3sat_182.cnf,local_reopen_guarded,+ Local Boundary Correction,3,0,3,True,60.384516673904415,0.05378842873007336,60.324866111694334,60.45522166169739,INDETERMINATE
3sat_182.cnf,old_compact,Old Compact,3,0,3,True,60.42265064424641,0.06934142105994974,60.35749012062072,60.51869687042237,INDETERMINATE
3sat_182.cnf,one_shot,One-shot,3,0,3,True,60.275211248397824,0.012911383296926884,60.25739270057678,60.28757454071045,INDETERMINATE
3sat_182.cnf,online_consistent_boundary400,Online-Consistent Selector,3,0,3,True,60.39294560550436,0.020694446579462494,60.365444054580685,60.41536463923645,INDETERMINATE
3sat_183.cnf,local_reopen_guarded,+ Local Boundary Correction,3,0,3,True,60.370353673904425,0.041067959669491734,60.32363111169434,60.42359166169739,INDETERMINATE
3sat_183.cnf,old_compact,Old Compact,3,0,3,True,60.430679310913085,0.06678558282355034,60.37713712062072,60.524832870422365,INDETERMINATE
3sat_183.cnf,one_shot,One-shot,3,0,3,True,60.283677915064494,0.0038017072100992684,60.27839270057678,60.28717454071045,INDETERMINATE
3sat_183.cnf,online_consistent_boundary400,Online-Consistent Selector,3,0,3,True,60.39323527217102,0.01728718170687263,60.36952605458069,60.410254639236456,INDETERMINATE
3sat_184.cnf,local_reopen_guarded,+ Local Boundary Correction,3,0,3,True,60.39154767390442,0.057329425890230316,60.32031611169434,60.46069766169739,INDETERMINATE
3sat_184.cnf,old_compact,Old Compact,3,0,3,True,60.41586697757975,0.06357238091169218,60.36555694169617,60.50554987042237,INDETERMINATE
3sat_184.cnf,one_shot,One-shot,3,0,3,True,60.28591124839783,0.009012978248466561,60.27736650390625,60.29837454071045,INDETERMINATE
3sat_184.cnf,online_consistent_boundary400,Online-Consistent Selector,3,0,3,True,60.39112227217101,0.024914957331639134,60.356269054580686,60.41302912269592,INDETERMINATE
3sat_185.cnf,local_reopen_guarded,+ Local Boundary Correction,3,0,3,True,60.36884500723775,0.035399452616292154,60.329633111694335,60.41540466169739,INDETERMINATE
3sat_185.cnf,old_compact,Old Compact,3,0,3,True,60.42399764424642,0.0673558402763769,60.37144112062073,60.51907687042236,INDETERMINATE
3sat_185.cnf,one_shot,One-shot,3,0,3,True,60.28714458173116,0.00700705669634542,60.27939270057679,60.29636650390625,INDETERMINATE
3sat_185.cnf,online_consistent_boundary400,Online-Consistent Selector,3,0,3,True,60.39316860550435,0.013851733769243299,60.37367705458069,60.40460712269593,INDETERMINATE
3sat_186.cnf,local_reopen_guarded,+ Local Boundary Correction,3,0,3,True,60.374134673904415,0.04466225226984737,60.31173311169434,60.41379766169739,INDETERMINATE
3sat_186.cnf,old_compact,Old Compact,3,0,3,True,60.422469644246426,0.0662492783253248,60.36828712062073,60.51575487042236,INDETERMINATE
3sat_186.cnf,one_shot,One-shot,3,0,3,True,60.28624458173116,0.013958771854666329,60.26939270057678,60.30357454071045,INDETERMINATE
3sat_186.cnf,online_consistent_boundary400,Online-Consistent Selector,3,0,3,True,60.39201227217102,0.02644801139241484,60.354645054580686,60.41211512269592,INDETERMINATE
3sat_187.cnf,local_reopen_guarded,+ Local Boundary Correction,3,0,3,True,60.38194200723776,0.03814022629260459,60.336672111694334,60.42997366169739,INDETERMINATE
3sat_187.cnf,old_compact,Old Compact,3,0,3,True,60.42347564424642,0.0621427704688618,60.36824412062073,60.51029187042237,INDETERMINATE
3sat_187.cnf,one_shot,One-shot,3,0,3,True,60.289277915064496,0.0075671176003681544,60.28136650390625,60.29947454071045,INDETERMINATE
3sat_187.cnf,online_consistent_boundary400,Online-Consistent Selector,3,0,3,True,60.39676060550435,0.026250236723053447,60.36421605458069,60.42850063923645,INDETERMINATE
3sat_188.cnf,local_reopen_guarded,+ Local Boundary Correction,3,3,0,True,31.987218340571086,0.3422499153100105,31.644681661697387,32.45463524832154,SATISFIABLE
3sat_188.cnf,old_compact,Old Compact,3,3,0,True,31.64044864424642,0.346706224411729,31.152288120620728,31.924306870422363,SATISFIABLE
3sat_188.cnf,one_shot,One-shot,3,0,3,True,60.2807779150645,0.019826546085658567,60.254092700576784,60.30157454071045,INDETERMINATE
3sat_188.cnf,online_consistent_boundary400,Online-Consistent Selector,3,0,3,True,60.394368605504354,0.02624105547125484,60.358833054580685,60.421399639236455,INDETERMINATE
3sat_189.cnf,local_reopen_guarded,+ Local Boundary Correction,3,3,0,True,17.35591796470642,0.07639054492344696,17.268350053024292,17.454493969818113,SATISFIABLE
3sat_189.cnf,old_compact,Old Compact,3,3,0,True,17.37302587064616,0.1223147610262423,17.212895730316163,17.509748727264405,SATISFIABLE
3sat_189.cnf,one_shot,One-shot,3,0,3,True,60.301457757949834,0.023819181804422957,60.27706027832031,60.33377122802735,INDETERMINATE
3sat_189.cnf,online_consistent_boundary400,Online-Consistent Selector,3,3,0,True,17.18367935473124,0.31290344281825627,16.831865316955565,17.592036387405393,SATISFIABLE
3sat_19.cnf,local_reopen_guarded,+ Local Boundary Correction,3,3,0,True,1.431974298039754,0.03415557308499993,1.388434969818115,1.4718588712768554,SATISFIABLE
3sat_19.cnf,old_compact,Old Compact,3,3,0,True,4.022981537312826,0.023119503689175765,4.00111715435791,4.054966727264404,SATISFIABLE
3sat_19.cnf,one_shot,One-shot,3,3,0,True,4.004447757949829,0.10712858445965988,3.862941767501831,4.122071228027344,SATISFIABLE
3sat_19.cnf,online_consistent_boundary400,Online-Consistent Selector,3,3,0,True,1.4335523547312417,0.010972070148335759,1.4195103169555665,1.4462913598327636,SATISFIABLE
3sat_190.cnf,local_reopen_guarded,+ Local Boundary Correction,3,3,0,True,0.40725129803975424,0.019543006113649942,0.3933019698181152,0.4348888712768555,SATISFIABLE
3sat_190.cnf,old_compact,Old Compact,3,3,0,True,0.43896587064615883,0.04393015334893806,0.3768457272644043,0.4708027303161621,SATISFIABLE
3sat_190.cnf,one_shot,One-shot,3,3,0,True,0.35248142461649573,0.01816217913628335,0.3284142783203125,0.3722852280273437,SATISFIABLE
3sat_190.cnf,online_consistent_boundary400,Online-Consistent Selector,3,3,0,True,0.3751066880645752,0.023640279992701768,0.3573343169555664,0.4085163598327637,SATISFIABLE
3sat_191.cnf,local_reopen_guarded,+ Local Boundary Correction,3,0,3,True,60.364566298039755,0.004347506617021434,60.35971996981812,60.37026605302429,INDETERMINATE
3sat_191.cnf,old_compact,Old Compact,3,0,3,True,60.414775537312835,0.041209295882803525,60.36007272726441,60.45953415435791,INDETERMINATE
3sat_191.cnf,one_shot,One-shot,3,0,3,True,60.309991091283166,0.015601116328153709,60.28836027832031,60.32457122802735,INDETERMINATE
3sat_191.cnf,online_consistent_boundary400,Online-Consistent Selector,3,0,3,True,60.336061688064575,0.016851677838281384,60.3205503874054,60.359486359832765,INDETERMINATE
3sat_192.cnf,local_reopen_guarded,+ Local Boundary Correction,3,0,3,True,60.38362829803975,0.012845520335089622,60.36588896981812,60.39588887127685,INDETERMINATE
3sat_192.cnf,old_compact,Old Compact,3,0,3,True,60.409997537312826,0.05658738115641006,60.3313257272644,60.46203215435792,INDETERMINATE
3sat_192.cnf,one_shot,One-shot,3,0,3,True,60.29285775794983,0.027521687362819732,60.25556027832031,60.32114176750183,INDETERMINATE
3sat_192.cnf,online_consistent_boundary400,Online-Consistent Selector,3,0,3,True,60.33805302139791,0.02862039333772717,60.30993731695557,60.377326359832765,INDETERMINATE
3sat_193.cnf,local_reopen_guarded,+ Local Boundary Correction,3,0,3,True,60.36790629803976,0.01934163905391175,60.34458396981812,60.391944871276856,INDETERMINATE
3sat_193.cnf,old_compact,Old Compact,3,0,3,True,60.41270487064616,0.03960976156366971,60.359722727264405,60.45494615435791,INDETERMINATE
3sat_193.cnf,one_shot,One-shot,3,0,3,True,60.30305775794983,0.022629521920992244,60.27236027832031,60.32624176750184,INDETERMINATE
3sat_193.cnf,online_consistent_boundary400,Online-Consistent Selector,3,0,3,True,60.33828202139791,0.023706267158366445,60.3163733874054,60.37121335983276,INDETERMINATE
3sat_194.cnf,local_reopen_guarded,+ Local Boundary Correction,3,0,3,True,60.371864631373086,0.018335256115600964,60.35780496981811,60.39776287127685,INDETERMINATE
3sat_194.cnf,old_compact,Old Compact,3,0,3,True,60.401571537312826,0.04663320693729546,60.335862727264406,60.43929915435791,INDETERMINATE
3sat_194.cnf,one_shot,One-shot,3,0,3,True,60.30509109128317,0.03141606474480253,60.26296027832032,60.33837122802734,INDETERMINATE
3sat_194.cnf,online_consistent_boundary400,Online-Consistent Selector,3,0,3,True,60.34436702139791,0.022154592755279787,60.324688316955566,60.37532035983276,INDETERMINATE
3sat_195.cnf,local_reopen_guarded,+ Local Boundary Correction,3,0,3,True,60.36918429803975,0.02432790353404449,60.33793696981811,60.39727687127685,INDETERMINATE
3sat_195.cnf,old_compact,Old Compact,3,0,3,True,60.40746387064616,0.0412547691796709,60.349134727264406,60.437731730316166,INDETERMINATE
3sat_195.cnf,one_shot,One-shot,3,0,3,True,60.30605775794982,0.03151600599018369,60.26176027832031,60.33247122802735,INDETERMINATE
3sat_195.cnf,online_consistent_boundary400,Online-Consistent Selector,3,0,3,True,60.3448340213979,0.02219903652427469,60.3225453874054,60.37512535983276,INDETERMINATE
3sat_196.cnf,local_reopen_guarded,+ Local Boundary Correction,3,3,0,True,11.82615796470642,0.21493045483507664,11.546131053024292,12.068549871276856,SATISFIABLE
3sat_196.cnf,old_compact,Old Compact,3,3,0,True,12.112148870646159,0.07716850104701094,12.026772727264404,12.213706730316163,SATISFIABLE
3sat_196.cnf,one_shot,One-shot,3,3,0,True,31.219024424616496,0.39875856415717337,30.68704176750183,31.647060278320318,SATISFIABLE
3sat_196.cnf,online_consistent_boundary400,Online-Consistent Selector,3,3,0,True,31.30469535473124,0.5962571330056702,30.573490316955567,32.0340123874054,SATISFIABLE
3sat_197.cnf,local_reopen_guarded,+ Local Boundary Correction,3,0,3,True,60.36797496470641,0.006295715648314208,60.35943096981811,60.37441587127686,INDETERMINATE
3sat_197.cnf,old_compact,Old Compact,3,0,3,True,60.40364553731282,0.04801986524620941,60.3372057272644,60.44903815435791,INDETERMINATE
3sat_197.cnf,one_shot,One-shot,3,0,3,True,60.30165775794983,0.02285566214722863,60.27096027832031,60.32577122802734,INDETERMINATE
3sat_197.cnf,online_consistent_boundary400,Online-Consistent Selector,3,0,3,True,60.34853802139791,0.03395094251655596,60.3057953874054,60.38885135983276,INDETERMINATE
3sat_198.cnf,local_reopen_guarded,+ Local Boundary Correction,3,0,3,True,60.38166672647094,0.008289622272760972,60.37139181495666,60.39169257676697,INDETERMINATE
3sat_198.cnf,old_compact,Old Compact,3,0,3,True,60.40489741720581,0.0263340439064943,60.36869732666016,60.43057294174194,INDETERMINATE
3sat_198.cnf,one_shot,One-shot,3,0,3,True,60.33141090367635,0.0509530962252756,60.28781855354309,60.4028971912384,INDETERMINATE
3sat_198.cnf,online_consistent_boundary400,Online-Consistent Selector,3,0,3,True,60.349612230163565,0.007158797736904754,60.34095479473877,60.35848618565368,INDETERMINATE
3sat_199.cnf,local_reopen_guarded,+ Local Boundary Correction,3,0,3,True,60.387933059804276,0.013220620851004453,60.36969081495666,60.40060278768921,INDETERMINATE
3sat_199.cnf,old_compact,Old Compact,3,0,3,True,60.38638875053914,0.028819876352996814,60.34830532666016,60.41800494174194,INDETERMINATE
3sat_199.cnf,one_shot,One-shot,3,0,3,True,60.32441090367635,0.040525854176108794,60.28691855354309,60.3806971912384,INDETERMINATE
3sat_199.cnf,online_consistent_boundary400,Online-Consistent Selector,3,0,3,True,60.345721896830234,0.007840040531243023,60.33718379473877,60.35611671009826,INDETERMINATE
3sat_2.cnf,local_reopen_guarded,+ Local Boundary Correction,3,0,3,True,60.38628305980428,0.04484106829975084,60.32742657676697,60.43615678768921,INDETERMINATE
3sat_2.cnf,old_compact,Old Compact,3,0,3,True,60.40092608387247,0.02084341485526066,60.37805632666016,60.42846694174194,INDETERMINATE
3sat_2.cnf,one_shot,One-shot,3,0,3,True,60.333377570343025,0.03799645130887804,60.30351855354309,60.3869971912384,INDETERMINATE
3sat_2.cnf,online_consistent_boundary400,Online-Consistent Selector,3,0,3,True,60.34544356349691,0.019275332994099722,60.32092818565369,60.36802379473877,INDETERMINATE
3sat_20.cnf,local_reopen_guarded,+ Local Boundary Correction,3,3,0,True,12.50511805980428,0.22512644987998756,12.205844814956665,12.748826576766968,SATISFIABLE
3sat_20.cnf,old_compact,Old Compact,3,3,0,True,12.69525741720581,0.23765158683545867,12.361689983215332,12.897635941741942,SATISFIABLE
3sat_20.cnf,one_shot,One-shot,3,3,0,True,12.713544237009685,0.08340264966741866,12.595918553543092,12.779916966247558,SATISFIABLE
3sat_20.cnf,online_consistent_boundary400,Online-Consistent Selector,3,3,0,True,12.473660563496908,0.08809038377976555,12.357865185653688,12.57135079473877,SATISFIABLE
3sat_21.cnf,local_reopen_guarded,+ Local Boundary Correction,3,0,3,True,60.39395572647095,0.020054726567148316,60.37418581495666,60.42145178768921,INDETERMINATE
3sat_21.cnf,old_compact,Old Compact,3,0,3,True,60.398465750539145,0.038452692839005306,60.34848232666016,60.44200894174194,INDETERMINATE
3sat_21.cnf,one_shot,One-shot,3,0,3,True,60.32851090367635,0.03374024996847115,60.30071855354309,60.375997191238405,INDETERMINATE
3sat_21.cnf,online_consistent_boundary400,Online-Consistent Selector,3,0,3,True,60.33865023016358,0.003976102419753329,60.33351179473877,60.343197185653686,INDETERMINATE
3sat_22.cnf,local_reopen_guarded,+ Local Boundary Correction,3,3,0,True,1.7897973931376139,0.01834545400184538,1.763901814956665,1.804122787689209,SATISFIABLE
3sat_22.cnf,old_compact,Old Compact,3,3,0,True,1.8208860838724774,0.05948304291448272,1.7756913266601564,1.9049279417419436,SATISFIABLE
3sat_22.cnf,one_shot,One-shot,3,3,0,True,1.687030903676351,0.05265137457296513,1.6361985535430907,1.7595671912384032,SATISFIABLE
3sat_22.cnf,online_consistent_boundary400,Online-Consistent Selector,3,3,0,True,1.759665896830241,0.022220089173427854,1.7305807100982666,1.7845107947387695,SATISFIABLE
3sat_23.cnf,local_reopen_guarded,+ Local Boundary Correction,3,0,3,True,60.37929705980428,0.009442891895017288,60.37039481495666,60.39236878768921,INDETERMINATE
3sat_23.cnf,old_compact,Old Compact,3,0,3,True,60.40273408387248,0.01785458448881771,60.37754532666016,60.416852983215335,INDETERMINATE
3sat_23.cnf,one_shot,One-shot,3,0,3,True,60.33467757034302,0.03809280506826382,60.30431855354309,60.3883971912384,INDETERMINATE
3sat_23.cnf,online_consistent_boundary400,Online-Consistent Selector,3,0,3,True,60.35454289683023,0.003661846131277077,60.35017271009827,60.35913418565369,INDETERMINATE
3sat_24.cnf,local_reopen_guarded,+ Local Boundary Correction,3,3,0,True,4.476213726470948,0.10779233339047525,4.323804814956665,4.555142787689209,SATISFIABLE
3sat_24.cnf,old_compact,Old Compact,3,3,0,True,4.506363417205811,0.11784452845157212,4.354299983215332,4.641458941741943,SATISFIABLE
3sat_24.cnf,one_shot,One-shot,3,3,0,True,4.481920903676351,0.025977888806978624,4.448016966247558,4.511127191238403,SATISFIABLE
3sat_24.cnf,online_consistent_boundary400,Online-Consistent Selector,3,3,0,True,4.565438563496908,0.052279370760269776,4.518903710098267,4.638461185653687,SATISFIABLE
3sat_25.cnf,local_reopen_guarded,+ Local Boundary Correction,3,3,0,True,1.5564993931376139,0.0329138197177458,1.521127814956665,1.6003885767669677,SATISFIABLE
3sat_25.cnf,old_compact,Old Compact,3,3,0,True,1.5754950838724773,0.04241011860566953,1.521719983215332,1.6253849417419437,SATISFIABLE
3sat_25.cnf,one_shot,One-shot,3,3,0,True,1.5219375703430178,0.05088090961590817,1.4674185535430908,1.5898671912384033,SATISFIABLE
3sat_25.cnf,online_consistent_boundary400,Online-Consistent Selector,3,3,0,True,1.5331822301635742,0.021958694373238795,1.5102187100982667,1.5627687947387694,SATISFIABLE
3sat_26.cnf,local_reopen_guarded,+ Local Boundary Correction,3,0,3,True,60.38589372647095,0.01239556332555036,60.37595578768921,60.40336881495666,INDETERMINATE
3sat_26.cnf,old_compact,Old Compact,3,0,3,True,60.395928083872484,0.03731054739325347,60.35100332666016,60.442357941741946,INDETERMINATE
3sat_26.cnf,one_shot,One-shot,3,0,3,True,60.340444237009685,0.038375758504538546,60.30161855354309,60.392697191238405,INDETERMINATE
3sat_26.cnf,online_consistent_boundary400,Online-Consistent Selector,3,0,3,True,60.3521295634969,0.00811507908962266,60.34349871009827,60.36299579473877,INDETERMINATE
3sat_27.cnf,local_reopen_guarded,+ Local Boundary Correction,3,3,0,True,0.6118038609619142,0.03643796104203357,0.5853838166046142,0.6633293297576904,SATISFIABLE
3sat_27.cnf,old_compact,Old Compact,3,3,0,True,0.5898418227030436,0.029016770813972144,0.550744635345459,0.6201847175750732,SATISFIABLE
3sat_27.cnf,one_shot,One-shot,3,3,0,True,0.5109652749176025,0.009725530031251296,0.4982522016601562,0.5218673838806153,SATISFIABLE
3sat_27.cnf,online_consistent_boundary400,Online-Consistent Selector,3,3,0,True,0.6196557338002523,0.05002702680690518,0.5689010438537598,0.6877182776489258,SATISFIABLE
3sat_28.cnf,local_reopen_guarded,+ Local Boundary Correction,3,0,3,True,60.411638860961915,0.04365300927699396,60.37763343652344,60.473263329757685,INDETERMINATE
3sat_28.cnf,old_compact,Old Compact,3,0,3,True,60.36659715603637,0.03129944702621942,60.32292463534546,60.39467971757507,INDETERMINATE
3sat_28.cnf,one_shot,One-shot,3,0,3,True,60.29495327491761,0.008824049343183185,60.28334420166016,60.304722383880616,INDETERMINATE
3sat_28.cnf,online_consistent_boundary400,Online-Consistent Selector,3,0,3,True,60.41337906713358,0.04302690137565383,60.37023104385376,60.47211027764892,INDETERMINATE
3sat_29.cnf,local_reopen_guarded,+ Local Boundary Correction,3,0,3,True,60.40492586096192,0.0511710729346677,60.36451781660462,60.47712132975769,INDETERMINATE
3sat_29.cnf,old_compact,Old Compact,3,0,3,True,60.36592782270304,0.022777993587155737,60.33392263534546,60.385093717575074,INDETERMINATE
3sat_29.cnf,one_shot,One-shot,3,0,3,True,60.2978532749176,0.01142713006835589,60.28174420166015,60.30702238388061,INDETERMINATE
3sat_29.cnf,online_consistent_boundary400,Online-Consistent Selector,3,0,3,True,60.41164906713359,0.04717565675122445,60.36894904385376,60.47739327764892,INDETERMINATE
3sat_3.cnf,local_reopen_guarded,+ Local Boundary Correction,3,0,3,True,60.39980086096191,0.04869691095711997,60.35299943652344,60.46695432975769,INDETERMINATE
3sat_3.cnf,old_compact,Old Compact,3,0,3,True,60.37800748936971,0.02282167564264271,60.347127635345466,60.40157571757507,INDETERMINATE
3sat_3.cnf,one_shot,One-shot,3,0,3,True,60.29118660825094,0.012563732074497142,60.27424420166015,60.30429323921204,INDETERMINATE
3sat_3.cnf,online_consistent_boundary400,Online-Consistent Selector,3,0,3,True,60.40989973380025,0.045789936090605506,60.36939504385376,60.47390827764893,INDETERMINATE
3sat_30.cnf,local_reopen_guarded,+ Local Boundary Correction,3,0,3,True,60.40358052762858,0.024048219089490324,60.37713343652344,60.43532132975769,INDETERMINATE
3sat_30.cnf,old_compact,Old Compact,3,0,3,True,60.39038915603638,0.022359887236350368,60.35936563534546,60.411202115188594,INDETERMINATE
3sat_30.cnf,one_shot,One-shot,3,0,3,True,60.293553274917606,0.00904122385714782,60.28084420166016,60.30112238388062,INDETERMINATE
3sat_30.cnf,online_consistent_boundary400,Online-Consistent Selector,3,0,3,True,60.40214873380025,0.04761970443968113,60.35899504385376,60.46850027764893,INDETERMINATE
3sat_31.cnf,local_reopen_guarded,+ Local Boundary Correction,3,0,3,True,60.377819860961914,0.06198166279933212,60.30834443652344,60.45884432975769,INDETERMINATE
3sat_31.cnf,old_compact,Old Compact,3,0,3,True,60.37524582270304,0.02411588288790793,60.343382635345456,60.4017091151886,INDETERMINATE
3sat_31.cnf,one_shot,One-shot,3,0,3,True,60.300753274917604,0.009034537557348588,60.28834420166016,60.30959323921204,INDETERMINATE
3sat_31.cnf,online_consistent_boundary400,Online-Consistent Selector,3,0,3,True,60.39557906713358,0.037459313507208665,60.36124904385376,60.44768527764892,INDETERMINATE
3sat_32.cnf,local_reopen_guarded,+ Local Boundary Correction,3,0,3,True,60.38994819429524,0.047141021004502924,60.34660543652344,60.455488329757685,INDETERMINATE
3sat_32.cnf,old_compact,Old Compact,3,0,3,True,60.37618548936971,0.029126807693967964,60.33708763534546,60.40696271757507,INDETERMINATE
3sat_32.cnf,one_shot,One-shot,3,0,3,True,60.2925532749176,0.007413712487827581,60.28379323921204,60.301922383880616,INDETERMINATE
3sat_32.cnf,online_consistent_boundary400,Online-Consistent Selector,3,0,3,True,60.40494040046692,0.047481930635258005,60.35419104385376,60.46839627764893,INDETERMINATE
3sat_33.cnf,local_reopen_guarded,+ Local Boundary Correction,3,0,3,True,60.393240527628585,0.03813798910084991,60.36243643652344,60.44698432975769,INDETERMINATE
3sat_33.cnf,old_compact,Old Compact,3,0,3,True,60.36450215603637,0.029142895002088158,60.32511863534546,60.39471371757507,INDETERMINATE
3sat_33.cnf,one_shot,One-shot,3,0,3,True,60.28798660825094,0.010522377214226936,60.27364420166016,60.29859323921204,INDETERMINATE
3sat_33.cnf,online_consistent_boundary400,Online-Consistent Selector,3,0,3,True,60.399007733800254,0.05281932977505649,60.35980287989807,60.473674277648925,INDETERMINATE
3sat_34.cnf,local_reopen_guarded,+ Local Boundary Correction,3,0,3,True,60.41582919429524,0.04205127594601354,60.37463843652343,60.47357232975769,INDETERMINATE
3sat_34.cnf,old_compact,Old Compact,3,0,3,True,60.37173615603638,0.021220307521050287,60.34220863534546,60.39114171757507,INDETERMINATE
3sat_34.cnf,one_shot,One-shot,3,0,3,True,60.29351994158427,0.010215101400030074,60.28534420166016,60.307922383880616,INDETERMINATE
3sat_34.cnf,online_consistent_boundary400,Online-Consistent Selector,3,0,3,True,60.39809006713359,0.03582127235705715,60.36579287989807,60.44803827764893,INDETERMINATE
3sat_35.cnf,local_reopen_guarded,+ Local Boundary Correction,3,0,3,True,60.40492719429525,0.03914408133579385,60.36430643652344,60.45780832975769,INDETERMINATE
3sat_35.cnf,old_compact,Old Compact,3,0,3,True,60.36806682270304,0.025653870510908203,60.33283663534546,60.39318571757508,INDETERMINATE
3sat_35.cnf,one_shot,One-shot,3,0,3,True,60.29568660825094,0.015290173881292236,60.27544420166016,60.31239323921204,INDETERMINATE
3sat_35.cnf,online_consistent_boundary400,Online-Consistent Selector,3,0,3,True,60.40228506713359,0.0485878862187695,60.35886804385376,60.47011727764893,INDETERMINATE
3sat_36.cnf,local_reopen_guarded,+ Local Boundary Correction,3,0,3,True,60.38705329456075,0.027047054606516033,60.35830696890259,60.42327940490723,INDETERMINATE
3sat_36.cnf,old_compact,Old Compact,3,0,3,True,60.36427506005351,0.023967852962006313,60.33484626179504,60.39355470336914,INDETERMINATE
3sat_36.cnf,one_shot,One-shot,3,0,3,True,60.28810540517171,0.012687215820827605,60.2714611328125,60.30223049888611,INDETERMINATE
3sat_36.cnf,online_consistent_boundary400,Online-Consistent Selector,3,0,3,True,60.39843685390218,0.03253994390419275,60.3604195062561,60.439901771453854,INDETERMINATE
3sat_37.cnf,local_reopen_guarded,+ Local Boundary Correction,3,0,3,True,60.39451896122742,0.018522763896412265,60.37514496890259,60.41947440490723,INDETERMINATE
3sat_37.cnf,old_compact,Old Compact,3,0,3,True,60.37300706005351,0.008610201779198527,60.36478121499634,60.384895261795045,INDETERMINATE
3sat_37.cnf,one_shot,One-shot,3,0,3,True,60.28273873850505,0.011738312599929863,60.2690611328125,60.29772458381653,INDETERMINATE
3sat_37.cnf,online_consistent_boundary400,Online-Consistent Selector,3,0,3,True,60.38003985390218,0.03854036816013118,60.3471595062561,60.43412577145386,INDETERMINATE
3sat_38.cnf,local_reopen_guarded,+ Local Boundary Correction,3,0,3,True,60.38149996122741,0.022243786575384426,60.357525968902586,60.41112540490722,INDETERMINATE
3sat_38.cnf,old_compact,Old Compact,3,0,3,True,60.367835726720166,0.0028007980397211397,60.36493221499634,60.37162070336914,INDETERMINATE
3sat_38.cnf,one_shot,One-shot,3,0,3,True,60.29473873850504,0.024179597569988956,60.2606611328125,60.31423049888611,INDETERMINATE
3sat_38.cnf,online_consistent_boundary400,Online-Consistent Selector,3,0,3,True,60.39203252056884,0.034912785933637204,60.3542715062561,60.43846177145386,INDETERMINATE
3sat_39.cnf,local_reopen_guarded,+ Local Boundary Correction,3,0,3,True,60.376409627894084,0.018483283706619648,60.350388968902585,60.391574404907225,INDETERMINATE
3sat_39.cnf,old_compact,Old Compact,3,0,3,True,60.369703060053496,0.006816247790639508,60.364071703369135,60.37929426179504,INDETERMINATE
3sat_39.cnf,one_shot,One-shot,3,0,3,True,60.28887207183838,0.023302228345693763,60.2599611328125,60.317024583816526,INDETERMINATE
3sat_39.cnf,online_consistent_boundary400,Online-Consistent Selector,3,0,3,True,60.39250285390218,0.041975049939319456,60.3482075062561,60.44887477145386,INDETERMINATE
3sat_4.cnf,local_reopen_guarded,+ Local Boundary Correction,3,0,3,True,60.393045961227415,0.015882159888135204,60.373336968902585,60.41222950987244,INDETERMINATE
3sat_4.cnf,old_compact,Old Compact,3,0,3,True,60.362495060053504,0.00832718662105012,60.351841261795045,60.37216770336914,INDETERMINATE
3sat_4.cnf,one_shot,One-shot,3,0,3,True,60.28117207183838,0.01470653725061598,60.2622611328125,60.29812458381653,INDETERMINATE
3sat_4.cnf,online_consistent_boundary400,Online-Consistent Selector,3,0,3,True,60.38901118723552,0.04577532019006393,60.35642428399658,60.45374677145385,INDETERMINATE
3sat_40.cnf,local_reopen_guarded,+ Local Boundary Correction,3,0,3,True,60.38616529456075,0.02213534635259874,60.35945396890259,60.41365740490723,INDETERMINATE
3sat_40.cnf,old_compact,Old Compact,3,0,3,True,60.37918639338684,0.006886676671545064,60.37118970336914,60.38799921499634,INDETERMINATE
3sat_40.cnf,one_shot,One-shot,3,0,3,True,60.284038738505046,0.017230871629744956,60.2605611328125,60.301430498886106,INDETERMINATE
3sat_40.cnf,online_consistent_boundary400,Online-Consistent Selector,3,0,3,True,60.389168187235505,0.04420525210908897,60.3342185062561,60.44246077145386,INDETERMINATE
3sat_41.cnf,local_reopen_guarded,+ Local Boundary Correction,3,0,3,True,60.393885294560754,0.02286682380683997,60.37524096890259,60.42609040490723,INDETERMINATE
3sat_41.cnf,old_compact,Old Compact,3,0,3,True,60.36796206005351,0.012565495323896843,60.35037826179504,60.37897770336914,INDETERMINATE
3sat_41.cnf,one_shot,One-shot,3,0,3,True,60.28833873850505,0.008856819304727646,60.2758611328125,60.29552458381653,INDETERMINATE
3sat_41.cnf,online_consistent_boundary400,Online-Consistent Selector,3,0,3,True,60.39942118723551,0.04702079016455411,60.3472015062561,60.461185771453856,INDETERMINATE
3sat_42.cnf,local_reopen_guarded,+ Local Boundary Correction,3,0,3,True,60.38234396122741,0.024669363428116542,60.35289396890259,60.41326740490722,INDETERMINATE
3sat_42.cnf,old_compact,Old Compact,3,0,3,True,60.35200472672017,0.004365219090202803,60.34586421499634,60.35562570336914,INDETERMINATE
3sat_42.cnf,one_shot,One-shot,3,0,3,True,60.29000540517171,0.02126392132247371,60.2601611328125,60.30812458381653,INDETERMINATE
3sat_42.cnf,online_consistent_boundary400,Online-Consistent Selector,3,0,3,True,60.37848152056885,0.03722541645406987,60.342788506256106,60.429840771453854,INDETERMINATE
3sat_43.cnf,local_reopen_guarded,+ Local Boundary Correction,3,0,3,True,60.379377294560754,0.025130693480687468,60.34507596890259,60.40458350987244,INDETERMINATE
3sat_43.cnf,old_compact,Old Compact,3,0,3,True,60.369833726720174,0.012780300660847245,60.35248921499634,60.382908261795045,INDETERMINATE
3sat_43.cnf,one_shot,One-shot,3,0,3,True,60.29160540517171,0.013555317464131229,60.2733611328125,60.30582458381653,INDETERMINATE
3sat_43.cnf,online_consistent_boundary400,Online-Consistent Selector,3,0,3,True,60.39679818723551,0.03340289051556119,60.3660435062561,60.443227771453856,INDETERMINATE
3sat_44.cnf,local_reopen_guarded,+ Local Boundary Correction,3,0,3,True,60.385316294560745,0.020989269986829647,60.36161396890259,60.41264240490722,INDETERMINATE
3sat_44.cnf,old_compact,Old Compact,3,0,3,True,60.38125472672018,0.008171412688234299,60.37034926179505,60.39001821499634,INDETERMINATE
3sat_44.cnf,one_shot,One-shot,3,0,3,True,60.29683873850505,0.013096236643301343,60.2796611328125,60.31142458381653,INDETERMINATE
3sat_44.cnf,online_consistent_boundary400,Online-Consistent Selector,3,0,3,True,60.37273652056884,0.04387231626303327,60.3166575062561,60.42376577145386,INDETERMINATE
3sat_45.cnf,local_reopen_guarded,+ Local Boundary Correction,3,0,3,True,60.38082615542603,0.011528594626441332,60.36742910083008,60.39557154156495,INDETERMINATE
3sat_45.cnf,old_compact,Old Compact,3,0,3,True,60.4022718986613,0.037014568834486,60.36139998416138,60.451031563522335,INDETERMINATE
3sat_45.cnf,one_shot,One-shot,3,0,3,True,60.32781450436911,0.061516777058017204,60.26782603340149,60.412375289154056,INDETERMINATE
3sat_45.cnf,online_consistent_boundary400,Online-Consistent Selector,3,0,3,True,60.37563609144084,0.01440423516591746,60.35540630004883,60.38782213204956,INDETERMINATE
3sat_46.cnf,local_reopen_guarded,+ Local Boundary Correction,3,3,0,True,0.606965822092692,0.0057255724339491006,0.5995091008300781,0.6134275415649414,SATISFIABLE
3sat_46.cnf,old_compact,Old Compact,3,3,0,True,0.6399398986612955,0.05713662821660323,0.5824839841613769,0.7178715635223388,SATISFIABLE
3sat_46.cnf,one_shot,One-shot,3,3,0,True,36.742914504369104,0.6398315592729346,35.852375289154054,37.32704219055176,SATISFIABLE
3sat_46.cnf,online_consistent_boundary400,Online-Consistent Selector,3,3,0,True,37.45841042477417,0.048421822114617576,37.39982584222412,37.51840930004883,SATISFIABLE
3sat_47.cnf,local_reopen_guarded,+ Local Boundary Correction,3,3,0,True,2.8728401554260254,0.033907196230386724,2.827172541564942,2.9083388238830565,SATISFIABLE
3sat_47.cnf,old_compact,Old Compact,3,3,0,True,2.9875125653279624,0.058971225455626365,2.939091984161377,3.070527563522339,SATISFIABLE
3sat_47.cnf,one_shot,One-shot,3,3,0,True,2.8654145043691,0.032778104320268814,2.8195960334014893,2.8944152891540527,SATISFIABLE
3sat_47.cnf,online_consistent_boundary400,Online-Consistent Selector,3,3,0,True,2.88135142477417,0.0644737764585671,2.8066408422241214,2.9639731320495604,SATISFIABLE
3sat_48.cnf,local_reopen_guarded,+ Local Boundary Correction,3,0,3,True,60.389411155426025,0.00526581682537839,60.38530482388306,60.39684454156494,INDETERMINATE
3sat_48.cnf,old_compact,Old Compact,3,0,3,True,60.39435423199463,0.05350353920523508,60.346868984161375,60.46911456352234,INDETERMINATE
3sat_48.cnf,one_shot,One-shot,3,0,3,True,60.3296145043691,0.0606556489148495,60.28152603340149,60.41517528915405,INDETERMINATE
3sat_48.cnf,online_consistent_boundary400,Online-Consistent Selector,3,0,3,True,60.362877424774176,0.0032139480572490765,60.35834830004883,60.36547284222412,INDETERMINATE
3sat_49.cnf,local_reopen_guarded,+ Local Boundary Correction,3,0,3,True,60.377372488759356,0.010100895442132891,60.36318210083007,60.38588782388306,INDETERMINATE
3sat_49.cnf,old_compact,Old Compact,3,0,3,True,60.406535565327964,0.06211582905370409,60.34034298416138,60.48964656352234,INDETERMINATE
3sat_49.cnf,one_shot,One-shot,3,0,3,True,60.3245145043691,0.049768104967700816,60.27822603340149,60.39357528915405,INDETERMINATE
3sat_49.cnf,online_consistent_boundary400,Online-Consistent Selector,3,0,3,True,60.36353109144084,0.014062988953430442,60.34587184222412,60.38028313204956,INDETERMINATE
3sat_5.cnf,local_reopen_guarded,+ Local Boundary Correction,3,0,3,True,60.372874155426025,0.011667187091493758,60.36262410083008,60.389196823883054,INDETERMINATE
3sat_5.cnf,old_compact,Old Compact,3,0,3,True,60.38745756532796,0.043709925090105385,60.33470098416138,60.44173556352234,INDETERMINATE
3sat_5.cnf,one_shot,One-shot,3,0,3,True,60.336447837702444,0.06615040269333954,60.27322603340149,60.427775289154056,INDETERMINATE
3sat_5.cnf,online_consistent_boundary400,Online-Consistent Selector,3,0,3,True,60.36576109144084,0.02258634846656826,60.34643630004883,60.397449132049566,INDETERMINATE
3sat_50.cnf,local_reopen_guarded,+ Local Boundary Correction,3,0,3,True,60.37882115542603,0.01681853989372329,60.35605082388305,60.396158541564944,INDETERMINATE
3sat_50.cnf,old_compact,Old Compact,3,0,3,True,60.407053898661296,0.05399809748187294,60.355547984161376,60.48163356352234,INDETERMINATE
3sat_50.cnf,one_shot,One-shot,3,0,3,True,60.343714504369096,0.06161437781718575,60.283526033401486,60.42837528915405,INDETERMINATE
3sat_50.cnf,online_consistent_boundary400,Online-Consistent Selector,3,0,3,True,60.36927809144083,0.014625243310836814,60.35850184222412,60.38995513204956,INDETERMINATE
3sat_51.cnf,local_reopen_guarded,+ Local Boundary Correction,3,0,3,True,60.38896482209268,0.0060313731079540325,60.38080310083008,60.39519182388305,INDETERMINATE
3sat_51.cnf,old_compact,Old Compact,3,0,3,True,60.401020898661294,0.06303340564815474,60.335656984161375,60.48619556352234,INDETERMINATE
3sat_51.cnf,one_shot,One-shot,3,0,3,True,60.3352145043691,0.056868598547746445,60.27972603340149,60.41337528915405,INDETERMINATE
3sat_51.cnf,online_consistent_boundary400,Online-Consistent Selector,3,0,3,True,60.35494209144084,0.015129249987066405,60.33602930004883,60.37306284222412,INDETERMINATE
3sat_52.cnf,local_reopen_guarded,+ Local Boundary Correction,3,0,3,True,60.361201488759356,0.032858878859158024,60.31575110083008,60.392308541564944,INDETERMINATE
3sat_52.cnf,old_compact,Old Compact,3,0,3,True,60.4109928986613,0.05112574512393696,60.35798698416137,60.48008156352234,INDETERMINATE
3sat_52.cnf,one_shot,One-shot,3,0,3,True,60.3314145043691,0.06208498702818711,60.27032603340149,60.41657528915405,INDETERMINATE
3sat_52.cnf,online_consistent_boundary400,Online-Consistent Selector,3,0,3,True,60.36299142477417,0.019417172295550268,60.346944300048825,60.39031284222412,INDETERMINATE
3sat_53.cnf,local_reopen_guarded,+ Local Boundary Correction,3,0,3,True,60.37375115542603,0.0036953639930947723,60.36969410083008,60.37863254156494,INDETERMINATE
3sat_53.cnf,old_compact,Old Compact,3,0,3,True,60.414963231994626,0.05136289990926313,60.35503498416138,60.48047556352234,INDETERMINATE
3sat_53.cnf,one_shot,One-shot,3,0,3,True,60.321447837702436,0.050365977923847,60.28554219055176,60.392675289154056,INDETERMINATE
3sat_53.cnf,online_consistent_boundary400,Online-Consistent Selector,3,0,3,True,60.3603957581075,0.0056529364224118675,60.352544300048834,60.36562513204956,INDETERMINATE
3sat_54.cnf,local_reopen_guarded,+ Local Boundary Correction,3,3,0,True,22.48909580336507,0.02389894129912564,22.45872675358581,22.51712671702576,SATISFIABLE
3sat_54.cnf,old_compact,Old Compact,3,3,0,True,22.165306316558837,0.1292714149314384,21.983278314239502,22.271017353347776,SATISFIABLE
3sat_54.cnf,one_shot,One-shot,3,3,0,True,21.948371445337937,0.605386559859315,21.141858910751345,22.60040970344544,SATISFIABLE
3sat_54.cnf,online_consistent_boundary400,Online-Consistent Selector,3,3,0,True,22.156342116297406,0.3986577410423037,21.727725479980467,22.687837801864625,SATISFIABLE
3sat_55.cnf,local_reopen_guarded,+ Local Boundary Correction,3,0,3,True,60.345971803365074,0.024334976256969378,60.32572493948364,60.38019575358582,INDETERMINATE
3sat_55.cnf,old_compact,Old Compact,3,0,3,True,60.419895316558836,0.04676943083351102,60.357376282089234,60.469852353347775,INDETERMINATE
3sat_55.cnf,one_shot,One-shot,3,0,3,True,60.28517144533794,0.010718866538147034,60.27570970344544,60.30015891075134,INDETERMINATE
3sat_55.cnf,online_consistent_boundary400,Online-Consistent Selector,3,0,3,True,60.371843116297406,0.014682933653616219,60.35422647998047,60.39017106704712,INDETERMINATE
3sat_56.cnf,local_reopen_guarded,+ Local Boundary Correction,3,0,3,True,60.35589380336506,0.02560575172860512,60.33348993948364,60.39173375358582,INDETERMINATE
3sat_56.cnf,old_compact,Old Compact,3,0,3,True,60.40892664989217,0.03339043768140317,60.36653928208924,60.44814435334777,INDETERMINATE
3sat_56.cnf,one_shot,One-shot,3,0,3,True,60.2901381120046,0.010036061495606435,60.27830970344544,60.302845721817015,INDETERMINATE
3sat_56.cnf,online_consistent_boundary400,Online-Consistent Selector,3,0,3,True,60.36656311629741,0.004187080068331978,60.36079147998047,60.37059506704712,INDETERMINATE
3sat_57.cnf,local_reopen_guarded,+ Local Boundary Correction,3,0,3,True,60.359248803365084,0.024839922165140062,60.337011939483645,60.393918753585815,INDETERMINATE
3sat_57.cnf,old_compact,Old Compact,3,0,3,True,60.4038059832255,0.05760576038596898,60.32421728208923,60.458662353347776,INDETERMINATE
3sat_57.cnf,one_shot,One-shot,3,0,3,True,60.2933381120046,0.009786052493415277,60.28210970344544,60.30595891075134,INDETERMINATE
3sat_57.cnf,online_consistent_boundary400,Online-Consistent Selector,3,0,3,True,60.36769744963075,0.014066992025940361,60.34790647998047,60.37934180186463,INDETERMINATE
3sat_58.cnf,local_reopen_guarded,+ Local Boundary Correction,3,0,3,True,60.36477880336506,0.02092028821223727,60.34354293948364,60.39323675358581,INDETERMINATE
3sat_58.cnf,old_compact,Old Compact,3,0,3,True,60.41501431655883,0.06442818949343868,60.34168728208923,60.49851635334778,INDETERMINATE
3sat_58.cnf,one_shot,One-shot,3,0,3,True,60.2910381120046,0.01611959564183949,60.26840970344544,60.30474572181701,INDETERMINATE
3sat_58.cnf,online_consistent_boundary400,Online-Consistent Selector,3,0,3,True,60.37388111629741,0.012667488780661686,60.35597047998047,60.38316006704712,INDETERMINATE
3sat_59.cnf,local_reopen_guarded,+ Local Boundary Correction,3,0,3,True,60.363881803365075,0.013170448655729645,60.35209871702576,60.38226575358582,INDETERMINATE
3sat_59.cnf,old_compact,Old Compact,3,0,3,True,60.411986649892164,0.05291579428294871,60.34108128208924,60.46816235334778,INDETERMINATE
3sat_59.cnf,one_shot,One-shot,3,0,3,True,60.28913811200459,0.019663588892627988,60.26190970344543,60.30764572181702,INDETERMINATE
3sat_59.cnf,online_consistent_boundary400,Online-Consistent Selector,3,0,3,True,60.371430449630736,0.024955950421118988,60.34321947998047,60.40390180186462,INDETERMINATE
3sat_6.cnf,local_reopen_guarded,+ Local Boundary Correction,3,0,3,True,60.346742470031735,0.009289031440407757,60.334011939483645,60.35591475358581,INDETERMINATE
3sat_6.cnf,old_compact,Old Compact,3,0,3,True,60.414565649892175,0.05658135008153592,60.35093528208923,60.48839935334777,INDETERMINATE
3sat_6.cnf,one_shot,One-shot,3,0,3,True,60.288271445337934,0.0068650755507817345,60.27874572181702,60.29465891075135,INDETERMINATE
3sat_6.cnf,online_consistent_boundary400,Online-Consistent Selector,3,0,3,True,60.36090311629741,0.0017499640962042886,60.35882980186463,60.36311006704712,INDETERMINATE
3sat_60.cnf,local_reopen_guarded,+ Local Boundary Correction,3,0,3,True,60.35823280336508,0.011870405586487344,60.34859971702576,60.374955753585816,INDETERMINATE
3sat_60.cnf,old_compact,Old Compact,3,0,3,True,60.40255531655884,0.048309284520535796,60.342598282089234,60.46089835334778,INDETERMINATE
3sat_60.cnf,one_shot,One-shot,3,0,3,True,60.2861381120046,0.00991199500031335,60.27330970344544,60.29744572181702,INDETERMINATE
3sat_60.cnf,online_consistent_boundary400,Online-Consistent Selector,3,0,3,True,60.36320078296407,0.017325171870447575,60.33885847998047,60.37778680186462,INDETERMINATE
3sat_61.cnf,local_reopen_guarded,+ Local Boundary Correction,3,0,3,True,60.357692470031736,0.02334745183741201,60.33623171702576,60.39015375358581,INDETERMINATE
3sat_61.cnf,old_compact,Old Compact,3,0,3,True,60.40703564989216,0.04700933724738596,60.35393428208923,60.46822735334778,INDETERMINATE
3sat_61.cnf,one_shot,One-shot,3,0,3,True,60.28917144533793,0.004999467549672989,60.28290970344543,60.295145721817015,INDETERMINATE
3sat_61.cnf,online_consistent_boundary400,Online-Consistent Selector,3,0,3,True,60.35736011629741,0.027103161551665398,60.32060047998047,60.38514306704712,INDETERMINATE
3sat_62.cnf,local_reopen_guarded,+ Local Boundary Correction,3,0,3,True,60.35263813669841,0.01866628178921528,60.32652371702576,60.36903793948365,INDETERMINATE
3sat_62.cnf,old_compact,Old Compact,3,0,3,True,60.41108031655884,0.048609727937980254,60.34923628208923,60.46799935334778,INDETERMINATE
3sat_62.cnf,one_shot,One-shot,3,0,3,True,60.28640477867126,0.010568479290427873,60.27240970344543,60.297945721817015,INDETERMINATE
3sat_62.cnf,online_consistent_boundary400,Online-Consistent Selector,3,0,3,True,60.37097378296408,0.018801265565194646,60.35562647998047,60.39745106704712,INDETERMINATE
3sat_63.cnf,local_reopen_guarded,+ Local Boundary Correction,3,3,0,True,5.619469840744018,0.05812467757160973,5.537462540649414,5.665353988983155,SATISFIABLE
3sat_63.cnf,old_compact,Old Compact,3,3,0,True,5.3477575908864345,0.04944283765167454,5.283058909729004,5.403073249954224,SATISFIABLE
3sat_63.cnf,one_shot,One-shot,3,3,0,True,5.27007304918925,0.09372343015675978,5.138031983261109,5.3460930682373045,SATISFIABLE
3sat_63.cnf,online_consistent_boundary400,Online-Consistent Selector,3,3,0,True,5.52556246619161,0.12890027074496885,5.354962613571167,5.666492307220459,SATISFIABLE
3sat_64.cnf,local_reopen_guarded,+ Local Boundary Correction,3,0,3,True,60.38928684074401,0.05987971375933071,60.327988540649415,60.47053499259949,INDETERMINATE
3sat_64.cnf,old_compact,Old Compact,3,0,3,True,60.34453359088644,0.041835413579467844,60.31442124995423,60.40369461297608,INDETERMINATE
3sat_64.cnf,one_shot,One-shot,3,0,3,True,60.29299638252258,0.015032612782023705,60.27450198326111,60.31132306823731,INDETERMINATE
3sat_64.cnf,online_consistent_boundary400,Online-Consistent Selector,3,0,3,True,60.39033879952495,0.023144491766550614,60.36576430722046,60.42134961357117,INDETERMINATE
3sat_65.cnf,local_reopen_guarded,+ Local Boundary Correction,3,3,0,True,0.37169884074401854,0.05382476730487733,0.321959540649414,0.4464699925994873,SATISFIABLE
3sat_65.cnf,old_compact,Old Compact,3,3,0,True,0.3336392575531006,0.03206349079669617,0.3060089097290039,0.3785916129760742,SATISFIABLE
3sat_65.cnf,one_shot,One-shot,3,3,0,True,0.3204327158559163,0.012505132167350783,0.3112840960693359,0.3381140682373046,SATISFIABLE
3sat_65.cnf,online_consistent_boundary400,Online-Consistent Selector,3,3,0,True,0.37817079952494304,0.023569063948476,0.346235307220459,0.402405613571167,SATISFIABLE
3sat_66.cnf,local_reopen_guarded,+ Local Boundary Correction,3,0,3,True,60.382887174077354,0.055243030002339134,60.33572554064941,60.46040799259949,INDETERMINATE
3sat_66.cnf,old_compact,Old Compact,3,0,3,True,60.3584732575531,0.015725569802108607,60.34019090972901,60.37858061297608,INDETERMINATE
3sat_66.cnf,one_shot,One-shot,3,0,3,True,60.28759638252259,0.0222779672642389,60.25936409606933,60.313823068237305,INDETERMINATE
3sat_66.cnf,online_consistent_boundary400,Online-Consistent Selector,3,0,3,True,60.38293213285828,0.016831137831241506,60.35913130722046,60.39509961357117,INDETERMINATE
3sat_67.cnf,local_reopen_guarded,+ Local Boundary Correction,3,0,3,True,60.389301507410686,0.05525535339615304,60.34970254064942,60.46744199259949,INDETERMINATE
3sat_67.cnf,old_compact,Old Compact,3,0,3,True,60.36591892421976,0.026861017720104383,60.329556909729,60.39361961297608,INDETERMINATE
3sat_67.cnf,one_shot,One-shot,3,0,3,True,60.30402971585591,0.02072535119374673,60.28640198326111,60.333123068237306,INDETERMINATE
3sat_67.cnf,online_consistent_boundary400,Online-Consistent Selector,3,0,3,True,60.39560479952494,0.028955139660500933,60.35776930722046,60.42808561357116,INDETERMINATE
3sat_68.cnf,local_reopen_guarded,+ Local Boundary Correction,3,0,3,True,60.389623840744015,0.05645321317954632,60.34254854064942,60.46900399259949,INDETERMINATE
3sat_68.cnf,old_compact,Old Compact,3,0,3,True,60.3562372575531,0.026330799989971017,60.329334909729006,60.39198561297608,INDETERMINATE
3sat_68.cnf,one_shot,One-shot,3,0,3,True,60.29476304918925,0.020905780059669147,60.27950198326111,60.324323068237305,INDETERMINATE
3sat_68.cnf,online_consistent_boundary400,Online-Consistent Selector,3,0,3,True,60.3934164661916,0.022994103034058976,60.365915307220455,60.42219561357116,INDETERMINATE
3sat_69.cnf,local_reopen_guarded,+ Local Boundary Correction,3,0,3,True,60.39742117407735,0.06963393939503526,60.34381098898315,60.49576499259949,INDETERMINATE
3sat_69.cnf,old_compact,Old Compact,3,0,3,True,60.3582122575531,0.03427771992444884,60.322047909729,60.40425061297607,INDETERMINATE
3sat_69.cnf,one_shot,One-shot,3,0,3,True,60.29229638252258,0.016800126599249558,60.27256409606934,60.313623068237305,INDETERMINATE
3sat_69.cnf,online_consistent_boundary400,Online-Consistent Selector,3,0,3,True,60.382889799524946,0.02195837763825139,60.36146430722046,60.41306961357117,INDETERMINATE
3sat_7.cnf,local_reopen_guarded,+ Local Boundary Correction,3,0,3,True,60.38620917407735,0.06071705133389743,60.32507754064941,60.46899599259949,INDETERMINATE
3sat_7.cnf,old_compact,Old Compact,3,0,3,True,60.33220192421977,0.02628507686708607,60.302351909729005,60.36631261297608,INDETERMINATE
3sat_7.cnf,one_shot,One-shot,3,0,3,True,60.29936304918925,0.01040590999944663,60.28796409606934,60.3131230682373,INDETERMINATE
3sat_7.cnf,online_consistent_boundary400,Online-Consistent Selector,3,0,3,True,60.37735113285827,0.018127835106416964,60.3603694777832,60.402474613571165,INDETERMINATE
3sat_70.cnf,local_reopen_guarded,+ Local Boundary Correction,3,3,0,True,0.4599461740773519,0.06901076316267453,0.397250540649414,0.5560679925994874,SATISFIABLE
3sat_70.cnf,old_compact,Old Compact,3,3,0,True,0.4236115908864339,0.027415332071394256,0.4041452499542236,0.4623826129760742,SATISFIABLE
3sat_70.cnf,one_shot,One-shot,3,3,0,True,0.3566977158559163,0.017945447878963676,0.3389010960693359,0.3812650682373046,SATISFIABLE
3sat_70.cnf,online_consistent_boundary400,Online-Consistent Selector,3,3,0,True,0.45802913285827634,0.03041974119510446,0.417399307220459,0.490589613571167,SATISFIABLE
3sat_71.cnf,local_reopen_guarded,+ Local Boundary Correction,3,0,3,True,60.38862050741068,0.04880683702415268,60.33948854064941,60.45517099259949,INDETERMINATE
3sat_71.cnf,old_compact,Old Compact,3,0,3,True,60.346329924219766,0.01844586066144286,60.32889390972901,60.37185161297607,INDETERMINATE
3sat_71.cnf,one_shot,One-shot,3,0,3,True,60.29292971585591,0.0015009064764423484,60.29126409606933,60.29490198326111,INDETERMINATE
3sat_71.cnf,online_consistent_boundary400,Online-Consistent Selector,3,0,3,True,60.39459813285828,0.02031337975174304,60.36736330722047,60.41613061357117,INDETERMINATE
3sat_72.cnf,local_reopen_guarded,+ Local Boundary Correction,3,0,3,True,60.35938661184184,0.030716148614155395,60.31665652389526,60.38752124713135,INDETERMINATE
3sat_72.cnf,old_compact,Old Compact,3,0,3,True,60.37204283447266,0.012989950636011502,60.35404430999756,60.384227699295046,INDETERMINATE
3sat_72.cnf,one_shot,One-shot,3,0,3,True,60.326576619084676,0.053617788061107445,60.27693458595276,60.4010368560791,INDETERMINATE
3sat_72.cnf,online_consistent_boundary400,Online-Consistent Selector,3,0,3,True,60.38576863835144,0.05154001371402935,60.34234940596008,60.4581797063446,INDETERMINATE
3sat_73.cnf,local_reopen_guarded,+ Local Boundary Correction,3,0,3,True,60.3612952785085,0.02917052181968907,60.32141752389526,60.3903830644989,INDETERMINATE
3sat_73.cnf,old_compact,Old Compact,3,0,3,True,60.36846716780599,0.021771901002081297,60.34004230999756,60.39292869929504,INDETERMINATE
3sat_73.cnf,one_shot,One-shot,3,0,3,True,60.32357661908468,0.05510049406903926,60.27403458595276,60.400436856079104,INDETERMINATE
3sat_73.cnf,online_consistent_boundary400,Online-Consistent Selector,3,0,3,True,60.3996633050181,0.05102159397554583,60.36325240596008,60.47181770634461,INDETERMINATE
3sat_74.cnf,local_reopen_guarded,+ Local Boundary Correction,3,0,3,True,60.364359945175174,0.02581502033738605,60.32979052389526,60.39181024713135,INDETERMINATE
3sat_74.cnf,old_compact,Old Compact,3,0,3,True,60.36977350113932,0.019572377125244324,60.348545309997554,60.39577069929504,INDETERMINATE
3sat_74.cnf,one_shot,One-shot,3,0,3,True,60.32694328575135,0.03808438909217525,60.29303458595276,60.38013685607911,INDETERMINATE
3sat_74.cnf,online_consistent_boundary400,Online-Consistent Selector,3,0,3,True,60.39912097168477,0.04739478726109657,60.35258840596008,60.4641657063446,INDETERMINATE
3sat_75.cnf,local_reopen_guarded,+ Local Boundary Correction,3,0,3,True,60.350375945175166,0.023650265283665504,60.3325850644989,60.38379924713134,INDETERMINATE
3sat_75.cnf,old_compact,Old Compact,3,0,3,True,60.366926501139325,0.017023918978060857,60.34672530999755,60.38836969929505,INDETERMINATE
3sat_75.cnf,one_shot,One-shot,3,0,3,True,60.32484328575134,0.03629866693890011,60.29423458595276,60.375836856079104,INDETERMINATE
3sat_75.cnf,online_consistent_boundary400,Online-Consistent Selector,3,0,3,True,60.39734263835144,0.054376314617211666,60.33595940596008,60.468149706344605,INDETERMINATE
3sat_76.cnf,local_reopen_guarded,+ Local Boundary Correction,3,0,3,True,60.37007927850851,0.016685116184508676,60.34730752389527,60.386820064498906,INDETERMINATE
3sat_76.cnf,old_compact,Old Compact,3,0,3,True,60.38017316780599,0.025390108738667545,60.35278630999756,60.41397769929504,INDETERMINATE
3sat_76.cnf,one_shot,One-shot,3,0,3,True,60.333243285751344,0.050856109862764946,60.29363458595276,60.4050368560791,INDETERMINATE
3sat_76.cnf,online_consistent_boundary400,Online-Consistent Selector,3,0,3,True,60.403222638351444,0.05945363580320347,60.34822340596008,60.4857987063446,INDETERMINATE
3sat_77.cnf,local_reopen_guarded,+ Local Boundary Correction,3,0,3,True,60.35644894517517,0.03131884791749596,60.316520523895264,60.39301424713135,INDETERMINATE
3sat_77.cnf,old_compact,Old Compact,3,0,3,True,60.37566983447266,0.02357038531932207,60.34809130999756,60.40567369929504,INDETERMINATE
3sat_77.cnf,one_shot,One-shot,3,0,3,True,60.32204328575134,0.04110777861445096,60.28953458595276,60.3800368560791,INDETERMINATE
3sat_77.cnf,online_consistent_boundary400,Online-Consistent Selector,3,0,3,True,60.38804763835143,0.03830950893321367,60.35817640596008,60.4421267063446,INDETERMINATE
3sat_78.cnf,local_reopen_guarded,+ Local Boundary Correction,3,0,3,True,60.36084294517517,0.025551510139982293,60.32471752389527,60.3796370644989,INDETERMINATE
3sat_78.cnf,old_compact,Old Compact,3,0,3,True,60.373249167805994,0.014630159666003282,60.36028930999756,60.39369669929505,INDETERMINATE
3sat_78.cnf,one_shot,One-shot,3,0,3,True,60.320576619084676,0.035725475090995336,60.293158415222166,60.3710368560791,INDETERMINATE
3sat_78.cnf,online_consistent_boundary400,Online-Consistent Selector,3,0,3,True,60.391132971684776,0.05638300906022948,60.33325640596008,60.46757170634461,INDETERMINATE
3sat_79.cnf,local_reopen_guarded,+ Local Boundary Correction,3,0,3,True,60.37148427850851,0.0236679241778604,60.33803752389526,60.389322064498906,INDETERMINATE
3sat_79.cnf,old_compact,Old Compact,3,0,3,True,60.36455916780599,0.012817951145673745,60.34836030999756,60.37970469929504,INDETERMINATE
3sat_79.cnf,one_shot,One-shot,3,0,3,True,60.325609952418006,0.05286789465752712,60.27753458595276,60.3992368560791,INDETERMINATE
3sat_79.cnf,online_consistent_boundary400,Online-Consistent Selector,3,0,3,True,60.40022263835144,0.044699395831176686,60.353235405960085,60.4603387063446,INDETERMINATE
3sat_8.cnf,local_reopen_guarded,+ Local Boundary Correction,3,0,3,True,60.35369694517518,0.02677117100585323,60.31769652389527,60.381847064498906,INDETERMINATE
3sat_8.cnf,old_compact,Old Compact,3,0,3,True,60.37651716780599,0.02186470637589845,60.34697630999756,60.39919969929504,INDETERMINATE
3sat_8.cnf,one_shot,One-shot,3,0,3,True,60.33117661908468,0.045255348345144164,60.292258415222165,60.3946368560791,INDETERMINATE
3sat_8.cnf,online_consistent_boundary400,Online-Consistent Selector,3,0,3,True,60.38611330501811,0.05414646371327354,60.33391340596008,60.4607327063446,INDETERMINATE
3sat_80.cnf,local_reopen_guarded,+ Local Boundary Correction,3,0,3,True,60.359793278508505,0.027651481672326415,60.32072952389526,60.380882064498905,INDETERMINATE
3sat_80.cnf,old_compact,Old Compact,3,0,3,True,60.37356283447266,0.024049168941919337,60.34184930999756,60.40006069929505,INDETERMINATE
3sat_80.cnf,one_shot,One-shot,3,0,3,True,60.315109952418005,0.05006741329737463,60.26513458595276,60.383536856079104,INDETERMINATE
3sat_80.cnf,online_consistent_boundary400,Online-Consistent Selector,3,0,3,True,60.387557638351446,0.06371978254026554,60.338764405960085,60.47756470634461,INDETERMINATE
3sat_81.cnf,local_reopen_guarded,+ Local Boundary Correction,3,0,3,True,60.3594474421285,0.01547216224053757,60.339464347305295,60.37715835787964,INDETERMINATE
3sat_81.cnf,old_compact,Old Compact,3,0,3,True,60.374977034281414,0.021935885529635536,60.35639868061829,60.405781512466426,INDETERMINATE
3sat_81.cnf,one_shot,One-shot,3,0,3,True,60.279163913345336,0.015750890099024216,60.25953027305603,60.29809259033203,INDETERMINATE
3sat_81.cnf,online_consistent_boundary400,Online-Consistent Selector,3,0,3,True,60.41927710453796,0.04511572778118493,60.37479724067688,60.48113142303467,INDETERMINATE
3sat_82.cnf,local_reopen_guarded,+ Local Boundary Correction,3,3,0,True,25.8242394421285,0.10454636753078358,25.6995183473053,25.95536335787964,SATISFIABLE
3sat_82.cnf,old_compact,Old Compact,3,3,0,True,44.13978103428141,0.19033493936574056,43.92952951246643,44.39046368061829,SATISFIABLE
3sat_82.cnf,one_shot,One-shot,3,3,0,True,25.72486391334534,0.5915334583977642,24.89759259033203,26.246130273056032,SATISFIABLE
3sat_82.cnf,online_consistent_boundary400,Online-Consistent Selector,3,3,0,True,25.675584437871297,0.19265507273947866,25.50584624067688,25.94502242303467,SATISFIABLE
3sat_83.cnf,local_reopen_guarded,+ Local Boundary Correction,3,0,3,True,60.369529775461835,0.015166492934007207,60.3539023473053,60.39006635787964,INDETERMINATE
3sat_83.cnf,old_compact,Old Compact,3,0,3,True,60.37841103428141,0.028783828906771725,60.34817390975952,60.41713151246643,INDETERMINATE
3sat_83.cnf,one_shot,One-shot,3,0,3,True,60.29213058001201,0.010713814844948794,60.28076887664795,60.306492590332034,INDETERMINATE
3sat_83.cnf,online_consistent_boundary400,Online-Consistent Selector,3,0,3,True,60.41749810453796,0.026704249683993674,60.39684464990234,60.455206423034674,INDETERMINATE
3sat_84.cnf,local_reopen_guarded,+ Local Boundary Correction,3,0,3,True,60.363003775461834,0.018828726561365,60.33752034730529,60.382433357879634,INDETERMINATE
3sat_84.cnf,old_compact,Old Compact,3,0,3,True,60.37387270094808,0.015804482373536623,60.35399290975952,60.39265951246643,INDETERMINATE
3sat_84.cnf,one_shot,One-shot,3,0,3,True,60.283863913345336,0.016852675726265497,60.26006887664795,60.29693027305603,INDETERMINATE
3sat_84.cnf,online_consistent_boundary400,Online-Consistent Selector,3,0,3,True,60.41319343787129,0.03909549025431843,60.38521024067688,60.46848142303467,INDETERMINATE
3sat_85.cnf,local_reopen_guarded,+ Local Boundary Correction,3,3,0,True,1.1849791087951662,0.01354152636793381,1.169211347305298,1.2022753578796386,SATISFIABLE
3sat_85.cnf,old_compact,Old Compact,3,3,0,True,1.2017660342814127,0.015438518427117994,1.187665680618286,1.2232525124664306,SATISFIABLE
3sat_85.cnf,one_shot,One-shot,3,0,3,True,60.29806391334534,0.01746485381039161,60.27606887664795,60.31879259033203,INDETERMINATE
3sat_85.cnf,online_consistent_boundary400,Online-Consistent Selector,3,3,0,True,1.2268784378712974,0.020879396280274007,1.20138324067688,1.252526423034668,SATISFIABLE
3sat_86.cnf,local_reopen_guarded,+ Local Boundary Correction,3,3,0,True,4.156111108795166,0.057565003603668514,4.101090621200561,4.235584357879639,SATISFIABLE
3sat_86.cnf,old_compact,Old Compact,3,3,0,True,3.6322400342814127,0.012186213107165889,3.621985512466431,3.649362680618286,SATISFIABLE
3sat_86.cnf,one_shot,One-shot,3,3,0,True,3.5186939133453365,0.053927264399547946,3.4477188766479494,3.57835027305603,SATISFIABLE
3sat_86.cnf,online_consistent_boundary400,Online-Consistent Selector,3,3,0,True,4.224536437871297,0.08420666258405779,4.11486824067688,4.319567649902344,SATISFIABLE
3sat_87.cnf,local_reopen_guarded,+ Local Boundary Correction,3,0,3,True,60.3664024421285,0.027266156107437333,60.331384347305296,60.39789235787964,INDETERMINATE
3sat_87.cnf,old_compact,Old Compact,3,0,3,True,60.37733236761475,0.01566871230887687,60.36219468061829,60.39891551246643,INDETERMINATE
3sat_87.cnf,one_shot,One-shot,3,0,3,True,60.29619724667867,0.018302050092611127,60.27916887664795,60.32159259033203,INDETERMINATE
3sat_87.cnf,online_consistent_boundary400,Online-Consistent Selector,3,0,3,True,60.40799343787129,0.033417786180199485,60.37095424067688,60.45193342303467,INDETERMINATE
3sat_88.cnf,local_reopen_guarded,+ Local Boundary Correction,3,3,0,True,0.6265794421284993,0.02211625114248071,0.5959393473052979,0.6473383578796387,SATISFIABLE
3sat_88.cnf,old_compact,Old Compact,3,3,0,True,0.6428777009480794,0.013216188301344944,0.6301156806182862,0.6610845124664306,SATISFIABLE
3sat_88.cnf,one_shot,One-shot,3,3,0,True,0.5570845800120036,0.019128277144207957,0.5338598766479492,0.5807092730560303,SATISFIABLE
3sat_88.cnf,online_consistent_boundary400,Online-Consistent Selector,3,3,0,True,0.6750524378712973,0.043108702265152454,0.6305662406768799,0.733396423034668,SATISFIABLE
3sat_89.cnf,local_reopen_guarded,+ Local Boundary Correction,3,3,0,True,0.564585108795166,0.016765506457715105,0.5422583473052979,0.5826593578796386,SATISFIABLE
3sat_89.cnf,old_compact,Old Compact,3,3,0,True,0.5842670342814127,0.02072285589763319,0.5627469097595215,0.6122555124664306,SATISFIABLE
3sat_89.cnf,one_shot,One-shot,3,0,3,True,60.280463913345336,0.018879965314662083,60.255468876647946,60.30109259033203,INDETERMINATE
3sat_89.cnf,online_consistent_boundary400,Online-Consistent Selector,3,3,0,True,0.6107624378712972,0.0355729353698791,0.5853722406768799,0.661069423034668,SATISFIABLE
3sat_9.cnf,local_reopen_guarded,+ Local Boundary Correction,3,0,3,True,60.374345442128494,0.011437535980407965,60.3599023473053,60.38787362120056,INDETERMINATE
3sat_9.cnf,old_compact,Old Compact,3,0,3,True,60.38613703428141,0.026516781084575308,60.36596468061829,60.42360051246644,INDETERMINATE
3sat_9.cnf,one_shot,One-shot,3,0,3,True,60.28583058001201,0.014785676594450457,60.26716887664795,60.303330273056034,INDETERMINATE
3sat_9.cnf,online_consistent_boundary400,Online-Consistent Selector,3,0,3,True,60.41172177120463,0.030157581380075203,60.38549524067688,60.45396142303467,INDETERMINATE
3sat_90.cnf,local_reopen_guarded,+ Local Boundary Correction,3,0,3,True,60.33837897110494,0.024324431341729184,60.30741206278992,60.36683566241455,INDETERMINATE
3sat_90.cnf,old_compact,Old Compact,3,0,3,True,60.38971212416586,0.0277054774877106,60.36109667121888,60.4271986580658,INDETERMINATE
3sat_90.cnf,one_shot,One-shot,3,0,3,True,60.29137376556397,0.022552746757464624,60.26616467208862,60.32089918060303,INDETERMINATE
3sat_90.cnf,online_consistent_boundary400,Online-Consistent Selector,3,0,3,True,60.39803322392273,0.012101318708828702,60.38105985865784,60.408415038589474,INDETERMINATE
3sat_91.cnf,local_reopen_guarded,+ Local Boundary Correction,3,3,0,True,0.36515463777160645,0.017375227115981415,0.346201062789917,0.3881746624145508,SATISFIABLE
3sat_91.cnf,old_compact,Old Compact,3,3,0,True,0.6487047908325195,0.02157961057800346,0.6315470432128907,0.6791406580657959,SATISFIABLE
3sat_91.cnf,one_shot,One-shot,3,3,0,True,0.5476434322306315,0.01293175480603574,0.5355014440002441,0.5655581806030273,SATISFIABLE
3sat_91.cnf,online_consistent_boundary400,Online-Consistent Selector,3,3,0,True,0.4142482239227295,0.018484349330569153,0.400346774520874,0.4403710385894775,SATISFIABLE
3sat_92.cnf,local_reopen_guarded,+ Local Boundary Correction,3,3,0,True,3.8977623044382734,0.10642202670519985,3.782745662414551,4.039335188110352,SATISFIABLE
3sat_92.cnf,old_compact,Old Compact,3,3,0,True,9.111416457499187,0.02331013053429987,9.080668658065797,9.137084671218872,SATISFIABLE
3sat_92.cnf,one_shot,One-shot,3,3,0,True,9.0860070988973,0.045626636900972746,9.043479180603027,9.149297444000243,SATISFIABLE
3sat_92.cnf,online_consistent_boundary400,Online-Consistent Selector,3,3,0,True,3.94407622392273,0.10918313968175718,3.791049858657837,4.038439774520874,SATISFIABLE
3sat_93.cnf,local_reopen_guarded,+ Local Boundary Correction,3,3,0,True,23.38553063777161,0.03797674401332654,23.335330662414552,23.42716306278992,SATISFIABLE
3sat_93.cnf,old_compact,Old Compact,3,3,0,True,25.88342079083252,0.4450208661065436,25.43395204321289,26.48966367121887,SATISFIABLE
3sat_93.cnf,one_shot,One-shot,3,3,0,True,22.920073765563966,0.6152446951609168,22.051664672088624,23.401057444000244,SATISFIABLE
3sat_93.cnf,online_consistent_boundary400,Online-Consistent Selector,3,3,0,True,23.344260557256064,0.22782263191052557,23.08934285865784,23.642357774520875,SATISFIABLE
3sat_94.cnf,local_reopen_guarded,+ Local Boundary Correction,3,3,0,True,2.117638637771606,0.028542958701805343,2.080365662414551,2.1496950627899167,SATISFIABLE
3sat_94.cnf,old_compact,Old Compact,3,3,0,True,2.125403457499186,0.0361376216518595,2.086371043212891,2.173489658065796,SATISFIABLE
3sat_94.cnf,one_shot,One-shot,3,3,0,True,2.0376670988972982,0.031154188762302793,1.9965791806030275,2.071984672088623,SATISFIABLE
3sat_94.cnf,online_consistent_boundary400,Online-Consistent Selector,3,3,0,True,2.1131295572560624,0.04527489346324857,2.050720858657837,2.156727038589477,SATISFIABLE
3sat_95.cnf,local_reopen_guarded,+ Local Boundary Correction,3,0,3,True,60.33921397110495,0.024427352704442018,60.30755118811035,60.36700966241455,INDETERMINATE
3sat_95.cnf,old_compact,Old Compact,3,0,3,True,60.39425079083251,0.029403266020059958,60.36144604321289,60.43278265806579,INDETERMINATE
3sat_95.cnf,one_shot,One-shot,3,0,3,True,60.290607098897304,0.016207577211275945,60.27816467208862,60.313499180603024,INDETERMINATE
3sat_95.cnf,online_consistent_boundary400,Online-Consistent Selector,3,0,3,True,60.368251557256066,0.01895191208956775,60.34823785865784,60.39369703858948,INDETERMINATE
3sat_96.cnf,local_reopen_guarded,+ Local Boundary Correction,3,3,0,True,0.43342663777160645,0.016963625774284813,0.419013062789917,0.4572416624145508,SATISFIABLE
3sat_96.cnf,old_compact,Old Compact,3,3,0,True,0.4835864574991862,0.024385104002891258,0.4634460432128906,0.517899658065796,SATISFIABLE
3sat_96.cnf,one_shot,One-shot,3,3,0,True,0.5279067655639649,0.018048587426103765,0.508688672088623,0.5520631806030274,SATISFIABLE
3sat_96.cnf,online_consistent_boundary400,Online-Consistent Selector,3,3,0,True,0.4570078905893961,0.02284668332704709,0.4328778586578369,0.4876810385894775,SATISFIABLE
3sat_97.cnf,local_reopen_guarded,+ Local Boundary Correction,3,3,0,True,14.686119304438273,0.1566840506629607,14.515728062789918,14.893993188110352,SATISFIABLE
3sat_97.cnf,old_compact,Old Compact,3,3,0,True,14.767674457499185,0.07928587353872546,14.706527658065797,14.87964304321289,SATISFIABLE
3sat_97.cnf,one_shot,One-shot,3,0,3,True,60.28084043223063,0.008619797706671841,60.27326467208862,60.29289918060303,INDETERMINATE
3sat_97.cnf,online_consistent_boundary400,Online-Consistent Selector,3,3,0,True,14.692229223922729,0.05930389340188987,14.629916038589478,14.771998858657836,SATISFIABLE
3sat_98.cnf,local_reopen_guarded,+ Local Boundary Correction,3,0,3,True,60.337084971104936,0.026861132187110965,60.31674318811035,60.37503966241455,INDETERMINATE
3sat_98.cnf,old_compact,Old Compact,3,0,3,True,60.40042079083253,0.024603899037864817,60.37627467121887,60.4341906580658,INDETERMINATE
3sat_98.cnf,one_shot,One-shot,3,0,3,True,60.29837376556397,0.023939247968066815,60.269264672088624,60.32789918060303,INDETERMINATE
3sat_98.cnf,online_consistent_boundary400,Online-Consistent Selector,3,0,3,True,60.38671322392273,0.018206996070459,60.36097185865784,60.40011177452087,INDETERMINATE
3sat_99.cnf,local_reopen_guarded,+ Local Boundary Correction,3,0,3,True,60.34044997110494,0.016595419823885193,60.32506618811036,60.36349166241455,INDETERMINATE
3sat_99.cnf,old_compact,Old Compact,3,0,3,True,60.40549045749919,0.020688059322645204,60.38360267121888,60.4332476580658,INDETERMINATE
3sat_99.cnf,one_shot,One-shot,3,0,3,True,60.289507098897296,0.024537595008571538,60.27146467208863,60.324199180603024,INDETERMINATE
3sat_99.cnf,online_consistent_boundary400,Online-Consistent Selector,3,0,3,True,60.3899208905894,0.008257774548619451,60.38047085865784,60.40058803858948,INDETERMINATE
